r_id,hour,gen,resource
26,1,11.235,biomass
13,1,15.682,biomass
108,1,137.081,biomass
40,1,5.952,biomass
97,1,178.173,biomass
1,1,16.294,biomass
66,1,228.795,biomass
2,1,893.3950872,conventional_hydroelectric
14,1,100.71349640000001,conventional_hydroelectric
27,1,862.0361028000001,conventional_hydroelectric
35,1,1511.8069647999998,conventional_hydroelectric
54,1,1095.6325941,conventional_hydroelectric
67,1,2230.267028864355,conventional_hydroelectric
84,1,17269.0901232,conventional_hydroelectric
109,1,202.2267710346,conventional_hydroelectric
128,1,69.87354,conventional_hydroelectric
139,1,88.3374528,conventional_hydroelectric
110,1,0.0,conventional_steam_coal
41,1,0.0,conventional_steam_coal
3,1,0.0,conventional_steam_coal
36,1,0.0,conventional_steam_coal
85,1,0.0,conventional_steam_coal
28,1,74.364,geothermal
116,1,0.0,natural_gas_fired_combined_cycle
73,1,0.0,natural_gas_fired_combined_cycle
71,1,0.0,natural_gas_fired_combined_cycle
44,1,0.0,natural_gas_fired_combined_cycle
115,1,0.0,natural_gas_fired_combined_cycle
70,1,0.0,natural_gas_fired_combined_cycle
131,1,0.0,natural_gas_fired_combined_cycle
18,1,0.0,natural_gas_fired_combined_cycle
72,1,0.0,natural_gas_fired_combined_cycle
114,1,0.0,natural_gas_fired_combined_cycle
45,1,0.0,natural_gas_fired_combined_cycle
78,1,0.0,natural_gas_fired_combustion_turbine
75,1,0.0,natural_gas_fired_combustion_turbine
119,1,0.0,natural_gas_fired_combustion_turbine
117,1,0.0,natural_gas_fired_combustion_turbine
134,1,0.0,natural_gas_fired_combustion_turbine
103,1,0.0,natural_gas_fired_combustion_turbine
47,1,0.0,natural_gas_fired_combustion_turbine
8,1,0.0,natural_gas_fired_combustion_turbine
90,1,0.0,natural_gas_fired_combustion_turbine
60,1,0.0,natural_gas_fired_combustion_turbine
46,1,0.0,natural_gas_fired_combustion_turbine
37,1,0.0,natural_gas_fired_combustion_turbine
7,1,0.0,natural_gas_fired_combustion_turbine
133,1,0.0,natural_gas_fired_combustion_turbine
74,1,0.0,natural_gas_fired_combustion_turbine
20,1,0.0,natural_gas_fired_combustion_turbine
135,1,0.0,natural_gas_fired_combustion_turbine
142,1,0.0,natural_gas_fired_combustion_turbine
121,1,0.0,natural_gas_fired_combustion_turbine
91,1,0.0,natural_gas_fired_combustion_turbine
22,1,0.0,natural_gas_steam_turbine
123,1,0.0,natural_gas_steam_turbine
62,1,0.0,natural_gas_steam_turbine
49,1,0.0,natural_gas_steam_turbine
48,1,0.0,natural_gas_steam_turbine
21,1,0.0,natural_gas_steam_turbine
79,1,7405.998999999985,nuclear
10,1,216.132,onshore_wind_turbine
23,1,8007.0298,onshore_wind_turbine
31,1,1468.82617,onshore_wind_turbine
38,1,328.90095,onshore_wind_turbine
50,1,1947.6974999999998,onshore_wind_turbine
63,1,85.58983991599999,onshore_wind_turbine
80,1,3227.52836,onshore_wind_turbine
94,1,437.6582,onshore_wind_turbine
105,1,2340.284659482,onshore_wind_turbine
124,1,22337.7932956024,onshore_wind_turbine
136,1,1367.1336000000001,onshore_wind_turbine
144,1,5110.67277,onshore_wind_turbine
11,1,19.125,small_hydroelectric
24,1,62.577,small_hydroelectric
32,1,192.0,small_hydroelectric
39,1,52.9,small_hydroelectric
51,1,25.641,small_hydroelectric
64,1,6.128,small_hydroelectric
81,1,241.672,small_hydroelectric
95,1,418.922,small_hydroelectric
106,1,31.614,small_hydroelectric
125,1,100.697,small_hydroelectric
137,1,36.822,small_hydroelectric
145,1,33.21,small_hydroelectric
12,1,0.0,solar_photovoltaic
25,1,0.0,solar_photovoltaic
33,1,0.0,solar_photovoltaic
52,1,0.0,solar_photovoltaic
65,1,0.0,solar_photovoltaic
82,1,0.0,solar_photovoltaic
96,1,0.0,solar_photovoltaic
107,1,0.0,solar_photovoltaic
126,1,0.0,solar_photovoltaic
138,1,0.0,solar_photovoltaic
26,2,11.235,biomass
13,2,15.682,biomass
108,2,137.081,biomass
40,2,5.952,biomass
97,2,178.173,biomass
1,2,16.294,biomass
66,2,228.795,biomass
2,2,893.3950872,conventional_hydroelectric
14,2,100.71349640000001,conventional_hydroelectric
27,2,862.0361028000001,conventional_hydroelectric
35,2,1511.8069647999998,conventional_hydroelectric
54,2,1009.3623111000007,conventional_hydroelectric
67,2,2230.267028864355,conventional_hydroelectric
84,2,17269.0901232,conventional_hydroelectric
109,2,202.2267710346,conventional_hydroelectric
128,2,69.87354,conventional_hydroelectric
139,2,88.3374528,conventional_hydroelectric
110,2,0.0,conventional_steam_coal
41,2,0.0,conventional_steam_coal
3,2,0.0,conventional_steam_coal
36,2,0.0,conventional_steam_coal
85,2,0.0,conventional_steam_coal
28,2,74.364,geothermal
116,2,0.0,natural_gas_fired_combined_cycle
73,2,0.0,natural_gas_fired_combined_cycle
71,2,0.0,natural_gas_fired_combined_cycle
44,2,0.0,natural_gas_fired_combined_cycle
115,2,0.0,natural_gas_fired_combined_cycle
70,2,0.0,natural_gas_fired_combined_cycle
131,2,0.0,natural_gas_fired_combined_cycle
18,2,0.0,natural_gas_fired_combined_cycle
72,2,0.0,natural_gas_fired_combined_cycle
114,2,0.0,natural_gas_fired_combined_cycle
45,2,0.0,natural_gas_fired_combined_cycle
78,2,0.0,natural_gas_fired_combustion_turbine
75,2,0.0,natural_gas_fired_combustion_turbine
119,2,0.0,natural_gas_fired_combustion_turbine
117,2,0.0,natural_gas_fired_combustion_turbine
134,2,0.0,natural_gas_fired_combustion_turbine
103,2,0.0,natural_gas_fired_combustion_turbine
47,2,0.0,natural_gas_fired_combustion_turbine
8,2,0.0,natural_gas_fired_combustion_turbine
90,2,0.0,natural_gas_fired_combustion_turbine
60,2,0.0,natural_gas_fired_combustion_turbine
46,2,0.0,natural_gas_fired_combustion_turbine
37,2,0.0,natural_gas_fired_combustion_turbine
7,2,0.0,natural_gas_fired_combustion_turbine
133,2,0.0,natural_gas_fired_combustion_turbine
74,2,0.0,natural_gas_fired_combustion_turbine
20,2,0.0,natural_gas_fired_combustion_turbine
135,2,0.0,natural_gas_fired_combustion_turbine
142,2,0.0,natural_gas_fired_combustion_turbine
121,2,0.0,natural_gas_fired_combustion_turbine
91,2,0.0,natural_gas_fired_combustion_turbine
22,2,0.0,natural_gas_steam_turbine
123,2,0.0,natural_gas_steam_turbine
62,2,0.0,natural_gas_steam_turbine
49,2,0.0,natural_gas_steam_turbine
48,2,0.0,natural_gas_steam_turbine
21,2,0.0,natural_gas_steam_turbine
79,2,5554.499250000021,nuclear
10,2,168.94318,onshore_wind_turbine
23,2,7992.1226,onshore_wind_turbine
31,2,1337.02366,onshore_wind_turbine
38,2,650.4172500000001,onshore_wind_turbine
50,2,1569.6748199999997,onshore_wind_turbine
63,2,57.3162798152,onshore_wind_turbine
80,2,2655.9965599999996,onshore_wind_turbine
94,2,422.947,onshore_wind_turbine
105,2,2485.580020581,onshore_wind_turbine
124,2,18887.477686800805,onshore_wind_turbine
136,2,1879.8087,onshore_wind_turbine
144,2,3508.04538,onshore_wind_turbine
11,2,19.125,small_hydroelectric
24,2,62.577,small_hydroelectric
32,2,192.0,small_hydroelectric
39,2,52.9,small_hydroelectric
51,2,25.641,small_hydroelectric
64,2,6.128,small_hydroelectric
81,2,241.672,small_hydroelectric
95,2,418.922,small_hydroelectric
106,2,31.614,small_hydroelectric
125,2,100.697,small_hydroelectric
137,2,36.822,small_hydroelectric
145,2,33.21,small_hydroelectric
12,2,0.0,solar_photovoltaic
25,2,0.0,solar_photovoltaic
33,2,0.0,solar_photovoltaic
52,2,0.0,solar_photovoltaic
65,2,0.0,solar_photovoltaic
82,2,0.0,solar_photovoltaic
96,2,0.0,solar_photovoltaic
107,2,0.0,solar_photovoltaic
126,2,0.0,solar_photovoltaic
138,2,0.0,solar_photovoltaic
26,3,11.235,biomass
13,3,15.682,biomass
108,3,137.081,biomass
40,3,5.952,biomass
97,3,178.173,biomass
1,3,16.294,biomass
66,3,228.795,biomass
2,3,893.3950872,conventional_hydroelectric
14,3,100.71349640000001,conventional_hydroelectric
27,3,862.0361028000001,conventional_hydroelectric
35,3,1511.8069647999998,conventional_hydroelectric
54,3,923.0920280999989,conventional_hydroelectric
67,3,2230.267028864355,conventional_hydroelectric
84,3,17269.0901232,conventional_hydroelectric
109,3,202.2267710346,conventional_hydroelectric
128,3,69.87354,conventional_hydroelectric
139,3,88.3374528,conventional_hydroelectric
110,3,0.0,conventional_steam_coal
41,3,0.0,conventional_steam_coal
3,3,0.0,conventional_steam_coal
36,3,0.0,conventional_steam_coal
85,3,0.0,conventional_steam_coal
28,3,74.364,geothermal
116,3,0.0,natural_gas_fired_combined_cycle
73,3,0.0,natural_gas_fired_combined_cycle
71,3,0.0,natural_gas_fired_combined_cycle
44,3,0.0,natural_gas_fired_combined_cycle
115,3,0.0,natural_gas_fired_combined_cycle
70,3,0.0,natural_gas_fired_combined_cycle
131,3,0.0,natural_gas_fired_combined_cycle
18,3,0.0,natural_gas_fired_combined_cycle
72,3,0.0,natural_gas_fired_combined_cycle
114,3,0.0,natural_gas_fired_combined_cycle
45,3,0.0,natural_gas_fired_combined_cycle
78,3,0.0,natural_gas_fired_combustion_turbine
75,3,0.0,natural_gas_fired_combustion_turbine
119,3,0.0,natural_gas_fired_combustion_turbine
117,3,0.0,natural_gas_fired_combustion_turbine
134,3,0.0,natural_gas_fired_combustion_turbine
103,3,0.0,natural_gas_fired_combustion_turbine
47,3,0.0,natural_gas_fired_combustion_turbine
8,3,0.0,natural_gas_fired_combustion_turbine
90,3,0.0,natural_gas_fired_combustion_turbine
60,3,0.0,natural_gas_fired_combustion_turbine
46,3,0.0,natural_gas_fired_combustion_turbine
37,3,0.0,natural_gas_fired_combustion_turbine
7,3,0.0,natural_gas_fired_combustion_turbine
133,3,0.0,natural_gas_fired_combustion_turbine
74,3,0.0,natural_gas_fired_combustion_turbine
20,3,0.0,natural_gas_fired_combustion_turbine
135,3,0.0,natural_gas_fired_combustion_turbine
142,3,0.0,natural_gas_fired_combustion_turbine
121,3,0.0,natural_gas_fired_combustion_turbine
91,3,0.0,natural_gas_fired_combustion_turbine
22,3,0.0,natural_gas_steam_turbine
123,3,0.0,natural_gas_steam_turbine
62,3,0.0,natural_gas_steam_turbine
49,3,0.0,natural_gas_steam_turbine
48,3,0.0,natural_gas_steam_turbine
21,3,0.0,natural_gas_steam_turbine
79,3,3702.9995000000063,nuclear
10,3,176.32769000000002,onshore_wind_turbine
23,3,7736.8368,onshore_wind_turbine
31,3,1335.83625,onshore_wind_turbine
38,3,1319.58015,onshore_wind_turbine
50,3,968.7677999999999,onshore_wind_turbine
63,3,69.82836003359999,onshore_wind_turbine
80,3,4081.573439999999,onshore_wind_turbine
94,3,1158.507,onshore_wind_turbine
105,3,2413.5311202030002,onshore_wind_turbine
124,3,15917.9118101542,onshore_wind_turbine
136,3,2532.7948800000004,onshore_wind_turbine
144,3,2582.37126,onshore_wind_turbine
11,3,19.125,small_hydroelectric
24,3,62.577,small_hydroelectric
32,3,192.0,small_hydroelectric
39,3,52.9,small_hydroelectric
51,3,25.641,small_hydroelectric
64,3,6.128,small_hydroelectric
81,3,241.672,small_hydroelectric
95,3,418.922,small_hydroelectric
106,3,31.614,small_hydroelectric
125,3,100.697,small_hydroelectric
137,3,36.822,small_hydroelectric
145,3,33.21,small_hydroelectric
12,3,0.0,solar_photovoltaic
25,3,0.0,solar_photovoltaic
33,3,0.0,solar_photovoltaic
52,3,0.0,solar_photovoltaic
65,3,0.0,solar_photovoltaic
82,3,0.0,solar_photovoltaic
96,3,0.0,solar_photovoltaic
107,3,0.0,solar_photovoltaic
126,3,0.0,solar_photovoltaic
138,3,0.0,solar_photovoltaic
26,4,11.235,biomass
13,4,15.682,biomass
108,4,137.081,biomass
40,4,5.951999999999933,biomass
97,4,178.17299999999707,biomass
1,4,16.29399999999967,biomass
66,4,228.795,biomass
2,4,893.3950872,conventional_hydroelectric
14,4,100.71349640000001,conventional_hydroelectric
27,4,819.8444519999994,conventional_hydroelectric
35,4,1451.1148960000248,conventional_hydroelectric
54,4,836.8217450999969,conventional_hydroelectric
67,4,2230.267028864355,conventional_hydroelectric
84,4,15892.681246898057,conventional_hydroelectric
109,4,202.2267710346,conventional_hydroelectric
128,4,69.87354,conventional_hydroelectric
139,4,88.3374528,conventional_hydroelectric
110,4,21.5,conventional_steam_coal
41,4,0.0,conventional_steam_coal
3,4,0.0,conventional_steam_coal
36,4,0.0,conventional_steam_coal
85,4,0.0,conventional_steam_coal
28,4,74.364,geothermal
116,4,0.0,natural_gas_fired_combined_cycle
73,4,0.0,natural_gas_fired_combined_cycle
71,4,0.0,natural_gas_fired_combined_cycle
44,4,0.0,natural_gas_fired_combined_cycle
115,4,0.0,natural_gas_fired_combined_cycle
70,4,0.0,natural_gas_fired_combined_cycle
131,4,0.0,natural_gas_fired_combined_cycle
18,4,0.0,natural_gas_fired_combined_cycle
72,4,0.0,natural_gas_fired_combined_cycle
114,4,0.0,natural_gas_fired_combined_cycle
45,4,0.0,natural_gas_fired_combined_cycle
78,4,0.0,natural_gas_fired_combustion_turbine
75,4,0.0,natural_gas_fired_combustion_turbine
119,4,0.0,natural_gas_fired_combustion_turbine
117,4,0.0,natural_gas_fired_combustion_turbine
134,4,0.0,natural_gas_fired_combustion_turbine
103,4,0.0,natural_gas_fired_combustion_turbine
47,4,0.0,natural_gas_fired_combustion_turbine
8,4,0.0,natural_gas_fired_combustion_turbine
90,4,0.0,natural_gas_fired_combustion_turbine
60,4,0.0,natural_gas_fired_combustion_turbine
46,4,0.0,natural_gas_fired_combustion_turbine
37,4,0.0,natural_gas_fired_combustion_turbine
7,4,0.0,natural_gas_fired_combustion_turbine
133,4,0.0,natural_gas_fired_combustion_turbine
74,4,0.0,natural_gas_fired_combustion_turbine
20,4,0.0,natural_gas_fired_combustion_turbine
135,4,0.0,natural_gas_fired_combustion_turbine
142,4,0.0,natural_gas_fired_combustion_turbine
121,4,0.0,natural_gas_fired_combustion_turbine
91,4,0.0,natural_gas_fired_combustion_turbine
22,4,0.0,natural_gas_steam_turbine
123,4,0.0,natural_gas_steam_turbine
62,4,0.0,natural_gas_steam_turbine
49,4,0.0,natural_gas_steam_turbine
48,4,0.0,natural_gas_steam_turbine
21,4,0.0,natural_gas_steam_turbine
79,4,1851.499750000024,nuclear
10,4,451.17555000000004,onshore_wind_turbine
23,4,6631.8405999999995,onshore_wind_turbine
31,4,1452.20243,onshore_wind_turbine
38,4,1595.6524499999998,onshore_wind_turbine
50,4,849.53484,onshore_wind_turbine
63,4,113.12728036959999,onshore_wind_turbine
80,4,2795.3945599999997,onshore_wind_turbine
94,4,3479.1988,onshore_wind_turbine
105,4,2474.956959153,onshore_wind_turbine
124,4,16029.313166405002,onshore_wind_turbine
136,4,2887.1703,onshore_wind_turbine
144,4,2735.92935,onshore_wind_turbine
11,4,19.125,small_hydroelectric
24,4,62.577,small_hydroelectric
32,4,192.0,small_hydroelectric
39,4,52.9,small_hydroelectric
51,4,25.641,small_hydroelectric
64,4,6.128,small_hydroelectric
81,4,241.672,small_hydroelectric
95,4,418.922,small_hydroelectric
106,4,31.614,small_hydroelectric
125,4,100.697,small_hydroelectric
137,4,36.822,small_hydroelectric
145,4,33.21,small_hydroelectric
12,4,0.0,solar_photovoltaic
25,4,0.0,solar_photovoltaic
33,4,0.0,solar_photovoltaic
52,4,0.0,solar_photovoltaic
65,4,0.0,solar_photovoltaic
82,4,0.0,solar_photovoltaic
96,4,0.0,solar_photovoltaic
107,4,0.0,solar_photovoltaic
126,4,0.0,solar_photovoltaic
138,4,0.0,solar_photovoltaic
26,5,11.235,biomass
13,5,15.682,biomass
108,5,137.081,biomass
40,5,5.952,biomass
97,5,178.173,biomass
1,5,16.294,biomass
66,5,228.795,biomass
2,5,893.3950872,conventional_hydroelectric
14,5,100.71349640000001,conventional_hydroelectric
27,5,702.7238159999991,conventional_hydroelectric
35,5,1243.8127680000218,conventional_hydroelectric
54,5,750.5514620999948,conventional_hydroelectric
67,5,2230.267028864355,conventional_hydroelectric
84,5,13481.284072898052,conventional_hydroelectric
109,5,202.2267710346,conventional_hydroelectric
128,5,62.997000000000355,conventional_hydroelectric
139,5,88.3374528,conventional_hydroelectric
110,5,50.0,conventional_steam_coal
41,5,0.0,conventional_steam_coal
3,5,0.0,conventional_steam_coal
36,5,0.0,conventional_steam_coal
85,5,0.0,conventional_steam_coal
28,5,74.364,geothermal
116,5,0.0,natural_gas_fired_combined_cycle
73,5,0.0,natural_gas_fired_combined_cycle
71,5,0.0,natural_gas_fired_combined_cycle
44,5,0.0,natural_gas_fired_combined_cycle
115,5,0.0,natural_gas_fired_combined_cycle
70,5,0.0,natural_gas_fired_combined_cycle
131,5,0.0,natural_gas_fired_combined_cycle
18,5,0.0,natural_gas_fired_combined_cycle
72,5,0.0,natural_gas_fired_combined_cycle
114,5,0.0,natural_gas_fired_combined_cycle
45,5,0.0,natural_gas_fired_combined_cycle
78,5,0.0,natural_gas_fired_combustion_turbine
75,5,0.0,natural_gas_fired_combustion_turbine
119,5,0.0,natural_gas_fired_combustion_turbine
117,5,0.0,natural_gas_fired_combustion_turbine
134,5,0.0,natural_gas_fired_combustion_turbine
103,5,0.0,natural_gas_fired_combustion_turbine
47,5,0.0,natural_gas_fired_combustion_turbine
8,5,0.0,natural_gas_fired_combustion_turbine
90,5,0.0,natural_gas_fired_combustion_turbine
60,5,0.0,natural_gas_fired_combustion_turbine
46,5,0.0,natural_gas_fired_combustion_turbine
37,5,0.0,natural_gas_fired_combustion_turbine
7,5,0.0,natural_gas_fired_combustion_turbine
133,5,0.0,natural_gas_fired_combustion_turbine
74,5,0.0,natural_gas_fired_combustion_turbine
20,5,0.0,natural_gas_fired_combustion_turbine
135,5,0.0,natural_gas_fired_combustion_turbine
142,5,0.0,natural_gas_fired_combustion_turbine
121,5,0.0,natural_gas_fired_combustion_turbine
91,5,0.0,natural_gas_fired_combustion_turbine
22,5,0.0,natural_gas_steam_turbine
123,5,0.0,natural_gas_steam_turbine
62,5,0.0,natural_gas_steam_turbine
49,5,0.0,natural_gas_steam_turbine
48,5,0.0,natural_gas_steam_turbine
21,5,0.0,natural_gas_steam_turbine
79,5,3702.999500000019,nuclear
10,5,362.38132,onshore_wind_turbine
23,5,7358.566599999999,onshore_wind_turbine
31,5,1456.95207,onshore_wind_turbine
38,5,1570.0901999999999,onshore_wind_turbine
50,5,856.9869,onshore_wind_turbine
63,5,108.188080168,onshore_wind_turbine
80,5,3957.9738799999996,onshore_wind_turbine
94,5,2982.6958000000004,onshore_wind_turbine
105,5,2462.811818859,onshore_wind_turbine
124,5,11919.409321003803,onshore_wind_turbine
136,5,2853.8913900000007,onshore_wind_turbine
144,5,2686.18518,onshore_wind_turbine
11,5,19.125,small_hydroelectric
24,5,62.577,small_hydroelectric
32,5,192.0,small_hydroelectric
39,5,52.9,small_hydroelectric
51,5,25.641,small_hydroelectric
64,5,6.128,small_hydroelectric
81,5,241.672,small_hydroelectric
95,5,418.922,small_hydroelectric
106,5,31.614,small_hydroelectric
125,5,100.697,small_hydroelectric
137,5,36.822,small_hydroelectric
145,5,33.21,small_hydroelectric
12,5,0.0,solar_photovoltaic
25,5,0.0,solar_photovoltaic
33,5,0.0,solar_photovoltaic
52,5,0.0,solar_photovoltaic
65,5,0.0,solar_photovoltaic
82,5,0.0,solar_photovoltaic
96,5,0.0,solar_photovoltaic
107,5,0.0,solar_photovoltaic
126,5,0.0,solar_photovoltaic
138,5,0.0,solar_photovoltaic
26,6,11.235,biomass
13,6,15.682,biomass
108,6,137.081,biomass
40,6,5.952,biomass
97,6,178.173,biomass
1,6,16.294,biomass
66,6,228.795,biomass
2,6,664.1069231999982,conventional_hydroelectric
14,6,78.0870639999999,conventional_hydroelectric
27,6,585.6031799999989,conventional_hydroelectric
35,6,1036.5106400000184,conventional_hydroelectric
54,6,664.2811790999924,conventional_hydroelectric
67,6,1626.5244478643547,conventional_hydroelectric
84,6,11069.886898898047,conventional_hydroelectric
109,6,202.7916260838,conventional_hydroelectric
128,6,50.39760000000022,conventional_hydroelectric
139,6,69.00708480000003,conventional_hydroelectric
110,6,28.5,conventional_steam_coal
41,6,0.0,conventional_steam_coal
3,6,0.0,conventional_steam_coal
36,6,0.0,conventional_steam_coal
85,6,0.0,conventional_steam_coal
28,6,74.364,geothermal
116,6,0.0,natural_gas_fired_combined_cycle
73,6,0.0,natural_gas_fired_combined_cycle
71,6,0.0,natural_gas_fired_combined_cycle
44,6,0.0,natural_gas_fired_combined_cycle
115,6,0.0,natural_gas_fired_combined_cycle
70,6,0.0,natural_gas_fired_combined_cycle
131,6,0.0,natural_gas_fired_combined_cycle
18,6,0.0,natural_gas_fired_combined_cycle
72,6,0.0,natural_gas_fired_combined_cycle
114,6,0.0,natural_gas_fired_combined_cycle
45,6,0.0,natural_gas_fired_combined_cycle
78,6,0.0,natural_gas_fired_combustion_turbine
75,6,0.0,natural_gas_fired_combustion_turbine
119,6,0.0,natural_gas_fired_combustion_turbine
117,6,0.0,natural_gas_fired_combustion_turbine
134,6,0.0,natural_gas_fired_combustion_turbine
103,6,0.0,natural_gas_fired_combustion_turbine
47,6,0.0,natural_gas_fired_combustion_turbine
8,6,0.0,natural_gas_fired_combustion_turbine
90,6,0.0,natural_gas_fired_combustion_turbine
60,6,0.0,natural_gas_fired_combustion_turbine
46,6,0.0,natural_gas_fired_combustion_turbine
37,6,0.0,natural_gas_fired_combustion_turbine
7,6,0.0,natural_gas_fired_combustion_turbine
133,6,0.0,natural_gas_fired_combustion_turbine
74,6,0.0,natural_gas_fired_combustion_turbine
20,6,0.0,natural_gas_fired_combustion_turbine
135,6,0.0,natural_gas_fired_combustion_turbine
142,6,0.0,natural_gas_fired_combustion_turbine
121,6,0.0,natural_gas_fired_combustion_turbine
91,6,0.0,natural_gas_fired_combustion_turbine
22,6,0.0,natural_gas_steam_turbine
123,6,0.0,natural_gas_steam_turbine
62,6,0.0,natural_gas_steam_turbine
49,6,0.0,natural_gas_steam_turbine
48,6,0.0,natural_gas_steam_turbine
21,6,0.0,natural_gas_steam_turbine
79,6,1851.4997499999972,nuclear
10,6,361.30066000000005,onshore_wind_turbine
23,6,5446.7182,onshore_wind_turbine
31,6,2345.13475,onshore_wind_turbine
38,6,2183.01615,onshore_wind_turbine
50,6,954.5411399999999,onshore_wind_turbine
63,6,99.5458801568,onshore_wind_turbine
80,6,4830.60536,onshore_wind_turbine
94,6,1971.3008,onshore_wind_turbine
105,6,2343.375999069,onshore_wind_turbine
124,6,10172.172085444601,onshore_wind_turbine
136,6,3034.67682,onshore_wind_turbine
144,6,1944.3482099999997,onshore_wind_turbine
11,6,19.125,small_hydroelectric
24,6,62.577,small_hydroelectric
32,6,192.0,small_hydroelectric
39,6,52.9,small_hydroelectric
51,6,25.641,small_hydroelectric
64,6,6.128,small_hydroelectric
81,6,241.672,small_hydroelectric
95,6,418.922,small_hydroelectric
106,6,31.614,small_hydroelectric
125,6,100.697,small_hydroelectric
137,6,36.822,small_hydroelectric
145,6,33.21,small_hydroelectric
12,6,477.41148,solar_photovoltaic
25,6,1147.1362,solar_photovoltaic
33,6,0.0,solar_photovoltaic
52,6,1168.0942,solar_photovoltaic
65,6,415.47687921320005,solar_photovoltaic
82,6,0.0,solar_photovoltaic
96,6,0.0,solar_photovoltaic
107,6,0.0,solar_photovoltaic
126,6,0.0,solar_photovoltaic
138,6,694.0471999999999,solar_photovoltaic
26,7,0.0,biomass
13,7,0.0,biomass
108,7,0.0,biomass
40,7,0.0,biomass
97,7,0.0,biomass
1,7,0.0,biomass
66,7,0.0,biomass
2,7,434.81875919999635,conventional_hydroelectric
14,7,39.043531999999956,conventional_hydroelectric
27,7,468.4825439999987,conventional_hydroelectric
35,7,829.2085120000148,conventional_hydroelectric
54,7,578.0108960999898,conventional_hydroelectric
67,7,1022.7818668643547,conventional_hydroelectric
84,7,8658.489724898041,conventional_hydroelectric
109,7,86.90702608380006,conventional_hydroelectric
128,7,37.798200000000065,conventional_hydroelectric
139,7,49.67671680000011,conventional_hydroelectric
110,7,0.0,conventional_steam_coal
41,7,0.0,conventional_steam_coal
3,7,0.0,conventional_steam_coal
36,7,0.0,conventional_steam_coal
85,7,0.0,conventional_steam_coal
28,7,0.0,geothermal
116,7,0.0,natural_gas_fired_combined_cycle
73,7,0.0,natural_gas_fired_combined_cycle
71,7,0.0,natural_gas_fired_combined_cycle
44,7,0.0,natural_gas_fired_combined_cycle
115,7,0.0,natural_gas_fired_combined_cycle
70,7,0.0,natural_gas_fired_combined_cycle
131,7,0.0,natural_gas_fired_combined_cycle
18,7,0.0,natural_gas_fired_combined_cycle
72,7,0.0,natural_gas_fired_combined_cycle
114,7,0.0,natural_gas_fired_combined_cycle
45,7,0.0,natural_gas_fired_combined_cycle
78,7,0.0,natural_gas_fired_combustion_turbine
75,7,0.0,natural_gas_fired_combustion_turbine
119,7,0.0,natural_gas_fired_combustion_turbine
117,7,0.0,natural_gas_fired_combustion_turbine
134,7,0.0,natural_gas_fired_combustion_turbine
103,7,0.0,natural_gas_fired_combustion_turbine
47,7,0.0,natural_gas_fired_combustion_turbine
8,7,0.0,natural_gas_fired_combustion_turbine
90,7,0.0,natural_gas_fired_combustion_turbine
60,7,0.0,natural_gas_fired_combustion_turbine
46,7,0.0,natural_gas_fired_combustion_turbine
37,7,0.0,natural_gas_fired_combustion_turbine
7,7,0.0,natural_gas_fired_combustion_turbine
133,7,0.0,natural_gas_fired_combustion_turbine
74,7,0.0,natural_gas_fired_combustion_turbine
20,7,0.0,natural_gas_fired_combustion_turbine
135,7,0.0,natural_gas_fired_combustion_turbine
142,7,0.0,natural_gas_fired_combustion_turbine
121,7,0.0,natural_gas_fired_combustion_turbine
91,7,0.0,natural_gas_fired_combustion_turbine
22,7,0.0,natural_gas_steam_turbine
123,7,0.0,natural_gas_steam_turbine
62,7,0.0,natural_gas_steam_turbine
49,7,0.0,natural_gas_steam_turbine
48,7,0.0,natural_gas_steam_turbine
21,7,0.0,natural_gas_steam_turbine
79,7,0.0,nuclear
10,7,264.04126,onshore_wind_turbine
23,7,4939.8734,onshore_wind_turbine
31,7,2129.0261299999997,onshore_wind_turbine
38,7,2129.61945,onshore_wind_turbine
50,7,846.1475399999999,onshore_wind_turbine
63,7,68.8900797872,onshore_wind_turbine
80,7,3245.1854399999997,onshore_wind_turbine
94,7,1658.6878000000002,onshore_wind_turbine
105,7,2133.990459447,onshore_wind_turbine
124,7,7586.188963969002,onshore_wind_turbine
136,7,2468.0359200000003,onshore_wind_turbine
144,7,1762.67385,onshore_wind_turbine
11,7,0.0,small_hydroelectric
24,7,0.0,small_hydroelectric
32,7,0.0,small_hydroelectric
39,7,0.0,small_hydroelectric
51,7,0.0,small_hydroelectric
64,7,0.0,small_hydroelectric
81,7,0.0,small_hydroelectric
95,7,0.0,small_hydroelectric
106,7,0.0,small_hydroelectric
125,7,0.0,small_hydroelectric
137,7,0.0,small_hydroelectric
145,7,0.0,small_hydroelectric
12,7,4255.741980000001,solar_photovoltaic
25,7,2040.1835999999998,solar_photovoltaic
33,7,394.52805,solar_photovoltaic
52,7,2753.6611199999998,solar_photovoltaic
65,7,6589.069201574301,solar_photovoltaic
82,7,3601.49062,solar_photovoltaic
96,7,372.76140999999996,solar_photovoltaic
107,7,5780.7311905,solar_photovoltaic
126,7,11237.6626554745,solar_photovoltaic
138,7,1934.1999599999997,solar_photovoltaic
26,8,0.0,biomass
13,8,0.0,biomass
108,8,0.0,biomass
40,8,0.0,biomass
97,8,0.0,biomass
1,8,0.0,biomass
66,8,0.0,biomass
2,8,205.5305951999946,conventional_hydroelectric
14,8,0.0,conventional_hydroelectric
27,8,351.36190799999883,conventional_hydroelectric
35,8,621.9063840000109,conventional_hydroelectric
54,8,491.74061309998746,conventional_hydroelectric
67,8,419.0392858643547,conventional_hydroelectric
84,8,6247.092550898036,conventional_hydroelectric
109,8,0.0,conventional_hydroelectric
128,8,25.198799999999927,conventional_hydroelectric
139,8,30.346348800000154,conventional_hydroelectric
110,8,0.0,conventional_steam_coal
41,8,0.0,conventional_steam_coal
3,8,0.0,conventional_steam_coal
36,8,0.0,conventional_steam_coal
85,8,0.0,conventional_steam_coal
28,8,0.0,geothermal
116,8,0.0,natural_gas_fired_combined_cycle
73,8,0.0,natural_gas_fired_combined_cycle
71,8,0.0,natural_gas_fired_combined_cycle
44,8,0.0,natural_gas_fired_combined_cycle
115,8,0.0,natural_gas_fired_combined_cycle
70,8,0.0,natural_gas_fired_combined_cycle
131,8,0.0,natural_gas_fired_combined_cycle
18,8,0.0,natural_gas_fired_combined_cycle
72,8,0.0,natural_gas_fired_combined_cycle
114,8,0.0,natural_gas_fired_combined_cycle
45,8,0.0,natural_gas_fired_combined_cycle
78,8,0.0,natural_gas_fired_combustion_turbine
75,8,0.0,natural_gas_fired_combustion_turbine
119,8,0.0,natural_gas_fired_combustion_turbine
117,8,0.0,natural_gas_fired_combustion_turbine
134,8,0.0,natural_gas_fired_combustion_turbine
103,8,0.0,natural_gas_fired_combustion_turbine
47,8,0.0,natural_gas_fired_combustion_turbine
8,8,0.0,natural_gas_fired_combustion_turbine
90,8,0.0,natural_gas_fired_combustion_turbine
60,8,0.0,natural_gas_fired_combustion_turbine
46,8,0.0,natural_gas_fired_combustion_turbine
37,8,0.0,natural_gas_fired_combustion_turbine
7,8,0.0,natural_gas_fired_combustion_turbine
133,8,0.0,natural_gas_fired_combustion_turbine
74,8,0.0,natural_gas_fired_combustion_turbine
20,8,0.0,natural_gas_fired_combustion_turbine
135,8,0.0,natural_gas_fired_combustion_turbine
142,8,0.0,natural_gas_fired_combustion_turbine
121,8,0.0,natural_gas_fired_combustion_turbine
91,8,0.0,natural_gas_fired_combustion_turbine
22,8,0.0,natural_gas_steam_turbine
123,8,0.0,natural_gas_steam_turbine
62,8,0.0,natural_gas_steam_turbine
49,8,0.0,natural_gas_steam_turbine
48,8,0.0,natural_gas_steam_turbine
21,8,0.0,natural_gas_steam_turbine
79,8,0.0,nuclear
10,8,0.0,onshore_wind_turbine
23,8,0.0,onshore_wind_turbine
31,8,2101.7156999999997,onshore_wind_turbine
38,8,0.0,onshore_wind_turbine
50,8,0.0,onshore_wind_turbine
63,8,48.125000336,onshore_wind_turbine
80,8,0.0,onshore_wind_turbine
94,8,0.0,onshore_wind_turbine
105,8,0.0,onshore_wind_turbine
124,8,5142.769963853427,onshore_wind_turbine
136,8,1466.0709000000002,onshore_wind_turbine
144,8,0.0,onshore_wind_turbine
11,8,0.0,small_hydroelectric
24,8,0.0,small_hydroelectric
32,8,0.0,small_hydroelectric
39,8,0.0,small_hydroelectric
51,8,0.0,small_hydroelectric
64,8,0.0,small_hydroelectric
81,8,0.0,small_hydroelectric
95,8,0.0,small_hydroelectric
106,8,0.0,small_hydroelectric
125,8,0.0,small_hydroelectric
137,8,0.0,small_hydroelectric
145,8,0.0,small_hydroelectric
12,8,6967.66518,solar_photovoltaic
25,8,2636.1712999999995,solar_photovoltaic
33,8,0.0,solar_photovoltaic
52,8,4160.21242,solar_photovoltaic
65,8,11010.9687112166,solar_photovoltaic
82,8,8393.07294,solar_photovoltaic
96,8,633.7090900000001,solar_photovoltaic
107,8,10302.3022260235,solar_photovoltaic
126,8,20668.402652233,solar_photovoltaic
138,8,2673.9081599999995,solar_photovoltaic
26,9,0.0,biomass
13,9,0.0,biomass
108,9,0.0,biomass
40,9,0.0,biomass
97,9,0.0,biomass
1,9,0.0,biomass
66,9,0.0,biomass
2,9,0.0,conventional_hydroelectric
14,9,0.0,conventional_hydroelectric
27,9,234.2412719999993,conventional_hydroelectric
35,9,414.60425600000707,conventional_hydroelectric
54,9,405.4703300999847,conventional_hydroelectric
67,9,0.0,conventional_hydroelectric
84,9,3835.695376898031,conventional_hydroelectric
109,9,0.0,conventional_hydroelectric
128,9,12.599399999999974,conventional_hydroelectric
139,9,11.015980800000252,conventional_hydroelectric
110,9,0.0,conventional_steam_coal
41,9,0.0,conventional_steam_coal
3,9,0.0,conventional_steam_coal
36,9,0.0,conventional_steam_coal
85,9,0.0,conventional_steam_coal
28,9,0.0,geothermal
116,9,0.0,natural_gas_fired_combined_cycle
73,9,0.0,natural_gas_fired_combined_cycle
71,9,0.0,natural_gas_fired_combined_cycle
44,9,0.0,natural_gas_fired_combined_cycle
115,9,0.0,natural_gas_fired_combined_cycle
70,9,0.0,natural_gas_fired_combined_cycle
131,9,0.0,natural_gas_fired_combined_cycle
18,9,0.0,natural_gas_fired_combined_cycle
72,9,0.0,natural_gas_fired_combined_cycle
114,9,0.0,natural_gas_fired_combined_cycle
45,9,0.0,natural_gas_fired_combined_cycle
78,9,0.0,natural_gas_fired_combustion_turbine
75,9,0.0,natural_gas_fired_combustion_turbine
119,9,0.0,natural_gas_fired_combustion_turbine
117,9,0.0,natural_gas_fired_combustion_turbine
134,9,0.0,natural_gas_fired_combustion_turbine
103,9,0.0,natural_gas_fired_combustion_turbine
47,9,0.0,natural_gas_fired_combustion_turbine
8,9,0.0,natural_gas_fired_combustion_turbine
90,9,0.0,natural_gas_fired_combustion_turbine
60,9,0.0,natural_gas_fired_combustion_turbine
46,9,0.0,natural_gas_fired_combustion_turbine
37,9,0.0,natural_gas_fired_combustion_turbine
7,9,0.0,natural_gas_fired_combustion_turbine
133,9,0.0,natural_gas_fired_combustion_turbine
74,9,0.0,natural_gas_fired_combustion_turbine
20,9,0.0,natural_gas_fired_combustion_turbine
135,9,0.0,natural_gas_fired_combustion_turbine
142,9,0.0,natural_gas_fired_combustion_turbine
121,9,0.0,natural_gas_fired_combustion_turbine
91,9,0.0,natural_gas_fired_combustion_turbine
22,9,0.0,natural_gas_steam_turbine
123,9,0.0,natural_gas_steam_turbine
62,9,0.0,natural_gas_steam_turbine
49,9,0.0,natural_gas_steam_turbine
48,9,0.0,natural_gas_steam_turbine
21,9,0.0,natural_gas_steam_turbine
79,9,0.0,nuclear
10,9,92.39643000000001,onshore_wind_turbine
23,9,1841.0392,onshore_wind_turbine
31,9,1695.6214800000002,onshore_wind_turbine
38,9,1315.03575,onshore_wind_turbine
50,9,1227.5575199999998,onshore_wind_turbine
63,9,8.8549997816,onshore_wind_turbine
80,9,3899.4267199999995,onshore_wind_turbine
94,9,29.4224,onshore_wind_turbine
105,9,2376.653721477,onshore_wind_turbine
124,9,3415.7117433208005,onshore_wind_turbine
136,9,601.7186700000001,onshore_wind_turbine
144,9,884.5811099999999,onshore_wind_turbine
11,9,0.0,small_hydroelectric
24,9,0.0,small_hydroelectric
32,9,0.0,small_hydroelectric
39,9,0.0,small_hydroelectric
51,9,0.0,small_hydroelectric
64,9,0.0,small_hydroelectric
81,9,0.0,small_hydroelectric
95,9,0.0,small_hydroelectric
106,9,0.0,small_hydroelectric
125,9,0.0,small_hydroelectric
137,9,0.0,small_hydroelectric
145,9,0.0,small_hydroelectric
12,9,8792.5635,solar_photovoltaic
25,9,2803.5709799999995,solar_photovoltaic
33,9,1161.2258,solar_photovoltaic
52,9,4807.84808,solar_photovoltaic
65,9,14795.3128457239,solar_photovoltaic
82,9,11407.32159,solar_photovoltaic
96,9,811.699704294675,solar_photovoltaic
107,9,13536.315020466001,solar_photovoltaic
126,9,27199.563599137997,solar_photovoltaic
138,9,0.0,solar_photovoltaic
26,10,0.0,biomass
13,10,0.0,biomass
108,10,0.0,biomass
40,10,0.0,biomass
97,10,0.0,biomass
1,10,0.0,biomass
66,10,0.0,biomass
2,10,0.0,conventional_hydroelectric
14,10,0.0,conventional_hydroelectric
27,10,117.12063599999976,conventional_hydroelectric
35,10,207.30212800000373,conventional_hydroelectric
54,10,319.2000470999823,conventional_hydroelectric
67,10,0.0,conventional_hydroelectric
84,10,1424.298202898026,conventional_hydroelectric
109,10,0.0,conventional_hydroelectric
128,10,0.0,conventional_hydroelectric
139,10,0.0,conventional_hydroelectric
110,10,0.0,conventional_steam_coal
41,10,0.0,conventional_steam_coal
3,10,0.0,conventional_steam_coal
36,10,0.0,conventional_steam_coal
85,10,0.0,conventional_steam_coal
28,10,0.0,geothermal
116,10,0.0,natural_gas_fired_combined_cycle
73,10,0.0,natural_gas_fired_combined_cycle
71,10,0.0,natural_gas_fired_combined_cycle
44,10,0.0,natural_gas_fired_combined_cycle
115,10,0.0,natural_gas_fired_combined_cycle
70,10,0.0,natural_gas_fired_combined_cycle
131,10,0.0,natural_gas_fired_combined_cycle
18,10,0.0,natural_gas_fired_combined_cycle
72,10,0.0,natural_gas_fired_combined_cycle
114,10,0.0,natural_gas_fired_combined_cycle
45,10,0.0,natural_gas_fired_combined_cycle
78,10,0.0,natural_gas_fired_combustion_turbine
75,10,0.0,natural_gas_fired_combustion_turbine
119,10,0.0,natural_gas_fired_combustion_turbine
117,10,0.0,natural_gas_fired_combustion_turbine
134,10,0.0,natural_gas_fired_combustion_turbine
103,10,0.0,natural_gas_fired_combustion_turbine
47,10,0.0,natural_gas_fired_combustion_turbine
8,10,0.0,natural_gas_fired_combustion_turbine
90,10,0.0,natural_gas_fired_combustion_turbine
60,10,0.0,natural_gas_fired_combustion_turbine
46,10,0.0,natural_gas_fired_combustion_turbine
37,10,0.0,natural_gas_fired_combustion_turbine
7,10,0.0,natural_gas_fired_combustion_turbine
133,10,0.0,natural_gas_fired_combustion_turbine
74,10,0.0,natural_gas_fired_combustion_turbine
20,10,0.0,natural_gas_fired_combustion_turbine
135,10,0.0,natural_gas_fired_combustion_turbine
142,10,0.0,natural_gas_fired_combustion_turbine
121,10,0.0,natural_gas_fired_combustion_turbine
91,10,0.0,natural_gas_fired_combustion_turbine
22,10,0.0,natural_gas_steam_turbine
123,10,0.0,natural_gas_steam_turbine
62,10,0.0,natural_gas_steam_turbine
49,10,0.0,natural_gas_steam_turbine
48,10,0.0,natural_gas_steam_turbine
21,10,0.0,natural_gas_steam_turbine
79,10,0.0,nuclear
10,10,58.895970000000005,onshore_wind_turbine
23,10,1308.1068,onshore_wind_turbine
31,10,894.1197300000001,onshore_wind_turbine
38,10,1.4551915228366852e-11,onshore_wind_turbine
50,10,0.0,onshore_wind_turbine
63,10,1.3440002296,onshore_wind_turbine
80,10,2237.8025599999996,onshore_wind_turbine
94,10,0.0,onshore_wind_turbine
105,10,2223.0507598950003,onshore_wind_turbine
124,10,3623.9324137478,onshore_wind_turbine
136,10,366.96744,onshore_wind_turbine
144,10,674.7904799999999,onshore_wind_turbine
11,10,0.0,small_hydroelectric
24,10,0.0,small_hydroelectric
32,10,0.0,small_hydroelectric
39,10,0.0,small_hydroelectric
51,10,0.0,small_hydroelectric
64,10,0.0,small_hydroelectric
81,10,0.0,small_hydroelectric
95,10,0.0,small_hydroelectric
106,10,0.0,small_hydroelectric
125,10,0.0,small_hydroelectric
137,10,0.0,small_hydroelectric
145,10,0.0,small_hydroelectric
12,10,9542.57976,solar_photovoltaic
25,10,2880.1712799999996,solar_photovoltaic
33,10,1240.0962,solar_photovoltaic
52,10,5268.86514,solar_photovoltaic
65,10,16631.487382559702,solar_photovoltaic
82,10,12225.18309802537,solar_photovoltaic
96,10,944.31911,solar_photovoltaic
107,10,15096.912101229002,solar_photovoltaic
126,10,30127.7625503155,solar_photovoltaic
138,10,3286.6787799999997,solar_photovoltaic
26,11,0.0,biomass
13,11,0.0,biomass
108,11,0.0,biomass
40,11,0.0,biomass
97,11,0.0,biomass
1,11,0.0,biomass
66,11,0.0,biomass
2,11,0.0,conventional_hydroelectric
14,11,0.0,conventional_hydroelectric
27,11,0.0,conventional_hydroelectric
35,11,0.0,conventional_hydroelectric
54,11,232.92976409998016,conventional_hydroelectric
67,11,0.0,conventional_hydroelectric
84,11,0.0,conventional_hydroelectric
109,11,0.0,conventional_hydroelectric
128,11,0.0,conventional_hydroelectric
139,11,0.0,conventional_hydroelectric
110,11,0.0,conventional_steam_coal
41,11,0.0,conventional_steam_coal
3,11,0.0,conventional_steam_coal
36,11,0.0,conventional_steam_coal
85,11,0.0,conventional_steam_coal
28,11,0.0,geothermal
116,11,0.0,natural_gas_fired_combined_cycle
73,11,0.0,natural_gas_fired_combined_cycle
71,11,0.0,natural_gas_fired_combined_cycle
44,11,0.0,natural_gas_fired_combined_cycle
115,11,0.0,natural_gas_fired_combined_cycle
70,11,0.0,natural_gas_fired_combined_cycle
131,11,0.0,natural_gas_fired_combined_cycle
18,11,0.0,natural_gas_fired_combined_cycle
72,11,0.0,natural_gas_fired_combined_cycle
114,11,0.0,natural_gas_fired_combined_cycle
45,11,0.0,natural_gas_fired_combined_cycle
78,11,0.0,natural_gas_fired_combustion_turbine
75,11,0.0,natural_gas_fired_combustion_turbine
119,11,0.0,natural_gas_fired_combustion_turbine
117,11,0.0,natural_gas_fired_combustion_turbine
134,11,0.0,natural_gas_fired_combustion_turbine
103,11,0.0,natural_gas_fired_combustion_turbine
47,11,0.0,natural_gas_fired_combustion_turbine
8,11,0.0,natural_gas_fired_combustion_turbine
90,11,0.0,natural_gas_fired_combustion_turbine
60,11,0.0,natural_gas_fired_combustion_turbine
46,11,0.0,natural_gas_fired_combustion_turbine
37,11,0.0,natural_gas_fired_combustion_turbine
7,11,0.0,natural_gas_fired_combustion_turbine
133,11,0.0,natural_gas_fired_combustion_turbine
74,11,0.0,natural_gas_fired_combustion_turbine
20,11,0.0,natural_gas_fired_combustion_turbine
135,11,0.0,natural_gas_fired_combustion_turbine
142,11,0.0,natural_gas_fired_combustion_turbine
121,11,0.0,natural_gas_fired_combustion_turbine
91,11,0.0,natural_gas_fired_combustion_turbine
22,11,0.0,natural_gas_steam_turbine
123,11,0.0,natural_gas_steam_turbine
62,11,0.0,natural_gas_steam_turbine
49,11,0.0,natural_gas_steam_turbine
48,11,0.0,natural_gas_steam_turbine
21,11,0.0,natural_gas_steam_turbine
79,11,0.0,nuclear
10,11,90.77543999999897,onshore_wind_turbine
23,11,689.458,onshore_wind_turbine
31,11,1002.1740400000001,onshore_wind_turbine
38,11,1463.2968,onshore_wind_turbine
50,11,719.4625199999999,onshore_wind_turbine
63,11,3.268999776,onshore_wind_turbine
80,11,2555.63,onshore_wind_turbine
94,11,62.5226,onshore_wind_turbine
105,11,1227.031681512,onshore_wind_turbine
124,11,1865.8329108496005,onshore_wind_turbine
136,11,361.57086000000004,onshore_wind_turbine
144,11,999.2089799999999,onshore_wind_turbine
11,11,0.0,small_hydroelectric
24,11,0.0,small_hydroelectric
32,11,0.0,small_hydroelectric
39,11,0.0,small_hydroelectric
51,11,0.0,small_hydroelectric
64,11,0.0,small_hydroelectric
81,11,0.0,small_hydroelectric
95,11,0.0,small_hydroelectric
106,11,0.0,small_hydroelectric
125,11,0.0,small_hydroelectric
137,11,0.0,small_hydroelectric
145,11,0.0,small_hydroelectric
12,11,9864.620640000001,solar_photovoltaic
25,11,2868.96148,solar_photovoltaic
33,11,1278.4750999999999,solar_photovoltaic
52,11,5335.9096,solar_photovoltaic
65,11,17541.030561593703,solar_photovoltaic
82,11,0.0,solar_photovoltaic
96,11,0.0,solar_photovoltaic
107,11,16023.830547648,solar_photovoltaic
126,11,8924.080634520724,solar_photovoltaic
138,11,0.0,solar_photovoltaic
26,12,0.0,biomass
13,12,0.0,biomass
108,12,0.0,biomass
40,12,0.0,biomass
97,12,0.0,biomass
1,12,0.0,biomass
66,12,0.0,biomass
2,12,0.0,conventional_hydroelectric
14,12,0.0,conventional_hydroelectric
27,12,0.0,conventional_hydroelectric
35,12,0.0,conventional_hydroelectric
54,12,146.65948109997976,conventional_hydroelectric
67,12,0.0,conventional_hydroelectric
84,12,0.0,conventional_hydroelectric
109,12,0.0,conventional_hydroelectric
128,12,0.0,conventional_hydroelectric
139,12,0.0,conventional_hydroelectric
110,12,0.0,conventional_steam_coal
41,12,0.0,conventional_steam_coal
3,12,0.0,conventional_steam_coal
36,12,0.0,conventional_steam_coal
85,12,0.0,conventional_steam_coal
28,12,0.0,geothermal
116,12,0.0,natural_gas_fired_combined_cycle
73,12,0.0,natural_gas_fired_combined_cycle
71,12,0.0,natural_gas_fired_combined_cycle
44,12,0.0,natural_gas_fired_combined_cycle
115,12,0.0,natural_gas_fired_combined_cycle
70,12,0.0,natural_gas_fired_combined_cycle
131,12,0.0,natural_gas_fired_combined_cycle
18,12,0.0,natural_gas_fired_combined_cycle
72,12,0.0,natural_gas_fired_combined_cycle
114,12,0.0,natural_gas_fired_combined_cycle
45,12,0.0,natural_gas_fired_combined_cycle
78,12,0.0,natural_gas_fired_combustion_turbine
75,12,0.0,natural_gas_fired_combustion_turbine
119,12,0.0,natural_gas_fired_combustion_turbine
117,12,0.0,natural_gas_fired_combustion_turbine
134,12,0.0,natural_gas_fired_combustion_turbine
103,12,0.0,natural_gas_fired_combustion_turbine
47,12,0.0,natural_gas_fired_combustion_turbine
8,12,0.0,natural_gas_fired_combustion_turbine
90,12,0.0,natural_gas_fired_combustion_turbine
60,12,0.0,natural_gas_fired_combustion_turbine
46,12,0.0,natural_gas_fired_combustion_turbine
37,12,0.0,natural_gas_fired_combustion_turbine
7,12,0.0,natural_gas_fired_combustion_turbine
133,12,0.0,natural_gas_fired_combustion_turbine
74,12,0.0,natural_gas_fired_combustion_turbine
20,12,0.0,natural_gas_fired_combustion_turbine
135,12,0.0,natural_gas_fired_combustion_turbine
142,12,0.0,natural_gas_fired_combustion_turbine
121,12,0.0,natural_gas_fired_combustion_turbine
91,12,0.0,natural_gas_fired_combustion_turbine
22,12,0.0,natural_gas_steam_turbine
123,12,0.0,natural_gas_steam_turbine
62,12,0.0,natural_gas_steam_turbine
49,12,0.0,natural_gas_steam_turbine
48,12,0.0,natural_gas_steam_turbine
21,12,0.0,natural_gas_steam_turbine
79,12,0.0,nuclear
10,12,103.20303,onshore_wind_turbine
23,12,1354.6918,onshore_wind_turbine
31,12,448.84098,onshore_wind_turbine
38,12,1968.29325,onshore_wind_turbine
50,12,543.32292,onshore_wind_turbine
63,12,17.401999915999998,onshore_wind_turbine
80,12,2362.3314399999995,onshore_wind_turbine
94,12,22.066799999999997,onshore_wind_turbine
105,12,950.8952583690001,onshore_wind_turbine
124,12,677.1367988770002,onshore_wind_turbine
136,12,755.5212000000001,onshore_wind_turbine
144,12,2061.1388699999998,onshore_wind_turbine
11,12,0.0,small_hydroelectric
24,12,0.0,small_hydroelectric
32,12,0.0,small_hydroelectric
39,12,0.0,small_hydroelectric
51,12,0.0,small_hydroelectric
64,12,0.0,small_hydroelectric
81,12,0.0,small_hydroelectric
95,12,0.0,small_hydroelectric
106,12,0.0,small_hydroelectric
125,12,0.0,small_hydroelectric
137,12,0.0,small_hydroelectric
145,12,0.0,small_hydroelectric
12,12,9614.61522,solar_photovoltaic
25,12,2877.555659999999,solar_photovoltaic
33,12,1286.5734,solar_photovoltaic
52,12,5317.93892,solar_photovoltaic
65,12,15273.119361245232,solar_photovoltaic
82,12,13666.54485,solar_photovoltaic
96,12,1041.58677,solar_photovoltaic
107,12,16182.0796943645,solar_photovoltaic
126,12,32117.068991353502,solar_photovoltaic
138,12,3088.9666499999994,solar_photovoltaic
26,13,0.0,biomass
13,13,0.0,biomass
108,13,0.0,biomass
40,13,0.0,biomass
97,13,0.0,biomass
1,13,0.0,biomass
66,13,0.0,biomass
2,13,0.0,conventional_hydroelectric
14,13,0.0,conventional_hydroelectric
27,13,0.0,conventional_hydroelectric
35,13,0.0,conventional_hydroelectric
54,13,60.38919809998015,conventional_hydroelectric
67,13,0.0,conventional_hydroelectric
84,13,0.0,conventional_hydroelectric
109,13,0.0,conventional_hydroelectric
128,13,0.0,conventional_hydroelectric
139,13,0.0,conventional_hydroelectric
110,13,0.0,conventional_steam_coal
41,13,0.0,conventional_steam_coal
3,13,0.0,conventional_steam_coal
36,13,0.0,conventional_steam_coal
85,13,0.0,conventional_steam_coal
28,13,0.0,geothermal
116,13,0.0,natural_gas_fired_combined_cycle
73,13,0.0,natural_gas_fired_combined_cycle
71,13,0.0,natural_gas_fired_combined_cycle
44,13,0.0,natural_gas_fired_combined_cycle
115,13,0.0,natural_gas_fired_combined_cycle
70,13,0.0,natural_gas_fired_combined_cycle
131,13,0.0,natural_gas_fired_combined_cycle
18,13,0.0,natural_gas_fired_combined_cycle
72,13,0.0,natural_gas_fired_combined_cycle
114,13,0.0,natural_gas_fired_combined_cycle
45,13,0.0,natural_gas_fired_combined_cycle
78,13,0.0,natural_gas_fired_combustion_turbine
75,13,0.0,natural_gas_fired_combustion_turbine
119,13,0.0,natural_gas_fired_combustion_turbine
117,13,0.0,natural_gas_fired_combustion_turbine
134,13,0.0,natural_gas_fired_combustion_turbine
103,13,0.0,natural_gas_fired_combustion_turbine
47,13,0.0,natural_gas_fired_combustion_turbine
8,13,0.0,natural_gas_fired_combustion_turbine
90,13,0.0,natural_gas_fired_combustion_turbine
60,13,0.0,natural_gas_fired_combustion_turbine
46,13,0.0,natural_gas_fired_combustion_turbine
37,13,0.0,natural_gas_fired_combustion_turbine
7,13,0.0,natural_gas_fired_combustion_turbine
133,13,0.0,natural_gas_fired_combustion_turbine
74,13,0.0,natural_gas_fired_combustion_turbine
20,13,0.0,natural_gas_fired_combustion_turbine
135,13,0.0,natural_gas_fired_combustion_turbine
142,13,0.0,natural_gas_fired_combustion_turbine
121,13,0.0,natural_gas_fired_combustion_turbine
91,13,0.0,natural_gas_fired_combustion_turbine
22,13,0.0,natural_gas_steam_turbine
123,13,0.0,natural_gas_steam_turbine
62,13,0.0,natural_gas_steam_turbine
49,13,0.0,natural_gas_steam_turbine
48,13,0.0,natural_gas_steam_turbine
21,13,0.0,natural_gas_steam_turbine
79,13,0.0,nuclear
10,13,78.70807,onshore_wind_turbine
23,13,125.96801182602121,onshore_wind_turbine
31,13,263.60502,onshore_wind_turbine
38,13,2460.22455,onshore_wind_turbine
50,13,935.5722599999999,onshore_wind_turbine
63,13,60.14595997199999,onshore_wind_turbine
80,13,4045.3299599999996,onshore_wind_turbine
94,13,213.3124,onshore_wind_turbine
105,13,1277.8606414980002,onshore_wind_turbine
124,13,1308.9735417219995,onshore_wind_turbine
136,13,527.0659800000001,onshore_wind_turbine
144,13,3233.3710499999997,onshore_wind_turbine
11,13,0.0,small_hydroelectric
24,13,0.0,small_hydroelectric
32,13,0.0,small_hydroelectric
39,13,0.0,small_hydroelectric
51,13,0.0,small_hydroelectric
64,13,0.0,small_hydroelectric
81,13,0.0,small_hydroelectric
95,13,0.0,small_hydroelectric
106,13,0.0,small_hydroelectric
125,13,0.0,small_hydroelectric
137,13,0.0,small_hydroelectric
145,13,0.0,small_hydroelectric
12,13,0.0,solar_photovoltaic
25,13,2829.3535199999997,solar_photovoltaic
33,13,1237.80755,solar_photovoltaic
52,13,5170.0264,solar_photovoltaic
65,13,17711.204918407002,solar_photovoltaic
82,13,0.0,solar_photovoltaic
96,13,0.0,solar_photovoltaic
107,13,0.0,solar_photovoltaic
126,13,32100.119848475,solar_photovoltaic
138,13,3025.4978599999995,solar_photovoltaic
26,14,0.0,biomass
13,14,0.0,biomass
108,14,0.0,biomass
40,14,0.0,biomass
97,14,0.0,biomass
1,14,0.0,biomass
66,14,0.0,biomass
2,14,0.0,conventional_hydroelectric
14,14,0.0,conventional_hydroelectric
27,14,43.88496119999877,conventional_hydroelectric
35,14,59.94278399998052,conventional_hydroelectric
54,14,146.65948109997936,conventional_hydroelectric
67,14,0.0,conventional_hydroelectric
84,14,432.88937219981926,conventional_hydroelectric
109,14,0.0,conventional_hydroelectric
128,14,0.0,conventional_hydroelectric
139,14,0.0,conventional_hydroelectric
110,14,0.0,conventional_steam_coal
41,14,0.0,conventional_steam_coal
3,14,0.0,conventional_steam_coal
36,14,0.0,conventional_steam_coal
85,14,0.0,conventional_steam_coal
28,14,0.0,geothermal
116,14,0.0,natural_gas_fired_combined_cycle
73,14,0.0,natural_gas_fired_combined_cycle
71,14,0.0,natural_gas_fired_combined_cycle
44,14,0.0,natural_gas_fired_combined_cycle
115,14,0.0,natural_gas_fired_combined_cycle
70,14,0.0,natural_gas_fired_combined_cycle
131,14,0.0,natural_gas_fired_combined_cycle
18,14,0.0,natural_gas_fired_combined_cycle
72,14,0.0,natural_gas_fired_combined_cycle
114,14,0.0,natural_gas_fired_combined_cycle
45,14,0.0,natural_gas_fired_combined_cycle
78,14,0.0,natural_gas_fired_combustion_turbine
75,14,0.0,natural_gas_fired_combustion_turbine
119,14,0.0,natural_gas_fired_combustion_turbine
117,14,0.0,natural_gas_fired_combustion_turbine
134,14,0.0,natural_gas_fired_combustion_turbine
103,14,0.0,natural_gas_fired_combustion_turbine
47,14,0.0,natural_gas_fired_combustion_turbine
8,14,0.0,natural_gas_fired_combustion_turbine
90,14,0.0,natural_gas_fired_combustion_turbine
60,14,0.0,natural_gas_fired_combustion_turbine
46,14,0.0,natural_gas_fired_combustion_turbine
37,14,0.0,natural_gas_fired_combustion_turbine
7,14,0.0,natural_gas_fired_combustion_turbine
133,14,0.0,natural_gas_fired_combustion_turbine
74,14,0.0,natural_gas_fired_combustion_turbine
20,14,0.0,natural_gas_fired_combustion_turbine
135,14,0.0,natural_gas_fired_combustion_turbine
142,14,0.0,natural_gas_fired_combustion_turbine
121,14,0.0,natural_gas_fired_combustion_turbine
91,14,0.0,natural_gas_fired_combustion_turbine
22,14,0.0,natural_gas_steam_turbine
123,14,0.0,natural_gas_steam_turbine
62,14,0.0,natural_gas_steam_turbine
49,14,0.0,natural_gas_steam_turbine
48,14,0.0,natural_gas_steam_turbine
21,14,0.0,natural_gas_steam_turbine
79,14,0.0,nuclear
10,14,104.28369,onshore_wind_turbine
23,14,600.0148,onshore_wind_turbine
31,14,153.17589,onshore_wind_turbine
38,14,1837.0737000000001,onshore_wind_turbine
50,14,687.6219,onshore_wind_turbine
63,14,209.1745599944,onshore_wind_turbine
80,14,4712.086074994624,onshore_wind_turbine
94,14,639.9372,onshore_wind_turbine
105,14,2267.3698613369997,onshore_wind_turbine
124,14,3491.527895609601,onshore_wind_turbine
136,14,836.4699,onshore_wind_turbine
144,14,3624.8360399999997,onshore_wind_turbine
11,14,0.0,small_hydroelectric
24,14,0.0,small_hydroelectric
32,14,0.0,small_hydroelectric
39,14,0.0,small_hydroelectric
51,14,0.0,small_hydroelectric
64,14,0.0,small_hydroelectric
81,14,0.0,small_hydroelectric
95,14,0.0,small_hydroelectric
106,14,0.0,small_hydroelectric
125,14,0.0,small_hydroelectric
137,14,0.0,small_hydroelectric
145,14,0.0,small_hydroelectric
12,14,9688.06314,solar_photovoltaic
25,14,2782.27236,solar_photovoltaic
33,14,694.6933,solar_photovoltaic
52,14,5010.3638200000005,solar_photovoltaic
65,14,17614.323296925602,solar_photovoltaic
82,14,13572.898290000001,solar_photovoltaic
96,14,1064.50785,solar_photovoltaic
107,14,16007.916393819,solar_photovoltaic
126,14,31775.02328882,solar_photovoltaic
138,14,0.0,solar_photovoltaic
26,15,0.0,biomass
13,15,0.0,biomass
108,15,0.0,biomass
40,15,0.0,biomass
97,15,0.0,biomass
1,15,0.0,biomass
66,15,0.0,biomass
2,15,0.0,conventional_hydroelectric
14,15,0.0,conventional_hydroelectric
27,15,161.005597199999,conventional_hydroelectric
35,15,267.24491199998477,conventional_hydroelectric
54,15,232.92976409997823,conventional_hydroelectric
67,15,0.0,conventional_hydroelectric
84,15,2844.286546199827,conventional_hydroelectric
109,15,0.0,conventional_hydroelectric
128,15,0.0,conventional_hydroelectric
139,15,0.0,conventional_hydroelectric
110,15,0.0,conventional_steam_coal
41,15,0.0,conventional_steam_coal
3,15,0.0,conventional_steam_coal
36,15,0.0,conventional_steam_coal
85,15,0.0,conventional_steam_coal
28,15,0.0,geothermal
116,15,0.0,natural_gas_fired_combined_cycle
73,15,0.0,natural_gas_fired_combined_cycle
71,15,0.0,natural_gas_fired_combined_cycle
44,15,0.0,natural_gas_fired_combined_cycle
115,15,0.0,natural_gas_fired_combined_cycle
70,15,0.0,natural_gas_fired_combined_cycle
131,15,0.0,natural_gas_fired_combined_cycle
18,15,0.0,natural_gas_fired_combined_cycle
72,15,0.0,natural_gas_fired_combined_cycle
114,15,0.0,natural_gas_fired_combined_cycle
45,15,0.0,natural_gas_fired_combined_cycle
78,15,0.0,natural_gas_fired_combustion_turbine
75,15,0.0,natural_gas_fired_combustion_turbine
119,15,0.0,natural_gas_fired_combustion_turbine
117,15,0.0,natural_gas_fired_combustion_turbine
134,15,0.0,natural_gas_fired_combustion_turbine
103,15,0.0,natural_gas_fired_combustion_turbine
47,15,0.0,natural_gas_fired_combustion_turbine
8,15,0.0,natural_gas_fired_combustion_turbine
90,15,0.0,natural_gas_fired_combustion_turbine
60,15,0.0,natural_gas_fired_combustion_turbine
46,15,0.0,natural_gas_fired_combustion_turbine
37,15,0.0,natural_gas_fired_combustion_turbine
7,15,0.0,natural_gas_fired_combustion_turbine
133,15,0.0,natural_gas_fired_combustion_turbine
74,15,0.0,natural_gas_fired_combustion_turbine
20,15,0.0,natural_gas_fired_combustion_turbine
135,15,0.0,natural_gas_fired_combustion_turbine
142,15,0.0,natural_gas_fired_combustion_turbine
121,15,0.0,natural_gas_fired_combustion_turbine
91,15,0.0,natural_gas_fired_combustion_turbine
22,15,0.0,natural_gas_steam_turbine
123,15,0.0,natural_gas_steam_turbine
62,15,0.0,natural_gas_steam_turbine
49,15,0.0,natural_gas_steam_turbine
48,15,0.0,natural_gas_steam_turbine
21,15,0.0,natural_gas_steam_turbine
79,15,0.0,nuclear
10,15,240.26674,onshore_wind_turbine
23,15,991.3288,onshore_wind_turbine
31,15,110.42913,onshore_wind_turbine
38,15,2402.8514999999998,onshore_wind_turbine
50,15,830.5659599999999,onshore_wind_turbine
63,15,0.0,onshore_wind_turbine
80,15,7505.188319999999,onshore_wind_turbine
94,15,566.3812,onshore_wind_turbine
105,15,2336.456779188,onshore_wind_turbine
124,15,6088.746012056401,onshore_wind_turbine
136,15,0.0,onshore_wind_turbine
144,15,4319.091629999999,onshore_wind_turbine
11,15,0.0,small_hydroelectric
24,15,0.0,small_hydroelectric
32,15,0.0,small_hydroelectric
39,15,0.0,small_hydroelectric
51,15,0.0,small_hydroelectric
64,15,0.0,small_hydroelectric
81,15,0.0,small_hydroelectric
95,15,0.0,small_hydroelectric
106,15,0.0,small_hydroelectric
125,15,0.0,small_hydroelectric
137,15,0.0,small_hydroelectric
145,15,0.0,small_hydroelectric
12,15,8669.67948,solar_photovoltaic
25,15,2635.4239799999996,solar_photovoltaic
33,15,0.0,solar_photovoltaic
52,15,0.0,solar_photovoltaic
65,15,16546.5305658331,solar_photovoltaic
82,15,13102.71452,solar_photovoltaic
96,15,822.2281105882248,solar_photovoltaic
107,15,15271.4759470175,solar_photovoltaic
126,15,30406.839335817,solar_photovoltaic
138,15,2087.1643099999997,solar_photovoltaic
26,16,0.0,biomass
13,16,0.0,biomass
108,16,0.0,biomass
40,16,0.0,biomass
97,16,0.0,biomass
1,16,0.0,biomass
66,16,0.0,biomass
2,16,0.0,conventional_hydroelectric
14,16,0.0,conventional_hydroelectric
27,16,278.1262331999992,conventional_hydroelectric
35,16,474.54703999998,conventional_hydroelectric
54,16,319.2000470999762,conventional_hydroelectric
67,16,0.0,conventional_hydroelectric
84,16,5255.683720199737,conventional_hydroelectric
109,16,0.0,conventional_hydroelectric
128,16,12.59939999999996,conventional_hydroelectric
139,16,13.48467840000027,conventional_hydroelectric
110,16,0.0,conventional_steam_coal
41,16,0.0,conventional_steam_coal
3,16,0.0,conventional_steam_coal
36,16,0.0,conventional_steam_coal
85,16,0.0,conventional_steam_coal
28,16,0.0,geothermal
116,16,0.0,natural_gas_fired_combined_cycle
73,16,0.0,natural_gas_fired_combined_cycle
71,16,0.0,natural_gas_fired_combined_cycle
44,16,0.0,natural_gas_fired_combined_cycle
115,16,0.0,natural_gas_fired_combined_cycle
70,16,0.0,natural_gas_fired_combined_cycle
131,16,0.0,natural_gas_fired_combined_cycle
18,16,0.0,natural_gas_fired_combined_cycle
72,16,0.0,natural_gas_fired_combined_cycle
114,16,0.0,natural_gas_fired_combined_cycle
45,16,0.0,natural_gas_fired_combined_cycle
78,16,0.0,natural_gas_fired_combustion_turbine
75,16,0.0,natural_gas_fired_combustion_turbine
119,16,0.0,natural_gas_fired_combustion_turbine
117,16,0.0,natural_gas_fired_combustion_turbine
134,16,0.0,natural_gas_fired_combustion_turbine
103,16,0.0,natural_gas_fired_combustion_turbine
47,16,0.0,natural_gas_fired_combustion_turbine
8,16,0.0,natural_gas_fired_combustion_turbine
90,16,0.0,natural_gas_fired_combustion_turbine
60,16,0.0,natural_gas_fired_combustion_turbine
46,16,0.0,natural_gas_fired_combustion_turbine
37,16,0.0,natural_gas_fired_combustion_turbine
7,16,0.0,natural_gas_fired_combustion_turbine
133,16,0.0,natural_gas_fired_combustion_turbine
74,16,0.0,natural_gas_fired_combustion_turbine
20,16,0.0,natural_gas_fired_combustion_turbine
135,16,0.0,natural_gas_fired_combustion_turbine
142,16,0.0,natural_gas_fired_combustion_turbine
121,16,0.0,natural_gas_fired_combustion_turbine
91,16,0.0,natural_gas_fired_combustion_turbine
22,16,0.0,natural_gas_steam_turbine
123,16,0.0,natural_gas_steam_turbine
62,16,0.0,natural_gas_steam_turbine
49,16,0.0,natural_gas_steam_turbine
48,16,0.0,natural_gas_steam_turbine
21,16,0.0,natural_gas_steam_turbine
79,16,0.0,nuclear
10,16,741.69298,onshore_wind_turbine
23,16,430.4454,onshore_wind_turbine
31,16,0.0,onshore_wind_turbine
38,16,2256.1042134371137,onshore_wind_turbine
50,16,1327.8216,onshore_wind_turbine
63,16,452.5438396752,onshore_wind_turbine
80,16,7717.07328,onshore_wind_turbine
94,16,1169.5404,onshore_wind_turbine
105,16,2465.352961554,onshore_wind_turbine
124,16,9136.441804105003,onshore_wind_turbine
136,16,1547.0196,onshore_wind_turbine
144,16,2184.4179,onshore_wind_turbine
11,16,0.0,small_hydroelectric
24,16,0.0,small_hydroelectric
32,16,0.0,small_hydroelectric
39,16,0.0,small_hydroelectric
51,16,0.0,small_hydroelectric
64,16,0.0,small_hydroelectric
81,16,0.0,small_hydroelectric
95,16,0.0,small_hydroelectric
106,16,0.0,small_hydroelectric
125,16,0.0,small_hydroelectric
137,16,0.0,small_hydroelectric
145,16,0.0,small_hydroelectric
12,16,7789.7169,solar_photovoltaic
25,16,2399.64452,solar_photovoltaic
33,16,686.41895,solar_photovoltaic
52,16,0.0,solar_photovoltaic
65,16,14966.685646352998,solar_photovoltaic
82,16,12519.374490000002,solar_photovoltaic
96,16,0.0,solar_photovoltaic
107,16,14081.631192051498,solar_photovoltaic
126,16,28175.4779439245,solar_photovoltaic
138,16,1884.8860799999998,solar_photovoltaic
26,17,0.0,biomass
13,17,0.0,biomass
108,17,0.0,biomass
40,17,0.0,biomass
97,17,0.0,biomass
1,17,0.0,biomass
66,17,0.0,biomass
2,17,229.2881640000013,conventional_hydroelectric
14,17,24.649169599999652,conventional_hydroelectric
27,17,395.2468691999994,conventional_hydroelectric
35,17,681.8491679999829,conventional_hydroelectric
54,17,405.4703300999746,conventional_hydroelectric
67,17,603.7425809999988,conventional_hydroelectric
84,17,7667.08089419978,conventional_hydroelectric
109,17,0.0,conventional_hydroelectric
128,17,25.1987999999999,conventional_hydroelectric
139,17,32.81504640000019,conventional_hydroelectric
110,17,0.0,conventional_steam_coal
41,17,0.0,conventional_steam_coal
3,17,0.0,conventional_steam_coal
36,17,0.0,conventional_steam_coal
85,17,0.0,conventional_steam_coal
28,17,0.0,geothermal
116,17,0.0,natural_gas_fired_combined_cycle
73,17,0.0,natural_gas_fired_combined_cycle
71,17,0.0,natural_gas_fired_combined_cycle
44,17,0.0,natural_gas_fired_combined_cycle
115,17,0.0,natural_gas_fired_combined_cycle
70,17,0.0,natural_gas_fired_combined_cycle
131,17,0.0,natural_gas_fired_combined_cycle
18,17,0.0,natural_gas_fired_combined_cycle
72,17,0.0,natural_gas_fired_combined_cycle
114,17,0.0,natural_gas_fired_combined_cycle
45,17,0.0,natural_gas_fired_combined_cycle
78,17,0.0,natural_gas_fired_combustion_turbine
75,17,0.0,natural_gas_fired_combustion_turbine
119,17,0.0,natural_gas_fired_combustion_turbine
117,17,0.0,natural_gas_fired_combustion_turbine
134,17,0.0,natural_gas_fired_combustion_turbine
103,17,0.0,natural_gas_fired_combustion_turbine
47,17,0.0,natural_gas_fired_combustion_turbine
8,17,0.0,natural_gas_fired_combustion_turbine
90,17,0.0,natural_gas_fired_combustion_turbine
60,17,0.0,natural_gas_fired_combustion_turbine
46,17,0.0,natural_gas_fired_combustion_turbine
37,17,0.0,natural_gas_fired_combustion_turbine
7,17,0.0,natural_gas_fired_combustion_turbine
133,17,0.0,natural_gas_fired_combustion_turbine
74,17,0.0,natural_gas_fired_combustion_turbine
20,17,0.0,natural_gas_fired_combustion_turbine
135,17,0.0,natural_gas_fired_combustion_turbine
142,17,0.0,natural_gas_fired_combustion_turbine
121,17,0.0,natural_gas_fired_combustion_turbine
91,17,0.0,natural_gas_fired_combustion_turbine
22,17,0.0,natural_gas_steam_turbine
123,17,0.0,natural_gas_steam_turbine
62,17,0.0,natural_gas_steam_turbine
49,17,0.0,natural_gas_steam_turbine
48,17,0.0,natural_gas_steam_turbine
21,17,0.0,natural_gas_steam_turbine
79,17,0.0,nuclear
10,17,1.4551915228366852e-11,onshore_wind_turbine
23,17,0.0,onshore_wind_turbine
31,17,0.0,onshore_wind_turbine
38,17,2005.2165,onshore_wind_turbine
50,17,1455.8615399999999,onshore_wind_turbine
63,17,0.0,onshore_wind_turbine
80,17,7168.774479999999,onshore_wind_turbine
94,17,522.2476,onshore_wind_turbine
105,17,2382.270100056,onshore_wind_turbine
124,17,10143.384717866402,onshore_wind_turbine
136,17,0.0,onshore_wind_turbine
144,17,2593.18521,onshore_wind_turbine
11,17,0.0,small_hydroelectric
24,17,0.0,small_hydroelectric
32,17,0.0,small_hydroelectric
39,17,0.0,small_hydroelectric
51,17,0.0,small_hydroelectric
64,17,0.0,small_hydroelectric
81,17,0.0,small_hydroelectric
95,17,0.0,small_hydroelectric
106,17,0.0,small_hydroelectric
125,17,0.0,small_hydroelectric
137,17,0.0,small_hydroelectric
145,17,0.0,small_hydroelectric
12,17,5933.74446,solar_photovoltaic
25,17,1855.5955599999998,solar_photovoltaic
33,17,0.0,solar_photovoltaic
52,17,2974.1475400000004,solar_photovoltaic
65,17,12414.5192477838,solar_photovoltaic
82,17,11430.73323,solar_photovoltaic
96,17,0.0,solar_photovoltaic
107,17,11708.802284011,solar_photovoltaic
126,17,24850.504898236497,solar_photovoltaic
138,17,1702.69869,solar_photovoltaic
26,18,0.0,biomass
13,18,0.0,biomass
108,18,0.0,biomass
40,18,0.0,biomass
97,18,0.0,biomass
1,18,0.0,biomass
66,18,0.0,biomass
2,18,458.5763280000029,conventional_hydroelectric
14,18,63.69270160000005,conventional_hydroelectric
27,18,512.3675051999996,conventional_hydroelectric
35,18,889.1512959999864,conventional_hydroelectric
54,18,491.74061309997245,conventional_hydroelectric
67,18,1207.4851619999972,conventional_hydroelectric
84,18,10078.478068199833,conventional_hydroelectric
109,18,93.86216845980002,conventional_hydroelectric
128,18,37.79819999999984,conventional_hydroelectric
139,18,52.14541440000009,conventional_hydroelectric
110,18,0.0,conventional_steam_coal
41,18,0.0,conventional_steam_coal
3,18,0.0,conventional_steam_coal
36,18,0.0,conventional_steam_coal
85,18,0.0,conventional_steam_coal
28,18,0.0,geothermal
116,18,0.0,natural_gas_fired_combined_cycle
73,18,0.0,natural_gas_fired_combined_cycle
71,18,0.0,natural_gas_fired_combined_cycle
44,18,0.0,natural_gas_fired_combined_cycle
115,18,0.0,natural_gas_fired_combined_cycle
70,18,0.0,natural_gas_fired_combined_cycle
131,18,0.0,natural_gas_fired_combined_cycle
18,18,0.0,natural_gas_fired_combined_cycle
72,18,0.0,natural_gas_fired_combined_cycle
114,18,0.0,natural_gas_fired_combined_cycle
45,18,0.0,natural_gas_fired_combined_cycle
78,18,0.0,natural_gas_fired_combustion_turbine
75,18,0.0,natural_gas_fired_combustion_turbine
119,18,0.0,natural_gas_fired_combustion_turbine
117,18,0.0,natural_gas_fired_combustion_turbine
134,18,0.0,natural_gas_fired_combustion_turbine
103,18,0.0,natural_gas_fired_combustion_turbine
47,18,0.0,natural_gas_fired_combustion_turbine
8,18,0.0,natural_gas_fired_combustion_turbine
90,18,0.0,natural_gas_fired_combustion_turbine
60,18,0.0,natural_gas_fired_combustion_turbine
46,18,0.0,natural_gas_fired_combustion_turbine
37,18,0.0,natural_gas_fired_combustion_turbine
7,18,0.0,natural_gas_fired_combustion_turbine
133,18,0.0,natural_gas_fired_combustion_turbine
74,18,0.0,natural_gas_fired_combustion_turbine
20,18,0.0,natural_gas_fired_combustion_turbine
135,18,0.0,natural_gas_fired_combustion_turbine
142,18,0.0,natural_gas_fired_combustion_turbine
121,18,0.0,natural_gas_fired_combustion_turbine
91,18,0.0,natural_gas_fired_combustion_turbine
22,18,0.0,natural_gas_steam_turbine
123,18,0.0,natural_gas_steam_turbine
62,18,0.0,natural_gas_steam_turbine
49,18,0.0,natural_gas_steam_turbine
48,18,0.0,natural_gas_steam_turbine
21,18,0.0,natural_gas_steam_turbine
79,18,0.0,nuclear
10,18,517.81625,onshore_wind_turbine
23,18,2183.9048,onshore_wind_turbine
31,18,1071.04382,onshore_wind_turbine
38,18,1800.7185,onshore_wind_turbine
50,18,810.2421599999999,onshore_wind_turbine
63,18,482.8941600783999,onshore_wind_turbine
80,18,6740.3579599999985,onshore_wind_turbine
94,18,2982.6958000000004,onshore_wind_turbine
105,18,2566.321100049,onshore_wind_turbine
124,18,7783.175740848201,onshore_wind_turbine
136,18,1382.4239100000002,onshore_wind_turbine
144,18,3354.4872899999996,onshore_wind_turbine
11,18,0.0,small_hydroelectric
24,18,0.0,small_hydroelectric
32,18,0.0,small_hydroelectric
39,18,0.0,small_hydroelectric
51,18,0.0,small_hydroelectric
64,18,0.0,small_hydroelectric
81,18,2.735598228079331e-9,small_hydroelectric
95,18,0.0,small_hydroelectric
106,18,0.0,small_hydroelectric
125,18,0.0,small_hydroelectric
137,18,0.0,small_hydroelectric
145,18,0.0,small_hydroelectric
12,18,3371.54202,solar_photovoltaic
25,18,899.3996199999999,solar_photovoltaic
33,18,464.4199,solar_photovoltaic
52,18,1119.02042,solar_photovoltaic
65,18,7787.893896118,solar_photovoltaic
82,18,8320.88705,solar_photovoltaic
96,18,370.2636,solar_photovoltaic
107,18,7400.150805894001,solar_photovoltaic
126,18,17368.9783990835,solar_photovoltaic
138,18,1234.2168299999998,solar_photovoltaic
26,19,11.235,biomass
13,19,15.682,biomass
108,19,137.081,biomass
40,19,5.952,biomass
97,19,178.173,biomass
1,19,16.294,biomass
66,19,228.795,biomass
2,19,687.8644920000049,conventional_hydroelectric
14,19,102.7362336,conventional_hydroelectric
27,19,629.4881411999999,conventional_hydroelectric
35,19,1096.4534239999907,conventional_hydroelectric
54,19,578.0108960999702,conventional_hydroelectric
67,19,1811.227742999995,conventional_hydroelectric
84,19,12489.875242199885,conventional_hydroelectric
109,19,209.74676845980002,conventional_hydroelectric
128,19,50.39759999999973,conventional_hydroelectric
139,19,71.47578240000003,conventional_hydroelectric
110,19,28.5,conventional_steam_coal
41,19,0.0,conventional_steam_coal
3,19,0.0,conventional_steam_coal
36,19,0.0,conventional_steam_coal
85,19,0.0,conventional_steam_coal
28,19,74.364,geothermal
116,19,0.0,natural_gas_fired_combined_cycle
73,19,0.0,natural_gas_fired_combined_cycle
71,19,0.0,natural_gas_fired_combined_cycle
44,19,0.0,natural_gas_fired_combined_cycle
115,19,0.0,natural_gas_fired_combined_cycle
70,19,0.0,natural_gas_fired_combined_cycle
131,19,0.0,natural_gas_fired_combined_cycle
18,19,0.0,natural_gas_fired_combined_cycle
72,19,0.0,natural_gas_fired_combined_cycle
114,19,0.0,natural_gas_fired_combined_cycle
45,19,0.0,natural_gas_fired_combined_cycle
78,19,0.0,natural_gas_fired_combustion_turbine
75,19,0.0,natural_gas_fired_combustion_turbine
119,19,0.0,natural_gas_fired_combustion_turbine
117,19,0.0,natural_gas_fired_combustion_turbine
134,19,0.0,natural_gas_fired_combustion_turbine
103,19,0.0,natural_gas_fired_combustion_turbine
47,19,0.0,natural_gas_fired_combustion_turbine
8,19,0.0,natural_gas_fired_combustion_turbine
90,19,0.0,natural_gas_fired_combustion_turbine
60,19,0.0,natural_gas_fired_combustion_turbine
46,19,0.0,natural_gas_fired_combustion_turbine
37,19,0.0,natural_gas_fired_combustion_turbine
7,19,0.0,natural_gas_fired_combustion_turbine
133,19,0.0,natural_gas_fired_combustion_turbine
74,19,0.0,natural_gas_fired_combustion_turbine
20,19,0.0,natural_gas_fired_combustion_turbine
135,19,0.0,natural_gas_fired_combustion_turbine
142,19,0.0,natural_gas_fired_combustion_turbine
121,19,0.0,natural_gas_fired_combustion_turbine
91,19,0.0,natural_gas_fired_combustion_turbine
22,19,0.0,natural_gas_steam_turbine
123,19,0.0,natural_gas_steam_turbine
62,19,0.0,natural_gas_steam_turbine
49,19,0.0,natural_gas_steam_turbine
48,19,0.0,natural_gas_steam_turbine
21,19,0.0,natural_gas_steam_turbine
79,19,1851.4997500000009,nuclear
10,19,617.41708,onshore_wind_turbine
23,19,6333.696599999999,onshore_wind_turbine
31,19,1116.1654,onshore_wind_turbine
38,19,1124.739,onshore_wind_turbine
50,19,1828.4645399999997,onshore_wind_turbine
63,19,383.5745203248,onshore_wind_turbine
80,19,5373.32824,onshore_wind_turbine
94,19,6384.660800000001,onshore_wind_turbine
105,19,2463.9031211340002,onshore_wind_turbine
124,19,7789.043975882401,onshore_wind_turbine
136,19,1124.2875000000001,onshore_wind_turbine
144,19,3815.1615599999996,onshore_wind_turbine
11,19,19.125,small_hydroelectric
24,19,62.577,small_hydroelectric
32,19,192.0,small_hydroelectric
39,19,52.9,small_hydroelectric
51,19,25.641,small_hydroelectric
64,19,6.128,small_hydroelectric
81,19,241.672,small_hydroelectric
95,19,418.922,small_hydroelectric
106,19,31.614,small_hydroelectric
125,19,100.697,small_hydroelectric
137,19,36.822,small_hydroelectric
145,19,33.21,small_hydroelectric
12,19,56.498400000000004,solar_photovoltaic
25,19,0.0,solar_photovoltaic
33,19,185.90879999999999,solar_photovoltaic
52,19,0.0,solar_photovoltaic
65,19,2589.866359626,solar_photovoltaic
82,19,3939.00843,solar_photovoltaic
96,19,98.88389,solar_photovoltaic
107,19,2507.3713701225,solar_photovoltaic
126,19,7065.7049982365,solar_photovoltaic
138,19,277.61888,solar_photovoltaic
26,20,11.235,biomass
13,20,15.682,biomass
108,20,137.081,biomass
40,20,5.952,biomass
97,20,178.173,biomass
1,20,16.294,biomass
66,20,228.795,biomass
2,20,890.90883,conventional_hydroelectric
14,20,102.8773548,conventional_hydroelectric
27,20,746.6087772000001,conventional_hydroelectric
35,20,1303.7555519999955,conventional_hydroelectric
54,20,664.2811790999679,conventional_hydroelectric
67,20,2265.175177581537,conventional_hydroelectric
84,20,14901.272416199954,conventional_hydroelectric
109,20,210.31162350900001,conventional_hydroelectric
128,20,62.99699999999965,conventional_hydroelectric
139,20,90.8061504,conventional_hydroelectric
110,20,50.0,conventional_steam_coal
41,20,5019.475032639736,conventional_steam_coal
3,20,0.0,conventional_steam_coal
36,20,0.0,conventional_steam_coal
85,20,0.0,conventional_steam_coal
28,20,74.364,geothermal
116,20,0.0,natural_gas_fired_combined_cycle
73,20,0.0,natural_gas_fired_combined_cycle
71,20,0.0,natural_gas_fired_combined_cycle
44,20,0.0,natural_gas_fired_combined_cycle
115,20,0.0,natural_gas_fired_combined_cycle
70,20,0.0,natural_gas_fired_combined_cycle
131,20,0.0,natural_gas_fired_combined_cycle
18,20,0.0,natural_gas_fired_combined_cycle
72,20,0.0,natural_gas_fired_combined_cycle
114,20,0.0,natural_gas_fired_combined_cycle
45,20,0.0,natural_gas_fired_combined_cycle
78,20,0.0,natural_gas_fired_combustion_turbine
75,20,0.0,natural_gas_fired_combustion_turbine
119,20,0.0,natural_gas_fired_combustion_turbine
117,20,0.0,natural_gas_fired_combustion_turbine
134,20,0.0,natural_gas_fired_combustion_turbine
103,20,0.0,natural_gas_fired_combustion_turbine
47,20,0.0,natural_gas_fired_combustion_turbine
8,20,0.0,natural_gas_fired_combustion_turbine
90,20,0.0,natural_gas_fired_combustion_turbine
60,20,0.0,natural_gas_fired_combustion_turbine
46,20,0.0,natural_gas_fired_combustion_turbine
37,20,0.0,natural_gas_fired_combustion_turbine
7,20,0.0,natural_gas_fired_combustion_turbine
133,20,0.0,natural_gas_fired_combustion_turbine
74,20,0.0,natural_gas_fired_combustion_turbine
20,20,0.0,natural_gas_fired_combustion_turbine
135,20,0.0,natural_gas_fired_combustion_turbine
142,20,0.0,natural_gas_fired_combustion_turbine
121,20,0.0,natural_gas_fired_combustion_turbine
91,20,0.0,natural_gas_fired_combustion_turbine
22,20,0.0,natural_gas_steam_turbine
123,20,0.0,natural_gas_steam_turbine
62,20,0.0,natural_gas_steam_turbine
49,20,0.0,natural_gas_steam_turbine
48,20,0.0,natural_gas_steam_turbine
21,20,0.0,natural_gas_steam_turbine
79,20,3702.9995000000017,nuclear
10,20,558.52111,onshore_wind_turbine
23,20,7496.4582,onshore_wind_turbine
31,20,1703.93335,onshore_wind_turbine
38,20,960.0045000000001,onshore_wind_turbine
50,20,2248.4897399999995,onshore_wind_turbine
63,20,258.5279198992,onshore_wind_turbine
80,20,4574.113039999999,onshore_wind_turbine
94,20,8175.7494,onshore_wind_turbine
105,20,2531.327398425,onshore_wind_turbine
124,20,9638.362918245602,onshore_wind_turbine
136,20,1360.83759,onshore_wind_turbine
144,20,4810.044959999999,onshore_wind_turbine
11,20,19.125,small_hydroelectric
24,20,62.577,small_hydroelectric
32,20,192.0,small_hydroelectric
39,20,52.9,small_hydroelectric
51,20,25.641,small_hydroelectric
64,20,6.128,small_hydroelectric
81,20,241.672,small_hydroelectric
95,20,418.922,small_hydroelectric
106,20,31.614,small_hydroelectric
125,20,100.697,small_hydroelectric
137,20,36.822,small_hydroelectric
145,20,33.21,small_hydroelectric
12,20,0.0,solar_photovoltaic
25,20,0.0,solar_photovoltaic
33,20,0.0,solar_photovoltaic
52,20,0.0,solar_photovoltaic
65,20,0.0,solar_photovoltaic
82,20,0.0,solar_photovoltaic
96,20,0.0,solar_photovoltaic
107,20,0.0,solar_photovoltaic
126,20,0.0,solar_photovoltaic
138,20,0.0,solar_photovoltaic
26,21,11.235,biomass
13,21,15.682,biomass
108,21,137.081,biomass
40,21,5.952,biomass
97,21,178.173,biomass
1,21,16.294,biomass
66,21,228.795,biomass
2,21,890.90883,conventional_hydroelectric
14,21,103.01847599999999,conventional_hydroelectric
27,21,863.7294132000001,conventional_hydroelectric
35,21,1511.05768,conventional_hydroelectric
54,21,750.5514620999654,conventional_hydroelectric
67,21,2267.304912269046,conventional_hydroelectric
84,21,17312.6695902,conventional_hydroelectric
109,21,210.7976072202,conventional_hydroelectric
128,21,69.75210000000001,conventional_hydroelectric
139,21,90.9691776,conventional_hydroelectric
110,21,50.0,conventional_steam_coal
41,21,0.0,conventional_steam_coal
3,21,0.0,conventional_steam_coal
36,21,0.0,conventional_steam_coal
85,21,0.0,conventional_steam_coal
28,21,74.364,geothermal
116,21,0.0,natural_gas_fired_combined_cycle
73,21,0.0,natural_gas_fired_combined_cycle
71,21,0.0,natural_gas_fired_combined_cycle
44,21,0.0,natural_gas_fired_combined_cycle
115,21,0.0,natural_gas_fired_combined_cycle
70,21,0.0,natural_gas_fired_combined_cycle
131,21,0.0,natural_gas_fired_combined_cycle
18,21,0.0,natural_gas_fired_combined_cycle
72,21,0.0,natural_gas_fired_combined_cycle
114,21,0.0,natural_gas_fired_combined_cycle
45,21,0.0,natural_gas_fired_combined_cycle
78,21,0.0,natural_gas_fired_combustion_turbine
75,21,0.0,natural_gas_fired_combustion_turbine
119,21,0.0,natural_gas_fired_combustion_turbine
117,21,0.0,natural_gas_fired_combustion_turbine
134,21,0.0,natural_gas_fired_combustion_turbine
103,21,0.0,natural_gas_fired_combustion_turbine
47,21,0.0,natural_gas_fired_combustion_turbine
8,21,0.0,natural_gas_fired_combustion_turbine
90,21,0.0,natural_gas_fired_combustion_turbine
60,21,0.0,natural_gas_fired_combustion_turbine
46,21,0.0,natural_gas_fired_combustion_turbine
37,21,0.0,natural_gas_fired_combustion_turbine
7,21,0.0,natural_gas_fired_combustion_turbine
133,21,0.0,natural_gas_fired_combustion_turbine
74,21,0.0,natural_gas_fired_combustion_turbine
20,21,0.0,natural_gas_fired_combustion_turbine
135,21,0.0,natural_gas_fired_combustion_turbine
142,21,0.0,natural_gas_fired_combustion_turbine
121,21,0.0,natural_gas_fired_combustion_turbine
91,21,0.0,natural_gas_fired_combustion_turbine
22,21,0.0,natural_gas_steam_turbine
123,21,0.0,natural_gas_steam_turbine
62,21,0.0,natural_gas_steam_turbine
49,21,0.0,natural_gas_steam_turbine
48,21,0.0,natural_gas_steam_turbine
21,21,0.0,natural_gas_steam_turbine
79,21,5554.499249999983,nuclear
10,21,320.95602,onshore_wind_turbine
23,21,8813.882,onshore_wind_turbine
31,21,1724.11932,onshore_wind_turbine
38,21,900.9273,onshore_wind_turbine
50,21,2413.78998,onshore_wind_turbine
63,21,201.76379968079996,onshore_wind_turbine
80,21,4949.558319999999,onshore_wind_turbine
94,21,5627.034,onshore_wind_turbine
105,21,2486.106841239,onshore_wind_turbine
124,21,12465.796624358001,onshore_wind_turbine
136,21,1677.4369500000003,onshore_wind_turbine
144,21,4022.7893999999997,onshore_wind_turbine
11,21,19.125,small_hydroelectric
24,21,62.577,small_hydroelectric
32,21,192.0,small_hydroelectric
39,21,52.9,small_hydroelectric
51,21,25.641,small_hydroelectric
64,21,6.128,small_hydroelectric
81,21,241.672,small_hydroelectric
95,21,418.922,small_hydroelectric
106,21,31.614,small_hydroelectric
125,21,100.697,small_hydroelectric
137,21,36.822,small_hydroelectric
145,21,33.21,small_hydroelectric
12,21,0.0,solar_photovoltaic
25,21,0.0,solar_photovoltaic
33,21,0.0,solar_photovoltaic
52,21,0.0,solar_photovoltaic
65,21,0.0,solar_photovoltaic
82,21,0.0,solar_photovoltaic
96,21,0.0,solar_photovoltaic
107,21,0.0,solar_photovoltaic
126,21,0.0,solar_photovoltaic
138,21,0.0,solar_photovoltaic
26,22,11.235,biomass
13,22,15.682,biomass
108,22,137.081,biomass
40,22,5.952,biomass
97,22,178.173,biomass
1,22,16.294,biomass
66,22,228.795,biomass
2,22,890.6325792,conventional_hydroelectric
14,22,103.1595972,conventional_hydroelectric
27,22,863.7294132000001,conventional_hydroelectric
35,22,1511.05768,conventional_hydroelectric
54,22,776.4325470000026,conventional_hydroelectric
67,22,2269.4871143690457,conventional_hydroelectric
84,22,17312.6695902,conventional_hydroelectric
109,22,211.4232123276,conventional_hydroelectric
128,22,69.75210000000001,conventional_hydroelectric
139,22,91.1322048,conventional_hydroelectric
110,22,50.0,conventional_steam_coal
41,22,0.0,conventional_steam_coal
3,22,0.0,conventional_steam_coal
36,22,0.0,conventional_steam_coal
85,22,0.0,conventional_steam_coal
28,22,74.364,geothermal
116,22,0.0,natural_gas_fired_combined_cycle
73,22,0.0,natural_gas_fired_combined_cycle
71,22,0.0,natural_gas_fired_combined_cycle
44,22,0.0,natural_gas_fired_combined_cycle
115,22,0.0,natural_gas_fired_combined_cycle
70,22,0.0,natural_gas_fired_combined_cycle
131,22,0.0,natural_gas_fired_combined_cycle
18,22,0.0,natural_gas_fired_combined_cycle
72,22,0.0,natural_gas_fired_combined_cycle
114,22,0.0,natural_gas_fired_combined_cycle
45,22,0.0,natural_gas_fired_combined_cycle
78,22,0.0,natural_gas_fired_combustion_turbine
75,22,0.0,natural_gas_fired_combustion_turbine
119,22,0.0,natural_gas_fired_combustion_turbine
117,22,0.0,natural_gas_fired_combustion_turbine
134,22,0.0,natural_gas_fired_combustion_turbine
103,22,0.0,natural_gas_fired_combustion_turbine
47,22,0.0,natural_gas_fired_combustion_turbine
8,22,0.0,natural_gas_fired_combustion_turbine
90,22,0.0,natural_gas_fired_combustion_turbine
60,22,0.0,natural_gas_fired_combustion_turbine
46,22,0.0,natural_gas_fired_combustion_turbine
37,22,0.0,natural_gas_fired_combustion_turbine
7,22,0.0,natural_gas_fired_combustion_turbine
133,22,0.0,natural_gas_fired_combustion_turbine
74,22,0.0,natural_gas_fired_combustion_turbine
20,22,0.0,natural_gas_fired_combustion_turbine
135,22,0.0,natural_gas_fired_combustion_turbine
142,22,0.0,natural_gas_fired_combustion_turbine
121,22,0.0,natural_gas_fired_combustion_turbine
91,22,0.0,natural_gas_fired_combustion_turbine
22,22,0.0,natural_gas_steam_turbine
123,22,0.0,natural_gas_steam_turbine
62,22,0.0,natural_gas_steam_turbine
49,22,0.0,natural_gas_steam_turbine
48,22,0.0,natural_gas_steam_turbine
21,22,0.0,natural_gas_steam_turbine
79,22,3702.9994999999863,nuclear
10,22,418.75575000000003,onshore_wind_turbine
23,22,9836.8886,onshore_wind_turbine
31,22,1546.0078200000003,onshore_wind_turbine
38,22,1022.49,onshore_wind_turbine
50,22,1358.9847599999998,onshore_wind_turbine
63,22,264.3824398824,onshore_wind_turbine
80,22,5565.697479999999,onshore_wind_turbine
94,22,6524.4172,onshore_wind_turbine
105,22,2597.061179097,onshore_wind_turbine
124,22,13450.847140561602,onshore_wind_turbine
136,22,2087.5770300000004,onshore_wind_turbine
144,22,5398.323839999999,onshore_wind_turbine
11,22,19.125,small_hydroelectric
24,22,62.577,small_hydroelectric
32,22,192.0,small_hydroelectric
39,22,52.9,small_hydroelectric
51,22,25.641,small_hydroelectric
64,22,6.128,small_hydroelectric
81,22,241.672,small_hydroelectric
95,22,418.922,small_hydroelectric
106,22,31.614,small_hydroelectric
125,22,100.697,small_hydroelectric
137,22,36.822,small_hydroelectric
145,22,33.21,small_hydroelectric
12,22,0.0,solar_photovoltaic
25,22,0.0,solar_photovoltaic
33,22,0.0,solar_photovoltaic
52,22,0.0,solar_photovoltaic
65,22,0.0,solar_photovoltaic
82,22,0.0,solar_photovoltaic
96,22,0.0,solar_photovoltaic
107,22,0.0,solar_photovoltaic
126,22,0.0,solar_photovoltaic
138,22,0.0,solar_photovoltaic
26,23,11.235,biomass
13,23,15.682,biomass
108,23,137.081,biomass
40,23,5.952,biomass
97,23,178.173,biomass
1,23,16.294,biomass
66,23,228.795,biomass
2,23,890.6325792,conventional_hydroelectric
14,23,103.3007184,conventional_hydroelectric
27,23,819.8444520000013,conventional_hydroelectric
35,23,1451.1148959999998,conventional_hydroelectric
54,23,690.1622640000023,conventional_hydroelectric
67,23,2271.616856330562,conventional_hydroelectric
84,23,16194.913720462218,conventional_hydroelectric
109,23,211.90919603880002,conventional_hydroelectric
128,23,69.73692,conventional_hydroelectric
139,23,91.295232,conventional_hydroelectric
110,23,28.499999999999996,conventional_steam_coal
41,23,0.0,conventional_steam_coal
3,23,0.0,conventional_steam_coal
36,23,0.0,conventional_steam_coal
85,23,0.0,conventional_steam_coal
28,23,74.364,geothermal
116,23,0.0,natural_gas_fired_combined_cycle
73,23,0.0,natural_gas_fired_combined_cycle
71,23,0.0,natural_gas_fired_combined_cycle
44,23,0.0,natural_gas_fired_combined_cycle
115,23,0.0,natural_gas_fired_combined_cycle
70,23,0.0,natural_gas_fired_combined_cycle
131,23,0.0,natural_gas_fired_combined_cycle
18,23,0.0,natural_gas_fired_combined_cycle
72,23,0.0,natural_gas_fired_combined_cycle
114,23,0.0,natural_gas_fired_combined_cycle
45,23,0.0,natural_gas_fired_combined_cycle
78,23,0.0,natural_gas_fired_combustion_turbine
75,23,0.0,natural_gas_fired_combustion_turbine
119,23,0.0,natural_gas_fired_combustion_turbine
117,23,0.0,natural_gas_fired_combustion_turbine
134,23,0.0,natural_gas_fired_combustion_turbine
103,23,0.0,natural_gas_fired_combustion_turbine
47,23,0.0,natural_gas_fired_combustion_turbine
8,23,0.0,natural_gas_fired_combustion_turbine
90,23,0.0,natural_gas_fired_combustion_turbine
60,23,0.0,natural_gas_fired_combustion_turbine
46,23,0.0,natural_gas_fired_combustion_turbine
37,23,0.0,natural_gas_fired_combustion_turbine
7,23,0.0,natural_gas_fired_combustion_turbine
133,23,0.0,natural_gas_fired_combustion_turbine
74,23,0.0,natural_gas_fired_combustion_turbine
20,23,0.0,natural_gas_fired_combustion_turbine
135,23,0.0,natural_gas_fired_combustion_turbine
142,23,0.0,natural_gas_fired_combustion_turbine
121,23,0.0,natural_gas_fired_combustion_turbine
91,23,0.0,natural_gas_fired_combustion_turbine
22,23,0.0,natural_gas_steam_turbine
123,23,0.0,natural_gas_steam_turbine
62,23,0.0,natural_gas_steam_turbine
49,23,0.0,natural_gas_steam_turbine
48,23,0.0,natural_gas_steam_turbine
21,23,0.0,natural_gas_steam_turbine
79,23,1851.4997499999909,nuclear
10,23,240.62696000000003,onshore_wind_turbine
23,23,12015.2032,onshore_wind_turbine
31,23,1037.79634,onshore_wind_turbine
38,23,978.1821,onshore_wind_turbine
50,23,969.44526,onshore_wind_turbine
63,23,323.78472038639995,onshore_wind_turbine
80,23,4530.4349999999995,onshore_wind_turbine
94,23,4413.36,onshore_wind_turbine
105,23,2510.675300364,onshore_wind_turbine
124,23,13126.622027349602,onshore_wind_turbine
136,23,2264.7647400000005,onshore_wind_turbine
144,23,5612.440049999999,onshore_wind_turbine
11,23,19.125,small_hydroelectric
24,23,62.577,small_hydroelectric
32,23,192.0,small_hydroelectric
39,23,52.9,small_hydroelectric
51,23,25.641,small_hydroelectric
64,23,6.128,small_hydroelectric
81,23,241.672,small_hydroelectric
95,23,418.922,small_hydroelectric
106,23,31.614,small_hydroelectric
125,23,100.697,small_hydroelectric
137,23,36.822,small_hydroelectric
145,23,33.21,small_hydroelectric
12,23,0.0,solar_photovoltaic
25,23,0.0,solar_photovoltaic
33,23,0.0,solar_photovoltaic
52,23,0.0,solar_photovoltaic
65,23,0.0,solar_photovoltaic
82,23,0.0,solar_photovoltaic
96,23,0.0,solar_photovoltaic
107,23,0.0,solar_photovoltaic
126,23,0.0,solar_photovoltaic
138,23,0.0,solar_photovoltaic
26,24,0.0,biomass
13,24,0.0,biomass
108,24,0.0,biomass
40,24,0.0,biomass
97,24,0.0,biomass
1,24,0.0,biomass
66,24,0.0,biomass
2,24,661.3444152,conventional_hydroelectric
14,24,64.25718639999998,conventional_hydroelectric
27,24,702.7238160000011,conventional_hydroelectric
35,24,1243.8127679999993,conventional_hydroelectric
54,24,603.891981000002,conventional_hydroelectric
67,24,1667.8742753305623,conventional_hydroelectric
84,24,13783.516546462213,conventional_hydroelectric
109,24,96.0245960388,conventional_hydroelectric
128,24,57.13752000000002,conventional_hydroelectric
139,24,71.96486399999999,conventional_hydroelectric
110,24,0.0,conventional_steam_coal
41,24,0.0,conventional_steam_coal
3,24,0.0,conventional_steam_coal
36,24,0.0,conventional_steam_coal
85,24,0.0,conventional_steam_coal
28,24,0.0,geothermal
116,24,0.0,natural_gas_fired_combined_cycle
73,24,0.0,natural_gas_fired_combined_cycle
71,24,0.0,natural_gas_fired_combined_cycle
44,24,0.0,natural_gas_fired_combined_cycle
115,24,0.0,natural_gas_fired_combined_cycle
70,24,0.0,natural_gas_fired_combined_cycle
131,24,0.0,natural_gas_fired_combined_cycle
18,24,0.0,natural_gas_fired_combined_cycle
72,24,0.0,natural_gas_fired_combined_cycle
114,24,0.0,natural_gas_fired_combined_cycle
45,24,0.0,natural_gas_fired_combined_cycle
78,24,0.0,natural_gas_fired_combustion_turbine
75,24,0.0,natural_gas_fired_combustion_turbine
119,24,0.0,natural_gas_fired_combustion_turbine
117,24,0.0,natural_gas_fired_combustion_turbine
134,24,0.0,natural_gas_fired_combustion_turbine
103,24,0.0,natural_gas_fired_combustion_turbine
47,24,0.0,natural_gas_fired_combustion_turbine
8,24,0.0,natural_gas_fired_combustion_turbine
90,24,0.0,natural_gas_fired_combustion_turbine
60,24,0.0,natural_gas_fired_combustion_turbine
46,24,0.0,natural_gas_fired_combustion_turbine
37,24,0.0,natural_gas_fired_combustion_turbine
7,24,0.0,natural_gas_fired_combustion_turbine
133,24,0.0,natural_gas_fired_combustion_turbine
74,24,0.0,natural_gas_fired_combustion_turbine
20,24,0.0,natural_gas_fired_combustion_turbine
135,24,0.0,natural_gas_fired_combustion_turbine
142,24,0.0,natural_gas_fired_combustion_turbine
121,24,0.0,natural_gas_fired_combustion_turbine
91,24,0.0,natural_gas_fired_combustion_turbine
22,24,0.0,natural_gas_steam_turbine
123,24,0.0,natural_gas_steam_turbine
62,24,0.0,natural_gas_steam_turbine
49,24,0.0,natural_gas_steam_turbine
48,24,0.0,natural_gas_steam_turbine
21,24,0.0,natural_gas_steam_turbine
79,24,0.0,nuclear
10,24,83.93126000000001,onshore_wind_turbine
23,24,10753.6814,onshore_wind_turbine
31,24,4976.43531,onshore_wind_turbine
38,24,1169.0469,onshore_wind_turbine
50,24,557.54958,onshore_wind_turbine
63,24,229.37320010079998,onshore_wind_turbine
80,24,3334.4001599999997,onshore_wind_turbine
94,24,6130.892599999999,onshore_wind_turbine
105,24,2461.171300182,onshore_wind_turbine
124,24,14312.502960648202,onshore_wind_turbine
136,24,1583.8962300000003,onshore_wind_turbine
144,24,8406.764729999999,onshore_wind_turbine
11,24,0.0,small_hydroelectric
24,24,0.0,small_hydroelectric
32,24,0.0,small_hydroelectric
39,24,0.0,small_hydroelectric
51,24,0.0,small_hydroelectric
64,24,0.0,small_hydroelectric
81,24,0.0,small_hydroelectric
95,24,0.0,small_hydroelectric
106,24,0.0,small_hydroelectric
125,24,0.0,small_hydroelectric
137,24,0.0,small_hydroelectric
145,24,0.0,small_hydroelectric
12,24,0.0,solar_photovoltaic
25,24,0.0,solar_photovoltaic
33,24,0.0,solar_photovoltaic
52,24,0.0,solar_photovoltaic
65,24,0.0,solar_photovoltaic
82,24,0.0,solar_photovoltaic
96,24,0.0,solar_photovoltaic
107,24,0.0,solar_photovoltaic
126,24,0.0,solar_photovoltaic
138,24,0.0,solar_photovoltaic
26,25,0.0,biomass
13,25,0.0,biomass
108,25,0.0,biomass
40,25,0.0,biomass
97,25,0.0,biomass
1,25,0.0,biomass
66,25,0.0,biomass
2,25,890.0800775999999,conventional_hydroelectric
14,25,103.30071840000014,conventional_hydroelectric
27,25,585.6031800000009,conventional_hydroelectric
35,25,1036.5106399999988,conventional_hydroelectric
54,25,517.6216980000017,conventional_hydroelectric
67,25,2271.6168563305646,conventional_hydroelectric
84,25,11372.119372462208,conventional_hydroelectric
109,25,211.90919603880033,conventional_hydroelectric
128,25,50.39760000000034,conventional_hydroelectric
139,25,77.32147200000006,conventional_hydroelectric
110,25,0.0,conventional_steam_coal
41,25,0.0,conventional_steam_coal
3,25,0.0,conventional_steam_coal
36,25,0.0,conventional_steam_coal
85,25,0.0,conventional_steam_coal
28,25,74.364,geothermal
116,25,0.0,natural_gas_fired_combined_cycle
73,25,0.0,natural_gas_fired_combined_cycle
71,25,0.0,natural_gas_fired_combined_cycle
44,25,0.0,natural_gas_fired_combined_cycle
115,25,0.0,natural_gas_fired_combined_cycle
70,25,0.0,natural_gas_fired_combined_cycle
131,25,0.0,natural_gas_fired_combined_cycle
18,25,0.0,natural_gas_fired_combined_cycle
72,25,0.0,natural_gas_fired_combined_cycle
114,25,0.0,natural_gas_fired_combined_cycle
45,25,0.0,natural_gas_fired_combined_cycle
78,25,0.0,natural_gas_fired_combustion_turbine
75,25,0.0,natural_gas_fired_combustion_turbine
119,25,0.0,natural_gas_fired_combustion_turbine
117,25,0.0,natural_gas_fired_combustion_turbine
134,25,0.0,natural_gas_fired_combustion_turbine
103,25,0.0,natural_gas_fired_combustion_turbine
47,25,0.0,natural_gas_fired_combustion_turbine
8,25,0.0,natural_gas_fired_combustion_turbine
90,25,0.0,natural_gas_fired_combustion_turbine
60,25,0.0,natural_gas_fired_combustion_turbine
46,25,0.0,natural_gas_fired_combustion_turbine
37,25,0.0,natural_gas_fired_combustion_turbine
7,25,0.0,natural_gas_fired_combustion_turbine
133,25,0.0,natural_gas_fired_combustion_turbine
74,25,0.0,natural_gas_fired_combustion_turbine
20,25,0.0,natural_gas_fired_combustion_turbine
135,25,0.0,natural_gas_fired_combustion_turbine
142,25,0.0,natural_gas_fired_combustion_turbine
121,25,0.0,natural_gas_fired_combustion_turbine
91,25,0.0,natural_gas_fired_combustion_turbine
22,25,0.0,natural_gas_steam_turbine
123,25,0.0,natural_gas_steam_turbine
62,25,0.0,natural_gas_steam_turbine
49,25,0.0,natural_gas_steam_turbine
48,25,0.0,natural_gas_steam_turbine
21,25,0.0,natural_gas_steam_turbine
79,25,0.0,nuclear
10,25,123.91568000000001,onshore_wind_turbine
23,25,10787.2226,onshore_wind_turbine
31,25,3245.19153,onshore_wind_turbine
38,25,1645.0728000000001,onshore_wind_turbine
50,25,1056.8375999999998,onshore_wind_turbine
63,25,148.8866401008,onshore_wind_turbine
80,25,395.8903199999999,onshore_wind_turbine
94,25,10569.9972,onshore_wind_turbine
105,25,2518.912058754,onshore_wind_turbine
124,25,11974.280984527402,onshore_wind_turbine
136,25,2356.5066,onshore_wind_turbine
144,25,7615.18359,onshore_wind_turbine
11,25,19.125,small_hydroelectric
24,25,62.577,small_hydroelectric
32,25,192.0,small_hydroelectric
39,25,52.9,small_hydroelectric
51,25,25.641,small_hydroelectric
64,25,6.128,small_hydroelectric
81,25,241.67199999999997,small_hydroelectric
95,25,418.922,small_hydroelectric
106,25,31.614,small_hydroelectric
125,25,100.697,small_hydroelectric
137,25,36.822,small_hydroelectric
145,25,33.21,small_hydroelectric
12,25,0.0,solar_photovoltaic
25,25,0.0,solar_photovoltaic
33,25,0.0,solar_photovoltaic
52,25,0.0,solar_photovoltaic
65,25,0.0,solar_photovoltaic
82,25,0.0,solar_photovoltaic
96,25,0.0,solar_photovoltaic
107,25,0.0,solar_photovoltaic
126,25,0.0,solar_photovoltaic
138,25,0.0,solar_photovoltaic
26,26,11.235,biomass
13,26,15.682,biomass
108,26,137.081,biomass
40,26,5.952,biomass
97,26,178.17299999999994,biomass
1,26,16.294,biomass
66,26,228.795,biomass
2,26,687.8644920000006,conventional_hydroelectric
14,26,103.72408199999998,conventional_hydroelectric
27,26,468.48254400000064,conventional_hydroelectric
35,26,829.2085119999983,conventional_hydroelectric
54,26,431.35141500000145,conventional_hydroelectric
67,26,1811.2277430000045,conventional_hydroelectric
84,26,8960.722198462203,conventional_hydroelectric
109,26,213.5067671724,conventional_hydroelectric
128,26,37.798199999999824,conventional_hydroelectric
139,26,57.99110400000002,conventional_hydroelectric
110,26,28.499999999999996,conventional_steam_coal
41,26,0.0,conventional_steam_coal
3,26,0.0,conventional_steam_coal
36,26,0.0,conventional_steam_coal
85,26,0.0,conventional_steam_coal
28,26,74.364,geothermal
116,26,0.0,natural_gas_fired_combined_cycle
73,26,0.0,natural_gas_fired_combined_cycle
71,26,0.0,natural_gas_fired_combined_cycle
44,26,0.0,natural_gas_fired_combined_cycle
115,26,0.0,natural_gas_fired_combined_cycle
70,26,0.0,natural_gas_fired_combined_cycle
131,26,0.0,natural_gas_fired_combined_cycle
18,26,0.0,natural_gas_fired_combined_cycle
72,26,0.0,natural_gas_fired_combined_cycle
114,26,0.0,natural_gas_fired_combined_cycle
45,26,0.0,natural_gas_fired_combined_cycle
78,26,0.0,natural_gas_fired_combustion_turbine
75,26,0.0,natural_gas_fired_combustion_turbine
119,26,0.0,natural_gas_fired_combustion_turbine
117,26,0.0,natural_gas_fired_combustion_turbine
134,26,0.0,natural_gas_fired_combustion_turbine
103,26,0.0,natural_gas_fired_combustion_turbine
47,26,0.0,natural_gas_fired_combustion_turbine
8,26,0.0,natural_gas_fired_combustion_turbine
90,26,0.0,natural_gas_fired_combustion_turbine
60,26,0.0,natural_gas_fired_combustion_turbine
46,26,0.0,natural_gas_fired_combustion_turbine
37,26,0.0,natural_gas_fired_combustion_turbine
7,26,0.0,natural_gas_fired_combustion_turbine
133,26,0.0,natural_gas_fired_combustion_turbine
74,26,0.0,natural_gas_fired_combustion_turbine
20,26,0.0,natural_gas_fired_combustion_turbine
135,26,0.0,natural_gas_fired_combustion_turbine
142,26,0.0,natural_gas_fired_combustion_turbine
121,26,0.0,natural_gas_fired_combustion_turbine
91,26,0.0,natural_gas_fired_combustion_turbine
22,26,0.0,natural_gas_steam_turbine
123,26,0.0,natural_gas_steam_turbine
62,26,0.0,natural_gas_steam_turbine
49,26,0.0,natural_gas_steam_turbine
48,26,0.0,natural_gas_steam_turbine
21,26,0.0,natural_gas_steam_turbine
79,26,1851.49975,nuclear
10,26,220.99497000000002,onshore_wind_turbine
23,26,10796.5396,onshore_wind_turbine
31,26,2435.37791,onshore_wind_turbine
38,26,1925.6895000000002,onshore_wind_turbine
50,26,880.698,onshore_wind_turbine
63,26,123.0034397592,onshore_wind_turbine
80,26,56.68852,onshore_wind_turbine
94,26,10308.8734,onshore_wind_turbine
105,26,2566.5292783620002,onshore_wind_turbine
124,26,9520.211324962802,onshore_wind_turbine
136,26,1772.77653,onshore_wind_turbine
144,26,7894.183499999999,onshore_wind_turbine
11,26,19.125,small_hydroelectric
24,26,62.577,small_hydroelectric
32,26,192.0,small_hydroelectric
39,26,52.9,small_hydroelectric
51,26,25.641,small_hydroelectric
64,26,6.128,small_hydroelectric
81,26,241.672,small_hydroelectric
95,26,418.922,small_hydroelectric
106,26,31.614,small_hydroelectric
125,26,100.697,small_hydroelectric
137,26,36.822,small_hydroelectric
145,26,33.21,small_hydroelectric
12,26,0.0,solar_photovoltaic
25,26,0.0,solar_photovoltaic
33,26,0.0,solar_photovoltaic
52,26,0.0,solar_photovoltaic
65,26,0.0,solar_photovoltaic
82,26,0.0,solar_photovoltaic
96,26,0.0,solar_photovoltaic
107,26,0.0,solar_photovoltaic
126,26,0.0,solar_photovoltaic
138,26,0.0,solar_photovoltaic
26,27,0.0,biomass
13,27,0.0,biomass
108,27,0.0,biomass
40,27,0.0,biomass
97,27,0.0,biomass
1,27,0.0,biomass
66,27,0.0,biomass
2,27,458.57632800000033,conventional_hydroelectric
14,27,64.68054999999997,conventional_hydroelectric
27,27,351.3619080000004,conventional_hydroelectric
35,27,621.9063839999978,conventional_hydroelectric
54,27,345.08113200000116,conventional_hydroelectric
67,27,1207.485162000001,conventional_hydroelectric
84,27,6549.325024462198,conventional_hydroelectric
109,27,97.62216717240062,conventional_hydroelectric
128,27,25.198799999999927,conventional_hydroelectric
139,27,38.66073599999999,conventional_hydroelectric
110,27,0.0,conventional_steam_coal
41,27,0.0,conventional_steam_coal
3,27,0.0,conventional_steam_coal
36,27,0.0,conventional_steam_coal
85,27,0.0,conventional_steam_coal
28,27,0.0,geothermal
116,27,0.0,natural_gas_fired_combined_cycle
73,27,0.0,natural_gas_fired_combined_cycle
71,27,0.0,natural_gas_fired_combined_cycle
44,27,0.0,natural_gas_fired_combined_cycle
115,27,0.0,natural_gas_fired_combined_cycle
70,27,0.0,natural_gas_fired_combined_cycle
131,27,0.0,natural_gas_fired_combined_cycle
18,27,0.0,natural_gas_fired_combined_cycle
72,27,0.0,natural_gas_fired_combined_cycle
114,27,0.0,natural_gas_fired_combined_cycle
45,27,0.0,natural_gas_fired_combined_cycle
78,27,0.0,natural_gas_fired_combustion_turbine
75,27,0.0,natural_gas_fired_combustion_turbine
119,27,0.0,natural_gas_fired_combustion_turbine
117,27,0.0,natural_gas_fired_combustion_turbine
134,27,0.0,natural_gas_fired_combustion_turbine
103,27,0.0,natural_gas_fired_combustion_turbine
47,27,0.0,natural_gas_fired_combustion_turbine
8,27,0.0,natural_gas_fired_combustion_turbine
90,27,0.0,natural_gas_fired_combustion_turbine
60,27,0.0,natural_gas_fired_combustion_turbine
46,27,0.0,natural_gas_fired_combustion_turbine
37,27,0.0,natural_gas_fired_combustion_turbine
7,27,0.0,natural_gas_fired_combustion_turbine
133,27,0.0,natural_gas_fired_combustion_turbine
74,27,0.0,natural_gas_fired_combustion_turbine
20,27,0.0,natural_gas_fired_combustion_turbine
135,27,0.0,natural_gas_fired_combustion_turbine
142,27,0.0,natural_gas_fired_combustion_turbine
121,27,0.0,natural_gas_fired_combustion_turbine
91,27,0.0,natural_gas_fired_combustion_turbine
22,27,0.0,natural_gas_steam_turbine
123,27,0.0,natural_gas_steam_turbine
62,27,0.0,natural_gas_steam_turbine
49,27,0.0,natural_gas_steam_turbine
48,27,0.0,natural_gas_steam_turbine
21,27,0.0,natural_gas_steam_turbine
79,27,0.0,nuclear
10,27,387.77683,onshore_wind_turbine
23,27,10608.3362,onshore_wind_turbine
31,27,2243.01749,onshore_wind_turbine
38,27,3250.3821000000003,onshore_wind_turbine
50,27,756.7228199999998,onshore_wind_turbine
63,27,182.58687963039998,onshore_wind_turbine
80,27,39.031439999999996,onshore_wind_turbine
94,27,16362.532200000001,onshore_wind_turbine
105,27,2400.129901218,onshore_wind_turbine
124,27,10921.718363802402,onshore_wind_turbine
136,27,1304.1735,onshore_wind_turbine
144,27,8348.3694,onshore_wind_turbine
11,27,0.0,small_hydroelectric
24,27,0.0,small_hydroelectric
32,27,0.0,small_hydroelectric
39,27,0.0,small_hydroelectric
51,27,0.0,small_hydroelectric
64,27,0.0,small_hydroelectric
81,27,0.0,small_hydroelectric
95,27,0.0,small_hydroelectric
106,27,0.0,small_hydroelectric
125,27,0.0,small_hydroelectric
137,27,0.0,small_hydroelectric
145,27,0.0,small_hydroelectric
12,27,0.0,solar_photovoltaic
25,27,0.0,solar_photovoltaic
33,27,0.0,solar_photovoltaic
52,27,0.0,solar_photovoltaic
65,27,0.0,solar_photovoltaic
82,27,0.0,solar_photovoltaic
96,27,0.0,solar_photovoltaic
107,27,0.0,solar_photovoltaic
126,27,0.0,solar_photovoltaic
138,27,0.0,solar_photovoltaic
26,28,0.0,biomass
13,28,0.0,biomass
108,28,0.0,biomass
40,28,0.0,biomass
97,28,0.0,biomass
1,28,0.0,biomass
66,28,0.0,biomass
2,28,229.28816400000014,conventional_hydroelectric
14,28,25.637017999999944,conventional_hydroelectric
27,28,234.2412720000002,conventional_hydroelectric
35,28,414.60425599999735,conventional_hydroelectric
54,28,258.81084900000087,conventional_hydroelectric
67,28,603.7425809999984,conventional_hydroelectric
84,28,4137.9278504621925,conventional_hydroelectric
109,28,0.0,conventional_hydroelectric
128,28,12.599399999999974,conventional_hydroelectric
139,28,19.330367999999964,conventional_hydroelectric
110,28,0.0,conventional_steam_coal
41,28,0.0,conventional_steam_coal
3,28,0.0,conventional_steam_coal
36,28,0.0,conventional_steam_coal
85,28,0.0,conventional_steam_coal
28,28,0.0,geothermal
116,28,0.0,natural_gas_fired_combined_cycle
73,28,0.0,natural_gas_fired_combined_cycle
71,28,0.0,natural_gas_fired_combined_cycle
44,28,0.0,natural_gas_fired_combined_cycle
115,28,0.0,natural_gas_fired_combined_cycle
70,28,0.0,natural_gas_fired_combined_cycle
131,28,0.0,natural_gas_fired_combined_cycle
18,28,0.0,natural_gas_fired_combined_cycle
72,28,0.0,natural_gas_fired_combined_cycle
114,28,0.0,natural_gas_fired_combined_cycle
45,28,0.0,natural_gas_fired_combined_cycle
78,28,0.0,natural_gas_fired_combustion_turbine
75,28,0.0,natural_gas_fired_combustion_turbine
119,28,0.0,natural_gas_fired_combustion_turbine
117,28,0.0,natural_gas_fired_combustion_turbine
134,28,0.0,natural_gas_fired_combustion_turbine
103,28,0.0,natural_gas_fired_combustion_turbine
47,28,0.0,natural_gas_fired_combustion_turbine
8,28,0.0,natural_gas_fired_combustion_turbine
90,28,0.0,natural_gas_fired_combustion_turbine
60,28,0.0,natural_gas_fired_combustion_turbine
46,28,0.0,natural_gas_fired_combustion_turbine
37,28,0.0,natural_gas_fired_combustion_turbine
7,28,0.0,natural_gas_fired_combustion_turbine
133,28,0.0,natural_gas_fired_combustion_turbine
74,28,0.0,natural_gas_fired_combustion_turbine
20,28,0.0,natural_gas_fired_combustion_turbine
135,28,0.0,natural_gas_fired_combustion_turbine
142,28,0.0,natural_gas_fired_combustion_turbine
121,28,0.0,natural_gas_fired_combustion_turbine
91,28,0.0,natural_gas_fired_combustion_turbine
22,28,0.0,natural_gas_steam_turbine
123,28,0.0,natural_gas_steam_turbine
62,28,0.0,natural_gas_steam_turbine
49,28,0.0,natural_gas_steam_turbine
48,28,0.0,natural_gas_steam_turbine
21,28,0.0,natural_gas_steam_turbine
79,28,0.0,nuclear
10,28,489.89920000000006,onshore_wind_turbine
23,28,9803.3474,onshore_wind_turbine
31,28,2235.89303,onshore_wind_turbine
38,28,3708.7984500000002,onshore_wind_turbine
50,28,884.7627599999998,onshore_wind_turbine
63,28,172.57044010639999,onshore_wind_turbine
80,28,54.829879999999996,onshore_wind_turbine
94,28,19293.7388,onshore_wind_turbine
105,28,2361.785719881,onshore_wind_turbine
124,28,15278.4811101846,onshore_wind_turbine
136,28,1648.6551900000002,onshore_wind_turbine
144,28,7230.206969999999,onshore_wind_turbine
11,28,0.0,small_hydroelectric
24,28,0.0,small_hydroelectric
32,28,0.0,small_hydroelectric
39,28,0.0,small_hydroelectric
51,28,0.0,small_hydroelectric
64,28,0.0,small_hydroelectric
81,28,0.0,small_hydroelectric
95,28,0.0,small_hydroelectric
106,28,0.0,small_hydroelectric
125,28,0.0,small_hydroelectric
137,28,0.0,small_hydroelectric
145,28,0.0,small_hydroelectric
12,28,0.0,solar_photovoltaic
25,28,0.0,solar_photovoltaic
33,28,0.0,solar_photovoltaic
52,28,0.0,solar_photovoltaic
65,28,0.0,solar_photovoltaic
82,28,0.0,solar_photovoltaic
96,28,0.0,solar_photovoltaic
107,28,0.0,solar_photovoltaic
126,28,0.0,solar_photovoltaic
138,28,0.0,solar_photovoltaic
26,29,0.0,biomass
13,29,0.0,biomass
108,29,0.0,biomass
40,29,0.0,biomass
97,29,0.0,biomass
1,29,0.0,biomass
66,29,0.0,biomass
2,29,0.0,conventional_hydroelectric
14,29,0.0,conventional_hydroelectric
27,29,117.12063599999999,conventional_hydroelectric
35,29,207.30212799999686,conventional_hydroelectric
54,29,172.54056600000058,conventional_hydroelectric
67,29,0.0,conventional_hydroelectric
84,29,1726.5306764621873,conventional_hydroelectric
109,29,0.0,conventional_hydroelectric
128,29,0.0,conventional_hydroelectric
139,29,0.0,conventional_hydroelectric
110,29,0.0,conventional_steam_coal
41,29,0.0,conventional_steam_coal
3,29,0.0,conventional_steam_coal
36,29,0.0,conventional_steam_coal
85,29,0.0,conventional_steam_coal
28,29,0.0,geothermal
116,29,0.0,natural_gas_fired_combined_cycle
73,29,0.0,natural_gas_fired_combined_cycle
71,29,0.0,natural_gas_fired_combined_cycle
44,29,0.0,natural_gas_fired_combined_cycle
115,29,0.0,natural_gas_fired_combined_cycle
70,29,0.0,natural_gas_fired_combined_cycle
131,29,0.0,natural_gas_fired_combined_cycle
18,29,0.0,natural_gas_fired_combined_cycle
72,29,0.0,natural_gas_fired_combined_cycle
114,29,0.0,natural_gas_fired_combined_cycle
45,29,0.0,natural_gas_fired_combined_cycle
78,29,0.0,natural_gas_fired_combustion_turbine
75,29,0.0,natural_gas_fired_combustion_turbine
119,29,0.0,natural_gas_fired_combustion_turbine
117,29,0.0,natural_gas_fired_combustion_turbine
134,29,0.0,natural_gas_fired_combustion_turbine
103,29,0.0,natural_gas_fired_combustion_turbine
47,29,0.0,natural_gas_fired_combustion_turbine
8,29,0.0,natural_gas_fired_combustion_turbine
90,29,0.0,natural_gas_fired_combustion_turbine
60,29,0.0,natural_gas_fired_combustion_turbine
46,29,0.0,natural_gas_fired_combustion_turbine
37,29,0.0,natural_gas_fired_combustion_turbine
7,29,0.0,natural_gas_fired_combustion_turbine
133,29,0.0,natural_gas_fired_combustion_turbine
74,29,0.0,natural_gas_fired_combustion_turbine
20,29,0.0,natural_gas_fired_combustion_turbine
135,29,0.0,natural_gas_fired_combustion_turbine
142,29,0.0,natural_gas_fired_combustion_turbine
121,29,0.0,natural_gas_fired_combustion_turbine
91,29,0.0,natural_gas_fired_combustion_turbine
22,29,0.0,natural_gas_steam_turbine
123,29,0.0,natural_gas_steam_turbine
62,29,0.0,natural_gas_steam_turbine
49,29,0.0,natural_gas_steam_turbine
48,29,0.0,natural_gas_steam_turbine
21,29,0.0,natural_gas_steam_turbine
79,29,0.0,nuclear
10,29,336.8057,onshore_wind_turbine
23,29,12143.7778,onshore_wind_turbine
31,29,3608.53899,onshore_wind_turbine
38,29,3220.2754499999996,onshore_wind_turbine
50,29,1293.9486,onshore_wind_turbine
63,29,86.5272802688,onshore_wind_turbine
80,29,26.020959999999995,onshore_wind_turbine
94,29,20180.0886,onshore_wind_turbine
105,29,2496.959499615,onshore_wind_turbine
124,29,18068.788780534804,onshore_wind_turbine
136,29,1672.9398,onshore_wind_turbine
144,29,7290.76509,onshore_wind_turbine
11,29,0.0,small_hydroelectric
24,29,0.0,small_hydroelectric
32,29,0.0,small_hydroelectric
39,29,0.0,small_hydroelectric
51,29,0.0,small_hydroelectric
64,29,0.0,small_hydroelectric
81,29,0.0,small_hydroelectric
95,29,0.0,small_hydroelectric
106,29,0.0,small_hydroelectric
125,29,0.0,small_hydroelectric
137,29,0.0,small_hydroelectric
145,29,0.0,small_hydroelectric
12,29,0.0,solar_photovoltaic
25,29,0.0,solar_photovoltaic
33,29,0.0,solar_photovoltaic
52,29,0.0,solar_photovoltaic
65,29,0.0,solar_photovoltaic
82,29,0.0,solar_photovoltaic
96,29,0.0,solar_photovoltaic
107,29,0.0,solar_photovoltaic
126,29,0.0,solar_photovoltaic
138,29,0.0,solar_photovoltaic
26,30,0.0,biomass
13,30,0.0,biomass
108,30,0.0,biomass
40,30,0.0,biomass
97,30,0.0,biomass
1,30,0.0,biomass
66,30,0.0,biomass
2,30,0.0,conventional_hydroelectric
14,30,0.0,conventional_hydroelectric
27,30,0.0,conventional_hydroelectric
35,30,0.0,conventional_hydroelectric
54,30,86.27028300000029,conventional_hydroelectric
67,30,0.0,conventional_hydroelectric
84,30,0.0,conventional_hydroelectric
109,30,0.0,conventional_hydroelectric
128,30,0.0,conventional_hydroelectric
139,30,0.0,conventional_hydroelectric
110,30,0.0,conventional_steam_coal
41,30,0.0,conventional_steam_coal
3,30,0.0,conventional_steam_coal
36,30,0.0,conventional_steam_coal
85,30,0.0,conventional_steam_coal
28,30,0.0,geothermal
116,30,0.0,natural_gas_fired_combined_cycle
73,30,0.0,natural_gas_fired_combined_cycle
71,30,0.0,natural_gas_fired_combined_cycle
44,30,0.0,natural_gas_fired_combined_cycle
115,30,0.0,natural_gas_fired_combined_cycle
70,30,0.0,natural_gas_fired_combined_cycle
131,30,0.0,natural_gas_fired_combined_cycle
18,30,0.0,natural_gas_fired_combined_cycle
72,30,0.0,natural_gas_fired_combined_cycle
114,30,0.0,natural_gas_fired_combined_cycle
45,30,0.0,natural_gas_fired_combined_cycle
78,30,0.0,natural_gas_fired_combustion_turbine
75,30,0.0,natural_gas_fired_combustion_turbine
119,30,0.0,natural_gas_fired_combustion_turbine
117,30,0.0,natural_gas_fired_combustion_turbine
134,30,0.0,natural_gas_fired_combustion_turbine
103,30,0.0,natural_gas_fired_combustion_turbine
47,30,0.0,natural_gas_fired_combustion_turbine
8,30,0.0,natural_gas_fired_combustion_turbine
90,30,0.0,natural_gas_fired_combustion_turbine
60,30,0.0,natural_gas_fired_combustion_turbine
46,30,0.0,natural_gas_fired_combustion_turbine
37,30,0.0,natural_gas_fired_combustion_turbine
7,30,0.0,natural_gas_fired_combustion_turbine
133,30,0.0,natural_gas_fired_combustion_turbine
74,30,0.0,natural_gas_fired_combustion_turbine
20,30,0.0,natural_gas_fired_combustion_turbine
135,30,0.0,natural_gas_fired_combustion_turbine
142,30,0.0,natural_gas_fired_combustion_turbine
121,30,0.0,natural_gas_fired_combustion_turbine
91,30,0.0,natural_gas_fired_combustion_turbine
22,30,0.0,natural_gas_steam_turbine
123,30,0.0,natural_gas_steam_turbine
62,30,0.0,natural_gas_steam_turbine
49,30,0.0,natural_gas_steam_turbine
48,30,0.0,natural_gas_steam_turbine
21,30,0.0,natural_gas_steam_turbine
79,30,0.0,nuclear
10,30,568.9674900000001,onshore_wind_turbine
23,30,11856.814199999999,onshore_wind_turbine
31,30,5729.25325,onshore_wind_turbine
38,30,4018.95375,onshore_wind_turbine
50,30,1430.79552,onshore_wind_turbine
63,30,10.248000291199999,onshore_wind_turbine
80,30,31.596879999999995,onshore_wind_turbine
94,30,18027.95533274736,onshore_wind_turbine
105,30,2401.5702207420004,onshore_wind_turbine
124,30,12124.328638514402,onshore_wind_turbine
136,30,2377.19349,onshore_wind_turbine
144,30,6501.346739999999,onshore_wind_turbine
11,30,0.0,small_hydroelectric
24,30,0.0,small_hydroelectric
32,30,0.0,small_hydroelectric
39,30,0.0,small_hydroelectric
51,30,0.0,small_hydroelectric
64,30,0.0,small_hydroelectric
81,30,0.0,small_hydroelectric
95,30,0.0,small_hydroelectric
106,30,0.0,small_hydroelectric
125,30,0.0,small_hydroelectric
137,30,0.0,small_hydroelectric
145,30,0.0,small_hydroelectric
12,30,1101.7188,solar_photovoltaic
25,30,1142.6522799999998,solar_photovoltaic
33,30,0.52815,solar_photovoltaic
52,30,1604.9199599999993,solar_photovoltaic
65,30,525.0532082278,solar_photovoltaic
82,30,0.0,solar_photovoltaic
96,30,0.0,solar_photovoltaic
107,30,0.0,solar_photovoltaic
126,30,0.0,solar_photovoltaic
138,30,840.61901,solar_photovoltaic
26,31,0.0,biomass
13,31,0.0,biomass
108,31,0.0,biomass
40,31,0.0,biomass
97,31,0.0,biomass
1,31,0.0,biomass
66,31,0.0,biomass
2,31,0.0,conventional_hydroelectric
14,31,0.0,conventional_hydroelectric
27,31,0.0,conventional_hydroelectric
35,31,0.0,conventional_hydroelectric
54,31,0.0,conventional_hydroelectric
67,31,0.0,conventional_hydroelectric
84,31,0.0,conventional_hydroelectric
109,31,0.0,conventional_hydroelectric
128,31,0.0,conventional_hydroelectric
139,31,0.0,conventional_hydroelectric
110,31,0.0,conventional_steam_coal
41,31,0.0,conventional_steam_coal
3,31,0.0,conventional_steam_coal
36,31,0.0,conventional_steam_coal
85,31,0.0,conventional_steam_coal
28,31,0.0,geothermal
116,31,0.0,natural_gas_fired_combined_cycle
73,31,0.0,natural_gas_fired_combined_cycle
71,31,0.0,natural_gas_fired_combined_cycle
44,31,0.0,natural_gas_fired_combined_cycle
115,31,0.0,natural_gas_fired_combined_cycle
70,31,0.0,natural_gas_fired_combined_cycle
131,31,0.0,natural_gas_fired_combined_cycle
18,31,0.0,natural_gas_fired_combined_cycle
72,31,0.0,natural_gas_fired_combined_cycle
114,31,0.0,natural_gas_fired_combined_cycle
45,31,0.0,natural_gas_fired_combined_cycle
78,31,0.0,natural_gas_fired_combustion_turbine
75,31,0.0,natural_gas_fired_combustion_turbine
119,31,0.0,natural_gas_fired_combustion_turbine
117,31,0.0,natural_gas_fired_combustion_turbine
134,31,0.0,natural_gas_fired_combustion_turbine
103,31,0.0,natural_gas_fired_combustion_turbine
47,31,0.0,natural_gas_fired_combustion_turbine
8,31,0.0,natural_gas_fired_combustion_turbine
90,31,0.0,natural_gas_fired_combustion_turbine
60,31,0.0,natural_gas_fired_combustion_turbine
46,31,0.0,natural_gas_fired_combustion_turbine
37,31,0.0,natural_gas_fired_combustion_turbine
7,31,0.0,natural_gas_fired_combustion_turbine
133,31,0.0,natural_gas_fired_combustion_turbine
74,31,0.0,natural_gas_fired_combustion_turbine
20,31,0.0,natural_gas_fired_combustion_turbine
135,31,0.0,natural_gas_fired_combustion_turbine
142,31,0.0,natural_gas_fired_combustion_turbine
121,31,0.0,natural_gas_fired_combustion_turbine
91,31,0.0,natural_gas_fired_combustion_turbine
22,31,0.0,natural_gas_steam_turbine
123,31,0.0,natural_gas_steam_turbine
62,31,0.0,natural_gas_steam_turbine
49,31,0.0,natural_gas_steam_turbine
48,31,0.0,natural_gas_steam_turbine
21,31,0.0,natural_gas_steam_turbine
79,31,0.0,nuclear
10,31,457.83962,onshore_wind_turbine
23,31,10831.9442,onshore_wind_turbine
31,31,6332.457530000001,onshore_wind_turbine
38,31,3771.8520000000003,onshore_wind_turbine
50,31,1473.4754999999998,onshore_wind_turbine
63,31,11.8020003864,onshore_wind_turbine
80,31,0.0,onshore_wind_turbine
94,31,19140.235074904398,onshore_wind_turbine
105,31,2279.40159951,onshore_wind_turbine
124,31,12130.927682858603,onshore_wind_turbine
136,31,2084.87874,onshore_wind_turbine
144,31,7416.206909999999,onshore_wind_turbine
11,31,0.0,small_hydroelectric
24,31,0.0,small_hydroelectric
32,31,0.0,small_hydroelectric
39,31,0.0,small_hydroelectric
51,31,0.0,small_hydroelectric
64,31,0.0,small_hydroelectric
81,31,0.0,small_hydroelectric
95,31,0.0,small_hydroelectric
106,31,0.0,small_hydroelectric
125,31,0.0,small_hydroelectric
137,31,0.0,small_hydroelectric
145,31,0.0,small_hydroelectric
12,31,0.0,solar_photovoltaic
25,31,2035.3260199999995,solar_photovoltaic
33,31,412.6612,solar_photovoltaic
52,31,3267.20786,solar_photovoltaic
65,31,6994.070570128601,solar_photovoltaic
82,31,3482.4814499999998,solar_photovoltaic
96,31,256.39284999999995,solar_photovoltaic
107,31,6234.6749576615,solar_photovoltaic
126,31,9195.026254550501,solar_photovoltaic
138,31,1994.47248,solar_photovoltaic
26,32,0.0,biomass
13,32,0.0,biomass
108,32,0.0,biomass
40,32,0.0,biomass
97,32,0.0,biomass
1,32,0.0,biomass
66,32,0.0,biomass
2,32,0.0,conventional_hydroelectric
14,32,0.0,conventional_hydroelectric
27,32,0.0,conventional_hydroelectric
35,32,0.0,conventional_hydroelectric
54,32,0.0,conventional_hydroelectric
67,32,0.0,conventional_hydroelectric
84,32,0.0,conventional_hydroelectric
109,32,0.0,conventional_hydroelectric
128,32,0.0,conventional_hydroelectric
139,32,0.0,conventional_hydroelectric
110,32,0.0,conventional_steam_coal
41,32,0.0,conventional_steam_coal
3,32,0.0,conventional_steam_coal
36,32,0.0,conventional_steam_coal
85,32,0.0,conventional_steam_coal
28,32,0.0,geothermal
116,32,0.0,natural_gas_fired_combined_cycle
73,32,0.0,natural_gas_fired_combined_cycle
71,32,0.0,natural_gas_fired_combined_cycle
44,32,0.0,natural_gas_fired_combined_cycle
115,32,0.0,natural_gas_fired_combined_cycle
70,32,0.0,natural_gas_fired_combined_cycle
131,32,0.0,natural_gas_fired_combined_cycle
18,32,0.0,natural_gas_fired_combined_cycle
72,32,0.0,natural_gas_fired_combined_cycle
114,32,0.0,natural_gas_fired_combined_cycle
45,32,0.0,natural_gas_fired_combined_cycle
78,32,0.0,natural_gas_fired_combustion_turbine
75,32,0.0,natural_gas_fired_combustion_turbine
119,32,0.0,natural_gas_fired_combustion_turbine
117,32,0.0,natural_gas_fired_combustion_turbine
134,32,0.0,natural_gas_fired_combustion_turbine
103,32,0.0,natural_gas_fired_combustion_turbine
47,32,0.0,natural_gas_fired_combustion_turbine
8,32,0.0,natural_gas_fired_combustion_turbine
90,32,0.0,natural_gas_fired_combustion_turbine
60,32,0.0,natural_gas_fired_combustion_turbine
46,32,0.0,natural_gas_fired_combustion_turbine
37,32,0.0,natural_gas_fired_combustion_turbine
7,32,0.0,natural_gas_fired_combustion_turbine
133,32,0.0,natural_gas_fired_combustion_turbine
74,32,0.0,natural_gas_fired_combustion_turbine
20,32,0.0,natural_gas_fired_combustion_turbine
135,32,0.0,natural_gas_fired_combustion_turbine
142,32,0.0,natural_gas_fired_combustion_turbine
121,32,0.0,natural_gas_fired_combustion_turbine
91,32,0.0,natural_gas_fired_combustion_turbine
22,32,0.0,natural_gas_steam_turbine
123,32,0.0,natural_gas_steam_turbine
62,32,0.0,natural_gas_steam_turbine
49,32,0.0,natural_gas_steam_turbine
48,32,0.0,natural_gas_steam_turbine
21,32,0.0,natural_gas_steam_turbine
79,32,0.0,nuclear
10,32,423.2585,onshore_wind_turbine
23,32,5006.9558,onshore_wind_turbine
31,32,6353.830910000001,onshore_wind_turbine
38,32,2786.8532999999998,onshore_wind_turbine
50,32,637.48986,onshore_wind_turbine
63,32,34.3722400336,onshore_wind_turbine
80,32,0.0,onshore_wind_turbine
94,32,18617.0236,onshore_wind_turbine
105,32,1779.270359412,onshore_wind_turbine
124,32,15331.382565391203,onshore_wind_turbine
136,32,985.7752800000002,onshore_wind_turbine
144,32,2740.25493,onshore_wind_turbine
11,32,0.0,small_hydroelectric
24,32,0.0,small_hydroelectric
32,32,0.0,small_hydroelectric
39,32,0.0,small_hydroelectric
51,32,0.0,small_hydroelectric
64,32,0.0,small_hydroelectric
81,32,0.0,small_hydroelectric
95,32,0.0,small_hydroelectric
106,32,0.0,small_hydroelectric
125,32,0.0,small_hydroelectric
137,32,0.0,small_hydroelectric
145,32,0.0,small_hydroelectric
12,32,5583.02179197471,solar_photovoltaic
25,32,2589.0901399999966,solar_photovoltaic
33,32,797.68255,solar_photovoltaic
52,32,0.0,solar_photovoltaic
65,32,11555.655723794001,solar_photovoltaic
82,32,0.0,solar_photovoltaic
96,32,561.86032,solar_photovoltaic
107,32,10522.72094853,solar_photovoltaic
126,32,15038.6717608645,solar_photovoltaic
138,32,2756.0979599999996,solar_photovoltaic
26,33,0.0,biomass
13,33,0.0,biomass
108,33,0.0,biomass
40,33,0.0,biomass
97,33,0.0,biomass
1,33,0.0,biomass
66,33,0.0,biomass
2,33,0.0,conventional_hydroelectric
14,33,0.0,conventional_hydroelectric
27,33,0.0,conventional_hydroelectric
35,33,0.0,conventional_hydroelectric
54,33,0.0,conventional_hydroelectric
67,33,0.0,conventional_hydroelectric
84,33,0.0,conventional_hydroelectric
109,33,0.0,conventional_hydroelectric
128,33,0.0,conventional_hydroelectric
139,33,0.0,conventional_hydroelectric
110,33,0.0,conventional_steam_coal
41,33,0.0,conventional_steam_coal
3,33,0.0,conventional_steam_coal
36,33,0.0,conventional_steam_coal
85,33,0.0,conventional_steam_coal
28,33,0.0,geothermal
116,33,0.0,natural_gas_fired_combined_cycle
73,33,0.0,natural_gas_fired_combined_cycle
71,33,0.0,natural_gas_fired_combined_cycle
44,33,0.0,natural_gas_fired_combined_cycle
115,33,0.0,natural_gas_fired_combined_cycle
70,33,0.0,natural_gas_fired_combined_cycle
131,33,0.0,natural_gas_fired_combined_cycle
18,33,0.0,natural_gas_fired_combined_cycle
72,33,0.0,natural_gas_fired_combined_cycle
114,33,0.0,natural_gas_fired_combined_cycle
45,33,0.0,natural_gas_fired_combined_cycle
78,33,0.0,natural_gas_fired_combustion_turbine
75,33,0.0,natural_gas_fired_combustion_turbine
119,33,0.0,natural_gas_fired_combustion_turbine
117,33,0.0,natural_gas_fired_combustion_turbine
134,33,0.0,natural_gas_fired_combustion_turbine
103,33,0.0,natural_gas_fired_combustion_turbine
47,33,0.0,natural_gas_fired_combustion_turbine
8,33,0.0,natural_gas_fired_combustion_turbine
90,33,0.0,natural_gas_fired_combustion_turbine
60,33,0.0,natural_gas_fired_combustion_turbine
46,33,0.0,natural_gas_fired_combustion_turbine
37,33,0.0,natural_gas_fired_combustion_turbine
7,33,0.0,natural_gas_fired_combustion_turbine
133,33,0.0,natural_gas_fired_combustion_turbine
74,33,0.0,natural_gas_fired_combustion_turbine
20,33,0.0,natural_gas_fired_combustion_turbine
135,33,0.0,natural_gas_fired_combustion_turbine
142,33,0.0,natural_gas_fired_combustion_turbine
121,33,0.0,natural_gas_fired_combustion_turbine
91,33,0.0,natural_gas_fired_combustion_turbine
22,33,0.0,natural_gas_steam_turbine
123,33,0.0,natural_gas_steam_turbine
62,33,0.0,natural_gas_steam_turbine
49,33,0.0,natural_gas_steam_turbine
48,33,0.0,natural_gas_steam_turbine
21,33,0.0,natural_gas_steam_turbine
79,33,0.0,nuclear
10,33,504.66822,onshore_wind_turbine
23,33,0.0,onshore_wind_turbine
31,33,6762.2999500000005,onshore_wind_turbine
38,33,2312.53155,onshore_wind_turbine
50,33,346.85952,onshore_wind_turbine
63,33,94.1841597648,onshore_wind_turbine
80,33,1.8586399999999998,onshore_wind_turbine
94,33,21342.273400000002,onshore_wind_turbine
105,33,87.878559804,onshore_wind_turbine
124,33,14981.275609762002,onshore_wind_turbine
136,33,834.6710400000001,onshore_wind_turbine
144,33,3473.4407399999996,onshore_wind_turbine
11,33,0.0,small_hydroelectric
24,33,0.0,small_hydroelectric
32,33,0.0,small_hydroelectric
39,33,0.0,small_hydroelectric
51,33,0.0,small_hydroelectric
64,33,0.0,small_hydroelectric
81,33,0.0,small_hydroelectric
95,33,0.0,small_hydroelectric
106,33,0.0,small_hydroelectric
125,33,0.0,small_hydroelectric
137,33,0.0,small_hydroelectric
145,33,0.0,small_hydroelectric
12,33,9011.4948,solar_photovoltaic
25,33,2789.3718999999996,solar_photovoltaic
33,33,1126.0158,solar_photovoltaic
52,33,4966.1283,solar_photovoltaic
65,33,14765.3462707695,solar_photovoltaic
82,33,0.0,solar_photovoltaic
96,33,0.0,solar_photovoltaic
107,33,0.0,solar_photovoltaic
126,33,23065.72355403399,solar_photovoltaic
138,33,0.0,solar_photovoltaic
26,34,0.0,biomass
13,34,0.0,biomass
108,34,0.0,biomass
40,34,0.0,biomass
97,34,0.0,biomass
1,34,0.0,biomass
66,34,0.0,biomass
2,34,0.0,conventional_hydroelectric
14,34,0.0,conventional_hydroelectric
27,34,0.0,conventional_hydroelectric
35,34,0.0,conventional_hydroelectric
54,34,0.0,conventional_hydroelectric
67,34,0.0,conventional_hydroelectric
84,34,0.0,conventional_hydroelectric
109,34,0.0,conventional_hydroelectric
128,34,0.0,conventional_hydroelectric
139,34,0.0,conventional_hydroelectric
110,34,0.0,conventional_steam_coal
41,34,0.0,conventional_steam_coal
3,34,0.0,conventional_steam_coal
36,34,0.0,conventional_steam_coal
85,34,0.0,conventional_steam_coal
28,34,0.0,geothermal
116,34,0.0,natural_gas_fired_combined_cycle
73,34,0.0,natural_gas_fired_combined_cycle
71,34,0.0,natural_gas_fired_combined_cycle
44,34,0.0,natural_gas_fired_combined_cycle
115,34,0.0,natural_gas_fired_combined_cycle
70,34,0.0,natural_gas_fired_combined_cycle
131,34,0.0,natural_gas_fired_combined_cycle
18,34,0.0,natural_gas_fired_combined_cycle
72,34,0.0,natural_gas_fired_combined_cycle
114,34,0.0,natural_gas_fired_combined_cycle
45,34,0.0,natural_gas_fired_combined_cycle
78,34,0.0,natural_gas_fired_combustion_turbine
75,34,0.0,natural_gas_fired_combustion_turbine
119,34,0.0,natural_gas_fired_combustion_turbine
117,34,0.0,natural_gas_fired_combustion_turbine
134,34,0.0,natural_gas_fired_combustion_turbine
103,34,0.0,natural_gas_fired_combustion_turbine
47,34,0.0,natural_gas_fired_combustion_turbine
8,34,0.0,natural_gas_fired_combustion_turbine
90,34,0.0,natural_gas_fired_combustion_turbine
60,34,0.0,natural_gas_fired_combustion_turbine
46,34,0.0,natural_gas_fired_combustion_turbine
37,34,0.0,natural_gas_fired_combustion_turbine
7,34,0.0,natural_gas_fired_combustion_turbine
133,34,0.0,natural_gas_fired_combustion_turbine
74,34,0.0,natural_gas_fired_combustion_turbine
20,34,0.0,natural_gas_fired_combustion_turbine
135,34,0.0,natural_gas_fired_combustion_turbine
142,34,0.0,natural_gas_fired_combustion_turbine
121,34,0.0,natural_gas_fired_combustion_turbine
91,34,0.0,natural_gas_fired_combustion_turbine
22,34,0.0,natural_gas_steam_turbine
123,34,0.0,natural_gas_steam_turbine
62,34,0.0,natural_gas_steam_turbine
49,34,0.0,natural_gas_steam_turbine
48,34,0.0,natural_gas_steam_turbine
21,34,0.0,natural_gas_steam_turbine
79,34,0.0,nuclear
10,34,0.0,onshore_wind_turbine
23,34,0.0,onshore_wind_turbine
31,34,0.0,onshore_wind_turbine
38,34,0.0,onshore_wind_turbine
50,34,0.0,onshore_wind_turbine
63,34,0.0,onshore_wind_turbine
80,34,0.0,onshore_wind_turbine
94,34,23817.4328,onshore_wind_turbine
105,34,0.0,onshore_wind_turbine
124,34,12758.081428022098,onshore_wind_turbine
136,34,1911.2887500000002,onshore_wind_turbine
144,34,0.0,onshore_wind_turbine
11,34,0.0,small_hydroelectric
24,34,0.0,small_hydroelectric
32,34,0.0,small_hydroelectric
39,34,0.0,small_hydroelectric
51,34,0.0,small_hydroelectric
64,34,0.0,small_hydroelectric
81,34,0.0,small_hydroelectric
95,34,0.0,small_hydroelectric
106,34,0.0,small_hydroelectric
125,34,0.0,small_hydroelectric
137,34,0.0,small_hydroelectric
145,34,0.0,small_hydroelectric
12,34,0.0,solar_photovoltaic
25,34,0.0,solar_photovoltaic
33,34,0.0,solar_photovoltaic
52,34,0.0,solar_photovoltaic
65,34,16237.2679110194,solar_photovoltaic
82,34,0.0,solar_photovoltaic
96,34,0.0,solar_photovoltaic
107,34,14733.4924209585,solar_photovoltaic
126,34,0.0,solar_photovoltaic
138,34,0.0,solar_photovoltaic
26,35,0.0,biomass
13,35,0.0,biomass
108,35,0.0,biomass
40,35,0.0,biomass
97,35,0.0,biomass
1,35,0.0,biomass
66,35,0.0,biomass
2,35,0.0,conventional_hydroelectric
14,35,0.0,conventional_hydroelectric
27,35,0.0,conventional_hydroelectric
35,35,0.0,conventional_hydroelectric
54,35,86.27028299999955,conventional_hydroelectric
67,35,0.0,conventional_hydroelectric
84,35,0.0,conventional_hydroelectric
109,35,0.0,conventional_hydroelectric
128,35,0.0,conventional_hydroelectric
139,35,0.0,conventional_hydroelectric
110,35,0.0,conventional_steam_coal
41,35,0.0,conventional_steam_coal
3,35,0.0,conventional_steam_coal
36,35,0.0,conventional_steam_coal
85,35,0.0,conventional_steam_coal
28,35,0.0,geothermal
116,35,0.0,natural_gas_fired_combined_cycle
73,35,0.0,natural_gas_fired_combined_cycle
71,35,0.0,natural_gas_fired_combined_cycle
44,35,0.0,natural_gas_fired_combined_cycle
115,35,0.0,natural_gas_fired_combined_cycle
70,35,0.0,natural_gas_fired_combined_cycle
131,35,0.0,natural_gas_fired_combined_cycle
18,35,0.0,natural_gas_fired_combined_cycle
72,35,0.0,natural_gas_fired_combined_cycle
114,35,0.0,natural_gas_fired_combined_cycle
45,35,0.0,natural_gas_fired_combined_cycle
78,35,0.0,natural_gas_fired_combustion_turbine
75,35,0.0,natural_gas_fired_combustion_turbine
119,35,0.0,natural_gas_fired_combustion_turbine
117,35,0.0,natural_gas_fired_combustion_turbine
134,35,0.0,natural_gas_fired_combustion_turbine
103,35,0.0,natural_gas_fired_combustion_turbine
47,35,0.0,natural_gas_fired_combustion_turbine
8,35,0.0,natural_gas_fired_combustion_turbine
90,35,0.0,natural_gas_fired_combustion_turbine
60,35,0.0,natural_gas_fired_combustion_turbine
46,35,0.0,natural_gas_fired_combustion_turbine
37,35,0.0,natural_gas_fired_combustion_turbine
7,35,0.0,natural_gas_fired_combustion_turbine
133,35,0.0,natural_gas_fired_combustion_turbine
74,35,0.0,natural_gas_fired_combustion_turbine
20,35,0.0,natural_gas_fired_combustion_turbine
135,35,0.0,natural_gas_fired_combustion_turbine
142,35,0.0,natural_gas_fired_combustion_turbine
121,35,0.0,natural_gas_fired_combustion_turbine
91,35,0.0,natural_gas_fired_combustion_turbine
22,35,0.0,natural_gas_steam_turbine
123,35,0.0,natural_gas_steam_turbine
62,35,0.0,natural_gas_steam_turbine
49,35,0.0,natural_gas_steam_turbine
48,35,0.0,natural_gas_steam_turbine
21,35,0.0,natural_gas_steam_turbine
79,35,0.0,nuclear
10,35,437.12697000000003,onshore_wind_turbine
23,35,0.0,onshore_wind_turbine
31,35,6485.63342,onshore_wind_turbine
38,35,0.0,onshore_wind_turbine
50,35,0.0,onshore_wind_turbine
63,35,0.0,onshore_wind_turbine
80,35,13.010479999999998,onshore_wind_turbine
94,35,27451.099199999997,onshore_wind_turbine
105,35,264.717041547,onshore_wind_turbine
124,35,5130.8433500478,onshore_wind_turbine
136,35,0.0,onshore_wind_turbine
144,35,0.0,onshore_wind_turbine
11,35,0.0,small_hydroelectric
24,35,0.0,small_hydroelectric
32,35,0.0,small_hydroelectric
39,35,0.0,small_hydroelectric
51,35,0.0,small_hydroelectric
64,35,0.0,small_hydroelectric
81,35,0.0,small_hydroelectric
95,35,0.0,small_hydroelectric
106,35,0.0,small_hydroelectric
125,35,0.0,small_hydroelectric
137,35,0.0,small_hydroelectric
145,35,0.0,small_hydroelectric
12,35,10202.36628535321,solar_photovoltaic
25,35,0.0,solar_photovoltaic
33,35,1138.3392999999999,solar_photovoltaic
52,35,0.0,solar_photovoltaic
65,35,0.0,solar_photovoltaic
82,35,11405.37062,solar_photovoltaic
96,35,904.79494,solar_photovoltaic
107,35,16107.220220119,solar_photovoltaic
126,35,28789.181409932997,solar_photovoltaic
138,35,3402.2011099999995,solar_photovoltaic
26,36,0.0,biomass
13,36,0.0,biomass
108,36,0.0,biomass
40,36,0.0,biomass
97,36,0.0,biomass
1,36,0.0,biomass
66,36,0.0,biomass
2,36,0.0,conventional_hydroelectric
14,36,0.0,conventional_hydroelectric
27,36,0.0,conventional_hydroelectric
35,36,0.0,conventional_hydroelectric
54,36,172.5405659999986,conventional_hydroelectric
67,36,0.0,conventional_hydroelectric
84,36,0.0,conventional_hydroelectric
109,36,0.0,conventional_hydroelectric
128,36,0.0,conventional_hydroelectric
139,36,0.0,conventional_hydroelectric
110,36,0.0,conventional_steam_coal
41,36,0.0,conventional_steam_coal
3,36,0.0,conventional_steam_coal
36,36,0.0,conventional_steam_coal
85,36,0.0,conventional_steam_coal
28,36,0.0,geothermal
116,36,0.0,natural_gas_fired_combined_cycle
73,36,0.0,natural_gas_fired_combined_cycle
71,36,0.0,natural_gas_fired_combined_cycle
44,36,0.0,natural_gas_fired_combined_cycle
115,36,0.0,natural_gas_fired_combined_cycle
70,36,0.0,natural_gas_fired_combined_cycle
131,36,0.0,natural_gas_fired_combined_cycle
18,36,0.0,natural_gas_fired_combined_cycle
72,36,0.0,natural_gas_fired_combined_cycle
114,36,0.0,natural_gas_fired_combined_cycle
45,36,0.0,natural_gas_fired_combined_cycle
78,36,0.0,natural_gas_fired_combustion_turbine
75,36,0.0,natural_gas_fired_combustion_turbine
119,36,0.0,natural_gas_fired_combustion_turbine
117,36,0.0,natural_gas_fired_combustion_turbine
134,36,0.0,natural_gas_fired_combustion_turbine
103,36,0.0,natural_gas_fired_combustion_turbine
47,36,0.0,natural_gas_fired_combustion_turbine
8,36,0.0,natural_gas_fired_combustion_turbine
90,36,0.0,natural_gas_fired_combustion_turbine
60,36,0.0,natural_gas_fired_combustion_turbine
46,36,0.0,natural_gas_fired_combustion_turbine
37,36,0.0,natural_gas_fired_combustion_turbine
7,36,0.0,natural_gas_fired_combustion_turbine
133,36,0.0,natural_gas_fired_combustion_turbine
74,36,0.0,natural_gas_fired_combustion_turbine
20,36,0.0,natural_gas_fired_combustion_turbine
135,36,0.0,natural_gas_fired_combustion_turbine
142,36,0.0,natural_gas_fired_combustion_turbine
121,36,0.0,natural_gas_fired_combustion_turbine
91,36,0.0,natural_gas_fired_combustion_turbine
22,36,0.0,natural_gas_steam_turbine
123,36,0.0,natural_gas_steam_turbine
62,36,0.0,natural_gas_steam_turbine
49,36,0.0,natural_gas_steam_turbine
48,36,0.0,natural_gas_steam_turbine
21,36,0.0,natural_gas_steam_turbine
79,36,0.0,nuclear
10,36,907.93451,onshore_wind_turbine
23,36,7269.1234,onshore_wind_turbine
31,36,6113.974090000001,onshore_wind_turbine
38,36,0.0,onshore_wind_turbine
50,36,3407.6238,onshore_wind_turbine
63,36,0.0,onshore_wind_turbine
80,36,0.0,onshore_wind_turbine
94,36,18157.298600000002,onshore_wind_turbine
105,36,0.0,onshore_wind_turbine
124,36,0.0,onshore_wind_turbine
136,36,3477.1963800000003,onshore_wind_turbine
144,36,13110.832979999997,onshore_wind_turbine
11,36,0.0,small_hydroelectric
24,36,0.0,small_hydroelectric
32,36,0.0,small_hydroelectric
39,36,0.0,small_hydroelectric
51,36,0.0,small_hydroelectric
64,36,0.0,small_hydroelectric
81,36,0.0,small_hydroelectric
95,36,0.0,small_hydroelectric
106,36,0.0,small_hydroelectric
125,36,0.0,small_hydroelectric
137,36,0.0,small_hydroelectric
145,36,0.0,small_hydroelectric
12,36,6917.232466433485,solar_photovoltaic
25,36,2362.6521799999996,solar_photovoltaic
33,36,1121.0864000000001,solar_photovoltaic
52,36,4857.61304,solar_photovoltaic
65,36,0.0,solar_photovoltaic
82,36,0.0,solar_photovoltaic
96,36,951.95947,solar_photovoltaic
107,36,15293.326576948,solar_photovoltaic
126,36,26373.4406106185,solar_photovoltaic
138,36,3020.9317599999995,solar_photovoltaic
26,37,0.0,biomass
13,37,0.0,biomass
108,37,0.0,biomass
40,37,0.0,biomass
97,37,0.0,biomass
1,37,0.0,biomass
66,37,0.0,biomass
2,37,0.0,conventional_hydroelectric
14,37,0.0,conventional_hydroelectric
27,37,0.0,conventional_hydroelectric
35,37,0.0,conventional_hydroelectric
54,37,258.81084899999973,conventional_hydroelectric
67,37,0.0,conventional_hydroelectric
84,37,0.0,conventional_hydroelectric
109,37,0.0,conventional_hydroelectric
128,37,0.0,conventional_hydroelectric
139,37,0.0,conventional_hydroelectric
110,37,0.0,conventional_steam_coal
41,37,0.0,conventional_steam_coal
3,37,0.0,conventional_steam_coal
36,37,0.0,conventional_steam_coal
85,37,0.0,conventional_steam_coal
28,37,0.0,geothermal
116,37,0.0,natural_gas_fired_combined_cycle
73,37,0.0,natural_gas_fired_combined_cycle
71,37,0.0,natural_gas_fired_combined_cycle
44,37,0.0,natural_gas_fired_combined_cycle
115,37,0.0,natural_gas_fired_combined_cycle
70,37,0.0,natural_gas_fired_combined_cycle
131,37,0.0,natural_gas_fired_combined_cycle
18,37,0.0,natural_gas_fired_combined_cycle
72,37,0.0,natural_gas_fired_combined_cycle
114,37,0.0,natural_gas_fired_combined_cycle
45,37,0.0,natural_gas_fired_combined_cycle
78,37,0.0,natural_gas_fired_combustion_turbine
75,37,0.0,natural_gas_fired_combustion_turbine
119,37,0.0,natural_gas_fired_combustion_turbine
117,37,0.0,natural_gas_fired_combustion_turbine
134,37,0.0,natural_gas_fired_combustion_turbine
103,37,0.0,natural_gas_fired_combustion_turbine
47,37,0.0,natural_gas_fired_combustion_turbine
8,37,0.0,natural_gas_fired_combustion_turbine
90,37,0.0,natural_gas_fired_combustion_turbine
60,37,0.0,natural_gas_fired_combustion_turbine
46,37,0.0,natural_gas_fired_combustion_turbine
37,37,0.0,natural_gas_fired_combustion_turbine
7,37,0.0,natural_gas_fired_combustion_turbine
133,37,0.0,natural_gas_fired_combustion_turbine
74,37,0.0,natural_gas_fired_combustion_turbine
20,37,0.0,natural_gas_fired_combustion_turbine
135,37,0.0,natural_gas_fired_combustion_turbine
142,37,0.0,natural_gas_fired_combustion_turbine
121,37,0.0,natural_gas_fired_combustion_turbine
91,37,0.0,natural_gas_fired_combustion_turbine
22,37,0.0,natural_gas_steam_turbine
123,37,0.0,natural_gas_steam_turbine
62,37,0.0,natural_gas_steam_turbine
49,37,0.0,natural_gas_steam_turbine
48,37,0.0,natural_gas_steam_turbine
21,37,0.0,natural_gas_steam_turbine
79,37,0.0,nuclear
10,37,920.90243,onshore_wind_turbine
23,37,0.0,onshore_wind_turbine
31,37,0.0,onshore_wind_turbine
38,37,0.0,onshore_wind_turbine
50,37,0.0,onshore_wind_turbine
63,37,0.0,onshore_wind_turbine
80,37,0.0,onshore_wind_turbine
94,37,22519.1694,onshore_wind_turbine
105,37,0.0,onshore_wind_turbine
124,37,740.4510513708001,onshore_wind_turbine
136,37,3655.2835200000004,onshore_wind_turbine
144,37,12250.04256,onshore_wind_turbine
11,37,0.0,small_hydroelectric
24,37,0.0,small_hydroelectric
32,37,0.0,small_hydroelectric
39,37,0.0,small_hydroelectric
51,37,0.0,small_hydroelectric
64,37,0.0,small_hydroelectric
81,37,0.0,small_hydroelectric
95,37,0.0,small_hydroelectric
106,37,0.0,small_hydroelectric
125,37,0.0,small_hydroelectric
137,37,0.0,small_hydroelectric
145,37,0.0,small_hydroelectric
12,37,0.0,solar_photovoltaic
25,37,1966.1989199999998,solar_photovoltaic
33,37,767.04985,solar_photovoltaic
52,37,4742.18598,solar_photovoltaic
65,37,0.0,solar_photovoltaic
82,37,0.0,solar_photovoltaic
96,37,0.0,solar_photovoltaic
107,37,13845.449160991,solar_photovoltaic
126,37,10313.210918638215,solar_photovoltaic
138,37,3034.1734499999993,solar_photovoltaic
26,38,0.0,biomass
13,38,0.0,biomass
108,38,0.0,biomass
40,38,0.0,biomass
97,38,0.0,biomass
1,38,0.0,biomass
66,38,0.0,biomass
2,38,0.0,conventional_hydroelectric
14,38,0.0,conventional_hydroelectric
27,38,0.0,conventional_hydroelectric
35,38,0.0,conventional_hydroelectric
54,38,345.0811320000009,conventional_hydroelectric
67,38,0.0,conventional_hydroelectric
84,38,0.0,conventional_hydroelectric
109,38,0.0,conventional_hydroelectric
128,38,0.0,conventional_hydroelectric
139,38,0.0,conventional_hydroelectric
110,38,0.0,conventional_steam_coal
41,38,0.0,conventional_steam_coal
3,38,0.0,conventional_steam_coal
36,38,0.0,conventional_steam_coal
85,38,0.0,conventional_steam_coal
28,38,0.0,geothermal
116,38,0.0,natural_gas_fired_combined_cycle
73,38,0.0,natural_gas_fired_combined_cycle
71,38,0.0,natural_gas_fired_combined_cycle
44,38,0.0,natural_gas_fired_combined_cycle
115,38,0.0,natural_gas_fired_combined_cycle
70,38,0.0,natural_gas_fired_combined_cycle
131,38,0.0,natural_gas_fired_combined_cycle
18,38,0.0,natural_gas_fired_combined_cycle
72,38,0.0,natural_gas_fired_combined_cycle
114,38,0.0,natural_gas_fired_combined_cycle
45,38,0.0,natural_gas_fired_combined_cycle
78,38,0.0,natural_gas_fired_combustion_turbine
75,38,0.0,natural_gas_fired_combustion_turbine
119,38,0.0,natural_gas_fired_combustion_turbine
117,38,0.0,natural_gas_fired_combustion_turbine
134,38,0.0,natural_gas_fired_combustion_turbine
103,38,0.0,natural_gas_fired_combustion_turbine
47,38,0.0,natural_gas_fired_combustion_turbine
8,38,0.0,natural_gas_fired_combustion_turbine
90,38,0.0,natural_gas_fired_combustion_turbine
60,38,0.0,natural_gas_fired_combustion_turbine
46,38,0.0,natural_gas_fired_combustion_turbine
37,38,0.0,natural_gas_fired_combustion_turbine
7,38,0.0,natural_gas_fired_combustion_turbine
133,38,0.0,natural_gas_fired_combustion_turbine
74,38,0.0,natural_gas_fired_combustion_turbine
20,38,0.0,natural_gas_fired_combustion_turbine
135,38,0.0,natural_gas_fired_combustion_turbine
142,38,0.0,natural_gas_fired_combustion_turbine
121,38,0.0,natural_gas_fired_combustion_turbine
91,38,0.0,natural_gas_fired_combustion_turbine
22,38,0.0,natural_gas_steam_turbine
123,38,0.0,natural_gas_steam_turbine
62,38,0.0,natural_gas_steam_turbine
49,38,0.0,natural_gas_steam_turbine
48,38,0.0,natural_gas_steam_turbine
21,38,0.0,natural_gas_steam_turbine
79,38,0.0,nuclear
10,38,981.5995000000001,onshore_wind_turbine
23,38,5217.52,onshore_wind_turbine
31,38,4218.86773,onshore_wind_turbine
38,38,3789.46155,onshore_wind_turbine
50,38,3975.33528,onshore_wind_turbine
63,38,178.2272799608,onshore_wind_turbine
80,38,176.57079999999996,onshore_wind_turbine
94,38,25803.4448,onshore_wind_turbine
105,38,201.745740735,onshore_wind_turbine
124,38,1926.8759985244,onshore_wind_turbine
136,38,1687.792261277993,onshore_wind_turbine
144,38,10638.764009999999,onshore_wind_turbine
11,38,0.0,small_hydroelectric
24,38,0.0,small_hydroelectric
32,38,0.0,small_hydroelectric
39,38,0.0,small_hydroelectric
51,38,0.0,small_hydroelectric
64,38,0.0,small_hydroelectric
81,38,0.0,small_hydroelectric
95,38,0.0,small_hydroelectric
106,38,0.0,small_hydroelectric
125,38,0.0,small_hydroelectric
137,38,0.0,small_hydroelectric
145,38,0.0,small_hydroelectric
12,38,0.0,solar_photovoltaic
25,38,1540.6001799999997,solar_photovoltaic
33,38,588.0070000000001,solar_photovoltaic
52,38,4233.477499999999,solar_photovoltaic
65,38,15956.842153346503,solar_photovoltaic
82,38,11024.931470000001,solar_photovoltaic
96,38,963.8608,solar_photovoltaic
107,38,0.0,solar_photovoltaic
126,38,20004.7282941555,solar_photovoltaic
138,38,2732.3542399999997,solar_photovoltaic
26,39,0.0,biomass
13,39,0.0,biomass
108,39,0.0,biomass
40,39,0.0,biomass
97,39,0.0,biomass
1,39,0.0,biomass
66,39,0.0,biomass
2,39,0.0,conventional_hydroelectric
14,39,0.0,conventional_hydroelectric
27,39,117.12063600000022,conventional_hydroelectric
35,39,207.30212799999993,conventional_hydroelectric
54,39,431.3514150000022,conventional_hydroelectric
67,39,0.0,conventional_hydroelectric
84,39,2411.3971739999924,conventional_hydroelectric
109,39,0.0,conventional_hydroelectric
128,39,0.0,conventional_hydroelectric
139,39,0.0,conventional_hydroelectric
110,39,0.0,conventional_steam_coal
41,39,0.0,conventional_steam_coal
3,39,0.0,conventional_steam_coal
36,39,0.0,conventional_steam_coal
85,39,0.0,conventional_steam_coal
28,39,0.0,geothermal
116,39,0.0,natural_gas_fired_combined_cycle
73,39,0.0,natural_gas_fired_combined_cycle
71,39,0.0,natural_gas_fired_combined_cycle
44,39,0.0,natural_gas_fired_combined_cycle
115,39,0.0,natural_gas_fired_combined_cycle
70,39,0.0,natural_gas_fired_combined_cycle
131,39,0.0,natural_gas_fired_combined_cycle
18,39,0.0,natural_gas_fired_combined_cycle
72,39,0.0,natural_gas_fired_combined_cycle
114,39,0.0,natural_gas_fired_combined_cycle
45,39,0.0,natural_gas_fired_combined_cycle
78,39,0.0,natural_gas_fired_combustion_turbine
75,39,0.0,natural_gas_fired_combustion_turbine
119,39,0.0,natural_gas_fired_combustion_turbine
117,39,0.0,natural_gas_fired_combustion_turbine
134,39,0.0,natural_gas_fired_combustion_turbine
103,39,0.0,natural_gas_fired_combustion_turbine
47,39,0.0,natural_gas_fired_combustion_turbine
8,39,0.0,natural_gas_fired_combustion_turbine
90,39,0.0,natural_gas_fired_combustion_turbine
60,39,0.0,natural_gas_fired_combustion_turbine
46,39,0.0,natural_gas_fired_combustion_turbine
37,39,0.0,natural_gas_fired_combustion_turbine
7,39,0.0,natural_gas_fired_combustion_turbine
133,39,0.0,natural_gas_fired_combustion_turbine
74,39,0.0,natural_gas_fired_combustion_turbine
20,39,0.0,natural_gas_fired_combustion_turbine
135,39,0.0,natural_gas_fired_combustion_turbine
142,39,0.0,natural_gas_fired_combustion_turbine
121,39,0.0,natural_gas_fired_combustion_turbine
91,39,0.0,natural_gas_fired_combustion_turbine
22,39,0.0,natural_gas_steam_turbine
123,39,0.0,natural_gas_steam_turbine
62,39,0.0,natural_gas_steam_turbine
49,39,0.0,natural_gas_steam_turbine
48,39,0.0,natural_gas_steam_turbine
21,39,0.0,natural_gas_steam_turbine
79,39,0.0,nuclear
10,39,478.19205000000005,onshore_wind_turbine
23,39,6786.5028,onshore_wind_turbine
31,39,5889.5536,onshore_wind_turbine
38,39,3356.0394,onshore_wind_turbine
50,39,0.0,onshore_wind_turbine
63,39,323.226120308,onshore_wind_turbine
80,39,135.68071999999998,onshore_wind_turbine
94,39,0.0,onshore_wind_turbine
105,39,607.810420161,onshore_wind_turbine
124,39,2598.2965290282004,onshore_wind_turbine
136,39,4060.027020000001,onshore_wind_turbine
144,39,8073.69507,onshore_wind_turbine
11,39,0.0,small_hydroelectric
24,39,0.0,small_hydroelectric
32,39,0.0,small_hydroelectric
39,39,0.0,small_hydroelectric
51,39,0.0,small_hydroelectric
64,39,0.0,small_hydroelectric
81,39,0.0,small_hydroelectric
95,39,0.0,small_hydroelectric
106,39,0.0,small_hydroelectric
125,39,0.0,small_hydroelectric
137,39,0.0,small_hydroelectric
145,39,0.0,small_hydroelectric
12,39,0.0,solar_photovoltaic
25,39,1057.4577999999997,solar_photovoltaic
33,39,584.8380999999999,solar_photovoltaic
52,39,3963.2261199999984,solar_photovoltaic
65,39,0.0,solar_photovoltaic
82,39,11651.19284,solar_photovoltaic
96,39,904.94187,solar_photovoltaic
107,39,13626.787298242998,solar_photovoltaic
126,39,6476.80589925998,solar_photovoltaic
138,39,2999.9276999999997,solar_photovoltaic
26,40,0.0,biomass
13,40,0.0,biomass
108,40,0.0,biomass
40,40,0.0,biomass
97,40,0.0,biomass
1,40,0.0,biomass
66,40,0.0,biomass
2,40,0.0,conventional_hydroelectric
14,40,0.0,conventional_hydroelectric
27,40,234.24127200000044,conventional_hydroelectric
35,40,414.6042560000004,conventional_hydroelectric
54,40,517.6216980000037,conventional_hydroelectric
67,40,0.0,conventional_hydroelectric
84,40,4822.79434799998,conventional_hydroelectric
109,40,0.0,conventional_hydroelectric
128,40,12.599400000000237,conventional_hydroelectric
139,40,17.42062080000005,conventional_hydroelectric
110,40,0.0,conventional_steam_coal
41,40,0.0,conventional_steam_coal
3,40,0.0,conventional_steam_coal
36,40,0.0,conventional_steam_coal
85,40,0.0,conventional_steam_coal
28,40,0.0,geothermal
116,40,0.0,natural_gas_fired_combined_cycle
73,40,0.0,natural_gas_fired_combined_cycle
71,40,0.0,natural_gas_fired_combined_cycle
44,40,0.0,natural_gas_fired_combined_cycle
115,40,0.0,natural_gas_fired_combined_cycle
70,40,0.0,natural_gas_fired_combined_cycle
131,40,0.0,natural_gas_fired_combined_cycle
18,40,0.0,natural_gas_fired_combined_cycle
72,40,0.0,natural_gas_fired_combined_cycle
114,40,0.0,natural_gas_fired_combined_cycle
45,40,0.0,natural_gas_fired_combined_cycle
78,40,0.0,natural_gas_fired_combustion_turbine
75,40,0.0,natural_gas_fired_combustion_turbine
119,40,0.0,natural_gas_fired_combustion_turbine
117,40,0.0,natural_gas_fired_combustion_turbine
134,40,0.0,natural_gas_fired_combustion_turbine
103,40,0.0,natural_gas_fired_combustion_turbine
47,40,0.0,natural_gas_fired_combustion_turbine
8,40,0.0,natural_gas_fired_combustion_turbine
90,40,0.0,natural_gas_fired_combustion_turbine
60,40,0.0,natural_gas_fired_combustion_turbine
46,40,0.0,natural_gas_fired_combustion_turbine
37,40,0.0,natural_gas_fired_combustion_turbine
7,40,0.0,natural_gas_fired_combustion_turbine
133,40,0.0,natural_gas_fired_combustion_turbine
74,40,0.0,natural_gas_fired_combustion_turbine
20,40,0.0,natural_gas_fired_combustion_turbine
135,40,0.0,natural_gas_fired_combustion_turbine
142,40,0.0,natural_gas_fired_combustion_turbine
121,40,0.0,natural_gas_fired_combustion_turbine
91,40,0.0,natural_gas_fired_combustion_turbine
22,40,0.0,natural_gas_steam_turbine
123,40,0.0,natural_gas_steam_turbine
62,40,0.0,natural_gas_steam_turbine
49,40,0.0,natural_gas_steam_turbine
48,40,0.0,natural_gas_steam_turbine
21,40,0.0,natural_gas_steam_turbine
79,40,0.0,nuclear
10,40,436.76675,onshore_wind_turbine
23,40,0.0,onshore_wind_turbine
31,40,4096.5644999999995,onshore_wind_turbine
38,40,0.0,onshore_wind_turbine
50,40,3945.52704,onshore_wind_turbine
63,40,407.4848401792,onshore_wind_turbine
80,40,0.0,onshore_wind_turbine
94,40,26925.1738,onshore_wind_turbine
105,40,608.499221148,onshore_wind_turbine
124,40,6938.021862895202,onshore_wind_turbine
136,40,4541.222070000001,onshore_wind_turbine
144,40,6505.67232,onshore_wind_turbine
11,40,0.0,small_hydroelectric
24,40,0.0,small_hydroelectric
32,40,0.0,small_hydroelectric
39,40,0.0,small_hydroelectric
51,40,0.0,small_hydroelectric
64,40,0.0,small_hydroelectric
81,40,0.0,small_hydroelectric
95,40,0.0,small_hydroelectric
106,40,0.0,small_hydroelectric
125,40,0.0,small_hydroelectric
137,40,0.0,small_hydroelectric
145,40,0.0,small_hydroelectric
12,40,9193.702140000001,solar_photovoltaic
25,40,1335.0871799999998,solar_photovoltaic
33,40,0.0,solar_photovoltaic
52,40,4087.6385200000004,solar_photovoltaic
65,40,12051.092209657201,solar_photovoltaic
82,40,5365.662298717096,solar_photovoltaic
96,40,865.56463,solar_photovoltaic
107,40,9695.352172183999,solar_photovoltaic
126,40,13642.633980419501,solar_photovoltaic
138,40,0.0,solar_photovoltaic
26,41,0.0,biomass
13,41,0.0,biomass
108,41,0.0,biomass
40,41,0.0,biomass
97,41,0.0,biomass
1,41,0.0,biomass
66,41,0.0,biomass
2,41,199.45307759999793,conventional_hydroelectric
14,41,0.0,conventional_hydroelectric
27,41,351.36190800000065,conventional_hydroelectric
35,41,621.9063840000009,conventional_hydroelectric
54,41,603.891981000005,conventional_hydroelectric
67,41,509.53049339482186,conventional_hydroelectric
84,41,7234.191521999967,conventional_hydroelectric
109,41,0.0,conventional_hydroelectric
128,41,25.198800000000247,conventional_hydroelectric
139,41,36.75098880000009,conventional_hydroelectric
110,41,0.0,conventional_steam_coal
41,41,0.0,conventional_steam_coal
3,41,0.0,conventional_steam_coal
36,41,0.0,conventional_steam_coal
85,41,0.0,conventional_steam_coal
28,41,0.0,geothermal
116,41,0.0,natural_gas_fired_combined_cycle
73,41,0.0,natural_gas_fired_combined_cycle
71,41,0.0,natural_gas_fired_combined_cycle
44,41,0.0,natural_gas_fired_combined_cycle
115,41,0.0,natural_gas_fired_combined_cycle
70,41,0.0,natural_gas_fired_combined_cycle
131,41,0.0,natural_gas_fired_combined_cycle
18,41,0.0,natural_gas_fired_combined_cycle
72,41,0.0,natural_gas_fired_combined_cycle
114,41,0.0,natural_gas_fired_combined_cycle
45,41,0.0,natural_gas_fired_combined_cycle
78,41,0.0,natural_gas_fired_combustion_turbine
75,41,0.0,natural_gas_fired_combustion_turbine
119,41,0.0,natural_gas_fired_combustion_turbine
117,41,0.0,natural_gas_fired_combustion_turbine
134,41,0.0,natural_gas_fired_combustion_turbine
103,41,0.0,natural_gas_fired_combustion_turbine
47,41,0.0,natural_gas_fired_combustion_turbine
8,41,0.0,natural_gas_fired_combustion_turbine
90,41,0.0,natural_gas_fired_combustion_turbine
60,41,0.0,natural_gas_fired_combustion_turbine
46,41,0.0,natural_gas_fired_combustion_turbine
37,41,0.0,natural_gas_fired_combustion_turbine
7,41,0.0,natural_gas_fired_combustion_turbine
133,41,0.0,natural_gas_fired_combustion_turbine
74,41,0.0,natural_gas_fired_combustion_turbine
20,41,0.0,natural_gas_fired_combustion_turbine
135,41,0.0,natural_gas_fired_combustion_turbine
142,41,0.0,natural_gas_fired_combustion_turbine
121,41,0.0,natural_gas_fired_combustion_turbine
91,41,0.0,natural_gas_fired_combustion_turbine
22,41,0.0,natural_gas_steam_turbine
123,41,0.0,natural_gas_steam_turbine
62,41,0.0,natural_gas_steam_turbine
49,41,0.0,natural_gas_steam_turbine
48,41,0.0,natural_gas_steam_turbine
21,41,0.0,natural_gas_steam_turbine
79,41,0.0,nuclear
10,41,717.01791,onshore_wind_turbine
23,41,4733.036,onshore_wind_turbine
31,41,3289.1257000000005,onshore_wind_turbine
38,41,3387.8502000000003,onshore_wind_turbine
50,41,2631.9321,onshore_wind_turbine
63,41,128.436,onshore_wind_turbine
80,41,647.7360399999999,onshore_wind_turbine
94,41,27664.4116,onshore_wind_turbine
105,41,331.836261351,onshore_wind_turbine
124,41,2099.748062643,onshore_wind_turbine
136,41,3241.5457200000005,onshore_wind_turbine
144,41,3886.5336299999994,onshore_wind_turbine
11,41,0.0,small_hydroelectric
24,41,0.0,small_hydroelectric
32,41,0.0,small_hydroelectric
39,41,0.0,small_hydroelectric
51,41,0.0,small_hydroelectric
64,41,0.0,small_hydroelectric
81,41,0.0,small_hydroelectric
95,41,0.0,small_hydroelectric
106,41,0.0,small_hydroelectric
125,41,0.0,small_hydroelectric
137,41,0.0,small_hydroelectric
145,41,0.0,small_hydroelectric
12,41,6630.08724,solar_photovoltaic
25,41,962.5481599999998,solar_photovoltaic
33,41,946.6208499999999,solar_photovoltaic
52,41,2907.79426,solar_photovoltaic
65,41,7847.4228668143005,solar_photovoltaic
82,41,9891.4179,solar_photovoltaic
96,41,711.72892,solar_photovoltaic
107,41,5485.6714585365,solar_photovoltaic
126,41,7832.5174373495,solar_photovoltaic
138,41,1762.0579899999998,solar_photovoltaic
26,42,0.0,biomass
13,42,0.0,biomass
108,42,0.0,biomass
40,42,0.0,biomass
97,42,0.0,biomass
1,42,0.0,biomass
66,42,0.0,biomass
2,42,428.7412416000008,conventional_hydroelectric
14,42,39.043532000000006,conventional_hydroelectric
27,42,468.48254400000087,conventional_hydroelectric
35,42,829.2085120000013,conventional_hydroelectric
54,42,690.1622640000063,conventional_hydroelectric
67,42,1113.2730743948207,conventional_hydroelectric
84,42,9645.588695999937,conventional_hydroelectric
109,42,106.75785980339944,conventional_hydroelectric
128,42,37.798200000000264,conventional_hydroelectric
139,42,56.081356800000115,conventional_hydroelectric
110,42,0.0,conventional_steam_coal
41,42,0.0,conventional_steam_coal
3,42,0.0,conventional_steam_coal
36,42,0.0,conventional_steam_coal
85,42,0.0,conventional_steam_coal
28,42,0.0,geothermal
116,42,0.0,natural_gas_fired_combined_cycle
73,42,0.0,natural_gas_fired_combined_cycle
71,42,0.0,natural_gas_fired_combined_cycle
44,42,0.0,natural_gas_fired_combined_cycle
115,42,0.0,natural_gas_fired_combined_cycle
70,42,0.0,natural_gas_fired_combined_cycle
131,42,0.0,natural_gas_fired_combined_cycle
18,42,0.0,natural_gas_fired_combined_cycle
72,42,0.0,natural_gas_fired_combined_cycle
114,42,0.0,natural_gas_fired_combined_cycle
45,42,0.0,natural_gas_fired_combined_cycle
78,42,0.0,natural_gas_fired_combustion_turbine
75,42,0.0,natural_gas_fired_combustion_turbine
119,42,0.0,natural_gas_fired_combustion_turbine
117,42,0.0,natural_gas_fired_combustion_turbine
134,42,0.0,natural_gas_fired_combustion_turbine
103,42,0.0,natural_gas_fired_combustion_turbine
47,42,0.0,natural_gas_fired_combustion_turbine
8,42,0.0,natural_gas_fired_combustion_turbine
90,42,0.0,natural_gas_fired_combustion_turbine
60,42,0.0,natural_gas_fired_combustion_turbine
46,42,0.0,natural_gas_fired_combustion_turbine
37,42,0.0,natural_gas_fired_combustion_turbine
7,42,0.0,natural_gas_fired_combustion_turbine
133,42,0.0,natural_gas_fired_combustion_turbine
74,42,0.0,natural_gas_fired_combustion_turbine
20,42,0.0,natural_gas_fired_combustion_turbine
135,42,0.0,natural_gas_fired_combustion_turbine
142,42,0.0,natural_gas_fired_combustion_turbine
121,42,0.0,natural_gas_fired_combustion_turbine
91,42,0.0,natural_gas_fired_combustion_turbine
22,42,0.0,natural_gas_steam_turbine
123,42,0.0,natural_gas_steam_turbine
62,42,0.0,natural_gas_steam_turbine
49,42,0.0,natural_gas_steam_turbine
48,42,0.0,natural_gas_steam_turbine
21,42,0.0,natural_gas_steam_turbine
79,42,409.098517294658,nuclear
10,42,513.13339,onshore_wind_turbine
23,42,2236.08,onshore_wind_turbine
31,42,4807.82309,onshore_wind_turbine
38,42,2205.7381499999997,onshore_wind_turbine
50,42,1982.24796,onshore_wind_turbine
63,42,429.25539992719996,onshore_wind_turbine
80,42,832.6707199999998,onshore_wind_turbine
94,42,28686.84,onshore_wind_turbine
105,42,459.149040273,onshore_wind_turbine
124,42,2556.7252972646,onshore_wind_turbine
136,42,3318.8967000000002,onshore_wind_turbine
144,42,4055.23125,onshore_wind_turbine
11,42,0.0,small_hydroelectric
24,42,0.0,small_hydroelectric
32,42,0.0,small_hydroelectric
39,42,0.0,small_hydroelectric
51,42,0.0,small_hydroelectric
64,42,0.0,small_hydroelectric
81,42,0.0,small_hydroelectric
95,42,0.0,small_hydroelectric
106,42,0.0,small_hydroelectric
125,42,0.0,small_hydroelectric
137,42,0.0,small_hydroelectric
145,42,0.0,small_hydroelectric
12,42,4166.757,solar_photovoltaic
25,42,825.0412799999999,solar_photovoltaic
33,42,722.33315,solar_photovoltaic
52,42,1248.2710800000002,solar_photovoltaic
65,42,3963.7463655426,solar_photovoltaic
82,42,6416.7403300000005,solar_photovoltaic
96,42,647.9612999999999,solar_photovoltaic
107,42,3175.0992082425,solar_photovoltaic
126,42,4732.1919970815,solar_photovoltaic
138,42,1108.64908,solar_photovoltaic
26,43,11.235,biomass
13,43,15.682,biomass
108,43,137.081,biomass
40,43,5.952,biomass
97,43,178.173,biomass
1,43,16.294,biomass
66,43,228.795,biomass
2,43,658.0294056000004,conventional_hydroelectric
14,43,78.08706400000003,conventional_hydroelectric
27,43,585.6031800000011,conventional_hydroelectric
35,43,1036.5106400000018,conventional_hydroelectric
54,43,776.4325470000077,conventional_hydroelectric
67,43,1717.0156553948195,conventional_hydroelectric
84,43,12056.985869999911,conventional_hydroelectric
109,43,222.6424598034,conventional_hydroelectric
128,43,50.39760000000028,conventional_hydroelectric
139,43,75.41172480000002,conventional_hydroelectric
110,43,28.499999999999996,conventional_steam_coal
41,43,0.0,conventional_steam_coal
3,43,0.0,conventional_steam_coal
36,43,0.0,conventional_steam_coal
85,43,0.0,conventional_steam_coal
28,43,74.364,geothermal
116,43,0.0,natural_gas_fired_combined_cycle
73,43,0.0,natural_gas_fired_combined_cycle
71,43,0.0,natural_gas_fired_combined_cycle
44,43,0.0,natural_gas_fired_combined_cycle
115,43,0.0,natural_gas_fired_combined_cycle
70,43,0.0,natural_gas_fired_combined_cycle
131,43,0.0,natural_gas_fired_combined_cycle
18,43,0.0,natural_gas_fired_combined_cycle
72,43,0.0,natural_gas_fired_combined_cycle
114,43,0.0,natural_gas_fired_combined_cycle
45,43,0.0,natural_gas_fired_combined_cycle
78,43,0.0,natural_gas_fired_combustion_turbine
75,43,0.0,natural_gas_fired_combustion_turbine
119,43,0.0,natural_gas_fired_combustion_turbine
117,43,0.0,natural_gas_fired_combustion_turbine
134,43,0.0,natural_gas_fired_combustion_turbine
103,43,0.0,natural_gas_fired_combustion_turbine
47,43,0.0,natural_gas_fired_combustion_turbine
8,43,0.0,natural_gas_fired_combustion_turbine
90,43,0.0,natural_gas_fired_combustion_turbine
60,43,0.0,natural_gas_fired_combustion_turbine
46,43,0.0,natural_gas_fired_combustion_turbine
37,43,0.0,natural_gas_fired_combustion_turbine
7,43,0.0,natural_gas_fired_combustion_turbine
133,43,0.0,natural_gas_fired_combustion_turbine
74,43,0.0,natural_gas_fired_combustion_turbine
20,43,0.0,natural_gas_fired_combustion_turbine
135,43,0.0,natural_gas_fired_combustion_turbine
142,43,0.0,natural_gas_fired_combustion_turbine
121,43,0.0,natural_gas_fired_combustion_turbine
91,43,0.0,natural_gas_fired_combustion_turbine
22,43,0.0,natural_gas_steam_turbine
123,43,0.0,natural_gas_steam_turbine
62,43,0.0,natural_gas_steam_turbine
49,43,0.0,natural_gas_steam_turbine
48,43,0.0,natural_gas_steam_turbine
21,43,0.0,natural_gas_steam_turbine
79,43,2260.5982672946584,nuclear
10,43,549.69572,onshore_wind_turbine
23,43,1705.011,onshore_wind_turbine
31,43,5691.256130000001,onshore_wind_turbine
38,43,2460.7925999999998,onshore_wind_turbine
50,43,1811.5280400000001,onshore_wind_turbine
63,43,335.061999776,onshore_wind_turbine
80,43,3077.9078399999994,onshore_wind_turbine
94,43,29187.0208,onshore_wind_turbine
105,43,227.566079349,onshore_wind_turbine
124,43,2955.1836387304006,onshore_wind_turbine
136,43,2310.6356700000006,onshore_wind_turbine
144,43,3908.1615299999994,onshore_wind_turbine
11,43,19.125,small_hydroelectric
24,43,62.577,small_hydroelectric
32,43,192.0,small_hydroelectric
39,43,52.9,small_hydroelectric
51,43,25.641,small_hydroelectric
64,43,6.128,small_hydroelectric
81,43,241.672,small_hydroelectric
95,43,418.922,small_hydroelectric
106,43,31.614,small_hydroelectric
125,43,100.697,small_hydroelectric
137,43,36.822,small_hydroelectric
145,43,33.21,small_hydroelectric
12,43,4.23738,solar_photovoltaic
25,43,0.0,solar_photovoltaic
33,43,390.1268,solar_photovoltaic
52,43,0.0,solar_photovoltaic
65,43,384.07892980310004,solar_photovoltaic
82,43,1658.3245000000002,solar_photovoltaic
96,43,403.91056999999995,solar_photovoltaic
107,43,10.3067245785,solar_photovoltaic
126,43,489.376945365,solar_photovoltaic
138,43,235.61075999999997,solar_photovoltaic
26,44,11.235,biomass
13,44,15.682,biomass
108,44,137.081,biomass
40,44,5.952,biomass
97,44,178.173,biomass
1,44,16.294,biomass
66,44,228.795,biomass
2,44,887.3175695999998,conventional_hydroelectric
14,44,106.26426359999999,conventional_hydroelectric
27,44,702.7238160000013,conventional_hydroelectric
35,44,1243.8127680000025,conventional_hydroelectric
54,44,862.7028300000092,conventional_hydroelectric
67,44,2320.758236394819,conventional_hydroelectric
84,44,14468.383043999873,conventional_hydroelectric
109,44,223.1891921766,conventional_hydroelectric
128,44,62.9970000000003,conventional_hydroelectric
139,44,94.7420928,conventional_hydroelectric
110,44,50.0,conventional_steam_coal
41,44,0.0,conventional_steam_coal
3,44,0.0,conventional_steam_coal
36,44,0.0,conventional_steam_coal
85,44,0.0,conventional_steam_coal
28,44,74.364,geothermal
116,44,0.0,natural_gas_fired_combined_cycle
73,44,0.0,natural_gas_fired_combined_cycle
71,44,0.0,natural_gas_fired_combined_cycle
44,44,0.0,natural_gas_fired_combined_cycle
115,44,0.0,natural_gas_fired_combined_cycle
70,44,0.0,natural_gas_fired_combined_cycle
131,44,0.0,natural_gas_fired_combined_cycle
18,44,0.0,natural_gas_fired_combined_cycle
72,44,0.0,natural_gas_fired_combined_cycle
114,44,0.0,natural_gas_fired_combined_cycle
45,44,0.0,natural_gas_fired_combined_cycle
78,44,0.0,natural_gas_fired_combustion_turbine
75,44,0.0,natural_gas_fired_combustion_turbine
119,44,0.0,natural_gas_fired_combustion_turbine
117,44,0.0,natural_gas_fired_combustion_turbine
134,44,0.0,natural_gas_fired_combustion_turbine
103,44,0.0,natural_gas_fired_combustion_turbine
47,44,0.0,natural_gas_fired_combustion_turbine
8,44,0.0,natural_gas_fired_combustion_turbine
90,44,0.0,natural_gas_fired_combustion_turbine
60,44,0.0,natural_gas_fired_combustion_turbine
46,44,0.0,natural_gas_fired_combustion_turbine
37,44,0.0,natural_gas_fired_combustion_turbine
7,44,0.0,natural_gas_fired_combustion_turbine
133,44,0.0,natural_gas_fired_combustion_turbine
74,44,0.0,natural_gas_fired_combustion_turbine
20,44,0.0,natural_gas_fired_combustion_turbine
135,44,0.0,natural_gas_fired_combustion_turbine
142,44,0.0,natural_gas_fired_combustion_turbine
121,44,0.0,natural_gas_fired_combustion_turbine
91,44,0.0,natural_gas_fired_combustion_turbine
22,44,0.0,natural_gas_steam_turbine
123,44,0.0,natural_gas_steam_turbine
62,44,0.0,natural_gas_steam_turbine
49,44,0.0,natural_gas_steam_turbine
48,44,0.0,natural_gas_steam_turbine
21,44,0.0,natural_gas_steam_turbine
79,44,4112.098017294659,nuclear
10,44,547.5344,onshore_wind_turbine
23,44,1145.991,onshore_wind_turbine
31,44,6970.0967,onshore_wind_turbine
38,44,1598.4927,onshore_wind_turbine
50,44,1758.6861599999997,onshore_wind_turbine
63,44,265.210399832,onshore_wind_turbine
80,44,2168.10356,onshore_wind_turbine
94,44,25483.476199999997,onshore_wind_turbine
105,44,835.741059216,onshore_wind_turbine
124,44,6726.956751653602,onshore_wind_turbine
136,44,2316.93168,onshore_wind_turbine
144,44,3960.0684899999997,onshore_wind_turbine
11,44,19.125,small_hydroelectric
24,44,62.577,small_hydroelectric
32,44,192.0,small_hydroelectric
39,44,52.9,small_hydroelectric
51,44,25.641,small_hydroelectric
64,44,6.128,small_hydroelectric
81,44,241.672,small_hydroelectric
95,44,418.922,small_hydroelectric
106,44,31.614,small_hydroelectric
125,44,100.697,small_hydroelectric
137,44,36.822,small_hydroelectric
145,44,33.21,small_hydroelectric
12,44,0.0,solar_photovoltaic
25,44,0.0,solar_photovoltaic
33,44,0.0,solar_photovoltaic
52,44,0.0,solar_photovoltaic
65,44,0.0,solar_photovoltaic
82,44,0.0,solar_photovoltaic
96,44,0.0,solar_photovoltaic
107,44,0.0,solar_photovoltaic
126,44,0.0,solar_photovoltaic
138,44,0.0,solar_photovoltaic
26,45,11.235,biomass
13,45,15.682,biomass
108,45,137.081,biomass
40,45,5.952,biomass
97,45,178.173,biomass
1,45,16.294,biomass
66,45,228.795,biomass
2,45,887.0413187999999,conventional_hydroelectric
14,45,106.40538480000001,conventional_hydroelectric
27,45,819.8444520000015,conventional_hydroelectric
35,45,1451.114896000003,conventional_hydroelectric
54,45,948.9731130000106,conventional_hydroelectric
67,45,2322.8879783563348,conventional_hydroelectric
84,45,16879.78021799984,conventional_hydroelectric
109,45,223.6751758878,conventional_hydroelectric
128,45,69.56994,conventional_hydroelectric
139,45,94.90511999999998,conventional_hydroelectric
110,45,50.0,conventional_steam_coal
41,45,0.0,conventional_steam_coal
3,45,0.0,conventional_steam_coal
36,45,0.0,conventional_steam_coal
85,45,0.0,conventional_steam_coal
28,45,74.364,geothermal
116,45,0.0,natural_gas_fired_combined_cycle
73,45,0.0,natural_gas_fired_combined_cycle
71,45,0.0,natural_gas_fired_combined_cycle
44,45,0.0,natural_gas_fired_combined_cycle
115,45,0.0,natural_gas_fired_combined_cycle
70,45,0.0,natural_gas_fired_combined_cycle
131,45,0.0,natural_gas_fired_combined_cycle
18,45,0.0,natural_gas_fired_combined_cycle
72,45,0.0,natural_gas_fired_combined_cycle
114,45,0.0,natural_gas_fired_combined_cycle
45,45,0.0,natural_gas_fired_combined_cycle
78,45,0.0,natural_gas_fired_combustion_turbine
75,45,0.0,natural_gas_fired_combustion_turbine
119,45,0.0,natural_gas_fired_combustion_turbine
117,45,0.0,natural_gas_fired_combustion_turbine
134,45,0.0,natural_gas_fired_combustion_turbine
103,45,0.0,natural_gas_fired_combustion_turbine
47,45,0.0,natural_gas_fired_combustion_turbine
8,45,0.0,natural_gas_fired_combustion_turbine
90,45,0.0,natural_gas_fired_combustion_turbine
60,45,0.0,natural_gas_fired_combustion_turbine
46,45,0.0,natural_gas_fired_combustion_turbine
37,45,0.0,natural_gas_fired_combustion_turbine
7,45,0.0,natural_gas_fired_combustion_turbine
133,45,0.0,natural_gas_fired_combustion_turbine
74,45,0.0,natural_gas_fired_combustion_turbine
20,45,0.0,natural_gas_fired_combustion_turbine
135,45,0.0,natural_gas_fired_combustion_turbine
142,45,0.0,natural_gas_fired_combustion_turbine
121,45,0.0,natural_gas_fired_combustion_turbine
91,45,0.0,natural_gas_fired_combustion_turbine
22,45,0.0,natural_gas_steam_turbine
123,45,0.0,natural_gas_steam_turbine
62,45,0.0,natural_gas_steam_turbine
49,45,0.0,natural_gas_steam_turbine
48,45,0.0,natural_gas_steam_turbine
21,45,0.0,natural_gas_steam_turbine
79,45,5963.597767294659,nuclear
10,45,641.1916,onshore_wind_turbine
23,45,922.383,onshore_wind_turbine
31,45,7326.3197,onshore_wind_turbine
38,45,1659.8421,onshore_wind_turbine
50,45,1230.94482,onshore_wind_turbine
63,45,145.5137597312,onshore_wind_turbine
80,45,2080.7474799999995,onshore_wind_turbine
94,45,17109.1256,onshore_wind_turbine
105,45,1894.63287888,onshore_wind_turbine
124,45,12430.323080914202,onshore_wind_turbine
136,45,2148.7382700000003,onshore_wind_turbine
144,45,6471.06768,onshore_wind_turbine
11,45,19.125,small_hydroelectric
24,45,62.577,small_hydroelectric
32,45,192.0,small_hydroelectric
39,45,52.9,small_hydroelectric
51,45,25.641,small_hydroelectric
64,45,6.128,small_hydroelectric
81,45,241.672,small_hydroelectric
95,45,418.922,small_hydroelectric
106,45,31.614,small_hydroelectric
125,45,100.697,small_hydroelectric
137,45,36.822,small_hydroelectric
145,45,33.21,small_hydroelectric
12,45,0.0,solar_photovoltaic
25,45,0.0,solar_photovoltaic
33,45,0.0,solar_photovoltaic
52,45,0.0,solar_photovoltaic
65,45,0.0,solar_photovoltaic
82,45,0.0,solar_photovoltaic
96,45,0.0,solar_photovoltaic
107,45,0.0,solar_photovoltaic
126,45,0.0,solar_photovoltaic
138,45,0.0,solar_photovoltaic
26,46,11.235,biomass
13,46,15.682,biomass
108,46,137.081,biomass
40,46,5.952,biomass
97,46,178.173,biomass
1,46,16.294,biomass
66,46,228.795,biomass
2,46,886.7650679999999,conventional_hydroelectric
14,46,106.54650600000001,conventional_hydroelectric
27,46,866.1282696000001,conventional_hydroelectric
35,46,1510.0586336000001,conventional_hydroelectric
54,46,1035.2433960000121,conventional_hydroelectric
67,46,2325.017720317851,conventional_hydroelectric
84,46,17376.5861418,conventional_hydroelectric
109,46,224.240030937,conventional_hydroelectric
128,46,69.56994,conventional_hydroelectric
139,46,95.0681472,conventional_hydroelectric
110,46,50.0,conventional_steam_coal
41,46,7219.002,conventional_steam_coal
3,46,8009.062589999994,conventional_steam_coal
36,46,1350.1595699999991,conventional_steam_coal
85,46,763.8,conventional_steam_coal
28,46,74.364,geothermal
116,46,36.159999999999954,natural_gas_fired_combined_cycle
73,46,0.0,natural_gas_fired_combined_cycle
71,46,0.0,natural_gas_fired_combined_cycle
44,46,0.0,natural_gas_fired_combined_cycle
115,46,0.0,natural_gas_fired_combined_cycle
70,46,0.0,natural_gas_fired_combined_cycle
131,46,0.0,natural_gas_fired_combined_cycle
18,46,0.0,natural_gas_fired_combined_cycle
72,46,0.0,natural_gas_fired_combined_cycle
114,46,0.0,natural_gas_fired_combined_cycle
45,46,0.0,natural_gas_fired_combined_cycle
78,46,257.0,natural_gas_fired_combustion_turbine
75,46,0.0,natural_gas_fired_combustion_turbine
119,46,0.0,natural_gas_fired_combustion_turbine
117,46,0.0,natural_gas_fired_combustion_turbine
134,46,0.0,natural_gas_fired_combustion_turbine
103,46,0.0,natural_gas_fired_combustion_turbine
47,46,0.0,natural_gas_fired_combustion_turbine
8,46,0.0,natural_gas_fired_combustion_turbine
90,46,0.0,natural_gas_fired_combustion_turbine
60,46,0.0,natural_gas_fired_combustion_turbine
46,46,0.0,natural_gas_fired_combustion_turbine
37,46,0.0,natural_gas_fired_combustion_turbine
7,46,0.0,natural_gas_fired_combustion_turbine
133,46,0.0,natural_gas_fired_combustion_turbine
74,46,0.0,natural_gas_fired_combustion_turbine
20,46,0.0,natural_gas_fired_combustion_turbine
135,46,0.0,natural_gas_fired_combustion_turbine
142,46,0.0,natural_gas_fired_combustion_turbine
121,46,0.0,natural_gas_fired_combustion_turbine
91,46,0.0,natural_gas_fired_combustion_turbine
22,46,0.0,natural_gas_steam_turbine
123,46,0.0,natural_gas_steam_turbine
62,46,0.0,natural_gas_steam_turbine
49,46,0.0,natural_gas_steam_turbine
48,46,0.0,natural_gas_steam_turbine
21,46,0.0,natural_gas_steam_turbine
79,46,5554.499250000002,nuclear
10,46,175.96747,onshore_wind_turbine
23,46,199.38379999999998,onshore_wind_turbine
31,46,3793.77495,onshore_wind_turbine
38,46,424.33335,onshore_wind_turbine
50,46,945.73416,onshore_wind_turbine
63,46,11.2327603584,onshore_wind_turbine
80,46,836.3879999999999,onshore_wind_turbine
94,46,7006.209,onshore_wind_turbine
105,46,1897.150919202,onshore_wind_turbine
124,46,10214.904128167202,onshore_wind_turbine
136,46,812.1852900000001,onshore_wind_turbine
144,46,2353.11552,onshore_wind_turbine
11,46,19.125,small_hydroelectric
24,46,62.577,small_hydroelectric
32,46,192.0,small_hydroelectric
39,46,52.9,small_hydroelectric
51,46,25.641,small_hydroelectric
64,46,6.128,small_hydroelectric
81,46,241.672,small_hydroelectric
95,46,418.922,small_hydroelectric
106,46,31.614,small_hydroelectric
125,46,100.697,small_hydroelectric
137,46,36.822,small_hydroelectric
145,46,33.21,small_hydroelectric
12,46,0.0,solar_photovoltaic
25,46,0.0,solar_photovoltaic
33,46,0.0,solar_photovoltaic
52,46,0.0,solar_photovoltaic
65,46,0.0,solar_photovoltaic
82,46,0.0,solar_photovoltaic
96,46,0.0,solar_photovoltaic
107,46,0.0,solar_photovoltaic
126,46,0.0,solar_photovoltaic
138,46,0.0,solar_photovoltaic
26,47,0.0,biomass
13,47,0.0,biomass
108,47,0.0,biomass
40,47,0.0,biomass
97,47,0.0,biomass
1,47,0.0,biomass
66,47,0.0,biomass
2,47,886.7650679999999,conventional_hydroelectric
14,47,106.6876272,conventional_hydroelectric
27,47,866.2693788,conventional_hydroelectric
35,47,1510.0586336,conventional_hydroelectric
54,47,1060.3969002000001,conventional_hydroelectric
67,47,2327.199922417851,conventional_hydroelectric
84,47,17379.4914396,conventional_hydroelectric
109,47,224.7260146482,conventional_hydroelectric
128,47,69.55476,conventional_hydroelectric
139,47,95.23117439999999,conventional_hydroelectric
110,47,21.5,conventional_steam_coal
41,47,0.0,conventional_steam_coal
3,47,0.0,conventional_steam_coal
36,47,0.0,conventional_steam_coal
85,47,0.0,conventional_steam_coal
28,47,74.364,geothermal
116,47,0.0,natural_gas_fired_combined_cycle
73,47,0.0,natural_gas_fired_combined_cycle
71,47,0.0,natural_gas_fired_combined_cycle
44,47,0.0,natural_gas_fired_combined_cycle
115,47,0.0,natural_gas_fired_combined_cycle
70,47,0.0,natural_gas_fired_combined_cycle
131,47,0.0,natural_gas_fired_combined_cycle
18,47,0.0,natural_gas_fired_combined_cycle
72,47,0.0,natural_gas_fired_combined_cycle
114,47,0.0,natural_gas_fired_combined_cycle
45,47,0.0,natural_gas_fired_combined_cycle
78,47,0.0,natural_gas_fired_combustion_turbine
75,47,0.0,natural_gas_fired_combustion_turbine
119,47,0.0,natural_gas_fired_combustion_turbine
117,47,0.0,natural_gas_fired_combustion_turbine
134,47,0.0,natural_gas_fired_combustion_turbine
103,47,0.0,natural_gas_fired_combustion_turbine
47,47,0.0,natural_gas_fired_combustion_turbine
8,47,0.0,natural_gas_fired_combustion_turbine
90,47,0.0,natural_gas_fired_combustion_turbine
60,47,0.0,natural_gas_fired_combustion_turbine
46,47,0.0,natural_gas_fired_combustion_turbine
37,47,0.0,natural_gas_fired_combustion_turbine
7,47,0.0,natural_gas_fired_combustion_turbine
133,47,0.0,natural_gas_fired_combustion_turbine
74,47,0.0,natural_gas_fired_combustion_turbine
20,47,0.0,natural_gas_fired_combustion_turbine
135,47,0.0,natural_gas_fired_combustion_turbine
142,47,0.0,natural_gas_fired_combustion_turbine
121,47,0.0,natural_gas_fired_combustion_turbine
91,47,0.0,natural_gas_fired_combustion_turbine
22,47,0.0,natural_gas_steam_turbine
123,47,0.0,natural_gas_steam_turbine
62,47,0.0,natural_gas_steam_turbine
49,47,0.0,natural_gas_steam_turbine
48,47,0.0,natural_gas_steam_turbine
21,47,0.0,natural_gas_steam_turbine
79,47,3702.9995000000017,nuclear
10,47,677.7539300000001,onshore_wind_turbine
23,47,1667.743,onshore_wind_turbine
31,47,7003.34418,onshore_wind_turbine
38,47,2146.0929,onshore_wind_turbine
50,47,3509.2428,onshore_wind_turbine
63,47,58.3819600112,onshore_wind_turbine
80,47,702.5659199999999,onshore_wind_turbine
94,47,11059.144600000001,onshore_wind_turbine
105,47,1602.158178957,onshore_wind_turbine
124,47,21539.3241117362,onshore_wind_turbine
136,47,1994.0363100000004,onshore_wind_turbine
144,47,5352.90525,onshore_wind_turbine
11,47,19.125,small_hydroelectric
24,47,62.577,small_hydroelectric
32,47,192.0,small_hydroelectric
39,47,52.9,small_hydroelectric
51,47,25.641,small_hydroelectric
64,47,6.128,small_hydroelectric
81,47,241.672,small_hydroelectric
95,47,418.922,small_hydroelectric
106,47,31.614,small_hydroelectric
125,47,100.697,small_hydroelectric
137,47,36.822,small_hydroelectric
145,47,33.21,small_hydroelectric
12,47,0.0,solar_photovoltaic
25,47,0.0,solar_photovoltaic
33,47,0.0,solar_photovoltaic
52,47,0.0,solar_photovoltaic
65,47,0.0,solar_photovoltaic
82,47,0.0,solar_photovoltaic
96,47,0.0,solar_photovoltaic
107,47,0.0,solar_photovoltaic
126,47,0.0,solar_photovoltaic
138,47,0.0,solar_photovoltaic
26,48,11.235,biomass
13,48,15.682,biomass
108,48,137.081,biomass
40,48,5.952,biomass
97,48,178.173,biomass
1,48,16.294,biomass
66,48,228.795,biomass
2,48,886.4888172,conventional_hydroelectric
14,48,106.8287484,conventional_hydroelectric
27,48,866.2693788,conventional_hydroelectric
35,48,1509.808872,conventional_hydroelectric
54,48,1059.5653794000002,conventional_hydroelectric
67,48,2330.0045976668757,conventional_hydroelectric
84,48,17382.396737400002,conventional_hydroelectric
109,48,225.35161835940002,conventional_hydroelectric
128,48,69.55476,conventional_hydroelectric
139,48,95.3942016,conventional_hydroelectric
110,48,28.5,conventional_steam_coal
41,48,0.0,conventional_steam_coal
3,48,0.0,conventional_steam_coal
36,48,0.0,conventional_steam_coal
85,48,0.0,conventional_steam_coal
28,48,74.364,geothermal
116,48,0.0,natural_gas_fired_combined_cycle
73,48,0.0,natural_gas_fired_combined_cycle
71,48,0.0,natural_gas_fired_combined_cycle
44,48,0.0,natural_gas_fired_combined_cycle
115,48,0.0,natural_gas_fired_combined_cycle
70,48,0.0,natural_gas_fired_combined_cycle
131,48,0.0,natural_gas_fired_combined_cycle
18,48,0.0,natural_gas_fired_combined_cycle
72,48,0.0,natural_gas_fired_combined_cycle
114,48,0.0,natural_gas_fired_combined_cycle
45,48,0.0,natural_gas_fired_combined_cycle
78,48,0.0,natural_gas_fired_combustion_turbine
75,48,0.0,natural_gas_fired_combustion_turbine
119,48,0.0,natural_gas_fired_combustion_turbine
117,48,0.0,natural_gas_fired_combustion_turbine
134,48,0.0,natural_gas_fired_combustion_turbine
103,48,0.0,natural_gas_fired_combustion_turbine
47,48,0.0,natural_gas_fired_combustion_turbine
8,48,0.0,natural_gas_fired_combustion_turbine
90,48,0.0,natural_gas_fired_combustion_turbine
60,48,0.0,natural_gas_fired_combustion_turbine
46,48,0.0,natural_gas_fired_combustion_turbine
37,48,0.0,natural_gas_fired_combustion_turbine
7,48,0.0,natural_gas_fired_combustion_turbine
133,48,0.0,natural_gas_fired_combustion_turbine
74,48,0.0,natural_gas_fired_combustion_turbine
20,48,0.0,natural_gas_fired_combustion_turbine
135,48,0.0,natural_gas_fired_combustion_turbine
142,48,0.0,natural_gas_fired_combustion_turbine
121,48,0.0,natural_gas_fired_combustion_turbine
91,48,0.0,natural_gas_fired_combustion_turbine
22,48,0.0,natural_gas_steam_turbine
123,48,0.0,natural_gas_steam_turbine
62,48,0.0,natural_gas_steam_turbine
49,48,0.0,natural_gas_steam_turbine
48,48,0.0,natural_gas_steam_turbine
21,48,0.0,natural_gas_steam_turbine
79,48,1851.4997500000009,nuclear
10,48,101.58204,onshore_wind_turbine
23,48,1179.5321999999999,onshore_wind_turbine
31,48,5866.99281,onshore_wind_turbine
38,48,437.96655,onshore_wind_turbine
50,48,1163.1988199999998,onshore_wind_turbine
63,48,4.9559996304,onshore_wind_turbine
80,48,678.4035999999999,onshore_wind_turbine
94,48,3023.1515999999997,onshore_wind_turbine
105,48,1547.4881798249999,onshore_wind_turbine
124,48,15761.573927129803,onshore_wind_turbine
136,48,1395.9153600000002,onshore_wind_turbine
144,48,1520.4413699999998,onshore_wind_turbine
11,48,19.125,small_hydroelectric
24,48,62.577,small_hydroelectric
32,48,192.0,small_hydroelectric
39,48,52.9,small_hydroelectric
51,48,25.641,small_hydroelectric
64,48,6.128,small_hydroelectric
81,48,241.672,small_hydroelectric
95,48,418.922,small_hydroelectric
106,48,31.614,small_hydroelectric
125,48,100.697,small_hydroelectric
137,48,36.822,small_hydroelectric
145,48,33.21,small_hydroelectric
12,48,0.0,solar_photovoltaic
25,48,0.0,solar_photovoltaic
33,48,0.0,solar_photovoltaic
52,48,0.0,solar_photovoltaic
65,48,0.0,solar_photovoltaic
82,48,0.0,solar_photovoltaic
96,48,0.0,solar_photovoltaic
107,48,0.0,solar_photovoltaic
126,48,0.0,solar_photovoltaic
138,48,0.0,solar_photovoltaic
26,49,0.0,biomass
13,49,0.0,biomass
108,49,0.0,biomass
40,49,0.0,biomass
97,49,0.0,biomass
1,49,0.0,biomass
66,49,0.0,biomass
2,49,657.2006531999987,conventional_hydroelectric
14,49,67.78521640000004,conventional_hydroelectric
27,49,749.1487428,conventional_hydroelectric
35,49,1302.5067440000005,conventional_hydroelectric
54,49,973.2950964000005,conventional_hydroelectric
67,49,1726.2620166668776,conventional_hydroelectric
84,49,14970.999563400004,conventional_hydroelectric
109,49,109.4670183594001,conventional_hydroelectric
128,49,56.955360000000006,conventional_hydroelectric
139,49,76.06383360000002,conventional_hydroelectric
110,49,0.0,conventional_steam_coal
41,49,0.0,conventional_steam_coal
3,49,0.0,conventional_steam_coal
36,49,0.0,conventional_steam_coal
85,49,0.0,conventional_steam_coal
28,49,0.0,geothermal
116,49,0.0,natural_gas_fired_combined_cycle
73,49,0.0,natural_gas_fired_combined_cycle
71,49,0.0,natural_gas_fired_combined_cycle
44,49,0.0,natural_gas_fired_combined_cycle
115,49,0.0,natural_gas_fired_combined_cycle
70,49,0.0,natural_gas_fired_combined_cycle
131,49,0.0,natural_gas_fired_combined_cycle
18,49,0.0,natural_gas_fired_combined_cycle
72,49,0.0,natural_gas_fired_combined_cycle
114,49,0.0,natural_gas_fired_combined_cycle
45,49,0.0,natural_gas_fired_combined_cycle
78,49,0.0,natural_gas_fired_combustion_turbine
75,49,0.0,natural_gas_fired_combustion_turbine
119,49,0.0,natural_gas_fired_combustion_turbine
117,49,0.0,natural_gas_fired_combustion_turbine
134,49,0.0,natural_gas_fired_combustion_turbine
103,49,0.0,natural_gas_fired_combustion_turbine
47,49,0.0,natural_gas_fired_combustion_turbine
8,49,0.0,natural_gas_fired_combustion_turbine
90,49,0.0,natural_gas_fired_combustion_turbine
60,49,0.0,natural_gas_fired_combustion_turbine
46,49,0.0,natural_gas_fired_combustion_turbine
37,49,0.0,natural_gas_fired_combustion_turbine
7,49,0.0,natural_gas_fired_combustion_turbine
133,49,0.0,natural_gas_fired_combustion_turbine
74,49,0.0,natural_gas_fired_combustion_turbine
20,49,0.0,natural_gas_fired_combustion_turbine
135,49,0.0,natural_gas_fired_combustion_turbine
142,49,0.0,natural_gas_fired_combustion_turbine
121,49,0.0,natural_gas_fired_combustion_turbine
91,49,0.0,natural_gas_fired_combustion_turbine
22,49,0.0,natural_gas_steam_turbine
123,49,0.0,natural_gas_steam_turbine
62,49,0.0,natural_gas_steam_turbine
49,49,0.0,natural_gas_steam_turbine
48,49,0.0,natural_gas_steam_turbine
21,49,0.0,natural_gas_steam_turbine
79,49,0.0,nuclear
10,49,409.57014000000004,onshore_wind_turbine
23,49,5312.553400000001,onshore_wind_turbine
31,49,7147.0207900000005,onshore_wind_turbine
38,49,1367.8644,onshore_wind_turbine
50,49,3130.5426599999996,onshore_wind_turbine
63,49,44.384199865599996,onshore_wind_turbine
80,49,997.16036,onshore_wind_turbine
94,49,7458.5784,onshore_wind_turbine
105,49,2190.616120266,onshore_wind_turbine
124,49,19756.769556246803,onshore_wind_turbine
136,49,1813.2508800000003,onshore_wind_turbine
144,49,7165.323269999999,onshore_wind_turbine
11,49,0.0,small_hydroelectric
24,49,0.0,small_hydroelectric
32,49,0.0,small_hydroelectric
39,49,0.0,small_hydroelectric
51,49,0.0,small_hydroelectric
64,49,0.0,small_hydroelectric
81,49,0.0,small_hydroelectric
95,49,0.0,small_hydroelectric
106,49,0.0,small_hydroelectric
125,49,0.0,small_hydroelectric
137,49,0.0,small_hydroelectric
145,49,0.0,small_hydroelectric
12,49,0.0,solar_photovoltaic
25,49,0.0,solar_photovoltaic
33,49,0.0,solar_photovoltaic
52,49,0.0,solar_photovoltaic
65,49,0.0,solar_photovoltaic
82,49,0.0,solar_photovoltaic
96,49,0.0,solar_photovoltaic
107,49,0.0,solar_photovoltaic
126,49,0.0,solar_photovoltaic
138,49,0.0,solar_photovoltaic
26,50,0.0,biomass
13,50,0.0,biomass
108,50,0.0,biomass
40,50,0.0,biomass
97,50,0.0,biomass
1,50,0.0,biomass
66,50,0.0,biomass
2,50,656.3719008000036,conventional_hydroelectric
14,50,68.20858000000004,conventional_hydroelectric
27,50,749.4309611999978,conventional_hydroelectric
35,50,1302.506743999997,conventional_hydroelectric
54,50,969.033552299999,conventional_hydroelectric
67,50,1732.703695415903,conventional_hydroelectric
84,50,14979.7154568,conventional_hydroelectric
109,50,111.0645908892,conventional_hydroelectric
128,50,56.909819999999996,conventional_hydroelectric
139,50,76.55291519999999,conventional_hydroelectric
110,50,0.0,conventional_steam_coal
41,50,0.0,conventional_steam_coal
3,50,0.0,conventional_steam_coal
36,50,0.0,conventional_steam_coal
85,50,0.0,conventional_steam_coal
28,50,0.0,geothermal
116,50,0.0,natural_gas_fired_combined_cycle
73,50,0.0,natural_gas_fired_combined_cycle
71,50,0.0,natural_gas_fired_combined_cycle
44,50,0.0,natural_gas_fired_combined_cycle
115,50,0.0,natural_gas_fired_combined_cycle
70,50,0.0,natural_gas_fired_combined_cycle
131,50,0.0,natural_gas_fired_combined_cycle
18,50,0.0,natural_gas_fired_combined_cycle
72,50,0.0,natural_gas_fired_combined_cycle
114,50,0.0,natural_gas_fired_combined_cycle
45,50,0.0,natural_gas_fired_combined_cycle
78,50,0.0,natural_gas_fired_combustion_turbine
75,50,0.0,natural_gas_fired_combustion_turbine
119,50,0.0,natural_gas_fired_combustion_turbine
117,50,0.0,natural_gas_fired_combustion_turbine
134,50,0.0,natural_gas_fired_combustion_turbine
103,50,0.0,natural_gas_fired_combustion_turbine
47,50,0.0,natural_gas_fired_combustion_turbine
8,50,0.0,natural_gas_fired_combustion_turbine
90,50,0.0,natural_gas_fired_combustion_turbine
60,50,0.0,natural_gas_fired_combustion_turbine
46,50,0.0,natural_gas_fired_combustion_turbine
37,50,0.0,natural_gas_fired_combustion_turbine
7,50,0.0,natural_gas_fired_combustion_turbine
133,50,0.0,natural_gas_fired_combustion_turbine
74,50,0.0,natural_gas_fired_combustion_turbine
20,50,0.0,natural_gas_fired_combustion_turbine
135,50,0.0,natural_gas_fired_combustion_turbine
142,50,0.0,natural_gas_fired_combustion_turbine
121,50,0.0,natural_gas_fired_combustion_turbine
91,50,0.0,natural_gas_fired_combustion_turbine
22,50,0.0,natural_gas_steam_turbine
123,50,0.0,natural_gas_steam_turbine
62,50,0.0,natural_gas_steam_turbine
49,50,0.0,natural_gas_steam_turbine
48,50,0.0,natural_gas_steam_turbine
21,50,0.0,natural_gas_steam_turbine
79,50,0.0,nuclear
10,50,325.81899000000004,onshore_wind_turbine
23,50,8034.9808,onshore_wind_turbine
31,50,6381.14134,onshore_wind_turbine
38,50,1320.1481999999999,onshore_wind_turbine
50,50,3278.2289399999995,onshore_wind_turbine
63,50,25.6872,onshore_wind_turbine
80,50,1092.8803199999998,onshore_wind_turbine
94,50,6704.6294,onshore_wind_turbine
105,50,2109.4560199439998,onshore_wind_turbine
124,50,19662.3433374368,onshore_wind_turbine
136,50,1381.52448,onshore_wind_turbine
144,50,9557.369009999999,onshore_wind_turbine
11,50,0.0,small_hydroelectric
24,50,0.0,small_hydroelectric
32,50,0.0,small_hydroelectric
39,50,0.0,small_hydroelectric
51,50,0.0,small_hydroelectric
64,50,0.0,small_hydroelectric
81,50,0.0,small_hydroelectric
95,50,0.0,small_hydroelectric
106,50,0.0,small_hydroelectric
125,50,0.0,small_hydroelectric
137,50,0.0,small_hydroelectric
145,50,0.0,small_hydroelectric
12,50,0.0,solar_photovoltaic
25,50,0.0,solar_photovoltaic
33,50,0.0,solar_photovoltaic
52,50,0.0,solar_photovoltaic
65,50,0.0,solar_photovoltaic
82,50,0.0,solar_photovoltaic
96,50,0.0,solar_photovoltaic
107,50,0.0,solar_photovoltaic
126,50,0.0,solar_photovoltaic
138,50,0.0,solar_photovoltaic
26,51,11.235,biomass
13,51,15.682,biomass
108,51,137.081,biomass
40,51,5.952,biomass
97,51,178.173,biomass
1,51,16.294,biomass
66,51,228.795,biomass
2,51,885.6600647999994,conventional_hydroelectric
14,51,107.252112,conventional_hydroelectric
27,51,866.5515972000001,conventional_hydroelectric
35,51,1509.808872,conventional_hydroelectric
54,51,1055.3038352999993,conventional_hydroelectric
67,51,2336.446276415901,conventional_hydroelectric
84,51,17391.1126308,conventional_hydroelectric
109,51,226.94919088920003,conventional_hydroelectric
128,51,69.50922000000013,conventional_hydroelectric
139,51,95.8832832,conventional_hydroelectric
110,51,28.499999999999996,conventional_steam_coal
41,51,0.0,conventional_steam_coal
3,51,0.0,conventional_steam_coal
36,51,0.0,conventional_steam_coal
85,51,0.0,conventional_steam_coal
28,51,74.364,geothermal
116,51,0.0,natural_gas_fired_combined_cycle
73,51,0.0,natural_gas_fired_combined_cycle
71,51,0.0,natural_gas_fired_combined_cycle
44,51,0.0,natural_gas_fired_combined_cycle
115,51,0.0,natural_gas_fired_combined_cycle
70,51,0.0,natural_gas_fired_combined_cycle
131,51,0.0,natural_gas_fired_combined_cycle
18,51,0.0,natural_gas_fired_combined_cycle
72,51,0.0,natural_gas_fired_combined_cycle
114,51,0.0,natural_gas_fired_combined_cycle
45,51,0.0,natural_gas_fired_combined_cycle
78,51,0.0,natural_gas_fired_combustion_turbine
75,51,0.0,natural_gas_fired_combustion_turbine
119,51,0.0,natural_gas_fired_combustion_turbine
117,51,0.0,natural_gas_fired_combustion_turbine
134,51,0.0,natural_gas_fired_combustion_turbine
103,51,0.0,natural_gas_fired_combustion_turbine
47,51,0.0,natural_gas_fired_combustion_turbine
8,51,0.0,natural_gas_fired_combustion_turbine
90,51,0.0,natural_gas_fired_combustion_turbine
60,51,0.0,natural_gas_fired_combustion_turbine
46,51,0.0,natural_gas_fired_combustion_turbine
37,51,0.0,natural_gas_fired_combustion_turbine
7,51,0.0,natural_gas_fired_combustion_turbine
133,51,0.0,natural_gas_fired_combustion_turbine
74,51,0.0,natural_gas_fired_combustion_turbine
20,51,0.0,natural_gas_fired_combustion_turbine
135,51,0.0,natural_gas_fired_combustion_turbine
142,51,0.0,natural_gas_fired_combustion_turbine
121,51,0.0,natural_gas_fired_combustion_turbine
91,51,0.0,natural_gas_fired_combustion_turbine
22,51,0.0,natural_gas_steam_turbine
123,51,0.0,natural_gas_steam_turbine
62,51,0.0,natural_gas_steam_turbine
49,51,0.0,natural_gas_steam_turbine
48,51,0.0,natural_gas_steam_turbine
21,51,0.0,natural_gas_steam_turbine
79,51,1851.4997499999972,nuclear
10,51,154.35427,onshore_wind_turbine
23,51,1732.962,onshore_wind_turbine
31,51,3266.56491,onshore_wind_turbine
38,51,195.97725000000003,onshore_wind_turbine
50,51,1141.5201,onshore_wind_turbine
63,51,0.0,onshore_wind_turbine
80,51,368.94003999999995,onshore_wind_turbine
94,51,1162.1848000000002,onshore_wind_turbine
105,51,1334.801438565,onshore_wind_turbine
124,51,18074.158695901006,onshore_wind_turbine
136,51,885.0391200000001,onshore_wind_turbine
144,51,3233.3710499999997,onshore_wind_turbine
11,51,19.125,small_hydroelectric
24,51,62.577,small_hydroelectric
32,51,192.0,small_hydroelectric
39,51,52.9,small_hydroelectric
51,51,25.641,small_hydroelectric
64,51,6.128,small_hydroelectric
81,51,241.672,small_hydroelectric
95,51,418.922,small_hydroelectric
106,51,31.614,small_hydroelectric
125,51,100.697,small_hydroelectric
137,51,36.822,small_hydroelectric
145,51,33.21,small_hydroelectric
12,51,0.0,solar_photovoltaic
25,51,0.0,solar_photovoltaic
33,51,0.0,solar_photovoltaic
52,51,0.0,solar_photovoltaic
65,51,0.0,solar_photovoltaic
82,51,0.0,solar_photovoltaic
96,51,0.0,solar_photovoltaic
107,51,0.0,solar_photovoltaic
126,51,0.0,solar_photovoltaic
138,51,0.0,solar_photovoltaic
26,52,0.0,biomass
13,52,0.0,biomass
108,52,0.0,biomass
40,52,0.0,biomass
97,52,0.0,biomass
1,52,0.0,biomass
66,52,0.0,biomass
2,52,656.3719007999999,conventional_hydroelectric
14,52,68.49082240000004,conventional_hydroelectric
27,52,749.7131796000006,conventional_hydroelectric
35,52,1302.506743999999,conventional_hydroelectric
54,52,969.033552299999,conventional_hydroelectric
67,52,1737.6381126264396,conventional_hydroelectric
84,52,14982.620754600002,conventional_hydroelectric
109,52,112.1154296496001,conventional_hydroelectric
128,52,56.909820000000025,conventional_hydroelectric
139,52,76.87896960000005,conventional_hydroelectric
110,52,0.0,conventional_steam_coal
41,52,0.0,conventional_steam_coal
3,52,0.0,conventional_steam_coal
36,52,0.0,conventional_steam_coal
85,52,0.0,conventional_steam_coal
28,52,0.0,geothermal
116,52,0.0,natural_gas_fired_combined_cycle
73,52,0.0,natural_gas_fired_combined_cycle
71,52,0.0,natural_gas_fired_combined_cycle
44,52,0.0,natural_gas_fired_combined_cycle
115,52,0.0,natural_gas_fired_combined_cycle
70,52,0.0,natural_gas_fired_combined_cycle
131,52,0.0,natural_gas_fired_combined_cycle
18,52,0.0,natural_gas_fired_combined_cycle
72,52,0.0,natural_gas_fired_combined_cycle
114,52,0.0,natural_gas_fired_combined_cycle
45,52,0.0,natural_gas_fired_combined_cycle
78,52,0.0,natural_gas_fired_combustion_turbine
75,52,0.0,natural_gas_fired_combustion_turbine
119,52,0.0,natural_gas_fired_combustion_turbine
117,52,0.0,natural_gas_fired_combustion_turbine
134,52,0.0,natural_gas_fired_combustion_turbine
103,52,0.0,natural_gas_fired_combustion_turbine
47,52,0.0,natural_gas_fired_combustion_turbine
8,52,0.0,natural_gas_fired_combustion_turbine
90,52,0.0,natural_gas_fired_combustion_turbine
60,52,0.0,natural_gas_fired_combustion_turbine
46,52,0.0,natural_gas_fired_combustion_turbine
37,52,0.0,natural_gas_fired_combustion_turbine
7,52,0.0,natural_gas_fired_combustion_turbine
133,52,0.0,natural_gas_fired_combustion_turbine
74,52,0.0,natural_gas_fired_combustion_turbine
20,52,0.0,natural_gas_fired_combustion_turbine
135,52,0.0,natural_gas_fired_combustion_turbine
142,52,0.0,natural_gas_fired_combustion_turbine
121,52,0.0,natural_gas_fired_combustion_turbine
91,52,0.0,natural_gas_fired_combustion_turbine
22,52,0.0,natural_gas_steam_turbine
123,52,0.0,natural_gas_steam_turbine
62,52,0.0,natural_gas_steam_turbine
49,52,0.0,natural_gas_steam_turbine
48,52,0.0,natural_gas_steam_turbine
21,52,0.0,natural_gas_steam_turbine
79,52,0.0,nuclear
10,52,184.97297,onshore_wind_turbine
23,52,10228.2026,onshore_wind_turbine
31,52,2796.35055,onshore_wind_turbine
38,52,2106.3294,onshore_wind_turbine
50,52,4263.933239999999,onshore_wind_turbine
63,52,32.44808038079999,onshore_wind_turbine
80,52,17.657079999999997,onshore_wind_turbine
94,52,6230.1932,onshore_wind_turbine
105,52,2102.739240819,onshore_wind_turbine
124,52,20136.300740325005,onshore_wind_turbine
136,52,753.72234,onshore_wind_turbine
144,52,11430.345149999997,onshore_wind_turbine
11,52,0.0,small_hydroelectric
24,52,0.0,small_hydroelectric
32,52,0.0,small_hydroelectric
39,52,0.0,small_hydroelectric
51,52,0.0,small_hydroelectric
64,52,0.0,small_hydroelectric
81,52,0.0,small_hydroelectric
95,52,0.0,small_hydroelectric
106,52,0.0,small_hydroelectric
125,52,0.0,small_hydroelectric
137,52,0.0,small_hydroelectric
145,52,0.0,small_hydroelectric
12,52,0.0,solar_photovoltaic
25,52,0.0,solar_photovoltaic
33,52,0.0,solar_photovoltaic
52,52,0.0,solar_photovoltaic
65,52,0.0,solar_photovoltaic
82,52,0.0,solar_photovoltaic
96,52,0.0,solar_photovoltaic
107,52,0.0,solar_photovoltaic
126,52,0.0,solar_photovoltaic
138,52,0.0,solar_photovoltaic
26,53,11.235,biomass
13,53,15.682,biomass
108,53,137.081,biomass
40,53,5.952,biomass
97,53,178.173,biomass
1,53,16.294,biomass
66,53,228.795,biomass
2,53,885.6600647999999,conventional_hydroelectric
14,53,107.5343544,conventional_hydroelectric
27,53,866.8338156,conventional_hydroelectric
35,53,1509.808872,conventional_hydroelectric
54,53,1055.3038353000002,conventional_hydroelectric
67,53,2341.380693626442,conventional_hydroelectric
84,53,17394.0179286,conventional_hydroelectric
109,53,228.0000296496,conventional_hydroelectric
128,53,69.50922,conventional_hydroelectric
139,53,96.2093376,conventional_hydroelectric
110,53,28.499999999999996,conventional_steam_coal
41,53,0.0,conventional_steam_coal
3,53,0.0,conventional_steam_coal
36,53,0.0,conventional_steam_coal
85,53,0.0,conventional_steam_coal
28,53,74.364,geothermal
116,53,0.0,natural_gas_fired_combined_cycle
73,53,0.0,natural_gas_fired_combined_cycle
71,53,0.0,natural_gas_fired_combined_cycle
44,53,0.0,natural_gas_fired_combined_cycle
115,53,0.0,natural_gas_fired_combined_cycle
70,53,0.0,natural_gas_fired_combined_cycle
131,53,0.0,natural_gas_fired_combined_cycle
18,53,0.0,natural_gas_fired_combined_cycle
72,53,0.0,natural_gas_fired_combined_cycle
114,53,0.0,natural_gas_fired_combined_cycle
45,53,0.0,natural_gas_fired_combined_cycle
78,53,0.0,natural_gas_fired_combustion_turbine
75,53,0.0,natural_gas_fired_combustion_turbine
119,53,0.0,natural_gas_fired_combustion_turbine
117,53,0.0,natural_gas_fired_combustion_turbine
134,53,0.0,natural_gas_fired_combustion_turbine
103,53,0.0,natural_gas_fired_combustion_turbine
47,53,0.0,natural_gas_fired_combustion_turbine
8,53,0.0,natural_gas_fired_combustion_turbine
90,53,0.0,natural_gas_fired_combustion_turbine
60,53,0.0,natural_gas_fired_combustion_turbine
46,53,0.0,natural_gas_fired_combustion_turbine
37,53,0.0,natural_gas_fired_combustion_turbine
7,53,0.0,natural_gas_fired_combustion_turbine
133,53,0.0,natural_gas_fired_combustion_turbine
74,53,0.0,natural_gas_fired_combustion_turbine
20,53,0.0,natural_gas_fired_combustion_turbine
135,53,0.0,natural_gas_fired_combustion_turbine
142,53,0.0,natural_gas_fired_combustion_turbine
121,53,0.0,natural_gas_fired_combustion_turbine
91,53,0.0,natural_gas_fired_combustion_turbine
22,53,0.0,natural_gas_steam_turbine
123,53,0.0,natural_gas_steam_turbine
62,53,0.0,natural_gas_steam_turbine
49,53,0.0,natural_gas_steam_turbine
48,53,0.0,natural_gas_steam_turbine
21,53,0.0,natural_gas_steam_turbine
79,53,1851.49975,nuclear
10,53,158.4968,onshore_wind_turbine
23,53,5320.007,onshore_wind_turbine
31,53,827.62477,onshore_wind_turbine
38,53,306.17895000000004,onshore_wind_turbine
50,53,2348.75382,onshore_wind_turbine
63,53,39.1146,onshore_wind_turbine
80,53,14.869119999999999,onshore_wind_turbine
94,53,706.1375999999999,onshore_wind_turbine
105,53,1098.997758957,onshore_wind_turbine
124,53,10954.393309459601,onshore_wind_turbine
136,53,634.09815,onshore_wind_turbine
144,53,4556.99853,onshore_wind_turbine
11,53,19.125,small_hydroelectric
24,53,62.577,small_hydroelectric
32,53,192.0,small_hydroelectric
39,53,52.9,small_hydroelectric
51,53,25.641,small_hydroelectric
64,53,6.128,small_hydroelectric
81,53,241.672,small_hydroelectric
95,53,418.922,small_hydroelectric
106,53,31.614,small_hydroelectric
125,53,100.697,small_hydroelectric
137,53,36.822,small_hydroelectric
145,53,33.21,small_hydroelectric
12,53,0.0,solar_photovoltaic
25,53,0.0,solar_photovoltaic
33,53,0.0,solar_photovoltaic
52,53,0.0,solar_photovoltaic
65,53,0.0,solar_photovoltaic
82,53,0.0,solar_photovoltaic
96,53,0.0,solar_photovoltaic
107,53,0.0,solar_photovoltaic
126,53,0.0,solar_photovoltaic
138,53,0.0,solar_photovoltaic
26,54,11.235,biomass
13,54,15.682,biomass
108,54,137.081,biomass
40,54,5.952,biomass
97,54,178.173,biomass
1,54,16.294,biomass
66,54,228.795,biomass
2,54,885.6600647999999,conventional_hydroelectric
14,54,107.6754756,conventional_hydroelectric
27,54,866.8338156,conventional_hydroelectric
35,54,1509.5591104,conventional_hydroelectric
54,54,1054.4723145,conventional_hydroelectric
67,54,2343.562895726442,conventional_hydroelectric
84,54,17396.9232264,conventional_hydroelectric
109,54,228.48601336080003,conventional_hydroelectric
128,54,69.50922,conventional_hydroelectric
139,54,96.3723648,conventional_hydroelectric
110,54,50.0,conventional_steam_coal
41,54,0.0,conventional_steam_coal
3,54,0.0,conventional_steam_coal
36,54,0.0,conventional_steam_coal
85,54,0.0,conventional_steam_coal
28,54,74.364,geothermal
116,54,0.0,natural_gas_fired_combined_cycle
73,54,0.0,natural_gas_fired_combined_cycle
71,54,0.0,natural_gas_fired_combined_cycle
44,54,0.0,natural_gas_fired_combined_cycle
115,54,0.0,natural_gas_fired_combined_cycle
70,54,0.0,natural_gas_fired_combined_cycle
131,54,0.0,natural_gas_fired_combined_cycle
18,54,0.0,natural_gas_fired_combined_cycle
72,54,0.0,natural_gas_fired_combined_cycle
114,54,0.0,natural_gas_fired_combined_cycle
45,54,0.0,natural_gas_fired_combined_cycle
78,54,0.0,natural_gas_fired_combustion_turbine
75,54,0.0,natural_gas_fired_combustion_turbine
119,54,0.0,natural_gas_fired_combustion_turbine
117,54,0.0,natural_gas_fired_combustion_turbine
134,54,0.0,natural_gas_fired_combustion_turbine
103,54,0.0,natural_gas_fired_combustion_turbine
47,54,0.0,natural_gas_fired_combustion_turbine
8,54,0.0,natural_gas_fired_combustion_turbine
90,54,0.0,natural_gas_fired_combustion_turbine
60,54,0.0,natural_gas_fired_combustion_turbine
46,54,0.0,natural_gas_fired_combustion_turbine
37,54,0.0,natural_gas_fired_combustion_turbine
7,54,0.0,natural_gas_fired_combustion_turbine
133,54,0.0,natural_gas_fired_combustion_turbine
74,54,0.0,natural_gas_fired_combustion_turbine
20,54,0.0,natural_gas_fired_combustion_turbine
135,54,0.0,natural_gas_fired_combustion_turbine
142,54,0.0,natural_gas_fired_combustion_turbine
121,54,0.0,natural_gas_fired_combustion_turbine
91,54,0.0,natural_gas_fired_combustion_turbine
22,54,0.0,natural_gas_steam_turbine
123,54,0.0,natural_gas_steam_turbine
62,54,0.0,natural_gas_steam_turbine
49,54,0.0,natural_gas_steam_turbine
48,54,0.0,natural_gas_steam_turbine
21,54,0.0,natural_gas_steam_turbine
79,54,3702.999499999767,nuclear
10,54,166.96197,onshore_wind_turbine
23,54,4887.6982,onshore_wind_turbine
31,54,1004.54886,onshore_wind_turbine
38,54,457.28025,onshore_wind_turbine
50,54,2596.7041799999997,onshore_wind_turbine
63,54,1.6240000503999998,onshore_wind_turbine
80,54,14.869119999999999,onshore_wind_turbine
94,54,1320.3302,onshore_wind_turbine
105,54,986.369160042,onshore_wind_turbine
124,54,10834.944745471,onshore_wind_turbine
136,54,451.5138600000001,onshore_wind_turbine
144,54,3077.65017,onshore_wind_turbine
11,54,19.125,small_hydroelectric
24,54,62.577,small_hydroelectric
32,54,192.0,small_hydroelectric
39,54,52.9,small_hydroelectric
51,54,25.641,small_hydroelectric
64,54,6.128,small_hydroelectric
81,54,241.672,small_hydroelectric
95,54,418.922,small_hydroelectric
106,54,31.614,small_hydroelectric
125,54,100.697,small_hydroelectric
137,54,36.822,small_hydroelectric
145,54,33.21,small_hydroelectric
12,54,8.47476,solar_photovoltaic
25,54,640.4532399999999,solar_photovoltaic
33,54,6.513850000000001,solar_photovoltaic
52,54,1619.4347400000001,solar_photovoltaic
65,54,0.0,solar_photovoltaic
82,54,0.0,solar_photovoltaic
96,54,0.0,solar_photovoltaic
107,54,0.0,solar_photovoltaic
126,54,0.0,solar_photovoltaic
138,54,21.917279999999995,solar_photovoltaic
26,55,11.235,biomass
13,55,15.682,biomass
108,55,137.081,biomass
40,55,5.952,biomass
97,55,178.173,biomass
1,55,16.294,biomass
66,55,228.795,biomass
2,55,885.3838139999999,conventional_hydroelectric
14,55,107.8165968,conventional_hydroelectric
27,55,866.9749247999999,conventional_hydroelectric
35,55,1509.5591104,conventional_hydroelectric
54,55,1053.6407937000001,conventional_hydroelectric
67,55,2345.692630413951,conventional_hydroelectric
84,55,17399.8285242,conventional_hydroelectric
109,55,229.111617072,conventional_hydroelectric
128,55,69.49404,conventional_hydroelectric
139,55,96.53539199999999,conventional_hydroelectric
110,55,50.0,conventional_steam_coal
41,55,0.0,conventional_steam_coal
3,55,0.0,conventional_steam_coal
36,55,0.0,conventional_steam_coal
85,55,0.0,conventional_steam_coal
28,55,74.364,geothermal
116,55,0.0,natural_gas_fired_combined_cycle
73,55,0.0,natural_gas_fired_combined_cycle
71,55,0.0,natural_gas_fired_combined_cycle
44,55,0.0,natural_gas_fired_combined_cycle
115,55,0.0,natural_gas_fired_combined_cycle
70,55,0.0,natural_gas_fired_combined_cycle
131,55,0.0,natural_gas_fired_combined_cycle
18,55,0.0,natural_gas_fired_combined_cycle
72,55,0.0,natural_gas_fired_combined_cycle
114,55,0.0,natural_gas_fired_combined_cycle
45,55,0.0,natural_gas_fired_combined_cycle
78,55,0.0,natural_gas_fired_combustion_turbine
75,55,0.0,natural_gas_fired_combustion_turbine
119,55,0.0,natural_gas_fired_combustion_turbine
117,55,0.0,natural_gas_fired_combustion_turbine
134,55,0.0,natural_gas_fired_combustion_turbine
103,55,0.0,natural_gas_fired_combustion_turbine
47,55,0.0,natural_gas_fired_combustion_turbine
8,55,0.0,natural_gas_fired_combustion_turbine
90,55,0.0,natural_gas_fired_combustion_turbine
60,55,0.0,natural_gas_fired_combustion_turbine
46,55,0.0,natural_gas_fired_combustion_turbine
37,55,0.0,natural_gas_fired_combustion_turbine
7,55,0.0,natural_gas_fired_combustion_turbine
133,55,0.0,natural_gas_fired_combustion_turbine
74,55,0.0,natural_gas_fired_combustion_turbine
20,55,0.0,natural_gas_fired_combustion_turbine
135,55,0.0,natural_gas_fired_combustion_turbine
142,55,0.0,natural_gas_fired_combustion_turbine
121,55,0.0,natural_gas_fired_combustion_turbine
91,55,0.0,natural_gas_fired_combustion_turbine
22,55,0.0,natural_gas_steam_turbine
123,55,0.0,natural_gas_steam_turbine
62,55,0.0,natural_gas_steam_turbine
49,55,0.0,natural_gas_steam_turbine
48,55,0.0,natural_gas_steam_turbine
21,55,0.0,natural_gas_steam_turbine
79,55,3702.9994999999926,nuclear
10,55,0.0,onshore_wind_turbine
23,55,5959.1532,onshore_wind_turbine
31,55,1056.7948999999999,onshore_wind_turbine
38,55,1220.1714,onshore_wind_turbine
50,55,3610.8618,onshore_wind_turbine
63,55,59.505599871200005,onshore_wind_turbine
80,55,29.738239999999998,onshore_wind_turbine
94,55,3633.6664,onshore_wind_turbine
105,55,1707.2969195730002,onshore_wind_turbine
124,55,13882.560014538603,onshore_wind_turbine
136,55,995.6690100000002,onshore_wind_turbine
144,55,5489.16102,onshore_wind_turbine
11,55,19.125,small_hydroelectric
24,55,62.577,small_hydroelectric
32,55,192.0,small_hydroelectric
39,55,52.9,small_hydroelectric
51,55,25.641,small_hydroelectric
64,55,6.128,small_hydroelectric
81,55,241.672,small_hydroelectric
95,55,418.922,small_hydroelectric
106,55,31.614,small_hydroelectric
125,55,100.697,small_hydroelectric
137,55,36.822,small_hydroelectric
145,55,33.21,small_hydroelectric
12,55,1087.5942,solar_photovoltaic
25,55,1633.2678599999997,solar_photovoltaic
33,55,634.1321,solar_photovoltaic
52,55,3290.0168,solar_photovoltaic
65,55,1399.9132692125,solar_photovoltaic
82,55,606.75167,solar_photovoltaic
96,55,122.68655,solar_photovoltaic
107,55,636.6171683515,solar_photovoltaic
126,55,1819.7652974515001,solar_photovoltaic
138,55,402.73001999999997,solar_photovoltaic
26,56,11.235,biomass
13,56,15.682,biomass
108,56,137.081,biomass
40,56,5.952,biomass
97,56,178.173,biomass
1,56,16.294,biomass
66,56,228.795,biomass
2,56,885.3838139999999,conventional_hydroelectric
14,56,107.957718,conventional_hydroelectric
27,56,867.1160340000001,conventional_hydroelectric
35,56,1509.5591104,conventional_hydroelectric
54,56,1052.8092729,conventional_hydroelectric
67,56,2348.4973056629756,conventional_hydroelectric
84,56,17402.733822,conventional_hydroelectric
109,56,229.59760078320002,conventional_hydroelectric
128,56,69.49404,conventional_hydroelectric
139,56,96.7217088,conventional_hydroelectric
110,56,28.499999999999996,conventional_steam_coal
41,56,0.0,conventional_steam_coal
3,56,0.0,conventional_steam_coal
36,56,0.0,conventional_steam_coal
85,56,0.0,conventional_steam_coal
28,56,74.364,geothermal
116,56,0.0,natural_gas_fired_combined_cycle
73,56,0.0,natural_gas_fired_combined_cycle
71,56,0.0,natural_gas_fired_combined_cycle
44,56,0.0,natural_gas_fired_combined_cycle
115,56,0.0,natural_gas_fired_combined_cycle
70,56,0.0,natural_gas_fired_combined_cycle
131,56,0.0,natural_gas_fired_combined_cycle
18,56,0.0,natural_gas_fired_combined_cycle
72,56,0.0,natural_gas_fired_combined_cycle
114,56,0.0,natural_gas_fired_combined_cycle
45,56,0.0,natural_gas_fired_combined_cycle
78,56,0.0,natural_gas_fired_combustion_turbine
75,56,0.0,natural_gas_fired_combustion_turbine
119,56,0.0,natural_gas_fired_combustion_turbine
117,56,0.0,natural_gas_fired_combustion_turbine
134,56,0.0,natural_gas_fired_combustion_turbine
103,56,0.0,natural_gas_fired_combustion_turbine
47,56,0.0,natural_gas_fired_combustion_turbine
8,56,0.0,natural_gas_fired_combustion_turbine
90,56,0.0,natural_gas_fired_combustion_turbine
60,56,0.0,natural_gas_fired_combustion_turbine
46,56,0.0,natural_gas_fired_combustion_turbine
37,56,0.0,natural_gas_fired_combustion_turbine
7,56,0.0,natural_gas_fired_combustion_turbine
133,56,0.0,natural_gas_fired_combustion_turbine
74,56,0.0,natural_gas_fired_combustion_turbine
20,56,0.0,natural_gas_fired_combustion_turbine
135,56,0.0,natural_gas_fired_combustion_turbine
142,56,0.0,natural_gas_fired_combustion_turbine
121,56,0.0,natural_gas_fired_combustion_turbine
91,56,0.0,natural_gas_fired_combustion_turbine
22,56,0.0,natural_gas_steam_turbine
123,56,0.0,natural_gas_steam_turbine
62,56,0.0,natural_gas_steam_turbine
49,56,0.0,natural_gas_steam_turbine
48,56,0.0,natural_gas_steam_turbine
21,56,0.0,natural_gas_steam_turbine
79,56,1851.4997499999972,nuclear
10,56,5.043080000000001,onshore_wind_turbine
23,56,3318.7154,onshore_wind_turbine
31,56,327.72516,onshore_wind_turbine
38,56,733.9206,onshore_wind_turbine
50,56,2292.5246399999996,onshore_wind_turbine
63,56,78.77408,onshore_wind_turbine
80,56,4.646599999999999,onshore_wind_turbine
94,56,3409.3206,onshore_wind_turbine
105,56,816.528719433,onshore_wind_turbine
124,56,5318.0157895326,onshore_wind_turbine
136,56,895.8322800000001,onshore_wind_turbine
144,56,2039.5109699999996,onshore_wind_turbine
11,56,19.125,small_hydroelectric
24,56,62.577,small_hydroelectric
32,56,192.0,small_hydroelectric
39,56,52.9,small_hydroelectric
51,56,25.641,small_hydroelectric
64,56,6.128,small_hydroelectric
81,56,241.672,small_hydroelectric
95,56,418.922,small_hydroelectric
106,56,31.614,small_hydroelectric
125,56,100.697,small_hydroelectric
137,56,36.822,small_hydroelectric
145,56,33.21,small_hydroelectric
12,56,2644.12512,solar_photovoltaic
25,56,2071.1973799999996,solar_photovoltaic
33,56,936.4099500000001,solar_photovoltaic
52,56,4273.5659399999995,solar_photovoltaic
65,56,4072.3575269391,solar_photovoltaic
82,56,2826.95553,solar_photovoltaic
96,56,304.87975,solar_photovoltaic
107,56,3327.9945952890002,solar_photovoltaic
126,56,9410.906340437,solar_photovoltaic
138,56,841.07562,solar_photovoltaic
26,57,0.0,biomass
13,57,0.0,biomass
108,57,0.0,biomass
40,57,0.0,biomass
97,57,0.0,biomass
1,57,0.0,biomass
66,57,0.0,biomass
2,57,656.0956499999998,conventional_hydroelectric
14,57,68.914186,conventional_hydroelectric
27,57,749.9953980000003,conventional_hydroelectric
35,57,1302.2569824,conventional_hydroelectric
54,57,966.5389898999997,conventional_hydroelectric
67,57,1744.754724662976,conventional_hydroelectric
84,57,14991.336647999999,conventional_hydroelectric
109,57,115.88459999999999,conventional_hydroelectric
128,57,56.894639999999995,conventional_hydroelectric
139,57,77.39134080000001,conventional_hydroelectric
110,57,0.0,conventional_steam_coal
41,57,0.0,conventional_steam_coal
3,57,0.0,conventional_steam_coal
36,57,0.0,conventional_steam_coal
85,57,0.0,conventional_steam_coal
28,57,74.36399999999989,geothermal
116,57,0.0,natural_gas_fired_combined_cycle
73,57,0.0,natural_gas_fired_combined_cycle
71,57,0.0,natural_gas_fired_combined_cycle
44,57,0.0,natural_gas_fired_combined_cycle
115,57,0.0,natural_gas_fired_combined_cycle
70,57,0.0,natural_gas_fired_combined_cycle
131,57,0.0,natural_gas_fired_combined_cycle
18,57,0.0,natural_gas_fired_combined_cycle
72,57,0.0,natural_gas_fired_combined_cycle
114,57,0.0,natural_gas_fired_combined_cycle
45,57,0.0,natural_gas_fired_combined_cycle
78,57,0.0,natural_gas_fired_combustion_turbine
75,57,0.0,natural_gas_fired_combustion_turbine
119,57,0.0,natural_gas_fired_combustion_turbine
117,57,0.0,natural_gas_fired_combustion_turbine
134,57,0.0,natural_gas_fired_combustion_turbine
103,57,0.0,natural_gas_fired_combustion_turbine
47,57,0.0,natural_gas_fired_combustion_turbine
8,57,0.0,natural_gas_fired_combustion_turbine
90,57,0.0,natural_gas_fired_combustion_turbine
60,57,0.0,natural_gas_fired_combustion_turbine
46,57,0.0,natural_gas_fired_combustion_turbine
37,57,0.0,natural_gas_fired_combustion_turbine
7,57,0.0,natural_gas_fired_combustion_turbine
133,57,0.0,natural_gas_fired_combustion_turbine
74,57,0.0,natural_gas_fired_combustion_turbine
20,57,0.0,natural_gas_fired_combustion_turbine
135,57,0.0,natural_gas_fired_combustion_turbine
142,57,0.0,natural_gas_fired_combustion_turbine
121,57,0.0,natural_gas_fired_combustion_turbine
91,57,0.0,natural_gas_fired_combustion_turbine
22,57,0.0,natural_gas_steam_turbine
123,57,0.0,natural_gas_steam_turbine
62,57,0.0,natural_gas_steam_turbine
49,57,0.0,natural_gas_steam_turbine
48,57,0.0,natural_gas_steam_turbine
21,57,0.0,natural_gas_steam_turbine
79,57,0.0,nuclear
10,57,0.0,onshore_wind_turbine
23,57,3849.7844,onshore_wind_turbine
31,57,121.11582000000001,onshore_wind_turbine
38,57,1744.48155,onshore_wind_turbine
50,57,1461.2812199999998,onshore_wind_turbine
63,57,181.9879599888,onshore_wind_turbine
80,57,2.7879599999999995,onshore_wind_turbine
94,57,566.3812,onshore_wind_turbine
105,57,20.410880616,onshore_wind_turbine
124,57,3694.9351671694008,onshore_wind_turbine
136,57,649.3884600000001,onshore_wind_turbine
144,57,2835.4176899999998,onshore_wind_turbine
11,57,19.12499999999999,small_hydroelectric
24,57,62.57699999999999,small_hydroelectric
32,57,192.0,small_hydroelectric
39,57,52.9,small_hydroelectric
51,57,25.641,small_hydroelectric
64,57,6.127999999998495,small_hydroelectric
81,57,241.672,small_hydroelectric
95,57,418.9219999999982,small_hydroelectric
106,57,31.614,small_hydroelectric
125,57,100.69699999999844,small_hydroelectric
137,57,36.821999999999996,small_hydroelectric
145,57,33.21,small_hydroelectric
12,57,4734.56592,solar_photovoltaic
25,57,2440.7471199999995,solar_photovoltaic
33,57,1163.6905000000002,solar_photovoltaic
52,57,4773.98026,solar_photovoltaic
65,57,6528.6899365457,solar_photovoltaic
82,57,6426.495180000001,solar_photovoltaic
96,57,471.79222999999996,solar_photovoltaic
107,57,4878.2175361115005,solar_photovoltaic
126,57,19422.0198310355,solar_photovoltaic
138,57,1655.6678599999998,solar_photovoltaic
26,58,0.0,biomass
13,58,0.0,biomass
108,58,0.0,biomass
40,58,0.0,biomass
97,58,0.0,biomass
1,58,0.0,biomass
66,58,0.0,biomass
2,58,426.8074859999995,conventional_hydroelectric
14,58,29.870654000000002,conventional_hydroelectric
27,58,632.8747620000007,conventional_hydroelectric
35,58,1094.9548543999995,conventional_hydroelectric
54,58,880.2687068999999,conventional_hydroelectric
67,58,1141.012143662976,conventional_hydroelectric
84,58,12579.939474,conventional_hydroelectric
109,58,0.0,conventional_hydroelectric
128,58,44.29523999999998,conventional_hydroelectric
139,58,58.06097279999998,conventional_hydroelectric
110,58,0.0,conventional_steam_coal
41,58,0.0,conventional_steam_coal
3,58,0.0,conventional_steam_coal
36,58,0.0,conventional_steam_coal
85,58,0.0,conventional_steam_coal
28,58,0.0,geothermal
116,58,0.0,natural_gas_fired_combined_cycle
73,58,0.0,natural_gas_fired_combined_cycle
71,58,0.0,natural_gas_fired_combined_cycle
44,58,0.0,natural_gas_fired_combined_cycle
115,58,0.0,natural_gas_fired_combined_cycle
70,58,0.0,natural_gas_fired_combined_cycle
131,58,0.0,natural_gas_fired_combined_cycle
18,58,0.0,natural_gas_fired_combined_cycle
72,58,0.0,natural_gas_fired_combined_cycle
114,58,0.0,natural_gas_fired_combined_cycle
45,58,0.0,natural_gas_fired_combined_cycle
78,58,0.0,natural_gas_fired_combustion_turbine
75,58,0.0,natural_gas_fired_combustion_turbine
119,58,0.0,natural_gas_fired_combustion_turbine
117,58,0.0,natural_gas_fired_combustion_turbine
134,58,0.0,natural_gas_fired_combustion_turbine
103,58,0.0,natural_gas_fired_combustion_turbine
47,58,0.0,natural_gas_fired_combustion_turbine
8,58,0.0,natural_gas_fired_combustion_turbine
90,58,0.0,natural_gas_fired_combustion_turbine
60,58,0.0,natural_gas_fired_combustion_turbine
46,58,0.0,natural_gas_fired_combustion_turbine
37,58,0.0,natural_gas_fired_combustion_turbine
7,58,0.0,natural_gas_fired_combustion_turbine
133,58,0.0,natural_gas_fired_combustion_turbine
74,58,0.0,natural_gas_fired_combustion_turbine
20,58,0.0,natural_gas_fired_combustion_turbine
135,58,0.0,natural_gas_fired_combustion_turbine
142,58,0.0,natural_gas_fired_combustion_turbine
121,58,0.0,natural_gas_fired_combustion_turbine
91,58,0.0,natural_gas_fired_combustion_turbine
22,58,0.0,natural_gas_steam_turbine
123,58,0.0,natural_gas_steam_turbine
62,58,0.0,natural_gas_steam_turbine
49,58,0.0,natural_gas_steam_turbine
48,58,0.0,natural_gas_steam_turbine
21,58,0.0,natural_gas_steam_turbine
79,58,0.0,nuclear
10,58,0.0,onshore_wind_turbine
23,58,6117.5422,onshore_wind_turbine
31,58,315.85106,onshore_wind_turbine
38,58,2172.2232,onshore_wind_turbine
50,58,1776.9775799999998,onshore_wind_turbine
63,58,163.2862002072,onshore_wind_turbine
80,58,88.28539999999998,onshore_wind_turbine
94,58,194.9234,onshore_wind_turbine
105,58,4.112641638,onshore_wind_turbine
124,58,895.0279072196001,onshore_wind_turbine
136,58,755.5212000000001,onshore_wind_turbine
144,58,4396.952069999999,onshore_wind_turbine
11,58,0.0,small_hydroelectric
24,58,0.0,small_hydroelectric
32,58,0.0,small_hydroelectric
39,58,0.0,small_hydroelectric
51,58,0.0,small_hydroelectric
64,58,0.0,small_hydroelectric
81,58,0.0,small_hydroelectric
95,58,0.0,small_hydroelectric
106,58,0.0,small_hydroelectric
125,58,0.0,small_hydroelectric
137,58,0.0,small_hydroelectric
145,58,0.0,small_hydroelectric
12,58,5428.08378,solar_photovoltaic
25,58,2579.74864,solar_photovoltaic
33,58,1109.99525,solar_photovoltaic
52,58,4847.24534,solar_photovoltaic
65,58,7868.173119050301,solar_photovoltaic
82,58,8326.73996,solar_photovoltaic
96,58,531.59274,solar_photovoltaic
107,58,6371.787233458499,solar_photovoltaic
126,58,22600.232540914,solar_photovoltaic
138,58,1830.5494899999997,solar_photovoltaic
26,59,0.0,biomass
13,59,0.0,biomass
108,59,0.0,biomass
40,59,0.0,biomass
97,59,0.0,biomass
1,59,0.0,biomass
66,59,0.0,biomass
2,59,656.0956500000001,conventional_hydroelectric
14,59,68.91418600000004,conventional_hydroelectric
27,59,749.9953980000018,conventional_hydroelectric
35,59,1302.256982400001,conventional_hydroelectric
54,59,913.5823264041788,conventional_hydroelectric
67,59,1744.7547246629783,conventional_hydroelectric
84,59,14991.336648000013,conventional_hydroelectric
109,59,115.88460000000016,conventional_hydroelectric
128,59,56.89464000000002,conventional_hydroelectric
139,59,77.3913408000001,conventional_hydroelectric
110,59,0.0,conventional_steam_coal
41,59,0.0,conventional_steam_coal
3,59,0.0,conventional_steam_coal
36,59,0.0,conventional_steam_coal
85,59,0.0,conventional_steam_coal
28,59,74.364,geothermal
116,59,0.0,natural_gas_fired_combined_cycle
73,59,0.0,natural_gas_fired_combined_cycle
71,59,0.0,natural_gas_fired_combined_cycle
44,59,0.0,natural_gas_fired_combined_cycle
115,59,0.0,natural_gas_fired_combined_cycle
70,59,0.0,natural_gas_fired_combined_cycle
131,59,0.0,natural_gas_fired_combined_cycle
18,59,0.0,natural_gas_fired_combined_cycle
72,59,0.0,natural_gas_fired_combined_cycle
114,59,0.0,natural_gas_fired_combined_cycle
45,59,0.0,natural_gas_fired_combined_cycle
78,59,0.0,natural_gas_fired_combustion_turbine
75,59,0.0,natural_gas_fired_combustion_turbine
119,59,0.0,natural_gas_fired_combustion_turbine
117,59,0.0,natural_gas_fired_combustion_turbine
134,59,0.0,natural_gas_fired_combustion_turbine
103,59,0.0,natural_gas_fired_combustion_turbine
47,59,0.0,natural_gas_fired_combustion_turbine
8,59,0.0,natural_gas_fired_combustion_turbine
90,59,0.0,natural_gas_fired_combustion_turbine
60,59,0.0,natural_gas_fired_combustion_turbine
46,59,0.0,natural_gas_fired_combustion_turbine
37,59,0.0,natural_gas_fired_combustion_turbine
7,59,0.0,natural_gas_fired_combustion_turbine
133,59,0.0,natural_gas_fired_combustion_turbine
74,59,0.0,natural_gas_fired_combustion_turbine
20,59,0.0,natural_gas_fired_combustion_turbine
135,59,0.0,natural_gas_fired_combustion_turbine
142,59,0.0,natural_gas_fired_combustion_turbine
121,59,0.0,natural_gas_fired_combustion_turbine
91,59,0.0,natural_gas_fired_combustion_turbine
22,59,0.0,natural_gas_steam_turbine
123,59,0.0,natural_gas_steam_turbine
62,59,0.0,natural_gas_steam_turbine
49,59,0.0,natural_gas_steam_turbine
48,59,0.0,natural_gas_steam_turbine
21,59,0.0,natural_gas_steam_turbine
79,59,0.0,nuclear
10,59,9.90605,onshore_wind_turbine
23,59,4619.3686,onshore_wind_turbine
31,59,36.80971,onshore_wind_turbine
38,59,2301.7386,onshore_wind_turbine
50,59,1793.23662,onshore_wind_turbine
63,59,373.1851197816,onshore_wind_turbine
80,59,179.35876,onshore_wind_turbine
94,59,183.89000000000001,onshore_wind_turbine
105,59,69.798398586,onshore_wind_turbine
124,59,92.2173588336,onshore_wind_turbine
136,59,1044.2382300000002,onshore_wind_turbine
144,59,2558.5805699999996,onshore_wind_turbine
11,59,19.12499999999998,small_hydroelectric
24,59,62.577,small_hydroelectric
32,59,192.0,small_hydroelectric
39,59,52.9,small_hydroelectric
51,59,25.641,small_hydroelectric
64,59,6.128,small_hydroelectric
81,59,241.672,small_hydroelectric
95,59,418.922,small_hydroelectric
106,59,31.614,small_hydroelectric
125,59,100.697,small_hydroelectric
137,59,36.822,small_hydroelectric
145,59,33.21,small_hydroelectric
12,59,5843.34702,solar_photovoltaic
25,59,2700.8144799999995,solar_photovoltaic
33,59,1073.72895,solar_photovoltaic
52,59,4791.259760000001,solar_photovoltaic
65,59,9303.359101967,solar_photovoltaic
82,59,10152.84788,solar_photovoltaic
96,59,621.6608299999999,solar_photovoltaic
107,59,8122.878124238499,solar_photovoltaic
126,59,23541.710440513998,solar_photovoltaic
138,59,2033.2843299999997,solar_photovoltaic
26,60,0.0,biomass
13,60,0.0,biomass
108,60,0.0,biomass
40,60,0.0,biomass
97,60,0.0,biomass
1,60,0.0,biomass
66,60,0.0,biomass
2,60,884.5550615999999,conventional_hydroelectric
14,60,107.95771800000004,conventional_hydroelectric
27,60,867.1160340000032,conventional_hydroelectric
35,60,1509.3093488,conventional_hydroelectric
54,60,999.8526094041794,conventional_hydroelectric
67,60,2348.497305662975,conventional_hydroelectric
84,60,17402.73382200004,conventional_hydroelectric
109,60,231.7600283622,conventional_hydroelectric
128,60,69.46367999999983,conventional_hydroelectric
139,60,96.72170880000012,conventional_hydroelectric
110,60,0.0,conventional_steam_coal
41,60,0.0,conventional_steam_coal
3,60,0.0,conventional_steam_coal
36,60,0.0,conventional_steam_coal
85,60,0.0,conventional_steam_coal
28,60,74.364,geothermal
116,60,0.0,natural_gas_fired_combined_cycle
73,60,0.0,natural_gas_fired_combined_cycle
71,60,0.0,natural_gas_fired_combined_cycle
44,60,0.0,natural_gas_fired_combined_cycle
115,60,0.0,natural_gas_fired_combined_cycle
70,60,0.0,natural_gas_fired_combined_cycle
131,60,0.0,natural_gas_fired_combined_cycle
18,60,0.0,natural_gas_fired_combined_cycle
72,60,0.0,natural_gas_fired_combined_cycle
114,60,0.0,natural_gas_fired_combined_cycle
45,60,0.0,natural_gas_fired_combined_cycle
78,60,0.0,natural_gas_fired_combustion_turbine
75,60,0.0,natural_gas_fired_combustion_turbine
119,60,0.0,natural_gas_fired_combustion_turbine
117,60,0.0,natural_gas_fired_combustion_turbine
134,60,0.0,natural_gas_fired_combustion_turbine
103,60,0.0,natural_gas_fired_combustion_turbine
47,60,0.0,natural_gas_fired_combustion_turbine
8,60,0.0,natural_gas_fired_combustion_turbine
90,60,0.0,natural_gas_fired_combustion_turbine
60,60,0.0,natural_gas_fired_combustion_turbine
46,60,0.0,natural_gas_fired_combustion_turbine
37,60,0.0,natural_gas_fired_combustion_turbine
7,60,0.0,natural_gas_fired_combustion_turbine
133,60,0.0,natural_gas_fired_combustion_turbine
74,60,0.0,natural_gas_fired_combustion_turbine
20,60,0.0,natural_gas_fired_combustion_turbine
135,60,0.0,natural_gas_fired_combustion_turbine
142,60,0.0,natural_gas_fired_combustion_turbine
121,60,0.0,natural_gas_fired_combustion_turbine
91,60,0.0,natural_gas_fired_combustion_turbine
22,60,0.0,natural_gas_steam_turbine
123,60,0.0,natural_gas_steam_turbine
62,60,0.0,natural_gas_steam_turbine
49,60,0.0,natural_gas_steam_turbine
48,60,0.0,natural_gas_steam_turbine
21,60,0.0,natural_gas_steam_turbine
79,60,0.0,nuclear
10,60,47.729150000000004,onshore_wind_turbine
23,60,2774.6026,onshore_wind_turbine
31,60,108.05431000000002,onshore_wind_turbine
38,60,2168.8149,onshore_wind_turbine
50,60,2650.2235199999996,onshore_wind_turbine
63,60,444.87520011199996,onshore_wind_turbine
80,60,418.19399999999996,onshore_wind_turbine
94,60,467.0806,onshore_wind_turbine
105,60,291.120338943,onshore_wind_turbine
124,60,211.11937867020004,onshore_wind_turbine
136,60,1823.14461,onshore_wind_turbine
144,60,2608.3247399999996,onshore_wind_turbine
11,60,19.125,small_hydroelectric
24,60,62.577,small_hydroelectric
32,60,192.0,small_hydroelectric
39,60,52.9,small_hydroelectric
51,60,25.641,small_hydroelectric
64,60,6.127999999999929,small_hydroelectric
81,60,241.672,small_hydroelectric
95,60,418.922,small_hydroelectric
106,60,31.614,small_hydroelectric
125,60,100.697,small_hydroelectric
137,60,36.822,small_hydroelectric
145,60,33.21,small_hydroelectric
12,60,5463.39528,solar_photovoltaic
25,60,2496.0487999999996,solar_photovoltaic
33,60,933.7692,solar_photovoltaic
52,60,4693.80338,solar_photovoltaic
65,60,9748.0142894274,solar_photovoltaic
82,60,11612.173439999999,solar_photovoltaic
96,60,605.49853,solar_photovoltaic
107,60,9623.8200044525,solar_photovoltaic
126,60,22364.694097228,solar_photovoltaic
138,60,2121.4100599999997,solar_photovoltaic
26,61,0.0,biomass
13,61,0.0,biomass
108,61,0.0,biomass
40,61,0.0,biomass
97,61,0.0,biomass
1,61,0.0,biomass
66,61,0.0,biomass
2,61,872.7400986291648,conventional_hydroelectric
14,61,68.91418600000003,conventional_hydroelectric
27,61,749.9953980000028,conventional_hydroelectric
35,61,1509.059587200012,conventional_hydroelectric
54,61,913.5823264041787,conventional_hydroelectric
67,61,2359.9258690350325,conventional_hydroelectric
84,61,17417.260311000002,conventional_hydroelectric
109,61,232.2460120734,conventional_hydroelectric
128,61,69.41814000000008,conventional_hydroelectric
139,61,97.5368448,conventional_hydroelectric
110,61,0.0,conventional_steam_coal
41,61,0.0,conventional_steam_coal
3,61,0.0,conventional_steam_coal
36,61,0.0,conventional_steam_coal
85,61,0.0,conventional_steam_coal
28,61,74.364,geothermal
116,61,0.0,natural_gas_fired_combined_cycle
73,61,0.0,natural_gas_fired_combined_cycle
71,61,0.0,natural_gas_fired_combined_cycle
44,61,0.0,natural_gas_fired_combined_cycle
115,61,0.0,natural_gas_fired_combined_cycle
70,61,0.0,natural_gas_fired_combined_cycle
131,61,0.0,natural_gas_fired_combined_cycle
18,61,0.0,natural_gas_fired_combined_cycle
72,61,0.0,natural_gas_fired_combined_cycle
114,61,0.0,natural_gas_fired_combined_cycle
45,61,0.0,natural_gas_fired_combined_cycle
78,61,0.0,natural_gas_fired_combustion_turbine
75,61,0.0,natural_gas_fired_combustion_turbine
119,61,0.0,natural_gas_fired_combustion_turbine
117,61,0.0,natural_gas_fired_combustion_turbine
134,61,0.0,natural_gas_fired_combustion_turbine
103,61,0.0,natural_gas_fired_combustion_turbine
47,61,0.0,natural_gas_fired_combustion_turbine
8,61,0.0,natural_gas_fired_combustion_turbine
90,61,0.0,natural_gas_fired_combustion_turbine
60,61,0.0,natural_gas_fired_combustion_turbine
46,61,0.0,natural_gas_fired_combustion_turbine
37,61,0.0,natural_gas_fired_combustion_turbine
7,61,0.0,natural_gas_fired_combustion_turbine
133,61,0.0,natural_gas_fired_combustion_turbine
74,61,0.0,natural_gas_fired_combustion_turbine
20,61,0.0,natural_gas_fired_combustion_turbine
135,61,0.0,natural_gas_fired_combustion_turbine
142,61,0.0,natural_gas_fired_combustion_turbine
121,61,0.0,natural_gas_fired_combustion_turbine
91,61,0.0,natural_gas_fired_combustion_turbine
22,61,0.0,natural_gas_steam_turbine
123,61,0.0,natural_gas_steam_turbine
62,61,0.0,natural_gas_steam_turbine
49,61,0.0,natural_gas_steam_turbine
48,61,0.0,natural_gas_steam_turbine
21,61,0.0,natural_gas_steam_turbine
79,61,0.0,nuclear
10,61,145.8891,onshore_wind_turbine
23,61,3685.8052000000002,onshore_wind_turbine
31,61,508.21148,onshore_wind_turbine
38,61,2712.43875,onshore_wind_turbine
50,61,2602.1238599999997,onshore_wind_turbine
63,61,178.0917597424,onshore_wind_turbine
80,61,389.38507999999996,onshore_wind_turbine
94,61,1132.7624,onshore_wind_turbine
105,61,461.035678845,onshore_wind_turbine
124,61,2690.4566436132004,onshore_wind_turbine
136,61,3183.9822000000004,onshore_wind_turbine
144,61,2759.7200399999997,onshore_wind_turbine
11,61,19.125,small_hydroelectric
24,61,62.577,small_hydroelectric
32,61,192.0,small_hydroelectric
39,61,52.9,small_hydroelectric
51,61,25.641,small_hydroelectric
64,61,6.128,small_hydroelectric
81,61,241.672,small_hydroelectric
95,61,0.0,small_hydroelectric
106,61,31.614,small_hydroelectric
125,61,100.697,small_hydroelectric
137,61,36.822,small_hydroelectric
145,61,33.21,small_hydroelectric
12,61,5130.05472,solar_photovoltaic
25,61,2125.7517399999997,solar_photovoltaic
33,61,1108.0586999999998,solar_photovoltaic
52,61,4360.65462,solar_photovoltaic
65,61,10123.9249239541,solar_photovoltaic
82,61,9157.85318,solar_photovoltaic
96,61,630.47663,solar_photovoltaic
107,61,10159.2735943895,solar_photovoltaic
126,61,23408.662906314,solar_photovoltaic
138,61,2043.3297499999999,solar_photovoltaic
26,62,0.0,biomass
13,62,0.0,biomass
108,62,0.0,biomass
40,62,0.0,biomass
97,62,0.0,biomass
1,62,0.0,biomass
66,62,0.0,biomass
2,62,654.4381452000002,conventional_hydroelectric
14,62,70.23131720000006,conventional_hydroelectric
27,62,750.8420532000018,conventional_hydroelectric
35,62,1301.757459200007,conventional_hydroelectric
54,62,958.9513626000004,conventional_hydroelectric
67,62,1765.4296420330857,conventional_hydroelectric
84,62,15014.579030399957,conventional_hydroelectric
109,62,118.52383965240013,conventional_hydroelectric
128,62,56.81874000000004,conventional_hydroelectric
139,62,78.85858560000041,conventional_hydroelectric
110,62,0.0,conventional_steam_coal
41,62,0.0,conventional_steam_coal
3,62,0.0,conventional_steam_coal
36,62,0.0,conventional_steam_coal
85,62,0.0,conventional_steam_coal
28,62,74.364,geothermal
116,62,0.0,natural_gas_fired_combined_cycle
73,62,0.0,natural_gas_fired_combined_cycle
71,62,0.0,natural_gas_fired_combined_cycle
44,62,0.0,natural_gas_fired_combined_cycle
115,62,0.0,natural_gas_fired_combined_cycle
70,62,0.0,natural_gas_fired_combined_cycle
131,62,0.0,natural_gas_fired_combined_cycle
18,62,0.0,natural_gas_fired_combined_cycle
72,62,0.0,natural_gas_fired_combined_cycle
114,62,0.0,natural_gas_fired_combined_cycle
45,62,0.0,natural_gas_fired_combined_cycle
78,62,0.0,natural_gas_fired_combustion_turbine
75,62,0.0,natural_gas_fired_combustion_turbine
119,62,0.0,natural_gas_fired_combustion_turbine
117,62,0.0,natural_gas_fired_combustion_turbine
134,62,0.0,natural_gas_fired_combustion_turbine
103,62,0.0,natural_gas_fired_combustion_turbine
47,62,0.0,natural_gas_fired_combustion_turbine
8,62,0.0,natural_gas_fired_combustion_turbine
90,62,0.0,natural_gas_fired_combustion_turbine
60,62,0.0,natural_gas_fired_combustion_turbine
46,62,0.0,natural_gas_fired_combustion_turbine
37,62,0.0,natural_gas_fired_combustion_turbine
7,62,0.0,natural_gas_fired_combustion_turbine
133,62,0.0,natural_gas_fired_combustion_turbine
74,62,0.0,natural_gas_fired_combustion_turbine
20,62,0.0,natural_gas_fired_combustion_turbine
135,62,0.0,natural_gas_fired_combustion_turbine
142,62,0.0,natural_gas_fired_combustion_turbine
121,62,0.0,natural_gas_fired_combustion_turbine
91,62,0.0,natural_gas_fired_combustion_turbine
22,62,0.0,natural_gas_steam_turbine
123,62,0.0,natural_gas_steam_turbine
62,62,0.0,natural_gas_steam_turbine
49,62,0.0,natural_gas_steam_turbine
48,62,0.0,natural_gas_steam_turbine
21,62,0.0,natural_gas_steam_turbine
79,62,0.0,nuclear
10,62,51.691570000000006,onshore_wind_turbine
23,62,2433.6004,onshore_wind_turbine
31,62,853.7477900000001,onshore_wind_turbine
38,62,2734.02465,onshore_wind_turbine
50,62,3583.7634,onshore_wind_turbine
63,62,309.5999200616,onshore_wind_turbine
80,62,92.00268,onshore_wind_turbine
94,62,533.2810000000001,onshore_wind_turbine
105,62,645.39510042,onshore_wind_turbine
124,62,7435.961599358601,onshore_wind_turbine
136,62,3135.4129800000005,onshore_wind_turbine
144,62,3056.02227,onshore_wind_turbine
11,62,19.125,small_hydroelectric
24,62,62.577,small_hydroelectric
32,62,192.0,small_hydroelectric
39,62,52.9,small_hydroelectric
51,62,25.641,small_hydroelectric
64,62,6.128,small_hydroelectric
81,62,241.672,small_hydroelectric
95,62,418.922,small_hydroelectric
106,62,31.614,small_hydroelectric
125,62,100.697,small_hydroelectric
137,62,36.822,small_hydroelectric
145,62,33.21,small_hydroelectric
12,62,5195.027880000001,solar_photovoltaic
25,62,1787.9630999999997,solar_photovoltaic
33,62,1017.569,solar_photovoltaic
52,62,4018.5205200000005,solar_photovoltaic
65,62,9438.343185294101,solar_photovoltaic
82,62,9514.88069,solar_photovoltaic
96,62,560.9787399999999,solar_photovoltaic
107,62,9075.224275120501,solar_photovoltaic
126,62,22280.7348525335,solar_photovoltaic
138,62,1902.6938699999998,solar_photovoltaic
26,63,0.0,biomass
13,63,0.0,biomass
108,63,0.0,biomass
40,63,0.0,biomass
97,63,0.0,biomass
1,63,0.0,biomass
66,63,0.0,biomass
2,63,425.1499811999996,conventional_hydroelectric
14,63,31.187785199999993,conventional_hydroelectric
27,63,633.7214172000006,conventional_hydroelectric
35,63,1094.4553312000025,conventional_hydroelectric
54,63,872.6810796,conventional_hydroelectric
67,63,1161.687061033083,conventional_hydroelectric
84,63,12603.181856399899,conventional_hydroelectric
109,63,2.6392396524000508,conventional_hydroelectric
128,63,44.21934000000001,conventional_hydroelectric
139,63,59.52821760000009,conventional_hydroelectric
110,63,0.0,conventional_steam_coal
41,63,0.0,conventional_steam_coal
3,63,0.0,conventional_steam_coal
36,63,0.0,conventional_steam_coal
85,63,0.0,conventional_steam_coal
28,63,0.0,geothermal
116,63,0.0,natural_gas_fired_combined_cycle
73,63,0.0,natural_gas_fired_combined_cycle
71,63,0.0,natural_gas_fired_combined_cycle
44,63,0.0,natural_gas_fired_combined_cycle
115,63,0.0,natural_gas_fired_combined_cycle
70,63,0.0,natural_gas_fired_combined_cycle
131,63,0.0,natural_gas_fired_combined_cycle
18,63,0.0,natural_gas_fired_combined_cycle
72,63,0.0,natural_gas_fired_combined_cycle
114,63,0.0,natural_gas_fired_combined_cycle
45,63,0.0,natural_gas_fired_combined_cycle
78,63,0.0,natural_gas_fired_combustion_turbine
75,63,0.0,natural_gas_fired_combustion_turbine
119,63,0.0,natural_gas_fired_combustion_turbine
117,63,0.0,natural_gas_fired_combustion_turbine
134,63,0.0,natural_gas_fired_combustion_turbine
103,63,0.0,natural_gas_fired_combustion_turbine
47,63,0.0,natural_gas_fired_combustion_turbine
8,63,0.0,natural_gas_fired_combustion_turbine
90,63,0.0,natural_gas_fired_combustion_turbine
60,63,0.0,natural_gas_fired_combustion_turbine
46,63,0.0,natural_gas_fired_combustion_turbine
37,63,0.0,natural_gas_fired_combustion_turbine
7,63,0.0,natural_gas_fired_combustion_turbine
133,63,0.0,natural_gas_fired_combustion_turbine
74,63,0.0,natural_gas_fired_combustion_turbine
20,63,0.0,natural_gas_fired_combustion_turbine
135,63,0.0,natural_gas_fired_combustion_turbine
142,63,0.0,natural_gas_fired_combustion_turbine
121,63,0.0,natural_gas_fired_combustion_turbine
91,63,0.0,natural_gas_fired_combustion_turbine
22,63,0.0,natural_gas_steam_turbine
123,63,0.0,natural_gas_steam_turbine
62,63,0.0,natural_gas_steam_turbine
49,63,0.0,natural_gas_steam_turbine
48,63,0.0,natural_gas_steam_turbine
21,63,0.0,natural_gas_steam_turbine
79,63,0.0,nuclear
10,63,7.024290000000001,onshore_wind_turbine
23,63,579.5174,onshore_wind_turbine
31,63,991.4873500000001,onshore_wind_turbine
38,63,3037.9314000000004,onshore_wind_turbine
50,63,3078.37824,onshore_wind_turbine
63,63,310.9167603584,onshore_wind_turbine
80,63,753.6785199999999,onshore_wind_turbine
94,63,617.8704,onshore_wind_turbine
105,63,1589.881020756,onshore_wind_turbine
124,63,8449.028337919402,onshore_wind_turbine
136,63,3646.28922,onshore_wind_turbine
144,63,3006.2781,onshore_wind_turbine
11,63,0.0,small_hydroelectric
24,63,0.0,small_hydroelectric
32,63,0.0,small_hydroelectric
39,63,0.0,small_hydroelectric
51,63,0.0,small_hydroelectric
64,63,0.0,small_hydroelectric
81,63,0.0,small_hydroelectric
95,63,0.0,small_hydroelectric
106,63,0.0,small_hydroelectric
125,63,0.0,small_hydroelectric
137,63,0.0,small_hydroelectric
145,63,0.0,small_hydroelectric
12,63,4430.88702,solar_photovoltaic
25,63,1311.5465999999997,solar_photovoltaic
33,63,553.67725,solar_photovoltaic
52,63,3111.69236,solar_photovoltaic
65,63,9244.194546653502,solar_photovoltaic
82,63,8045.80028,solar_photovoltaic
96,63,457.54002,solar_photovoltaic
107,63,8078.224973983501,solar_photovoltaic
126,63,21261.3459028565,solar_photovoltaic
138,63,1781.2356099999997,solar_photovoltaic
26,64,0.0,biomass
13,64,0.0,biomass
108,64,0.0,biomass
40,64,0.0,biomass
97,64,0.0,biomass
1,64,0.0,biomass
66,64,0.0,biomass
2,64,654.4381451999999,conventional_hydroelectric
14,64,70.2313172,conventional_hydroelectric
27,64,750.8420532000001,conventional_hydroelectric
35,64,1301.7574591999999,conventional_hydroelectric
54,64,958.9513626,conventional_hydroelectric
67,64,1765.429642033083,conventional_hydroelectric
84,64,15014.579030399953,conventional_hydroelectric
109,64,118.5238396524,conventional_hydroelectric
128,64,56.818740000000005,conventional_hydroelectric
139,64,78.85858559999998,conventional_hydroelectric
110,64,0.0,conventional_steam_coal
41,64,0.0,conventional_steam_coal
3,64,0.0,conventional_steam_coal
36,64,0.0,conventional_steam_coal
85,64,0.0,conventional_steam_coal
28,64,0.0,geothermal
116,64,0.0,natural_gas_fired_combined_cycle
73,64,0.0,natural_gas_fired_combined_cycle
71,64,0.0,natural_gas_fired_combined_cycle
44,64,0.0,natural_gas_fired_combined_cycle
115,64,0.0,natural_gas_fired_combined_cycle
70,64,0.0,natural_gas_fired_combined_cycle
131,64,0.0,natural_gas_fired_combined_cycle
18,64,0.0,natural_gas_fired_combined_cycle
72,64,0.0,natural_gas_fired_combined_cycle
114,64,0.0,natural_gas_fired_combined_cycle
45,64,0.0,natural_gas_fired_combined_cycle
78,64,0.0,natural_gas_fired_combustion_turbine
75,64,0.0,natural_gas_fired_combustion_turbine
119,64,0.0,natural_gas_fired_combustion_turbine
117,64,0.0,natural_gas_fired_combustion_turbine
134,64,0.0,natural_gas_fired_combustion_turbine
103,64,0.0,natural_gas_fired_combustion_turbine
47,64,0.0,natural_gas_fired_combustion_turbine
8,64,0.0,natural_gas_fired_combustion_turbine
90,64,0.0,natural_gas_fired_combustion_turbine
60,64,0.0,natural_gas_fired_combustion_turbine
46,64,0.0,natural_gas_fired_combustion_turbine
37,64,0.0,natural_gas_fired_combustion_turbine
7,64,0.0,natural_gas_fired_combustion_turbine
133,64,0.0,natural_gas_fired_combustion_turbine
74,64,0.0,natural_gas_fired_combustion_turbine
20,64,0.0,natural_gas_fired_combustion_turbine
135,64,0.0,natural_gas_fired_combustion_turbine
142,64,0.0,natural_gas_fired_combustion_turbine
121,64,0.0,natural_gas_fired_combustion_turbine
91,64,0.0,natural_gas_fired_combustion_turbine
22,64,0.0,natural_gas_steam_turbine
123,64,0.0,natural_gas_steam_turbine
62,64,0.0,natural_gas_steam_turbine
49,64,0.0,natural_gas_steam_turbine
48,64,0.0,natural_gas_steam_turbine
21,64,0.0,natural_gas_steam_turbine
79,64,1851.4997499999627,nuclear
10,64,0.0,onshore_wind_turbine
23,64,1572.7096000000001,onshore_wind_turbine
31,64,928.5546200000001,onshore_wind_turbine
38,64,2827.7529,onshore_wind_turbine
50,64,2711.87238,onshore_wind_turbine
63,64,511.0397597816,onshore_wind_turbine
80,64,2235.9439199999997,onshore_wind_turbine
94,64,2155.1908,onshore_wind_turbine
105,64,616.509739923,onshore_wind_turbine
124,64,5025.944559405001,onshore_wind_turbine
136,64,4748.990400000001,onshore_wind_turbine
144,64,1903.2551999999996,onshore_wind_turbine
11,64,0.0,small_hydroelectric
24,64,0.0,small_hydroelectric
32,64,0.0,small_hydroelectric
39,64,0.0,small_hydroelectric
51,64,0.0,small_hydroelectric
64,64,0.0,small_hydroelectric
81,64,0.0,small_hydroelectric
95,64,0.0,small_hydroelectric
106,64,0.0,small_hydroelectric
125,64,0.0,small_hydroelectric
137,64,0.0,small_hydroelectric
145,64,0.0,small_hydroelectric
12,64,3457.70208,solar_photovoltaic
25,64,962.5481599999998,solar_photovoltaic
33,64,441.18129999999996,solar_photovoltaic
52,64,2590.54264,solar_photovoltaic
65,64,9787.2917218412,solar_photovoltaic
82,64,6239.20206,solar_photovoltaic
96,64,389.80528999999996,solar_photovoltaic
107,64,6291.717041694001,solar_photovoltaic
126,64,18466.374795442,solar_photovoltaic
138,64,1831.9193199999997,solar_photovoltaic
26,65,11.235,biomass
13,65,15.682,biomass
108,65,137.081,biomass
40,65,5.952,biomass
97,65,178.173,biomass
1,65,16.294,biomass
66,65,228.795,biomass
2,65,883.7263092,conventional_hydroelectric
14,65,109.2748492,conventional_hydroelectric
27,65,867.9626892,conventional_hydroelectric
35,65,1509.0595872,conventional_hydroelectric
54,65,1045.2216456,conventional_hydroelectric
67,65,2369.172223033083,conventional_hydroelectric
84,65,17425.976204399998,conventional_hydroelectric
109,65,234.4084396524,conventional_hydroelectric
128,65,69.41814,conventional_hydroelectric
139,65,98.18895359999999,conventional_hydroelectric
110,65,28.5,conventional_steam_coal
41,65,0.0,conventional_steam_coal
3,65,0.0,conventional_steam_coal
36,65,0.0,conventional_steam_coal
85,65,0.0,conventional_steam_coal
28,65,74.364,geothermal
116,65,0.0,natural_gas_fired_combined_cycle
73,65,0.0,natural_gas_fired_combined_cycle
71,65,0.0,natural_gas_fired_combined_cycle
44,65,0.0,natural_gas_fired_combined_cycle
115,65,0.0,natural_gas_fired_combined_cycle
70,65,0.0,natural_gas_fired_combined_cycle
131,65,0.0,natural_gas_fired_combined_cycle
18,65,0.0,natural_gas_fired_combined_cycle
72,65,0.0,natural_gas_fired_combined_cycle
114,65,0.0,natural_gas_fired_combined_cycle
45,65,0.0,natural_gas_fired_combined_cycle
78,65,0.0,natural_gas_fired_combustion_turbine
75,65,0.0,natural_gas_fired_combustion_turbine
119,65,0.0,natural_gas_fired_combustion_turbine
117,65,0.0,natural_gas_fired_combustion_turbine
134,65,0.0,natural_gas_fired_combustion_turbine
103,65,0.0,natural_gas_fired_combustion_turbine
47,65,0.0,natural_gas_fired_combustion_turbine
8,65,0.0,natural_gas_fired_combustion_turbine
90,65,0.0,natural_gas_fired_combustion_turbine
60,65,0.0,natural_gas_fired_combustion_turbine
46,65,0.0,natural_gas_fired_combustion_turbine
37,65,0.0,natural_gas_fired_combustion_turbine
7,65,0.0,natural_gas_fired_combustion_turbine
133,65,0.0,natural_gas_fired_combustion_turbine
74,65,0.0,natural_gas_fired_combustion_turbine
20,65,0.0,natural_gas_fired_combustion_turbine
135,65,0.0,natural_gas_fired_combustion_turbine
142,65,0.0,natural_gas_fired_combustion_turbine
121,65,0.0,natural_gas_fired_combustion_turbine
91,65,0.0,natural_gas_fired_combustion_turbine
22,65,0.0,natural_gas_steam_turbine
123,65,0.0,natural_gas_steam_turbine
62,65,0.0,natural_gas_steam_turbine
49,65,0.0,natural_gas_steam_turbine
48,65,0.0,natural_gas_steam_turbine
21,65,0.0,natural_gas_steam_turbine
79,65,3702.999499999974,nuclear
10,65,25.39551,onshore_wind_turbine
23,65,2364.6546000000003,onshore_wind_turbine
31,65,103.30467,onshore_wind_turbine
38,65,1515.5574,onshore_wind_turbine
50,65,3159.6734399999996,onshore_wind_turbine
63,65,446.3718002128,onshore_wind_turbine
80,65,116.16499999999999,onshore_wind_turbine
94,65,2578.1378,onshore_wind_turbine
105,65,1585.874221323,onshore_wind_turbine
124,65,5983.741901522001,onshore_wind_turbine
136,65,6052.264470000001,onshore_wind_turbine
144,65,1656.6971399999998,onshore_wind_turbine
11,65,19.125,small_hydroelectric
24,65,62.577,small_hydroelectric
32,65,192.0,small_hydroelectric
39,65,52.9,small_hydroelectric
51,65,25.641,small_hydroelectric
64,65,6.128,small_hydroelectric
81,65,241.672,small_hydroelectric
95,65,418.922,small_hydroelectric
106,65,31.614,small_hydroelectric
125,65,100.697,small_hydroelectric
137,65,36.822,small_hydroelectric
145,65,33.21,small_hydroelectric
12,65,2409.6567600000003,solar_photovoltaic
25,65,545.1699399999999,solar_photovoltaic
33,65,262.6666,solar_photovoltaic
52,65,1937.37754,solar_photovoltaic
65,65,7861.5301159031005,solar_photovoltaic
82,65,4299.93788,solar_photovoltaic
96,65,309.14072,solar_photovoltaic
107,65,4243.32159174,solar_photovoltaic
126,65,13425.638454389,solar_photovoltaic
138,65,1360.6977999999997,solar_photovoltaic
26,66,11.235,biomass
13,66,15.682,biomass
108,66,137.081,biomass
40,66,5.952,biomass
97,66,178.173,biomass
1,66,16.294,biomass
66,66,228.795,biomass
2,66,883.7263092,conventional_hydroelectric
14,66,109.4159704,conventional_hydroelectric
27,66,868.1037984000001,conventional_hydroelectric
35,66,1509.0595872,conventional_hydroelectric
54,66,1044.3901248,conventional_hydroelectric
67,66,2371.3544251330827,conventional_hydroelectric
84,66,17428.881502199998,conventional_hydroelectric
109,66,234.9551720256,conventional_hydroelectric
128,66,69.41814000000001,conventional_hydroelectric
139,66,98.35198079999999,conventional_hydroelectric
110,66,50.0,conventional_steam_coal
41,66,0.0,conventional_steam_coal
3,66,6041.924409999976,conventional_steam_coal
36,66,1018.5414299999991,conventional_steam_coal
85,66,0.0,conventional_steam_coal
28,66,74.364,geothermal
116,66,0.0,natural_gas_fired_combined_cycle
73,66,0.0,natural_gas_fired_combined_cycle
71,66,0.0,natural_gas_fired_combined_cycle
44,66,0.0,natural_gas_fired_combined_cycle
115,66,0.0,natural_gas_fired_combined_cycle
70,66,0.0,natural_gas_fired_combined_cycle
131,66,0.0,natural_gas_fired_combined_cycle
18,66,0.0,natural_gas_fired_combined_cycle
72,66,0.0,natural_gas_fired_combined_cycle
114,66,0.0,natural_gas_fired_combined_cycle
45,66,0.0,natural_gas_fired_combined_cycle
78,66,0.0,natural_gas_fired_combustion_turbine
75,66,0.0,natural_gas_fired_combustion_turbine
119,66,0.0,natural_gas_fired_combustion_turbine
117,66,0.0,natural_gas_fired_combustion_turbine
134,66,0.0,natural_gas_fired_combustion_turbine
103,66,0.0,natural_gas_fired_combustion_turbine
47,66,0.0,natural_gas_fired_combustion_turbine
8,66,0.0,natural_gas_fired_combustion_turbine
90,66,0.0,natural_gas_fired_combustion_turbine
60,66,0.0,natural_gas_fired_combustion_turbine
46,66,0.0,natural_gas_fired_combustion_turbine
37,66,0.0,natural_gas_fired_combustion_turbine
7,66,0.0,natural_gas_fired_combustion_turbine
133,66,0.0,natural_gas_fired_combustion_turbine
74,66,0.0,natural_gas_fired_combustion_turbine
20,66,0.0,natural_gas_fired_combustion_turbine
135,66,0.0,natural_gas_fired_combustion_turbine
142,66,0.0,natural_gas_fired_combustion_turbine
121,66,0.0,natural_gas_fired_combustion_turbine
91,66,0.0,natural_gas_fired_combustion_turbine
22,66,0.0,natural_gas_steam_turbine
123,66,0.0,natural_gas_steam_turbine
62,66,0.0,natural_gas_steam_turbine
49,66,0.0,natural_gas_steam_turbine
48,66,0.0,natural_gas_steam_turbine
21,66,0.0,natural_gas_steam_turbine
79,66,5554.49924999997,nuclear
10,66,21.25298,onshore_wind_turbine
23,66,2114.9590000000003,onshore_wind_turbine
31,66,407.28163,onshore_wind_turbine
38,66,806.631,onshore_wind_turbine
50,66,2507.9569199999996,onshore_wind_turbine
63,66,334.20071963600003,onshore_wind_turbine
80,66,197.94515999999996,onshore_wind_turbine
94,66,2055.8902,onshore_wind_turbine
105,66,1852.868359608,onshore_wind_turbine
124,66,4907.579796042,onshore_wind_turbine
136,66,5430.75834,onshore_wind_turbine
144,66,1325.79027,onshore_wind_turbine
11,66,19.125,small_hydroelectric
24,66,62.577,small_hydroelectric
32,66,192.0,small_hydroelectric
39,66,52.9,small_hydroelectric
51,66,25.641,small_hydroelectric
64,66,6.128,small_hydroelectric
81,66,241.672,small_hydroelectric
95,66,418.922,small_hydroelectric
106,66,31.614,small_hydroelectric
125,66,100.697,small_hydroelectric
137,66,36.822,small_hydroelectric
145,66,33.21,small_hydroelectric
12,66,810.75204,solar_photovoltaic
25,66,111.72433999999998,solar_photovoltaic
33,66,57.0402,solar_photovoltaic
52,66,717.44484,solar_photovoltaic
65,66,5133.4324909861,solar_photovoltaic
82,66,1931.4603000000002,solar_photovoltaic
96,66,262.12312,solar_photovoltaic
107,66,2803.2246162829997,solar_photovoltaic
126,66,10745.112006853,solar_photovoltaic
138,66,1025.08945,solar_photovoltaic
26,67,11.235,biomass
13,67,15.682,biomass
108,67,137.081,biomass
40,67,5.952,biomass
97,67,178.173,biomass
1,67,16.294,biomass
66,67,228.795,biomass
2,67,883.4500583999999,conventional_hydroelectric
14,67,109.55709159999999,conventional_hydroelectric
27,67,868.1037984000001,conventional_hydroelectric
35,67,1509.0595872,conventional_hydroelectric
54,67,1043.558604,conventional_hydroelectric
67,67,2373.484167094599,conventional_hydroelectric
84,67,17431.786799999998,conventional_hydroelectric
109,67,235.5200270748,conventional_hydroelectric
128,67,69.40296000000001,conventional_hydroelectric
139,67,98.515008,conventional_hydroelectric
110,67,50.0,conventional_steam_coal
41,67,7219.002,conventional_steam_coal
3,67,14050.987,conventional_steam_coal
36,67,2368.701,conventional_steam_coal
85,67,763.8,conventional_steam_coal
28,67,74.364,geothermal
116,67,36.15999999999995,natural_gas_fired_combined_cycle
73,67,412.6080000000054,natural_gas_fired_combined_cycle
71,67,0.0,natural_gas_fired_combined_cycle
44,67,0.0,natural_gas_fired_combined_cycle
115,67,0.0,natural_gas_fired_combined_cycle
70,67,0.0,natural_gas_fired_combined_cycle
131,67,0.0,natural_gas_fired_combined_cycle
18,67,0.0,natural_gas_fired_combined_cycle
72,67,0.0,natural_gas_fired_combined_cycle
114,67,0.0,natural_gas_fired_combined_cycle
45,67,0.0,natural_gas_fired_combined_cycle
78,67,257.0,natural_gas_fired_combustion_turbine
75,67,0.0,natural_gas_fired_combustion_turbine
119,67,0.0,natural_gas_fired_combustion_turbine
117,67,0.0,natural_gas_fired_combustion_turbine
134,67,0.0,natural_gas_fired_combustion_turbine
103,67,0.0,natural_gas_fired_combustion_turbine
47,67,0.0,natural_gas_fired_combustion_turbine
8,67,0.0,natural_gas_fired_combustion_turbine
90,67,0.0,natural_gas_fired_combustion_turbine
60,67,0.0,natural_gas_fired_combustion_turbine
46,67,0.0,natural_gas_fired_combustion_turbine
37,67,0.0,natural_gas_fired_combustion_turbine
7,67,0.0,natural_gas_fired_combustion_turbine
133,67,0.0,natural_gas_fired_combustion_turbine
74,67,0.0,natural_gas_fired_combustion_turbine
20,67,0.0,natural_gas_fired_combustion_turbine
135,67,0.0,natural_gas_fired_combustion_turbine
142,67,0.0,natural_gas_fired_combustion_turbine
121,67,0.0,natural_gas_fired_combustion_turbine
91,67,0.0,natural_gas_fired_combustion_turbine
22,67,0.0,natural_gas_steam_turbine
123,67,0.0,natural_gas_steam_turbine
62,67,0.0,natural_gas_steam_turbine
49,67,0.0,natural_gas_steam_turbine
48,67,0.0,natural_gas_steam_turbine
21,67,0.0,natural_gas_steam_turbine
79,67,7405.999,nuclear
10,67,58.71586,onshore_wind_turbine
23,67,1323.014,onshore_wind_turbine
31,67,1345.33553,onshore_wind_turbine
38,67,181.776,onshore_wind_turbine
50,67,2182.0986599999997,onshore_wind_turbine
63,67,218.65872025759998,onshore_wind_turbine
80,67,212.81427999999997,onshore_wind_turbine
94,67,1434.342,onshore_wind_turbine
105,67,2932.943858439,onshore_wind_turbine
124,67,3486.1964109896007,onshore_wind_turbine
136,67,4392.81612,onshore_wind_turbine
144,67,1159.25544,onshore_wind_turbine
11,67,19.125,small_hydroelectric
24,67,62.577,small_hydroelectric
32,67,192.0,small_hydroelectric
39,67,52.9,small_hydroelectric
51,67,25.641,small_hydroelectric
64,67,6.128,small_hydroelectric
81,67,241.672,small_hydroelectric
95,67,418.922,small_hydroelectric
106,67,31.614,small_hydroelectric
125,67,100.697,small_hydroelectric
137,67,36.822,small_hydroelectric
145,67,33.21,small_hydroelectric
12,67,0.0,solar_photovoltaic
25,67,0.0,solar_photovoltaic
33,67,3.521,solar_photovoltaic
52,67,0.0,solar_photovoltaic
65,67,1338.5150035971,solar_photovoltaic
82,67,7.80388,solar_photovoltaic
96,67,67.5878,solar_photovoltaic
107,67,30.737775711999998,solar_photovoltaic
126,67,1042.905853003,solar_photovoltaic
138,67,33.33253,solar_photovoltaic
26,68,11.235,biomass
13,68,15.682,biomass
108,68,137.081,biomass
40,68,5.952,biomass
97,68,178.173,biomass
1,68,16.294,biomass
66,68,228.795,biomass
2,68,883.4500583999999,conventional_hydroelectric
14,68,109.6982128,conventional_hydroelectric
27,68,868.2449076,conventional_hydroelectric
35,68,1509.0595872,conventional_hydroelectric
54,68,1042.7270832000002,conventional_hydroelectric
67,68,2376.288842343624,conventional_hydroelectric
84,68,17434.692097799998,conventional_hydroelectric
109,68,236.006010786,conventional_hydroelectric
128,68,69.40296000000001,conventional_hydroelectric
139,68,98.6780352,conventional_hydroelectric
110,68,50.0,conventional_steam_coal
41,68,7219.002,conventional_steam_coal
3,68,14050.987,conventional_steam_coal
36,68,2368.701,conventional_steam_coal
85,68,763.8,conventional_steam_coal
28,68,74.364,geothermal
116,68,36.159999999999954,natural_gas_fired_combined_cycle
73,68,412.60799999999955,natural_gas_fired_combined_cycle
71,68,0.0,natural_gas_fired_combined_cycle
44,68,0.0,natural_gas_fired_combined_cycle
115,68,0.0,natural_gas_fired_combined_cycle
70,68,0.0,natural_gas_fired_combined_cycle
131,68,0.0,natural_gas_fired_combined_cycle
18,68,0.0,natural_gas_fired_combined_cycle
72,68,0.0,natural_gas_fired_combined_cycle
114,68,0.0,natural_gas_fired_combined_cycle
45,68,0.0,natural_gas_fired_combined_cycle
78,68,257.0,natural_gas_fired_combustion_turbine
75,68,0.0,natural_gas_fired_combustion_turbine
119,68,0.0,natural_gas_fired_combustion_turbine
117,68,0.0,natural_gas_fired_combustion_turbine
134,68,0.0,natural_gas_fired_combustion_turbine
103,68,0.0,natural_gas_fired_combustion_turbine
47,68,0.0,natural_gas_fired_combustion_turbine
8,68,0.0,natural_gas_fired_combustion_turbine
90,68,0.0,natural_gas_fired_combustion_turbine
60,68,0.0,natural_gas_fired_combustion_turbine
46,68,0.0,natural_gas_fired_combustion_turbine
37,68,0.0,natural_gas_fired_combustion_turbine
7,68,0.0,natural_gas_fired_combustion_turbine
133,68,0.0,natural_gas_fired_combustion_turbine
74,68,0.0,natural_gas_fired_combustion_turbine
20,68,0.0,natural_gas_fired_combustion_turbine
135,68,0.0,natural_gas_fired_combustion_turbine
142,68,0.0,natural_gas_fired_combustion_turbine
121,68,0.0,natural_gas_fired_combustion_turbine
91,68,0.0,natural_gas_fired_combustion_turbine
22,68,0.0,natural_gas_steam_turbine
123,68,0.0,natural_gas_steam_turbine
62,68,0.0,natural_gas_steam_turbine
49,68,0.0,natural_gas_steam_turbine
48,68,0.0,natural_gas_steam_turbine
21,68,0.0,natural_gas_steam_turbine
79,68,7405.999,nuclear
10,68,119.95326000000001,onshore_wind_turbine
23,68,2066.5106,onshore_wind_turbine
31,68,3100.32751,onshore_wind_turbine
38,68,211.31459999999998,onshore_wind_turbine
50,68,2199.03516,onshore_wind_turbine
63,68,291.4805599384,onshore_wind_turbine
80,68,158.91371999999998,onshore_wind_turbine
94,68,2607.5602000000003,onshore_wind_turbine
105,68,2838.897039426,onshore_wind_turbine
124,68,7226.805046491801,onshore_wind_turbine
136,68,3146.2061400000002,onshore_wind_turbine
144,68,1358.2321199999997,onshore_wind_turbine
11,68,19.125,small_hydroelectric
24,68,62.577,small_hydroelectric
32,68,192.0,small_hydroelectric
39,68,52.9,small_hydroelectric
51,68,25.641,small_hydroelectric
64,68,6.128,small_hydroelectric
81,68,241.672,small_hydroelectric
95,68,418.922,small_hydroelectric
106,68,31.614,small_hydroelectric
125,68,100.697,small_hydroelectric
137,68,36.822,small_hydroelectric
145,68,33.21,small_hydroelectric
12,68,0.0,solar_photovoltaic
25,68,0.0,solar_photovoltaic
33,68,0.0,solar_photovoltaic
52,68,0.0,solar_photovoltaic
65,68,0.0,solar_photovoltaic
82,68,0.0,solar_photovoltaic
96,68,0.0,solar_photovoltaic
107,68,0.0,solar_photovoltaic
126,68,0.0,solar_photovoltaic
138,68,0.0,solar_photovoltaic
26,69,11.235,biomass
13,69,15.682,biomass
108,69,137.081,biomass
40,69,5.952,biomass
97,69,178.173,biomass
1,69,16.294,biomass
66,69,228.795,biomass
2,69,883.1738075999999,conventional_hydroelectric
14,69,109.83933400000001,conventional_hydroelectric
27,69,868.3860168,conventional_hydroelectric
35,69,1509.0595872,conventional_hydroelectric
54,69,1041.8955624,conventional_hydroelectric
67,69,2378.418577031133,conventional_hydroelectric
84,69,17437.597395599998,conventional_hydroelectric
109,69,236.57086723140003,conventional_hydroelectric
128,69,69.38778,conventional_hydroelectric
139,69,98.8410624,conventional_hydroelectric
110,69,50.0,conventional_steam_coal
41,69,0.0,conventional_steam_coal
3,69,6041.92440999997,conventional_steam_coal
36,69,1018.5414299999982,conventional_steam_coal
85,69,0.0,conventional_steam_coal
28,69,74.364,geothermal
116,69,0.0,natural_gas_fired_combined_cycle
73,69,0.0,natural_gas_fired_combined_cycle
71,69,0.0,natural_gas_fired_combined_cycle
44,69,0.0,natural_gas_fired_combined_cycle
115,69,0.0,natural_gas_fired_combined_cycle
70,69,0.0,natural_gas_fired_combined_cycle
131,69,0.0,natural_gas_fired_combined_cycle
18,69,0.0,natural_gas_fired_combined_cycle
72,69,0.0,natural_gas_fired_combined_cycle
114,69,0.0,natural_gas_fired_combined_cycle
45,69,0.0,natural_gas_fired_combined_cycle
78,69,0.0,natural_gas_fired_combustion_turbine
75,69,0.0,natural_gas_fired_combustion_turbine
119,69,0.0,natural_gas_fired_combustion_turbine
117,69,0.0,natural_gas_fired_combustion_turbine
134,69,0.0,natural_gas_fired_combustion_turbine
103,69,0.0,natural_gas_fired_combustion_turbine
47,69,0.0,natural_gas_fired_combustion_turbine
8,69,0.0,natural_gas_fired_combustion_turbine
90,69,0.0,natural_gas_fired_combustion_turbine
60,69,0.0,natural_gas_fired_combustion_turbine
46,69,0.0,natural_gas_fired_combustion_turbine
37,69,0.0,natural_gas_fired_combustion_turbine
7,69,0.0,natural_gas_fired_combustion_turbine
133,69,0.0,natural_gas_fired_combustion_turbine
74,69,0.0,natural_gas_fired_combustion_turbine
20,69,0.0,natural_gas_fired_combustion_turbine
135,69,0.0,natural_gas_fired_combustion_turbine
142,69,0.0,natural_gas_fired_combustion_turbine
121,69,0.0,natural_gas_fired_combustion_turbine
91,69,0.0,natural_gas_fired_combustion_turbine
22,69,0.0,natural_gas_steam_turbine
123,69,0.0,natural_gas_steam_turbine
62,69,0.0,natural_gas_steam_turbine
49,69,0.0,natural_gas_steam_turbine
48,69,0.0,natural_gas_steam_turbine
21,69,0.0,natural_gas_steam_turbine
79,69,5771.34282695657,nuclear
10,69,463.24292,onshore_wind_turbine
23,69,2236.08,onshore_wind_turbine
31,69,6515.31867,onshore_wind_turbine
38,69,296.5221,onshore_wind_turbine
50,69,2130.6117,onshore_wind_turbine
63,69,261.2637997424,onshore_wind_turbine
80,69,77.13355999999999,onshore_wind_turbine
94,69,10305.195600000001,onshore_wind_turbine
105,69,2945.1973597829997,onshore_wind_turbine
124,69,5215.286029014601,onshore_wind_turbine
136,69,3353.9744700000006,onshore_wind_turbine
144,69,1561.5343799999998,onshore_wind_turbine
11,69,19.125,small_hydroelectric
24,69,62.577,small_hydroelectric
32,69,192.0,small_hydroelectric
39,69,52.9,small_hydroelectric
51,69,25.641,small_hydroelectric
64,69,6.128,small_hydroelectric
81,69,241.672,small_hydroelectric
95,69,418.922,small_hydroelectric
106,69,31.614,small_hydroelectric
125,69,100.697,small_hydroelectric
137,69,36.822,small_hydroelectric
145,69,33.21,small_hydroelectric
12,69,0.0,solar_photovoltaic
25,69,0.0,solar_photovoltaic
33,69,0.0,solar_photovoltaic
52,69,0.0,solar_photovoltaic
65,69,0.0,solar_photovoltaic
82,69,0.0,solar_photovoltaic
96,69,0.0,solar_photovoltaic
107,69,0.0,solar_photovoltaic
126,69,0.0,solar_photovoltaic
138,69,0.0,solar_photovoltaic
26,70,11.235,biomass
13,70,15.682,biomass
108,70,137.081,biomass
40,70,5.952,biomass
97,70,178.173,biomass
1,70,16.294,biomass
66,70,228.795,biomass
2,70,883.1738075999999,conventional_hydroelectric
14,70,109.98045520000001,conventional_hydroelectric
27,70,868.3860168,conventional_hydroelectric
35,70,1508.8098255999998,conventional_hydroelectric
54,70,1041.0640416,conventional_hydroelectric
67,70,2380.600779131133,conventional_hydroelectric
84,70,17440.502693399998,conventional_hydroelectric
109,70,237.1175982084,conventional_hydroelectric
128,70,69.38778,conventional_hydroelectric
139,70,99.00408959999999,conventional_hydroelectric
110,70,28.5,conventional_steam_coal
41,70,0.0,conventional_steam_coal
3,70,0.0,conventional_steam_coal
36,70,0.0,conventional_steam_coal
85,70,0.0,conventional_steam_coal
28,70,74.364,geothermal
116,70,0.0,natural_gas_fired_combined_cycle
73,70,0.0,natural_gas_fired_combined_cycle
71,70,0.0,natural_gas_fired_combined_cycle
44,70,0.0,natural_gas_fired_combined_cycle
115,70,0.0,natural_gas_fired_combined_cycle
70,70,0.0,natural_gas_fired_combined_cycle
131,70,0.0,natural_gas_fired_combined_cycle
18,70,0.0,natural_gas_fired_combined_cycle
72,70,0.0,natural_gas_fired_combined_cycle
114,70,0.0,natural_gas_fired_combined_cycle
45,70,0.0,natural_gas_fired_combined_cycle
78,70,0.0,natural_gas_fired_combustion_turbine
75,70,0.0,natural_gas_fired_combustion_turbine
119,70,0.0,natural_gas_fired_combustion_turbine
117,70,0.0,natural_gas_fired_combustion_turbine
134,70,0.0,natural_gas_fired_combustion_turbine
103,70,0.0,natural_gas_fired_combustion_turbine
47,70,0.0,natural_gas_fired_combustion_turbine
8,70,0.0,natural_gas_fired_combustion_turbine
90,70,0.0,natural_gas_fired_combustion_turbine
60,70,0.0,natural_gas_fired_combustion_turbine
46,70,0.0,natural_gas_fired_combustion_turbine
37,70,0.0,natural_gas_fired_combustion_turbine
7,70,0.0,natural_gas_fired_combustion_turbine
133,70,0.0,natural_gas_fired_combustion_turbine
74,70,0.0,natural_gas_fired_combustion_turbine
20,70,0.0,natural_gas_fired_combustion_turbine
135,70,0.0,natural_gas_fired_combustion_turbine
142,70,0.0,natural_gas_fired_combustion_turbine
121,70,0.0,natural_gas_fired_combustion_turbine
91,70,0.0,natural_gas_fired_combustion_turbine
22,70,0.0,natural_gas_steam_turbine
123,70,0.0,natural_gas_steam_turbine
62,70,0.0,natural_gas_steam_turbine
49,70,0.0,natural_gas_steam_turbine
48,70,0.0,natural_gas_steam_turbine
21,70,0.0,natural_gas_steam_turbine
79,70,3919.84307695657,nuclear
10,70,742.2333100000001,onshore_wind_turbine
23,70,1822.4052,onshore_wind_turbine
31,70,6124.660780000001,onshore_wind_turbine
38,70,403.3155,onshore_wind_turbine
50,70,2112.32028,onshore_wind_turbine
63,70,220.6223603584,onshore_wind_turbine
80,70,101.29587999999998,onshore_wind_turbine
94,70,24652.2934,onshore_wind_turbine
105,70,3159.682539468,onshore_wind_turbine
124,70,5934.113638514601,onshore_wind_turbine
136,70,3639.0937800000006,onshore_wind_turbine
144,70,2493.6968699999998,onshore_wind_turbine
11,70,19.125,small_hydroelectric
24,70,62.577,small_hydroelectric
32,70,192.0,small_hydroelectric
39,70,52.9,small_hydroelectric
51,70,25.641,small_hydroelectric
64,70,6.128,small_hydroelectric
81,70,241.672,small_hydroelectric
95,70,418.922,small_hydroelectric
106,70,31.614,small_hydroelectric
125,70,100.697,small_hydroelectric
137,70,36.822,small_hydroelectric
145,70,33.21,small_hydroelectric
12,70,0.0,solar_photovoltaic
25,70,0.0,solar_photovoltaic
33,70,0.0,solar_photovoltaic
52,70,0.0,solar_photovoltaic
65,70,0.0,solar_photovoltaic
82,70,0.0,solar_photovoltaic
96,70,0.0,solar_photovoltaic
107,70,0.0,solar_photovoltaic
126,70,0.0,solar_photovoltaic
138,70,0.0,solar_photovoltaic
26,71,0.0,biomass
13,71,0.0,biomass
108,71,0.0,biomass
40,71,0.0,biomass
97,71,0.0,biomass
1,71,0.0,biomass
66,71,0.0,biomass
2,71,882.8975568,conventional_hydroelectric
14,71,110.1215764,conventional_hydroelectric
27,71,868.5271260000002,conventional_hydroelectric
35,71,1508.8098255999998,conventional_hydroelectric
54,71,1040.2325208,conventional_hydroelectric
67,71,2382.730521092649,conventional_hydroelectric
84,71,17443.4079912,conventional_hydroelectric
109,71,237.68245465380002,conventional_hydroelectric
128,71,69.3726,conventional_hydroelectric
139,71,99.1671168,conventional_hydroelectric
110,71,0.0,conventional_steam_coal
41,71,0.0,conventional_steam_coal
3,71,0.0,conventional_steam_coal
36,71,0.0,conventional_steam_coal
85,71,0.0,conventional_steam_coal
28,71,74.364,geothermal
116,71,0.0,natural_gas_fired_combined_cycle
73,71,0.0,natural_gas_fired_combined_cycle
71,71,0.0,natural_gas_fired_combined_cycle
44,71,0.0,natural_gas_fired_combined_cycle
115,71,0.0,natural_gas_fired_combined_cycle
70,71,0.0,natural_gas_fired_combined_cycle
131,71,0.0,natural_gas_fired_combined_cycle
18,71,0.0,natural_gas_fired_combined_cycle
72,71,0.0,natural_gas_fired_combined_cycle
114,71,0.0,natural_gas_fired_combined_cycle
45,71,0.0,natural_gas_fired_combined_cycle
78,71,0.0,natural_gas_fired_combustion_turbine
75,71,0.0,natural_gas_fired_combustion_turbine
119,71,0.0,natural_gas_fired_combustion_turbine
117,71,0.0,natural_gas_fired_combustion_turbine
134,71,0.0,natural_gas_fired_combustion_turbine
103,71,0.0,natural_gas_fired_combustion_turbine
47,71,0.0,natural_gas_fired_combustion_turbine
8,71,0.0,natural_gas_fired_combustion_turbine
90,71,0.0,natural_gas_fired_combustion_turbine
60,71,0.0,natural_gas_fired_combustion_turbine
46,71,0.0,natural_gas_fired_combustion_turbine
37,71,0.0,natural_gas_fired_combustion_turbine
7,71,0.0,natural_gas_fired_combustion_turbine
133,71,0.0,natural_gas_fired_combustion_turbine
74,71,0.0,natural_gas_fired_combustion_turbine
20,71,0.0,natural_gas_fired_combustion_turbine
135,71,0.0,natural_gas_fired_combustion_turbine
142,71,0.0,natural_gas_fired_combustion_turbine
121,71,0.0,natural_gas_fired_combustion_turbine
91,71,0.0,natural_gas_fired_combustion_turbine
22,71,0.0,natural_gas_steam_turbine
123,71,0.0,natural_gas_steam_turbine
62,71,0.0,natural_gas_steam_turbine
49,71,0.0,natural_gas_steam_turbine
48,71,0.0,natural_gas_steam_turbine
21,71,0.0,natural_gas_steam_turbine
79,71,2068.343326956569,nuclear
10,71,762.0454100000001,onshore_wind_turbine
23,71,1688.2404,onshore_wind_turbine
31,71,6159.095670000001,onshore_wind_turbine
38,71,787.8853499999999,onshore_wind_turbine
50,71,2428.01664,onshore_wind_turbine
63,71,154.1290800336,onshore_wind_turbine
80,71,174.71215999999998,onshore_wind_turbine
94,71,20514.768399999997,onshore_wind_turbine
105,71,2961.5352206999996,onshore_wind_turbine
124,71,8503.704096918802,onshore_wind_turbine
136,71,3343.1813100000004,onshore_wind_turbine
144,71,3877.8824699999996,onshore_wind_turbine
11,71,19.125,small_hydroelectric
24,71,62.577,small_hydroelectric
32,71,192.0,small_hydroelectric
39,71,52.9,small_hydroelectric
51,71,25.641,small_hydroelectric
64,71,6.128,small_hydroelectric
81,71,241.672,small_hydroelectric
95,71,418.922,small_hydroelectric
106,71,31.614,small_hydroelectric
125,71,100.697,small_hydroelectric
137,71,36.822,small_hydroelectric
145,71,33.21,small_hydroelectric
12,71,0.0,solar_photovoltaic
25,71,0.0,solar_photovoltaic
33,71,0.0,solar_photovoltaic
52,71,0.0,solar_photovoltaic
65,71,0.0,solar_photovoltaic
82,71,0.0,solar_photovoltaic
96,71,0.0,solar_photovoltaic
107,71,0.0,solar_photovoltaic
126,71,0.0,solar_photovoltaic
138,71,0.0,solar_photovoltaic
26,72,0.0,biomass
13,72,0.0,biomass
108,72,0.0,biomass
40,72,0.0,biomass
97,72,0.0,biomass
1,72,0.0,biomass
66,72,0.0,biomass
2,72,882.621306,conventional_hydroelectric
14,72,110.2626976,conventional_hydroelectric
27,72,868.6682352000001,conventional_hydroelectric
35,72,1508.8098255999998,conventional_hydroelectric
54,72,1039.401,conventional_hydroelectric
67,72,2385.535196341674,conventional_hydroelectric
84,72,17446.313289,conventional_hydroelectric
109,72,238.16843836500001,conventional_hydroelectric
128,72,69.3726,conventional_hydroelectric
139,72,99.33014399999999,conventional_hydroelectric
110,72,0.0,conventional_steam_coal
41,72,0.0,conventional_steam_coal
3,72,0.0,conventional_steam_coal
36,72,0.0,conventional_steam_coal
85,72,0.0,conventional_steam_coal
28,72,74.364,geothermal
116,72,0.0,natural_gas_fired_combined_cycle
73,72,0.0,natural_gas_fired_combined_cycle
71,72,0.0,natural_gas_fired_combined_cycle
44,72,0.0,natural_gas_fired_combined_cycle
115,72,0.0,natural_gas_fired_combined_cycle
70,72,0.0,natural_gas_fired_combined_cycle
131,72,0.0,natural_gas_fired_combined_cycle
18,72,0.0,natural_gas_fired_combined_cycle
72,72,0.0,natural_gas_fired_combined_cycle
114,72,0.0,natural_gas_fired_combined_cycle
45,72,0.0,natural_gas_fired_combined_cycle
78,72,0.0,natural_gas_fired_combustion_turbine
75,72,0.0,natural_gas_fired_combustion_turbine
119,72,0.0,natural_gas_fired_combustion_turbine
117,72,0.0,natural_gas_fired_combustion_turbine
134,72,0.0,natural_gas_fired_combustion_turbine
103,72,0.0,natural_gas_fired_combustion_turbine
47,72,0.0,natural_gas_fired_combustion_turbine
8,72,0.0,natural_gas_fired_combustion_turbine
90,72,0.0,natural_gas_fired_combustion_turbine
60,72,0.0,natural_gas_fired_combustion_turbine
46,72,0.0,natural_gas_fired_combustion_turbine
37,72,0.0,natural_gas_fired_combustion_turbine
7,72,0.0,natural_gas_fired_combustion_turbine
133,72,0.0,natural_gas_fired_combustion_turbine
74,72,0.0,natural_gas_fired_combustion_turbine
20,72,0.0,natural_gas_fired_combustion_turbine
135,72,0.0,natural_gas_fired_combustion_turbine
142,72,0.0,natural_gas_fired_combustion_turbine
121,72,0.0,natural_gas_fired_combustion_turbine
91,72,0.0,natural_gas_fired_combustion_turbine
22,72,0.0,natural_gas_steam_turbine
123,72,0.0,natural_gas_steam_turbine
62,72,0.0,natural_gas_steam_turbine
49,72,0.0,natural_gas_steam_turbine
48,72,0.0,natural_gas_steam_turbine
21,72,0.0,natural_gas_steam_turbine
79,72,216.84357695656763,nuclear
10,72,592.3817900000001,onshore_wind_turbine
23,72,2142.9100000000003,onshore_wind_turbine
31,72,5965.547839999999,onshore_wind_turbine
38,72,583.9554,onshore_wind_turbine
50,72,2721.35682,onshore_wind_turbine
63,72,196.41719970879998,onshore_wind_turbine
80,72,1.8586399999999998,onshore_wind_turbine
94,72,16877.424199999998,onshore_wind_turbine
105,72,2664.583880679,onshore_wind_turbine
124,72,9820.322320778201,onshore_wind_turbine
136,72,3823.4769300000003,onshore_wind_turbine
144,72,4150.394009999999,onshore_wind_turbine
11,72,19.125,small_hydroelectric
24,72,62.577,small_hydroelectric
32,72,192.0,small_hydroelectric
39,72,52.9,small_hydroelectric
51,72,25.641,small_hydroelectric
64,72,6.128,small_hydroelectric
81,72,241.672,small_hydroelectric
95,72,418.922,small_hydroelectric
106,72,31.614,small_hydroelectric
125,72,100.697,small_hydroelectric
137,72,36.822,small_hydroelectric
145,72,33.21,small_hydroelectric
12,72,0.0,solar_photovoltaic
25,72,0.0,solar_photovoltaic
33,72,0.0,solar_photovoltaic
52,72,0.0,solar_photovoltaic
65,72,0.0,solar_photovoltaic
82,72,0.0,solar_photovoltaic
96,72,0.0,solar_photovoltaic
107,72,0.0,solar_photovoltaic
126,72,0.0,solar_photovoltaic
138,72,0.0,solar_photovoltaic
26,73,11.235,biomass
13,73,15.682,biomass
108,73,137.081,biomass
40,73,5.952,biomass
97,73,178.173,biomass
1,73,16.294,biomass
66,73,228.795,biomass
2,73,882.621306,conventional_hydroelectric
14,73,110.4038188,conventional_hydroelectric
27,73,868.8093444000001,conventional_hydroelectric
35,73,1508.8098255999998,conventional_hydroelectric
54,73,1038.5694792,conventional_hydroelectric
67,73,2387.7173984416736,conventional_hydroelectric
84,73,17449.2185868,conventional_hydroelectric
109,73,238.71517073820002,conventional_hydroelectric
128,73,69.35742,conventional_hydroelectric
139,73,99.4931712,conventional_hydroelectric
110,73,28.5,conventional_steam_coal
41,73,0.0,conventional_steam_coal
3,73,0.0,conventional_steam_coal
36,73,0.0,conventional_steam_coal
85,73,0.0,conventional_steam_coal
28,73,74.364,geothermal
116,73,0.0,natural_gas_fired_combined_cycle
73,73,0.0,natural_gas_fired_combined_cycle
71,73,0.0,natural_gas_fired_combined_cycle
44,73,0.0,natural_gas_fired_combined_cycle
115,73,0.0,natural_gas_fired_combined_cycle
70,73,0.0,natural_gas_fired_combined_cycle
131,73,0.0,natural_gas_fired_combined_cycle
18,73,0.0,natural_gas_fired_combined_cycle
72,73,0.0,natural_gas_fired_combined_cycle
114,73,0.0,natural_gas_fired_combined_cycle
45,73,0.0,natural_gas_fired_combined_cycle
78,73,0.0,natural_gas_fired_combustion_turbine
75,73,0.0,natural_gas_fired_combustion_turbine
119,73,0.0,natural_gas_fired_combustion_turbine
117,73,0.0,natural_gas_fired_combustion_turbine
134,73,0.0,natural_gas_fired_combustion_turbine
103,73,0.0,natural_gas_fired_combustion_turbine
47,73,0.0,natural_gas_fired_combustion_turbine
8,73,0.0,natural_gas_fired_combustion_turbine
90,73,0.0,natural_gas_fired_combustion_turbine
60,73,0.0,natural_gas_fired_combustion_turbine
46,73,0.0,natural_gas_fired_combustion_turbine
37,73,0.0,natural_gas_fired_combustion_turbine
7,73,0.0,natural_gas_fired_combustion_turbine
133,73,0.0,natural_gas_fired_combustion_turbine
74,73,0.0,natural_gas_fired_combustion_turbine
20,73,0.0,natural_gas_fired_combustion_turbine
135,73,0.0,natural_gas_fired_combustion_turbine
142,73,0.0,natural_gas_fired_combustion_turbine
121,73,0.0,natural_gas_fired_combustion_turbine
91,73,0.0,natural_gas_fired_combustion_turbine
22,73,0.0,natural_gas_steam_turbine
123,73,0.0,natural_gas_steam_turbine
62,73,0.0,natural_gas_steam_turbine
49,73,0.0,natural_gas_steam_turbine
48,73,0.0,natural_gas_steam_turbine
21,73,0.0,natural_gas_steam_turbine
79,73,2068.343326956569,nuclear
10,73,587.51882,onshore_wind_turbine
23,73,2996.3472,onshore_wind_turbine
31,73,4638.02346,onshore_wind_turbine
38,73,817.42395,onshore_wind_turbine
50,73,2608.89846,onshore_wind_turbine
63,73,114.59840032480001,onshore_wind_turbine
80,73,391.24371999999994,onshore_wind_turbine
94,73,6333.1716,onshore_wind_turbine
105,73,2561.491240119,onshore_wind_turbine
124,73,5087.526927791,onshore_wind_turbine
136,73,3696.6573000000003,onshore_wind_turbine
144,73,4615.393859999999,onshore_wind_turbine
11,73,19.125,small_hydroelectric
24,73,62.577,small_hydroelectric
32,73,192.0,small_hydroelectric
39,73,52.9,small_hydroelectric
51,73,25.641,small_hydroelectric
64,73,6.128,small_hydroelectric
81,73,241.672,small_hydroelectric
95,73,418.922,small_hydroelectric
106,73,31.614,small_hydroelectric
125,73,100.697,small_hydroelectric
137,73,36.822,small_hydroelectric
145,73,33.21,small_hydroelectric
12,73,0.0,solar_photovoltaic
25,73,0.0,solar_photovoltaic
33,73,0.0,solar_photovoltaic
52,73,0.0,solar_photovoltaic
65,73,0.0,solar_photovoltaic
82,73,0.0,solar_photovoltaic
96,73,0.0,solar_photovoltaic
107,73,0.0,solar_photovoltaic
126,73,0.0,solar_photovoltaic
138,73,0.0,solar_photovoltaic
26,74,11.235,biomass
13,74,15.682,biomass
108,74,137.081,biomass
40,74,5.952,biomass
97,74,178.173,biomass
1,74,16.294,biomass
66,74,228.795,biomass
2,74,882.3450551999999,conventional_hydroelectric
14,74,110.54494,conventional_hydroelectric
27,74,868.8093444000001,conventional_hydroelectric
35,74,1508.8098255999998,conventional_hydroelectric
54,74,1035.24339600002,conventional_hydroelectric
67,74,2389.84714040319,conventional_hydroelectric
84,74,17449.2185868,conventional_hydroelectric
109,74,239.2800257874,conventional_hydroelectric
128,74,69.35742,conventional_hydroelectric
139,74,99.6561984,conventional_hydroelectric
110,74,28.499999999999996,conventional_steam_coal
41,74,0.0,conventional_steam_coal
3,74,0.0,conventional_steam_coal
36,74,0.0,conventional_steam_coal
85,74,0.0,conventional_steam_coal
28,74,74.364,geothermal
116,74,0.0,natural_gas_fired_combined_cycle
73,74,0.0,natural_gas_fired_combined_cycle
71,74,0.0,natural_gas_fired_combined_cycle
44,74,0.0,natural_gas_fired_combined_cycle
115,74,0.0,natural_gas_fired_combined_cycle
70,74,0.0,natural_gas_fired_combined_cycle
131,74,0.0,natural_gas_fired_combined_cycle
18,74,0.0,natural_gas_fired_combined_cycle
72,74,0.0,natural_gas_fired_combined_cycle
114,74,0.0,natural_gas_fired_combined_cycle
45,74,0.0,natural_gas_fired_combined_cycle
78,74,0.0,natural_gas_fired_combustion_turbine
75,74,0.0,natural_gas_fired_combustion_turbine
119,74,0.0,natural_gas_fired_combustion_turbine
117,74,0.0,natural_gas_fired_combustion_turbine
134,74,0.0,natural_gas_fired_combustion_turbine
103,74,0.0,natural_gas_fired_combustion_turbine
47,74,0.0,natural_gas_fired_combustion_turbine
8,74,0.0,natural_gas_fired_combustion_turbine
90,74,0.0,natural_gas_fired_combustion_turbine
60,74,0.0,natural_gas_fired_combustion_turbine
46,74,0.0,natural_gas_fired_combustion_turbine
37,74,0.0,natural_gas_fired_combustion_turbine
7,74,0.0,natural_gas_fired_combustion_turbine
133,74,0.0,natural_gas_fired_combustion_turbine
74,74,0.0,natural_gas_fired_combustion_turbine
20,74,0.0,natural_gas_fired_combustion_turbine
135,74,0.0,natural_gas_fired_combustion_turbine
142,74,0.0,natural_gas_fired_combustion_turbine
121,74,0.0,natural_gas_fired_combustion_turbine
91,74,0.0,natural_gas_fired_combustion_turbine
22,74,0.0,natural_gas_steam_turbine
123,74,0.0,natural_gas_steam_turbine
62,74,0.0,natural_gas_steam_turbine
49,74,0.0,natural_gas_steam_turbine
48,74,0.0,natural_gas_steam_turbine
21,74,0.0,natural_gas_steam_turbine
79,74,3919.84307695657,nuclear
10,74,933.1499100000001,onshore_wind_turbine
23,74,3847.921,onshore_wind_turbine
31,74,4838.69575,onshore_wind_turbine
38,74,930.4659,onshore_wind_turbine
50,74,2308.7836799999995,onshore_wind_turbine
63,74,56.9296002744,onshore_wind_turbine
80,74,413.5473999999999,onshore_wind_turbine
94,74,5954.3582,onshore_wind_turbine
105,74,2699.888799972,onshore_wind_turbine
124,74,7271.417784554001,onshore_wind_turbine
136,74,3280.2212100000006,onshore_wind_turbine
144,74,4812.20775,onshore_wind_turbine
11,74,19.125,small_hydroelectric
24,74,62.577,small_hydroelectric
32,74,192.0,small_hydroelectric
39,74,52.9,small_hydroelectric
51,74,25.641,small_hydroelectric
64,74,6.128,small_hydroelectric
81,74,241.672,small_hydroelectric
95,74,418.922,small_hydroelectric
106,74,31.614,small_hydroelectric
125,74,100.697,small_hydroelectric
137,74,36.822,small_hydroelectric
145,74,33.21,small_hydroelectric
12,74,0.0,solar_photovoltaic
25,74,0.0,solar_photovoltaic
33,74,0.0,solar_photovoltaic
52,74,0.0,solar_photovoltaic
65,74,0.0,solar_photovoltaic
82,74,0.0,solar_photovoltaic
96,74,0.0,solar_photovoltaic
107,74,0.0,solar_photovoltaic
126,74,0.0,solar_photovoltaic
138,74,0.0,solar_photovoltaic
26,75,0.0,biomass
13,75,0.0,biomass
108,75,0.0,biomass
40,75,0.0,biomass
97,75,1.2375255029742788e-9,biomass
1,75,0.0,biomass
66,75,0.0,biomass
2,75,882.3450551999999,conventional_hydroelectric
14,75,110.6860612,conventional_hydroelectric
27,75,868.9504536000001,conventional_hydroelectric
35,75,1508.560064,conventional_hydroelectric
54,75,948.9731130000177,conventional_hydroelectric
67,75,2391.9768750906987,conventional_hydroelectric
84,75,17452.1238846,conventional_hydroelectric
109,75,239.76600949860003,conventional_hydroelectric
128,75,69.34224,conventional_hydroelectric
139,75,99.8192256,conventional_hydroelectric
110,75,0.0,conventional_steam_coal
41,75,0.0,conventional_steam_coal
3,75,0.0,conventional_steam_coal
36,75,0.0,conventional_steam_coal
85,75,0.0,conventional_steam_coal
28,75,74.364,geothermal
116,75,0.0,natural_gas_fired_combined_cycle
73,75,0.0,natural_gas_fired_combined_cycle
71,75,0.0,natural_gas_fired_combined_cycle
44,75,0.0,natural_gas_fired_combined_cycle
115,75,0.0,natural_gas_fired_combined_cycle
70,75,0.0,natural_gas_fired_combined_cycle
131,75,0.0,natural_gas_fired_combined_cycle
18,75,0.0,natural_gas_fired_combined_cycle
72,75,0.0,natural_gas_fired_combined_cycle
114,75,0.0,natural_gas_fired_combined_cycle
45,75,0.0,natural_gas_fired_combined_cycle
78,75,0.0,natural_gas_fired_combustion_turbine
75,75,0.0,natural_gas_fired_combustion_turbine
119,75,0.0,natural_gas_fired_combustion_turbine
117,75,0.0,natural_gas_fired_combustion_turbine
134,75,0.0,natural_gas_fired_combustion_turbine
103,75,0.0,natural_gas_fired_combustion_turbine
47,75,0.0,natural_gas_fired_combustion_turbine
8,75,0.0,natural_gas_fired_combustion_turbine
90,75,0.0,natural_gas_fired_combustion_turbine
60,75,0.0,natural_gas_fired_combustion_turbine
46,75,0.0,natural_gas_fired_combustion_turbine
37,75,0.0,natural_gas_fired_combustion_turbine
7,75,0.0,natural_gas_fired_combustion_turbine
133,75,0.0,natural_gas_fired_combustion_turbine
74,75,0.0,natural_gas_fired_combustion_turbine
20,75,0.0,natural_gas_fired_combustion_turbine
135,75,0.0,natural_gas_fired_combustion_turbine
142,75,0.0,natural_gas_fired_combustion_turbine
121,75,0.0,natural_gas_fired_combustion_turbine
91,75,0.0,natural_gas_fired_combustion_turbine
22,75,0.0,natural_gas_steam_turbine
123,75,0.0,natural_gas_steam_turbine
62,75,0.0,natural_gas_steam_turbine
49,75,0.0,natural_gas_steam_turbine
48,75,0.0,natural_gas_steam_turbine
21,75,0.0,natural_gas_steam_turbine
79,75,2068.34332695657,nuclear
10,75,1087.3240700000001,onshore_wind_turbine
23,75,4147.9284,onshore_wind_turbine
31,75,2959.02572,onshore_wind_turbine
38,75,1124.17095,onshore_wind_turbine
50,75,2312.8484399999998,onshore_wind_turbine
63,75,166.9001596192,onshore_wind_turbine
80,75,933.0372799999999,onshore_wind_turbine
94,75,7149.6431999999995,onshore_wind_turbine
105,75,2568.9864201120004,onshore_wind_turbine
124,75,8609.575295582801,onshore_wind_turbine
136,75,3139.9101300000007,onshore_wind_turbine
144,75,5182.04484,onshore_wind_turbine
11,75,19.125,small_hydroelectric
24,75,62.577,small_hydroelectric
32,75,192.0,small_hydroelectric
39,75,52.9,small_hydroelectric
51,75,25.641,small_hydroelectric
64,75,6.128,small_hydroelectric
81,75,241.672,small_hydroelectric
95,75,418.922,small_hydroelectric
106,75,31.614,small_hydroelectric
125,75,100.697,small_hydroelectric
137,75,36.822,small_hydroelectric
145,75,33.21,small_hydroelectric
12,75,0.0,solar_photovoltaic
25,75,0.0,solar_photovoltaic
33,75,0.0,solar_photovoltaic
52,75,0.0,solar_photovoltaic
65,75,0.0,solar_photovoltaic
82,75,0.0,solar_photovoltaic
96,75,0.0,solar_photovoltaic
107,75,0.0,solar_photovoltaic
126,75,0.0,solar_photovoltaic
138,75,0.0,solar_photovoltaic
26,76,11.235,biomass
13,76,15.682,biomass
108,76,137.081,biomass
40,76,5.952,biomass
97,76,178.173,biomass
1,76,16.294,biomass
66,76,228.795,biomass
2,76,882.0688043999999,conventional_hydroelectric
14,76,110.8271824,conventional_hydroelectric
27,76,869.0915628,conventional_hydroelectric
35,76,1508.560064,conventional_hydroelectric
54,76,862.7028300000156,conventional_hydroelectric
67,76,2394.834017752215,conventional_hydroelectric
84,76,17455.029182399998,conventional_hydroelectric
109,76,240.330865944,conventional_hydroelectric
128,76,69.34224,conventional_hydroelectric
139,76,100.0055424,conventional_hydroelectric
110,76,28.5,conventional_steam_coal
41,76,0.0,conventional_steam_coal
3,76,0.0,conventional_steam_coal
36,76,0.0,conventional_steam_coal
85,76,0.0,conventional_steam_coal
28,76,74.364,geothermal
116,76,0.0,natural_gas_fired_combined_cycle
73,76,0.0,natural_gas_fired_combined_cycle
71,76,0.0,natural_gas_fired_combined_cycle
44,76,0.0,natural_gas_fired_combined_cycle
115,76,0.0,natural_gas_fired_combined_cycle
70,76,0.0,natural_gas_fired_combined_cycle
131,76,0.0,natural_gas_fired_combined_cycle
18,76,0.0,natural_gas_fired_combined_cycle
72,76,0.0,natural_gas_fired_combined_cycle
114,76,0.0,natural_gas_fired_combined_cycle
45,76,0.0,natural_gas_fired_combined_cycle
78,76,0.0,natural_gas_fired_combustion_turbine
75,76,0.0,natural_gas_fired_combustion_turbine
119,76,0.0,natural_gas_fired_combustion_turbine
117,76,0.0,natural_gas_fired_combustion_turbine
134,76,0.0,natural_gas_fired_combustion_turbine
103,76,0.0,natural_gas_fired_combustion_turbine
47,76,0.0,natural_gas_fired_combustion_turbine
8,76,0.0,natural_gas_fired_combustion_turbine
90,76,0.0,natural_gas_fired_combustion_turbine
60,76,0.0,natural_gas_fired_combustion_turbine
46,76,0.0,natural_gas_fired_combustion_turbine
37,76,0.0,natural_gas_fired_combustion_turbine
7,76,0.0,natural_gas_fired_combustion_turbine
133,76,0.0,natural_gas_fired_combustion_turbine
74,76,0.0,natural_gas_fired_combustion_turbine
20,76,0.0,natural_gas_fired_combustion_turbine
135,76,0.0,natural_gas_fired_combustion_turbine
142,76,0.0,natural_gas_fired_combustion_turbine
121,76,0.0,natural_gas_fired_combustion_turbine
91,76,0.0,natural_gas_fired_combustion_turbine
22,76,0.0,natural_gas_steam_turbine
123,76,0.0,natural_gas_steam_turbine
62,76,0.0,natural_gas_steam_turbine
49,76,0.0,natural_gas_steam_turbine
48,76,0.0,natural_gas_steam_turbine
21,76,0.0,natural_gas_steam_turbine
79,76,3919.8430769565707,nuclear
10,76,1026.26678,onshore_wind_turbine
23,76,5646.102,onshore_wind_turbine
31,76,2804.66242,onshore_wind_turbine
38,76,911.1521999999999,onshore_wind_turbine
50,76,1849.4658,onshore_wind_turbine
63,76,290.129280112,onshore_wind_turbine
80,76,677.47428,onshore_wind_turbine
94,76,5983.7806,onshore_wind_turbine
105,76,2959.187278488,onshore_wind_turbine
124,76,4492.4618302872,onshore_wind_turbine
136,76,3411.5379900000007,onshore_wind_turbine
144,76,4600.25433,onshore_wind_turbine
11,76,19.125,small_hydroelectric
24,76,62.577,small_hydroelectric
32,76,192.0,small_hydroelectric
39,76,52.9,small_hydroelectric
51,76,25.641,small_hydroelectric
64,76,6.128,small_hydroelectric
81,76,241.672,small_hydroelectric
95,76,418.922,small_hydroelectric
106,76,31.614,small_hydroelectric
125,76,100.697,small_hydroelectric
137,76,36.822,small_hydroelectric
145,76,33.21,small_hydroelectric
12,76,0.0,solar_photovoltaic
25,76,0.0,solar_photovoltaic
33,76,0.0,solar_photovoltaic
52,76,0.0,solar_photovoltaic
65,76,0.0,solar_photovoltaic
82,76,0.0,solar_photovoltaic
96,76,0.0,solar_photovoltaic
107,76,0.0,solar_photovoltaic
126,76,0.0,solar_photovoltaic
138,76,0.0,solar_photovoltaic
26,77,11.235,biomass
13,77,15.682,biomass
108,77,137.081,biomass
40,77,5.952,biomass
97,77,178.173,biomass
1,77,16.294,biomass
66,77,228.795,biomass
2,77,882.0688043999999,conventional_hydroelectric
14,77,110.9683036,conventional_hydroelectric
27,77,751.9709267999983,conventional_hydroelectric
35,77,1301.2579359999995,conventional_hydroelectric
54,77,776.4325470000131,conventional_hydroelectric
67,77,2396.9637524397235,conventional_hydroelectric
84,77,15043.632008399964,conventional_hydroelectric
109,77,240.87759692100002,conventional_hydroelectric
128,77,69.32706,conventional_hydroelectric
139,77,100.16856959999998,conventional_hydroelectric
110,77,50.0,conventional_steam_coal
41,77,0.0,conventional_steam_coal
3,77,0.0,conventional_steam_coal
36,77,0.0,conventional_steam_coal
85,77,0.0,conventional_steam_coal
28,77,74.364,geothermal
116,77,0.0,natural_gas_fired_combined_cycle
73,77,0.0,natural_gas_fired_combined_cycle
71,77,0.0,natural_gas_fired_combined_cycle
44,77,0.0,natural_gas_fired_combined_cycle
115,77,0.0,natural_gas_fired_combined_cycle
70,77,0.0,natural_gas_fired_combined_cycle
131,77,0.0,natural_gas_fired_combined_cycle
18,77,0.0,natural_gas_fired_combined_cycle
72,77,0.0,natural_gas_fired_combined_cycle
114,77,0.0,natural_gas_fired_combined_cycle
45,77,0.0,natural_gas_fired_combined_cycle
78,77,0.0,natural_gas_fired_combustion_turbine
75,77,0.0,natural_gas_fired_combustion_turbine
119,77,0.0,natural_gas_fired_combustion_turbine
117,77,0.0,natural_gas_fired_combustion_turbine
134,77,0.0,natural_gas_fired_combustion_turbine
103,77,0.0,natural_gas_fired_combustion_turbine
47,77,0.0,natural_gas_fired_combustion_turbine
8,77,0.0,natural_gas_fired_combustion_turbine
90,77,0.0,natural_gas_fired_combustion_turbine
60,77,0.0,natural_gas_fired_combustion_turbine
46,77,0.0,natural_gas_fired_combustion_turbine
37,77,0.0,natural_gas_fired_combustion_turbine
7,77,0.0,natural_gas_fired_combustion_turbine
133,77,0.0,natural_gas_fired_combustion_turbine
74,77,0.0,natural_gas_fired_combustion_turbine
20,77,0.0,natural_gas_fired_combustion_turbine
135,77,0.0,natural_gas_fired_combustion_turbine
142,77,0.0,natural_gas_fired_combustion_turbine
121,77,0.0,natural_gas_fired_combustion_turbine
91,77,0.0,natural_gas_fired_combustion_turbine
22,77,0.0,natural_gas_steam_turbine
123,77,0.0,natural_gas_steam_turbine
62,77,0.0,natural_gas_steam_turbine
49,77,0.0,natural_gas_steam_turbine
48,77,0.0,natural_gas_steam_turbine
21,77,0.0,natural_gas_steam_turbine
79,77,5554.499250000018,nuclear
10,77,853.1810700000001,onshore_wind_turbine
23,77,3581.4548,onshore_wind_turbine
31,77,1842.86032,onshore_wind_turbine
38,77,681.66,onshore_wind_turbine
50,77,1297.3358999999998,onshore_wind_turbine
63,77,341.6128802912,onshore_wind_turbine
80,77,996.2310399999999,onshore_wind_turbine
94,77,8102.1934,onshore_wind_turbine
105,77,2991.196879083,onshore_wind_turbine
124,77,6659.113446139001,onshore_wind_turbine
136,77,3416.9345700000003,onshore_wind_turbine
144,77,5065.254179999999,onshore_wind_turbine
11,77,19.125,small_hydroelectric
24,77,62.577,small_hydroelectric
32,77,192.0,small_hydroelectric
39,77,52.9,small_hydroelectric
51,77,25.641,small_hydroelectric
64,77,6.128,small_hydroelectric
81,77,241.672,small_hydroelectric
95,77,418.922,small_hydroelectric
106,77,31.614,small_hydroelectric
125,77,100.697,small_hydroelectric
137,77,36.822,small_hydroelectric
145,77,33.21,small_hydroelectric
12,77,0.0,solar_photovoltaic
25,77,0.0,solar_photovoltaic
33,77,0.0,solar_photovoltaic
52,77,0.0,solar_photovoltaic
65,77,0.0,solar_photovoltaic
82,77,0.0,solar_photovoltaic
96,77,0.0,solar_photovoltaic
107,77,0.0,solar_photovoltaic
126,77,0.0,solar_photovoltaic
138,77,0.0,solar_photovoltaic
26,78,11.235,biomass
13,78,15.682,biomass
108,78,137.081,biomass
40,78,5.952,biomass
97,78,178.173,biomass
1,78,16.294,biomass
66,78,228.795,biomass
2,78,687.8644920000039,conventional_hydroelectric
14,78,111.1094248,conventional_hydroelectric
27,78,634.8502907999964,conventional_hydroelectric
35,78,1093.955807999999,conventional_hydroelectric
54,78,690.1622640000107,conventional_hydroelectric
67,78,1811.2277430000067,conventional_hydroelectric
84,78,12632.234834399922,conventional_hydroelectric
109,78,241.4424533664,conventional_hydroelectric
128,78,56.72766000000005,conventional_hydroelectric
139,78,80.83820160000002,conventional_hydroelectric
110,78,28.5,conventional_steam_coal
41,78,0.0,conventional_steam_coal
3,78,0.0,conventional_steam_coal
36,78,0.0,conventional_steam_coal
85,78,0.0,conventional_steam_coal
28,78,74.364,geothermal
116,78,0.0,natural_gas_fired_combined_cycle
73,78,0.0,natural_gas_fired_combined_cycle
71,78,0.0,natural_gas_fired_combined_cycle
44,78,0.0,natural_gas_fired_combined_cycle
115,78,0.0,natural_gas_fired_combined_cycle
70,78,0.0,natural_gas_fired_combined_cycle
131,78,0.0,natural_gas_fired_combined_cycle
18,78,0.0,natural_gas_fired_combined_cycle
72,78,0.0,natural_gas_fired_combined_cycle
114,78,0.0,natural_gas_fired_combined_cycle
45,78,0.0,natural_gas_fired_combined_cycle
78,78,0.0,natural_gas_fired_combustion_turbine
75,78,0.0,natural_gas_fired_combustion_turbine
119,78,0.0,natural_gas_fired_combustion_turbine
117,78,0.0,natural_gas_fired_combustion_turbine
134,78,0.0,natural_gas_fired_combustion_turbine
103,78,0.0,natural_gas_fired_combustion_turbine
47,78,0.0,natural_gas_fired_combustion_turbine
8,78,0.0,natural_gas_fired_combustion_turbine
90,78,0.0,natural_gas_fired_combustion_turbine
60,78,0.0,natural_gas_fired_combustion_turbine
46,78,0.0,natural_gas_fired_combustion_turbine
37,78,0.0,natural_gas_fired_combustion_turbine
7,78,0.0,natural_gas_fired_combustion_turbine
133,78,0.0,natural_gas_fired_combustion_turbine
74,78,0.0,natural_gas_fired_combustion_turbine
20,78,0.0,natural_gas_fired_combustion_turbine
135,78,0.0,natural_gas_fired_combustion_turbine
142,78,0.0,natural_gas_fired_combustion_turbine
121,78,0.0,natural_gas_fired_combustion_turbine
91,78,0.0,natural_gas_fired_combustion_turbine
22,78,0.0,natural_gas_steam_turbine
123,78,0.0,natural_gas_steam_turbine
62,78,0.0,natural_gas_steam_turbine
49,78,0.0,natural_gas_steam_turbine
48,78,0.0,natural_gas_steam_turbine
21,78,0.0,natural_gas_steam_turbine
79,78,3702.9995000000067,nuclear
10,78,788.5215800000001,onshore_wind_turbine
23,78,3430.5194,onshore_wind_turbine
31,78,2081.52973,onshore_wind_turbine
38,78,1306.515,onshore_wind_turbine
50,78,1487.0247,onshore_wind_turbine
63,78,358.8927998432,onshore_wind_turbine
80,78,2104.9098,onshore_wind_turbine
94,78,11632.8814,onshore_wind_turbine
105,78,2990.393840868,onshore_wind_turbine
124,78,10539.468450018201,onshore_wind_turbine
136,78,3711.0481800000007,onshore_wind_turbine
144,78,4794.90543,onshore_wind_turbine
11,78,19.125,small_hydroelectric
24,78,62.577,small_hydroelectric
32,78,192.0,small_hydroelectric
39,78,52.9,small_hydroelectric
51,78,25.641,small_hydroelectric
64,78,6.128,small_hydroelectric
81,78,241.672,small_hydroelectric
95,78,418.922,small_hydroelectric
106,78,31.614,small_hydroelectric
125,78,100.697,small_hydroelectric
137,78,36.822,small_hydroelectric
145,78,33.21,small_hydroelectric
12,78,135.59616,solar_photovoltaic
25,78,570.20516,solar_photovoltaic
33,78,0.0,solar_photovoltaic
52,78,625.5178999999999,solar_photovoltaic
65,78,308.1834037562,solar_photovoltaic
82,78,0.0,solar_photovoltaic
96,78,0.0,solar_photovoltaic
107,78,0.0,solar_photovoltaic
126,78,0.0,solar_photovoltaic
138,78,383.5524,solar_photovoltaic
26,79,0.0,biomass
13,79,0.0,biomass
108,79,0.0,biomass
40,79,0.0,biomass
97,79,0.0,biomass
1,79,0.0,biomass
66,79,0.0,biomass
2,79,458.57632800000255,conventional_hydroelectric
14,79,72.06589280000001,conventional_hydroelectric
27,79,517.7296547999946,conventional_hydroelectric
35,79,886.6536799999985,conventional_hydroelectric
54,79,603.8919810000081,conventional_hydroelectric
67,79,1207.4851620000043,conventional_hydroelectric
84,79,10220.837660399884,conventional_hydroelectric
109,79,125.55785336640008,conventional_hydroelectric
128,79,44.12826000000011,conventional_hydroelectric
139,79,61.507833600000005,conventional_hydroelectric
110,79,0.0,conventional_steam_coal
41,79,0.0,conventional_steam_coal
3,79,0.0,conventional_steam_coal
36,79,0.0,conventional_steam_coal
85,79,0.0,conventional_steam_coal
28,79,0.0,geothermal
116,79,0.0,natural_gas_fired_combined_cycle
73,79,0.0,natural_gas_fired_combined_cycle
71,79,0.0,natural_gas_fired_combined_cycle
44,79,0.0,natural_gas_fired_combined_cycle
115,79,0.0,natural_gas_fired_combined_cycle
70,79,0.0,natural_gas_fired_combined_cycle
131,79,0.0,natural_gas_fired_combined_cycle
18,79,0.0,natural_gas_fired_combined_cycle
72,79,0.0,natural_gas_fired_combined_cycle
114,79,0.0,natural_gas_fired_combined_cycle
45,79,0.0,natural_gas_fired_combined_cycle
78,79,0.0,natural_gas_fired_combustion_turbine
75,79,0.0,natural_gas_fired_combustion_turbine
119,79,0.0,natural_gas_fired_combustion_turbine
117,79,0.0,natural_gas_fired_combustion_turbine
134,79,0.0,natural_gas_fired_combustion_turbine
103,79,0.0,natural_gas_fired_combustion_turbine
47,79,0.0,natural_gas_fired_combustion_turbine
8,79,0.0,natural_gas_fired_combustion_turbine
90,79,0.0,natural_gas_fired_combustion_turbine
60,79,0.0,natural_gas_fired_combustion_turbine
46,79,0.0,natural_gas_fired_combustion_turbine
37,79,0.0,natural_gas_fired_combustion_turbine
7,79,0.0,natural_gas_fired_combustion_turbine
133,79,0.0,natural_gas_fired_combustion_turbine
74,79,0.0,natural_gas_fired_combustion_turbine
20,79,0.0,natural_gas_fired_combustion_turbine
135,79,0.0,natural_gas_fired_combustion_turbine
142,79,0.0,natural_gas_fired_combustion_turbine
121,79,0.0,natural_gas_fired_combustion_turbine
91,79,0.0,natural_gas_fired_combustion_turbine
22,79,0.0,natural_gas_steam_turbine
123,79,0.0,natural_gas_steam_turbine
62,79,0.0,natural_gas_steam_turbine
49,79,0.0,natural_gas_steam_turbine
48,79,0.0,natural_gas_steam_turbine
21,79,0.0,natural_gas_steam_turbine
79,79,1851.4997499999977,nuclear
10,79,667.30755,onshore_wind_turbine
23,79,2638.5744,onshore_wind_turbine
31,79,1046.10821,onshore_wind_turbine
38,79,1061.1173999999999,onshore_wind_turbine
50,79,1066.9995,onshore_wind_turbine
63,79,369.9553202296,onshore_wind_turbine
80,79,695.13136,onshore_wind_turbine
94,79,13170.201799999999,onshore_wind_turbine
105,79,2979.566658327,onshore_wind_turbine
124,79,9953.7973629248,onshore_wind_turbine
136,79,3610.3120200000003,onshore_wind_turbine
144,79,4857.62634,onshore_wind_turbine
11,79,0.0,small_hydroelectric
24,79,62.577,small_hydroelectric
32,79,192.0,small_hydroelectric
39,79,0.0,small_hydroelectric
51,79,0.0,small_hydroelectric
64,79,0.0,small_hydroelectric
81,79,241.672,small_hydroelectric
95,79,344.15956831501285,small_hydroelectric
106,79,31.614,small_hydroelectric
125,79,0.0,small_hydroelectric
137,79,36.822,small_hydroelectric
145,79,0.0,small_hydroelectric
12,79,2533.9532400000003,solar_photovoltaic
25,79,1351.52822,solar_photovoltaic
33,79,102.8132,solar_photovoltaic
52,79,1767.34726,solar_photovoltaic
65,79,4403.9038467263,solar_photovoltaic
82,79,755.02539,solar_photovoltaic
96,79,34.528549999999996,solar_photovoltaic
107,79,4109.2230911199995,solar_photovoltaic
126,79,6413.869356391,solar_photovoltaic
138,79,1357.0449199999998,solar_photovoltaic
26,80,0.0,biomass
13,80,0.0,biomass
108,80,0.0,biomass
40,80,0.0,biomass
97,80,0.0,biomass
1,80,0.0,biomass
66,80,0.0,biomass
2,80,229.2881640000012,conventional_hydroelectric
14,80,33.02236080000016,conventional_hydroelectric
27,80,400.6090187999928,conventional_hydroelectric
35,80,679.351551999998,conventional_hydroelectric
54,80,517.6216980000056,conventional_hydroelectric
67,80,603.742581000002,conventional_hydroelectric
84,80,7809.440486399848,conventional_hydroelectric
109,80,9.673253366400392,conventional_hydroelectric
128,80,31.528860000000147,conventional_hydroelectric
139,80,42.17746559999998,conventional_hydroelectric
110,80,0.0,conventional_steam_coal
41,80,0.0,conventional_steam_coal
3,80,0.0,conventional_steam_coal
36,80,0.0,conventional_steam_coal
85,80,0.0,conventional_steam_coal
28,80,0.0,geothermal
116,80,0.0,natural_gas_fired_combined_cycle
73,80,0.0,natural_gas_fired_combined_cycle
71,80,0.0,natural_gas_fired_combined_cycle
44,80,0.0,natural_gas_fired_combined_cycle
115,80,0.0,natural_gas_fired_combined_cycle
70,80,0.0,natural_gas_fired_combined_cycle
131,80,0.0,natural_gas_fired_combined_cycle
18,80,0.0,natural_gas_fired_combined_cycle
72,80,0.0,natural_gas_fired_combined_cycle
114,80,0.0,natural_gas_fired_combined_cycle
45,80,0.0,natural_gas_fired_combined_cycle
78,80,0.0,natural_gas_fired_combustion_turbine
75,80,0.0,natural_gas_fired_combustion_turbine
119,80,0.0,natural_gas_fired_combustion_turbine
117,80,0.0,natural_gas_fired_combustion_turbine
134,80,0.0,natural_gas_fired_combustion_turbine
103,80,0.0,natural_gas_fired_combustion_turbine
47,80,0.0,natural_gas_fired_combustion_turbine
8,80,0.0,natural_gas_fired_combustion_turbine
90,80,0.0,natural_gas_fired_combustion_turbine
60,80,0.0,natural_gas_fired_combustion_turbine
46,80,0.0,natural_gas_fired_combustion_turbine
37,80,0.0,natural_gas_fired_combustion_turbine
7,80,0.0,natural_gas_fired_combustion_turbine
133,80,0.0,natural_gas_fired_combustion_turbine
74,80,0.0,natural_gas_fired_combustion_turbine
20,80,0.0,natural_gas_fired_combustion_turbine
135,80,0.0,natural_gas_fired_combustion_turbine
142,80,0.0,natural_gas_fired_combustion_turbine
121,80,0.0,natural_gas_fired_combustion_turbine
91,80,0.0,natural_gas_fired_combustion_turbine
22,80,0.0,natural_gas_steam_turbine
123,80,0.0,natural_gas_steam_turbine
62,80,0.0,natural_gas_steam_turbine
49,80,0.0,natural_gas_steam_turbine
48,80,0.0,natural_gas_steam_turbine
21,80,0.0,natural_gas_steam_turbine
79,80,0.0,nuclear
10,80,1070.03351,onshore_wind_turbine
23,80,1500.037,onshore_wind_turbine
31,80,1024.73483,onshore_wind_turbine
38,80,522.03795,onshore_wind_turbine
50,80,766.20726,onshore_wind_turbine
63,80,551.3225202296001,onshore_wind_turbine
80,80,1923.6923999999997,onshore_wind_turbine
94,80,20580.9688,onshore_wind_turbine
105,80,3009.676600119,onshore_wind_turbine
124,80,8113.337526186201,onshore_wind_turbine
136,80,2686.5974100000003,onshore_wind_turbine
144,80,4494.27762,onshore_wind_turbine
11,80,0.0,small_hydroelectric
24,80,0.0,small_hydroelectric
32,80,0.0,small_hydroelectric
39,80,0.0,small_hydroelectric
51,80,0.0,small_hydroelectric
64,80,0.0,small_hydroelectric
81,80,0.0,small_hydroelectric
95,80,0.0,small_hydroelectric
106,80,0.0,small_hydroelectric
125,80,0.0,small_hydroelectric
137,80,0.0,small_hydroelectric
145,80,0.0,small_hydroelectric
12,80,5045.30712,solar_photovoltaic
25,80,1888.8512999999996,solar_photovoltaic
33,80,234.32255,solar_photovoltaic
52,80,2439.8654,solar_photovoltaic
65,80,7995.944098315981,solar_photovoltaic
82,80,5177.874380000001,solar_photovoltaic
96,80,233.91256,solar_photovoltaic
107,80,9604.495182247,solar_photovoltaic
126,80,14420.938362935998,solar_photovoltaic
138,80,2185.79207,solar_photovoltaic
26,81,0.0,biomass
13,81,0.0,biomass
108,81,0.0,biomass
40,81,0.0,biomass
97,81,0.0,biomass
1,81,0.0,biomass
66,81,0.0,biomass
2,81,0.0,conventional_hydroelectric
14,81,0.0,conventional_hydroelectric
27,81,283.4883827999916,conventional_hydroelectric
35,81,472.04942399999754,conventional_hydroelectric
54,81,431.35141500000327,conventional_hydroelectric
67,81,0.0,conventional_hydroelectric
84,81,5398.043312399812,conventional_hydroelectric
109,81,0.0,conventional_hydroelectric
128,81,18.92946000000013,conventional_hydroelectric
139,81,22.847097599999945,conventional_hydroelectric
110,81,0.0,conventional_steam_coal
41,81,0.0,conventional_steam_coal
3,81,0.0,conventional_steam_coal
36,81,0.0,conventional_steam_coal
85,81,0.0,conventional_steam_coal
28,81,0.0,geothermal
116,81,0.0,natural_gas_fired_combined_cycle
73,81,0.0,natural_gas_fired_combined_cycle
71,81,0.0,natural_gas_fired_combined_cycle
44,81,0.0,natural_gas_fired_combined_cycle
115,81,0.0,natural_gas_fired_combined_cycle
70,81,0.0,natural_gas_fired_combined_cycle
131,81,0.0,natural_gas_fired_combined_cycle
18,81,0.0,natural_gas_fired_combined_cycle
72,81,0.0,natural_gas_fired_combined_cycle
114,81,0.0,natural_gas_fired_combined_cycle
45,81,0.0,natural_gas_fired_combined_cycle
78,81,0.0,natural_gas_fired_combustion_turbine
75,81,0.0,natural_gas_fired_combustion_turbine
119,81,0.0,natural_gas_fired_combustion_turbine
117,81,0.0,natural_gas_fired_combustion_turbine
134,81,0.0,natural_gas_fired_combustion_turbine
103,81,0.0,natural_gas_fired_combustion_turbine
47,81,0.0,natural_gas_fired_combustion_turbine
8,81,0.0,natural_gas_fired_combustion_turbine
90,81,0.0,natural_gas_fired_combustion_turbine
60,81,0.0,natural_gas_fired_combustion_turbine
46,81,0.0,natural_gas_fired_combustion_turbine
37,81,0.0,natural_gas_fired_combustion_turbine
7,81,0.0,natural_gas_fired_combustion_turbine
133,81,0.0,natural_gas_fired_combustion_turbine
74,81,0.0,natural_gas_fired_combustion_turbine
20,81,0.0,natural_gas_fired_combustion_turbine
135,81,0.0,natural_gas_fired_combustion_turbine
142,81,0.0,natural_gas_fired_combustion_turbine
121,81,0.0,natural_gas_fired_combustion_turbine
91,81,0.0,natural_gas_fired_combustion_turbine
22,81,0.0,natural_gas_steam_turbine
123,81,0.0,natural_gas_steam_turbine
62,81,0.0,natural_gas_steam_turbine
49,81,0.0,natural_gas_steam_turbine
48,81,0.0,natural_gas_steam_turbine
21,81,0.0,natural_gas_steam_turbine
79,81,0.0,nuclear
10,81,0.0,onshore_wind_turbine
23,81,0.0,onshore_wind_turbine
31,81,0.0,onshore_wind_turbine
38,81,667.45875,onshore_wind_turbine
50,81,750.6256799999999,onshore_wind_turbine
63,81,392.040879776,onshore_wind_turbine
80,81,2725.6955599999997,onshore_wind_turbine
94,81,27704.8674,onshore_wind_turbine
105,81,3057.232359909,onshore_wind_turbine
124,81,8219.392216035001,onshore_wind_turbine
136,81,2444.65074,onshore_wind_turbine
144,81,6096.905009999999,onshore_wind_turbine
11,81,0.0,small_hydroelectric
24,81,0.0,small_hydroelectric
32,81,0.0,small_hydroelectric
39,81,0.0,small_hydroelectric
51,81,0.0,small_hydroelectric
64,81,0.0,small_hydroelectric
81,81,0.0,small_hydroelectric
95,81,0.0,small_hydroelectric
106,81,0.0,small_hydroelectric
125,81,0.0,small_hydroelectric
137,81,0.0,small_hydroelectric
145,81,0.0,small_hydroelectric
12,81,6728.95944,solar_photovoltaic
25,81,1778.1621752225064,solar_photovoltaic
33,81,0.0,solar_photovoltaic
52,81,0.0,solar_photovoltaic
65,81,11046.5340876947,solar_photovoltaic
82,81,9610.47822,solar_photovoltaic
96,81,483.10583999999994,solar_photovoltaic
107,81,0.0,solar_photovoltaic
126,81,19675.109709563,solar_photovoltaic
138,81,0.0,solar_photovoltaic
26,82,0.0,biomass
13,82,0.0,biomass
108,82,0.0,biomass
40,82,0.0,biomass
97,82,0.0,biomass
1,82,0.0,biomass
66,82,0.0,biomass
2,82,0.0,conventional_hydroelectric
14,82,0.0,conventional_hydroelectric
27,82,166.36774679999195,conventional_hydroelectric
35,82,264.74729599999705,conventional_hydroelectric
54,82,345.08113200000093,conventional_hydroelectric
67,82,0.0,conventional_hydroelectric
84,82,2986.646138399783,conventional_hydroelectric
109,82,0.0,conventional_hydroelectric
128,82,6.330060000000114,conventional_hydroelectric
139,82,3.5167295999999175,conventional_hydroelectric
110,82,0.0,conventional_steam_coal
41,82,0.0,conventional_steam_coal
3,82,0.0,conventional_steam_coal
36,82,0.0,conventional_steam_coal
85,82,0.0,conventional_steam_coal
28,82,0.0,geothermal
116,82,0.0,natural_gas_fired_combined_cycle
73,82,0.0,natural_gas_fired_combined_cycle
71,82,0.0,natural_gas_fired_combined_cycle
44,82,0.0,natural_gas_fired_combined_cycle
115,82,0.0,natural_gas_fired_combined_cycle
70,82,0.0,natural_gas_fired_combined_cycle
131,82,0.0,natural_gas_fired_combined_cycle
18,82,0.0,natural_gas_fired_combined_cycle
72,82,0.0,natural_gas_fired_combined_cycle
114,82,0.0,natural_gas_fired_combined_cycle
45,82,0.0,natural_gas_fired_combined_cycle
78,82,0.0,natural_gas_fired_combustion_turbine
75,82,0.0,natural_gas_fired_combustion_turbine
119,82,0.0,natural_gas_fired_combustion_turbine
117,82,0.0,natural_gas_fired_combustion_turbine
134,82,0.0,natural_gas_fired_combustion_turbine
103,82,0.0,natural_gas_fired_combustion_turbine
47,82,0.0,natural_gas_fired_combustion_turbine
8,82,0.0,natural_gas_fired_combustion_turbine
90,82,0.0,natural_gas_fired_combustion_turbine
60,82,0.0,natural_gas_fired_combustion_turbine
46,82,0.0,natural_gas_fired_combustion_turbine
37,82,0.0,natural_gas_fired_combustion_turbine
7,82,0.0,natural_gas_fired_combustion_turbine
133,82,0.0,natural_gas_fired_combustion_turbine
74,82,0.0,natural_gas_fired_combustion_turbine
20,82,0.0,natural_gas_fired_combustion_turbine
135,82,0.0,natural_gas_fired_combustion_turbine
142,82,0.0,natural_gas_fired_combustion_turbine
121,82,0.0,natural_gas_fired_combustion_turbine
91,82,0.0,natural_gas_fired_combustion_turbine
22,82,0.0,natural_gas_steam_turbine
123,82,0.0,natural_gas_steam_turbine
62,82,0.0,natural_gas_steam_turbine
49,82,0.0,natural_gas_steam_turbine
48,82,0.0,natural_gas_steam_turbine
21,82,0.0,natural_gas_steam_turbine
79,82,0.0,nuclear
10,82,0.0,onshore_wind_turbine
23,82,0.0,onshore_wind_turbine
31,82,0.0,onshore_wind_turbine
38,82,0.0,onshore_wind_turbine
50,82,0.0,onshore_wind_turbine
63,82,0.0,onshore_wind_turbine
80,82,0.0,onshore_wind_turbine
94,82,31250.2666,onshore_wind_turbine
105,82,2871.747200574,onshore_wind_turbine
124,82,6722.003778585724,onshore_wind_turbine
136,82,3530.262750000001,onshore_wind_turbine
144,82,10487.368709999999,onshore_wind_turbine
11,82,0.0,small_hydroelectric
24,82,0.0,small_hydroelectric
32,82,0.0,small_hydroelectric
39,82,0.0,small_hydroelectric
51,82,0.0,small_hydroelectric
64,82,0.0,small_hydroelectric
81,82,0.0,small_hydroelectric
95,82,0.0,small_hydroelectric
106,82,0.0,small_hydroelectric
125,82,0.0,small_hydroelectric
137,82,0.0,small_hydroelectric
145,82,0.0,small_hydroelectric
12,82,8802.45072,solar_photovoltaic
25,82,0.0,solar_photovoltaic
33,82,0.0,solar_photovoltaic
52,82,3592.7536400000004,solar_photovoltaic
65,82,0.0,solar_photovoltaic
82,82,0.0,solar_photovoltaic
96,82,646.492,solar_photovoltaic
107,82,15138.741790872,solar_photovoltaic
126,82,22279.275057168503,solar_photovoltaic
138,82,0.0,solar_photovoltaic
26,83,0.0,biomass
13,83,0.0,biomass
108,83,0.0,biomass
40,83,0.0,biomass
97,83,0.0,biomass
1,83,0.0,biomass
66,83,0.0,biomass
2,83,0.0,conventional_hydroelectric
14,83,0.0,conventional_hydroelectric
27,83,49.24711079998963,conventional_hydroelectric
35,83,57.445167999996556,conventional_hydroelectric
54,83,258.810848999999,conventional_hydroelectric
67,83,0.0,conventional_hydroelectric
84,83,575.2489643998151,conventional_hydroelectric
109,83,0.0,conventional_hydroelectric
128,83,0.0,conventional_hydroelectric
139,83,0.0,conventional_hydroelectric
110,83,0.0,conventional_steam_coal
41,83,0.0,conventional_steam_coal
3,83,0.0,conventional_steam_coal
36,83,0.0,conventional_steam_coal
85,83,0.0,conventional_steam_coal
28,83,0.0,geothermal
116,83,0.0,natural_gas_fired_combined_cycle
73,83,0.0,natural_gas_fired_combined_cycle
71,83,0.0,natural_gas_fired_combined_cycle
44,83,0.0,natural_gas_fired_combined_cycle
115,83,0.0,natural_gas_fired_combined_cycle
70,83,0.0,natural_gas_fired_combined_cycle
131,83,0.0,natural_gas_fired_combined_cycle
18,83,0.0,natural_gas_fired_combined_cycle
72,83,0.0,natural_gas_fired_combined_cycle
114,83,0.0,natural_gas_fired_combined_cycle
45,83,0.0,natural_gas_fired_combined_cycle
78,83,0.0,natural_gas_fired_combustion_turbine
75,83,0.0,natural_gas_fired_combustion_turbine
119,83,0.0,natural_gas_fired_combustion_turbine
117,83,0.0,natural_gas_fired_combustion_turbine
134,83,0.0,natural_gas_fired_combustion_turbine
103,83,0.0,natural_gas_fired_combustion_turbine
47,83,0.0,natural_gas_fired_combustion_turbine
8,83,0.0,natural_gas_fired_combustion_turbine
90,83,0.0,natural_gas_fired_combustion_turbine
60,83,0.0,natural_gas_fired_combustion_turbine
46,83,0.0,natural_gas_fired_combustion_turbine
37,83,0.0,natural_gas_fired_combustion_turbine
7,83,0.0,natural_gas_fired_combustion_turbine
133,83,0.0,natural_gas_fired_combustion_turbine
74,83,0.0,natural_gas_fired_combustion_turbine
20,83,0.0,natural_gas_fired_combustion_turbine
135,83,0.0,natural_gas_fired_combustion_turbine
142,83,0.0,natural_gas_fired_combustion_turbine
121,83,0.0,natural_gas_fired_combustion_turbine
91,83,0.0,natural_gas_fired_combustion_turbine
22,83,0.0,natural_gas_steam_turbine
123,83,0.0,natural_gas_steam_turbine
62,83,0.0,natural_gas_steam_turbine
49,83,0.0,natural_gas_steam_turbine
48,83,0.0,natural_gas_steam_turbine
21,83,0.0,natural_gas_steam_turbine
79,83,0.0,nuclear
10,83,963.9487200000001,onshore_wind_turbine
23,83,9712.0408,onshore_wind_turbine
31,83,6615.061110000001,onshore_wind_turbine
38,83,0.0,onshore_wind_turbine
50,83,2277.62052,onshore_wind_turbine
63,83,0.0,onshore_wind_turbine
80,83,0.0,onshore_wind_turbine
94,83,0.0,onshore_wind_turbine
105,83,2971.230640539,onshore_wind_turbine
124,83,0.0,onshore_wind_turbine
136,83,5077.28235,onshore_wind_turbine
144,83,10948.042979999998,onshore_wind_turbine
11,83,0.0,small_hydroelectric
24,83,0.0,small_hydroelectric
32,83,0.0,small_hydroelectric
39,83,0.0,small_hydroelectric
51,83,0.0,small_hydroelectric
64,83,0.0,small_hydroelectric
81,83,0.0,small_hydroelectric
95,83,0.0,small_hydroelectric
106,83,0.0,small_hydroelectric
125,83,0.0,small_hydroelectric
137,83,0.0,small_hydroelectric
145,83,0.0,small_hydroelectric
12,83,9559.529279999999,solar_photovoltaic
25,83,0.0,solar_photovoltaic
33,83,662.3000999999999,solar_photovoltaic
52,83,3895.49048,solar_photovoltaic
65,83,15004.390321805498,solar_photovoltaic
82,83,0.0,solar_photovoltaic
96,83,0.0,solar_photovoltaic
107,83,16133.27665991171,solar_photovoltaic
126,83,25266.942405544003,solar_photovoltaic
138,83,0.0,solar_photovoltaic
26,84,0.0,biomass
13,84,0.0,biomass
108,84,0.0,biomass
40,84,0.0,biomass
97,84,0.0,biomass
1,84,0.0,biomass
66,84,0.0,biomass
2,84,0.0,conventional_hydroelectric
14,84,0.0,conventional_hydroelectric
27,84,0.0,conventional_hydroelectric
35,84,0.0,conventional_hydroelectric
54,84,172.5405659999994,conventional_hydroelectric
67,84,0.0,conventional_hydroelectric
84,84,0.0,conventional_hydroelectric
109,84,0.0,conventional_hydroelectric
128,84,0.0,conventional_hydroelectric
139,84,0.0,conventional_hydroelectric
110,84,0.0,conventional_steam_coal
41,84,0.0,conventional_steam_coal
3,84,0.0,conventional_steam_coal
36,84,0.0,conventional_steam_coal
85,84,0.0,conventional_steam_coal
28,84,0.0,geothermal
116,84,0.0,natural_gas_fired_combined_cycle
73,84,0.0,natural_gas_fired_combined_cycle
71,84,0.0,natural_gas_fired_combined_cycle
44,84,0.0,natural_gas_fired_combined_cycle
115,84,0.0,natural_gas_fired_combined_cycle
70,84,0.0,natural_gas_fired_combined_cycle
131,84,0.0,natural_gas_fired_combined_cycle
18,84,0.0,natural_gas_fired_combined_cycle
72,84,0.0,natural_gas_fired_combined_cycle
114,84,0.0,natural_gas_fired_combined_cycle
45,84,0.0,natural_gas_fired_combined_cycle
78,84,0.0,natural_gas_fired_combustion_turbine
75,84,0.0,natural_gas_fired_combustion_turbine
119,84,0.0,natural_gas_fired_combustion_turbine
117,84,0.0,natural_gas_fired_combustion_turbine
134,84,0.0,natural_gas_fired_combustion_turbine
103,84,0.0,natural_gas_fired_combustion_turbine
47,84,0.0,natural_gas_fired_combustion_turbine
8,84,0.0,natural_gas_fired_combustion_turbine
90,84,0.0,natural_gas_fired_combustion_turbine
60,84,0.0,natural_gas_fired_combustion_turbine
46,84,0.0,natural_gas_fired_combustion_turbine
37,84,0.0,natural_gas_fired_combustion_turbine
7,84,0.0,natural_gas_fired_combustion_turbine
133,84,0.0,natural_gas_fired_combustion_turbine
74,84,0.0,natural_gas_fired_combustion_turbine
20,84,0.0,natural_gas_fired_combustion_turbine
135,84,0.0,natural_gas_fired_combustion_turbine
142,84,0.0,natural_gas_fired_combustion_turbine
121,84,0.0,natural_gas_fired_combustion_turbine
91,84,0.0,natural_gas_fired_combustion_turbine
22,84,0.0,natural_gas_steam_turbine
123,84,0.0,natural_gas_steam_turbine
62,84,0.0,natural_gas_steam_turbine
49,84,0.0,natural_gas_steam_turbine
48,84,0.0,natural_gas_steam_turbine
21,84,0.0,natural_gas_steam_turbine
79,84,0.0,nuclear
10,84,0.0,onshore_wind_turbine
23,84,0.0,onshore_wind_turbine
31,84,0.0,onshore_wind_turbine
38,84,2008.6248,onshore_wind_turbine
50,84,0.0,onshore_wind_turbine
63,84,0.0,onshore_wind_turbine
80,84,0.0,onshore_wind_turbine
94,84,23394.4858,onshore_wind_turbine
105,84,0.0,onshore_wind_turbine
124,84,0.0,onshore_wind_turbine
136,84,4320.861720000001,onshore_wind_turbine
144,84,0.0,onshore_wind_turbine
11,84,0.0,small_hydroelectric
24,84,0.0,small_hydroelectric
32,84,0.0,small_hydroelectric
39,84,0.0,small_hydroelectric
51,84,0.0,small_hydroelectric
64,84,0.0,small_hydroelectric
81,84,0.0,small_hydroelectric
95,84,0.0,small_hydroelectric
106,84,0.0,small_hydroelectric
125,84,0.0,small_hydroelectric
137,84,0.0,small_hydroelectric
145,84,0.0,small_hydroelectric
12,84,0.0,solar_photovoltaic
25,84,0.0,solar_photovoltaic
33,84,0.0,solar_photovoltaic
52,84,0.0,solar_photovoltaic
65,84,0.0,solar_photovoltaic
82,84,11674.604480000002,solar_photovoltaic
96,84,84.40800262899711,solar_photovoltaic
107,84,0.0,solar_photovoltaic
126,84,25898.507551371004,solar_photovoltaic
138,84,2602.2203899999995,solar_photovoltaic
26,85,0.0,biomass
13,85,0.0,biomass
108,85,0.0,biomass
40,85,0.0,biomass
97,85,0.0,biomass
1,85,0.0,biomass
66,85,0.0,biomass
2,85,0.0,conventional_hydroelectric
14,85,0.0,conventional_hydroelectric
27,85,0.0,conventional_hydroelectric
35,85,0.0,conventional_hydroelectric
54,85,86.27028299999978,conventional_hydroelectric
67,85,0.0,conventional_hydroelectric
84,85,0.0,conventional_hydroelectric
109,85,0.0,conventional_hydroelectric
128,85,0.0,conventional_hydroelectric
139,85,0.0,conventional_hydroelectric
110,85,0.0,conventional_steam_coal
41,85,0.0,conventional_steam_coal
3,85,0.0,conventional_steam_coal
36,85,0.0,conventional_steam_coal
85,85,0.0,conventional_steam_coal
28,85,0.0,geothermal
116,85,0.0,natural_gas_fired_combined_cycle
73,85,0.0,natural_gas_fired_combined_cycle
71,85,0.0,natural_gas_fired_combined_cycle
44,85,0.0,natural_gas_fired_combined_cycle
115,85,0.0,natural_gas_fired_combined_cycle
70,85,0.0,natural_gas_fired_combined_cycle
131,85,0.0,natural_gas_fired_combined_cycle
18,85,0.0,natural_gas_fired_combined_cycle
72,85,0.0,natural_gas_fired_combined_cycle
114,85,0.0,natural_gas_fired_combined_cycle
45,85,0.0,natural_gas_fired_combined_cycle
78,85,0.0,natural_gas_fired_combustion_turbine
75,85,0.0,natural_gas_fired_combustion_turbine
119,85,0.0,natural_gas_fired_combustion_turbine
117,85,0.0,natural_gas_fired_combustion_turbine
134,85,0.0,natural_gas_fired_combustion_turbine
103,85,0.0,natural_gas_fired_combustion_turbine
47,85,0.0,natural_gas_fired_combustion_turbine
8,85,0.0,natural_gas_fired_combustion_turbine
90,85,0.0,natural_gas_fired_combustion_turbine
60,85,0.0,natural_gas_fired_combustion_turbine
46,85,0.0,natural_gas_fired_combustion_turbine
37,85,0.0,natural_gas_fired_combustion_turbine
7,85,0.0,natural_gas_fired_combustion_turbine
133,85,0.0,natural_gas_fired_combustion_turbine
74,85,0.0,natural_gas_fired_combustion_turbine
20,85,0.0,natural_gas_fired_combustion_turbine
135,85,0.0,natural_gas_fired_combustion_turbine
142,85,0.0,natural_gas_fired_combustion_turbine
121,85,0.0,natural_gas_fired_combustion_turbine
91,85,0.0,natural_gas_fired_combustion_turbine
22,85,0.0,natural_gas_steam_turbine
123,85,0.0,natural_gas_steam_turbine
62,85,0.0,natural_gas_steam_turbine
49,85,0.0,natural_gas_steam_turbine
48,85,0.0,natural_gas_steam_turbine
21,85,0.0,natural_gas_steam_turbine
79,85,0.0,nuclear
10,85,4.3655745685100555e-11,onshore_wind_turbine
23,85,0.0,onshore_wind_turbine
31,85,6563.592574048958,onshore_wind_turbine
38,85,0.0,onshore_wind_turbine
50,85,0.0,onshore_wind_turbine
63,85,0.0,onshore_wind_turbine
80,85,0.0,onshore_wind_turbine
94,85,27565.111,onshore_wind_turbine
105,85,0.0,onshore_wind_turbine
124,85,0.0,onshore_wind_turbine
136,85,0.0,onshore_wind_turbine
144,85,0.0,onshore_wind_turbine
11,85,0.0,small_hydroelectric
24,85,0.0,small_hydroelectric
32,85,0.0,small_hydroelectric
39,85,0.0,small_hydroelectric
51,85,0.0,small_hydroelectric
64,85,0.0,small_hydroelectric
81,85,0.0,small_hydroelectric
95,85,0.0,small_hydroelectric
106,85,0.0,small_hydroelectric
125,85,0.0,small_hydroelectric
137,85,0.0,small_hydroelectric
145,85,0.0,small_hydroelectric
12,85,0.0,solar_photovoltaic
25,85,0.0,solar_photovoltaic
33,85,0.0,solar_photovoltaic
52,85,0.0,solar_photovoltaic
65,85,0.0,solar_photovoltaic
82,85,11965.299009999999,solar_photovoltaic
96,85,0.0,solar_photovoltaic
107,85,0.0,solar_photovoltaic
126,85,23652.652162951003,solar_photovoltaic
138,85,0.0,solar_photovoltaic
26,86,0.0,biomass
13,86,0.0,biomass
108,86,0.0,biomass
40,86,0.0,biomass
97,86,0.0,biomass
1,86,0.0,biomass
66,86,0.0,biomass
2,86,0.0,conventional_hydroelectric
14,86,0.0,conventional_hydroelectric
27,86,0.0,conventional_hydroelectric
35,86,0.0,conventional_hydroelectric
54,86,0.0,conventional_hydroelectric
67,86,0.0,conventional_hydroelectric
84,86,0.0,conventional_hydroelectric
109,86,0.0,conventional_hydroelectric
128,86,0.0,conventional_hydroelectric
139,86,0.0,conventional_hydroelectric
110,86,0.0,conventional_steam_coal
41,86,0.0,conventional_steam_coal
3,86,0.0,conventional_steam_coal
36,86,0.0,conventional_steam_coal
85,86,0.0,conventional_steam_coal
28,86,0.0,geothermal
116,86,0.0,natural_gas_fired_combined_cycle
73,86,0.0,natural_gas_fired_combined_cycle
71,86,0.0,natural_gas_fired_combined_cycle
44,86,0.0,natural_gas_fired_combined_cycle
115,86,0.0,natural_gas_fired_combined_cycle
70,86,0.0,natural_gas_fired_combined_cycle
131,86,0.0,natural_gas_fired_combined_cycle
18,86,0.0,natural_gas_fired_combined_cycle
72,86,0.0,natural_gas_fired_combined_cycle
114,86,0.0,natural_gas_fired_combined_cycle
45,86,0.0,natural_gas_fired_combined_cycle
78,86,0.0,natural_gas_fired_combustion_turbine
75,86,0.0,natural_gas_fired_combustion_turbine
119,86,0.0,natural_gas_fired_combustion_turbine
117,86,0.0,natural_gas_fired_combustion_turbine
134,86,0.0,natural_gas_fired_combustion_turbine
103,86,0.0,natural_gas_fired_combustion_turbine
47,86,0.0,natural_gas_fired_combustion_turbine
8,86,0.0,natural_gas_fired_combustion_turbine
90,86,0.0,natural_gas_fired_combustion_turbine
60,86,0.0,natural_gas_fired_combustion_turbine
46,86,0.0,natural_gas_fired_combustion_turbine
37,86,0.0,natural_gas_fired_combustion_turbine
7,86,0.0,natural_gas_fired_combustion_turbine
133,86,0.0,natural_gas_fired_combustion_turbine
74,86,0.0,natural_gas_fired_combustion_turbine
20,86,0.0,natural_gas_fired_combustion_turbine
135,86,0.0,natural_gas_fired_combustion_turbine
142,86,0.0,natural_gas_fired_combustion_turbine
121,86,0.0,natural_gas_fired_combustion_turbine
91,86,0.0,natural_gas_fired_combustion_turbine
22,86,0.0,natural_gas_steam_turbine
123,86,0.0,natural_gas_steam_turbine
62,86,0.0,natural_gas_steam_turbine
49,86,0.0,natural_gas_steam_turbine
48,86,0.0,natural_gas_steam_turbine
21,86,0.0,natural_gas_steam_turbine
79,86,0.0,nuclear
10,86,0.0,onshore_wind_turbine
23,86,0.0,onshore_wind_turbine
31,86,7573.300980000001,onshore_wind_turbine
38,86,0.0,onshore_wind_turbine
50,86,0.0,onshore_wind_turbine
63,86,0.0,onshore_wind_turbine
80,86,0.0,onshore_wind_turbine
94,86,0.0,onshore_wind_turbine
105,86,2474.377219083,onshore_wind_turbine
124,86,22155.753905916405,onshore_wind_turbine
136,86,0.0,onshore_wind_turbine
144,86,12756.135419999999,onshore_wind_turbine
11,86,0.0,small_hydroelectric
24,86,0.0,small_hydroelectric
32,86,0.0,small_hydroelectric
39,86,0.0,small_hydroelectric
51,86,0.0,small_hydroelectric
64,86,0.0,small_hydroelectric
81,86,0.0,small_hydroelectric
95,86,0.0,small_hydroelectric
106,86,0.0,small_hydroelectric
125,86,0.0,small_hydroelectric
137,86,0.0,small_hydroelectric
145,86,0.0,small_hydroelectric
12,86,10380.16854,solar_photovoltaic
25,86,2322.2969,solar_photovoltaic
33,86,0.0,solar_photovoltaic
52,86,3177.0696369496895,solar_photovoltaic
65,86,14952.825372360401,solar_photovoltaic
82,86,12851.03939,solar_photovoltaic
96,86,0.0,solar_photovoltaic
107,86,0.0,solar_photovoltaic
126,86,21325.594305690498,solar_photovoltaic
138,86,0.0,solar_photovoltaic
26,87,0.0,biomass
13,87,0.0,biomass
108,87,0.0,biomass
40,87,0.0,biomass
97,87,0.0,biomass
1,87,0.0,biomass
66,87,0.0,biomass
2,87,0.0,conventional_hydroelectric
14,87,0.0,conventional_hydroelectric
27,87,0.0,conventional_hydroelectric
35,87,0.0,conventional_hydroelectric
54,87,0.0,conventional_hydroelectric
67,87,0.0,conventional_hydroelectric
84,87,0.0,conventional_hydroelectric
109,87,0.0,conventional_hydroelectric
128,87,0.0,conventional_hydroelectric
139,87,0.0,conventional_hydroelectric
110,87,0.0,conventional_steam_coal
41,87,0.0,conventional_steam_coal
3,87,0.0,conventional_steam_coal
36,87,0.0,conventional_steam_coal
85,87,0.0,conventional_steam_coal
28,87,0.0,geothermal
116,87,0.0,natural_gas_fired_combined_cycle
73,87,0.0,natural_gas_fired_combined_cycle
71,87,0.0,natural_gas_fired_combined_cycle
44,87,0.0,natural_gas_fired_combined_cycle
115,87,0.0,natural_gas_fired_combined_cycle
70,87,0.0,natural_gas_fired_combined_cycle
131,87,0.0,natural_gas_fired_combined_cycle
18,87,0.0,natural_gas_fired_combined_cycle
72,87,0.0,natural_gas_fired_combined_cycle
114,87,0.0,natural_gas_fired_combined_cycle
45,87,0.0,natural_gas_fired_combined_cycle
78,87,0.0,natural_gas_fired_combustion_turbine
75,87,0.0,natural_gas_fired_combustion_turbine
119,87,0.0,natural_gas_fired_combustion_turbine
117,87,0.0,natural_gas_fired_combustion_turbine
134,87,0.0,natural_gas_fired_combustion_turbine
103,87,0.0,natural_gas_fired_combustion_turbine
47,87,0.0,natural_gas_fired_combustion_turbine
8,87,0.0,natural_gas_fired_combustion_turbine
90,87,0.0,natural_gas_fired_combustion_turbine
60,87,0.0,natural_gas_fired_combustion_turbine
46,87,0.0,natural_gas_fired_combustion_turbine
37,87,0.0,natural_gas_fired_combustion_turbine
7,87,0.0,natural_gas_fired_combustion_turbine
133,87,0.0,natural_gas_fired_combustion_turbine
74,87,0.0,natural_gas_fired_combustion_turbine
20,87,0.0,natural_gas_fired_combustion_turbine
135,87,0.0,natural_gas_fired_combustion_turbine
142,87,0.0,natural_gas_fired_combustion_turbine
121,87,0.0,natural_gas_fired_combustion_turbine
91,87,0.0,natural_gas_fired_combustion_turbine
22,87,0.0,natural_gas_steam_turbine
123,87,0.0,natural_gas_steam_turbine
62,87,0.0,natural_gas_steam_turbine
49,87,0.0,natural_gas_steam_turbine
48,87,0.0,natural_gas_steam_turbine
21,87,0.0,natural_gas_steam_turbine
79,87,0.0,nuclear
10,87,1401.6160200000002,onshore_wind_turbine
23,87,0.0,onshore_wind_turbine
31,87,6992.65749,onshore_wind_turbine
38,87,0.0,onshore_wind_turbine
50,87,0.0,onshore_wind_turbine
63,87,0.0,onshore_wind_turbine
80,87,0.0,onshore_wind_turbine
94,87,31846.0702,onshore_wind_turbine
105,87,0.0,onshore_wind_turbine
124,87,0.0,onshore_wind_turbine
136,87,3154.4748382248035,onshore_wind_turbine
144,87,11947.25196,onshore_wind_turbine
11,87,0.0,small_hydroelectric
24,87,0.0,small_hydroelectric
32,87,0.0,small_hydroelectric
39,87,0.0,small_hydroelectric
51,87,0.0,small_hydroelectric
64,87,0.0,small_hydroelectric
81,87,0.0,small_hydroelectric
95,87,0.0,small_hydroelectric
106,87,0.0,small_hydroelectric
125,87,0.0,small_hydroelectric
137,87,0.0,small_hydroelectric
145,87,0.0,small_hydroelectric
12,87,9919.70658,solar_photovoltaic
25,87,0.0,solar_photovoltaic
33,87,0.0,solar_photovoltaic
52,87,0.0,solar_photovoltaic
65,87,13025.2098981907,solar_photovoltaic
82,87,12386.708530000002,solar_photovoltaic
96,87,0.0,solar_photovoltaic
107,87,15814.6823035845,solar_photovoltaic
126,87,0.0,solar_photovoltaic
138,87,2585.32582,solar_photovoltaic
26,88,0.0,biomass
13,88,0.0,biomass
108,88,0.0,biomass
40,88,0.0,biomass
97,88,0.0,biomass
1,88,0.0,biomass
66,88,0.0,biomass
2,88,0.0,conventional_hydroelectric
14,88,0.0,conventional_hydroelectric
27,88,0.0,conventional_hydroelectric
35,88,0.0,conventional_hydroelectric
54,88,0.0,conventional_hydroelectric
67,88,0.0,conventional_hydroelectric
84,88,0.0,conventional_hydroelectric
109,88,0.0,conventional_hydroelectric
128,88,0.0,conventional_hydroelectric
139,88,0.0,conventional_hydroelectric
110,88,0.0,conventional_steam_coal
41,88,0.0,conventional_steam_coal
3,88,0.0,conventional_steam_coal
36,88,0.0,conventional_steam_coal
85,88,0.0,conventional_steam_coal
28,88,0.0,geothermal
116,88,0.0,natural_gas_fired_combined_cycle
73,88,0.0,natural_gas_fired_combined_cycle
71,88,0.0,natural_gas_fired_combined_cycle
44,88,0.0,natural_gas_fired_combined_cycle
115,88,0.0,natural_gas_fired_combined_cycle
70,88,0.0,natural_gas_fired_combined_cycle
131,88,0.0,natural_gas_fired_combined_cycle
18,88,0.0,natural_gas_fired_combined_cycle
72,88,0.0,natural_gas_fired_combined_cycle
114,88,0.0,natural_gas_fired_combined_cycle
45,88,0.0,natural_gas_fired_combined_cycle
78,88,0.0,natural_gas_fired_combustion_turbine
75,88,0.0,natural_gas_fired_combustion_turbine
119,88,0.0,natural_gas_fired_combustion_turbine
117,88,0.0,natural_gas_fired_combustion_turbine
134,88,0.0,natural_gas_fired_combustion_turbine
103,88,0.0,natural_gas_fired_combustion_turbine
47,88,0.0,natural_gas_fired_combustion_turbine
8,88,0.0,natural_gas_fired_combustion_turbine
90,88,0.0,natural_gas_fired_combustion_turbine
60,88,0.0,natural_gas_fired_combustion_turbine
46,88,0.0,natural_gas_fired_combustion_turbine
37,88,0.0,natural_gas_fired_combustion_turbine
7,88,0.0,natural_gas_fired_combustion_turbine
133,88,0.0,natural_gas_fired_combustion_turbine
74,88,0.0,natural_gas_fired_combustion_turbine
20,88,0.0,natural_gas_fired_combustion_turbine
135,88,0.0,natural_gas_fired_combustion_turbine
142,88,0.0,natural_gas_fired_combustion_turbine
121,88,0.0,natural_gas_fired_combustion_turbine
91,88,0.0,natural_gas_fired_combustion_turbine
22,88,0.0,natural_gas_steam_turbine
123,88,0.0,natural_gas_steam_turbine
62,88,0.0,natural_gas_steam_turbine
49,88,0.0,natural_gas_steam_turbine
48,88,0.0,natural_gas_steam_turbine
21,88,0.0,natural_gas_steam_turbine
79,88,0.0,nuclear
10,88,0.0,onshore_wind_turbine
23,88,0.0,onshore_wind_turbine
31,88,0.0,onshore_wind_turbine
38,88,0.0,onshore_wind_turbine
50,88,0.0,onshore_wind_turbine
63,88,0.0,onshore_wind_turbine
80,88,0.0,onshore_wind_turbine
94,88,33129.6224,onshore_wind_turbine
105,88,0.0,onshore_wind_turbine
124,88,0.0,onshore_wind_turbine
136,88,0.0,onshore_wind_turbine
144,88,0.0,onshore_wind_turbine
11,88,0.0,small_hydroelectric
24,88,0.0,small_hydroelectric
32,88,0.0,small_hydroelectric
39,88,0.0,small_hydroelectric
51,88,0.0,small_hydroelectric
64,88,0.0,small_hydroelectric
81,88,0.0,small_hydroelectric
95,88,0.0,small_hydroelectric
106,88,0.0,small_hydroelectric
125,88,0.0,small_hydroelectric
137,88,0.0,small_hydroelectric
145,88,0.0,small_hydroelectric
12,88,0.0,solar_photovoltaic
25,88,0.0,solar_photovoltaic
33,88,0.0,solar_photovoltaic
52,88,0.0,solar_photovoltaic
65,88,0.0,solar_photovoltaic
82,88,0.0,solar_photovoltaic
96,88,0.0,solar_photovoltaic
107,88,14494.260684057,solar_photovoltaic
126,88,20774.4765879035,solar_photovoltaic
138,88,835.3201348263792,solar_photovoltaic
26,89,0.0,biomass
13,89,0.0,biomass
108,89,0.0,biomass
40,89,0.0,biomass
97,89,0.0,biomass
1,89,0.0,biomass
66,89,0.0,biomass
2,89,0.0,conventional_hydroelectric
14,89,0.0,conventional_hydroelectric
27,89,0.0,conventional_hydroelectric
35,89,0.0,conventional_hydroelectric
54,89,0.0,conventional_hydroelectric
67,89,0.0,conventional_hydroelectric
84,89,0.0,conventional_hydroelectric
109,89,0.0,conventional_hydroelectric
128,89,0.0,conventional_hydroelectric
139,89,0.0,conventional_hydroelectric
110,89,0.0,conventional_steam_coal
41,89,0.0,conventional_steam_coal
3,89,0.0,conventional_steam_coal
36,89,0.0,conventional_steam_coal
85,89,0.0,conventional_steam_coal
28,89,0.0,geothermal
116,89,0.0,natural_gas_fired_combined_cycle
73,89,0.0,natural_gas_fired_combined_cycle
71,89,0.0,natural_gas_fired_combined_cycle
44,89,0.0,natural_gas_fired_combined_cycle
115,89,0.0,natural_gas_fired_combined_cycle
70,89,0.0,natural_gas_fired_combined_cycle
131,89,0.0,natural_gas_fired_combined_cycle
18,89,0.0,natural_gas_fired_combined_cycle
72,89,0.0,natural_gas_fired_combined_cycle
114,89,0.0,natural_gas_fired_combined_cycle
45,89,0.0,natural_gas_fired_combined_cycle
78,89,0.0,natural_gas_fired_combustion_turbine
75,89,0.0,natural_gas_fired_combustion_turbine
119,89,0.0,natural_gas_fired_combustion_turbine
117,89,0.0,natural_gas_fired_combustion_turbine
134,89,0.0,natural_gas_fired_combustion_turbine
103,89,0.0,natural_gas_fired_combustion_turbine
47,89,0.0,natural_gas_fired_combustion_turbine
8,89,0.0,natural_gas_fired_combustion_turbine
90,89,0.0,natural_gas_fired_combustion_turbine
60,89,0.0,natural_gas_fired_combustion_turbine
46,89,0.0,natural_gas_fired_combustion_turbine
37,89,0.0,natural_gas_fired_combustion_turbine
7,89,0.0,natural_gas_fired_combustion_turbine
133,89,0.0,natural_gas_fired_combustion_turbine
74,89,0.0,natural_gas_fired_combustion_turbine
20,89,0.0,natural_gas_fired_combustion_turbine
135,89,0.0,natural_gas_fired_combustion_turbine
142,89,0.0,natural_gas_fired_combustion_turbine
121,89,0.0,natural_gas_fired_combustion_turbine
91,89,0.0,natural_gas_fired_combustion_turbine
22,89,0.0,natural_gas_steam_turbine
123,89,0.0,natural_gas_steam_turbine
62,89,0.0,natural_gas_steam_turbine
49,89,0.0,natural_gas_steam_turbine
48,89,0.0,natural_gas_steam_turbine
21,89,0.0,natural_gas_steam_turbine
79,89,0.0,nuclear
10,89,0.0,onshore_wind_turbine
23,89,0.0,onshore_wind_turbine
31,89,6888.16541,onshore_wind_turbine
38,89,986.70285,onshore_wind_turbine
50,89,5135.824259999999,onshore_wind_turbine
63,89,0.0,onshore_wind_turbine
80,89,0.0,onshore_wind_turbine
94,89,0.0,onshore_wind_turbine
105,89,2542.468740105,onshore_wind_turbine
124,89,0.0,onshore_wind_turbine
136,89,0.0,onshore_wind_turbine
144,89,12232.74024,onshore_wind_turbine
11,89,0.0,small_hydroelectric
24,89,0.0,small_hydroelectric
32,89,0.0,small_hydroelectric
39,89,0.0,small_hydroelectric
51,89,0.0,small_hydroelectric
64,89,0.0,small_hydroelectric
81,89,0.0,small_hydroelectric
95,89,0.0,small_hydroelectric
106,89,0.0,small_hydroelectric
125,89,0.0,small_hydroelectric
137,89,0.0,small_hydroelectric
145,89,0.0,small_hydroelectric
12,89,7041.1131000000005,solar_photovoltaic
25,89,0.0,solar_photovoltaic
33,89,0.0,solar_photovoltaic
52,89,0.0,solar_photovoltaic
65,89,10257.1585101972,solar_photovoltaic
82,89,10853.24611,solar_photovoltaic
96,89,0.0,solar_photovoltaic
107,89,11937.4812937765,solar_photovoltaic
126,89,0.0,solar_photovoltaic
138,89,355.09123592129254,solar_photovoltaic
26,90,0.0,biomass
13,90,0.0,biomass
108,90,0.0,biomass
40,90,0.0,biomass
97,90,0.0,biomass
1,90,0.0,biomass
66,90,0.0,biomass
2,90,0.0,conventional_hydroelectric
14,90,0.0,conventional_hydroelectric
27,90,0.0,conventional_hydroelectric
35,90,0.0,conventional_hydroelectric
54,90,0.0,conventional_hydroelectric
67,90,0.0,conventional_hydroelectric
84,90,0.0,conventional_hydroelectric
109,90,0.0,conventional_hydroelectric
128,90,0.0,conventional_hydroelectric
139,90,0.0,conventional_hydroelectric
110,90,0.0,conventional_steam_coal
41,90,0.0,conventional_steam_coal
3,90,0.0,conventional_steam_coal
36,90,0.0,conventional_steam_coal
85,90,0.0,conventional_steam_coal
28,90,0.0,geothermal
116,90,0.0,natural_gas_fired_combined_cycle
73,90,0.0,natural_gas_fired_combined_cycle
71,90,0.0,natural_gas_fired_combined_cycle
44,90,0.0,natural_gas_fired_combined_cycle
115,90,0.0,natural_gas_fired_combined_cycle
70,90,0.0,natural_gas_fired_combined_cycle
131,90,0.0,natural_gas_fired_combined_cycle
18,90,0.0,natural_gas_fired_combined_cycle
72,90,0.0,natural_gas_fired_combined_cycle
114,90,0.0,natural_gas_fired_combined_cycle
45,90,0.0,natural_gas_fired_combined_cycle
78,90,0.0,natural_gas_fired_combustion_turbine
75,90,0.0,natural_gas_fired_combustion_turbine
119,90,0.0,natural_gas_fired_combustion_turbine
117,90,0.0,natural_gas_fired_combustion_turbine
134,90,0.0,natural_gas_fired_combustion_turbine
103,90,0.0,natural_gas_fired_combustion_turbine
47,90,0.0,natural_gas_fired_combustion_turbine
8,90,0.0,natural_gas_fired_combustion_turbine
90,90,0.0,natural_gas_fired_combustion_turbine
60,90,0.0,natural_gas_fired_combustion_turbine
46,90,0.0,natural_gas_fired_combustion_turbine
37,90,0.0,natural_gas_fired_combustion_turbine
7,90,0.0,natural_gas_fired_combustion_turbine
133,90,0.0,natural_gas_fired_combustion_turbine
74,90,0.0,natural_gas_fired_combustion_turbine
20,90,0.0,natural_gas_fired_combustion_turbine
135,90,0.0,natural_gas_fired_combustion_turbine
142,90,0.0,natural_gas_fired_combustion_turbine
121,90,0.0,natural_gas_fired_combustion_turbine
91,90,0.0,natural_gas_fired_combustion_turbine
22,90,0.0,natural_gas_steam_turbine
123,90,0.0,natural_gas_steam_turbine
62,90,0.0,natural_gas_steam_turbine
49,90,0.0,natural_gas_steam_turbine
48,90,0.0,natural_gas_steam_turbine
21,90,0.0,natural_gas_steam_turbine
79,90,0.0,nuclear
10,90,1274.27825,onshore_wind_turbine
23,90,13377.3486,onshore_wind_turbine
31,90,7333.444160000001,onshore_wind_turbine
38,90,2203.4659500000002,onshore_wind_turbine
50,90,5080.95,onshore_wind_turbine
63,90,347.00735964719996,onshore_wind_turbine
80,90,7862.047199999999,onshore_wind_turbine
94,90,28311.704400000002,onshore_wind_turbine
105,90,2233.4495393069997,onshore_wind_turbine
124,90,0.0,onshore_wind_turbine
136,90,3335.0864400000005,onshore_wind_turbine
144,90,11795.85666,onshore_wind_turbine
11,90,0.0,small_hydroelectric
24,90,0.0,small_hydroelectric
32,90,0.0,small_hydroelectric
39,90,0.0,small_hydroelectric
51,90,0.0,small_hydroelectric
64,90,0.0,small_hydroelectric
81,90,0.0,small_hydroelectric
95,90,0.0,small_hydroelectric
106,90,0.0,small_hydroelectric
125,90,0.0,small_hydroelectric
137,90,0.0,small_hydroelectric
145,90,0.0,small_hydroelectric
12,90,4243.02984,solar_photovoltaic
25,90,0.0,solar_photovoltaic
33,90,0.0,solar_photovoltaic
52,90,848.0778600000001,solar_photovoltaic
65,90,7404.6006413386,solar_photovoltaic
82,90,2297.344355065685,solar_photovoltaic
96,90,616.95907,solar_photovoltaic
107,90,7649.986534641501,solar_photovoltaic
126,90,0.0,solar_photovoltaic
138,90,1365.2638999999997,solar_photovoltaic
26,91,0.0,biomass
13,91,0.0,biomass
108,91,0.0,biomass
40,91,0.0,biomass
97,91,0.0,biomass
1,91,0.0,biomass
66,91,0.0,biomass
2,91,0.0,conventional_hydroelectric
14,91,0.0,conventional_hydroelectric
27,91,0.0,conventional_hydroelectric
35,91,0.0,conventional_hydroelectric
54,91,0.0,conventional_hydroelectric
67,91,0.0,conventional_hydroelectric
84,91,0.0,conventional_hydroelectric
109,91,0.0,conventional_hydroelectric
128,91,0.0,conventional_hydroelectric
139,91,0.0,conventional_hydroelectric
110,91,0.0,conventional_steam_coal
41,91,0.0,conventional_steam_coal
3,91,0.0,conventional_steam_coal
36,91,0.0,conventional_steam_coal
85,91,0.0,conventional_steam_coal
28,91,0.0,geothermal
116,91,0.0,natural_gas_fired_combined_cycle
73,91,0.0,natural_gas_fired_combined_cycle
71,91,0.0,natural_gas_fired_combined_cycle
44,91,0.0,natural_gas_fired_combined_cycle
115,91,0.0,natural_gas_fired_combined_cycle
70,91,0.0,natural_gas_fired_combined_cycle
131,91,0.0,natural_gas_fired_combined_cycle
18,91,0.0,natural_gas_fired_combined_cycle
72,91,0.0,natural_gas_fired_combined_cycle
114,91,0.0,natural_gas_fired_combined_cycle
45,91,0.0,natural_gas_fired_combined_cycle
78,91,0.0,natural_gas_fired_combustion_turbine
75,91,0.0,natural_gas_fired_combustion_turbine
119,91,0.0,natural_gas_fired_combustion_turbine
117,91,0.0,natural_gas_fired_combustion_turbine
134,91,0.0,natural_gas_fired_combustion_turbine
103,91,0.0,natural_gas_fired_combustion_turbine
47,91,0.0,natural_gas_fired_combustion_turbine
8,91,0.0,natural_gas_fired_combustion_turbine
90,91,0.0,natural_gas_fired_combustion_turbine
60,91,0.0,natural_gas_fired_combustion_turbine
46,91,0.0,natural_gas_fired_combustion_turbine
37,91,0.0,natural_gas_fired_combustion_turbine
7,91,0.0,natural_gas_fired_combustion_turbine
133,91,0.0,natural_gas_fired_combustion_turbine
74,91,0.0,natural_gas_fired_combustion_turbine
20,91,0.0,natural_gas_fired_combustion_turbine
135,91,0.0,natural_gas_fired_combustion_turbine
142,91,0.0,natural_gas_fired_combustion_turbine
121,91,0.0,natural_gas_fired_combustion_turbine
91,91,0.0,natural_gas_fired_combustion_turbine
22,91,0.0,natural_gas_steam_turbine
123,91,0.0,natural_gas_steam_turbine
62,91,0.0,natural_gas_steam_turbine
49,91,0.0,natural_gas_steam_turbine
48,91,0.0,natural_gas_steam_turbine
21,91,0.0,natural_gas_steam_turbine
79,91,0.0,nuclear
10,91,1264.3722,onshore_wind_turbine
23,91,13651.2684,onshore_wind_turbine
31,91,8840.267450000001,onshore_wind_turbine
38,91,910.58415,onshore_wind_turbine
50,91,4997.62242,onshore_wind_turbine
63,91,558.9480403248,onshore_wind_turbine
80,91,7242.1907599999995,onshore_wind_turbine
94,91,28970.0306,onshore_wind_turbine
105,91,0.0,onshore_wind_turbine
124,91,20251.984950000027,onshore_wind_turbine
136,91,0.0,onshore_wind_turbine
144,91,11341.670759999999,onshore_wind_turbine
11,91,0.0,small_hydroelectric
24,91,0.0,small_hydroelectric
32,91,0.0,small_hydroelectric
39,91,0.0,small_hydroelectric
51,91,0.0,small_hydroelectric
64,91,0.0,small_hydroelectric
81,91,0.0,small_hydroelectric
95,91,0.0,small_hydroelectric
106,91,0.0,small_hydroelectric
125,91,0.0,small_hydroelectric
137,91,0.0,small_hydroelectric
145,91,0.0,small_hydroelectric
12,91,0.0,solar_photovoltaic
25,91,0.0,solar_photovoltaic
33,91,0.0,solar_photovoltaic
52,91,0.0,solar_photovoltaic
65,91,0.0,solar_photovoltaic
82,91,0.0,solar_photovoltaic
96,91,0.0,solar_photovoltaic
107,91,2722.7972047605,solar_photovoltaic
126,91,7190.882114914677,solar_photovoltaic
138,91,0.0,solar_photovoltaic
26,92,0.0,biomass
13,92,0.0,biomass
108,92,0.0,biomass
40,92,0.0,biomass
97,92,0.0,biomass
1,92,0.0,biomass
66,92,0.0,biomass
2,92,0.0,conventional_hydroelectric
14,92,0.0,conventional_hydroelectric
27,92,0.0,conventional_hydroelectric
35,92,0.0,conventional_hydroelectric
54,92,0.0,conventional_hydroelectric
67,92,0.0,conventional_hydroelectric
84,92,0.0,conventional_hydroelectric
109,92,0.0,conventional_hydroelectric
128,92,0.0,conventional_hydroelectric
139,92,0.0,conventional_hydroelectric
110,92,0.0,conventional_steam_coal
41,92,0.0,conventional_steam_coal
3,92,0.0,conventional_steam_coal
36,92,0.0,conventional_steam_coal
85,92,0.0,conventional_steam_coal
28,92,0.0,geothermal
116,92,0.0,natural_gas_fired_combined_cycle
73,92,0.0,natural_gas_fired_combined_cycle
71,92,0.0,natural_gas_fired_combined_cycle
44,92,0.0,natural_gas_fired_combined_cycle
115,92,0.0,natural_gas_fired_combined_cycle
70,92,0.0,natural_gas_fired_combined_cycle
131,92,0.0,natural_gas_fired_combined_cycle
18,92,0.0,natural_gas_fired_combined_cycle
72,92,0.0,natural_gas_fired_combined_cycle
114,92,0.0,natural_gas_fired_combined_cycle
45,92,0.0,natural_gas_fired_combined_cycle
78,92,0.0,natural_gas_fired_combustion_turbine
75,92,0.0,natural_gas_fired_combustion_turbine
119,92,0.0,natural_gas_fired_combustion_turbine
117,92,0.0,natural_gas_fired_combustion_turbine
134,92,0.0,natural_gas_fired_combustion_turbine
103,92,0.0,natural_gas_fired_combustion_turbine
47,92,0.0,natural_gas_fired_combustion_turbine
8,92,0.0,natural_gas_fired_combustion_turbine
90,92,0.0,natural_gas_fired_combustion_turbine
60,92,0.0,natural_gas_fired_combustion_turbine
46,92,0.0,natural_gas_fired_combustion_turbine
37,92,0.0,natural_gas_fired_combustion_turbine
7,92,0.0,natural_gas_fired_combustion_turbine
133,92,0.0,natural_gas_fired_combustion_turbine
74,92,0.0,natural_gas_fired_combustion_turbine
20,92,0.0,natural_gas_fired_combustion_turbine
135,92,0.0,natural_gas_fired_combustion_turbine
142,92,0.0,natural_gas_fired_combustion_turbine
121,92,0.0,natural_gas_fired_combustion_turbine
91,92,0.0,natural_gas_fired_combustion_turbine
22,92,0.0,natural_gas_steam_turbine
123,92,0.0,natural_gas_steam_turbine
62,92,0.0,natural_gas_steam_turbine
49,92,0.0,natural_gas_steam_turbine
48,92,0.0,natural_gas_steam_turbine
21,92,0.0,natural_gas_steam_turbine
79,92,0.0,nuclear
10,92,875.51471,onshore_wind_turbine
23,92,1.4551915228366852e-11,onshore_wind_turbine
31,92,9032.62787,onshore_wind_turbine
38,92,2297.76225,onshore_wind_turbine
50,92,4933.263719999999,onshore_wind_turbine
63,92,464.4863996416,onshore_wind_turbine
80,92,0.0,onshore_wind_turbine
94,92,28896.474599999998,onshore_wind_turbine
105,92,0.0,onshore_wind_turbine
124,92,9383.02943035839,onshore_wind_turbine
136,92,2989.70532,onshore_wind_turbine
144,92,10976.159249999997,onshore_wind_turbine
11,92,0.0,small_hydroelectric
24,92,0.0,small_hydroelectric
32,92,0.0,small_hydroelectric
39,92,0.0,small_hydroelectric
51,92,0.0,small_hydroelectric
64,92,0.0,small_hydroelectric
81,92,0.0,small_hydroelectric
95,92,0.0,small_hydroelectric
106,92,0.0,small_hydroelectric
125,92,0.0,small_hydroelectric
137,92,0.0,small_hydroelectric
145,92,0.0,small_hydroelectric
12,92,0.0,solar_photovoltaic
25,92,0.0,solar_photovoltaic
33,92,0.0,solar_photovoltaic
52,92,0.0,solar_photovoltaic
65,92,0.0,solar_photovoltaic
82,92,0.0,solar_photovoltaic
96,92,0.0,solar_photovoltaic
107,92,0.0,solar_photovoltaic
126,92,0.0,solar_photovoltaic
138,92,0.0,solar_photovoltaic
26,93,0.0,biomass
13,93,0.0,biomass
108,93,0.0,biomass
40,93,0.0,biomass
97,93,0.0,biomass
1,93,0.0,biomass
66,93,0.0,biomass
2,93,0.0,conventional_hydroelectric
14,93,0.0,conventional_hydroelectric
27,93,0.0,conventional_hydroelectric
35,93,0.0,conventional_hydroelectric
54,93,0.0,conventional_hydroelectric
67,93,0.0,conventional_hydroelectric
84,93,0.0,conventional_hydroelectric
109,93,0.0,conventional_hydroelectric
128,93,0.0,conventional_hydroelectric
139,93,0.0,conventional_hydroelectric
110,93,0.0,conventional_steam_coal
41,93,0.0,conventional_steam_coal
3,93,0.0,conventional_steam_coal
36,93,0.0,conventional_steam_coal
85,93,0.0,conventional_steam_coal
28,93,0.0,geothermal
116,93,0.0,natural_gas_fired_combined_cycle
73,93,0.0,natural_gas_fired_combined_cycle
71,93,0.0,natural_gas_fired_combined_cycle
44,93,0.0,natural_gas_fired_combined_cycle
115,93,0.0,natural_gas_fired_combined_cycle
70,93,0.0,natural_gas_fired_combined_cycle
131,93,0.0,natural_gas_fired_combined_cycle
18,93,0.0,natural_gas_fired_combined_cycle
72,93,0.0,natural_gas_fired_combined_cycle
114,93,0.0,natural_gas_fired_combined_cycle
45,93,0.0,natural_gas_fired_combined_cycle
78,93,0.0,natural_gas_fired_combustion_turbine
75,93,0.0,natural_gas_fired_combustion_turbine
119,93,0.0,natural_gas_fired_combustion_turbine
117,93,0.0,natural_gas_fired_combustion_turbine
134,93,0.0,natural_gas_fired_combustion_turbine
103,93,0.0,natural_gas_fired_combustion_turbine
47,93,0.0,natural_gas_fired_combustion_turbine
8,93,0.0,natural_gas_fired_combustion_turbine
90,93,0.0,natural_gas_fired_combustion_turbine
60,93,0.0,natural_gas_fired_combustion_turbine
46,93,0.0,natural_gas_fired_combustion_turbine
37,93,0.0,natural_gas_fired_combustion_turbine
7,93,0.0,natural_gas_fired_combustion_turbine
133,93,0.0,natural_gas_fired_combustion_turbine
74,93,0.0,natural_gas_fired_combustion_turbine
20,93,0.0,natural_gas_fired_combustion_turbine
135,93,0.0,natural_gas_fired_combustion_turbine
142,93,0.0,natural_gas_fired_combustion_turbine
121,93,0.0,natural_gas_fired_combustion_turbine
91,93,0.0,natural_gas_fired_combustion_turbine
22,93,0.0,natural_gas_steam_turbine
123,93,0.0,natural_gas_steam_turbine
62,93,0.0,natural_gas_steam_turbine
49,93,0.0,natural_gas_steam_turbine
48,93,0.0,natural_gas_steam_turbine
21,93,0.0,natural_gas_steam_turbine
79,93,0.0,nuclear
10,93,686.9395400000001,onshore_wind_turbine
23,93,14748.810999999998,onshore_wind_turbine
31,93,8760.71098,onshore_wind_turbine
38,93,3087.35175,onshore_wind_turbine
50,93,4898.7132599999995,onshore_wind_turbine
63,93,412.65168034719994,onshore_wind_turbine
80,93,4408.694079999999,onshore_wind_turbine
94,93,26770.7062,onshore_wind_turbine
105,93,2692.8809607,onshore_wind_turbine
124,93,25575.183191357803,onshore_wind_turbine
136,93,3962.8885800000003,onshore_wind_turbine
144,93,12825.344699999998,onshore_wind_turbine
11,93,0.0,small_hydroelectric
24,93,0.0,small_hydroelectric
32,93,0.0,small_hydroelectric
39,93,0.0,small_hydroelectric
51,93,0.0,small_hydroelectric
64,93,0.0,small_hydroelectric
81,93,0.0,small_hydroelectric
95,93,0.0,small_hydroelectric
106,93,0.0,small_hydroelectric
125,93,0.0,small_hydroelectric
137,93,0.0,small_hydroelectric
145,93,0.0,small_hydroelectric
12,93,0.0,solar_photovoltaic
25,93,0.0,solar_photovoltaic
33,93,0.0,solar_photovoltaic
52,93,0.0,solar_photovoltaic
65,93,0.0,solar_photovoltaic
82,93,0.0,solar_photovoltaic
96,93,0.0,solar_photovoltaic
107,93,0.0,solar_photovoltaic
126,93,0.0,solar_photovoltaic
138,93,0.0,solar_photovoltaic
26,94,0.0,biomass
13,94,0.0,biomass
108,94,0.0,biomass
40,94,0.0,biomass
97,94,0.0,biomass
1,94,0.0,biomass
66,94,0.0,biomass
2,94,0.0,conventional_hydroelectric
14,94,0.0,conventional_hydroelectric
27,94,0.0,conventional_hydroelectric
35,94,0.0,conventional_hydroelectric
54,94,0.0,conventional_hydroelectric
67,94,0.0,conventional_hydroelectric
84,94,0.0,conventional_hydroelectric
109,94,0.0,conventional_hydroelectric
128,94,0.0,conventional_hydroelectric
139,94,0.0,conventional_hydroelectric
110,94,0.0,conventional_steam_coal
41,94,0.0,conventional_steam_coal
3,94,0.0,conventional_steam_coal
36,94,0.0,conventional_steam_coal
85,94,0.0,conventional_steam_coal
28,94,0.0,geothermal
116,94,0.0,natural_gas_fired_combined_cycle
73,94,0.0,natural_gas_fired_combined_cycle
71,94,0.0,natural_gas_fired_combined_cycle
44,94,0.0,natural_gas_fired_combined_cycle
115,94,0.0,natural_gas_fired_combined_cycle
70,94,0.0,natural_gas_fired_combined_cycle
131,94,0.0,natural_gas_fired_combined_cycle
18,94,0.0,natural_gas_fired_combined_cycle
72,94,0.0,natural_gas_fired_combined_cycle
114,94,0.0,natural_gas_fired_combined_cycle
45,94,0.0,natural_gas_fired_combined_cycle
78,94,0.0,natural_gas_fired_combustion_turbine
75,94,0.0,natural_gas_fired_combustion_turbine
119,94,0.0,natural_gas_fired_combustion_turbine
117,94,0.0,natural_gas_fired_combustion_turbine
134,94,0.0,natural_gas_fired_combustion_turbine
103,94,0.0,natural_gas_fired_combustion_turbine
47,94,0.0,natural_gas_fired_combustion_turbine
8,94,0.0,natural_gas_fired_combustion_turbine
90,94,0.0,natural_gas_fired_combustion_turbine
60,94,0.0,natural_gas_fired_combustion_turbine
46,94,0.0,natural_gas_fired_combustion_turbine
37,94,0.0,natural_gas_fired_combustion_turbine
7,94,0.0,natural_gas_fired_combustion_turbine
133,94,0.0,natural_gas_fired_combustion_turbine
74,94,0.0,natural_gas_fired_combustion_turbine
20,94,0.0,natural_gas_fired_combustion_turbine
135,94,0.0,natural_gas_fired_combustion_turbine
142,94,0.0,natural_gas_fired_combustion_turbine
121,94,0.0,natural_gas_fired_combustion_turbine
91,94,0.0,natural_gas_fired_combustion_turbine
22,94,0.0,natural_gas_steam_turbine
123,94,0.0,natural_gas_steam_turbine
62,94,0.0,natural_gas_steam_turbine
49,94,0.0,natural_gas_steam_turbine
48,94,0.0,natural_gas_steam_turbine
21,94,0.0,natural_gas_steam_turbine
79,94,0.0,nuclear
10,94,798.78785,onshore_wind_turbine
23,94,14950.0582,onshore_wind_turbine
31,94,9134.74513,onshore_wind_turbine
38,94,3919.5449999999996,onshore_wind_turbine
50,94,0.0,onshore_wind_turbine
63,94,0.0,onshore_wind_turbine
80,94,0.0,onshore_wind_turbine
94,94,22033.6998,onshore_wind_turbine
105,94,0.0,onshore_wind_turbine
124,94,14379.74927,onshore_wind_turbine
136,94,0.0,onshore_wind_turbine
144,94,0.0,onshore_wind_turbine
11,94,0.0,small_hydroelectric
24,94,0.0,small_hydroelectric
32,94,0.0,small_hydroelectric
39,94,0.0,small_hydroelectric
51,94,0.0,small_hydroelectric
64,94,0.0,small_hydroelectric
81,94,0.0,small_hydroelectric
95,94,0.0,small_hydroelectric
106,94,0.0,small_hydroelectric
125,94,0.0,small_hydroelectric
137,94,0.0,small_hydroelectric
145,94,0.0,small_hydroelectric
12,94,0.0,solar_photovoltaic
25,94,0.0,solar_photovoltaic
33,94,0.0,solar_photovoltaic
52,94,0.0,solar_photovoltaic
65,94,0.0,solar_photovoltaic
82,94,0.0,solar_photovoltaic
96,94,0.0,solar_photovoltaic
107,94,0.0,solar_photovoltaic
126,94,0.0,solar_photovoltaic
138,94,0.0,solar_photovoltaic
26,95,0.0,biomass
13,95,0.0,biomass
108,95,0.0,biomass
40,95,0.0,biomass
97,95,0.0,biomass
1,95,0.0,biomass
66,95,0.0,biomass
2,95,0.0,conventional_hydroelectric
14,95,0.0,conventional_hydroelectric
27,95,0.0,conventional_hydroelectric
35,95,0.0,conventional_hydroelectric
54,95,0.0,conventional_hydroelectric
67,95,0.0,conventional_hydroelectric
84,95,0.0,conventional_hydroelectric
109,95,0.0,conventional_hydroelectric
128,95,0.0,conventional_hydroelectric
139,95,0.0,conventional_hydroelectric
110,95,0.0,conventional_steam_coal
41,95,0.0,conventional_steam_coal
3,95,0.0,conventional_steam_coal
36,95,0.0,conventional_steam_coal
85,95,0.0,conventional_steam_coal
28,95,0.0,geothermal
116,95,0.0,natural_gas_fired_combined_cycle
73,95,0.0,natural_gas_fired_combined_cycle
71,95,0.0,natural_gas_fired_combined_cycle
44,95,0.0,natural_gas_fired_combined_cycle
115,95,0.0,natural_gas_fired_combined_cycle
70,95,0.0,natural_gas_fired_combined_cycle
131,95,0.0,natural_gas_fired_combined_cycle
18,95,0.0,natural_gas_fired_combined_cycle
72,95,0.0,natural_gas_fired_combined_cycle
114,95,0.0,natural_gas_fired_combined_cycle
45,95,0.0,natural_gas_fired_combined_cycle
78,95,0.0,natural_gas_fired_combustion_turbine
75,95,0.0,natural_gas_fired_combustion_turbine
119,95,0.0,natural_gas_fired_combustion_turbine
117,95,0.0,natural_gas_fired_combustion_turbine
134,95,0.0,natural_gas_fired_combustion_turbine
103,95,0.0,natural_gas_fired_combustion_turbine
47,95,0.0,natural_gas_fired_combustion_turbine
8,95,0.0,natural_gas_fired_combustion_turbine
90,95,0.0,natural_gas_fired_combustion_turbine
60,95,0.0,natural_gas_fired_combustion_turbine
46,95,0.0,natural_gas_fired_combustion_turbine
37,95,0.0,natural_gas_fired_combustion_turbine
7,95,0.0,natural_gas_fired_combustion_turbine
133,95,0.0,natural_gas_fired_combustion_turbine
74,95,0.0,natural_gas_fired_combustion_turbine
20,95,0.0,natural_gas_fired_combustion_turbine
135,95,0.0,natural_gas_fired_combustion_turbine
142,95,0.0,natural_gas_fired_combustion_turbine
121,95,0.0,natural_gas_fired_combustion_turbine
91,95,0.0,natural_gas_fired_combustion_turbine
22,95,0.0,natural_gas_steam_turbine
123,95,0.0,natural_gas_steam_turbine
62,95,0.0,natural_gas_steam_turbine
49,95,0.0,natural_gas_steam_turbine
48,95,0.0,natural_gas_steam_turbine
21,95,0.0,natural_gas_steam_turbine
79,95,0.0,nuclear
10,95,644.97391,onshore_wind_turbine
23,95,13436.9774,onshore_wind_turbine
31,95,9201.240090000001,onshore_wind_turbine
38,95,3710.5026,onshore_wind_turbine
50,95,5117.532839999999,onshore_wind_turbine
63,95,77.431760336,onshore_wind_turbine
80,95,2537.0436,onshore_wind_turbine
94,95,19389.3616,onshore_wind_turbine
105,95,3044.166299454,onshore_wind_turbine
124,95,25908.939070091004,onshore_wind_turbine
136,95,5855.289300000001,onshore_wind_turbine
144,95,7561.11384,onshore_wind_turbine
11,95,0.0,small_hydroelectric
24,95,0.0,small_hydroelectric
32,95,0.0,small_hydroelectric
39,95,0.0,small_hydroelectric
51,95,0.0,small_hydroelectric
64,95,0.0,small_hydroelectric
81,95,0.0,small_hydroelectric
95,95,0.0,small_hydroelectric
106,95,0.0,small_hydroelectric
125,95,0.0,small_hydroelectric
137,95,0.0,small_hydroelectric
145,95,0.0,small_hydroelectric
12,95,0.0,solar_photovoltaic
25,95,0.0,solar_photovoltaic
33,95,0.0,solar_photovoltaic
52,95,0.0,solar_photovoltaic
65,95,0.0,solar_photovoltaic
82,95,0.0,solar_photovoltaic
96,95,0.0,solar_photovoltaic
107,95,0.0,solar_photovoltaic
126,95,0.0,solar_photovoltaic
138,95,0.0,solar_photovoltaic
26,96,0.0,biomass
13,96,0.0,biomass
108,96,0.0,biomass
40,96,0.0,biomass
97,96,0.0,biomass
1,96,0.0,biomass
66,96,0.0,biomass
2,96,0.0,conventional_hydroelectric
14,96,0.0,conventional_hydroelectric
27,96,0.0,conventional_hydroelectric
35,96,0.0,conventional_hydroelectric
54,96,0.0,conventional_hydroelectric
67,96,0.0,conventional_hydroelectric
84,96,0.0,conventional_hydroelectric
109,96,0.0,conventional_hydroelectric
128,96,0.0,conventional_hydroelectric
139,96,0.0,conventional_hydroelectric
110,96,0.0,conventional_steam_coal
41,96,0.0,conventional_steam_coal
3,96,0.0,conventional_steam_coal
36,96,0.0,conventional_steam_coal
85,96,0.0,conventional_steam_coal
28,96,0.0,geothermal
116,96,0.0,natural_gas_fired_combined_cycle
73,96,0.0,natural_gas_fired_combined_cycle
71,96,0.0,natural_gas_fired_combined_cycle
44,96,0.0,natural_gas_fired_combined_cycle
115,96,0.0,natural_gas_fired_combined_cycle
70,96,0.0,natural_gas_fired_combined_cycle
131,96,0.0,natural_gas_fired_combined_cycle
18,96,0.0,natural_gas_fired_combined_cycle
72,96,0.0,natural_gas_fired_combined_cycle
114,96,0.0,natural_gas_fired_combined_cycle
45,96,0.0,natural_gas_fired_combined_cycle
78,96,0.0,natural_gas_fired_combustion_turbine
75,96,0.0,natural_gas_fired_combustion_turbine
119,96,0.0,natural_gas_fired_combustion_turbine
117,96,0.0,natural_gas_fired_combustion_turbine
134,96,0.0,natural_gas_fired_combustion_turbine
103,96,0.0,natural_gas_fired_combustion_turbine
47,96,0.0,natural_gas_fired_combustion_turbine
8,96,0.0,natural_gas_fired_combustion_turbine
90,96,0.0,natural_gas_fired_combustion_turbine
60,96,0.0,natural_gas_fired_combustion_turbine
46,96,0.0,natural_gas_fired_combustion_turbine
37,96,0.0,natural_gas_fired_combustion_turbine
7,96,0.0,natural_gas_fired_combustion_turbine
133,96,0.0,natural_gas_fired_combustion_turbine
74,96,0.0,natural_gas_fired_combustion_turbine
20,96,0.0,natural_gas_fired_combustion_turbine
135,96,0.0,natural_gas_fired_combustion_turbine
142,96,0.0,natural_gas_fired_combustion_turbine
121,96,0.0,natural_gas_fired_combustion_turbine
91,96,0.0,natural_gas_fired_combustion_turbine
22,96,0.0,natural_gas_steam_turbine
123,96,0.0,natural_gas_steam_turbine
62,96,0.0,natural_gas_steam_turbine
49,96,0.0,natural_gas_steam_turbine
48,96,0.0,natural_gas_steam_turbine
21,96,0.0,natural_gas_steam_turbine
79,96,0.0,nuclear
10,96,1.4551915228366852e-11,onshore_wind_turbine
23,96,14473.0278,onshore_wind_turbine
31,96,6578.347929798198,onshore_wind_turbine
38,96,3442.383,onshore_wind_turbine
50,96,4726.638419999999,onshore_wind_turbine
63,96,45.7326797872,onshore_wind_turbine
80,96,2161.598319999999,onshore_wind_turbine
94,96,20573.6132,onshore_wind_turbine
105,96,2905.738361316,onshore_wind_turbine
124,96,26231.921599098605,onshore_wind_turbine
136,96,5705.08449,onshore_wind_turbine
144,96,6391.044449999999,onshore_wind_turbine
11,96,0.0,small_hydroelectric
24,96,0.0,small_hydroelectric
32,96,0.0,small_hydroelectric
39,96,0.0,small_hydroelectric
51,96,0.0,small_hydroelectric
64,96,0.0,small_hydroelectric
81,96,0.0,small_hydroelectric
95,96,0.0,small_hydroelectric
106,96,0.0,small_hydroelectric
125,96,0.0,small_hydroelectric
137,96,0.0,small_hydroelectric
145,96,0.0,small_hydroelectric
12,96,0.0,solar_photovoltaic
25,96,0.0,solar_photovoltaic
33,96,0.0,solar_photovoltaic
52,96,0.0,solar_photovoltaic
65,96,0.0,solar_photovoltaic
82,96,0.0,solar_photovoltaic
96,96,0.0,solar_photovoltaic
107,96,0.0,solar_photovoltaic
126,96,0.0,solar_photovoltaic
138,96,0.0,solar_photovoltaic
