r_id,hour,gen,resource
26,1,0.0,biomass
13,1,0.0,biomass
108,1,0.0,biomass
40,1,0.0,biomass
97,1,0.0,biomass
1,1,0.0,biomass
66,1,0.0,biomass
2,1,0.0,conventional_hydroelectric
14,1,0.0,conventional_hydroelectric
27,1,0.0,conventional_hydroelectric
35,1,0.0,conventional_hydroelectric
54,1,0.0,conventional_hydroelectric
67,1,0.0,conventional_hydroelectric
84,1,0.0,conventional_hydroelectric
109,1,0.0,conventional_hydroelectric
128,1,0.0,conventional_hydroelectric
139,1,0.0,conventional_hydroelectric
110,1,0.0,conventional_steam_coal
41,1,0.0,conventional_steam_coal
3,1,0.0,conventional_steam_coal
36,1,0.0,conventional_steam_coal
85,1,0.0,conventional_steam_coal
28,1,0.0,geothermal
116,1,0.0,natural_gas_fired_combined_cycle
73,1,0.0,natural_gas_fired_combined_cycle
71,1,0.0,natural_gas_fired_combined_cycle
44,1,0.0,natural_gas_fired_combined_cycle
115,1,0.0,natural_gas_fired_combined_cycle
70,1,0.0,natural_gas_fired_combined_cycle
131,1,0.0,natural_gas_fired_combined_cycle
18,1,0.0,natural_gas_fired_combined_cycle
72,1,0.0,natural_gas_fired_combined_cycle
114,1,0.0,natural_gas_fired_combined_cycle
45,1,0.0,natural_gas_fired_combined_cycle
78,1,0.0,natural_gas_fired_combustion_turbine
75,1,0.0,natural_gas_fired_combustion_turbine
119,1,0.0,natural_gas_fired_combustion_turbine
117,1,0.0,natural_gas_fired_combustion_turbine
134,1,0.0,natural_gas_fired_combustion_turbine
103,1,0.0,natural_gas_fired_combustion_turbine
47,1,0.0,natural_gas_fired_combustion_turbine
8,1,0.0,natural_gas_fired_combustion_turbine
90,1,0.0,natural_gas_fired_combustion_turbine
60,1,0.0,natural_gas_fired_combustion_turbine
46,1,0.0,natural_gas_fired_combustion_turbine
37,1,0.0,natural_gas_fired_combustion_turbine
7,1,0.0,natural_gas_fired_combustion_turbine
133,1,0.0,natural_gas_fired_combustion_turbine
74,1,0.0,natural_gas_fired_combustion_turbine
20,1,0.0,natural_gas_fired_combustion_turbine
135,1,0.0,natural_gas_fired_combustion_turbine
142,1,0.0,natural_gas_fired_combustion_turbine
121,1,0.0,natural_gas_fired_combustion_turbine
91,1,0.0,natural_gas_fired_combustion_turbine
22,1,0.0,natural_gas_steam_turbine
123,1,0.0,natural_gas_steam_turbine
62,1,0.0,natural_gas_steam_turbine
49,1,0.0,natural_gas_steam_turbine
48,1,0.0,natural_gas_steam_turbine
21,1,0.0,natural_gas_steam_turbine
79,1,0.0,nuclear
10,1,630.92533,onshore_wind_turbine
23,1,9894.654,onshore_wind_turbine
31,1,9626.33287,onshore_wind_turbine
38,1,0.0,onshore_wind_turbine
50,1,3707.7385799999997,onshore_wind_turbine
63,1,100.45027976479999,onshore_wind_turbine
80,1,977.6446399999999,onshore_wind_turbine
94,1,21930.721400000002,onshore_wind_turbine
105,1,2459.418359874,onshore_wind_turbine
124,1,24222.932938157803,onshore_wind_turbine
136,1,3078.7488900000003,onshore_wind_turbine
144,1,16700.939672203396,onshore_wind_turbine
11,1,0.0,small_hydroelectric
24,1,0.0,small_hydroelectric
32,1,0.0,small_hydroelectric
39,1,0.0,small_hydroelectric
51,1,0.0,small_hydroelectric
64,1,0.0,small_hydroelectric
81,1,0.0,small_hydroelectric
95,1,0.0,small_hydroelectric
106,1,0.0,small_hydroelectric
125,1,0.0,small_hydroelectric
137,1,0.0,small_hydroelectric
145,1,0.0,small_hydroelectric
12,1,0.0,solar_photovoltaic
25,1,0.0,solar_photovoltaic
33,1,0.0,solar_photovoltaic
52,1,0.0,solar_photovoltaic
65,1,0.0,solar_photovoltaic
82,1,0.0,solar_photovoltaic
96,1,0.0,solar_photovoltaic
107,1,0.0,solar_photovoltaic
126,1,0.0,solar_photovoltaic
138,1,0.0,solar_photovoltaic
26,2,0.0,biomass
13,2,0.0,biomass
108,2,0.0,biomass
40,2,0.0,biomass
97,2,0.0,biomass
1,2,0.0,biomass
66,2,0.0,biomass
2,2,0.0,conventional_hydroelectric
14,2,0.0,conventional_hydroelectric
27,2,0.0,conventional_hydroelectric
35,2,0.0,conventional_hydroelectric
54,2,0.0,conventional_hydroelectric
67,2,0.0,conventional_hydroelectric
84,2,0.0,conventional_hydroelectric
109,2,0.0,conventional_hydroelectric
128,2,0.0,conventional_hydroelectric
139,2,0.0,conventional_hydroelectric
110,2,0.0,conventional_steam_coal
41,2,0.0,conventional_steam_coal
3,2,0.0,conventional_steam_coal
36,2,0.0,conventional_steam_coal
85,2,0.0,conventional_steam_coal
28,2,0.0,geothermal
116,2,0.0,natural_gas_fired_combined_cycle
73,2,0.0,natural_gas_fired_combined_cycle
71,2,0.0,natural_gas_fired_combined_cycle
44,2,0.0,natural_gas_fired_combined_cycle
115,2,0.0,natural_gas_fired_combined_cycle
70,2,0.0,natural_gas_fired_combined_cycle
131,2,0.0,natural_gas_fired_combined_cycle
18,2,0.0,natural_gas_fired_combined_cycle
72,2,0.0,natural_gas_fired_combined_cycle
114,2,0.0,natural_gas_fired_combined_cycle
45,2,0.0,natural_gas_fired_combined_cycle
78,2,0.0,natural_gas_fired_combustion_turbine
75,2,0.0,natural_gas_fired_combustion_turbine
119,2,0.0,natural_gas_fired_combustion_turbine
117,2,0.0,natural_gas_fired_combustion_turbine
134,2,0.0,natural_gas_fired_combustion_turbine
103,2,0.0,natural_gas_fired_combustion_turbine
47,2,0.0,natural_gas_fired_combustion_turbine
8,2,0.0,natural_gas_fired_combustion_turbine
90,2,0.0,natural_gas_fired_combustion_turbine
60,2,0.0,natural_gas_fired_combustion_turbine
46,2,0.0,natural_gas_fired_combustion_turbine
37,2,0.0,natural_gas_fired_combustion_turbine
7,2,0.0,natural_gas_fired_combustion_turbine
133,2,0.0,natural_gas_fired_combustion_turbine
74,2,0.0,natural_gas_fired_combustion_turbine
20,2,0.0,natural_gas_fired_combustion_turbine
135,2,0.0,natural_gas_fired_combustion_turbine
142,2,0.0,natural_gas_fired_combustion_turbine
121,2,0.0,natural_gas_fired_combustion_turbine
91,2,0.0,natural_gas_fired_combustion_turbine
22,2,0.0,natural_gas_steam_turbine
123,2,0.0,natural_gas_steam_turbine
62,2,0.0,natural_gas_steam_turbine
49,2,0.0,natural_gas_steam_turbine
48,2,0.0,natural_gas_steam_turbine
21,2,0.0,natural_gas_steam_turbine
79,2,0.0,nuclear
10,2,0.0,onshore_wind_turbine
23,2,10386.5916,onshore_wind_turbine
31,2,9207.17714,onshore_wind_turbine
38,2,3941.1308999999997,onshore_wind_turbine
50,2,3998.3689199999994,onshore_wind_turbine
63,2,229.6582400616,onshore_wind_turbine
80,2,2446.8995599999994,onshore_wind_turbine
94,2,27388.5766,onshore_wind_turbine
105,2,2289.171532702072,onshore_wind_turbine
124,2,24816.100253375203,onshore_wind_turbine
136,2,0.0,onshore_wind_turbine
144,2,0.0,onshore_wind_turbine
11,2,0.0,small_hydroelectric
24,2,0.0,small_hydroelectric
32,2,0.0,small_hydroelectric
39,2,0.0,small_hydroelectric
51,2,0.0,small_hydroelectric
64,2,0.0,small_hydroelectric
81,2,0.0,small_hydroelectric
95,2,0.0,small_hydroelectric
106,2,0.0,small_hydroelectric
125,2,0.0,small_hydroelectric
137,2,0.0,small_hydroelectric
145,2,0.0,small_hydroelectric
12,2,0.0,solar_photovoltaic
25,2,0.0,solar_photovoltaic
33,2,0.0,solar_photovoltaic
52,2,0.0,solar_photovoltaic
65,2,0.0,solar_photovoltaic
82,2,0.0,solar_photovoltaic
96,2,0.0,solar_photovoltaic
107,2,0.0,solar_photovoltaic
126,2,0.0,solar_photovoltaic
138,2,0.0,solar_photovoltaic
26,3,0.0,biomass
13,3,0.0,biomass
108,3,0.0,biomass
40,3,0.0,biomass
97,3,0.0,biomass
1,3,0.0,biomass
66,3,0.0,biomass
2,3,0.0,conventional_hydroelectric
14,3,0.0,conventional_hydroelectric
27,3,0.0,conventional_hydroelectric
35,3,0.0,conventional_hydroelectric
54,3,0.0,conventional_hydroelectric
67,3,0.0,conventional_hydroelectric
84,3,0.0,conventional_hydroelectric
109,3,0.0,conventional_hydroelectric
128,3,0.0,conventional_hydroelectric
139,3,0.0,conventional_hydroelectric
110,3,0.0,conventional_steam_coal
41,3,0.0,conventional_steam_coal
3,3,0.0,conventional_steam_coal
36,3,0.0,conventional_steam_coal
85,3,0.0,conventional_steam_coal
28,3,0.0,geothermal
116,3,0.0,natural_gas_fired_combined_cycle
73,3,0.0,natural_gas_fired_combined_cycle
71,3,0.0,natural_gas_fired_combined_cycle
44,3,0.0,natural_gas_fired_combined_cycle
115,3,0.0,natural_gas_fired_combined_cycle
70,3,0.0,natural_gas_fired_combined_cycle
131,3,0.0,natural_gas_fired_combined_cycle
18,3,0.0,natural_gas_fired_combined_cycle
72,3,0.0,natural_gas_fired_combined_cycle
114,3,0.0,natural_gas_fired_combined_cycle
45,3,0.0,natural_gas_fired_combined_cycle
78,3,0.0,natural_gas_fired_combustion_turbine
75,3,0.0,natural_gas_fired_combustion_turbine
119,3,0.0,natural_gas_fired_combustion_turbine
117,3,0.0,natural_gas_fired_combustion_turbine
134,3,0.0,natural_gas_fired_combustion_turbine
103,3,0.0,natural_gas_fired_combustion_turbine
47,3,0.0,natural_gas_fired_combustion_turbine
8,3,0.0,natural_gas_fired_combustion_turbine
90,3,0.0,natural_gas_fired_combustion_turbine
60,3,0.0,natural_gas_fired_combustion_turbine
46,3,0.0,natural_gas_fired_combustion_turbine
37,3,0.0,natural_gas_fired_combustion_turbine
7,3,0.0,natural_gas_fired_combustion_turbine
133,3,0.0,natural_gas_fired_combustion_turbine
74,3,0.0,natural_gas_fired_combustion_turbine
20,3,0.0,natural_gas_fired_combustion_turbine
135,3,0.0,natural_gas_fired_combustion_turbine
142,3,0.0,natural_gas_fired_combustion_turbine
121,3,0.0,natural_gas_fired_combustion_turbine
91,3,0.0,natural_gas_fired_combustion_turbine
22,3,0.0,natural_gas_steam_turbine
123,3,0.0,natural_gas_steam_turbine
62,3,0.0,natural_gas_steam_turbine
49,3,0.0,natural_gas_steam_turbine
48,3,0.0,natural_gas_steam_turbine
21,3,0.0,natural_gas_steam_turbine
79,3,0.0,nuclear
10,3,0.0,onshore_wind_turbine
23,3,7212.0378287694,onshore_wind_turbine
31,3,8099.32361,onshore_wind_turbine
38,3,0.0,onshore_wind_turbine
50,3,3536.3412,onshore_wind_turbine
63,3,286.762840224,onshore_wind_turbine
80,3,0.0,onshore_wind_turbine
94,3,27127.452800000003,onshore_wind_turbine
105,3,0.0,onshore_wind_turbine
124,3,24545.253601006603,onshore_wind_turbine
136,3,2998.6996200000003,onshore_wind_turbine
144,3,17163.901439999998,onshore_wind_turbine
11,3,0.0,small_hydroelectric
24,3,0.0,small_hydroelectric
32,3,0.0,small_hydroelectric
39,3,0.0,small_hydroelectric
51,3,0.0,small_hydroelectric
64,3,0.0,small_hydroelectric
81,3,0.0,small_hydroelectric
95,3,0.0,small_hydroelectric
106,3,0.0,small_hydroelectric
125,3,0.0,small_hydroelectric
137,3,0.0,small_hydroelectric
145,3,0.0,small_hydroelectric
12,3,0.0,solar_photovoltaic
25,3,0.0,solar_photovoltaic
33,3,0.0,solar_photovoltaic
52,3,0.0,solar_photovoltaic
65,3,0.0,solar_photovoltaic
82,3,0.0,solar_photovoltaic
96,3,0.0,solar_photovoltaic
107,3,0.0,solar_photovoltaic
126,3,0.0,solar_photovoltaic
138,3,0.0,solar_photovoltaic
26,4,0.0,biomass
13,4,0.0,biomass
108,4,0.0,biomass
40,4,0.0,biomass
97,4,0.0,biomass
1,4,0.0,biomass
66,4,0.0,biomass
2,4,0.0,conventional_hydroelectric
14,4,0.0,conventional_hydroelectric
27,4,0.0,conventional_hydroelectric
35,4,0.0,conventional_hydroelectric
54,4,0.0,conventional_hydroelectric
67,4,0.0,conventional_hydroelectric
84,4,0.0,conventional_hydroelectric
109,4,0.0,conventional_hydroelectric
128,4,0.0,conventional_hydroelectric
139,4,0.0,conventional_hydroelectric
110,4,0.0,conventional_steam_coal
41,4,0.0,conventional_steam_coal
3,4,0.0,conventional_steam_coal
36,4,0.0,conventional_steam_coal
85,4,0.0,conventional_steam_coal
28,4,0.0,geothermal
116,4,0.0,natural_gas_fired_combined_cycle
73,4,0.0,natural_gas_fired_combined_cycle
71,4,0.0,natural_gas_fired_combined_cycle
44,4,0.0,natural_gas_fired_combined_cycle
115,4,0.0,natural_gas_fired_combined_cycle
70,4,0.0,natural_gas_fired_combined_cycle
131,4,0.0,natural_gas_fired_combined_cycle
18,4,0.0,natural_gas_fired_combined_cycle
72,4,0.0,natural_gas_fired_combined_cycle
114,4,0.0,natural_gas_fired_combined_cycle
45,4,0.0,natural_gas_fired_combined_cycle
78,4,0.0,natural_gas_fired_combustion_turbine
75,4,0.0,natural_gas_fired_combustion_turbine
119,4,0.0,natural_gas_fired_combustion_turbine
117,4,0.0,natural_gas_fired_combustion_turbine
134,4,0.0,natural_gas_fired_combustion_turbine
103,4,0.0,natural_gas_fired_combustion_turbine
47,4,0.0,natural_gas_fired_combustion_turbine
8,4,0.0,natural_gas_fired_combustion_turbine
90,4,0.0,natural_gas_fired_combustion_turbine
60,4,0.0,natural_gas_fired_combustion_turbine
46,4,0.0,natural_gas_fired_combustion_turbine
37,4,0.0,natural_gas_fired_combustion_turbine
7,4,0.0,natural_gas_fired_combustion_turbine
133,4,0.0,natural_gas_fired_combustion_turbine
74,4,0.0,natural_gas_fired_combustion_turbine
20,4,0.0,natural_gas_fired_combustion_turbine
135,4,0.0,natural_gas_fired_combustion_turbine
142,4,0.0,natural_gas_fired_combustion_turbine
121,4,0.0,natural_gas_fired_combustion_turbine
91,4,0.0,natural_gas_fired_combustion_turbine
22,4,0.0,natural_gas_steam_turbine
123,4,0.0,natural_gas_steam_turbine
62,4,0.0,natural_gas_steam_turbine
49,4,0.0,natural_gas_steam_turbine
48,4,0.0,natural_gas_steam_turbine
21,4,0.0,natural_gas_steam_turbine
79,4,0.0,nuclear
10,4,268.54401,onshore_wind_turbine
23,4,5878.875627586605,onshore_wind_turbine
31,4,6327.707890000001,onshore_wind_turbine
38,4,2833.4334000000003,onshore_wind_turbine
50,4,3083.7979199999995,onshore_wind_turbine
63,4,204.40784,onshore_wind_turbine
80,4,1805.6687599999998,onshore_wind_turbine
94,4,25858.6118,onshore_wind_turbine
105,4,2572.816819251,onshore_wind_turbine
124,4,21763.737373162403,onshore_wind_turbine
136,4,3195.6747900000005,onshore_wind_turbine
144,4,17347.738589999997,onshore_wind_turbine
11,4,0.0,small_hydroelectric
24,4,0.0,small_hydroelectric
32,4,0.0,small_hydroelectric
39,4,0.0,small_hydroelectric
51,4,0.0,small_hydroelectric
64,4,0.0,small_hydroelectric
81,4,0.0,small_hydroelectric
95,4,0.0,small_hydroelectric
106,4,0.0,small_hydroelectric
125,4,0.0,small_hydroelectric
137,4,0.0,small_hydroelectric
145,4,0.0,small_hydroelectric
12,4,0.0,solar_photovoltaic
25,4,0.0,solar_photovoltaic
33,4,0.0,solar_photovoltaic
52,4,0.0,solar_photovoltaic
65,4,0.0,solar_photovoltaic
82,4,0.0,solar_photovoltaic
96,4,0.0,solar_photovoltaic
107,4,0.0,solar_photovoltaic
126,4,0.0,solar_photovoltaic
138,4,0.0,solar_photovoltaic
26,5,0.0,biomass
13,5,0.0,biomass
108,5,0.0,biomass
40,5,0.0,biomass
97,5,0.0,biomass
1,5,0.0,biomass
66,5,0.0,biomass
2,5,0.0,conventional_hydroelectric
14,5,0.0,conventional_hydroelectric
27,5,0.0,conventional_hydroelectric
35,5,0.0,conventional_hydroelectric
54,5,0.0,conventional_hydroelectric
67,5,0.0,conventional_hydroelectric
84,5,0.0,conventional_hydroelectric
109,5,0.0,conventional_hydroelectric
128,5,0.0,conventional_hydroelectric
139,5,0.0,conventional_hydroelectric
110,5,0.0,conventional_steam_coal
41,5,0.0,conventional_steam_coal
3,5,0.0,conventional_steam_coal
36,5,0.0,conventional_steam_coal
85,5,0.0,conventional_steam_coal
28,5,0.0,geothermal
116,5,0.0,natural_gas_fired_combined_cycle
73,5,0.0,natural_gas_fired_combined_cycle
71,5,0.0,natural_gas_fired_combined_cycle
44,5,0.0,natural_gas_fired_combined_cycle
115,5,0.0,natural_gas_fired_combined_cycle
70,5,0.0,natural_gas_fired_combined_cycle
131,5,0.0,natural_gas_fired_combined_cycle
18,5,0.0,natural_gas_fired_combined_cycle
72,5,0.0,natural_gas_fired_combined_cycle
114,5,0.0,natural_gas_fired_combined_cycle
45,5,0.0,natural_gas_fired_combined_cycle
78,5,0.0,natural_gas_fired_combustion_turbine
75,5,0.0,natural_gas_fired_combustion_turbine
119,5,0.0,natural_gas_fired_combustion_turbine
117,5,0.0,natural_gas_fired_combustion_turbine
134,5,0.0,natural_gas_fired_combustion_turbine
103,5,0.0,natural_gas_fired_combustion_turbine
47,5,0.0,natural_gas_fired_combustion_turbine
8,5,0.0,natural_gas_fired_combustion_turbine
90,5,0.0,natural_gas_fired_combustion_turbine
60,5,0.0,natural_gas_fired_combustion_turbine
46,5,0.0,natural_gas_fired_combustion_turbine
37,5,0.0,natural_gas_fired_combustion_turbine
7,5,0.0,natural_gas_fired_combustion_turbine
133,5,0.0,natural_gas_fired_combustion_turbine
74,5,0.0,natural_gas_fired_combustion_turbine
20,5,0.0,natural_gas_fired_combustion_turbine
135,5,0.0,natural_gas_fired_combustion_turbine
142,5,0.0,natural_gas_fired_combustion_turbine
121,5,0.0,natural_gas_fired_combustion_turbine
91,5,0.0,natural_gas_fired_combustion_turbine
22,5,0.0,natural_gas_steam_turbine
123,5,0.0,natural_gas_steam_turbine
62,5,0.0,natural_gas_steam_turbine
49,5,0.0,natural_gas_steam_turbine
48,5,0.0,natural_gas_steam_turbine
21,5,0.0,natural_gas_steam_turbine
79,5,0.0,nuclear
10,5,421.99773000000005,onshore_wind_turbine
23,5,6430.593400000001,onshore_wind_turbine
31,5,5989.296039999999,onshore_wind_turbine
38,5,2367.6324,onshore_wind_turbine
50,5,2694.9358799999995,onshore_wind_turbine
63,5,274.3045202016,onshore_wind_turbine
80,5,814.0843199999999,onshore_wind_turbine
94,5,9454.334998832415,onshore_wind_turbine
105,5,2612.006040966,onshore_wind_turbine
124,5,0.0,onshore_wind_turbine
136,5,3168.6918900000005,onshore_wind_turbine
144,5,17734.877999999997,onshore_wind_turbine
11,5,0.0,small_hydroelectric
24,5,0.0,small_hydroelectric
32,5,0.0,small_hydroelectric
39,5,0.0,small_hydroelectric
51,5,0.0,small_hydroelectric
64,5,0.0,small_hydroelectric
81,5,0.0,small_hydroelectric
95,5,0.0,small_hydroelectric
106,5,0.0,small_hydroelectric
125,5,0.0,small_hydroelectric
137,5,0.0,small_hydroelectric
145,5,0.0,small_hydroelectric
12,5,0.0,solar_photovoltaic
25,5,0.0,solar_photovoltaic
33,5,0.0,solar_photovoltaic
52,5,0.0,solar_photovoltaic
65,5,0.0,solar_photovoltaic
82,5,0.0,solar_photovoltaic
96,5,0.0,solar_photovoltaic
107,5,0.0,solar_photovoltaic
126,5,0.0,solar_photovoltaic
138,5,0.0,solar_photovoltaic
26,6,0.0,biomass
13,6,0.0,biomass
108,6,0.0,biomass
40,6,0.0,biomass
97,6,0.0,biomass
1,6,0.0,biomass
66,6,0.0,biomass
2,6,0.0,conventional_hydroelectric
14,6,0.0,conventional_hydroelectric
27,6,0.0,conventional_hydroelectric
35,6,0.0,conventional_hydroelectric
54,6,0.0,conventional_hydroelectric
67,6,0.0,conventional_hydroelectric
84,6,0.0,conventional_hydroelectric
109,6,0.0,conventional_hydroelectric
128,6,0.0,conventional_hydroelectric
139,6,0.0,conventional_hydroelectric
110,6,0.0,conventional_steam_coal
41,6,0.0,conventional_steam_coal
3,6,0.0,conventional_steam_coal
36,6,0.0,conventional_steam_coal
85,6,0.0,conventional_steam_coal
28,6,0.0,geothermal
116,6,0.0,natural_gas_fired_combined_cycle
73,6,0.0,natural_gas_fired_combined_cycle
71,6,0.0,natural_gas_fired_combined_cycle
44,6,0.0,natural_gas_fired_combined_cycle
115,6,0.0,natural_gas_fired_combined_cycle
70,6,0.0,natural_gas_fired_combined_cycle
131,6,0.0,natural_gas_fired_combined_cycle
18,6,0.0,natural_gas_fired_combined_cycle
72,6,0.0,natural_gas_fired_combined_cycle
114,6,0.0,natural_gas_fired_combined_cycle
45,6,0.0,natural_gas_fired_combined_cycle
78,6,0.0,natural_gas_fired_combustion_turbine
75,6,0.0,natural_gas_fired_combustion_turbine
119,6,0.0,natural_gas_fired_combustion_turbine
117,6,0.0,natural_gas_fired_combustion_turbine
134,6,0.0,natural_gas_fired_combustion_turbine
103,6,0.0,natural_gas_fired_combustion_turbine
47,6,0.0,natural_gas_fired_combustion_turbine
8,6,0.0,natural_gas_fired_combustion_turbine
90,6,0.0,natural_gas_fired_combustion_turbine
60,6,0.0,natural_gas_fired_combustion_turbine
46,6,0.0,natural_gas_fired_combustion_turbine
37,6,0.0,natural_gas_fired_combustion_turbine
7,6,0.0,natural_gas_fired_combustion_turbine
133,6,0.0,natural_gas_fired_combustion_turbine
74,6,0.0,natural_gas_fired_combustion_turbine
20,6,0.0,natural_gas_fired_combustion_turbine
135,6,0.0,natural_gas_fired_combustion_turbine
142,6,0.0,natural_gas_fired_combustion_turbine
121,6,0.0,natural_gas_fired_combustion_turbine
91,6,0.0,natural_gas_fired_combustion_turbine
22,6,0.0,natural_gas_steam_turbine
123,6,0.0,natural_gas_steam_turbine
62,6,0.0,natural_gas_steam_turbine
49,6,0.0,natural_gas_steam_turbine
48,6,0.0,natural_gas_steam_turbine
21,6,0.0,natural_gas_steam_turbine
79,6,0.0,nuclear
10,6,597.6049800000001,onshore_wind_turbine
23,6,5933.0656,onshore_wind_turbine
31,6,7033.0294300000005,onshore_wind_turbine
38,6,2077.35885,onshore_wind_turbine
50,6,0.0,onshore_wind_turbine
63,6,261.7885199608,onshore_wind_turbine
80,6,1628.1686399999999,onshore_wind_turbine
94,6,12641.685118513204,onshore_wind_turbine
105,6,2552.607821526,onshore_wind_turbine
124,6,0.0,onshore_wind_turbine
136,6,2988.80589,onshore_wind_turbine
144,6,18571.87773,onshore_wind_turbine
11,6,0.0,small_hydroelectric
24,6,0.0,small_hydroelectric
32,6,0.0,small_hydroelectric
39,6,0.0,small_hydroelectric
51,6,0.0,small_hydroelectric
64,6,0.0,small_hydroelectric
81,6,0.0,small_hydroelectric
95,6,0.0,small_hydroelectric
106,6,0.0,small_hydroelectric
125,6,0.0,small_hydroelectric
137,6,0.0,small_hydroelectric
145,6,0.0,small_hydroelectric
12,6,0.0,solar_photovoltaic
25,6,0.0,solar_photovoltaic
33,6,0.0,solar_photovoltaic
52,6,0.0,solar_photovoltaic
65,6,0.0,solar_photovoltaic
82,6,0.0,solar_photovoltaic
96,6,0.0,solar_photovoltaic
107,6,0.0,solar_photovoltaic
126,6,0.0,solar_photovoltaic
138,6,0.0,solar_photovoltaic
26,7,0.0,biomass
13,7,0.0,biomass
108,7,0.0,biomass
40,7,0.0,biomass
97,7,0.0,biomass
1,7,0.0,biomass
66,7,0.0,biomass
2,7,0.0,conventional_hydroelectric
14,7,0.0,conventional_hydroelectric
27,7,0.0,conventional_hydroelectric
35,7,0.0,conventional_hydroelectric
54,7,0.0,conventional_hydroelectric
67,7,0.0,conventional_hydroelectric
84,7,0.0,conventional_hydroelectric
109,7,0.0,conventional_hydroelectric
128,7,0.0,conventional_hydroelectric
139,7,0.0,conventional_hydroelectric
110,7,0.0,conventional_steam_coal
41,7,0.0,conventional_steam_coal
3,7,0.0,conventional_steam_coal
36,7,0.0,conventional_steam_coal
85,7,0.0,conventional_steam_coal
28,7,0.0,geothermal
116,7,0.0,natural_gas_fired_combined_cycle
73,7,0.0,natural_gas_fired_combined_cycle
71,7,0.0,natural_gas_fired_combined_cycle
44,7,0.0,natural_gas_fired_combined_cycle
115,7,0.0,natural_gas_fired_combined_cycle
70,7,0.0,natural_gas_fired_combined_cycle
131,7,0.0,natural_gas_fired_combined_cycle
18,7,0.0,natural_gas_fired_combined_cycle
72,7,0.0,natural_gas_fired_combined_cycle
114,7,0.0,natural_gas_fired_combined_cycle
45,7,0.0,natural_gas_fired_combined_cycle
78,7,0.0,natural_gas_fired_combustion_turbine
75,7,0.0,natural_gas_fired_combustion_turbine
119,7,0.0,natural_gas_fired_combustion_turbine
117,7,0.0,natural_gas_fired_combustion_turbine
134,7,0.0,natural_gas_fired_combustion_turbine
103,7,0.0,natural_gas_fired_combustion_turbine
47,7,0.0,natural_gas_fired_combustion_turbine
8,7,0.0,natural_gas_fired_combustion_turbine
90,7,0.0,natural_gas_fired_combustion_turbine
60,7,0.0,natural_gas_fired_combustion_turbine
46,7,0.0,natural_gas_fired_combustion_turbine
37,7,0.0,natural_gas_fired_combustion_turbine
7,7,0.0,natural_gas_fired_combustion_turbine
133,7,0.0,natural_gas_fired_combustion_turbine
74,7,0.0,natural_gas_fired_combustion_turbine
20,7,0.0,natural_gas_fired_combustion_turbine
135,7,0.0,natural_gas_fired_combustion_turbine
142,7,0.0,natural_gas_fired_combustion_turbine
121,7,0.0,natural_gas_fired_combustion_turbine
91,7,0.0,natural_gas_fired_combustion_turbine
22,7,0.0,natural_gas_steam_turbine
123,7,0.0,natural_gas_steam_turbine
62,7,0.0,natural_gas_steam_turbine
49,7,0.0,natural_gas_steam_turbine
48,7,0.0,natural_gas_steam_turbine
21,7,0.0,natural_gas_steam_turbine
79,7,0.0,nuclear
10,7,505.20855000000006,onshore_wind_turbine
23,7,6441.7738,onshore_wind_turbine
31,7,6768.237,onshore_wind_turbine
38,7,1387.74615,onshore_wind_turbine
50,7,1598.1281399999998,onshore_wind_turbine
63,7,210.67059964720002,onshore_wind_turbine
80,7,2234.08528,onshore_wind_turbine
94,7,19668.8744,onshore_wind_turbine
105,7,2173.430980749,onshore_wind_turbine
124,7,6147.5652068138015,onshore_wind_turbine
136,7,2759.4512400000003,onshore_wind_turbine
144,7,18788.15673,onshore_wind_turbine
11,7,0.0,small_hydroelectric
24,7,0.0,small_hydroelectric
32,7,0.0,small_hydroelectric
39,7,0.0,small_hydroelectric
51,7,0.0,small_hydroelectric
64,7,0.0,small_hydroelectric
81,7,0.0,small_hydroelectric
95,7,0.0,small_hydroelectric
106,7,0.0,small_hydroelectric
125,7,0.0,small_hydroelectric
137,7,0.0,small_hydroelectric
145,7,0.0,small_hydroelectric
12,7,43.78626,solar_photovoltaic
25,7,765.6293399999998,solar_photovoltaic
33,7,0.0,solar_photovoltaic
52,7,1352.6392600000001,solar_photovoltaic
65,7,0.0,solar_photovoltaic
82,7,0.0,solar_photovoltaic
96,7,0.0,solar_photovoltaic
107,7,0.0,solar_photovoltaic
126,7,0.0,solar_photovoltaic
138,7,0.0,solar_photovoltaic
26,8,0.0,biomass
13,8,0.0,biomass
108,8,0.0,biomass
40,8,0.0,biomass
97,8,0.0,biomass
1,8,0.0,biomass
66,8,0.0,biomass
2,8,0.0,conventional_hydroelectric
14,8,0.0,conventional_hydroelectric
27,8,0.0,conventional_hydroelectric
35,8,0.0,conventional_hydroelectric
54,8,0.0,conventional_hydroelectric
67,8,0.0,conventional_hydroelectric
84,8,0.0,conventional_hydroelectric
109,8,0.0,conventional_hydroelectric
128,8,0.0,conventional_hydroelectric
139,8,0.0,conventional_hydroelectric
110,8,0.0,conventional_steam_coal
41,8,0.0,conventional_steam_coal
3,8,0.0,conventional_steam_coal
36,8,0.0,conventional_steam_coal
85,8,0.0,conventional_steam_coal
28,8,0.0,geothermal
116,8,0.0,natural_gas_fired_combined_cycle
73,8,0.0,natural_gas_fired_combined_cycle
71,8,0.0,natural_gas_fired_combined_cycle
44,8,0.0,natural_gas_fired_combined_cycle
115,8,0.0,natural_gas_fired_combined_cycle
70,8,0.0,natural_gas_fired_combined_cycle
131,8,0.0,natural_gas_fired_combined_cycle
18,8,0.0,natural_gas_fired_combined_cycle
72,8,0.0,natural_gas_fired_combined_cycle
114,8,0.0,natural_gas_fired_combined_cycle
45,8,0.0,natural_gas_fired_combined_cycle
78,8,0.0,natural_gas_fired_combustion_turbine
75,8,0.0,natural_gas_fired_combustion_turbine
119,8,0.0,natural_gas_fired_combustion_turbine
117,8,0.0,natural_gas_fired_combustion_turbine
134,8,0.0,natural_gas_fired_combustion_turbine
103,8,0.0,natural_gas_fired_combustion_turbine
47,8,0.0,natural_gas_fired_combustion_turbine
8,8,0.0,natural_gas_fired_combustion_turbine
90,8,0.0,natural_gas_fired_combustion_turbine
60,8,0.0,natural_gas_fired_combustion_turbine
46,8,0.0,natural_gas_fired_combustion_turbine
37,8,0.0,natural_gas_fired_combustion_turbine
7,8,0.0,natural_gas_fired_combustion_turbine
133,8,0.0,natural_gas_fired_combustion_turbine
74,8,0.0,natural_gas_fired_combustion_turbine
20,8,0.0,natural_gas_fired_combustion_turbine
135,8,0.0,natural_gas_fired_combustion_turbine
142,8,0.0,natural_gas_fired_combustion_turbine
121,8,0.0,natural_gas_fired_combustion_turbine
91,8,0.0,natural_gas_fired_combustion_turbine
22,8,0.0,natural_gas_steam_turbine
123,8,0.0,natural_gas_steam_turbine
62,8,0.0,natural_gas_steam_turbine
49,8,0.0,natural_gas_steam_turbine
48,8,0.0,natural_gas_steam_turbine
21,8,0.0,natural_gas_steam_turbine
79,8,0.0,nuclear
10,8,550.5962700000001,onshore_wind_turbine
23,8,6596.436,onshore_wind_turbine
31,8,5681.75685,onshore_wind_turbine
38,8,0.0,onshore_wind_turbine
50,8,943.70178,onshore_wind_turbine
63,8,334.1900796864,onshore_wind_turbine
80,8,580.8249999999999,onshore_wind_turbine
94,8,14681.7776,onshore_wind_turbine
105,8,1988.254658859,onshore_wind_turbine
124,8,8141.445970427001,onshore_wind_turbine
136,8,2305.23909,onshore_wind_turbine
144,8,0.0,onshore_wind_turbine
11,8,0.0,small_hydroelectric
24,8,0.0,small_hydroelectric
32,8,0.0,small_hydroelectric
39,8,0.0,small_hydroelectric
51,8,0.0,small_hydroelectric
64,8,0.0,small_hydroelectric
81,8,0.0,small_hydroelectric
95,8,0.0,small_hydroelectric
106,8,0.0,small_hydroelectric
125,8,0.0,small_hydroelectric
137,8,0.0,small_hydroelectric
145,8,0.0,small_hydroelectric
12,8,0.0,solar_photovoltaic
25,8,0.0,solar_photovoltaic
33,8,0.0,solar_photovoltaic
52,8,0.0,solar_photovoltaic
65,8,0.0,solar_photovoltaic
82,8,0.0,solar_photovoltaic
96,8,17.6316,solar_photovoltaic
107,8,6169.0672437765,solar_photovoltaic
126,8,9849.860407251104,solar_photovoltaic
138,8,1542.8851899999997,solar_photovoltaic
26,9,0.0,biomass
13,9,0.0,biomass
108,9,0.0,biomass
40,9,0.0,biomass
97,9,0.0,biomass
1,9,0.0,biomass
66,9,0.0,biomass
2,9,0.0,conventional_hydroelectric
14,9,0.0,conventional_hydroelectric
27,9,0.0,conventional_hydroelectric
35,9,0.0,conventional_hydroelectric
54,9,0.0,conventional_hydroelectric
67,9,0.0,conventional_hydroelectric
84,9,0.0,conventional_hydroelectric
109,9,0.0,conventional_hydroelectric
128,9,0.0,conventional_hydroelectric
139,9,0.0,conventional_hydroelectric
110,9,0.0,conventional_steam_coal
41,9,0.0,conventional_steam_coal
3,9,0.0,conventional_steam_coal
36,9,0.0,conventional_steam_coal
85,9,0.0,conventional_steam_coal
28,9,0.0,geothermal
116,9,0.0,natural_gas_fired_combined_cycle
73,9,0.0,natural_gas_fired_combined_cycle
71,9,0.0,natural_gas_fired_combined_cycle
44,9,0.0,natural_gas_fired_combined_cycle
115,9,0.0,natural_gas_fired_combined_cycle
70,9,0.0,natural_gas_fired_combined_cycle
131,9,0.0,natural_gas_fired_combined_cycle
18,9,0.0,natural_gas_fired_combined_cycle
72,9,0.0,natural_gas_fired_combined_cycle
114,9,0.0,natural_gas_fired_combined_cycle
45,9,0.0,natural_gas_fired_combined_cycle
78,9,0.0,natural_gas_fired_combustion_turbine
75,9,0.0,natural_gas_fired_combustion_turbine
119,9,0.0,natural_gas_fired_combustion_turbine
117,9,0.0,natural_gas_fired_combustion_turbine
134,9,0.0,natural_gas_fired_combustion_turbine
103,9,0.0,natural_gas_fired_combustion_turbine
47,9,0.0,natural_gas_fired_combustion_turbine
8,9,0.0,natural_gas_fired_combustion_turbine
90,9,0.0,natural_gas_fired_combustion_turbine
60,9,0.0,natural_gas_fired_combustion_turbine
46,9,0.0,natural_gas_fired_combustion_turbine
37,9,0.0,natural_gas_fired_combustion_turbine
7,9,0.0,natural_gas_fired_combustion_turbine
133,9,0.0,natural_gas_fired_combustion_turbine
74,9,0.0,natural_gas_fired_combustion_turbine
20,9,0.0,natural_gas_fired_combustion_turbine
135,9,0.0,natural_gas_fired_combustion_turbine
142,9,0.0,natural_gas_fired_combustion_turbine
121,9,0.0,natural_gas_fired_combustion_turbine
91,9,0.0,natural_gas_fired_combustion_turbine
22,9,0.0,natural_gas_steam_turbine
123,9,0.0,natural_gas_steam_turbine
62,9,0.0,natural_gas_steam_turbine
49,9,0.0,natural_gas_steam_turbine
48,9,0.0,natural_gas_steam_turbine
21,9,0.0,natural_gas_steam_turbine
79,9,0.0,nuclear
10,9,408.66959,onshore_wind_turbine
23,9,6799.5466,onshore_wind_turbine
31,9,5785.06152,onshore_wind_turbine
38,9,853.2111,onshore_wind_turbine
50,9,0.0,onshore_wind_turbine
63,9,0.0,onshore_wind_turbine
80,9,0.0,onshore_wind_turbine
94,9,0.0,onshore_wind_turbine
105,9,638.497441176,onshore_wind_turbine
124,9,0.0,onshore_wind_turbine
136,9,1755.6873600000004,onshore_wind_turbine
144,9,18872.50554,onshore_wind_turbine
11,9,0.0,small_hydroelectric
24,9,0.0,small_hydroelectric
32,9,0.0,small_hydroelectric
39,9,0.0,small_hydroelectric
51,9,0.0,small_hydroelectric
64,9,0.0,small_hydroelectric
81,9,0.0,small_hydroelectric
95,9,0.0,small_hydroelectric
106,9,0.0,small_hydroelectric
125,9,0.0,small_hydroelectric
137,9,0.0,small_hydroelectric
145,9,0.0,small_hydroelectric
12,9,7483.21308,solar_photovoltaic
25,9,2394.78694,solar_photovoltaic
33,9,0.0,solar_photovoltaic
52,9,4514.78776,solar_photovoltaic
65,9,11702.4333986427,solar_photovoltaic
82,9,4857.45109694978,solar_photovoltaic
96,9,183.95635999999922,solar_photovoltaic
107,9,11338.9343198285,solar_photovoltaic
126,9,21851.104153403,solar_photovoltaic
138,9,2633.2698699999996,solar_photovoltaic
26,10,0.0,biomass
13,10,0.0,biomass
108,10,0.0,biomass
40,10,0.0,biomass
97,10,0.0,biomass
1,10,0.0,biomass
66,10,0.0,biomass
2,10,0.0,conventional_hydroelectric
14,10,0.0,conventional_hydroelectric
27,10,0.0,conventional_hydroelectric
35,10,0.0,conventional_hydroelectric
54,10,0.0,conventional_hydroelectric
67,10,0.0,conventional_hydroelectric
84,10,0.0,conventional_hydroelectric
109,10,0.0,conventional_hydroelectric
128,10,0.0,conventional_hydroelectric
139,10,0.0,conventional_hydroelectric
110,10,0.0,conventional_steam_coal
41,10,0.0,conventional_steam_coal
3,10,0.0,conventional_steam_coal
36,10,0.0,conventional_steam_coal
85,10,0.0,conventional_steam_coal
28,10,0.0,geothermal
116,10,0.0,natural_gas_fired_combined_cycle
73,10,0.0,natural_gas_fired_combined_cycle
71,10,0.0,natural_gas_fired_combined_cycle
44,10,0.0,natural_gas_fired_combined_cycle
115,10,0.0,natural_gas_fired_combined_cycle
70,10,0.0,natural_gas_fired_combined_cycle
131,10,0.0,natural_gas_fired_combined_cycle
18,10,0.0,natural_gas_fired_combined_cycle
72,10,0.0,natural_gas_fired_combined_cycle
114,10,0.0,natural_gas_fired_combined_cycle
45,10,0.0,natural_gas_fired_combined_cycle
78,10,0.0,natural_gas_fired_combustion_turbine
75,10,0.0,natural_gas_fired_combustion_turbine
119,10,0.0,natural_gas_fired_combustion_turbine
117,10,0.0,natural_gas_fired_combustion_turbine
134,10,0.0,natural_gas_fired_combustion_turbine
103,10,0.0,natural_gas_fired_combustion_turbine
47,10,0.0,natural_gas_fired_combustion_turbine
8,10,0.0,natural_gas_fired_combustion_turbine
90,10,0.0,natural_gas_fired_combustion_turbine
60,10,0.0,natural_gas_fired_combustion_turbine
46,10,0.0,natural_gas_fired_combustion_turbine
37,10,0.0,natural_gas_fired_combustion_turbine
7,10,0.0,natural_gas_fired_combustion_turbine
133,10,0.0,natural_gas_fired_combustion_turbine
74,10,0.0,natural_gas_fired_combustion_turbine
20,10,0.0,natural_gas_fired_combustion_turbine
135,10,0.0,natural_gas_fired_combustion_turbine
142,10,0.0,natural_gas_fired_combustion_turbine
121,10,0.0,natural_gas_fired_combustion_turbine
91,10,0.0,natural_gas_fired_combustion_turbine
22,10,0.0,natural_gas_steam_turbine
123,10,0.0,natural_gas_steam_turbine
62,10,0.0,natural_gas_steam_turbine
49,10,0.0,natural_gas_steam_turbine
48,10,0.0,natural_gas_steam_turbine
21,10,0.0,natural_gas_steam_turbine
79,10,0.0,nuclear
10,10,297.1815,onshore_wind_turbine
23,10,9112.026,onshore_wind_turbine
31,10,5371.84284,onshore_wind_turbine
38,10,0.0,onshore_wind_turbine
50,10,0.0,onshore_wind_turbine
63,10,360.3594401064,onshore_wind_turbine
80,10,0.0,onshore_wind_turbine
94,10,11316.5906,onshore_wind_turbine
105,10,0.0,onshore_wind_turbine
124,10,0.0,onshore_wind_turbine
136,10,2824.2102000000004,onshore_wind_turbine
144,10,18049.754772941404,onshore_wind_turbine
11,10,0.0,small_hydroelectric
24,10,0.0,small_hydroelectric
32,10,0.0,small_hydroelectric
39,10,0.0,small_hydroelectric
51,10,0.0,small_hydroelectric
64,10,0.0,small_hydroelectric
81,10,0.0,small_hydroelectric
95,10,0.0,small_hydroelectric
106,10,0.0,small_hydroelectric
125,10,0.0,small_hydroelectric
137,10,0.0,small_hydroelectric
145,10,0.0,small_hydroelectric
12,10,9455.00724,solar_photovoltaic
25,10,2702.3091199999994,solar_photovoltaic
33,10,0.0,solar_photovoltaic
52,10,0.0,solar_photovoltaic
65,10,15575.1037358882,solar_photovoltaic
82,10,12673.501119999999,solar_photovoltaic
96,10,461.65405999999996,solar_photovoltaic
107,10,14782.019981064,solar_photovoltaic
126,10,0.0,solar_photovoltaic
138,10,0.0,solar_photovoltaic
26,11,0.0,biomass
13,11,0.0,biomass
108,11,0.0,biomass
40,11,0.0,biomass
97,11,0.0,biomass
1,11,0.0,biomass
66,11,0.0,biomass
2,11,0.0,conventional_hydroelectric
14,11,0.0,conventional_hydroelectric
27,11,0.0,conventional_hydroelectric
35,11,0.0,conventional_hydroelectric
54,11,0.0,conventional_hydroelectric
67,11,0.0,conventional_hydroelectric
84,11,0.0,conventional_hydroelectric
109,11,0.0,conventional_hydroelectric
128,11,0.0,conventional_hydroelectric
139,11,0.0,conventional_hydroelectric
110,11,0.0,conventional_steam_coal
41,11,0.0,conventional_steam_coal
3,11,0.0,conventional_steam_coal
36,11,0.0,conventional_steam_coal
85,11,0.0,conventional_steam_coal
28,11,0.0,geothermal
116,11,0.0,natural_gas_fired_combined_cycle
73,11,0.0,natural_gas_fired_combined_cycle
71,11,0.0,natural_gas_fired_combined_cycle
44,11,0.0,natural_gas_fired_combined_cycle
115,11,0.0,natural_gas_fired_combined_cycle
70,11,0.0,natural_gas_fired_combined_cycle
131,11,0.0,natural_gas_fired_combined_cycle
18,11,0.0,natural_gas_fired_combined_cycle
72,11,0.0,natural_gas_fired_combined_cycle
114,11,0.0,natural_gas_fired_combined_cycle
45,11,0.0,natural_gas_fired_combined_cycle
78,11,0.0,natural_gas_fired_combustion_turbine
75,11,0.0,natural_gas_fired_combustion_turbine
119,11,0.0,natural_gas_fired_combustion_turbine
117,11,0.0,natural_gas_fired_combustion_turbine
134,11,0.0,natural_gas_fired_combustion_turbine
103,11,0.0,natural_gas_fired_combustion_turbine
47,11,0.0,natural_gas_fired_combustion_turbine
8,11,0.0,natural_gas_fired_combustion_turbine
90,11,0.0,natural_gas_fired_combustion_turbine
60,11,0.0,natural_gas_fired_combustion_turbine
46,11,0.0,natural_gas_fired_combustion_turbine
37,11,0.0,natural_gas_fired_combustion_turbine
7,11,0.0,natural_gas_fired_combustion_turbine
133,11,0.0,natural_gas_fired_combustion_turbine
74,11,0.0,natural_gas_fired_combustion_turbine
20,11,0.0,natural_gas_fired_combustion_turbine
135,11,0.0,natural_gas_fired_combustion_turbine
142,11,0.0,natural_gas_fired_combustion_turbine
121,11,0.0,natural_gas_fired_combustion_turbine
91,11,0.0,natural_gas_fired_combustion_turbine
22,11,0.0,natural_gas_steam_turbine
123,11,0.0,natural_gas_steam_turbine
62,11,0.0,natural_gas_steam_turbine
49,11,0.0,natural_gas_steam_turbine
48,11,0.0,natural_gas_steam_turbine
21,11,0.0,natural_gas_steam_turbine
79,11,0.0,nuclear
10,11,0.0,onshore_wind_turbine
23,11,8412.311668072274,onshore_wind_turbine
31,11,0.0,onshore_wind_turbine
38,11,0.0,onshore_wind_turbine
50,11,751.9806,onshore_wind_turbine
63,11,0.0,onshore_wind_turbine
80,11,17.657079999999997,onshore_wind_turbine
94,11,5671.1676,onshore_wind_turbine
105,11,0.0,onshore_wind_turbine
124,11,0.0,onshore_wind_turbine
136,11,0.0,onshore_wind_turbine
144,11,0.0,onshore_wind_turbine
11,11,0.0,small_hydroelectric
24,11,0.0,small_hydroelectric
32,11,0.0,small_hydroelectric
39,11,0.0,small_hydroelectric
51,11,0.0,small_hydroelectric
64,11,0.0,small_hydroelectric
81,11,0.0,small_hydroelectric
95,11,0.0,small_hydroelectric
106,11,0.0,small_hydroelectric
125,11,0.0,small_hydroelectric
137,11,0.0,small_hydroelectric
145,11,0.0,small_hydroelectric
12,11,0.0,solar_photovoltaic
25,11,2879.4239599999996,solar_photovoltaic
33,11,1113.86835,solar_photovoltaic
52,11,0.0,solar_photovoltaic
65,11,18461.5167169419,solar_photovoltaic
82,11,0.0,solar_photovoltaic
96,11,733.76842,solar_photovoltaic
107,11,16625.466832828002,solar_photovoltaic
126,11,33383.2703478365,solar_photovoltaic
138,11,3274.8069199999995,solar_photovoltaic
26,12,0.0,biomass
13,12,0.0,biomass
108,12,0.0,biomass
40,12,0.0,biomass
97,12,0.0,biomass
1,12,0.0,biomass
66,12,0.0,biomass
2,12,0.0,conventional_hydroelectric
14,12,0.0,conventional_hydroelectric
27,12,0.0,conventional_hydroelectric
35,12,0.0,conventional_hydroelectric
54,12,0.0,conventional_hydroelectric
67,12,0.0,conventional_hydroelectric
84,12,0.0,conventional_hydroelectric
109,12,0.0,conventional_hydroelectric
128,12,0.0,conventional_hydroelectric
139,12,0.0,conventional_hydroelectric
110,12,0.0,conventional_steam_coal
41,12,0.0,conventional_steam_coal
3,12,0.0,conventional_steam_coal
36,12,0.0,conventional_steam_coal
85,12,0.0,conventional_steam_coal
28,12,0.0,geothermal
116,12,0.0,natural_gas_fired_combined_cycle
73,12,0.0,natural_gas_fired_combined_cycle
71,12,0.0,natural_gas_fired_combined_cycle
44,12,0.0,natural_gas_fired_combined_cycle
115,12,0.0,natural_gas_fired_combined_cycle
70,12,0.0,natural_gas_fired_combined_cycle
131,12,0.0,natural_gas_fired_combined_cycle
18,12,0.0,natural_gas_fired_combined_cycle
72,12,0.0,natural_gas_fired_combined_cycle
114,12,0.0,natural_gas_fired_combined_cycle
45,12,0.0,natural_gas_fired_combined_cycle
78,12,0.0,natural_gas_fired_combustion_turbine
75,12,0.0,natural_gas_fired_combustion_turbine
119,12,0.0,natural_gas_fired_combustion_turbine
117,12,0.0,natural_gas_fired_combustion_turbine
134,12,0.0,natural_gas_fired_combustion_turbine
103,12,0.0,natural_gas_fired_combustion_turbine
47,12,0.0,natural_gas_fired_combustion_turbine
8,12,0.0,natural_gas_fired_combustion_turbine
90,12,0.0,natural_gas_fired_combustion_turbine
60,12,0.0,natural_gas_fired_combustion_turbine
46,12,0.0,natural_gas_fired_combustion_turbine
37,12,0.0,natural_gas_fired_combustion_turbine
7,12,0.0,natural_gas_fired_combustion_turbine
133,12,0.0,natural_gas_fired_combustion_turbine
74,12,0.0,natural_gas_fired_combustion_turbine
20,12,0.0,natural_gas_fired_combustion_turbine
135,12,0.0,natural_gas_fired_combustion_turbine
142,12,0.0,natural_gas_fired_combustion_turbine
121,12,0.0,natural_gas_fired_combustion_turbine
91,12,0.0,natural_gas_fired_combustion_turbine
22,12,0.0,natural_gas_steam_turbine
123,12,0.0,natural_gas_steam_turbine
62,12,0.0,natural_gas_steam_turbine
49,12,0.0,natural_gas_steam_turbine
48,12,0.0,natural_gas_steam_turbine
21,12,0.0,natural_gas_steam_turbine
79,12,0.0,nuclear
10,12,0.0,onshore_wind_turbine
23,12,0.0,onshore_wind_turbine
31,12,0.0,onshore_wind_turbine
38,12,0.0,onshore_wind_turbine
50,12,0.0,onshore_wind_turbine
63,12,0.0,onshore_wind_turbine
80,12,0.0,onshore_wind_turbine
94,12,3611.5996,onshore_wind_turbine
105,12,0.0,onshore_wind_turbine
124,12,2750.401986295509,onshore_wind_turbine
136,12,1770.0782400000003,onshore_wind_turbine
144,12,18805.459049999994,onshore_wind_turbine
11,12,0.0,small_hydroelectric
24,12,0.0,small_hydroelectric
32,12,0.0,small_hydroelectric
39,12,0.0,small_hydroelectric
51,12,0.0,small_hydroelectric
64,12,0.0,small_hydroelectric
81,12,0.0,small_hydroelectric
95,12,0.0,small_hydroelectric
106,12,0.0,small_hydroelectric
125,12,0.0,small_hydroelectric
137,12,0.0,small_hydroelectric
145,12,0.0,small_hydroelectric
12,12,0.0,solar_photovoltaic
25,12,2952.2876599999995,solar_photovoltaic
33,12,0.0,solar_photovoltaic
52,12,5487.9692000000005,solar_photovoltaic
65,12,0.0,solar_photovoltaic
82,12,15106.36071,solar_photovoltaic
96,12,0.0,solar_photovoltaic
107,12,17035.9945624575,solar_photovoltaic
126,12,34632.387351247,solar_photovoltaic
138,12,0.0,solar_photovoltaic
26,13,0.0,biomass
13,13,0.0,biomass
108,13,0.0,biomass
40,13,0.0,biomass
97,13,0.0,biomass
1,13,0.0,biomass
66,13,0.0,biomass
2,13,0.0,conventional_hydroelectric
14,13,0.0,conventional_hydroelectric
27,13,0.0,conventional_hydroelectric
35,13,0.0,conventional_hydroelectric
54,13,86.27028300000038,conventional_hydroelectric
67,13,0.0,conventional_hydroelectric
84,13,0.0,conventional_hydroelectric
109,13,0.0,conventional_hydroelectric
128,13,0.0,conventional_hydroelectric
139,13,0.0,conventional_hydroelectric
110,13,0.0,conventional_steam_coal
41,13,0.0,conventional_steam_coal
3,13,0.0,conventional_steam_coal
36,13,0.0,conventional_steam_coal
85,13,0.0,conventional_steam_coal
28,13,0.0,geothermal
116,13,0.0,natural_gas_fired_combined_cycle
73,13,0.0,natural_gas_fired_combined_cycle
71,13,0.0,natural_gas_fired_combined_cycle
44,13,0.0,natural_gas_fired_combined_cycle
115,13,0.0,natural_gas_fired_combined_cycle
70,13,0.0,natural_gas_fired_combined_cycle
131,13,0.0,natural_gas_fired_combined_cycle
18,13,0.0,natural_gas_fired_combined_cycle
72,13,0.0,natural_gas_fired_combined_cycle
114,13,0.0,natural_gas_fired_combined_cycle
45,13,0.0,natural_gas_fired_combined_cycle
78,13,0.0,natural_gas_fired_combustion_turbine
75,13,0.0,natural_gas_fired_combustion_turbine
119,13,0.0,natural_gas_fired_combustion_turbine
117,13,0.0,natural_gas_fired_combustion_turbine
134,13,0.0,natural_gas_fired_combustion_turbine
103,13,0.0,natural_gas_fired_combustion_turbine
47,13,0.0,natural_gas_fired_combustion_turbine
8,13,0.0,natural_gas_fired_combustion_turbine
90,13,0.0,natural_gas_fired_combustion_turbine
60,13,0.0,natural_gas_fired_combustion_turbine
46,13,0.0,natural_gas_fired_combustion_turbine
37,13,0.0,natural_gas_fired_combustion_turbine
7,13,0.0,natural_gas_fired_combustion_turbine
133,13,0.0,natural_gas_fired_combustion_turbine
74,13,0.0,natural_gas_fired_combustion_turbine
20,13,0.0,natural_gas_fired_combustion_turbine
135,13,0.0,natural_gas_fired_combustion_turbine
142,13,0.0,natural_gas_fired_combustion_turbine
121,13,0.0,natural_gas_fired_combustion_turbine
91,13,0.0,natural_gas_fired_combustion_turbine
22,13,0.0,natural_gas_steam_turbine
123,13,0.0,natural_gas_steam_turbine
62,13,0.0,natural_gas_steam_turbine
49,13,0.0,natural_gas_steam_turbine
48,13,0.0,natural_gas_steam_turbine
21,13,0.0,natural_gas_steam_turbine
79,13,0.0,nuclear
10,13,0.0,onshore_wind_turbine
23,13,0.0,onshore_wind_turbine
31,13,0.0,onshore_wind_turbine
38,13,0.0,onshore_wind_turbine
50,13,0.0,onshore_wind_turbine
63,13,0.0,onshore_wind_turbine
80,13,0.0,onshore_wind_turbine
94,13,3258.5308,onshore_wind_turbine
105,13,0.0,onshore_wind_turbine
124,13,0.0,onshore_wind_turbine
136,13,0.0,onshore_wind_turbine
144,13,15144.642882884,onshore_wind_turbine
11,13,0.0,small_hydroelectric
24,13,0.0,small_hydroelectric
32,13,0.0,small_hydroelectric
39,13,0.0,small_hydroelectric
51,13,0.0,small_hydroelectric
64,13,0.0,small_hydroelectric
81,13,0.0,small_hydroelectric
95,13,0.0,small_hydroelectric
106,13,0.0,small_hydroelectric
125,13,0.0,small_hydroelectric
137,13,0.0,small_hydroelectric
145,13,0.0,small_hydroelectric
12,13,0.0,solar_photovoltaic
25,13,0.0,solar_photovoltaic
33,13,0.0,solar_photovoltaic
52,13,5495.57218,solar_photovoltaic
65,13,19271.883894116,solar_photovoltaic
82,13,14540.57941,solar_photovoltaic
96,13,0.0,solar_photovoltaic
107,13,0.0,solar_photovoltaic
126,13,0.0,solar_photovoltaic
138,13,3426.401439999999,solar_photovoltaic
26,14,0.0,biomass
13,14,0.0,biomass
108,14,0.0,biomass
40,14,0.0,biomass
97,14,0.0,biomass
1,14,0.0,biomass
66,14,0.0,biomass
2,14,0.0,conventional_hydroelectric
14,14,0.0,conventional_hydroelectric
27,14,88.1932499999934,conventional_hydroelectric
35,14,0.0,conventional_hydroelectric
54,14,172.5405660000009,conventional_hydroelectric
67,14,0.0,conventional_hydroelectric
84,14,688.5555785999859,conventional_hydroelectric
109,14,0.0,conventional_hydroelectric
128,14,0.0,conventional_hydroelectric
139,14,0.0,conventional_hydroelectric
110,14,0.0,conventional_steam_coal
41,14,0.0,conventional_steam_coal
3,14,0.0,conventional_steam_coal
36,14,0.0,conventional_steam_coal
85,14,0.0,conventional_steam_coal
28,14,0.0,geothermal
116,14,0.0,natural_gas_fired_combined_cycle
73,14,0.0,natural_gas_fired_combined_cycle
71,14,0.0,natural_gas_fired_combined_cycle
44,14,0.0,natural_gas_fired_combined_cycle
115,14,0.0,natural_gas_fired_combined_cycle
70,14,0.0,natural_gas_fired_combined_cycle
131,14,0.0,natural_gas_fired_combined_cycle
18,14,0.0,natural_gas_fired_combined_cycle
72,14,0.0,natural_gas_fired_combined_cycle
114,14,0.0,natural_gas_fired_combined_cycle
45,14,0.0,natural_gas_fired_combined_cycle
78,14,0.0,natural_gas_fired_combustion_turbine
75,14,0.0,natural_gas_fired_combustion_turbine
119,14,0.0,natural_gas_fired_combustion_turbine
117,14,0.0,natural_gas_fired_combustion_turbine
134,14,0.0,natural_gas_fired_combustion_turbine
103,14,0.0,natural_gas_fired_combustion_turbine
47,14,0.0,natural_gas_fired_combustion_turbine
8,14,0.0,natural_gas_fired_combustion_turbine
90,14,0.0,natural_gas_fired_combustion_turbine
60,14,0.0,natural_gas_fired_combustion_turbine
46,14,0.0,natural_gas_fired_combustion_turbine
37,14,0.0,natural_gas_fired_combustion_turbine
7,14,0.0,natural_gas_fired_combustion_turbine
133,14,0.0,natural_gas_fired_combustion_turbine
74,14,0.0,natural_gas_fired_combustion_turbine
20,14,0.0,natural_gas_fired_combustion_turbine
135,14,0.0,natural_gas_fired_combustion_turbine
142,14,0.0,natural_gas_fired_combustion_turbine
121,14,0.0,natural_gas_fired_combustion_turbine
91,14,0.0,natural_gas_fired_combustion_turbine
22,14,0.0,natural_gas_steam_turbine
123,14,0.0,natural_gas_steam_turbine
62,14,0.0,natural_gas_steam_turbine
49,14,0.0,natural_gas_steam_turbine
48,14,0.0,natural_gas_steam_turbine
21,14,0.0,natural_gas_steam_turbine
79,14,0.0,nuclear
10,14,0.0,onshore_wind_turbine
23,14,0.0,onshore_wind_turbine
31,14,0.0,onshore_wind_turbine
38,14,0.0,onshore_wind_turbine
50,14,0.0,onshore_wind_turbine
63,14,0.0,onshore_wind_turbine
80,14,0.0,onshore_wind_turbine
94,14,0.0,onshore_wind_turbine
105,14,0.0,onshore_wind_turbine
124,14,0.0,onshore_wind_turbine
136,14,0.0,onshore_wind_turbine
144,14,17147.38698000582,onshore_wind_turbine
11,14,0.0,small_hydroelectric
24,14,0.0,small_hydroelectric
32,14,0.0,small_hydroelectric
39,14,0.0,small_hydroelectric
51,14,0.0,small_hydroelectric
64,14,0.0,small_hydroelectric
81,14,0.0,small_hydroelectric
95,14,0.0,small_hydroelectric
106,14,0.0,small_hydroelectric
125,14,0.0,small_hydroelectric
137,14,0.0,small_hydroelectric
145,14,0.0,small_hydroelectric
12,14,0.0,solar_photovoltaic
25,14,0.0,solar_photovoltaic
33,14,0.0,solar_photovoltaic
52,14,5342.821400000001,solar_photovoltaic
65,14,19450.3901925067,solar_photovoltaic
82,14,0.0,solar_photovoltaic
96,14,0.0,solar_photovoltaic
107,14,17615.4350428875,solar_photovoltaic
126,14,0.0,solar_photovoltaic
138,14,0.0,solar_photovoltaic
26,15,0.0,biomass
13,15,0.0,biomass
108,15,0.0,biomass
40,15,0.0,biomass
97,15,0.0,biomass
1,15,0.0,biomass
66,15,0.0,biomass
2,15,0.0,conventional_hydroelectric
14,15,0.0,conventional_hydroelectric
27,15,205.31388599999303,conventional_hydroelectric
35,15,0.0,conventional_hydroelectric
54,15,258.8108490000015,conventional_hydroelectric
67,15,0.0,conventional_hydroelectric
84,15,3099.9527525999893,conventional_hydroelectric
109,15,0.0,conventional_hydroelectric
128,15,0.0,conventional_hydroelectric
139,15,0.0,conventional_hydroelectric
110,15,0.0,conventional_steam_coal
41,15,0.0,conventional_steam_coal
3,15,0.0,conventional_steam_coal
36,15,0.0,conventional_steam_coal
85,15,0.0,conventional_steam_coal
28,15,0.0,geothermal
116,15,0.0,natural_gas_fired_combined_cycle
73,15,0.0,natural_gas_fired_combined_cycle
71,15,0.0,natural_gas_fired_combined_cycle
44,15,0.0,natural_gas_fired_combined_cycle
115,15,0.0,natural_gas_fired_combined_cycle
70,15,0.0,natural_gas_fired_combined_cycle
131,15,0.0,natural_gas_fired_combined_cycle
18,15,0.0,natural_gas_fired_combined_cycle
72,15,0.0,natural_gas_fired_combined_cycle
114,15,0.0,natural_gas_fired_combined_cycle
45,15,0.0,natural_gas_fired_combined_cycle
78,15,0.0,natural_gas_fired_combustion_turbine
75,15,0.0,natural_gas_fired_combustion_turbine
119,15,0.0,natural_gas_fired_combustion_turbine
117,15,0.0,natural_gas_fired_combustion_turbine
134,15,0.0,natural_gas_fired_combustion_turbine
103,15,0.0,natural_gas_fired_combustion_turbine
47,15,0.0,natural_gas_fired_combustion_turbine
8,15,0.0,natural_gas_fired_combustion_turbine
90,15,0.0,natural_gas_fired_combustion_turbine
60,15,0.0,natural_gas_fired_combustion_turbine
46,15,0.0,natural_gas_fired_combustion_turbine
37,15,0.0,natural_gas_fired_combustion_turbine
7,15,0.0,natural_gas_fired_combustion_turbine
133,15,0.0,natural_gas_fired_combustion_turbine
74,15,0.0,natural_gas_fired_combustion_turbine
20,15,0.0,natural_gas_fired_combustion_turbine
135,15,0.0,natural_gas_fired_combustion_turbine
142,15,0.0,natural_gas_fired_combustion_turbine
121,15,0.0,natural_gas_fired_combustion_turbine
91,15,0.0,natural_gas_fired_combustion_turbine
22,15,0.0,natural_gas_steam_turbine
123,15,0.0,natural_gas_steam_turbine
62,15,0.0,natural_gas_steam_turbine
49,15,0.0,natural_gas_steam_turbine
48,15,0.0,natural_gas_steam_turbine
21,15,0.0,natural_gas_steam_turbine
79,15,0.0,nuclear
10,15,0.0,onshore_wind_turbine
23,15,8428.1582,onshore_wind_turbine
31,15,0.0,onshore_wind_turbine
38,15,371.5047,onshore_wind_turbine
50,15,1976.82828,onshore_wind_turbine
63,15,249.85267992160001,onshore_wind_turbine
80,15,0.0,onshore_wind_turbine
94,15,4303.026,onshore_wind_turbine
105,15,0.0,onshore_wind_turbine
124,15,0.0,onshore_wind_turbine
136,15,1156.66698,onshore_wind_turbine
144,15,0.0,onshore_wind_turbine
11,15,0.0,small_hydroelectric
24,15,0.0,small_hydroelectric
32,15,0.0,small_hydroelectric
39,15,0.0,small_hydroelectric
51,15,0.0,small_hydroelectric
64,15,0.0,small_hydroelectric
81,15,0.0,small_hydroelectric
95,15,0.0,small_hydroelectric
106,15,0.0,small_hydroelectric
125,15,0.0,small_hydroelectric
137,15,0.0,small_hydroelectric
145,15,0.0,small_hydroelectric
12,15,10164.062160000001,solar_photovoltaic
25,15,2398.9900895491955,solar_photovoltaic
33,15,0.0,solar_photovoltaic
52,15,0.0,solar_photovoltaic
65,15,18301.3923410395,solar_photovoltaic
82,15,12343.787190000001,solar_photovoltaic
96,15,828.3913399999999,solar_photovoltaic
107,15,0.0,solar_photovoltaic
126,15,32523.384201889727,solar_photovoltaic
138,15,3382.1102699999997,solar_photovoltaic
26,16,0.0,biomass
13,16,0.0,biomass
108,16,0.0,biomass
40,16,0.0,biomass
97,16,0.0,biomass
1,16,0.0,biomass
66,16,0.0,biomass
2,16,135.639142799998,conventional_hydroelectric
14,16,0.0,conventional_hydroelectric
27,16,322.4345219999924,conventional_hydroelectric
35,16,113.14200479999806,conventional_hydroelectric
54,16,345.0811320000022,conventional_hydroelectric
67,16,0.0,conventional_hydroelectric
84,16,5511.349926599993,conventional_hydroelectric
109,16,0.0,conventional_hydroelectric
128,16,6.891719999999886,conventional_hydroelectric
139,16,0.0,conventional_hydroelectric
110,16,0.0,conventional_steam_coal
41,16,0.0,conventional_steam_coal
3,16,0.0,conventional_steam_coal
36,16,0.0,conventional_steam_coal
85,16,0.0,conventional_steam_coal
28,16,0.0,geothermal
116,16,0.0,natural_gas_fired_combined_cycle
73,16,0.0,natural_gas_fired_combined_cycle
71,16,0.0,natural_gas_fired_combined_cycle
44,16,0.0,natural_gas_fired_combined_cycle
115,16,0.0,natural_gas_fired_combined_cycle
70,16,0.0,natural_gas_fired_combined_cycle
131,16,0.0,natural_gas_fired_combined_cycle
18,16,0.0,natural_gas_fired_combined_cycle
72,16,0.0,natural_gas_fired_combined_cycle
114,16,0.0,natural_gas_fired_combined_cycle
45,16,0.0,natural_gas_fired_combined_cycle
78,16,0.0,natural_gas_fired_combustion_turbine
75,16,0.0,natural_gas_fired_combustion_turbine
119,16,0.0,natural_gas_fired_combustion_turbine
117,16,0.0,natural_gas_fired_combustion_turbine
134,16,0.0,natural_gas_fired_combustion_turbine
103,16,0.0,natural_gas_fired_combustion_turbine
47,16,0.0,natural_gas_fired_combustion_turbine
8,16,0.0,natural_gas_fired_combustion_turbine
90,16,0.0,natural_gas_fired_combustion_turbine
60,16,0.0,natural_gas_fired_combustion_turbine
46,16,0.0,natural_gas_fired_combustion_turbine
37,16,0.0,natural_gas_fired_combustion_turbine
7,16,0.0,natural_gas_fired_combustion_turbine
133,16,0.0,natural_gas_fired_combustion_turbine
74,16,0.0,natural_gas_fired_combustion_turbine
20,16,0.0,natural_gas_fired_combustion_turbine
135,16,0.0,natural_gas_fired_combustion_turbine
142,16,0.0,natural_gas_fired_combustion_turbine
121,16,0.0,natural_gas_fired_combustion_turbine
91,16,0.0,natural_gas_fired_combustion_turbine
22,16,0.0,natural_gas_steam_turbine
123,16,0.0,natural_gas_steam_turbine
62,16,0.0,natural_gas_steam_turbine
49,16,0.0,natural_gas_steam_turbine
48,16,0.0,natural_gas_steam_turbine
21,16,0.0,natural_gas_steam_turbine
79,16,0.0,nuclear
10,16,51.691570000000006,onshore_wind_turbine
23,16,6002.0114,onshore_wind_turbine
31,16,746.88089,onshore_wind_turbine
38,16,449.89560000000006,onshore_wind_turbine
50,16,1485.66978,onshore_wind_turbine
63,16,182.83803973119998,onshore_wind_turbine
80,16,5.575919999999999,onshore_wind_turbine
94,16,3625.635220297413,onshore_wind_turbine
105,16,14.408939558999998,onshore_wind_turbine
124,16,1587.2983826854004,onshore_wind_turbine
136,16,744.7280400000001,onshore_wind_turbine
144,16,15457.460129999998,onshore_wind_turbine
11,16,0.0,small_hydroelectric
24,16,0.0,small_hydroelectric
32,16,0.0,small_hydroelectric
39,16,0.0,small_hydroelectric
51,16,0.0,small_hydroelectric
64,16,0.0,small_hydroelectric
81,16,0.0,small_hydroelectric
95,16,0.0,small_hydroelectric
106,16,0.0,small_hydroelectric
125,16,0.0,small_hydroelectric
137,16,0.0,small_hydroelectric
145,16,0.0,small_hydroelectric
12,16,0.0,solar_photovoltaic
25,16,0.0,solar_photovoltaic
33,16,0.0,solar_photovoltaic
52,16,3509.1208600000004,solar_photovoltaic
65,16,15938.323093777,solar_photovoltaic
82,16,10264.053170000001,solar_photovoltaic
96,16,0.0,solar_photovoltaic
107,16,0.0,solar_photovoltaic
126,16,31151.77374575,solar_photovoltaic
138,16,3004.03719,solar_photovoltaic
26,17,0.0,biomass
13,17,0.0,biomass
108,17,0.0,biomass
40,17,0.0,biomass
97,17,0.0,biomass
1,17,0.0,biomass
66,17,0.0,biomass
2,17,364.9273067999982,conventional_hydroelectric
14,17,39.04353199999999,conventional_hydroelectric
27,17,439.55515799999176,conventional_hydroelectric
35,17,320.44413279999833,conventional_hydroelectric
54,17,431.35141500000293,conventional_hydroelectric
67,17,592.2207794062169,conventional_hydroelectric
84,17,7922.747100599996,conventional_hydroelectric
109,17,0.0,conventional_hydroelectric
128,17,19.491119999999903,conventional_hydroelectric
139,17,18.02615039999999,conventional_hydroelectric
110,17,0.0,conventional_steam_coal
41,17,0.0,conventional_steam_coal
3,17,0.0,conventional_steam_coal
36,17,0.0,conventional_steam_coal
85,17,0.0,conventional_steam_coal
28,17,0.0,geothermal
116,17,0.0,natural_gas_fired_combined_cycle
73,17,0.0,natural_gas_fired_combined_cycle
71,17,0.0,natural_gas_fired_combined_cycle
44,17,0.0,natural_gas_fired_combined_cycle
115,17,0.0,natural_gas_fired_combined_cycle
70,17,0.0,natural_gas_fired_combined_cycle
131,17,0.0,natural_gas_fired_combined_cycle
18,17,0.0,natural_gas_fired_combined_cycle
72,17,0.0,natural_gas_fired_combined_cycle
114,17,0.0,natural_gas_fired_combined_cycle
45,17,0.0,natural_gas_fired_combined_cycle
78,17,0.0,natural_gas_fired_combustion_turbine
75,17,0.0,natural_gas_fired_combustion_turbine
119,17,0.0,natural_gas_fired_combustion_turbine
117,17,0.0,natural_gas_fired_combustion_turbine
134,17,0.0,natural_gas_fired_combustion_turbine
103,17,0.0,natural_gas_fired_combustion_turbine
47,17,0.0,natural_gas_fired_combustion_turbine
8,17,0.0,natural_gas_fired_combustion_turbine
90,17,0.0,natural_gas_fired_combustion_turbine
60,17,0.0,natural_gas_fired_combustion_turbine
46,17,0.0,natural_gas_fired_combustion_turbine
37,17,0.0,natural_gas_fired_combustion_turbine
7,17,0.0,natural_gas_fired_combustion_turbine
133,17,0.0,natural_gas_fired_combustion_turbine
74,17,0.0,natural_gas_fired_combustion_turbine
20,17,0.0,natural_gas_fired_combustion_turbine
135,17,0.0,natural_gas_fired_combustion_turbine
142,17,0.0,natural_gas_fired_combustion_turbine
121,17,0.0,natural_gas_fired_combustion_turbine
91,17,0.0,natural_gas_fired_combustion_turbine
22,17,0.0,natural_gas_steam_turbine
123,17,0.0,natural_gas_steam_turbine
62,17,0.0,natural_gas_steam_turbine
49,17,0.0,natural_gas_steam_turbine
48,17,0.0,natural_gas_steam_turbine
21,17,0.0,natural_gas_steam_turbine
79,17,1851.4997500000009,nuclear
10,17,67.90147,onshore_wind_turbine
23,17,2748.515,onshore_wind_turbine
31,17,932.11685,onshore_wind_turbine
38,17,283.45695,onshore_wind_turbine
50,17,1251.94608,onshore_wind_turbine
63,17,192.89732005599998,onshore_wind_turbine
80,17,1635.6031999999998,onshore_wind_turbine
94,17,3254.8529999999996,onshore_wind_turbine
105,17,1.4551915228366852e-11,onshore_wind_turbine
124,17,0.0,onshore_wind_turbine
136,17,517.1722500000001,onshore_wind_turbine
144,17,13560.693299999999,onshore_wind_turbine
11,17,0.0,small_hydroelectric
24,17,0.0,small_hydroelectric
32,17,0.0,small_hydroelectric
39,17,0.0,small_hydroelectric
51,17,0.0,small_hydroelectric
64,17,0.0,small_hydroelectric
81,17,0.0,small_hydroelectric
95,17,0.0,small_hydroelectric
106,17,0.0,small_hydroelectric
125,17,0.0,small_hydroelectric
137,17,0.0,small_hydroelectric
145,17,0.0,small_hydroelectric
12,17,6155.50068,solar_photovoltaic
25,17,1061.1943999999999,solar_photovoltaic
33,17,585.1902,solar_photovoltaic
52,17,2130.90794,solar_photovoltaic
65,17,11806.1139685699,solar_photovoltaic
82,17,6748.40523,solar_photovoltaic
96,17,570.23533,solar_photovoltaic
107,17,10923.164716899402,solar_photovoltaic
126,17,24523.438999468497,solar_photovoltaic
138,17,2199.9469799999997,solar_photovoltaic
26,18,11.235,biomass
13,18,15.682,biomass
108,18,137.081,biomass
40,18,5.952,biomass
97,18,178.173,biomass
1,18,16.294,biomass
66,18,228.795,biomass
2,18,594.2154707999985,conventional_hydroelectric
14,18,78.087064,conventional_hydroelectric
27,18,556.6757939999908,conventional_hydroelectric
35,18,527.7462607999986,conventional_hydroelectric
54,18,517.621698000004,conventional_hydroelectric
67,18,1195.963360406217,conventional_hydroelectric
84,18,10334.1442746,conventional_hydroelectric
109,18,103.3749928614,conventional_hydroelectric
128,18,32.09051999999992,conventional_hydroelectric
139,18,37.35651839999999,conventional_hydroelectric
110,18,28.5,conventional_steam_coal
41,18,0.0,conventional_steam_coal
3,18,6041.9244100000005,conventional_steam_coal
36,18,1018.5414299999989,conventional_steam_coal
85,18,84.34927549106442,conventional_steam_coal
28,18,74.364,geothermal
116,18,0.0,natural_gas_fired_combined_cycle
73,18,0.0,natural_gas_fired_combined_cycle
71,18,0.0,natural_gas_fired_combined_cycle
44,18,0.0,natural_gas_fired_combined_cycle
115,18,0.0,natural_gas_fired_combined_cycle
70,18,0.0,natural_gas_fired_combined_cycle
131,18,0.0,natural_gas_fired_combined_cycle
18,18,0.0,natural_gas_fired_combined_cycle
72,18,0.0,natural_gas_fired_combined_cycle
114,18,0.0,natural_gas_fired_combined_cycle
45,18,0.0,natural_gas_fired_combined_cycle
78,18,0.0,natural_gas_fired_combustion_turbine
75,18,0.0,natural_gas_fired_combustion_turbine
119,18,0.0,natural_gas_fired_combustion_turbine
117,18,0.0,natural_gas_fired_combustion_turbine
134,18,0.0,natural_gas_fired_combustion_turbine
103,18,0.0,natural_gas_fired_combustion_turbine
47,18,0.0,natural_gas_fired_combustion_turbine
8,18,0.0,natural_gas_fired_combustion_turbine
90,18,0.0,natural_gas_fired_combustion_turbine
60,18,0.0,natural_gas_fired_combustion_turbine
46,18,0.0,natural_gas_fired_combustion_turbine
37,18,0.0,natural_gas_fired_combustion_turbine
7,18,0.0,natural_gas_fired_combustion_turbine
133,18,0.0,natural_gas_fired_combustion_turbine
74,18,0.0,natural_gas_fired_combustion_turbine
20,18,0.0,natural_gas_fired_combustion_turbine
135,18,0.0,natural_gas_fired_combustion_turbine
142,18,0.0,natural_gas_fired_combustion_turbine
121,18,0.0,natural_gas_fired_combustion_turbine
91,18,0.0,natural_gas_fired_combustion_turbine
22,18,0.0,natural_gas_steam_turbine
123,18,0.0,natural_gas_steam_turbine
62,18,0.0,natural_gas_steam_turbine
49,18,0.0,natural_gas_steam_turbine
48,18,0.0,natural_gas_steam_turbine
21,18,0.0,natural_gas_steam_turbine
79,18,3702.9995000000017,nuclear
10,18,132.56096,onshore_wind_turbine
23,18,1665.8796,onshore_wind_turbine
31,18,1113.7905799999999,onshore_wind_turbine
38,18,399.90720000000005,onshore_wind_turbine
50,18,782.4662999999999,onshore_wind_turbine
63,18,56.671999692,onshore_wind_turbine
80,18,2861.37628,onshore_wind_turbine
94,18,7105.5096,onshore_wind_turbine
105,18,270.215680182,onshore_wind_turbine
124,18,732.7112896026001,onshore_wind_turbine
136,18,664.67877,onshore_wind_turbine
144,18,7928.788139999999,onshore_wind_turbine
11,18,19.125,small_hydroelectric
24,18,62.577,small_hydroelectric
32,18,192.0,small_hydroelectric
39,18,52.9,small_hydroelectric
51,18,25.641,small_hydroelectric
64,18,6.128,small_hydroelectric
81,18,241.672,small_hydroelectric
95,18,418.922,small_hydroelectric
106,18,31.614,small_hydroelectric
125,18,100.697,small_hydroelectric
137,18,36.822,small_hydroelectric
145,18,33.21,small_hydroelectric
12,18,2197.7877599999997,solar_photovoltaic
25,18,0.0,solar_photovoltaic
33,18,105.80605,solar_photovoltaic
52,18,0.0,solar_photovoltaic
65,18,5221.354958800401,solar_photovoltaic
82,18,2198.74319,solar_photovoltaic
96,18,273.87752,solar_photovoltaic
107,18,5370.520893769501,solar_photovoltaic
126,18,13001.908299992501,solar_photovoltaic
138,18,731.0326099999999,solar_photovoltaic
26,19,11.235,biomass
13,19,15.682,biomass
108,19,137.081,biomass
40,19,5.952,biomass
97,19,178.173,biomass
1,19,16.294,biomass
66,19,228.795,biomass
2,19,823.5036347999999,conventional_hydroelectric
14,19,90.64685080000001,conventional_hydroelectric
27,19,673.79643,conventional_hydroelectric
35,19,735.0483888,conventional_hydroelectric
54,19,603.8919810000051,conventional_hydroelectric
67,19,1196.743228518708,conventional_hydroelectric
84,19,12745.541448599999,conventional_hydroelectric
109,19,103.3749928614,conventional_hydroelectric
128,19,44.68992,conventional_hydroelectric
139,19,37.403097599999995,conventional_hydroelectric
110,19,50.0,conventional_steam_coal
41,19,7219.002,conventional_steam_coal
3,19,14050.987,conventional_steam_coal
36,19,2368.701,conventional_steam_coal
85,19,848.149275491065,conventional_steam_coal
28,19,74.364,geothermal
116,19,36.16000000000003,natural_gas_fired_combined_cycle
73,19,412.6080000000011,natural_gas_fired_combined_cycle
71,19,0.0,natural_gas_fired_combined_cycle
44,19,0.0,natural_gas_fired_combined_cycle
115,19,0.0,natural_gas_fired_combined_cycle
70,19,0.0,natural_gas_fired_combined_cycle
131,19,0.0,natural_gas_fired_combined_cycle
18,19,0.0,natural_gas_fired_combined_cycle
72,19,0.0,natural_gas_fired_combined_cycle
114,19,0.0,natural_gas_fired_combined_cycle
45,19,0.0,natural_gas_fired_combined_cycle
78,19,257.0,natural_gas_fired_combustion_turbine
75,19,0.0,natural_gas_fired_combustion_turbine
119,19,0.0,natural_gas_fired_combustion_turbine
117,19,0.0,natural_gas_fired_combustion_turbine
134,19,0.0,natural_gas_fired_combustion_turbine
103,19,0.0,natural_gas_fired_combustion_turbine
47,19,0.0,natural_gas_fired_combustion_turbine
8,19,0.0,natural_gas_fired_combustion_turbine
90,19,0.0,natural_gas_fired_combustion_turbine
60,19,0.0,natural_gas_fired_combustion_turbine
46,19,0.0,natural_gas_fired_combustion_turbine
37,19,0.0,natural_gas_fired_combustion_turbine
7,19,0.0,natural_gas_fired_combustion_turbine
133,19,0.0,natural_gas_fired_combustion_turbine
74,19,0.0,natural_gas_fired_combustion_turbine
20,19,0.0,natural_gas_fired_combustion_turbine
135,19,0.0,natural_gas_fired_combustion_turbine
142,19,0.0,natural_gas_fired_combustion_turbine
121,19,0.0,natural_gas_fired_combustion_turbine
91,19,0.0,natural_gas_fired_combustion_turbine
22,19,0.0,natural_gas_steam_turbine
123,19,0.0,natural_gas_steam_turbine
62,19,0.0,natural_gas_steam_turbine
49,19,0.0,natural_gas_steam_turbine
48,19,0.0,natural_gas_steam_turbine
21,19,0.0,natural_gas_steam_turbine
79,19,5554.499250000003,nuclear
10,19,536.1874700000001,onshore_wind_turbine
23,19,1166.4884,onshore_wind_turbine
31,19,1407.08085,onshore_wind_turbine
38,19,277.20840000000004,onshore_wind_turbine
50,19,1006.70556,onshore_wind_turbine
63,19,65.5919600672,onshore_wind_turbine
80,19,2293.5617599999996,onshore_wind_turbine
94,19,7947.725799999999,onshore_wind_turbine
105,19,1097.3191600769999,onshore_wind_turbine
124,19,1807.3584913846003,onshore_wind_turbine
136,19,1013.6576100000001,onshore_wind_turbine
144,19,5616.765629999999,onshore_wind_turbine
11,19,19.125,small_hydroelectric
24,19,62.577,small_hydroelectric
32,19,192.0,small_hydroelectric
39,19,52.9,small_hydroelectric
51,19,25.641,small_hydroelectric
64,19,6.128,small_hydroelectric
81,19,241.672,small_hydroelectric
95,19,418.922,small_hydroelectric
106,19,31.614,small_hydroelectric
125,19,100.697,small_hydroelectric
137,19,36.822,small_hydroelectric
145,19,33.21,small_hydroelectric
12,19,0.0,solar_photovoltaic
25,19,0.0,solar_photovoltaic
33,19,0.0,solar_photovoltaic
52,19,0.0,solar_photovoltaic
65,19,0.0,solar_photovoltaic
82,19,0.0,solar_photovoltaic
96,19,0.0,solar_photovoltaic
107,19,0.0,solar_photovoltaic
126,19,0.0,solar_photovoltaic
138,19,0.0,solar_photovoltaic
26,20,11.235,biomass
13,20,15.682,biomass
108,20,137.081,biomass
40,20,5.952,biomass
97,20,178.173,biomass
1,20,16.294,biomass
66,20,228.795,biomass
2,20,823.7798856000001,conventional_hydroelectric
14,20,90.8350124,conventional_hydroelectric
27,20,674.501976,conventional_hydroelectric
35,20,735.547912,conventional_hydroelectric
54,20,628.837605,conventional_hydroelectric
67,20,1197.523089357192,conventional_hydroelectric
84,20,12754.257341999999,conventional_hydroelectric
109,20,103.3749928614,conventional_hydroelectric
128,20,44.72028,conventional_hydroelectric
139,20,37.4263872,conventional_hydroelectric
110,20,50.0,conventional_steam_coal
41,20,7219.002,conventional_steam_coal
3,20,14050.987,conventional_steam_coal
36,20,2368.701,conventional_steam_coal
85,20,1340.0,conventional_steam_coal
28,20,74.364,geothermal
116,20,56.5,natural_gas_fired_combined_cycle
73,20,412.60800000000006,natural_gas_fired_combined_cycle
71,20,0.0,natural_gas_fired_combined_cycle
44,20,0.0,natural_gas_fired_combined_cycle
115,20,0.0,natural_gas_fired_combined_cycle
70,20,0.0,natural_gas_fired_combined_cycle
131,20,0.0,natural_gas_fired_combined_cycle
18,20,0.0,natural_gas_fired_combined_cycle
72,20,0.0,natural_gas_fired_combined_cycle
114,20,0.0,natural_gas_fired_combined_cycle
45,20,0.0,natural_gas_fired_combined_cycle
78,20,257.0,natural_gas_fired_combustion_turbine
75,20,0.0,natural_gas_fired_combustion_turbine
119,20,0.0,natural_gas_fired_combustion_turbine
117,20,0.0,natural_gas_fired_combustion_turbine
134,20,0.0,natural_gas_fired_combustion_turbine
103,20,0.0,natural_gas_fired_combustion_turbine
47,20,0.0,natural_gas_fired_combustion_turbine
8,20,0.0,natural_gas_fired_combustion_turbine
90,20,0.0,natural_gas_fired_combustion_turbine
60,20,0.0,natural_gas_fired_combustion_turbine
46,20,0.0,natural_gas_fired_combustion_turbine
37,20,0.0,natural_gas_fired_combustion_turbine
7,20,0.0,natural_gas_fired_combustion_turbine
133,20,0.0,natural_gas_fired_combustion_turbine
74,20,0.0,natural_gas_fired_combustion_turbine
20,20,0.0,natural_gas_fired_combustion_turbine
135,20,0.0,natural_gas_fired_combustion_turbine
142,20,0.0,natural_gas_fired_combustion_turbine
121,20,0.0,natural_gas_fired_combustion_turbine
91,20,0.0,natural_gas_fired_combustion_turbine
22,20,0.0,natural_gas_steam_turbine
123,20,0.0,natural_gas_steam_turbine
62,20,0.0,natural_gas_steam_turbine
49,20,0.0,natural_gas_steam_turbine
48,20,0.0,natural_gas_steam_turbine
21,20,0.0,natural_gas_steam_turbine
79,20,7405.999,nuclear
10,20,676.67327,onshore_wind_turbine
23,20,683.8678000000001,onshore_wind_turbine
31,20,2140.9002299999997,onshore_wind_turbine
38,20,506.7006,onshore_wind_turbine
50,20,2997.08304,onshore_wind_turbine
63,20,168.7403197928,onshore_wind_turbine
80,20,1893.0248399999998,onshore_wind_turbine
94,20,6980.4644,onshore_wind_turbine
105,20,2049.589220952,onshore_wind_turbine
124,20,6059.604402898201,onshore_wind_turbine
136,20,1598.2871100000002,onshore_wind_turbine
144,20,3771.9057599999996,onshore_wind_turbine
11,20,19.125,small_hydroelectric
24,20,62.577,small_hydroelectric
32,20,192.0,small_hydroelectric
39,20,52.9,small_hydroelectric
51,20,25.641,small_hydroelectric
64,20,6.128,small_hydroelectric
81,20,241.672,small_hydroelectric
95,20,418.922,small_hydroelectric
106,20,31.614,small_hydroelectric
125,20,100.697,small_hydroelectric
137,20,36.822,small_hydroelectric
145,20,33.21,small_hydroelectric
12,20,0.0,solar_photovoltaic
25,20,0.0,solar_photovoltaic
33,20,0.0,solar_photovoltaic
52,20,0.0,solar_photovoltaic
65,20,0.0,solar_photovoltaic
82,20,0.0,solar_photovoltaic
96,20,0.0,solar_photovoltaic
107,20,0.0,solar_photovoltaic
126,20,0.0,solar_photovoltaic
138,20,0.0,solar_photovoltaic
26,21,11.235,biomass
13,21,15.682,biomass
108,21,137.081,biomass
40,21,5.952,biomass
97,21,178.173,biomass
1,21,16.294,biomass
66,21,228.795,biomass
2,21,823.7798856000001,conventional_hydroelectric
14,21,90.9761336,conventional_hydroelectric
27,21,675.207522,conventional_hydroelectric
35,21,735.7976735999999,conventional_hydroelectric
54,21,629.0454852,conventional_hydroelectric
67,21,1198.355417608167,conventional_hydroelectric
84,21,12765.8785332,conventional_hydroelectric
109,21,103.51461286140001,conventional_hydroelectric
128,21,44.750640000000004,conventional_hydroelectric
139,21,37.4729664,conventional_hydroelectric
110,21,50.0,conventional_steam_coal
41,21,7219.002,conventional_steam_coal
3,21,14050.987,conventional_steam_coal
36,21,2368.701,conventional_steam_coal
85,21,763.8,conventional_steam_coal
28,21,74.364,geothermal
116,21,36.160000000000004,natural_gas_fired_combined_cycle
73,21,0.0,natural_gas_fired_combined_cycle
71,21,0.0,natural_gas_fired_combined_cycle
44,21,0.0,natural_gas_fired_combined_cycle
115,21,0.0,natural_gas_fired_combined_cycle
70,21,0.0,natural_gas_fired_combined_cycle
131,21,0.0,natural_gas_fired_combined_cycle
18,21,0.0,natural_gas_fired_combined_cycle
72,21,0.0,natural_gas_fired_combined_cycle
114,21,0.0,natural_gas_fired_combined_cycle
45,21,0.0,natural_gas_fired_combined_cycle
78,21,0.0,natural_gas_fired_combustion_turbine
75,21,0.0,natural_gas_fired_combustion_turbine
119,21,0.0,natural_gas_fired_combustion_turbine
117,21,0.0,natural_gas_fired_combustion_turbine
134,21,0.0,natural_gas_fired_combustion_turbine
103,21,0.0,natural_gas_fired_combustion_turbine
47,21,0.0,natural_gas_fired_combustion_turbine
8,21,0.0,natural_gas_fired_combustion_turbine
90,21,0.0,natural_gas_fired_combustion_turbine
60,21,0.0,natural_gas_fired_combustion_turbine
46,21,0.0,natural_gas_fired_combustion_turbine
37,21,0.0,natural_gas_fired_combustion_turbine
7,21,0.0,natural_gas_fired_combustion_turbine
133,21,0.0,natural_gas_fired_combustion_turbine
74,21,0.0,natural_gas_fired_combustion_turbine
20,21,0.0,natural_gas_fired_combustion_turbine
135,21,0.0,natural_gas_fired_combustion_turbine
142,21,0.0,natural_gas_fired_combustion_turbine
121,21,0.0,natural_gas_fired_combustion_turbine
91,21,0.0,natural_gas_fired_combustion_turbine
22,21,0.0,natural_gas_steam_turbine
123,21,0.0,natural_gas_steam_turbine
62,21,0.0,natural_gas_steam_turbine
49,21,0.0,natural_gas_steam_turbine
48,21,0.0,natural_gas_steam_turbine
21,21,0.0,natural_gas_steam_turbine
79,21,7405.999,nuclear
10,21,631.10544,onshore_wind_turbine
23,21,873.9345999999999,onshore_wind_turbine
31,21,2370.07036,onshore_wind_turbine
38,21,637.92015,onshore_wind_turbine
50,21,3617.6364,onshore_wind_turbine
63,21,233.1187597088,onshore_wind_turbine
80,21,2305.64292,onshore_wind_turbine
94,21,7933.0146,onshore_wind_turbine
105,21,2286.761400882,onshore_wind_turbine
124,21,9448.996979175601,onshore_wind_turbine
136,21,1989.5391600000003,onshore_wind_turbine
144,21,4258.533509999999,onshore_wind_turbine
11,21,19.125,small_hydroelectric
24,21,62.577,small_hydroelectric
32,21,192.0,small_hydroelectric
39,21,52.9,small_hydroelectric
51,21,25.641,small_hydroelectric
64,21,6.128,small_hydroelectric
81,21,241.672,small_hydroelectric
95,21,418.922,small_hydroelectric
106,21,31.614,small_hydroelectric
125,21,100.697,small_hydroelectric
137,21,36.822,small_hydroelectric
145,21,33.21,small_hydroelectric
12,21,0.0,solar_photovoltaic
25,21,0.0,solar_photovoltaic
33,21,0.0,solar_photovoltaic
52,21,0.0,solar_photovoltaic
65,21,0.0,solar_photovoltaic
82,21,0.0,solar_photovoltaic
96,21,0.0,solar_photovoltaic
107,21,0.0,solar_photovoltaic
126,21,0.0,solar_photovoltaic
138,21,0.0,solar_photovoltaic
26,22,11.235,biomass
13,22,15.682,biomass
108,22,137.081,biomass
40,22,5.952,biomass
97,22,178.173,biomass
1,22,16.294,biomass
66,22,228.795,biomass
2,22,824.0561364,conventional_hydroelectric
14,22,91.1172548,conventional_hydroelectric
27,22,675.9130680000001,conventional_hydroelectric
35,22,736.2971968,conventional_hydroelectric
54,22,629.1494253,conventional_hydroelectric
67,22,1199.8102190081668,conventional_hydroelectric
84,22,12774.594426599999,conventional_hydroelectric
109,22,103.51461286140001,conventional_hydroelectric
128,22,44.781,conventional_hydroelectric
139,22,37.519545599999994,conventional_hydroelectric
110,22,50.0,conventional_steam_coal
41,22,0.0,conventional_steam_coal
3,22,6041.924409999969,conventional_steam_coal
36,22,1018.5414299999964,conventional_steam_coal
85,22,0.0,conventional_steam_coal
28,22,74.364,geothermal
116,22,0.0,natural_gas_fired_combined_cycle
73,22,0.0,natural_gas_fired_combined_cycle
71,22,0.0,natural_gas_fired_combined_cycle
44,22,0.0,natural_gas_fired_combined_cycle
115,22,0.0,natural_gas_fired_combined_cycle
70,22,0.0,natural_gas_fired_combined_cycle
131,22,0.0,natural_gas_fired_combined_cycle
18,22,0.0,natural_gas_fired_combined_cycle
72,22,0.0,natural_gas_fired_combined_cycle
114,22,0.0,natural_gas_fired_combined_cycle
45,22,0.0,natural_gas_fired_combined_cycle
78,22,0.0,natural_gas_fired_combustion_turbine
75,22,0.0,natural_gas_fired_combustion_turbine
119,22,0.0,natural_gas_fired_combustion_turbine
117,22,0.0,natural_gas_fired_combustion_turbine
134,22,0.0,natural_gas_fired_combustion_turbine
103,22,0.0,natural_gas_fired_combustion_turbine
47,22,0.0,natural_gas_fired_combustion_turbine
8,22,0.0,natural_gas_fired_combustion_turbine
90,22,0.0,natural_gas_fired_combustion_turbine
60,22,0.0,natural_gas_fired_combustion_turbine
46,22,0.0,natural_gas_fired_combustion_turbine
37,22,0.0,natural_gas_fired_combustion_turbine
7,22,0.0,natural_gas_fired_combustion_turbine
133,22,0.0,natural_gas_fired_combustion_turbine
74,22,0.0,natural_gas_fired_combustion_turbine
20,22,0.0,natural_gas_fired_combustion_turbine
135,22,0.0,natural_gas_fired_combustion_turbine
142,22,0.0,natural_gas_fired_combustion_turbine
121,22,0.0,natural_gas_fired_combustion_turbine
91,22,0.0,natural_gas_fired_combustion_turbine
22,22,0.0,natural_gas_steam_turbine
123,22,0.0,natural_gas_steam_turbine
62,22,0.0,natural_gas_steam_turbine
49,22,0.0,natural_gas_steam_turbine
48,22,0.0,natural_gas_steam_turbine
21,22,0.0,natural_gas_steam_turbine
79,22,7405.999,nuclear
10,22,897.30802,onshore_wind_turbine
23,22,1650.9723999999999,onshore_wind_turbine
31,22,2183.64699,onshore_wind_turbine
38,22,704.382,onshore_wind_turbine
50,22,4225.31802,onshore_wind_turbine
63,22,141.84408011199997,onshore_wind_turbine
80,22,2530.5383599999996,onshore_wind_turbine
94,22,9933.7378,onshore_wind_turbine
105,22,2512.231398852,onshore_wind_turbine
124,22,14775.793762576002,onshore_wind_turbine
136,22,3275.7240600000005,onshore_wind_turbine
144,22,3739.4639099999995,onshore_wind_turbine
11,22,19.125,small_hydroelectric
24,22,62.577,small_hydroelectric
32,22,192.0,small_hydroelectric
39,22,52.9,small_hydroelectric
51,22,25.641,small_hydroelectric
64,22,6.128,small_hydroelectric
81,22,241.672,small_hydroelectric
95,22,418.922,small_hydroelectric
106,22,31.614,small_hydroelectric
125,22,100.697,small_hydroelectric
137,22,36.822,small_hydroelectric
145,22,33.21,small_hydroelectric
12,22,0.0,solar_photovoltaic
25,22,0.0,solar_photovoltaic
33,22,0.0,solar_photovoltaic
52,22,0.0,solar_photovoltaic
65,22,0.0,solar_photovoltaic
82,22,0.0,solar_photovoltaic
96,22,0.0,solar_photovoltaic
107,22,0.0,solar_photovoltaic
126,22,0.0,solar_photovoltaic
138,22,0.0,solar_photovoltaic
26,23,11.235,biomass
13,23,15.682,biomass
108,23,137.081,biomass
40,23,5.952,biomass
97,23,178.173,biomass
1,23,16.294,biomass
66,23,228.795,biomass
2,23,824.3323872,conventional_hydroelectric
14,23,91.258376,conventional_hydroelectric
27,23,676.7597232,conventional_hydroelectric
35,23,736.7967199999999,conventional_hydroelectric
54,23,629.3573055,conventional_hydroelectric
67,23,1200.590079846651,conventional_hydroelectric
84,23,12786.215617799999,conventional_hydroelectric
109,23,103.51461286140001,conventional_hydroelectric
128,23,44.81136000000001,conventional_hydroelectric
139,23,37.5661248,conventional_hydroelectric
110,23,50.0,conventional_steam_coal
41,23,7219.002,conventional_steam_coal
3,23,0.0,conventional_steam_coal
36,23,0.0,conventional_steam_coal
85,23,0.0,conventional_steam_coal
28,23,74.364,geothermal
116,23,0.0,natural_gas_fired_combined_cycle
73,23,0.0,natural_gas_fired_combined_cycle
71,23,0.0,natural_gas_fired_combined_cycle
44,23,0.0,natural_gas_fired_combined_cycle
115,23,0.0,natural_gas_fired_combined_cycle
70,23,0.0,natural_gas_fired_combined_cycle
131,23,0.0,natural_gas_fired_combined_cycle
18,23,0.0,natural_gas_fired_combined_cycle
72,23,0.0,natural_gas_fired_combined_cycle
114,23,0.0,natural_gas_fired_combined_cycle
45,23,0.0,natural_gas_fired_combined_cycle
78,23,0.0,natural_gas_fired_combustion_turbine
75,23,0.0,natural_gas_fired_combustion_turbine
119,23,0.0,natural_gas_fired_combustion_turbine
117,23,0.0,natural_gas_fired_combustion_turbine
134,23,0.0,natural_gas_fired_combustion_turbine
103,23,0.0,natural_gas_fired_combustion_turbine
47,23,0.0,natural_gas_fired_combustion_turbine
8,23,0.0,natural_gas_fired_combustion_turbine
90,23,0.0,natural_gas_fired_combustion_turbine
60,23,0.0,natural_gas_fired_combustion_turbine
46,23,0.0,natural_gas_fired_combustion_turbine
37,23,0.0,natural_gas_fired_combustion_turbine
7,23,0.0,natural_gas_fired_combustion_turbine
133,23,0.0,natural_gas_fired_combustion_turbine
74,23,0.0,natural_gas_fired_combustion_turbine
20,23,0.0,natural_gas_fired_combustion_turbine
135,23,0.0,natural_gas_fired_combustion_turbine
142,23,0.0,natural_gas_fired_combustion_turbine
121,23,0.0,natural_gas_fired_combustion_turbine
91,23,0.0,natural_gas_fired_combustion_turbine
22,23,0.0,natural_gas_steam_turbine
123,23,0.0,natural_gas_steam_turbine
62,23,0.0,natural_gas_steam_turbine
49,23,0.0,natural_gas_steam_turbine
48,23,0.0,natural_gas_steam_turbine
21,23,0.0,natural_gas_steam_turbine
79,23,7405.999,nuclear
10,23,872.8130600000001,onshore_wind_turbine
23,23,2878.953,onshore_wind_turbine
31,23,2199.08332,onshore_wind_turbine
38,23,708.3583500000001,onshore_wind_turbine
50,23,3917.7511799999997,onshore_wind_turbine
63,23,104.1174397032,onshore_wind_turbine
80,23,1676.49328,onshore_wind_turbine
94,23,8569.274000000001,onshore_wind_turbine
105,23,2591.868301197,onshore_wind_turbine
124,23,12489.813756959002,onshore_wind_turbine
136,23,3457.4089200000008,onshore_wind_turbine
144,23,3170.6501399999997,onshore_wind_turbine
11,23,19.125,small_hydroelectric
24,23,62.577,small_hydroelectric
32,23,192.0,small_hydroelectric
39,23,52.9,small_hydroelectric
51,23,25.641,small_hydroelectric
64,23,6.128,small_hydroelectric
81,23,241.672,small_hydroelectric
95,23,418.922,small_hydroelectric
106,23,31.614,small_hydroelectric
125,23,100.697,small_hydroelectric
137,23,36.822,small_hydroelectric
145,23,33.21,small_hydroelectric
12,23,0.0,solar_photovoltaic
25,23,0.0,solar_photovoltaic
33,23,0.0,solar_photovoltaic
52,23,0.0,solar_photovoltaic
65,23,0.0,solar_photovoltaic
82,23,0.0,solar_photovoltaic
96,23,0.0,solar_photovoltaic
107,23,0.0,solar_photovoltaic
126,23,0.0,solar_photovoltaic
138,23,0.0,solar_photovoltaic
26,24,11.235,biomass
13,24,15.682,biomass
108,24,137.081,biomass
40,24,5.952,biomass
97,24,178.173,biomass
1,24,16.294,biomass
66,24,228.795,biomass
2,24,824.3323872,conventional_hydroelectric
14,24,91.3994972,conventional_hydroelectric
27,24,677.4652692000001,conventional_hydroelectric
35,24,737.0464815999999,conventional_hydroelectric
54,24,629.4612456000001,conventional_hydroelectric
67,24,1201.422408097626,conventional_hydroelectric
84,24,12797.836809,conventional_hydroelectric
109,24,103.51461286140001,conventional_hydroelectric
128,24,44.84172,conventional_hydroelectric
139,24,37.589414399999995,conventional_hydroelectric
110,24,50.0,conventional_steam_coal
41,24,0.0,conventional_steam_coal
3,24,0.0,conventional_steam_coal
36,24,0.0,conventional_steam_coal
85,24,0.0,conventional_steam_coal
28,24,74.364,geothermal
116,24,0.0,natural_gas_fired_combined_cycle
73,24,0.0,natural_gas_fired_combined_cycle
71,24,0.0,natural_gas_fired_combined_cycle
44,24,0.0,natural_gas_fired_combined_cycle
115,24,0.0,natural_gas_fired_combined_cycle
70,24,0.0,natural_gas_fired_combined_cycle
131,24,0.0,natural_gas_fired_combined_cycle
18,24,0.0,natural_gas_fired_combined_cycle
72,24,0.0,natural_gas_fired_combined_cycle
114,24,0.0,natural_gas_fired_combined_cycle
45,24,0.0,natural_gas_fired_combined_cycle
78,24,0.0,natural_gas_fired_combustion_turbine
75,24,0.0,natural_gas_fired_combustion_turbine
119,24,0.0,natural_gas_fired_combustion_turbine
117,24,0.0,natural_gas_fired_combustion_turbine
134,24,0.0,natural_gas_fired_combustion_turbine
103,24,0.0,natural_gas_fired_combustion_turbine
47,24,0.0,natural_gas_fired_combustion_turbine
8,24,0.0,natural_gas_fired_combustion_turbine
90,24,0.0,natural_gas_fired_combustion_turbine
60,24,0.0,natural_gas_fired_combustion_turbine
46,24,0.0,natural_gas_fired_combustion_turbine
37,24,0.0,natural_gas_fired_combustion_turbine
7,24,0.0,natural_gas_fired_combustion_turbine
133,24,0.0,natural_gas_fired_combustion_turbine
74,24,0.0,natural_gas_fired_combustion_turbine
20,24,0.0,natural_gas_fired_combustion_turbine
135,24,0.0,natural_gas_fired_combustion_turbine
142,24,0.0,natural_gas_fired_combustion_turbine
121,24,0.0,natural_gas_fired_combustion_turbine
91,24,0.0,natural_gas_fired_combustion_turbine
22,24,0.0,natural_gas_steam_turbine
123,24,0.0,natural_gas_steam_turbine
62,24,0.0,natural_gas_steam_turbine
49,24,0.0,natural_gas_steam_turbine
48,24,0.0,natural_gas_steam_turbine
21,24,0.0,natural_gas_steam_turbine
79,24,7405.999,nuclear
10,24,556.90012,onshore_wind_turbine
23,24,4623.0954,onshore_wind_turbine
31,24,2281.01461,onshore_wind_turbine
38,24,484.54665,onshore_wind_turbine
50,24,3471.9824999999996,onshore_wind_turbine
63,24,135.9926402576,onshore_wind_turbine
80,24,881.9246799999999,onshore_wind_turbine
94,24,8315.505799999999,onshore_wind_turbine
105,24,2804.42512077,onshore_wind_turbine
124,24,12199.339531225001,onshore_wind_turbine
136,24,3894.5319000000004,onshore_wind_turbine
144,24,1574.51112,onshore_wind_turbine
11,24,19.125,small_hydroelectric
24,24,62.577,small_hydroelectric
32,24,192.0,small_hydroelectric
39,24,52.9,small_hydroelectric
51,24,25.641,small_hydroelectric
64,24,6.128,small_hydroelectric
81,24,241.672,small_hydroelectric
95,24,418.922,small_hydroelectric
106,24,31.614,small_hydroelectric
125,24,100.697,small_hydroelectric
137,24,36.822,small_hydroelectric
145,24,33.21,small_hydroelectric
12,24,0.0,solar_photovoltaic
25,24,0.0,solar_photovoltaic
33,24,0.0,solar_photovoltaic
52,24,0.0,solar_photovoltaic
65,24,0.0,solar_photovoltaic
82,24,0.0,solar_photovoltaic
96,24,0.0,solar_photovoltaic
107,24,0.0,solar_photovoltaic
126,24,0.0,solar_photovoltaic
138,24,0.0,solar_photovoltaic
26,25,11.235,biomass
13,25,15.682,biomass
108,25,137.081,biomass
40,25,5.952,biomass
97,25,178.173,biomass
1,25,16.294,biomass
66,25,228.795,biomass
2,25,824.6086379999999,conventional_hydroelectric
14,25,91.5876588,conventional_hydroelectric
27,25,678.1708152000001,conventional_hydroelectric
35,25,737.5460048,conventional_hydroelectric
54,25,629.6691258000001,conventional_hydroelectric
67,25,1202.202276210117,conventional_hydroelectric
84,25,12806.5527024,conventional_hydroelectric
109,25,103.51461286140001,conventional_hydroelectric
128,25,44.87208,conventional_hydroelectric
139,25,37.6359936,conventional_hydroelectric
110,25,50.0,conventional_steam_coal
41,25,0.0,conventional_steam_coal
3,25,0.0,conventional_steam_coal
36,25,0.0,conventional_steam_coal
85,25,0.0,conventional_steam_coal
28,25,74.364,geothermal
116,25,0.0,natural_gas_fired_combined_cycle
73,25,0.0,natural_gas_fired_combined_cycle
71,25,0.0,natural_gas_fired_combined_cycle
44,25,0.0,natural_gas_fired_combined_cycle
115,25,0.0,natural_gas_fired_combined_cycle
70,25,0.0,natural_gas_fired_combined_cycle
131,25,0.0,natural_gas_fired_combined_cycle
18,25,0.0,natural_gas_fired_combined_cycle
72,25,0.0,natural_gas_fired_combined_cycle
114,25,0.0,natural_gas_fired_combined_cycle
45,25,0.0,natural_gas_fired_combined_cycle
78,25,0.0,natural_gas_fired_combustion_turbine
75,25,0.0,natural_gas_fired_combustion_turbine
119,25,0.0,natural_gas_fired_combustion_turbine
117,25,0.0,natural_gas_fired_combustion_turbine
134,25,0.0,natural_gas_fired_combustion_turbine
103,25,0.0,natural_gas_fired_combustion_turbine
47,25,0.0,natural_gas_fired_combustion_turbine
8,25,0.0,natural_gas_fired_combustion_turbine
90,25,0.0,natural_gas_fired_combustion_turbine
60,25,0.0,natural_gas_fired_combustion_turbine
46,25,0.0,natural_gas_fired_combustion_turbine
37,25,0.0,natural_gas_fired_combustion_turbine
7,25,0.0,natural_gas_fired_combustion_turbine
133,25,0.0,natural_gas_fired_combustion_turbine
74,25,0.0,natural_gas_fired_combustion_turbine
20,25,0.0,natural_gas_fired_combustion_turbine
135,25,0.0,natural_gas_fired_combustion_turbine
142,25,0.0,natural_gas_fired_combustion_turbine
121,25,0.0,natural_gas_fired_combustion_turbine
91,25,0.0,natural_gas_fired_combustion_turbine
22,25,0.0,natural_gas_steam_turbine
123,25,0.0,natural_gas_steam_turbine
62,25,0.0,natural_gas_steam_turbine
49,25,0.0,natural_gas_steam_turbine
48,25,0.0,natural_gas_steam_turbine
21,25,0.0,natural_gas_steam_turbine
79,25,7405.999,nuclear
10,25,541.95099,onshore_wind_turbine
23,25,4898.8786,onshore_wind_turbine
31,25,2083.9045499999997,onshore_wind_turbine
38,25,281.7528,onshore_wind_turbine
50,25,3811.3899599999995,onshore_wind_turbine
63,25,148.5584798936,onshore_wind_turbine
80,25,1260.1579199999999,onshore_wind_turbine
94,25,8425.8398,onshore_wind_turbine
105,25,2715.055698873,onshore_wind_turbine
124,25,12826.356058285002,onshore_wind_turbine
136,25,3489.7884000000004,onshore_wind_turbine
144,25,1360.3949099999998,onshore_wind_turbine
11,25,19.125,small_hydroelectric
24,25,62.577,small_hydroelectric
32,25,192.0,small_hydroelectric
39,25,52.9,small_hydroelectric
51,25,25.641,small_hydroelectric
64,25,6.128,small_hydroelectric
81,25,241.672,small_hydroelectric
95,25,418.922,small_hydroelectric
106,25,31.614,small_hydroelectric
125,25,100.697,small_hydroelectric
137,25,36.822,small_hydroelectric
145,25,33.21,small_hydroelectric
12,25,0.0,solar_photovoltaic
25,25,0.0,solar_photovoltaic
33,25,0.0,solar_photovoltaic
52,25,0.0,solar_photovoltaic
65,25,0.0,solar_photovoltaic
82,25,0.0,solar_photovoltaic
96,25,0.0,solar_photovoltaic
107,25,0.0,solar_photovoltaic
126,25,0.0,solar_photovoltaic
138,25,0.0,solar_photovoltaic
26,26,11.235,biomass
13,26,15.682,biomass
108,26,137.081,biomass
40,26,5.952,biomass
97,26,178.173,biomass
1,26,16.294,biomass
66,26,228.795,biomass
2,26,824.6086379999999,conventional_hydroelectric
14,26,91.72878,conventional_hydroelectric
27,26,678.8763612000001,conventional_hydroelectric
35,26,737.7957663999999,conventional_hydroelectric
54,26,629.7730659,conventional_hydroelectric
67,26,1202.9821370486009,conventional_hydroelectric
84,26,12818.173893599998,conventional_hydroelectric
109,26,103.51461286140001,conventional_hydroelectric
128,26,44.902440000000006,conventional_hydroelectric
139,26,37.682572799999996,conventional_hydroelectric
110,26,28.499999999999996,conventional_steam_coal
41,26,0.0,conventional_steam_coal
3,26,0.0,conventional_steam_coal
36,26,0.0,conventional_steam_coal
85,26,0.0,conventional_steam_coal
28,26,74.364,geothermal
116,26,0.0,natural_gas_fired_combined_cycle
73,26,0.0,natural_gas_fired_combined_cycle
71,26,0.0,natural_gas_fired_combined_cycle
44,26,0.0,natural_gas_fired_combined_cycle
115,26,0.0,natural_gas_fired_combined_cycle
70,26,0.0,natural_gas_fired_combined_cycle
131,26,0.0,natural_gas_fired_combined_cycle
18,26,0.0,natural_gas_fired_combined_cycle
72,26,0.0,natural_gas_fired_combined_cycle
114,26,0.0,natural_gas_fired_combined_cycle
45,26,0.0,natural_gas_fired_combined_cycle
78,26,0.0,natural_gas_fired_combustion_turbine
75,26,0.0,natural_gas_fired_combustion_turbine
119,26,0.0,natural_gas_fired_combustion_turbine
117,26,0.0,natural_gas_fired_combustion_turbine
134,26,0.0,natural_gas_fired_combustion_turbine
103,26,0.0,natural_gas_fired_combustion_turbine
47,26,0.0,natural_gas_fired_combustion_turbine
8,26,0.0,natural_gas_fired_combustion_turbine
90,26,0.0,natural_gas_fired_combustion_turbine
60,26,0.0,natural_gas_fired_combustion_turbine
46,26,0.0,natural_gas_fired_combustion_turbine
37,26,0.0,natural_gas_fired_combustion_turbine
7,26,0.0,natural_gas_fired_combustion_turbine
133,26,0.0,natural_gas_fired_combustion_turbine
74,26,0.0,natural_gas_fired_combustion_turbine
20,26,0.0,natural_gas_fired_combustion_turbine
135,26,0.0,natural_gas_fired_combustion_turbine
142,26,0.0,natural_gas_fired_combustion_turbine
121,26,0.0,natural_gas_fired_combustion_turbine
91,26,0.0,natural_gas_fired_combustion_turbine
22,26,0.0,natural_gas_steam_turbine
123,26,0.0,natural_gas_steam_turbine
62,26,0.0,natural_gas_steam_turbine
49,26,0.0,natural_gas_steam_turbine
48,26,0.0,natural_gas_steam_turbine
21,26,0.0,natural_gas_steam_turbine
79,26,7405.999,nuclear
10,26,917.48034,onshore_wind_turbine
23,26,7239.309,onshore_wind_turbine
31,26,1764.4912600000002,onshore_wind_turbine
38,26,85.2075,onshore_wind_turbine
50,26,3321.5863799999997,onshore_wind_turbine
63,26,159.7206798488,onshore_wind_turbine
80,26,2757.2924399999997,onshore_wind_turbine
94,26,10566.3194,onshore_wind_turbine
105,26,2884.896000861,onshore_wind_turbine
124,26,12132.863747050202,onshore_wind_turbine
136,26,2898.8628900000003,onshore_wind_turbine
144,26,1671.8366699999997,onshore_wind_turbine
11,26,19.125,small_hydroelectric
24,26,62.577,small_hydroelectric
32,26,192.0,small_hydroelectric
39,26,52.9,small_hydroelectric
51,26,25.641,small_hydroelectric
64,26,6.128,small_hydroelectric
81,26,241.672,small_hydroelectric
95,26,418.922,small_hydroelectric
106,26,31.614,small_hydroelectric
125,26,100.697,small_hydroelectric
137,26,36.822,small_hydroelectric
145,26,33.21,small_hydroelectric
12,26,0.0,solar_photovoltaic
25,26,0.0,solar_photovoltaic
33,26,0.0,solar_photovoltaic
52,26,0.0,solar_photovoltaic
65,26,0.0,solar_photovoltaic
82,26,0.0,solar_photovoltaic
96,26,0.0,solar_photovoltaic
107,26,0.0,solar_photovoltaic
126,26,0.0,solar_photovoltaic
138,26,0.0,solar_photovoltaic
26,27,0.0,biomass
13,27,0.0,biomass
108,27,0.0,biomass
40,27,0.0,biomass
97,27,0.0,biomass
1,27,0.0,biomass
66,27,0.0,biomass
2,27,824.8848887999999,conventional_hydroelectric
14,27,91.8699012,conventional_hydroelectric
27,27,679.5819072,conventional_hydroelectric
35,27,738.2952895999999,conventional_hydroelectric
54,27,629.877006,conventional_hydroelectric
67,27,1203.8144652995759,conventional_hydroelectric
84,27,12829.7950848,conventional_hydroelectric
109,27,103.51461286140001,conventional_hydroelectric
128,27,44.9328,conventional_hydroelectric
139,27,37.729152,conventional_hydroelectric
110,27,0.0,conventional_steam_coal
41,27,0.0,conventional_steam_coal
3,27,0.0,conventional_steam_coal
36,27,0.0,conventional_steam_coal
85,27,0.0,conventional_steam_coal
28,27,74.364,geothermal
116,27,0.0,natural_gas_fired_combined_cycle
73,27,0.0,natural_gas_fired_combined_cycle
71,27,0.0,natural_gas_fired_combined_cycle
44,27,0.0,natural_gas_fired_combined_cycle
115,27,0.0,natural_gas_fired_combined_cycle
70,27,0.0,natural_gas_fired_combined_cycle
131,27,0.0,natural_gas_fired_combined_cycle
18,27,0.0,natural_gas_fired_combined_cycle
72,27,0.0,natural_gas_fired_combined_cycle
114,27,0.0,natural_gas_fired_combined_cycle
45,27,0.0,natural_gas_fired_combined_cycle
78,27,0.0,natural_gas_fired_combustion_turbine
75,27,0.0,natural_gas_fired_combustion_turbine
119,27,0.0,natural_gas_fired_combustion_turbine
117,27,0.0,natural_gas_fired_combustion_turbine
134,27,0.0,natural_gas_fired_combustion_turbine
103,27,0.0,natural_gas_fired_combustion_turbine
47,27,0.0,natural_gas_fired_combustion_turbine
8,27,0.0,natural_gas_fired_combustion_turbine
90,27,0.0,natural_gas_fired_combustion_turbine
60,27,0.0,natural_gas_fired_combustion_turbine
46,27,0.0,natural_gas_fired_combustion_turbine
37,27,0.0,natural_gas_fired_combustion_turbine
7,27,0.0,natural_gas_fired_combustion_turbine
133,27,0.0,natural_gas_fired_combustion_turbine
74,27,0.0,natural_gas_fired_combustion_turbine
20,27,0.0,natural_gas_fired_combustion_turbine
135,27,0.0,natural_gas_fired_combustion_turbine
142,27,0.0,natural_gas_fired_combustion_turbine
121,27,0.0,natural_gas_fired_combustion_turbine
91,27,0.0,natural_gas_fired_combustion_turbine
22,27,0.0,natural_gas_steam_turbine
123,27,0.0,natural_gas_steam_turbine
62,27,0.0,natural_gas_steam_turbine
49,27,0.0,natural_gas_steam_turbine
48,27,0.0,natural_gas_steam_turbine
21,27,0.0,natural_gas_steam_turbine
79,27,5554.499250000001,nuclear
10,27,1036.1728300000002,onshore_wind_turbine
23,27,8394.617,onshore_wind_turbine
31,27,1433.20387,onshore_wind_turbine
38,27,80.6631,onshore_wind_turbine
50,27,3324.9736799999996,onshore_wind_turbine
63,27,220.943519636,onshore_wind_turbine
80,27,2156.9517199999996,onshore_wind_turbine
94,27,12140.4178,onshore_wind_turbine
105,27,2943.056760777,onshore_wind_turbine
124,27,15027.499760026603,onshore_wind_turbine
136,27,2324.1271200000006,onshore_wind_turbine
144,27,2136.83652,onshore_wind_turbine
11,27,19.125,small_hydroelectric
24,27,62.577,small_hydroelectric
32,27,192.0,small_hydroelectric
39,27,52.9,small_hydroelectric
51,27,25.641,small_hydroelectric
64,27,6.128,small_hydroelectric
81,27,241.67199999974673,small_hydroelectric
95,27,418.922,small_hydroelectric
106,27,31.614,small_hydroelectric
125,27,100.697,small_hydroelectric
137,27,36.822,small_hydroelectric
145,27,33.21,small_hydroelectric
12,27,0.0,solar_photovoltaic
25,27,0.0,solar_photovoltaic
33,27,0.0,solar_photovoltaic
52,27,0.0,solar_photovoltaic
65,27,0.0,solar_photovoltaic
82,27,0.0,solar_photovoltaic
96,27,0.0,solar_photovoltaic
107,27,0.0,solar_photovoltaic
126,27,0.0,solar_photovoltaic
138,27,0.0,solar_photovoltaic
26,28,11.235,biomass
13,28,15.682,biomass
108,28,137.081,biomass
40,28,5.952,biomass
97,28,178.173,biomass
1,28,16.294,biomass
66,28,228.795,biomass
2,28,824.8848887999999,conventional_hydroelectric
14,28,92.0110224,conventional_hydroelectric
27,28,680.4285624,conventional_hydroelectric
35,28,738.5450512,conventional_hydroelectric
54,28,630.0848862,conventional_hydroelectric
67,28,1205.269266699576,conventional_hydroelectric
84,28,12838.5109782,conventional_hydroelectric
109,28,103.51461286140001,conventional_hydroelectric
128,28,44.96316000000001,conventional_hydroelectric
139,28,37.7524416,conventional_hydroelectric
110,28,28.5,conventional_steam_coal
41,28,0.0,conventional_steam_coal
3,28,0.0,conventional_steam_coal
36,28,0.0,conventional_steam_coal
85,28,0.0,conventional_steam_coal
28,28,74.364,geothermal
116,28,0.0,natural_gas_fired_combined_cycle
73,28,0.0,natural_gas_fired_combined_cycle
71,28,0.0,natural_gas_fired_combined_cycle
44,28,0.0,natural_gas_fired_combined_cycle
115,28,0.0,natural_gas_fired_combined_cycle
70,28,0.0,natural_gas_fired_combined_cycle
131,28,0.0,natural_gas_fired_combined_cycle
18,28,0.0,natural_gas_fired_combined_cycle
72,28,0.0,natural_gas_fired_combined_cycle
114,28,0.0,natural_gas_fired_combined_cycle
45,28,0.0,natural_gas_fired_combined_cycle
78,28,0.0,natural_gas_fired_combustion_turbine
75,28,0.0,natural_gas_fired_combustion_turbine
119,28,0.0,natural_gas_fired_combustion_turbine
117,28,0.0,natural_gas_fired_combustion_turbine
134,28,0.0,natural_gas_fired_combustion_turbine
103,28,0.0,natural_gas_fired_combustion_turbine
47,28,0.0,natural_gas_fired_combustion_turbine
8,28,0.0,natural_gas_fired_combustion_turbine
90,28,0.0,natural_gas_fired_combustion_turbine
60,28,0.0,natural_gas_fired_combustion_turbine
46,28,0.0,natural_gas_fired_combustion_turbine
37,28,0.0,natural_gas_fired_combustion_turbine
7,28,0.0,natural_gas_fired_combustion_turbine
133,28,0.0,natural_gas_fired_combustion_turbine
74,28,0.0,natural_gas_fired_combustion_turbine
20,28,0.0,natural_gas_fired_combustion_turbine
135,28,0.0,natural_gas_fired_combustion_turbine
142,28,0.0,natural_gas_fired_combustion_turbine
121,28,0.0,natural_gas_fired_combustion_turbine
91,28,0.0,natural_gas_fired_combustion_turbine
22,28,0.0,natural_gas_steam_turbine
123,28,0.0,natural_gas_steam_turbine
62,28,0.0,natural_gas_steam_turbine
49,28,0.0,natural_gas_steam_turbine
48,28,0.0,natural_gas_steam_turbine
21,28,0.0,natural_gas_steam_turbine
79,28,7405.999,nuclear
10,28,1053.4633900000001,onshore_wind_turbine
23,28,9620.734199999999,onshore_wind_turbine
31,28,1097.16684,onshore_wind_turbine
38,28,46.5801,onshore_wind_turbine
50,28,3404.2364999999995,onshore_wind_turbine
63,28,216.07879986,onshore_wind_turbine
80,28,1926.4803599999998,onshore_wind_turbine
94,28,12283.852,onshore_wind_turbine
105,28,2949.22543923,onshore_wind_turbine
124,28,12005.313737663402,onshore_wind_turbine
136,28,2216.19552,onshore_wind_turbine
144,28,3287.4407999999994,onshore_wind_turbine
11,28,19.125,small_hydroelectric
24,28,62.577,small_hydroelectric
32,28,192.0,small_hydroelectric
39,28,52.9,small_hydroelectric
51,28,25.641,small_hydroelectric
64,28,6.128,small_hydroelectric
81,28,241.672,small_hydroelectric
95,28,418.922,small_hydroelectric
106,28,31.614,small_hydroelectric
125,28,100.697,small_hydroelectric
137,28,36.822,small_hydroelectric
145,28,33.21,small_hydroelectric
12,28,0.0,solar_photovoltaic
25,28,0.0,solar_photovoltaic
33,28,0.0,solar_photovoltaic
52,28,0.0,solar_photovoltaic
65,28,0.0,solar_photovoltaic
82,28,0.0,solar_photovoltaic
96,28,0.0,solar_photovoltaic
107,28,0.0,solar_photovoltaic
126,28,0.0,solar_photovoltaic
138,28,0.0,solar_photovoltaic
26,29,11.235,biomass
13,29,15.682,biomass
108,29,137.081,biomass
40,29,5.952,biomass
97,29,178.173,biomass
1,29,16.294,biomass
66,29,228.795,biomass
2,29,825.1611396,conventional_hydroelectric
14,29,92.199184,conventional_hydroelectric
27,29,681.1341084000001,conventional_hydroelectric
35,29,739.0445744,conventional_hydroelectric
54,29,630.1888263,conventional_hydroelectric
67,29,1206.04912753806,conventional_hydroelectric
84,29,12850.1321694,conventional_hydroelectric
109,29,103.65423286139999,conventional_hydroelectric
128,29,44.993520000000004,conventional_hydroelectric
139,29,37.7990208,conventional_hydroelectric
110,29,50.0,conventional_steam_coal
41,29,0.0,conventional_steam_coal
3,29,0.0,conventional_steam_coal
36,29,0.0,conventional_steam_coal
85,29,0.0,conventional_steam_coal
28,29,74.364,geothermal
116,29,0.0,natural_gas_fired_combined_cycle
73,29,0.0,natural_gas_fired_combined_cycle
71,29,0.0,natural_gas_fired_combined_cycle
44,29,0.0,natural_gas_fired_combined_cycle
115,29,0.0,natural_gas_fired_combined_cycle
70,29,0.0,natural_gas_fired_combined_cycle
131,29,0.0,natural_gas_fired_combined_cycle
18,29,0.0,natural_gas_fired_combined_cycle
72,29,0.0,natural_gas_fired_combined_cycle
114,29,0.0,natural_gas_fired_combined_cycle
45,29,0.0,natural_gas_fired_combined_cycle
78,29,0.0,natural_gas_fired_combustion_turbine
75,29,0.0,natural_gas_fired_combustion_turbine
119,29,0.0,natural_gas_fired_combustion_turbine
117,29,0.0,natural_gas_fired_combustion_turbine
134,29,0.0,natural_gas_fired_combustion_turbine
103,29,0.0,natural_gas_fired_combustion_turbine
47,29,0.0,natural_gas_fired_combustion_turbine
8,29,0.0,natural_gas_fired_combustion_turbine
90,29,0.0,natural_gas_fired_combustion_turbine
60,29,0.0,natural_gas_fired_combustion_turbine
46,29,0.0,natural_gas_fired_combustion_turbine
37,29,0.0,natural_gas_fired_combustion_turbine
7,29,0.0,natural_gas_fired_combustion_turbine
133,29,0.0,natural_gas_fired_combustion_turbine
74,29,0.0,natural_gas_fired_combustion_turbine
20,29,0.0,natural_gas_fired_combustion_turbine
135,29,0.0,natural_gas_fired_combustion_turbine
142,29,0.0,natural_gas_fired_combustion_turbine
121,29,0.0,natural_gas_fired_combustion_turbine
91,29,0.0,natural_gas_fired_combustion_turbine
22,29,0.0,natural_gas_steam_turbine
123,29,0.0,natural_gas_steam_turbine
62,29,0.0,natural_gas_steam_turbine
49,29,0.0,natural_gas_steam_turbine
48,29,0.0,natural_gas_steam_turbine
21,29,0.0,natural_gas_steam_turbine
79,29,7405.999,nuclear
10,29,972.05367,onshore_wind_turbine
23,29,9561.1054,onshore_wind_turbine
31,29,710.07118,onshore_wind_turbine
38,29,36.923249999999996,onshore_wind_turbine
50,29,3266.0346599999993,onshore_wind_turbine
63,29,204.35715993280002,onshore_wind_turbine
80,29,1252.72336,onshore_wind_turbine
94,29,11095.922600000002,onshore_wind_turbine
105,29,3088.9408215959998,onshore_wind_turbine
124,29,11570.125217959001,onshore_wind_turbine
136,29,2509.4097000000006,onshore_wind_turbine
144,29,5610.27726,onshore_wind_turbine
11,29,19.125,small_hydroelectric
24,29,62.577,small_hydroelectric
32,29,192.0,small_hydroelectric
39,29,52.9,small_hydroelectric
51,29,25.641,small_hydroelectric
64,29,6.128,small_hydroelectric
81,29,241.672,small_hydroelectric
95,29,418.922,small_hydroelectric
106,29,31.614,small_hydroelectric
125,29,100.697,small_hydroelectric
137,29,36.822,small_hydroelectric
145,29,33.21,small_hydroelectric
12,29,0.0,solar_photovoltaic
25,29,0.0,solar_photovoltaic
33,29,0.0,solar_photovoltaic
52,29,0.0,solar_photovoltaic
65,29,0.0,solar_photovoltaic
82,29,0.0,solar_photovoltaic
96,29,0.0,solar_photovoltaic
107,29,0.0,solar_photovoltaic
126,29,0.0,solar_photovoltaic
138,29,0.0,solar_photovoltaic
26,30,11.235,biomass
13,30,15.682,biomass
108,30,137.081,biomass
40,30,5.952,biomass
97,30,178.173,biomass
1,30,16.294,biomass
66,30,228.795,biomass
2,30,825.1611396,conventional_hydroelectric
14,30,92.3403052,conventional_hydroelectric
27,30,681.8396544000001,conventional_hydroelectric
35,30,739.5440976,conventional_hydroelectric
54,30,630.3967065,conventional_hydroelectric
67,30,1206.881455789035,conventional_hydroelectric
84,30,12858.8480628,conventional_hydroelectric
109,30,103.65423286139999,conventional_hydroelectric
128,30,45.02388,conventional_hydroelectric
139,30,37.8456,conventional_hydroelectric
110,30,50.0,conventional_steam_coal
41,30,18.03284335509943,conventional_steam_coal
3,30,0.0,conventional_steam_coal
36,30,0.0,conventional_steam_coal
85,30,0.0,conventional_steam_coal
28,30,74.364,geothermal
116,30,0.0,natural_gas_fired_combined_cycle
73,30,0.0,natural_gas_fired_combined_cycle
71,30,0.0,natural_gas_fired_combined_cycle
44,30,0.0,natural_gas_fired_combined_cycle
115,30,0.0,natural_gas_fired_combined_cycle
70,30,0.0,natural_gas_fired_combined_cycle
131,30,0.0,natural_gas_fired_combined_cycle
18,30,0.0,natural_gas_fired_combined_cycle
72,30,0.0,natural_gas_fired_combined_cycle
114,30,0.0,natural_gas_fired_combined_cycle
45,30,0.0,natural_gas_fired_combined_cycle
78,30,0.0,natural_gas_fired_combustion_turbine
75,30,0.0,natural_gas_fired_combustion_turbine
119,30,0.0,natural_gas_fired_combustion_turbine
117,30,0.0,natural_gas_fired_combustion_turbine
134,30,0.0,natural_gas_fired_combustion_turbine
103,30,0.0,natural_gas_fired_combustion_turbine
47,30,0.0,natural_gas_fired_combustion_turbine
8,30,0.0,natural_gas_fired_combustion_turbine
90,30,0.0,natural_gas_fired_combustion_turbine
60,30,0.0,natural_gas_fired_combustion_turbine
46,30,0.0,natural_gas_fired_combustion_turbine
37,30,0.0,natural_gas_fired_combustion_turbine
7,30,0.0,natural_gas_fired_combustion_turbine
133,30,0.0,natural_gas_fired_combustion_turbine
74,30,0.0,natural_gas_fired_combustion_turbine
20,30,0.0,natural_gas_fired_combustion_turbine
135,30,0.0,natural_gas_fired_combustion_turbine
142,30,0.0,natural_gas_fired_combustion_turbine
121,30,0.0,natural_gas_fired_combustion_turbine
91,30,0.0,natural_gas_fired_combustion_turbine
22,30,0.0,natural_gas_steam_turbine
123,30,0.0,natural_gas_steam_turbine
62,30,0.0,natural_gas_steam_turbine
49,30,0.0,natural_gas_steam_turbine
48,30,0.0,natural_gas_steam_turbine
21,30,0.0,natural_gas_steam_turbine
79,30,5554.499249999975,nuclear
10,30,788.3414700000001,onshore_wind_turbine
23,30,10194.6614,onshore_wind_turbine
31,30,352.66077,onshore_wind_turbine
38,30,52.828649999999996,onshore_wind_turbine
50,30,3724.6750799999995,onshore_wind_turbine
63,30,228.70372005599998,onshore_wind_turbine
80,30,712.7884399999999,onshore_wind_turbine
94,30,13225.368799999998,onshore_wind_turbine
105,30,3050.5232793210002,onshore_wind_turbine
124,30,9773.039702626202,onshore_wind_turbine
136,30,2998.6996200000003,onshore_wind_turbine
144,30,7249.672079999999,onshore_wind_turbine
11,30,19.125,small_hydroelectric
24,30,62.577,small_hydroelectric
32,30,192.0,small_hydroelectric
39,30,52.9,small_hydroelectric
51,30,25.641,small_hydroelectric
64,30,6.128,small_hydroelectric
81,30,241.672,small_hydroelectric
95,30,418.922,small_hydroelectric
106,30,31.614,small_hydroelectric
125,30,100.697,small_hydroelectric
137,30,36.822,small_hydroelectric
145,30,33.21,small_hydroelectric
12,30,0.0,solar_photovoltaic
25,30,0.0,solar_photovoltaic
33,30,0.0,solar_photovoltaic
52,30,0.0,solar_photovoltaic
65,30,0.0,solar_photovoltaic
82,30,0.0,solar_photovoltaic
96,30,0.0,solar_photovoltaic
107,30,0.0,solar_photovoltaic
126,30,0.0,solar_photovoltaic
138,30,0.0,solar_photovoltaic
26,31,11.235,biomass
13,31,15.682,biomass
108,31,137.081,biomass
40,31,5.952,biomass
97,31,178.173,biomass
1,31,16.294,biomass
66,31,228.795,biomass
2,31,825.4373903999995,conventional_hydroelectric
14,31,92.4814264,conventional_hydroelectric
27,31,585.6031799999955,conventional_hydroelectric
35,31,739.7938592,conventional_hydroelectric
54,31,544.1264235,conventional_hydroelectric
67,31,1207.661323901526,conventional_hydroelectric
84,31,12056.985870000073,conventional_hydroelectric
109,31,103.65423286139999,conventional_hydroelectric
128,31,45.05424000000001,conventional_hydroelectric
139,31,37.868889599999996,conventional_hydroelectric
110,31,50.0,conventional_steam_coal
41,31,7219.002,conventional_steam_coal
3,31,8009.062590000001,conventional_steam_coal
36,31,1350.1595699999998,conventional_steam_coal
85,31,0.0,conventional_steam_coal
28,31,74.364,geothermal
116,31,0.0,natural_gas_fired_combined_cycle
73,31,0.0,natural_gas_fired_combined_cycle
71,31,0.0,natural_gas_fired_combined_cycle
44,31,0.0,natural_gas_fired_combined_cycle
115,31,0.0,natural_gas_fired_combined_cycle
70,31,0.0,natural_gas_fired_combined_cycle
131,31,0.0,natural_gas_fired_combined_cycle
18,31,0.0,natural_gas_fired_combined_cycle
72,31,0.0,natural_gas_fired_combined_cycle
114,31,0.0,natural_gas_fired_combined_cycle
45,31,0.0,natural_gas_fired_combined_cycle
78,31,0.0,natural_gas_fired_combustion_turbine
75,31,0.0,natural_gas_fired_combustion_turbine
119,31,0.0,natural_gas_fired_combustion_turbine
117,31,0.0,natural_gas_fired_combustion_turbine
134,31,0.0,natural_gas_fired_combustion_turbine
103,31,0.0,natural_gas_fired_combustion_turbine
47,31,0.0,natural_gas_fired_combustion_turbine
8,31,0.0,natural_gas_fired_combustion_turbine
90,31,0.0,natural_gas_fired_combustion_turbine
60,31,0.0,natural_gas_fired_combustion_turbine
46,31,0.0,natural_gas_fired_combustion_turbine
37,31,0.0,natural_gas_fired_combustion_turbine
7,31,0.0,natural_gas_fired_combustion_turbine
133,31,0.0,natural_gas_fired_combustion_turbine
74,31,0.0,natural_gas_fired_combustion_turbine
20,31,0.0,natural_gas_fired_combustion_turbine
135,31,0.0,natural_gas_fired_combustion_turbine
142,31,0.0,natural_gas_fired_combustion_turbine
121,31,0.0,natural_gas_fired_combustion_turbine
91,31,0.0,natural_gas_fired_combustion_turbine
22,31,0.0,natural_gas_steam_turbine
123,31,0.0,natural_gas_steam_turbine
62,31,0.0,natural_gas_steam_turbine
49,31,0.0,natural_gas_steam_turbine
48,31,0.0,natural_gas_steam_turbine
21,31,0.0,natural_gas_steam_turbine
79,31,3702.999499999989,nuclear
10,31,737.7305600000001,onshore_wind_turbine
23,31,11113.3176,onshore_wind_turbine
31,31,376.40897,onshore_wind_turbine
38,31,177.79965,onshore_wind_turbine
50,31,3347.32986,onshore_wind_turbine
63,31,266.0660801624,onshore_wind_turbine
80,31,677.47428,onshore_wind_turbine
94,31,12327.9856,onshore_wind_turbine
105,31,3033.786558453,onshore_wind_turbine
124,31,4758.732782865601,onshore_wind_turbine
136,31,2682.9996900000006,onshore_wind_turbine
144,31,7359.974369999999,onshore_wind_turbine
11,31,19.125,small_hydroelectric
24,31,62.577,small_hydroelectric
32,31,192.0,small_hydroelectric
39,31,52.9,small_hydroelectric
51,31,25.641,small_hydroelectric
64,31,6.128,small_hydroelectric
81,31,241.672,small_hydroelectric
95,31,418.922,small_hydroelectric
106,31,31.614,small_hydroelectric
125,31,100.697,small_hydroelectric
137,31,36.822,small_hydroelectric
145,31,33.21,small_hydroelectric
12,31,107.34696,solar_photovoltaic
25,31,760.0244399999999,solar_photovoltaic
33,31,0.0,solar_photovoltaic
52,31,1094.13794,solar_photovoltaic
65,31,0.0,solar_photovoltaic
82,31,0.0,solar_photovoltaic
96,31,0.0,solar_photovoltaic
107,31,0.0,solar_photovoltaic
126,31,0.0,solar_photovoltaic
138,31,0.0,solar_photovoltaic
26,32,11.235,biomass
13,32,15.682,biomass
108,32,137.081,biomass
40,32,5.952,biomass
97,32,178.173,biomass
1,32,16.294,biomass
66,32,228.79499999994178,biomass
2,32,596.1492263999987,conventional_hydroelectric
14,32,53.437894400000005,conventional_hydroelectric
27,32,468.4825439999965,conventional_hydroelectric
35,32,532.4917311999988,conventional_hydroelectric
54,32,457.8561404999999,conventional_hydroelectric
67,32,603.9187429015243,conventional_hydroelectric
84,32,9645.58869600005,conventional_hydroelectric
109,32,103.65423286139999,conventional_hydroelectric
128,32,32.454840000000004,conventional_hydroelectric
139,32,19.33036800000002,conventional_hydroelectric
110,32,21.5,conventional_steam_coal
41,32,0.0,conventional_steam_coal
3,32,0.0,conventional_steam_coal
36,32,0.0,conventional_steam_coal
85,32,0.0,conventional_steam_coal
28,32,74.364,geothermal
116,32,0.0,natural_gas_fired_combined_cycle
73,32,0.0,natural_gas_fired_combined_cycle
71,32,0.0,natural_gas_fired_combined_cycle
44,32,0.0,natural_gas_fired_combined_cycle
115,32,0.0,natural_gas_fired_combined_cycle
70,32,0.0,natural_gas_fired_combined_cycle
131,32,0.0,natural_gas_fired_combined_cycle
18,32,0.0,natural_gas_fired_combined_cycle
72,32,0.0,natural_gas_fired_combined_cycle
114,32,0.0,natural_gas_fired_combined_cycle
45,32,0.0,natural_gas_fired_combined_cycle
78,32,0.0,natural_gas_fired_combustion_turbine
75,32,0.0,natural_gas_fired_combustion_turbine
119,32,0.0,natural_gas_fired_combustion_turbine
117,32,0.0,natural_gas_fired_combustion_turbine
134,32,0.0,natural_gas_fired_combustion_turbine
103,32,0.0,natural_gas_fired_combustion_turbine
47,32,0.0,natural_gas_fired_combustion_turbine
8,32,0.0,natural_gas_fired_combustion_turbine
90,32,0.0,natural_gas_fired_combustion_turbine
60,32,0.0,natural_gas_fired_combustion_turbine
46,32,0.0,natural_gas_fired_combustion_turbine
37,32,0.0,natural_gas_fired_combustion_turbine
7,32,0.0,natural_gas_fired_combustion_turbine
133,32,0.0,natural_gas_fired_combustion_turbine
74,32,0.0,natural_gas_fired_combustion_turbine
20,32,0.0,natural_gas_fired_combustion_turbine
135,32,0.0,natural_gas_fired_combustion_turbine
142,32,0.0,natural_gas_fired_combustion_turbine
121,32,0.0,natural_gas_fired_combustion_turbine
91,32,0.0,natural_gas_fired_combustion_turbine
22,32,0.0,natural_gas_steam_turbine
123,32,0.0,natural_gas_steam_turbine
62,32,0.0,natural_gas_steam_turbine
49,32,0.0,natural_gas_steam_turbine
48,32,0.0,natural_gas_steam_turbine
21,32,0.0,natural_gas_steam_turbine
79,32,1851.4997500000009,nuclear
10,32,783.1182800000001,onshore_wind_turbine
23,32,11437.5492,onshore_wind_turbine
31,32,417.96832000000006,onshore_wind_turbine
38,32,330.6051,onshore_wind_turbine
50,32,2743.7129999999997,onshore_wind_turbine
63,32,293.2641600112,onshore_wind_turbine
80,32,532.5003599999999,onshore_wind_turbine
94,32,14222.052599999999,onshore_wind_turbine
105,32,3069.2351195310002,onshore_wind_turbine
124,32,7498.6296735350015,onshore_wind_turbine
136,32,2942.9349600000005,onshore_wind_turbine
144,32,7552.46268,onshore_wind_turbine
11,32,19.125,small_hydroelectric
24,32,62.577,small_hydroelectric
32,32,192.0,small_hydroelectric
39,32,52.9,small_hydroelectric
51,32,25.641,small_hydroelectric
64,32,6.128,small_hydroelectric
81,32,241.672,small_hydroelectric
95,32,418.922,small_hydroelectric
106,32,31.614,small_hydroelectric
125,32,100.697,small_hydroelectric
137,32,36.822,small_hydroelectric
145,32,33.21,small_hydroelectric
12,32,4370.15124,solar_photovoltaic
25,32,1794.3153199999997,solar_photovoltaic
33,32,332.03029999999995,solar_photovoltaic
52,32,2768.1759,solar_photovoltaic
65,32,1986.3433678375,solar_photovoltaic
82,32,2682.5837500000002,solar_photovoltaic
96,32,30.8553,solar_photovoltaic
107,32,5862.998619492,solar_photovoltaic
126,32,4644.0687091855,solar_photovoltaic
138,32,491.76896999999997,solar_photovoltaic
26,33,0.0,biomass
13,33,0.0,biomass
108,33,0.0,biomass
40,33,0.0,biomass
97,33,0.0,biomass
1,33,0.0,biomass
66,33,0.0,biomass
2,33,366.86106239999714,conventional_hydroelectric
14,33,14.394362399999999,conventional_hydroelectric
27,33,351.361907999998,conventional_hydroelectric
35,33,325.1896031999985,conventional_hydroelectric
54,33,371.5858574999998,conventional_hydroelectric
67,33,0.1761619015233009,conventional_hydroelectric
84,33,7234.191522000039,conventional_hydroelectric
109,33,0.0,conventional_hydroelectric
128,33,19.855440000000094,conventional_hydroelectric
139,33,0.0,conventional_hydroelectric
110,33,0.0,conventional_steam_coal
41,33,0.0,conventional_steam_coal
3,33,0.0,conventional_steam_coal
36,33,0.0,conventional_steam_coal
85,33,0.0,conventional_steam_coal
28,33,0.0,geothermal
116,33,0.0,natural_gas_fired_combined_cycle
73,33,0.0,natural_gas_fired_combined_cycle
71,33,0.0,natural_gas_fired_combined_cycle
44,33,0.0,natural_gas_fired_combined_cycle
115,33,0.0,natural_gas_fired_combined_cycle
70,33,0.0,natural_gas_fired_combined_cycle
131,33,0.0,natural_gas_fired_combined_cycle
18,33,0.0,natural_gas_fired_combined_cycle
72,33,0.0,natural_gas_fired_combined_cycle
114,33,0.0,natural_gas_fired_combined_cycle
45,33,0.0,natural_gas_fired_combined_cycle
78,33,0.0,natural_gas_fired_combustion_turbine
75,33,0.0,natural_gas_fired_combustion_turbine
119,33,0.0,natural_gas_fired_combustion_turbine
117,33,0.0,natural_gas_fired_combustion_turbine
134,33,0.0,natural_gas_fired_combustion_turbine
103,33,0.0,natural_gas_fired_combustion_turbine
47,33,0.0,natural_gas_fired_combustion_turbine
8,33,0.0,natural_gas_fired_combustion_turbine
90,33,0.0,natural_gas_fired_combustion_turbine
60,33,0.0,natural_gas_fired_combustion_turbine
46,33,0.0,natural_gas_fired_combustion_turbine
37,33,0.0,natural_gas_fired_combustion_turbine
7,33,0.0,natural_gas_fired_combustion_turbine
133,33,0.0,natural_gas_fired_combustion_turbine
74,33,0.0,natural_gas_fired_combustion_turbine
20,33,0.0,natural_gas_fired_combustion_turbine
135,33,0.0,natural_gas_fired_combustion_turbine
142,33,0.0,natural_gas_fired_combustion_turbine
121,33,0.0,natural_gas_fired_combustion_turbine
91,33,0.0,natural_gas_fired_combustion_turbine
22,33,0.0,natural_gas_steam_turbine
123,33,0.0,natural_gas_steam_turbine
62,33,0.0,natural_gas_steam_turbine
49,33,0.0,natural_gas_steam_turbine
48,33,0.0,natural_gas_steam_turbine
21,33,0.0,natural_gas_steam_turbine
79,33,0.0,nuclear
10,33,724.76264,onshore_wind_turbine
23,33,12145.6412,onshore_wind_turbine
31,33,0.0,onshore_wind_turbine
38,33,386.274,onshore_wind_turbine
50,33,2551.9918199999997,onshore_wind_turbine
63,33,0.0,onshore_wind_turbine
80,33,118.95295999999999,onshore_wind_turbine
94,33,14946.5792,onshore_wind_turbine
105,33,2617.138020294,onshore_wind_turbine
124,33,12109.348714678601,onshore_wind_turbine
136,33,2137.94511,onshore_wind_turbine
144,33,9568.18296,onshore_wind_turbine
11,33,0.0,small_hydroelectric
24,33,0.0,small_hydroelectric
32,33,0.0,small_hydroelectric
39,33,0.0,small_hydroelectric
51,33,0.0,small_hydroelectric
64,33,0.0,small_hydroelectric
81,33,0.0,small_hydroelectric
95,33,0.0,small_hydroelectric
106,33,0.0,small_hydroelectric
125,33,0.0,small_hydroelectric
137,33,0.0,small_hydroelectric
145,33,0.0,small_hydroelectric
12,33,7375.866120000001,solar_photovoltaic
25,33,2395.9079199999996,solar_photovoltaic
33,33,697.8621999999999,solar_photovoltaic
52,33,3670.85698,solar_photovoltaic
65,33,6225.505026366501,solar_photovoltaic
82,33,7924.84014,solar_photovoltaic
96,33,0.0,solar_photovoltaic
107,33,10885.061960325,solar_photovoltaic
126,33,8616.457600934347,solar_photovoltaic
138,33,1361.1544099999996,solar_photovoltaic
26,34,0.0,biomass
13,34,0.0,biomass
108,34,0.0,biomass
40,34,0.0,biomass
97,34,0.0,biomass
1,34,0.0,biomass
66,34,0.0,biomass
2,34,137.57289839999643,conventional_hydroelectric
14,34,0.0,conventional_hydroelectric
27,34,234.24127199999913,conventional_hydroelectric
35,34,117.887475199998,conventional_hydroelectric
54,34,285.31557449999974,conventional_hydroelectric
67,34,0.0,conventional_hydroelectric
84,34,4822.794348000026,conventional_hydroelectric
109,34,0.0,conventional_hydroelectric
128,34,7.256039999999725,conventional_hydroelectric
139,34,0.0,conventional_hydroelectric
110,34,0.0,conventional_steam_coal
41,34,0.0,conventional_steam_coal
3,34,0.0,conventional_steam_coal
36,34,0.0,conventional_steam_coal
85,34,0.0,conventional_steam_coal
28,34,0.0,geothermal
116,34,0.0,natural_gas_fired_combined_cycle
73,34,0.0,natural_gas_fired_combined_cycle
71,34,0.0,natural_gas_fired_combined_cycle
44,34,0.0,natural_gas_fired_combined_cycle
115,34,0.0,natural_gas_fired_combined_cycle
70,34,0.0,natural_gas_fired_combined_cycle
131,34,0.0,natural_gas_fired_combined_cycle
18,34,0.0,natural_gas_fired_combined_cycle
72,34,0.0,natural_gas_fired_combined_cycle
114,34,0.0,natural_gas_fired_combined_cycle
45,34,0.0,natural_gas_fired_combined_cycle
78,34,0.0,natural_gas_fired_combustion_turbine
75,34,0.0,natural_gas_fired_combustion_turbine
119,34,0.0,natural_gas_fired_combustion_turbine
117,34,0.0,natural_gas_fired_combustion_turbine
134,34,0.0,natural_gas_fired_combustion_turbine
103,34,0.0,natural_gas_fired_combustion_turbine
47,34,0.0,natural_gas_fired_combustion_turbine
8,34,0.0,natural_gas_fired_combustion_turbine
90,34,0.0,natural_gas_fired_combustion_turbine
60,34,0.0,natural_gas_fired_combustion_turbine
46,34,0.0,natural_gas_fired_combustion_turbine
37,34,0.0,natural_gas_fired_combustion_turbine
7,34,0.0,natural_gas_fired_combustion_turbine
133,34,0.0,natural_gas_fired_combustion_turbine
74,34,0.0,natural_gas_fired_combustion_turbine
20,34,0.0,natural_gas_fired_combustion_turbine
135,34,0.0,natural_gas_fired_combustion_turbine
142,34,0.0,natural_gas_fired_combustion_turbine
121,34,0.0,natural_gas_fired_combustion_turbine
91,34,0.0,natural_gas_fired_combustion_turbine
22,34,0.0,natural_gas_steam_turbine
123,34,0.0,natural_gas_steam_turbine
62,34,0.0,natural_gas_steam_turbine
49,34,0.0,natural_gas_steam_turbine
48,34,0.0,natural_gas_steam_turbine
21,34,0.0,natural_gas_steam_turbine
79,34,0.0,nuclear
10,34,968.27136,onshore_wind_turbine
23,34,14044.445800000001,onshore_wind_turbine
31,34,331.28738999999996,onshore_wind_turbine
38,34,240.28515,onshore_wind_turbine
50,34,0.0,onshore_wind_turbine
63,34,223.17512004479997,onshore_wind_turbine
80,34,0.0,onshore_wind_turbine
94,34,14409.6204,onshore_wind_turbine
105,34,0.0,onshore_wind_turbine
124,34,0.0,onshore_wind_turbine
136,34,0.0,onshore_wind_turbine
144,34,11114.577809999999,onshore_wind_turbine
11,34,0.0,small_hydroelectric
24,34,0.0,small_hydroelectric
32,34,0.0,small_hydroelectric
39,34,0.0,small_hydroelectric
51,34,0.0,small_hydroelectric
64,34,0.0,small_hydroelectric
81,34,0.0,small_hydroelectric
95,34,0.0,small_hydroelectric
106,34,0.0,small_hydroelectric
125,34,0.0,small_hydroelectric
137,34,0.0,small_hydroelectric
145,34,0.0,small_hydroelectric
12,34,9278.44974,solar_photovoltaic
25,34,0.0,solar_photovoltaic
33,34,0.0,solar_photovoltaic
52,34,4391.06654,solar_photovoltaic
65,34,9202.9107069221,solar_photovoltaic
82,34,10264.053170000001,solar_photovoltaic
96,34,0.0,solar_photovoltaic
107,34,11630.11902464398,solar_photovoltaic
126,34,20565.9567981595,solar_photovoltaic
138,34,0.0,solar_photovoltaic
26,35,0.0,biomass
13,35,0.0,biomass
108,35,0.0,biomass
40,35,0.0,biomass
97,35,0.0,biomass
1,35,0.0,biomass
66,35,0.0,biomass
2,35,0.0,conventional_hydroelectric
14,35,0.0,conventional_hydroelectric
27,35,117.12063599999999,conventional_hydroelectric
35,35,0.0,conventional_hydroelectric
54,35,199.04529149999965,conventional_hydroelectric
67,35,0.0,conventional_hydroelectric
84,35,2411.3971740000106,conventional_hydroelectric
109,35,0.0,conventional_hydroelectric
128,35,0.0,conventional_hydroelectric
139,35,0.0,conventional_hydroelectric
110,35,0.0,conventional_steam_coal
41,35,0.0,conventional_steam_coal
3,35,0.0,conventional_steam_coal
36,35,0.0,conventional_steam_coal
85,35,0.0,conventional_steam_coal
28,35,0.0,geothermal
116,35,0.0,natural_gas_fired_combined_cycle
73,35,0.0,natural_gas_fired_combined_cycle
71,35,0.0,natural_gas_fired_combined_cycle
44,35,0.0,natural_gas_fired_combined_cycle
115,35,0.0,natural_gas_fired_combined_cycle
70,35,0.0,natural_gas_fired_combined_cycle
131,35,0.0,natural_gas_fired_combined_cycle
18,35,0.0,natural_gas_fired_combined_cycle
72,35,0.0,natural_gas_fired_combined_cycle
114,35,0.0,natural_gas_fired_combined_cycle
45,35,0.0,natural_gas_fired_combined_cycle
78,35,0.0,natural_gas_fired_combustion_turbine
75,35,0.0,natural_gas_fired_combustion_turbine
119,35,0.0,natural_gas_fired_combustion_turbine
117,35,0.0,natural_gas_fired_combustion_turbine
134,35,0.0,natural_gas_fired_combustion_turbine
103,35,0.0,natural_gas_fired_combustion_turbine
47,35,0.0,natural_gas_fired_combustion_turbine
8,35,0.0,natural_gas_fired_combustion_turbine
90,35,0.0,natural_gas_fired_combustion_turbine
60,35,0.0,natural_gas_fired_combustion_turbine
46,35,0.0,natural_gas_fired_combustion_turbine
37,35,0.0,natural_gas_fired_combustion_turbine
7,35,0.0,natural_gas_fired_combustion_turbine
133,35,0.0,natural_gas_fired_combustion_turbine
74,35,0.0,natural_gas_fired_combustion_turbine
20,35,0.0,natural_gas_fired_combustion_turbine
135,35,0.0,natural_gas_fired_combustion_turbine
142,35,0.0,natural_gas_fired_combustion_turbine
121,35,0.0,natural_gas_fired_combustion_turbine
91,35,0.0,natural_gas_fired_combustion_turbine
22,35,0.0,natural_gas_steam_turbine
123,35,0.0,natural_gas_steam_turbine
62,35,0.0,natural_gas_steam_turbine
49,35,0.0,natural_gas_steam_turbine
48,35,0.0,natural_gas_steam_turbine
21,35,0.0,natural_gas_steam_turbine
79,35,0.0,nuclear
10,35,1360.73105,onshore_wind_turbine
23,35,14316.502199999999,onshore_wind_turbine
31,35,192.36042,onshore_wind_turbine
38,35,149.39715,onshore_wind_turbine
50,35,1410.4717199999998,onshore_wind_turbine
63,35,366.17308007839995,onshore_wind_turbine
80,35,4.646599999999999,onshore_wind_turbine
94,35,4350.8374,onshore_wind_turbine
105,35,2122.034601057,onshore_wind_turbine
124,35,8751.074772794202,onshore_wind_turbine
136,35,2.9103830456733704e-11,onshore_wind_turbine
144,35,11181.6243,onshore_wind_turbine
11,35,0.0,small_hydroelectric
24,35,0.0,small_hydroelectric
32,35,0.0,small_hydroelectric
39,35,0.0,small_hydroelectric
51,35,0.0,small_hydroelectric
64,35,0.0,small_hydroelectric
81,35,0.0,small_hydroelectric
95,35,0.0,small_hydroelectric
106,35,0.0,small_hydroelectric
125,35,0.0,small_hydroelectric
137,35,0.0,small_hydroelectric
145,35,0.0,small_hydroelectric
12,35,10130.16312,solar_photovoltaic
25,35,2852.8940999999995,solar_photovoltaic
33,35,1218.9702,solar_photovoltaic
52,35,4722.14176,solar_photovoltaic
65,35,6812.529369957818,solar_photovoltaic
82,35,11674.604480000002,solar_photovoltaic
96,35,836.32556,solar_photovoltaic
107,35,16516.411369878,solar_photovoltaic
126,35,9010.790834734547,solar_photovoltaic
138,35,2403.5950399999997,solar_photovoltaic
26,36,0.0,biomass
13,36,0.0,biomass
108,36,0.0,biomass
40,36,0.0,biomass
97,36,0.0,biomass
1,36,0.0,biomass
66,36,0.0,biomass
2,36,0.0,conventional_hydroelectric
14,36,0.0,conventional_hydroelectric
27,36,0.0,conventional_hydroelectric
35,36,0.0,conventional_hydroelectric
54,36,112.77500849999953,conventional_hydroelectric
67,36,0.0,conventional_hydroelectric
84,36,0.0,conventional_hydroelectric
109,36,0.0,conventional_hydroelectric
128,36,0.0,conventional_hydroelectric
139,36,0.0,conventional_hydroelectric
110,36,0.0,conventional_steam_coal
41,36,0.0,conventional_steam_coal
3,36,0.0,conventional_steam_coal
36,36,0.0,conventional_steam_coal
85,36,0.0,conventional_steam_coal
28,36,0.0,geothermal
116,36,0.0,natural_gas_fired_combined_cycle
73,36,0.0,natural_gas_fired_combined_cycle
71,36,0.0,natural_gas_fired_combined_cycle
44,36,0.0,natural_gas_fired_combined_cycle
115,36,0.0,natural_gas_fired_combined_cycle
70,36,0.0,natural_gas_fired_combined_cycle
131,36,0.0,natural_gas_fired_combined_cycle
18,36,0.0,natural_gas_fired_combined_cycle
72,36,0.0,natural_gas_fired_combined_cycle
114,36,0.0,natural_gas_fired_combined_cycle
45,36,0.0,natural_gas_fired_combined_cycle
78,36,0.0,natural_gas_fired_combustion_turbine
75,36,0.0,natural_gas_fired_combustion_turbine
119,36,0.0,natural_gas_fired_combustion_turbine
117,36,0.0,natural_gas_fired_combustion_turbine
134,36,0.0,natural_gas_fired_combustion_turbine
103,36,0.0,natural_gas_fired_combustion_turbine
47,36,0.0,natural_gas_fired_combustion_turbine
8,36,0.0,natural_gas_fired_combustion_turbine
90,36,0.0,natural_gas_fired_combustion_turbine
60,36,0.0,natural_gas_fired_combustion_turbine
46,36,0.0,natural_gas_fired_combustion_turbine
37,36,0.0,natural_gas_fired_combustion_turbine
7,36,0.0,natural_gas_fired_combustion_turbine
133,36,0.0,natural_gas_fired_combustion_turbine
74,36,0.0,natural_gas_fired_combustion_turbine
20,36,0.0,natural_gas_fired_combustion_turbine
135,36,0.0,natural_gas_fired_combustion_turbine
142,36,0.0,natural_gas_fired_combustion_turbine
121,36,0.0,natural_gas_fired_combustion_turbine
91,36,0.0,natural_gas_fired_combustion_turbine
22,36,0.0,natural_gas_steam_turbine
123,36,0.0,natural_gas_steam_turbine
62,36,0.0,natural_gas_steam_turbine
49,36,0.0,natural_gas_steam_turbine
48,36,0.0,natural_gas_steam_turbine
21,36,0.0,natural_gas_steam_turbine
79,36,0.0,nuclear
10,36,0.0,onshore_wind_turbine
23,36,14635.1436,onshore_wind_turbine
31,36,0.0,onshore_wind_turbine
38,36,0.0,onshore_wind_turbine
50,36,0.0,onshore_wind_turbine
63,36,0.0,onshore_wind_turbine
80,36,0.0,onshore_wind_turbine
94,36,0.0,onshore_wind_turbine
105,36,0.0,onshore_wind_turbine
124,36,0.0,onshore_wind_turbine
136,36,0.0,onshore_wind_turbine
144,36,12258.693719999997,onshore_wind_turbine
11,36,0.0,small_hydroelectric
24,36,0.0,small_hydroelectric
32,36,0.0,small_hydroelectric
39,36,0.0,small_hydroelectric
51,36,0.0,small_hydroelectric
64,36,0.0,small_hydroelectric
81,36,0.0,small_hydroelectric
95,36,0.0,small_hydroelectric
106,36,0.0,small_hydroelectric
125,36,0.0,small_hydroelectric
137,36,0.0,small_hydroelectric
145,36,0.0,small_hydroelectric
12,36,10128.75066,solar_photovoltaic
25,36,0.0,solar_photovoltaic
33,36,1228.829,solar_photovoltaic
52,36,4883.87788,solar_photovoltaic
65,36,11996.6629316079,solar_photovoltaic
82,36,11138.9156567411,solar_photovoltaic
96,36,928.8914599999999,solar_photovoltaic
107,36,16967.158600903,solar_photovoltaic
126,36,27289.100352248,solar_photovoltaic
138,36,0.0,solar_photovoltaic
26,37,0.0,biomass
13,37,0.0,biomass
108,37,0.0,biomass
40,37,0.0,biomass
97,37,0.0,biomass
1,37,0.0,biomass
66,37,0.0,biomass
2,37,0.0,conventional_hydroelectric
14,37,0.0,conventional_hydroelectric
27,37,0.0,conventional_hydroelectric
35,37,0.0,conventional_hydroelectric
54,37,114.64593030000148,conventional_hydroelectric
67,37,0.0,conventional_hydroelectric
84,37,0.0,conventional_hydroelectric
109,37,0.0,conventional_hydroelectric
128,37,0.0,conventional_hydroelectric
139,37,0.0,conventional_hydroelectric
110,37,0.0,conventional_steam_coal
41,37,0.0,conventional_steam_coal
3,37,0.0,conventional_steam_coal
36,37,0.0,conventional_steam_coal
85,37,0.0,conventional_steam_coal
28,37,0.0,geothermal
116,37,0.0,natural_gas_fired_combined_cycle
73,37,0.0,natural_gas_fired_combined_cycle
71,37,0.0,natural_gas_fired_combined_cycle
44,37,0.0,natural_gas_fired_combined_cycle
115,37,0.0,natural_gas_fired_combined_cycle
70,37,0.0,natural_gas_fired_combined_cycle
131,37,0.0,natural_gas_fired_combined_cycle
18,37,0.0,natural_gas_fired_combined_cycle
72,37,0.0,natural_gas_fired_combined_cycle
114,37,0.0,natural_gas_fired_combined_cycle
45,37,0.0,natural_gas_fired_combined_cycle
78,37,0.0,natural_gas_fired_combustion_turbine
75,37,0.0,natural_gas_fired_combustion_turbine
119,37,0.0,natural_gas_fired_combustion_turbine
117,37,0.0,natural_gas_fired_combustion_turbine
134,37,0.0,natural_gas_fired_combustion_turbine
103,37,0.0,natural_gas_fired_combustion_turbine
47,37,0.0,natural_gas_fired_combustion_turbine
8,37,0.0,natural_gas_fired_combustion_turbine
90,37,0.0,natural_gas_fired_combustion_turbine
60,37,0.0,natural_gas_fired_combustion_turbine
46,37,0.0,natural_gas_fired_combustion_turbine
37,37,0.0,natural_gas_fired_combustion_turbine
7,37,0.0,natural_gas_fired_combustion_turbine
133,37,0.0,natural_gas_fired_combustion_turbine
74,37,0.0,natural_gas_fired_combustion_turbine
20,37,0.0,natural_gas_fired_combustion_turbine
135,37,0.0,natural_gas_fired_combustion_turbine
142,37,0.0,natural_gas_fired_combustion_turbine
121,37,0.0,natural_gas_fired_combustion_turbine
91,37,0.0,natural_gas_fired_combustion_turbine
22,37,0.0,natural_gas_steam_turbine
123,37,0.0,natural_gas_steam_turbine
62,37,0.0,natural_gas_steam_turbine
49,37,0.0,natural_gas_steam_turbine
48,37,0.0,natural_gas_steam_turbine
21,37,0.0,natural_gas_steam_turbine
79,37,0.0,nuclear
10,37,1419.4469100000001,onshore_wind_turbine
23,37,15149.442,onshore_wind_turbine
31,37,369.28451,onshore_wind_turbine
38,37,214.15484999999998,onshore_wind_turbine
50,37,1726.1680800000001,onshore_wind_turbine
63,37,210.7803602744,onshore_wind_turbine
80,37,87.35607999999999,onshore_wind_turbine
94,37,1835.2222,onshore_wind_turbine
105,37,0.0,onshore_wind_turbine
124,37,5514.773233164102,onshore_wind_turbine
136,37,0.0,onshore_wind_turbine
144,37,12403.600649999998,onshore_wind_turbine
11,37,0.0,small_hydroelectric
24,37,0.0,small_hydroelectric
32,37,0.0,small_hydroelectric
39,37,0.0,small_hydroelectric
51,37,0.0,small_hydroelectric
64,37,0.0,small_hydroelectric
81,37,0.0,small_hydroelectric
95,37,0.0,small_hydroelectric
106,37,0.0,small_hydroelectric
125,37,0.0,small_hydroelectric
137,37,0.0,small_hydroelectric
145,37,0.0,small_hydroelectric
12,37,10048.240440000001,solar_photovoltaic
25,37,0.0,solar_photovoltaic
33,37,1265.7994999999996,solar_photovoltaic
52,37,0.0,solar_photovoltaic
65,37,0.0,solar_photovoltaic
82,37,0.0,solar_photovoltaic
96,37,945.3476199999999,solar_photovoltaic
107,37,16541.8668162615,solar_photovoltaic
126,37,0.0,solar_photovoltaic
138,37,2362.5001399999996,solar_photovoltaic
26,38,0.0,biomass
13,38,0.0,biomass
108,38,0.0,biomass
40,38,0.0,biomass
97,38,0.0,biomass
1,38,0.0,biomass
66,38,0.0,biomass
2,38,0.0,conventional_hydroelectric
14,38,0.0,conventional_hydroelectric
27,38,105.83189999999479,conventional_hydroelectric
35,38,0.0,conventional_hydroelectric
54,38,200.91621330000152,conventional_hydroelectric
67,38,0.0,conventional_hydroelectric
84,38,941.3164871999898,conventional_hydroelectric
109,38,0.0,conventional_hydroelectric
128,38,0.0,conventional_hydroelectric
139,38,0.0,conventional_hydroelectric
110,38,0.0,conventional_steam_coal
41,38,0.0,conventional_steam_coal
3,38,0.0,conventional_steam_coal
36,38,0.0,conventional_steam_coal
85,38,0.0,conventional_steam_coal
28,38,0.0,geothermal
116,38,0.0,natural_gas_fired_combined_cycle
73,38,0.0,natural_gas_fired_combined_cycle
71,38,0.0,natural_gas_fired_combined_cycle
44,38,0.0,natural_gas_fired_combined_cycle
115,38,0.0,natural_gas_fired_combined_cycle
70,38,0.0,natural_gas_fired_combined_cycle
131,38,0.0,natural_gas_fired_combined_cycle
18,38,0.0,natural_gas_fired_combined_cycle
72,38,0.0,natural_gas_fired_combined_cycle
114,38,0.0,natural_gas_fired_combined_cycle
45,38,0.0,natural_gas_fired_combined_cycle
78,38,0.0,natural_gas_fired_combustion_turbine
75,38,0.0,natural_gas_fired_combustion_turbine
119,38,0.0,natural_gas_fired_combustion_turbine
117,38,0.0,natural_gas_fired_combustion_turbine
134,38,0.0,natural_gas_fired_combustion_turbine
103,38,0.0,natural_gas_fired_combustion_turbine
47,38,0.0,natural_gas_fired_combustion_turbine
8,38,0.0,natural_gas_fired_combustion_turbine
90,38,0.0,natural_gas_fired_combustion_turbine
60,38,0.0,natural_gas_fired_combustion_turbine
46,38,0.0,natural_gas_fired_combustion_turbine
37,38,0.0,natural_gas_fired_combustion_turbine
7,38,0.0,natural_gas_fired_combustion_turbine
133,38,0.0,natural_gas_fired_combustion_turbine
74,38,0.0,natural_gas_fired_combustion_turbine
20,38,0.0,natural_gas_fired_combustion_turbine
135,38,0.0,natural_gas_fired_combustion_turbine
142,38,0.0,natural_gas_fired_combustion_turbine
121,38,0.0,natural_gas_fired_combustion_turbine
91,38,0.0,natural_gas_fired_combustion_turbine
22,38,0.0,natural_gas_steam_turbine
123,38,0.0,natural_gas_steam_turbine
62,38,0.0,natural_gas_steam_turbine
49,38,0.0,natural_gas_steam_turbine
48,38,0.0,natural_gas_steam_turbine
21,38,0.0,natural_gas_steam_turbine
79,38,0.0,nuclear
10,38,0.0,onshore_wind_turbine
23,38,15121.491,onshore_wind_turbine
31,38,0.0,onshore_wind_turbine
38,38,0.0,onshore_wind_turbine
50,38,0.0,onshore_wind_turbine
63,38,0.0,onshore_wind_turbine
80,38,0.0,onshore_wind_turbine
94,38,0.0,onshore_wind_turbine
105,38,0.0,onshore_wind_turbine
124,38,0.0,onshore_wind_turbine
136,38,0.0,onshore_wind_turbine
144,38,0.0,onshore_wind_turbine
11,38,0.0,small_hydroelectric
24,38,0.0,small_hydroelectric
32,38,0.0,small_hydroelectric
39,38,0.0,small_hydroelectric
51,38,0.0,small_hydroelectric
64,38,0.0,small_hydroelectric
81,38,0.0,small_hydroelectric
95,38,0.0,small_hydroelectric
106,38,0.0,small_hydroelectric
125,38,0.0,small_hydroelectric
137,38,0.0,small_hydroelectric
145,38,0.0,small_hydroelectric
12,38,10044.00306,solar_photovoltaic
25,38,0.0,solar_photovoltaic
33,38,0.0,solar_photovoltaic
52,38,0.0,solar_photovoltaic
65,38,11728.6101918391,solar_photovoltaic
82,38,11877.505360000001,solar_photovoltaic
96,38,0.0,solar_photovoltaic
107,38,0.0,solar_photovoltaic
126,38,18985.859437660903,solar_photovoltaic
138,38,0.0,solar_photovoltaic
26,39,0.0,biomass
13,39,0.0,biomass
108,39,0.0,biomass
40,39,0.0,biomass
97,39,0.0,biomass
1,39,0.0,biomass
66,39,0.0,biomass
2,39,0.0,conventional_hydroelectric
14,39,0.0,conventional_hydroelectric
27,39,222.95253599999546,conventional_hydroelectric
35,39,0.0,conventional_hydroelectric
54,39,287.1864963000016,conventional_hydroelectric
67,39,0.0,conventional_hydroelectric
84,39,3352.7136611999995,conventional_hydroelectric
109,39,0.0,conventional_hydroelectric
128,39,0.0,conventional_hydroelectric
139,39,0.0,conventional_hydroelectric
110,39,0.0,conventional_steam_coal
41,39,0.0,conventional_steam_coal
3,39,0.0,conventional_steam_coal
36,39,0.0,conventional_steam_coal
85,39,0.0,conventional_steam_coal
28,39,0.0,geothermal
116,39,0.0,natural_gas_fired_combined_cycle
73,39,0.0,natural_gas_fired_combined_cycle
71,39,0.0,natural_gas_fired_combined_cycle
44,39,0.0,natural_gas_fired_combined_cycle
115,39,0.0,natural_gas_fired_combined_cycle
70,39,0.0,natural_gas_fired_combined_cycle
131,39,0.0,natural_gas_fired_combined_cycle
18,39,0.0,natural_gas_fired_combined_cycle
72,39,0.0,natural_gas_fired_combined_cycle
114,39,0.0,natural_gas_fired_combined_cycle
45,39,0.0,natural_gas_fired_combined_cycle
78,39,0.0,natural_gas_fired_combustion_turbine
75,39,0.0,natural_gas_fired_combustion_turbine
119,39,0.0,natural_gas_fired_combustion_turbine
117,39,0.0,natural_gas_fired_combustion_turbine
134,39,0.0,natural_gas_fired_combustion_turbine
103,39,0.0,natural_gas_fired_combustion_turbine
47,39,0.0,natural_gas_fired_combustion_turbine
8,39,0.0,natural_gas_fired_combustion_turbine
90,39,0.0,natural_gas_fired_combustion_turbine
60,39,0.0,natural_gas_fired_combustion_turbine
46,39,0.0,natural_gas_fired_combustion_turbine
37,39,0.0,natural_gas_fired_combustion_turbine
7,39,0.0,natural_gas_fired_combustion_turbine
133,39,0.0,natural_gas_fired_combustion_turbine
74,39,0.0,natural_gas_fired_combustion_turbine
20,39,0.0,natural_gas_fired_combustion_turbine
135,39,0.0,natural_gas_fired_combustion_turbine
142,39,0.0,natural_gas_fired_combustion_turbine
121,39,0.0,natural_gas_fired_combustion_turbine
91,39,0.0,natural_gas_fired_combustion_turbine
22,39,0.0,natural_gas_steam_turbine
123,39,0.0,natural_gas_steam_turbine
62,39,0.0,natural_gas_steam_turbine
49,39,0.0,natural_gas_steam_turbine
48,39,0.0,natural_gas_steam_turbine
21,39,0.0,natural_gas_steam_turbine
79,39,0.0,nuclear
10,39,1398.1939300000001,onshore_wind_turbine
23,39,15684.2378,onshore_wind_turbine
31,39,379.9712,onshore_wind_turbine
38,39,1216.7631000000001,onshore_wind_turbine
50,39,2436.14616,onshore_wind_turbine
63,39,159.7542802632,onshore_wind_turbine
80,39,60.40579999999999,onshore_wind_turbine
94,39,507.5364,onshore_wind_turbine
105,39,2680.62983958,onshore_wind_turbine
124,39,14089.004714153602,onshore_wind_turbine
136,39,1566.80706,onshore_wind_turbine
144,39,8936.34338046449,onshore_wind_turbine
11,39,0.0,small_hydroelectric
24,39,0.0,small_hydroelectric
32,39,0.0,small_hydroelectric
39,39,0.0,small_hydroelectric
51,39,0.0,small_hydroelectric
64,39,0.0,small_hydroelectric
81,39,0.0,small_hydroelectric
95,39,0.0,small_hydroelectric
106,39,0.0,small_hydroelectric
125,39,0.0,small_hydroelectric
137,39,0.0,small_hydroelectric
145,39,0.0,small_hydroelectric
12,39,9388.62162,solar_photovoltaic
25,39,2627.57712,solar_photovoltaic
33,39,1322.66365,solar_photovoltaic
52,39,4744.2595200000005,solar_photovoltaic
65,39,11380.620849696697,solar_photovoltaic
82,39,10954.69655,solar_photovoltaic
96,39,871.14797,solar_photovoltaic
107,39,12126.527692341999,solar_photovoltaic
126,39,0.0,solar_photovoltaic
138,39,1836.9420299999997,solar_photovoltaic
26,40,0.0,biomass
13,40,0.0,biomass
108,40,0.0,biomass
40,40,0.0,biomass
97,40,0.0,biomass
1,40,0.0,biomass
66,40,0.0,biomass
2,40,139.50665400000193,conventional_hydroelectric
14,40,0.0,conventional_hydroelectric
27,40,340.07317199999477,conventional_hydroelectric
35,40,122.63294559999633,conventional_hydroelectric
54,40,373.45677930000153,conventional_hydroelectric
67,40,0.0,conventional_hydroelectric
84,40,5764.11083519999,conventional_hydroelectric
109,40,0.0,conventional_hydroelectric
128,40,7.635539999999999,conventional_hydroelectric
139,40,0.0,conventional_hydroelectric
110,40,0.0,conventional_steam_coal
41,40,0.0,conventional_steam_coal
3,40,0.0,conventional_steam_coal
36,40,0.0,conventional_steam_coal
85,40,0.0,conventional_steam_coal
28,40,0.0,geothermal
116,40,0.0,natural_gas_fired_combined_cycle
73,40,0.0,natural_gas_fired_combined_cycle
71,40,0.0,natural_gas_fired_combined_cycle
44,40,0.0,natural_gas_fired_combined_cycle
115,40,0.0,natural_gas_fired_combined_cycle
70,40,0.0,natural_gas_fired_combined_cycle
131,40,0.0,natural_gas_fired_combined_cycle
18,40,0.0,natural_gas_fired_combined_cycle
72,40,0.0,natural_gas_fired_combined_cycle
114,40,0.0,natural_gas_fired_combined_cycle
45,40,0.0,natural_gas_fired_combined_cycle
78,40,0.0,natural_gas_fired_combustion_turbine
75,40,0.0,natural_gas_fired_combustion_turbine
119,40,0.0,natural_gas_fired_combustion_turbine
117,40,0.0,natural_gas_fired_combustion_turbine
134,40,0.0,natural_gas_fired_combustion_turbine
103,40,0.0,natural_gas_fired_combustion_turbine
47,40,0.0,natural_gas_fired_combustion_turbine
8,40,0.0,natural_gas_fired_combustion_turbine
90,40,0.0,natural_gas_fired_combustion_turbine
60,40,0.0,natural_gas_fired_combustion_turbine
46,40,0.0,natural_gas_fired_combustion_turbine
37,40,0.0,natural_gas_fired_combustion_turbine
7,40,0.0,natural_gas_fired_combustion_turbine
133,40,0.0,natural_gas_fired_combustion_turbine
74,40,0.0,natural_gas_fired_combustion_turbine
20,40,0.0,natural_gas_fired_combustion_turbine
135,40,0.0,natural_gas_fired_combustion_turbine
142,40,0.0,natural_gas_fired_combustion_turbine
121,40,0.0,natural_gas_fired_combustion_turbine
91,40,0.0,natural_gas_fired_combustion_turbine
22,40,0.0,natural_gas_steam_turbine
123,40,0.0,natural_gas_steam_turbine
62,40,0.0,natural_gas_steam_turbine
49,40,0.0,natural_gas_steam_turbine
48,40,0.0,natural_gas_steam_turbine
21,40,0.0,natural_gas_steam_turbine
79,40,0.0,nuclear
10,40,1390.26909,onshore_wind_turbine
23,40,15441.9958,onshore_wind_turbine
31,40,559.27011,onshore_wind_turbine
38,40,2059.18125,onshore_wind_turbine
50,40,3110.21886,onshore_wind_turbine
63,40,95.98092024639999,onshore_wind_turbine
80,40,272.29076,onshore_wind_turbine
94,40,235.3792,onshore_wind_turbine
105,40,2862.1219195800004,onshore_wind_turbine
124,40,7700.867918112601,onshore_wind_turbine
136,40,1706.2187100000003,onshore_wind_turbine
144,40,0.0,onshore_wind_turbine
11,40,0.0,small_hydroelectric
24,40,0.0,small_hydroelectric
32,40,0.0,small_hydroelectric
39,40,0.0,small_hydroelectric
51,40,0.0,small_hydroelectric
64,40,0.0,small_hydroelectric
81,40,0.0,small_hydroelectric
95,40,0.0,small_hydroelectric
106,40,0.0,small_hydroelectric
125,40,0.0,small_hydroelectric
137,40,0.0,small_hydroelectric
145,40,0.0,small_hydroelectric
12,40,7902.7137,solar_photovoltaic
25,40,2091.3750199999995,solar_photovoltaic
33,40,1179.535,solar_photovoltaic
52,40,3748.2691400000003,solar_photovoltaic
65,40,9563.9741296967,solar_photovoltaic
82,40,9352.95018,solar_photovoltaic
96,40,791.51191,solar_photovoltaic
107,40,10526.054636433331,solar_photovoltaic
126,40,19421.554199831,solar_photovoltaic
138,40,1498.5940199999998,solar_photovoltaic
26,41,0.0,biomass
13,41,0.0,biomass
108,41,0.0,biomass
40,41,0.0,biomass
97,41,0.0,biomass
1,41,0.0,biomass
66,41,0.0,biomass
2,41,368.794818000001,conventional_hydroelectric
14,41,39.043532,conventional_hydroelectric
27,41,457.19380799999385,conventional_hydroelectric
35,41,329.9350735999974,conventional_hydroelectric
54,41,459.7270623000006,conventional_hydroelectric
67,41,603.742581,conventional_hydroelectric
84,41,8175.5080091999935,conventional_hydroelectric
109,41,0.0,conventional_hydroelectric
128,41,20.234940000000012,conventional_hydroelectric
139,41,19.004313599999996,conventional_hydroelectric
110,41,0.0,conventional_steam_coal
41,41,0.0,conventional_steam_coal
3,41,0.0,conventional_steam_coal
36,41,0.0,conventional_steam_coal
85,41,0.0,conventional_steam_coal
28,41,0.0,geothermal
116,41,0.0,natural_gas_fired_combined_cycle
73,41,0.0,natural_gas_fired_combined_cycle
71,41,0.0,natural_gas_fired_combined_cycle
44,41,0.0,natural_gas_fired_combined_cycle
115,41,0.0,natural_gas_fired_combined_cycle
70,41,0.0,natural_gas_fired_combined_cycle
131,41,0.0,natural_gas_fired_combined_cycle
18,41,0.0,natural_gas_fired_combined_cycle
72,41,0.0,natural_gas_fired_combined_cycle
114,41,0.0,natural_gas_fired_combined_cycle
45,41,0.0,natural_gas_fired_combined_cycle
78,41,0.0,natural_gas_fired_combustion_turbine
75,41,0.0,natural_gas_fired_combustion_turbine
119,41,0.0,natural_gas_fired_combustion_turbine
117,41,0.0,natural_gas_fired_combustion_turbine
134,41,0.0,natural_gas_fired_combustion_turbine
103,41,0.0,natural_gas_fired_combustion_turbine
47,41,0.0,natural_gas_fired_combustion_turbine
8,41,0.0,natural_gas_fired_combustion_turbine
90,41,0.0,natural_gas_fired_combustion_turbine
60,41,0.0,natural_gas_fired_combustion_turbine
46,41,0.0,natural_gas_fired_combustion_turbine
37,41,0.0,natural_gas_fired_combustion_turbine
7,41,0.0,natural_gas_fired_combustion_turbine
133,41,0.0,natural_gas_fired_combustion_turbine
74,41,0.0,natural_gas_fired_combustion_turbine
20,41,0.0,natural_gas_fired_combustion_turbine
135,41,0.0,natural_gas_fired_combustion_turbine
142,41,0.0,natural_gas_fired_combustion_turbine
121,41,0.0,natural_gas_fired_combustion_turbine
91,41,0.0,natural_gas_fired_combustion_turbine
22,41,0.0,natural_gas_steam_turbine
123,41,0.0,natural_gas_steam_turbine
62,41,0.0,natural_gas_steam_turbine
49,41,0.0,natural_gas_steam_turbine
48,41,0.0,natural_gas_steam_turbine
21,41,0.0,natural_gas_steam_turbine
79,41,1851.499749999984,nuclear
10,41,1436.0170300000002,onshore_wind_turbine
23,41,15475.537,onshore_wind_turbine
31,41,649.51327,onshore_wind_turbine
38,41,1860.9318,onshore_wind_turbine
50,41,3436.7545799999994,onshore_wind_turbine
63,41,78.9698001176,onshore_wind_turbine
80,41,654.24128,onshore_wind_turbine
94,41,555.3478,onshore_wind_turbine
105,41,3051.682901463,onshore_wind_turbine
124,41,3331.4292768064006,onshore_wind_turbine
136,41,1551.51675,onshore_wind_turbine
144,41,9196.183079999999,onshore_wind_turbine
11,41,0.0,small_hydroelectric
24,41,0.0,small_hydroelectric
32,41,0.0,small_hydroelectric
39,41,0.0,small_hydroelectric
51,41,0.0,small_hydroelectric
64,41,0.0,small_hydroelectric
81,41,0.0,small_hydroelectric
95,41,0.0,small_hydroelectric
106,41,0.0,small_hydroelectric
125,41,0.0,small_hydroelectric
137,41,0.0,small_hydroelectric
145,41,0.0,small_hydroelectric
12,41,5687.97642,solar_photovoltaic
25,41,1248.0243999999998,solar_photovoltaic
33,41,898.38315,solar_photovoltaic
52,41,2206.24656,solar_photovoltaic
65,41,6720.605284490301,solar_photovoltaic
82,41,7446.85249,solar_photovoltaic
96,41,668.6784299999999,solar_photovoltaic
107,41,8869.1254420125,solar_photovoltaic
126,41,12470.3688952185,solar_photovoltaic
138,41,765.7349699999999,solar_photovoltaic
26,42,11.235,biomass
13,42,15.682,biomass
108,42,137.081,biomass
40,42,5.952,biomass
97,42,178.173,biomass
1,42,16.294,biomass
66,42,228.795,biomass
2,42,598.0829819999998,conventional_hydroelectric
14,42,78.08706400000001,conventional_hydroelectric
27,42,574.3144439999934,conventional_hydroelectric
35,42,537.2372015999988,conventional_hydroelectric
54,42,545.9973453,conventional_hydroelectric
67,42,1207.4851619999986,conventional_hydroelectric
84,42,10586.90518319997,conventional_hydroelectric
109,42,103.7938528614,conventional_hydroelectric
128,42,32.834340000000005,conventional_hydroelectric
139,42,38.334681599999996,conventional_hydroelectric
110,42,28.499999999999996,conventional_steam_coal
41,42,0.0,conventional_steam_coal
3,42,6041.924409999977,conventional_steam_coal
36,42,1018.5414299999975,conventional_steam_coal
85,42,0.0,conventional_steam_coal
28,42,74.364,geothermal
116,42,0.0,natural_gas_fired_combined_cycle
73,42,0.0,natural_gas_fired_combined_cycle
71,42,0.0,natural_gas_fired_combined_cycle
44,42,0.0,natural_gas_fired_combined_cycle
115,42,0.0,natural_gas_fired_combined_cycle
70,42,0.0,natural_gas_fired_combined_cycle
131,42,0.0,natural_gas_fired_combined_cycle
18,42,0.0,natural_gas_fired_combined_cycle
72,42,0.0,natural_gas_fired_combined_cycle
114,42,0.0,natural_gas_fired_combined_cycle
45,42,0.0,natural_gas_fired_combined_cycle
78,42,0.0,natural_gas_fired_combustion_turbine
75,42,0.0,natural_gas_fired_combustion_turbine
119,42,0.0,natural_gas_fired_combustion_turbine
117,42,0.0,natural_gas_fired_combustion_turbine
134,42,0.0,natural_gas_fired_combustion_turbine
103,42,0.0,natural_gas_fired_combustion_turbine
47,42,0.0,natural_gas_fired_combustion_turbine
8,42,0.0,natural_gas_fired_combustion_turbine
90,42,0.0,natural_gas_fired_combustion_turbine
60,42,0.0,natural_gas_fired_combustion_turbine
46,42,0.0,natural_gas_fired_combustion_turbine
37,42,0.0,natural_gas_fired_combustion_turbine
7,42,0.0,natural_gas_fired_combustion_turbine
133,42,0.0,natural_gas_fired_combustion_turbine
74,42,0.0,natural_gas_fired_combustion_turbine
20,42,0.0,natural_gas_fired_combustion_turbine
135,42,0.0,natural_gas_fired_combustion_turbine
142,42,0.0,natural_gas_fired_combustion_turbine
121,42,0.0,natural_gas_fired_combustion_turbine
91,42,0.0,natural_gas_fired_combustion_turbine
22,42,0.0,natural_gas_steam_turbine
123,42,0.0,natural_gas_steam_turbine
62,42,0.0,natural_gas_steam_turbine
49,42,0.0,natural_gas_steam_turbine
48,42,0.0,natural_gas_steam_turbine
21,42,0.0,natural_gas_steam_turbine
79,42,3702.999499999984,nuclear
10,42,1395.1320600000001,onshore_wind_turbine
23,42,15568.707,onshore_wind_turbine
31,42,762.3172199999999,onshore_wind_turbine
38,42,1248.5738999999999,onshore_wind_turbine
50,42,3708.4160399999996,onshore_wind_turbine
63,42,67.6250396752,onshore_wind_turbine
80,42,1136.55836,onshore_wind_turbine
94,42,183.89000000000001,onshore_wind_turbine
105,42,2851.31265972,onshore_wind_turbine
124,42,4599.8169737212,onshore_wind_turbine
136,42,1833.9377700000002,onshore_wind_turbine
144,42,6806.300129999999,onshore_wind_turbine
11,42,19.125,small_hydroelectric
24,42,62.577,small_hydroelectric
32,42,192.0,small_hydroelectric
39,42,52.9,small_hydroelectric
51,42,25.641,small_hydroelectric
64,42,6.128,small_hydroelectric
81,42,241.672,small_hydroelectric
95,42,418.922,small_hydroelectric
106,42,31.614,small_hydroelectric
125,42,100.697,small_hydroelectric
137,42,36.822,small_hydroelectric
145,42,33.21,small_hydroelectric
12,42,1816.42356,solar_photovoltaic
25,42,0.0,solar_photovoltaic
33,42,390.1268,solar_photovoltaic
52,42,4.83826,solar_photovoltaic
65,42,2102.6455845059,solar_photovoltaic
82,42,4364.319890000001,solar_photovoltaic
96,42,379.96098,solar_photovoltaic
107,42,3218.3007505984997,solar_photovoltaic
126,42,5527.108595904,solar_photovoltaic
138,42,0.0,solar_photovoltaic
26,43,11.235,biomass
13,43,15.682,biomass
108,43,137.081,biomass
40,43,5.952,biomass
97,43,178.173,biomass
1,43,16.294,biomass
66,43,228.795,biomass
2,43,827.371146,conventional_hydroelectric
14,43,94.31600200000001,conventional_hydroelectric
27,43,691.4350800000001,conventional_hydroelectric
35,43,744.5393296,conventional_hydroelectric
54,43,632.2676283,conventional_hydroelectric
67,43,1218.5794192843439,conventional_hydroelectric
84,43,12998.3023572,conventional_hydroelectric
109,43,103.7938528614,conventional_hydroelectric
128,43,45.43374000000001,conventional_hydroelectric
139,43,38.3579712,conventional_hydroelectric
110,43,50.0,conventional_steam_coal
41,43,7219.002,conventional_steam_coal
3,43,14050.987,conventional_steam_coal
36,43,2368.701,conventional_steam_coal
85,43,763.8,conventional_steam_coal
28,43,74.364,geothermal
116,43,36.15999999999996,natural_gas_fired_combined_cycle
73,43,412.6080000000011,natural_gas_fired_combined_cycle
71,43,0.0,natural_gas_fired_combined_cycle
44,43,0.0,natural_gas_fired_combined_cycle
115,43,0.0,natural_gas_fired_combined_cycle
70,43,0.0,natural_gas_fired_combined_cycle
131,43,0.0,natural_gas_fired_combined_cycle
18,43,0.0,natural_gas_fired_combined_cycle
72,43,0.0,natural_gas_fired_combined_cycle
114,43,0.0,natural_gas_fired_combined_cycle
45,43,0.0,natural_gas_fired_combined_cycle
78,43,257.0,natural_gas_fired_combustion_turbine
75,43,0.0,natural_gas_fired_combustion_turbine
119,43,0.0,natural_gas_fired_combustion_turbine
117,43,0.0,natural_gas_fired_combustion_turbine
134,43,0.0,natural_gas_fired_combustion_turbine
103,43,0.0,natural_gas_fired_combustion_turbine
47,43,0.0,natural_gas_fired_combustion_turbine
8,43,0.0,natural_gas_fired_combustion_turbine
90,43,0.0,natural_gas_fired_combustion_turbine
60,43,0.0,natural_gas_fired_combustion_turbine
46,43,0.0,natural_gas_fired_combustion_turbine
37,43,0.0,natural_gas_fired_combustion_turbine
7,43,0.0,natural_gas_fired_combustion_turbine
133,43,0.0,natural_gas_fired_combustion_turbine
74,43,0.0,natural_gas_fired_combustion_turbine
20,43,0.0,natural_gas_fired_combustion_turbine
135,43,0.0,natural_gas_fired_combustion_turbine
142,43,0.0,natural_gas_fired_combustion_turbine
121,43,0.0,natural_gas_fired_combustion_turbine
91,43,0.0,natural_gas_fired_combustion_turbine
22,43,0.0,natural_gas_steam_turbine
123,43,0.0,natural_gas_steam_turbine
62,43,0.0,natural_gas_steam_turbine
49,43,0.0,natural_gas_steam_turbine
48,43,0.0,natural_gas_steam_turbine
21,43,0.0,natural_gas_steam_turbine
79,43,5554.499249999978,nuclear
10,43,1354.24709,onshore_wind_turbine
23,43,15630.1992,onshore_wind_turbine
31,43,883.43304,onshore_wind_turbine
38,43,814.5837,onshore_wind_turbine
50,43,3331.07082,onshore_wind_turbine
63,43,61.637519932800004,onshore_wind_turbine
80,43,1551.0350799999997,onshore_wind_turbine
94,43,419.2692,onshore_wind_turbine
105,43,2726.508119601,onshore_wind_turbine
124,43,6876.527429772001,onshore_wind_turbine
136,43,1505.6458200000002,onshore_wind_turbine
144,43,5515.1145,onshore_wind_turbine
11,43,19.125,small_hydroelectric
24,43,62.577,small_hydroelectric
32,43,192.0,small_hydroelectric
39,43,52.9,small_hydroelectric
51,43,25.641,small_hydroelectric
64,43,6.128,small_hydroelectric
81,43,241.672,small_hydroelectric
95,43,418.922,small_hydroelectric
106,43,31.614,small_hydroelectric
125,43,100.697,small_hydroelectric
137,43,36.822,small_hydroelectric
145,43,33.21,small_hydroelectric
12,43,0.0,solar_photovoltaic
25,43,0.0,solar_photovoltaic
33,43,0.0,solar_photovoltaic
52,43,0.0,solar_photovoltaic
65,43,0.0,solar_photovoltaic
82,43,0.0,solar_photovoltaic
96,43,0.0,solar_photovoltaic
107,43,0.0,solar_photovoltaic
126,43,0.0,solar_photovoltaic
138,43,0.0,solar_photovoltaic
26,44,11.235,biomass
13,44,15.682,biomass
108,44,137.081,biomass
40,44,5.952,biomass
97,44,178.173,biomass
1,44,16.294,biomass
66,44,228.795,biomass
2,44,827.371146,conventional_hydroelectric
14,44,94.4571232,conventional_hydroelectric
27,44,692.140626,conventional_hydroelectric
35,44,745.0388528,conventional_hydroelectric
54,44,632.4755085,conventional_hydroelectric
67,44,1219.359280122828,conventional_hydroelectric
84,44,13007.0182506,conventional_hydroelectric
109,44,103.7938528614,conventional_hydroelectric
128,44,45.4641,conventional_hydroelectric
139,44,38.4045504,conventional_hydroelectric
110,44,50.0,conventional_steam_coal
41,44,7219.002,conventional_steam_coal
3,44,14050.987,conventional_steam_coal
36,44,2368.701,conventional_steam_coal
85,44,763.8,conventional_steam_coal
28,44,74.364,geothermal
116,44,36.159999999999954,natural_gas_fired_combined_cycle
73,44,0.0,natural_gas_fired_combined_cycle
71,44,0.0,natural_gas_fired_combined_cycle
44,44,0.0,natural_gas_fired_combined_cycle
115,44,0.0,natural_gas_fired_combined_cycle
70,44,0.0,natural_gas_fired_combined_cycle
131,44,0.0,natural_gas_fired_combined_cycle
18,44,0.0,natural_gas_fired_combined_cycle
72,44,0.0,natural_gas_fired_combined_cycle
114,44,0.0,natural_gas_fired_combined_cycle
45,44,0.0,natural_gas_fired_combined_cycle
78,44,257.0,natural_gas_fired_combustion_turbine
75,44,0.0,natural_gas_fired_combustion_turbine
119,44,0.0,natural_gas_fired_combustion_turbine
117,44,0.0,natural_gas_fired_combustion_turbine
134,44,0.0,natural_gas_fired_combustion_turbine
103,44,0.0,natural_gas_fired_combustion_turbine
47,44,0.0,natural_gas_fired_combustion_turbine
8,44,0.0,natural_gas_fired_combustion_turbine
90,44,0.0,natural_gas_fired_combustion_turbine
60,44,0.0,natural_gas_fired_combustion_turbine
46,44,0.0,natural_gas_fired_combustion_turbine
37,44,0.0,natural_gas_fired_combustion_turbine
7,44,0.0,natural_gas_fired_combustion_turbine
133,44,0.0,natural_gas_fired_combustion_turbine
74,44,0.0,natural_gas_fired_combustion_turbine
20,44,0.0,natural_gas_fired_combustion_turbine
135,44,0.0,natural_gas_fired_combustion_turbine
142,44,0.0,natural_gas_fired_combustion_turbine
121,44,0.0,natural_gas_fired_combustion_turbine
91,44,0.0,natural_gas_fired_combustion_turbine
22,44,0.0,natural_gas_steam_turbine
123,44,0.0,natural_gas_steam_turbine
62,44,0.0,natural_gas_steam_turbine
49,44,0.0,natural_gas_steam_turbine
48,44,0.0,natural_gas_steam_turbine
21,44,0.0,natural_gas_steam_turbine
79,44,7405.999,nuclear
10,44,954.0426699999999,onshore_wind_turbine
23,44,15123.3544,onshore_wind_turbine
31,44,733.81938,onshore_wind_turbine
38,44,1143.48465,onshore_wind_turbine
50,44,2832.46026,onshore_wind_turbine
63,44,63.880879630399996,onshore_wind_turbine
80,44,1843.7708799999998,onshore_wind_turbine
94,44,875.3164,onshore_wind_turbine
105,44,3066.438900672,onshore_wind_turbine
124,44,9371.376486980202,onshore_wind_turbine
136,44,1032.54564,onshore_wind_turbine
144,44,5757.346979999999,onshore_wind_turbine
11,44,19.125,small_hydroelectric
24,44,62.577,small_hydroelectric
32,44,192.0,small_hydroelectric
39,44,52.9,small_hydroelectric
51,44,25.641,small_hydroelectric
64,44,6.128,small_hydroelectric
81,44,241.672,small_hydroelectric
95,44,418.922,small_hydroelectric
106,44,31.614,small_hydroelectric
125,44,100.697,small_hydroelectric
137,44,36.822,small_hydroelectric
145,44,33.21,small_hydroelectric
12,44,0.0,solar_photovoltaic
25,44,0.0,solar_photovoltaic
33,44,0.0,solar_photovoltaic
52,44,0.0,solar_photovoltaic
65,44,0.0,solar_photovoltaic
82,44,0.0,solar_photovoltaic
96,44,0.0,solar_photovoltaic
107,44,0.0,solar_photovoltaic
126,44,0.0,solar_photovoltaic
138,44,0.0,solar_photovoltaic
26,45,11.235,biomass
13,45,15.682,biomass
108,45,137.081,biomass
40,45,5.952,biomass
97,45,178.173,biomass
1,45,16.294,biomass
66,45,228.795,biomass
2,45,827.6473967999999,conventional_hydroelectric
14,45,94.5982444,conventional_hydroelectric
27,45,692.846172,conventional_hydroelectric
35,45,745.2886144,conventional_hydroelectric
54,45,632.5794486000001,conventional_hydroelectric
67,45,1220.8140815228278,conventional_hydroelectric
84,45,13018.6394418,conventional_hydroelectric
109,45,103.85460152339999,conventional_hydroelectric
128,45,45.494460000000004,conventional_hydroelectric
139,45,38.451129599999994,conventional_hydroelectric
110,45,50.0,conventional_steam_coal
41,45,0.0,conventional_steam_coal
3,45,6041.9244099999505,conventional_steam_coal
36,45,1018.5414299999936,conventional_steam_coal
85,45,0.0,conventional_steam_coal
28,45,74.364,geothermal
116,45,0.0,natural_gas_fired_combined_cycle
73,45,0.0,natural_gas_fired_combined_cycle
71,45,0.0,natural_gas_fired_combined_cycle
44,45,0.0,natural_gas_fired_combined_cycle
115,45,0.0,natural_gas_fired_combined_cycle
70,45,0.0,natural_gas_fired_combined_cycle
131,45,0.0,natural_gas_fired_combined_cycle
18,45,0.0,natural_gas_fired_combined_cycle
72,45,0.0,natural_gas_fired_combined_cycle
114,45,0.0,natural_gas_fired_combined_cycle
45,45,0.0,natural_gas_fired_combined_cycle
78,45,0.0,natural_gas_fired_combustion_turbine
75,45,0.0,natural_gas_fired_combustion_turbine
119,45,0.0,natural_gas_fired_combustion_turbine
117,45,0.0,natural_gas_fired_combustion_turbine
134,45,0.0,natural_gas_fired_combustion_turbine
103,45,0.0,natural_gas_fired_combustion_turbine
47,45,0.0,natural_gas_fired_combustion_turbine
8,45,0.0,natural_gas_fired_combustion_turbine
90,45,0.0,natural_gas_fired_combustion_turbine
60,45,0.0,natural_gas_fired_combustion_turbine
46,45,0.0,natural_gas_fired_combustion_turbine
37,45,0.0,natural_gas_fired_combustion_turbine
7,45,0.0,natural_gas_fired_combustion_turbine
133,45,0.0,natural_gas_fired_combustion_turbine
74,45,0.0,natural_gas_fired_combustion_turbine
20,45,0.0,natural_gas_fired_combustion_turbine
135,45,0.0,natural_gas_fired_combustion_turbine
142,45,0.0,natural_gas_fired_combustion_turbine
121,45,0.0,natural_gas_fired_combustion_turbine
91,45,0.0,natural_gas_fired_combustion_turbine
22,45,0.0,natural_gas_steam_turbine
123,45,0.0,natural_gas_steam_turbine
62,45,0.0,natural_gas_steam_turbine
49,45,0.0,natural_gas_steam_turbine
48,45,0.0,natural_gas_steam_turbine
21,45,0.0,natural_gas_steam_turbine
79,45,7405.999,nuclear
10,45,800.04862,onshore_wind_turbine
23,45,14657.5044,onshore_wind_turbine
31,45,840.68628,onshore_wind_turbine
38,45,1488.2910000000002,onshore_wind_turbine
50,45,2676.64446,onshore_wind_turbine
63,45,61.149480257600004,onshore_wind_turbine
80,45,1721.1006399999999,onshore_wind_turbine
94,45,1743.2772,onshore_wind_turbine
105,45,3168.199021512,onshore_wind_turbine
124,45,11968.248101579002,onshore_wind_turbine
136,45,557.6466,onshore_wind_turbine
144,45,6289.393319999999,onshore_wind_turbine
11,45,19.125,small_hydroelectric
24,45,62.577,small_hydroelectric
32,45,192.0,small_hydroelectric
39,45,52.9,small_hydroelectric
51,45,25.641,small_hydroelectric
64,45,6.128,small_hydroelectric
81,45,241.672,small_hydroelectric
95,45,418.922,small_hydroelectric
106,45,31.614,small_hydroelectric
125,45,100.697,small_hydroelectric
137,45,36.822,small_hydroelectric
145,45,33.21,small_hydroelectric
12,45,0.0,solar_photovoltaic
25,45,0.0,solar_photovoltaic
33,45,0.0,solar_photovoltaic
52,45,0.0,solar_photovoltaic
65,45,0.0,solar_photovoltaic
82,45,0.0,solar_photovoltaic
96,45,0.0,solar_photovoltaic
107,45,0.0,solar_photovoltaic
126,45,0.0,solar_photovoltaic
138,45,0.0,solar_photovoltaic
26,46,11.235,biomass
13,46,15.681999998887461,biomass
108,46,137.081,biomass
40,46,5.951999998887461,biomass
97,46,178.173,biomass
1,46,16.29399999888746,biomass
66,46,228.795,biomass
2,46,827.6473967988874,conventional_hydroelectric
14,46,94.786406,conventional_hydroelectric
27,46,693.551718,conventional_hydroelectric
35,46,745.7881375988874,conventional_hydroelectric
54,46,632.7873288000001,conventional_hydroelectric
67,46,1221.6464097738028,conventional_hydroelectric
84,46,13027.3553352,conventional_hydroelectric
109,46,103.9334728614,conventional_hydroelectric
128,46,45.524819998887466,conventional_hydroelectric
139,46,38.4977088,conventional_hydroelectric
110,46,50.0,conventional_steam_coal
41,46,0.0,conventional_steam_coal
3,46,0.0,conventional_steam_coal
36,46,0.0,conventional_steam_coal
85,46,0.0,conventional_steam_coal
28,46,74.364,geothermal
116,46,0.0,natural_gas_fired_combined_cycle
73,46,0.0,natural_gas_fired_combined_cycle
71,46,0.0,natural_gas_fired_combined_cycle
44,46,0.0,natural_gas_fired_combined_cycle
115,46,0.0,natural_gas_fired_combined_cycle
70,46,0.0,natural_gas_fired_combined_cycle
131,46,0.0,natural_gas_fired_combined_cycle
18,46,0.0,natural_gas_fired_combined_cycle
72,46,0.0,natural_gas_fired_combined_cycle
114,46,0.0,natural_gas_fired_combined_cycle
45,46,0.0,natural_gas_fired_combined_cycle
78,46,0.0,natural_gas_fired_combustion_turbine
75,46,0.0,natural_gas_fired_combustion_turbine
119,46,0.0,natural_gas_fired_combustion_turbine
117,46,0.0,natural_gas_fired_combustion_turbine
134,46,0.0,natural_gas_fired_combustion_turbine
103,46,0.0,natural_gas_fired_combustion_turbine
47,46,0.0,natural_gas_fired_combustion_turbine
8,46,0.0,natural_gas_fired_combustion_turbine
90,46,0.0,natural_gas_fired_combustion_turbine
60,46,0.0,natural_gas_fired_combustion_turbine
46,46,0.0,natural_gas_fired_combustion_turbine
37,46,0.0,natural_gas_fired_combustion_turbine
7,46,0.0,natural_gas_fired_combustion_turbine
133,46,0.0,natural_gas_fired_combustion_turbine
74,46,0.0,natural_gas_fired_combustion_turbine
20,46,0.0,natural_gas_fired_combustion_turbine
135,46,0.0,natural_gas_fired_combustion_turbine
142,46,0.0,natural_gas_fired_combustion_turbine
121,46,0.0,natural_gas_fired_combustion_turbine
91,46,0.0,natural_gas_fired_combustion_turbine
22,46,0.0,natural_gas_steam_turbine
123,46,0.0,natural_gas_steam_turbine
62,46,0.0,natural_gas_steam_turbine
49,46,0.0,natural_gas_steam_turbine
48,46,0.0,natural_gas_steam_turbine
21,46,0.0,natural_gas_steam_turbine
79,46,7405.999,nuclear
10,46,487.73788,onshore_wind_turbine
23,46,14722.7234,onshore_wind_turbine
31,46,1237.28122,onshore_wind_turbine
38,46,1074.7506,onshore_wind_turbine
50,46,2880.5599199999997,onshore_wind_turbine
63,46,119.19403967519999,onshore_wind_turbine
80,46,2086.3233999999998,onshore_wind_turbine
94,46,1346.0748,onshore_wind_turbine
105,46,3013.856019888,onshore_wind_turbine
124,46,17034.177872819804,onshore_wind_turbine
136,46,610.71297,onshore_wind_turbine
144,46,6070.951529999999,onshore_wind_turbine
11,46,19.125,small_hydroelectric
24,46,62.577,small_hydroelectric
32,46,192.0,small_hydroelectric
39,46,52.9,small_hydroelectric
51,46,25.641,small_hydroelectric
64,46,6.128,small_hydroelectric
81,46,241.672,small_hydroelectric
95,46,418.922,small_hydroelectric
106,46,31.614,small_hydroelectric
125,46,100.697,small_hydroelectric
137,46,36.822,small_hydroelectric
145,46,33.21,small_hydroelectric
12,46,0.0,solar_photovoltaic
25,46,0.0,solar_photovoltaic
33,46,0.0,solar_photovoltaic
52,46,0.0,solar_photovoltaic
65,46,0.0,solar_photovoltaic
82,46,0.0,solar_photovoltaic
96,46,0.0,solar_photovoltaic
107,46,0.0,solar_photovoltaic
126,46,0.0,solar_photovoltaic
138,46,0.0,solar_photovoltaic
26,47,11.235,biomass
13,47,15.682,biomass
108,47,137.081,biomass
40,47,5.952,biomass
97,47,178.173,biomass
1,47,16.294,biomass
66,47,228.795,biomass
2,47,827.9236476,conventional_hydroelectric
14,47,94.9275272,conventional_hydroelectric
27,47,694.3983732,conventional_hydroelectric
35,47,746.0378992000001,conventional_hydroelectric
54,47,632.8912689,conventional_hydroelectric
67,47,1222.4262706122868,conventional_hydroelectric
84,47,13038.9765264,conventional_hydroelectric
109,47,103.9334728614,conventional_hydroelectric
128,47,45.55518,conventional_hydroelectric
139,47,38.520998399999996,conventional_hydroelectric
110,47,50.0,conventional_steam_coal
41,47,0.0,conventional_steam_coal
3,47,0.0,conventional_steam_coal
36,47,0.0,conventional_steam_coal
85,47,0.0,conventional_steam_coal
28,47,74.364,geothermal
116,47,0.0,natural_gas_fired_combined_cycle
73,47,0.0,natural_gas_fired_combined_cycle
71,47,0.0,natural_gas_fired_combined_cycle
44,47,0.0,natural_gas_fired_combined_cycle
115,47,0.0,natural_gas_fired_combined_cycle
70,47,0.0,natural_gas_fired_combined_cycle
131,47,0.0,natural_gas_fired_combined_cycle
18,47,0.0,natural_gas_fired_combined_cycle
72,47,0.0,natural_gas_fired_combined_cycle
114,47,0.0,natural_gas_fired_combined_cycle
45,47,0.0,natural_gas_fired_combined_cycle
78,47,0.0,natural_gas_fired_combustion_turbine
75,47,0.0,natural_gas_fired_combustion_turbine
119,47,0.0,natural_gas_fired_combustion_turbine
117,47,0.0,natural_gas_fired_combustion_turbine
134,47,0.0,natural_gas_fired_combustion_turbine
103,47,0.0,natural_gas_fired_combustion_turbine
47,47,0.0,natural_gas_fired_combustion_turbine
8,47,0.0,natural_gas_fired_combustion_turbine
90,47,0.0,natural_gas_fired_combustion_turbine
60,47,0.0,natural_gas_fired_combustion_turbine
46,47,0.0,natural_gas_fired_combustion_turbine
37,47,0.0,natural_gas_fired_combustion_turbine
7,47,0.0,natural_gas_fired_combustion_turbine
133,47,0.0,natural_gas_fired_combustion_turbine
74,47,0.0,natural_gas_fired_combustion_turbine
20,47,0.0,natural_gas_fired_combustion_turbine
135,47,0.0,natural_gas_fired_combustion_turbine
142,47,0.0,natural_gas_fired_combustion_turbine
121,47,0.0,natural_gas_fired_combustion_turbine
91,47,0.0,natural_gas_fired_combustion_turbine
22,47,0.0,natural_gas_steam_turbine
123,47,0.0,natural_gas_steam_turbine
62,47,0.0,natural_gas_steam_turbine
49,47,0.0,natural_gas_steam_turbine
48,47,0.0,natural_gas_steam_turbine
21,47,0.0,natural_gas_steam_turbine
79,47,5554.499249999969,nuclear
10,47,458.37995000000006,onshore_wind_turbine
23,47,13899.1006,onshore_wind_turbine
31,47,1010.48591,onshore_wind_turbine
38,47,890.7024,onshore_wind_turbine
50,47,3194.90136,onshore_wind_turbine
63,47,114.575720084,onshore_wind_turbine
80,47,2761.9390399999997,onshore_wind_turbine
94,47,338.3576,onshore_wind_turbine
105,47,3021.7811413649997,onshore_wind_turbine
124,47,23011.155427183003,onshore_wind_turbine
136,47,388.55376000000007,onshore_wind_turbine
144,47,6300.20727,onshore_wind_turbine
11,47,19.125,small_hydroelectric
24,47,62.577,small_hydroelectric
32,47,192.0,small_hydroelectric
39,47,52.9,small_hydroelectric
51,47,25.641,small_hydroelectric
64,47,6.128,small_hydroelectric
81,47,241.672,small_hydroelectric
95,47,418.922,small_hydroelectric
106,47,31.614,small_hydroelectric
125,47,100.697,small_hydroelectric
137,47,36.822,small_hydroelectric
145,47,33.21,small_hydroelectric
12,47,0.0,solar_photovoltaic
25,47,0.0,solar_photovoltaic
33,47,0.0,solar_photovoltaic
52,47,0.0,solar_photovoltaic
65,47,0.0,solar_photovoltaic
82,47,0.0,solar_photovoltaic
96,47,0.0,solar_photovoltaic
107,47,0.0,solar_photovoltaic
126,47,0.0,solar_photovoltaic
138,47,0.0,solar_photovoltaic
26,48,11.235,biomass
13,48,15.682,biomass
108,48,137.081,biomass
40,48,5.952,biomass
97,48,178.173,biomass
1,48,16.294,biomass
66,48,228.795,biomass
2,48,828.1998983999999,conventional_hydroelectric
14,48,95.0686484,conventional_hydroelectric
27,48,695.1039192000001,conventional_hydroelectric
35,48,746.5374224,conventional_hydroelectric
54,48,633.0991491,conventional_hydroelectric
67,48,1223.206138724778,conventional_hydroelectric
84,48,13050.5977176,conventional_hydroelectric
109,48,103.9334728614,conventional_hydroelectric
128,48,45.58554,conventional_hydroelectric
139,48,38.5675776,conventional_hydroelectric
110,48,28.499999999999996,conventional_steam_coal
41,48,0.0,conventional_steam_coal
3,48,0.0,conventional_steam_coal
36,48,0.0,conventional_steam_coal
85,48,0.0,conventional_steam_coal
28,48,74.364,geothermal
116,48,0.0,natural_gas_fired_combined_cycle
73,48,0.0,natural_gas_fired_combined_cycle
71,48,0.0,natural_gas_fired_combined_cycle
44,48,0.0,natural_gas_fired_combined_cycle
115,48,0.0,natural_gas_fired_combined_cycle
70,48,0.0,natural_gas_fired_combined_cycle
131,48,0.0,natural_gas_fired_combined_cycle
18,48,0.0,natural_gas_fired_combined_cycle
72,48,0.0,natural_gas_fired_combined_cycle
114,48,0.0,natural_gas_fired_combined_cycle
45,48,0.0,natural_gas_fired_combined_cycle
78,48,0.0,natural_gas_fired_combustion_turbine
75,48,0.0,natural_gas_fired_combustion_turbine
119,48,0.0,natural_gas_fired_combustion_turbine
117,48,0.0,natural_gas_fired_combustion_turbine
134,48,0.0,natural_gas_fired_combustion_turbine
103,48,0.0,natural_gas_fired_combustion_turbine
47,48,0.0,natural_gas_fired_combustion_turbine
8,48,0.0,natural_gas_fired_combustion_turbine
90,48,0.0,natural_gas_fired_combustion_turbine
60,48,0.0,natural_gas_fired_combustion_turbine
46,48,0.0,natural_gas_fired_combustion_turbine
37,48,0.0,natural_gas_fired_combustion_turbine
7,48,0.0,natural_gas_fired_combustion_turbine
133,48,0.0,natural_gas_fired_combustion_turbine
74,48,0.0,natural_gas_fired_combustion_turbine
20,48,0.0,natural_gas_fired_combustion_turbine
135,48,0.0,natural_gas_fired_combustion_turbine
142,48,0.0,natural_gas_fired_combustion_turbine
121,48,0.0,natural_gas_fired_combustion_turbine
91,48,0.0,natural_gas_fired_combustion_turbine
22,48,0.0,natural_gas_steam_turbine
123,48,0.0,natural_gas_steam_turbine
62,48,0.0,natural_gas_steam_turbine
49,48,0.0,natural_gas_steam_turbine
48,48,0.0,natural_gas_steam_turbine
21,48,0.0,natural_gas_steam_turbine
79,48,3702.999499999986,nuclear
10,48,819.6806100000001,onshore_wind_turbine
23,48,13692.2632,onshore_wind_turbine
31,48,916.6805200000001,onshore_wind_turbine
38,48,840.7139999999999,onshore_wind_turbine
50,48,3459.78822,onshore_wind_turbine
63,48,97.1378802968,onshore_wind_turbine
80,48,1529.6607199999999,onshore_wind_turbine
94,48,161.8232,onshore_wind_turbine
105,48,2424.936078453,onshore_wind_turbine
124,48,24257.3761446632,onshore_wind_turbine
136,48,281.52159000000006,onshore_wind_turbine
144,48,6328.32354,onshore_wind_turbine
11,48,19.125,small_hydroelectric
24,48,62.577,small_hydroelectric
32,48,192.0,small_hydroelectric
39,48,52.9,small_hydroelectric
51,48,25.641,small_hydroelectric
64,48,6.128,small_hydroelectric
81,48,241.672,small_hydroelectric
95,48,418.922,small_hydroelectric
106,48,31.614,small_hydroelectric
125,48,100.697,small_hydroelectric
137,48,36.822,small_hydroelectric
145,48,33.21,small_hydroelectric
12,48,0.0,solar_photovoltaic
25,48,0.0,solar_photovoltaic
33,48,0.0,solar_photovoltaic
52,48,0.0,solar_photovoltaic
65,48,0.0,solar_photovoltaic
82,48,0.0,solar_photovoltaic
96,48,0.0,solar_photovoltaic
107,48,0.0,solar_photovoltaic
126,48,0.0,solar_photovoltaic
138,48,0.0,solar_photovoltaic
26,49,0.0,biomass
13,49,0.0,biomass
108,49,0.0,biomass
40,49,0.0,biomass
97,49,0.0,biomass
1,49,0.0,biomass
66,49,0.0,biomass
2,49,828.1998983999999,conventional_hydroelectric
14,49,95.2097696,conventional_hydroelectric
27,49,695.8094652,conventional_hydroelectric
35,49,746.7871839999999,conventional_hydroelectric
54,49,633.2030892,conventional_hydroelectric
67,49,1224.038466975753,conventional_hydroelectric
84,49,13059.313611,conventional_hydroelectric
109,49,103.9334728614,conventional_hydroelectric
128,49,45.6159,conventional_hydroelectric
139,49,38.614156799999996,conventional_hydroelectric
110,49,0.0,conventional_steam_coal
41,49,0.0,conventional_steam_coal
3,49,0.0,conventional_steam_coal
36,49,0.0,conventional_steam_coal
85,49,0.0,conventional_steam_coal
28,49,74.364,geothermal
116,49,0.0,natural_gas_fired_combined_cycle
73,49,0.0,natural_gas_fired_combined_cycle
71,49,0.0,natural_gas_fired_combined_cycle
44,49,0.0,natural_gas_fired_combined_cycle
115,49,0.0,natural_gas_fired_combined_cycle
70,49,0.0,natural_gas_fired_combined_cycle
131,49,0.0,natural_gas_fired_combined_cycle
18,49,0.0,natural_gas_fired_combined_cycle
72,49,0.0,natural_gas_fired_combined_cycle
114,49,0.0,natural_gas_fired_combined_cycle
45,49,0.0,natural_gas_fired_combined_cycle
78,49,0.0,natural_gas_fired_combustion_turbine
75,49,0.0,natural_gas_fired_combustion_turbine
119,49,0.0,natural_gas_fired_combustion_turbine
117,49,0.0,natural_gas_fired_combustion_turbine
134,49,0.0,natural_gas_fired_combustion_turbine
103,49,0.0,natural_gas_fired_combustion_turbine
47,49,0.0,natural_gas_fired_combustion_turbine
8,49,0.0,natural_gas_fired_combustion_turbine
90,49,0.0,natural_gas_fired_combustion_turbine
60,49,0.0,natural_gas_fired_combustion_turbine
46,49,0.0,natural_gas_fired_combustion_turbine
37,49,0.0,natural_gas_fired_combustion_turbine
7,49,0.0,natural_gas_fired_combustion_turbine
133,49,0.0,natural_gas_fired_combustion_turbine
74,49,0.0,natural_gas_fired_combustion_turbine
20,49,0.0,natural_gas_fired_combustion_turbine
135,49,0.0,natural_gas_fired_combustion_turbine
142,49,0.0,natural_gas_fired_combustion_turbine
121,49,0.0,natural_gas_fired_combustion_turbine
91,49,0.0,natural_gas_fired_combustion_turbine
22,49,0.0,natural_gas_steam_turbine
123,49,0.0,natural_gas_steam_turbine
62,49,0.0,natural_gas_steam_turbine
49,49,0.0,natural_gas_steam_turbine
48,49,0.0,natural_gas_steam_turbine
21,49,0.0,natural_gas_steam_turbine
79,49,1851.499749999999,nuclear
10,49,1380.1829300000002,onshore_wind_turbine
23,49,14651.9142,onshore_wind_turbine
31,49,814.56326,onshore_wind_turbine
38,49,640.7604,onshore_wind_turbine
50,49,4108.7949,onshore_wind_turbine
63,49,122.2404396248,onshore_wind_turbine
80,49,2388.3523999999998,onshore_wind_turbine
94,49,80.9116,onshore_wind_turbine
105,49,2540.81254035,onshore_wind_turbine
124,49,25894.888241545403,onshore_wind_turbine
136,49,286.91817000000003,onshore_wind_turbine
144,49,5742.20745,onshore_wind_turbine
11,49,19.125,small_hydroelectric
24,49,62.576999999997305,small_hydroelectric
32,49,192.0,small_hydroelectric
39,49,52.9,small_hydroelectric
51,49,25.641,small_hydroelectric
64,49,6.128,small_hydroelectric
81,49,241.672,small_hydroelectric
95,49,418.922,small_hydroelectric
106,49,31.614,small_hydroelectric
125,49,100.697,small_hydroelectric
137,49,36.822,small_hydroelectric
145,49,33.21,small_hydroelectric
12,49,0.0,solar_photovoltaic
25,49,0.0,solar_photovoltaic
33,49,0.0,solar_photovoltaic
52,49,0.0,solar_photovoltaic
65,49,0.0,solar_photovoltaic
82,49,0.0,solar_photovoltaic
96,49,0.0,solar_photovoltaic
107,49,0.0,solar_photovoltaic
126,49,0.0,solar_photovoltaic
138,49,0.0,solar_photovoltaic
26,50,0.0,biomass
13,50,0.0,biomass
108,50,0.0,biomass
40,50,0.0,biomass
97,50,0.0,biomass
1,50,0.0,biomass
66,50,0.0,biomass
2,50,828.4761491999999,conventional_hydroelectric
14,50,95.3979312,conventional_hydroelectric
27,50,696.5150112,conventional_hydroelectric
35,50,747.2867072,conventional_hydroelectric
54,50,633.3070293,conventional_hydroelectric
67,50,1224.818327814237,conventional_hydroelectric
84,50,13070.9348022,conventional_hydroelectric
109,50,103.9334728614,conventional_hydroelectric
128,50,45.646260000000005,conventional_hydroelectric
139,50,38.660736,conventional_hydroelectric
110,50,0.0,conventional_steam_coal
41,50,0.0,conventional_steam_coal
3,50,0.0,conventional_steam_coal
36,50,0.0,conventional_steam_coal
85,50,0.0,conventional_steam_coal
28,50,74.364,geothermal
116,50,0.0,natural_gas_fired_combined_cycle
73,50,0.0,natural_gas_fired_combined_cycle
71,50,0.0,natural_gas_fired_combined_cycle
44,50,0.0,natural_gas_fired_combined_cycle
115,50,0.0,natural_gas_fired_combined_cycle
70,50,0.0,natural_gas_fired_combined_cycle
131,50,0.0,natural_gas_fired_combined_cycle
18,50,0.0,natural_gas_fired_combined_cycle
72,50,0.0,natural_gas_fired_combined_cycle
114,50,0.0,natural_gas_fired_combined_cycle
45,50,0.0,natural_gas_fired_combined_cycle
78,50,0.0,natural_gas_fired_combustion_turbine
75,50,0.0,natural_gas_fired_combustion_turbine
119,50,0.0,natural_gas_fired_combustion_turbine
117,50,0.0,natural_gas_fired_combustion_turbine
134,50,0.0,natural_gas_fired_combustion_turbine
103,50,0.0,natural_gas_fired_combustion_turbine
47,50,0.0,natural_gas_fired_combustion_turbine
8,50,0.0,natural_gas_fired_combustion_turbine
90,50,0.0,natural_gas_fired_combustion_turbine
60,50,0.0,natural_gas_fired_combustion_turbine
46,50,0.0,natural_gas_fired_combustion_turbine
37,50,0.0,natural_gas_fired_combustion_turbine
7,50,0.0,natural_gas_fired_combustion_turbine
133,50,0.0,natural_gas_fired_combustion_turbine
74,50,0.0,natural_gas_fired_combustion_turbine
20,50,0.0,natural_gas_fired_combustion_turbine
135,50,0.0,natural_gas_fired_combustion_turbine
142,50,0.0,natural_gas_fired_combustion_turbine
121,50,0.0,natural_gas_fired_combustion_turbine
91,50,0.0,natural_gas_fired_combustion_turbine
22,50,0.0,natural_gas_steam_turbine
123,50,0.0,natural_gas_steam_turbine
62,50,0.0,natural_gas_steam_turbine
49,50,0.0,natural_gas_steam_turbine
48,50,0.0,natural_gas_steam_turbine
21,50,0.0,natural_gas_steam_turbine
79,50,0.0,nuclear
10,50,1405.75855,onshore_wind_turbine
23,50,15238.885199999999,onshore_wind_turbine
31,50,695.82226,onshore_wind_turbine
38,50,670.299,onshore_wind_turbine
50,50,3124.4455199999998,onshore_wind_turbine
63,50,97.26920026879999,onshore_wind_turbine
80,50,3234.0335999999993,onshore_wind_turbine
94,50,114.0118,onshore_wind_turbine
105,50,2757.9080210849997,onshore_wind_turbine
124,50,26460.808574461804,onshore_wind_turbine
136,50,143.00937000000002,onshore_wind_turbine
144,50,4647.835709999999,onshore_wind_turbine
11,50,19.125,small_hydroelectric
24,50,62.577,small_hydroelectric
32,50,192.0,small_hydroelectric
39,50,52.9,small_hydroelectric
51,50,25.641,small_hydroelectric
64,50,6.128,small_hydroelectric
81,50,241.672,small_hydroelectric
95,50,418.922,small_hydroelectric
106,50,31.614,small_hydroelectric
125,50,100.697,small_hydroelectric
137,50,36.822,small_hydroelectric
145,50,33.21,small_hydroelectric
12,50,0.0,solar_photovoltaic
25,50,0.0,solar_photovoltaic
33,50,0.0,solar_photovoltaic
52,50,0.0,solar_photovoltaic
65,50,0.0,solar_photovoltaic
82,50,0.0,solar_photovoltaic
96,50,0.0,solar_photovoltaic
107,50,0.0,solar_photovoltaic
126,50,0.0,solar_photovoltaic
138,50,0.0,solar_photovoltaic
26,51,0.0,biomass
13,51,0.0,biomass
108,51,0.0,biomass
40,51,0.0,biomass
97,51,0.0,biomass
1,51,0.0,biomass
66,51,0.0,biomass
2,51,828.4761491999999,conventional_hydroelectric
14,51,95.5390524,conventional_hydroelectric
27,51,697.3616664,conventional_hydroelectric
35,51,747.7862304,conventional_hydroelectric
54,51,633.5149095,conventional_hydroelectric
67,51,1226.273129214237,conventional_hydroelectric
84,51,13082.5559934,conventional_hydroelectric
109,51,103.9334728614,conventional_hydroelectric
128,51,45.67662000000001,conventional_hydroelectric
139,51,38.6840256,conventional_hydroelectric
110,51,0.0,conventional_steam_coal
41,51,0.0,conventional_steam_coal
3,51,0.0,conventional_steam_coal
36,51,0.0,conventional_steam_coal
85,51,0.0,conventional_steam_coal
28,51,74.364,geothermal
116,51,0.0,natural_gas_fired_combined_cycle
73,51,0.0,natural_gas_fired_combined_cycle
71,51,0.0,natural_gas_fired_combined_cycle
44,51,0.0,natural_gas_fired_combined_cycle
115,51,0.0,natural_gas_fired_combined_cycle
70,51,0.0,natural_gas_fired_combined_cycle
131,51,0.0,natural_gas_fired_combined_cycle
18,51,0.0,natural_gas_fired_combined_cycle
72,51,0.0,natural_gas_fired_combined_cycle
114,51,0.0,natural_gas_fired_combined_cycle
45,51,0.0,natural_gas_fired_combined_cycle
78,51,0.0,natural_gas_fired_combustion_turbine
75,51,0.0,natural_gas_fired_combustion_turbine
119,51,0.0,natural_gas_fired_combustion_turbine
117,51,0.0,natural_gas_fired_combustion_turbine
134,51,0.0,natural_gas_fired_combustion_turbine
103,51,0.0,natural_gas_fired_combustion_turbine
47,51,0.0,natural_gas_fired_combustion_turbine
8,51,0.0,natural_gas_fired_combustion_turbine
90,51,0.0,natural_gas_fired_combustion_turbine
60,51,0.0,natural_gas_fired_combustion_turbine
46,51,0.0,natural_gas_fired_combustion_turbine
37,51,0.0,natural_gas_fired_combustion_turbine
7,51,0.0,natural_gas_fired_combustion_turbine
133,51,0.0,natural_gas_fired_combustion_turbine
74,51,0.0,natural_gas_fired_combustion_turbine
20,51,0.0,natural_gas_fired_combustion_turbine
135,51,0.0,natural_gas_fired_combustion_turbine
142,51,0.0,natural_gas_fired_combustion_turbine
121,51,0.0,natural_gas_fired_combustion_turbine
91,51,0.0,natural_gas_fired_combustion_turbine
22,51,0.0,natural_gas_steam_turbine
123,51,0.0,natural_gas_steam_turbine
62,51,0.0,natural_gas_steam_turbine
49,51,0.0,natural_gas_steam_turbine
48,51,0.0,natural_gas_steam_turbine
21,51,0.0,natural_gas_steam_turbine
79,51,0.0,nuclear
10,51,1412.96295,onshore_wind_turbine
23,51,15127.081199999999,onshore_wind_turbine
31,51,940.4287200000001,onshore_wind_turbine
38,51,932.17005,onshore_wind_turbine
50,51,2808.74916,onshore_wind_turbine
63,51,72.7375599776,onshore_wind_turbine
80,51,3528.6280399999996,onshore_wind_turbine
94,51,161.8232,onshore_wind_turbine
105,51,2613.4954999439997,onshore_wind_turbine
124,51,25564.278236420003,onshore_wind_turbine
136,51,213.16491000000002,onshore_wind_turbine
144,51,3784.8824999999993,onshore_wind_turbine
11,51,19.125,small_hydroelectric
24,51,62.577,small_hydroelectric
32,51,192.0,small_hydroelectric
39,51,52.9,small_hydroelectric
51,51,25.641,small_hydroelectric
64,51,6.128,small_hydroelectric
81,51,241.672,small_hydroelectric
95,51,418.922,small_hydroelectric
106,51,31.614,small_hydroelectric
125,51,100.69699999999992,small_hydroelectric
137,51,36.822,small_hydroelectric
145,51,33.209999999999994,small_hydroelectric
12,51,0.0,solar_photovoltaic
25,51,0.0,solar_photovoltaic
33,51,0.0,solar_photovoltaic
52,51,0.0,solar_photovoltaic
65,51,0.0,solar_photovoltaic
82,51,0.0,solar_photovoltaic
96,51,0.0,solar_photovoltaic
107,51,0.0,solar_photovoltaic
126,51,0.0,solar_photovoltaic
138,51,0.0,solar_photovoltaic
26,52,0.0,biomass
13,52,0.0,biomass
108,52,0.0,biomass
40,52,0.0,biomass
97,52,0.0,biomass
1,52,0.0,biomass
66,52,0.0,biomass
2,52,828.7524,conventional_hydroelectric
14,52,95.6801736,conventional_hydroelectric
27,52,698.0672124,conventional_hydroelectric
35,52,748.035992,conventional_hydroelectric
54,52,633.6188496000001,conventional_hydroelectric
67,52,1227.052990052721,conventional_hydroelectric
84,52,13091.2718868,conventional_hydroelectric
109,52,103.9334728614,conventional_hydroelectric
128,52,45.70698,conventional_hydroelectric
139,52,38.7306048,conventional_hydroelectric
110,52,0.0,conventional_steam_coal
41,52,0.0,conventional_steam_coal
3,52,0.0,conventional_steam_coal
36,52,0.0,conventional_steam_coal
85,52,0.0,conventional_steam_coal
28,52,74.364,geothermal
116,52,0.0,natural_gas_fired_combined_cycle
73,52,0.0,natural_gas_fired_combined_cycle
71,52,0.0,natural_gas_fired_combined_cycle
44,52,0.0,natural_gas_fired_combined_cycle
115,52,0.0,natural_gas_fired_combined_cycle
70,52,0.0,natural_gas_fired_combined_cycle
131,52,0.0,natural_gas_fired_combined_cycle
18,52,0.0,natural_gas_fired_combined_cycle
72,52,0.0,natural_gas_fired_combined_cycle
114,52,0.0,natural_gas_fired_combined_cycle
45,52,0.0,natural_gas_fired_combined_cycle
78,52,0.0,natural_gas_fired_combustion_turbine
75,52,0.0,natural_gas_fired_combustion_turbine
119,52,0.0,natural_gas_fired_combustion_turbine
117,52,0.0,natural_gas_fired_combustion_turbine
134,52,0.0,natural_gas_fired_combustion_turbine
103,52,0.0,natural_gas_fired_combustion_turbine
47,52,0.0,natural_gas_fired_combustion_turbine
8,52,0.0,natural_gas_fired_combustion_turbine
90,52,0.0,natural_gas_fired_combustion_turbine
60,52,0.0,natural_gas_fired_combustion_turbine
46,52,0.0,natural_gas_fired_combustion_turbine
37,52,0.0,natural_gas_fired_combustion_turbine
7,52,0.0,natural_gas_fired_combustion_turbine
133,52,0.0,natural_gas_fired_combustion_turbine
74,52,0.0,natural_gas_fired_combustion_turbine
20,52,0.0,natural_gas_fired_combustion_turbine
135,52,0.0,natural_gas_fired_combustion_turbine
142,52,0.0,natural_gas_fired_combustion_turbine
121,52,0.0,natural_gas_fired_combustion_turbine
91,52,0.0,natural_gas_fired_combustion_turbine
22,52,0.0,natural_gas_steam_turbine
123,52,0.0,natural_gas_steam_turbine
62,52,0.0,natural_gas_steam_turbine
49,52,0.0,natural_gas_steam_turbine
48,52,0.0,natural_gas_steam_turbine
21,52,0.0,natural_gas_steam_turbine
79,52,1851.4997500000031,nuclear
10,52,1447.3639600000001,onshore_wind_turbine
23,52,15168.076,onshore_wind_turbine
31,52,1005.73627,onshore_wind_turbine
38,52,1313.3316,onshore_wind_turbine
50,52,3524.1469199999997,onshore_wind_turbine
63,52,65.5390397648,onshore_wind_turbine
80,52,2450.6168399999997,onshore_wind_turbine
94,52,209.6346,onshore_wind_turbine
105,52,1616.246379951,onshore_wind_turbine
124,52,26108.361659703405,onshore_wind_turbine
136,52,370.56516000000005,onshore_wind_turbine
144,52,5677.32375,onshore_wind_turbine
11,52,19.125,small_hydroelectric
24,52,62.577,small_hydroelectric
32,52,192.0,small_hydroelectric
39,52,52.9,small_hydroelectric
51,52,25.641,small_hydroelectric
64,52,6.128,small_hydroelectric
81,52,241.672,small_hydroelectric
95,52,418.922,small_hydroelectric
106,52,31.614,small_hydroelectric
125,52,100.697,small_hydroelectric
137,52,36.822,small_hydroelectric
145,52,33.21,small_hydroelectric
12,52,0.0,solar_photovoltaic
25,52,0.0,solar_photovoltaic
33,52,0.0,solar_photovoltaic
52,52,0.0,solar_photovoltaic
65,52,0.0,solar_photovoltaic
82,52,0.0,solar_photovoltaic
96,52,0.0,solar_photovoltaic
107,52,0.0,solar_photovoltaic
126,52,0.0,solar_photovoltaic
138,52,0.0,solar_photovoltaic
26,53,11.235,biomass
13,53,15.682,biomass
108,53,137.081,biomass
40,53,5.952,biomass
97,53,178.173,biomass
1,53,16.294,biomass
66,53,228.795,biomass
2,53,828.7524,conventional_hydroelectric
14,53,95.82129479999999,conventional_hydroelectric
27,53,698.7727584,conventional_hydroelectric
35,53,748.5355152000001,conventional_hydroelectric
54,53,633.8267298000001,conventional_hydroelectric
67,53,1227.885318303696,conventional_hydroelectric
84,53,13102.893078,conventional_hydroelectric
109,53,103.9942215234,conventional_hydroelectric
128,53,45.73734,conventional_hydroelectric
139,53,38.777184,conventional_hydroelectric
110,53,28.499999999999996,conventional_steam_coal
41,53,0.0,conventional_steam_coal
3,53,0.0,conventional_steam_coal
36,53,0.0,conventional_steam_coal
85,53,0.0,conventional_steam_coal
28,53,74.364,geothermal
116,53,0.0,natural_gas_fired_combined_cycle
73,53,0.0,natural_gas_fired_combined_cycle
71,53,0.0,natural_gas_fired_combined_cycle
44,53,0.0,natural_gas_fired_combined_cycle
115,53,0.0,natural_gas_fired_combined_cycle
70,53,0.0,natural_gas_fired_combined_cycle
131,53,0.0,natural_gas_fired_combined_cycle
18,53,0.0,natural_gas_fired_combined_cycle
72,53,0.0,natural_gas_fired_combined_cycle
114,53,0.0,natural_gas_fired_combined_cycle
45,53,0.0,natural_gas_fired_combined_cycle
78,53,0.0,natural_gas_fired_combustion_turbine
75,53,0.0,natural_gas_fired_combustion_turbine
119,53,0.0,natural_gas_fired_combustion_turbine
117,53,0.0,natural_gas_fired_combustion_turbine
134,53,0.0,natural_gas_fired_combustion_turbine
103,53,0.0,natural_gas_fired_combustion_turbine
47,53,0.0,natural_gas_fired_combustion_turbine
8,53,0.0,natural_gas_fired_combustion_turbine
90,53,0.0,natural_gas_fired_combustion_turbine
60,53,0.0,natural_gas_fired_combustion_turbine
46,53,0.0,natural_gas_fired_combustion_turbine
37,53,0.0,natural_gas_fired_combustion_turbine
7,53,0.0,natural_gas_fired_combustion_turbine
133,53,0.0,natural_gas_fired_combustion_turbine
74,53,0.0,natural_gas_fired_combustion_turbine
20,53,0.0,natural_gas_fired_combustion_turbine
135,53,0.0,natural_gas_fired_combustion_turbine
142,53,0.0,natural_gas_fired_combustion_turbine
121,53,0.0,natural_gas_fired_combustion_turbine
91,53,0.0,natural_gas_fired_combustion_turbine
22,53,0.0,natural_gas_steam_turbine
123,53,0.0,natural_gas_steam_turbine
62,53,0.0,natural_gas_steam_turbine
49,53,0.0,natural_gas_steam_turbine
48,53,0.0,natural_gas_steam_turbine
21,53,0.0,natural_gas_steam_turbine
79,53,3702.999500000004,nuclear
10,53,1472.0390300000001,onshore_wind_turbine
23,53,15458.7664,onshore_wind_turbine
31,53,930.92944,onshore_wind_turbine
38,53,1250.27805,onshore_wind_turbine
50,53,4889.228819999999,onshore_wind_turbine
63,53,47.592999742399996,onshore_wind_turbine
80,53,2128.1427999999996,onshore_wind_turbine
94,53,180.2122,onshore_wind_turbine
105,53,1384.1318413019999,onshore_wind_turbine
124,53,25083.681631885804,onshore_wind_turbine
136,53,543.2557200000001,onshore_wind_turbine
144,53,3836.7894599999995,onshore_wind_turbine
11,53,19.125,small_hydroelectric
24,53,62.577,small_hydroelectric
32,53,192.0,small_hydroelectric
39,53,52.9,small_hydroelectric
51,53,25.641,small_hydroelectric
64,53,6.128,small_hydroelectric
81,53,241.672,small_hydroelectric
95,53,418.922,small_hydroelectric
106,53,31.614,small_hydroelectric
125,53,100.697,small_hydroelectric
137,53,36.822,small_hydroelectric
145,53,33.21,small_hydroelectric
12,53,0.0,solar_photovoltaic
25,53,0.0,solar_photovoltaic
33,53,0.0,solar_photovoltaic
52,53,0.0,solar_photovoltaic
65,53,0.0,solar_photovoltaic
82,53,0.0,solar_photovoltaic
96,53,0.0,solar_photovoltaic
107,53,0.0,solar_photovoltaic
126,53,0.0,solar_photovoltaic
138,53,0.0,solar_photovoltaic
26,54,11.235,biomass
13,54,15.682,biomass
108,54,137.081,biomass
40,54,5.952,biomass
97,54,178.173,biomass
1,54,16.294,biomass
66,54,228.795,biomass
2,54,829.0286507999999,conventional_hydroelectric
14,54,96.0094564,conventional_hydroelectric
27,54,699.4783044,conventional_hydroelectric
35,54,748.7852768,conventional_hydroelectric
54,54,603.8919810000018,conventional_hydroelectric
67,54,1228.665186416187,conventional_hydroelectric
84,54,13114.5142692,conventional_hydroelectric
109,54,104.07309286140001,conventional_hydroelectric
128,54,45.767700000000005,conventional_hydroelectric
139,54,38.823763199999995,conventional_hydroelectric
110,54,50.0,conventional_steam_coal
41,54,0.0,conventional_steam_coal
3,54,0.0,conventional_steam_coal
36,54,0.0,conventional_steam_coal
85,54,0.0,conventional_steam_coal
28,54,74.364,geothermal
116,54,0.0,natural_gas_fired_combined_cycle
73,54,0.0,natural_gas_fired_combined_cycle
71,54,0.0,natural_gas_fired_combined_cycle
44,54,0.0,natural_gas_fired_combined_cycle
115,54,0.0,natural_gas_fired_combined_cycle
70,54,0.0,natural_gas_fired_combined_cycle
131,54,0.0,natural_gas_fired_combined_cycle
18,54,0.0,natural_gas_fired_combined_cycle
72,54,0.0,natural_gas_fired_combined_cycle
114,54,0.0,natural_gas_fired_combined_cycle
45,54,0.0,natural_gas_fired_combined_cycle
78,54,0.0,natural_gas_fired_combustion_turbine
75,54,0.0,natural_gas_fired_combustion_turbine
119,54,0.0,natural_gas_fired_combustion_turbine
117,54,0.0,natural_gas_fired_combustion_turbine
134,54,0.0,natural_gas_fired_combustion_turbine
103,54,0.0,natural_gas_fired_combustion_turbine
47,54,0.0,natural_gas_fired_combustion_turbine
8,54,0.0,natural_gas_fired_combustion_turbine
90,54,0.0,natural_gas_fired_combustion_turbine
60,54,0.0,natural_gas_fired_combustion_turbine
46,54,0.0,natural_gas_fired_combustion_turbine
37,54,0.0,natural_gas_fired_combustion_turbine
7,54,0.0,natural_gas_fired_combustion_turbine
133,54,0.0,natural_gas_fired_combustion_turbine
74,54,0.0,natural_gas_fired_combustion_turbine
20,54,0.0,natural_gas_fired_combustion_turbine
135,54,0.0,natural_gas_fired_combustion_turbine
142,54,0.0,natural_gas_fired_combustion_turbine
121,54,0.0,natural_gas_fired_combustion_turbine
91,54,0.0,natural_gas_fired_combustion_turbine
22,54,0.0,natural_gas_steam_turbine
123,54,0.0,natural_gas_steam_turbine
62,54,0.0,natural_gas_steam_turbine
49,54,0.0,natural_gas_steam_turbine
48,54,0.0,natural_gas_steam_turbine
21,54,0.0,natural_gas_steam_turbine
79,54,5554.499250000004,nuclear
10,54,1465.5550700000001,onshore_wind_turbine
23,54,15496.0344,onshore_wind_turbine
31,54,1161.28698,onshore_wind_turbine
38,54,1168.47885,onshore_wind_turbine
50,54,5119.5652199999995,onshore_wind_turbine
63,54,49.369039994400005,onshore_wind_turbine
80,54,2694.0986799999996,onshore_wind_turbine
94,54,205.9568,onshore_wind_turbine
105,54,1328.078080014,onshore_wind_turbine
124,54,20413.4298224626,onshore_wind_turbine
136,54,760.91778,onshore_wind_turbine
144,54,3220.3943099999997,onshore_wind_turbine
11,54,19.125,small_hydroelectric
24,54,62.577,small_hydroelectric
32,54,192.0,small_hydroelectric
39,54,52.9,small_hydroelectric
51,54,25.641,small_hydroelectric
64,54,6.128,small_hydroelectric
81,54,241.672,small_hydroelectric
95,54,418.922,small_hydroelectric
106,54,31.614,small_hydroelectric
125,54,100.697,small_hydroelectric
137,54,36.822,small_hydroelectric
145,54,33.21,small_hydroelectric
12,54,0.0,solar_photovoltaic
25,54,0.0,solar_photovoltaic
33,54,0.0,solar_photovoltaic
52,54,0.0,solar_photovoltaic
65,54,0.0,solar_photovoltaic
82,54,0.0,solar_photovoltaic
96,54,0.0,solar_photovoltaic
107,54,0.0,solar_photovoltaic
126,54,0.0,solar_photovoltaic
138,54,0.0,solar_photovoltaic
26,55,11.235,biomass
13,55,15.682,biomass
108,55,137.081,biomass
40,55,5.952,biomass
97,55,178.173,biomass
1,55,16.294,biomass
66,55,228.795,biomass
2,55,829.0286507999999,conventional_hydroelectric
14,55,96.1505776,conventional_hydroelectric
27,55,582.3576683999994,conventional_hydroelectric
35,55,749.2848,conventional_hydroelectric
54,55,517.6216980000013,conventional_hydroelectric
67,55,1229.445047254671,conventional_hydroelectric
84,55,11029.13571278361,conventional_hydroelectric
109,55,104.07309286140001,conventional_hydroelectric
128,55,45.79806000000001,conventional_hydroelectric
139,55,38.8470528,conventional_hydroelectric
110,55,50.0,conventional_steam_coal
41,55,2145.4250633608513,conventional_steam_coal
3,55,0.0,conventional_steam_coal
36,55,0.0,conventional_steam_coal
85,55,0.0,conventional_steam_coal
28,55,74.364,geothermal
116,55,0.0,natural_gas_fired_combined_cycle
73,55,0.0,natural_gas_fired_combined_cycle
71,55,0.0,natural_gas_fired_combined_cycle
44,55,0.0,natural_gas_fired_combined_cycle
115,55,0.0,natural_gas_fired_combined_cycle
70,55,0.0,natural_gas_fired_combined_cycle
131,55,0.0,natural_gas_fired_combined_cycle
18,55,0.0,natural_gas_fired_combined_cycle
72,55,0.0,natural_gas_fired_combined_cycle
114,55,0.0,natural_gas_fired_combined_cycle
45,55,0.0,natural_gas_fired_combined_cycle
78,55,0.0,natural_gas_fired_combustion_turbine
75,55,0.0,natural_gas_fired_combustion_turbine
119,55,0.0,natural_gas_fired_combustion_turbine
117,55,0.0,natural_gas_fired_combustion_turbine
134,55,0.0,natural_gas_fired_combustion_turbine
103,55,0.0,natural_gas_fired_combustion_turbine
47,55,0.0,natural_gas_fired_combustion_turbine
8,55,0.0,natural_gas_fired_combustion_turbine
90,55,0.0,natural_gas_fired_combustion_turbine
60,55,0.0,natural_gas_fired_combustion_turbine
46,55,0.0,natural_gas_fired_combustion_turbine
37,55,0.0,natural_gas_fired_combustion_turbine
7,55,0.0,natural_gas_fired_combustion_turbine
133,55,0.0,natural_gas_fired_combustion_turbine
74,55,0.0,natural_gas_fired_combustion_turbine
20,55,0.0,natural_gas_fired_combustion_turbine
135,55,0.0,natural_gas_fired_combustion_turbine
142,55,0.0,natural_gas_fired_combustion_turbine
121,55,0.0,natural_gas_fired_combustion_turbine
91,55,0.0,natural_gas_fired_combustion_turbine
22,55,0.0,natural_gas_steam_turbine
123,55,0.0,natural_gas_steam_turbine
62,55,0.0,natural_gas_steam_turbine
49,55,0.0,natural_gas_steam_turbine
48,55,0.0,natural_gas_steam_turbine
21,55,0.0,natural_gas_steam_turbine
79,55,3702.999499999999,nuclear
10,55,1421.96845,onshore_wind_turbine
23,55,15386.0938,onshore_wind_turbine
31,55,1129.22691,onshore_wind_turbine
38,55,903.1995000000001,onshore_wind_turbine
50,55,5314.673699999999,onshore_wind_turbine
63,55,45.775240364,onshore_wind_turbine
80,55,1922.7630799999997,onshore_wind_turbine
94,55,577.4146,onshore_wind_turbine
105,55,1314.169501407,onshore_wind_turbine
124,55,19467.786806637403,onshore_wind_turbine
136,55,796.89498,onshore_wind_turbine
144,55,4122.2777399999995,onshore_wind_turbine
11,55,19.125,small_hydroelectric
24,55,62.577,small_hydroelectric
32,55,192.0,small_hydroelectric
39,55,52.9,small_hydroelectric
51,55,25.641,small_hydroelectric
64,55,6.128,small_hydroelectric
81,55,241.672,small_hydroelectric
95,55,418.922,small_hydroelectric
106,55,31.614,small_hydroelectric
125,55,100.697,small_hydroelectric
137,55,36.822,small_hydroelectric
145,55,33.21,small_hydroelectric
12,55,46.611180000000004,solar_photovoltaic
25,55,520.1347199999999,solar_photovoltaic
33,55,0.0,solar_photovoltaic
52,55,1096.90266,solar_photovoltaic
65,55,0.0,solar_photovoltaic
82,55,0.0,solar_photovoltaic
96,55,0.0,solar_photovoltaic
107,55,0.0,solar_photovoltaic
126,55,0.0,solar_photovoltaic
138,55,0.0,solar_photovoltaic
26,56,11.235,biomass
13,56,15.682,biomass
108,56,137.081,biomass
40,56,5.952,biomass
97,56,178.173,biomass
1,56,16.294,biomass
66,56,228.795,biomass
2,56,599.7404867999996,conventional_hydroelectric
14,56,78.087064,conventional_hydroelectric
27,56,465.2370323999992,conventional_hydroelectric
35,56,541.9826719999998,conventional_hydroelectric
54,56,431.3514150000011,conventional_hydroelectric
67,56,1207.4851620000002,conventional_hydroelectric
84,56,8617.738538783608,conventional_hydroelectric
109,56,104.07309286140001,conventional_hydroelectric
128,56,33.19866000000003,conventional_hydroelectric
139,56,38.66073600000006,conventional_hydroelectric
110,56,28.499999999999996,conventional_steam_coal
41,56,0.0,conventional_steam_coal
3,56,0.0,conventional_steam_coal
36,56,0.0,conventional_steam_coal
85,56,0.0,conventional_steam_coal
28,56,74.364,geothermal
116,56,0.0,natural_gas_fired_combined_cycle
73,56,0.0,natural_gas_fired_combined_cycle
71,56,0.0,natural_gas_fired_combined_cycle
44,56,0.0,natural_gas_fired_combined_cycle
115,56,0.0,natural_gas_fired_combined_cycle
70,56,0.0,natural_gas_fired_combined_cycle
131,56,0.0,natural_gas_fired_combined_cycle
18,56,0.0,natural_gas_fired_combined_cycle
72,56,0.0,natural_gas_fired_combined_cycle
114,56,0.0,natural_gas_fired_combined_cycle
45,56,0.0,natural_gas_fired_combined_cycle
78,56,0.0,natural_gas_fired_combustion_turbine
75,56,0.0,natural_gas_fired_combustion_turbine
119,56,0.0,natural_gas_fired_combustion_turbine
117,56,0.0,natural_gas_fired_combustion_turbine
134,56,0.0,natural_gas_fired_combustion_turbine
103,56,0.0,natural_gas_fired_combustion_turbine
47,56,0.0,natural_gas_fired_combustion_turbine
8,56,0.0,natural_gas_fired_combustion_turbine
90,56,0.0,natural_gas_fired_combustion_turbine
60,56,0.0,natural_gas_fired_combustion_turbine
46,56,0.0,natural_gas_fired_combustion_turbine
37,56,0.0,natural_gas_fired_combustion_turbine
7,56,0.0,natural_gas_fired_combustion_turbine
133,56,0.0,natural_gas_fired_combustion_turbine
74,56,0.0,natural_gas_fired_combustion_turbine
20,56,0.0,natural_gas_fired_combustion_turbine
135,56,0.0,natural_gas_fired_combustion_turbine
142,56,0.0,natural_gas_fired_combustion_turbine
121,56,0.0,natural_gas_fired_combustion_turbine
91,56,0.0,natural_gas_fired_combustion_turbine
22,56,0.0,natural_gas_steam_turbine
123,56,0.0,natural_gas_steam_turbine
62,56,0.0,natural_gas_steam_turbine
49,56,0.0,natural_gas_steam_turbine
48,56,0.0,natural_gas_steam_turbine
21,56,0.0,natural_gas_steam_turbine
79,56,1851.49975,nuclear
10,56,1327.2305900000001,onshore_wind_turbine
23,56,13832.018199999999,onshore_wind_turbine
31,56,986.73771,onshore_wind_turbine
38,56,790.15755,onshore_wind_turbine
50,56,5202.21534,onshore_wind_turbine
63,56,21.6089997144,onshore_wind_turbine
80,56,3230.31632,onshore_wind_turbine
94,56,503.8586,onshore_wind_turbine
105,56,1055.970720189,onshore_wind_turbine
124,56,15444.398608346402,onshore_wind_turbine
136,56,1198.9401900000003,onshore_wind_turbine
144,56,3588.0686099999994,onshore_wind_turbine
11,56,19.125,small_hydroelectric
24,56,62.577,small_hydroelectric
32,56,192.0,small_hydroelectric
39,56,52.9,small_hydroelectric
51,56,25.641,small_hydroelectric
64,56,6.128,small_hydroelectric
81,56,241.672,small_hydroelectric
95,56,418.922,small_hydroelectric
106,56,31.614,small_hydroelectric
125,56,100.697,small_hydroelectric
137,56,36.822,small_hydroelectric
145,56,33.21,small_hydroelectric
12,56,3767.03082,solar_photovoltaic
25,56,1629.9049199999997,solar_photovoltaic
33,56,520.93195,solar_photovoltaic
52,56,2985.20642,solar_photovoltaic
65,56,5788.0017252792,solar_photovoltaic
82,56,2224.1058000000003,solar_photovoltaic
96,56,126.21287,solar_photovoltaic
107,56,6162.036152698999,solar_photovoltaic
126,56,9744.952003927001,solar_photovoltaic
138,56,869.8420499999999,solar_photovoltaic
26,57,0.0,biomass
13,57,0.0,biomass
108,57,0.0,biomass
40,57,0.0,biomass
97,57,0.0,biomass
1,57,0.0,biomass
66,57,0.0,biomass
2,57,370.4523227999994,conventional_hydroelectric
14,57,39.043531999999985,conventional_hydroelectric
27,57,348.11639639999896,conventional_hydroelectric
35,57,334.68054399999943,conventional_hydroelectric
54,57,345.0811320000007,conventional_hydroelectric
67,57,603.742581,conventional_hydroelectric
84,57,6206.3413647836005,conventional_hydroelectric
109,57,0.0,conventional_hydroelectric
128,57,20.599259999999962,conventional_hydroelectric
139,57,19.33036800000001,conventional_hydroelectric
110,57,0.0,conventional_steam_coal
41,57,0.0,conventional_steam_coal
3,57,0.0,conventional_steam_coal
36,57,0.0,conventional_steam_coal
85,57,0.0,conventional_steam_coal
28,57,0.0,geothermal
116,57,0.0,natural_gas_fired_combined_cycle
73,57,0.0,natural_gas_fired_combined_cycle
71,57,0.0,natural_gas_fired_combined_cycle
44,57,0.0,natural_gas_fired_combined_cycle
115,57,0.0,natural_gas_fired_combined_cycle
70,57,0.0,natural_gas_fired_combined_cycle
131,57,0.0,natural_gas_fired_combined_cycle
18,57,0.0,natural_gas_fired_combined_cycle
72,57,0.0,natural_gas_fired_combined_cycle
114,57,0.0,natural_gas_fired_combined_cycle
45,57,0.0,natural_gas_fired_combined_cycle
78,57,0.0,natural_gas_fired_combustion_turbine
75,57,0.0,natural_gas_fired_combustion_turbine
119,57,0.0,natural_gas_fired_combustion_turbine
117,57,0.0,natural_gas_fired_combustion_turbine
134,57,0.0,natural_gas_fired_combustion_turbine
103,57,0.0,natural_gas_fired_combustion_turbine
47,57,0.0,natural_gas_fired_combustion_turbine
8,57,0.0,natural_gas_fired_combustion_turbine
90,57,0.0,natural_gas_fired_combustion_turbine
60,57,0.0,natural_gas_fired_combustion_turbine
46,57,0.0,natural_gas_fired_combustion_turbine
37,57,0.0,natural_gas_fired_combustion_turbine
7,57,0.0,natural_gas_fired_combustion_turbine
133,57,0.0,natural_gas_fired_combustion_turbine
74,57,0.0,natural_gas_fired_combustion_turbine
20,57,0.0,natural_gas_fired_combustion_turbine
135,57,0.0,natural_gas_fired_combustion_turbine
142,57,0.0,natural_gas_fired_combustion_turbine
121,57,0.0,natural_gas_fired_combustion_turbine
91,57,0.0,natural_gas_fired_combustion_turbine
22,57,0.0,natural_gas_steam_turbine
123,57,0.0,natural_gas_steam_turbine
62,57,0.0,natural_gas_steam_turbine
49,57,0.0,natural_gas_steam_turbine
48,57,0.0,natural_gas_steam_turbine
21,57,0.0,natural_gas_steam_turbine
79,57,0.0,nuclear
10,57,1357.84929,onshore_wind_turbine
23,57,13986.680400000001,onshore_wind_turbine
31,57,1294.2769,onshore_wind_turbine
38,57,0.0,onshore_wind_turbine
50,57,5416.292699999999,onshore_wind_turbine
63,57,0.0,onshore_wind_turbine
80,57,2211.572469583216,onshore_wind_turbine
94,57,0.0,onshore_wind_turbine
105,57,1269.599519622,onshore_wind_turbine
124,57,13395.185012255202,onshore_wind_turbine
136,57,2638.0281900000004,onshore_wind_turbine
144,57,1511.79021,onshore_wind_turbine
11,57,0.0,small_hydroelectric
24,57,0.0,small_hydroelectric
32,57,0.0,small_hydroelectric
39,57,0.0,small_hydroelectric
51,57,0.0,small_hydroelectric
64,57,0.0,small_hydroelectric
81,57,0.0,small_hydroelectric
95,57,0.0,small_hydroelectric
106,57,0.0,small_hydroelectric
125,57,0.0,small_hydroelectric
137,57,0.0,small_hydroelectric
145,57,0.0,small_hydroelectric
12,57,7118.798400000001,solar_photovoltaic
25,57,0.0,solar_photovoltaic
33,57,979.8942999999999,solar_photovoltaic
52,57,4167.8154,solar_photovoltaic
65,57,11898.395746762,solar_photovoltaic
82,57,8151.152660000001,solar_photovoltaic
96,57,402.58820000000003,solar_photovoltaic
107,57,11371.888840578,solar_photovoltaic
126,57,20844.087200216,solar_photovoltaic
138,57,0.0,solar_photovoltaic
26,58,0.0,biomass
13,58,0.0,biomass
108,58,0.0,biomass
40,58,0.0,biomass
97,58,0.0,biomass
1,58,0.0,biomass
66,58,0.0,biomass
2,58,141.16415879999926,conventional_hydroelectric
14,58,0.0,conventional_hydroelectric
27,58,230.99576039999874,conventional_hydroelectric
35,58,127.37841599999916,conventional_hydroelectric
54,58,258.8108490000005,conventional_hydroelectric
67,58,0.0,conventional_hydroelectric
84,58,3794.944190783597,conventional_hydroelectric
109,58,0.0,conventional_hydroelectric
128,58,7.999859999999913,conventional_hydroelectric
139,58,0.0,conventional_hydroelectric
110,58,0.0,conventional_steam_coal
41,58,0.0,conventional_steam_coal
3,58,0.0,conventional_steam_coal
36,58,0.0,conventional_steam_coal
85,58,0.0,conventional_steam_coal
28,58,0.0,geothermal
116,58,0.0,natural_gas_fired_combined_cycle
73,58,0.0,natural_gas_fired_combined_cycle
71,58,0.0,natural_gas_fired_combined_cycle
44,58,0.0,natural_gas_fired_combined_cycle
115,58,0.0,natural_gas_fired_combined_cycle
70,58,0.0,natural_gas_fired_combined_cycle
131,58,0.0,natural_gas_fired_combined_cycle
18,58,0.0,natural_gas_fired_combined_cycle
72,58,0.0,natural_gas_fired_combined_cycle
114,58,0.0,natural_gas_fired_combined_cycle
45,58,0.0,natural_gas_fired_combined_cycle
78,58,0.0,natural_gas_fired_combustion_turbine
75,58,0.0,natural_gas_fired_combustion_turbine
119,58,0.0,natural_gas_fired_combustion_turbine
117,58,0.0,natural_gas_fired_combustion_turbine
134,58,0.0,natural_gas_fired_combustion_turbine
103,58,0.0,natural_gas_fired_combustion_turbine
47,58,0.0,natural_gas_fired_combustion_turbine
8,58,0.0,natural_gas_fired_combustion_turbine
90,58,0.0,natural_gas_fired_combustion_turbine
60,58,0.0,natural_gas_fired_combustion_turbine
46,58,0.0,natural_gas_fired_combustion_turbine
37,58,0.0,natural_gas_fired_combustion_turbine
7,58,0.0,natural_gas_fired_combustion_turbine
133,58,0.0,natural_gas_fired_combustion_turbine
74,58,0.0,natural_gas_fired_combustion_turbine
20,58,0.0,natural_gas_fired_combustion_turbine
135,58,0.0,natural_gas_fired_combustion_turbine
142,58,0.0,natural_gas_fired_combustion_turbine
121,58,0.0,natural_gas_fired_combustion_turbine
91,58,0.0,natural_gas_fired_combustion_turbine
22,58,0.0,natural_gas_steam_turbine
123,58,0.0,natural_gas_steam_turbine
62,58,0.0,natural_gas_steam_turbine
49,58,0.0,natural_gas_steam_turbine
48,58,0.0,natural_gas_steam_turbine
21,58,0.0,natural_gas_steam_turbine
79,58,0.0,nuclear
10,58,0.0,onshore_wind_turbine
23,58,1.4551915228366852e-11,onshore_wind_turbine
31,58,1693.24666,onshore_wind_turbine
38,58,291.9777,onshore_wind_turbine
50,58,5344.48194,onshore_wind_turbine
63,58,30.2609997816,onshore_wind_turbine
80,58,1401.4145599999997,onshore_wind_turbine
94,58,172.85660000000001,onshore_wind_turbine
105,58,1768.6545806579998,onshore_wind_turbine
124,58,13492.292155157202,onshore_wind_turbine
136,58,0.0,onshore_wind_turbine
144,58,0.0,onshore_wind_turbine
11,58,0.0,small_hydroelectric
24,58,0.0,small_hydroelectric
32,58,0.0,small_hydroelectric
39,58,0.0,small_hydroelectric
51,58,0.0,small_hydroelectric
64,58,0.0,small_hydroelectric
81,58,0.0,small_hydroelectric
95,58,0.0,small_hydroelectric
106,58,0.0,small_hydroelectric
125,58,0.0,small_hydroelectric
137,58,0.0,small_hydroelectric
145,58,0.0,small_hydroelectric
12,58,9217.71396,solar_photovoltaic
25,58,2186.65832,solar_photovoltaic
33,58,0.0,solar_photovoltaic
52,58,4789.877399999999,solar_photovoltaic
65,58,15339.629839945599,solar_photovoltaic
82,58,12068.700420000001,solar_photovoltaic
96,58,0.0,solar_photovoltaic
107,58,14766.867221596001,solar_photovoltaic
126,58,28202.539767878,solar_photovoltaic
138,58,0.0,solar_photovoltaic
26,59,0.0,biomass
13,59,0.0,biomass
108,59,0.0,biomass
40,59,0.0,biomass
97,59,0.0,biomass
1,59,0.0,biomass
66,59,0.0,biomass
2,59,0.0,conventional_hydroelectric
14,59,0.0,conventional_hydroelectric
27,59,113.87512439999853,conventional_hydroelectric
35,59,0.0,conventional_hydroelectric
54,59,172.5405660000004,conventional_hydroelectric
67,59,0.0,conventional_hydroelectric
84,59,1383.5470167835938,conventional_hydroelectric
109,59,0.0,conventional_hydroelectric
128,59,0.0,conventional_hydroelectric
139,59,0.0,conventional_hydroelectric
110,59,0.0,conventional_steam_coal
41,59,0.0,conventional_steam_coal
3,59,0.0,conventional_steam_coal
36,59,0.0,conventional_steam_coal
85,59,0.0,conventional_steam_coal
28,59,0.0,geothermal
116,59,0.0,natural_gas_fired_combined_cycle
73,59,0.0,natural_gas_fired_combined_cycle
71,59,0.0,natural_gas_fired_combined_cycle
44,59,0.0,natural_gas_fired_combined_cycle
115,59,0.0,natural_gas_fired_combined_cycle
70,59,0.0,natural_gas_fired_combined_cycle
131,59,0.0,natural_gas_fired_combined_cycle
18,59,0.0,natural_gas_fired_combined_cycle
72,59,0.0,natural_gas_fired_combined_cycle
114,59,0.0,natural_gas_fired_combined_cycle
45,59,0.0,natural_gas_fired_combined_cycle
78,59,0.0,natural_gas_fired_combustion_turbine
75,59,0.0,natural_gas_fired_combustion_turbine
119,59,0.0,natural_gas_fired_combustion_turbine
117,59,0.0,natural_gas_fired_combustion_turbine
134,59,0.0,natural_gas_fired_combustion_turbine
103,59,0.0,natural_gas_fired_combustion_turbine
47,59,0.0,natural_gas_fired_combustion_turbine
8,59,0.0,natural_gas_fired_combustion_turbine
90,59,0.0,natural_gas_fired_combustion_turbine
60,59,0.0,natural_gas_fired_combustion_turbine
46,59,0.0,natural_gas_fired_combustion_turbine
37,59,0.0,natural_gas_fired_combustion_turbine
7,59,0.0,natural_gas_fired_combustion_turbine
133,59,0.0,natural_gas_fired_combustion_turbine
74,59,0.0,natural_gas_fired_combustion_turbine
20,59,0.0,natural_gas_fired_combustion_turbine
135,59,0.0,natural_gas_fired_combustion_turbine
142,59,0.0,natural_gas_fired_combustion_turbine
121,59,0.0,natural_gas_fired_combustion_turbine
91,59,0.0,natural_gas_fired_combustion_turbine
22,59,0.0,natural_gas_steam_turbine
123,59,0.0,natural_gas_steam_turbine
62,59,0.0,natural_gas_steam_turbine
49,59,0.0,natural_gas_steam_turbine
48,59,0.0,natural_gas_steam_turbine
21,59,0.0,natural_gas_steam_turbine
79,59,0.0,nuclear
10,59,0.0,onshore_wind_turbine
23,59,5511.300406852308,onshore_wind_turbine
31,59,1639.81321,onshore_wind_turbine
38,59,0.0,onshore_wind_turbine
50,59,0.0,onshore_wind_turbine
63,59,0.0,onshore_wind_turbine
80,59,0.0,onshore_wind_turbine
94,59,0.0,onshore_wind_turbine
105,59,0.0,onshore_wind_turbine
124,59,10311.1348059566,onshore_wind_turbine
136,59,0.0,onshore_wind_turbine
144,59,1881.6272999999997,onshore_wind_turbine
11,59,0.0,small_hydroelectric
24,59,0.0,small_hydroelectric
32,59,0.0,small_hydroelectric
39,59,0.0,small_hydroelectric
51,59,0.0,small_hydroelectric
64,59,0.0,small_hydroelectric
81,59,0.0,small_hydroelectric
95,59,0.0,small_hydroelectric
106,59,0.0,small_hydroelectric
125,59,0.0,small_hydroelectric
137,59,0.0,small_hydroelectric
145,59,0.0,small_hydroelectric
12,59,10356.156719999999,solar_photovoltaic
25,59,2475.8711599999997,solar_photovoltaic
33,59,0.0,solar_photovoltaic
52,59,4967.51066,solar_photovoltaic
65,59,0.0,solar_photovoltaic
82,59,0.0,solar_photovoltaic
96,59,605.93932,solar_photovoltaic
107,59,0.0,solar_photovoltaic
126,59,32686.4778000075,solar_photovoltaic
138,59,2236.93239,solar_photovoltaic
26,60,0.0,biomass
13,60,0.0,biomass
108,60,0.0,biomass
40,60,0.0,biomass
97,60,0.0,biomass
1,60,0.0,biomass
66,60,0.0,biomass
2,60,0.0,conventional_hydroelectric
14,60,0.0,conventional_hydroelectric
27,60,0.0,conventional_hydroelectric
35,60,0.0,conventional_hydroelectric
54,60,86.27028300000026,conventional_hydroelectric
67,60,0.0,conventional_hydroelectric
84,60,0.0,conventional_hydroelectric
109,60,0.0,conventional_hydroelectric
128,60,0.0,conventional_hydroelectric
139,60,0.0,conventional_hydroelectric
110,60,0.0,conventional_steam_coal
41,60,0.0,conventional_steam_coal
3,60,0.0,conventional_steam_coal
36,60,0.0,conventional_steam_coal
85,60,0.0,conventional_steam_coal
28,60,0.0,geothermal
116,60,0.0,natural_gas_fired_combined_cycle
73,60,0.0,natural_gas_fired_combined_cycle
71,60,0.0,natural_gas_fired_combined_cycle
44,60,0.0,natural_gas_fired_combined_cycle
115,60,0.0,natural_gas_fired_combined_cycle
70,60,0.0,natural_gas_fired_combined_cycle
131,60,0.0,natural_gas_fired_combined_cycle
18,60,0.0,natural_gas_fired_combined_cycle
72,60,0.0,natural_gas_fired_combined_cycle
114,60,0.0,natural_gas_fired_combined_cycle
45,60,0.0,natural_gas_fired_combined_cycle
78,60,0.0,natural_gas_fired_combustion_turbine
75,60,0.0,natural_gas_fired_combustion_turbine
119,60,0.0,natural_gas_fired_combustion_turbine
117,60,0.0,natural_gas_fired_combustion_turbine
134,60,0.0,natural_gas_fired_combustion_turbine
103,60,0.0,natural_gas_fired_combustion_turbine
47,60,0.0,natural_gas_fired_combustion_turbine
8,60,0.0,natural_gas_fired_combustion_turbine
90,60,0.0,natural_gas_fired_combustion_turbine
60,60,0.0,natural_gas_fired_combustion_turbine
46,60,0.0,natural_gas_fired_combustion_turbine
37,60,0.0,natural_gas_fired_combustion_turbine
7,60,0.0,natural_gas_fired_combustion_turbine
133,60,0.0,natural_gas_fired_combustion_turbine
74,60,0.0,natural_gas_fired_combustion_turbine
20,60,0.0,natural_gas_fired_combustion_turbine
135,60,0.0,natural_gas_fired_combustion_turbine
142,60,0.0,natural_gas_fired_combustion_turbine
121,60,0.0,natural_gas_fired_combustion_turbine
91,60,0.0,natural_gas_fired_combustion_turbine
22,60,0.0,natural_gas_steam_turbine
123,60,0.0,natural_gas_steam_turbine
62,60,0.0,natural_gas_steam_turbine
49,60,0.0,natural_gas_steam_turbine
48,60,0.0,natural_gas_steam_turbine
21,60,0.0,natural_gas_steam_turbine
79,60,0.0,nuclear
10,60,1266.8937400000002,onshore_wind_turbine
23,60,1.4551915228366852e-11,onshore_wind_turbine
31,60,2132.58836,onshore_wind_turbine
38,60,0.0,onshore_wind_turbine
50,60,5297.7372,onshore_wind_turbine
63,60,0.0,onshore_wind_turbine
80,60,0.0,onshore_wind_turbine
94,60,0.0,onshore_wind_turbine
105,60,711.9989814419998,onshore_wind_turbine
124,60,0.0,onshore_wind_turbine
136,60,2323.438281169497,onshore_wind_turbine
144,60,4066.0451999999996,onshore_wind_turbine
11,60,0.0,small_hydroelectric
24,60,0.0,small_hydroelectric
32,60,0.0,small_hydroelectric
39,60,0.0,small_hydroelectric
51,60,0.0,small_hydroelectric
64,60,0.0,small_hydroelectric
81,60,0.0,small_hydroelectric
95,60,0.0,small_hydroelectric
106,60,0.0,small_hydroelectric
125,60,0.0,small_hydroelectric
137,60,0.0,small_hydroelectric
145,60,0.0,small_hydroelectric
12,60,10529.8893,solar_photovoltaic
25,60,0.0,solar_photovoltaic
33,60,0.0,solar_photovoltaic
52,60,5091.23188,solar_photovoltaic
65,60,16827.9923798385,solar_photovoltaic
82,60,14439.12897,solar_photovoltaic
96,60,0.0,solar_photovoltaic
107,60,17310.992235782,solar_photovoltaic
126,60,33131.801848767995,solar_photovoltaic
138,60,0.0,solar_photovoltaic
26,61,0.0,biomass
13,61,0.0,biomass
108,61,0.0,biomass
40,61,0.0,biomass
97,61,0.0,biomass
1,61,0.0,biomass
66,61,0.0,biomass
2,61,0.0,conventional_hydroelectric
14,61,0.0,conventional_hydroelectric
27,61,0.0,conventional_hydroelectric
35,61,0.0,conventional_hydroelectric
54,61,0.0,conventional_hydroelectric
67,61,0.0,conventional_hydroelectric
84,61,0.0,conventional_hydroelectric
109,61,0.0,conventional_hydroelectric
128,61,0.0,conventional_hydroelectric
139,61,0.0,conventional_hydroelectric
110,61,0.0,conventional_steam_coal
41,61,0.0,conventional_steam_coal
3,61,0.0,conventional_steam_coal
36,61,0.0,conventional_steam_coal
85,61,0.0,conventional_steam_coal
28,61,0.0,geothermal
116,61,0.0,natural_gas_fired_combined_cycle
73,61,0.0,natural_gas_fired_combined_cycle
71,61,0.0,natural_gas_fired_combined_cycle
44,61,0.0,natural_gas_fired_combined_cycle
115,61,0.0,natural_gas_fired_combined_cycle
70,61,0.0,natural_gas_fired_combined_cycle
131,61,0.0,natural_gas_fired_combined_cycle
18,61,0.0,natural_gas_fired_combined_cycle
72,61,0.0,natural_gas_fired_combined_cycle
114,61,0.0,natural_gas_fired_combined_cycle
45,61,0.0,natural_gas_fired_combined_cycle
78,61,0.0,natural_gas_fired_combustion_turbine
75,61,0.0,natural_gas_fired_combustion_turbine
119,61,0.0,natural_gas_fired_combustion_turbine
117,61,0.0,natural_gas_fired_combustion_turbine
134,61,0.0,natural_gas_fired_combustion_turbine
103,61,0.0,natural_gas_fired_combustion_turbine
47,61,0.0,natural_gas_fired_combustion_turbine
8,61,0.0,natural_gas_fired_combustion_turbine
90,61,0.0,natural_gas_fired_combustion_turbine
60,61,0.0,natural_gas_fired_combustion_turbine
46,61,0.0,natural_gas_fired_combustion_turbine
37,61,0.0,natural_gas_fired_combustion_turbine
7,61,0.0,natural_gas_fired_combustion_turbine
133,61,0.0,natural_gas_fired_combustion_turbine
74,61,0.0,natural_gas_fired_combustion_turbine
20,61,0.0,natural_gas_fired_combustion_turbine
135,61,0.0,natural_gas_fired_combustion_turbine
142,61,0.0,natural_gas_fired_combustion_turbine
121,61,0.0,natural_gas_fired_combustion_turbine
91,61,0.0,natural_gas_fired_combustion_turbine
22,61,0.0,natural_gas_steam_turbine
123,61,0.0,natural_gas_steam_turbine
62,61,0.0,natural_gas_steam_turbine
49,61,0.0,natural_gas_steam_turbine
48,61,0.0,natural_gas_steam_turbine
21,61,0.0,natural_gas_steam_turbine
79,61,0.0,nuclear
10,61,0.0,onshore_wind_turbine
23,61,0.0,onshore_wind_turbine
31,61,1105.47871,onshore_wind_turbine
38,61,1474.6578,onshore_wind_turbine
50,61,5433.2292,onshore_wind_turbine
63,61,0.0,onshore_wind_turbine
80,61,1782.5701191171047,onshore_wind_turbine
94,61,0.0,onshore_wind_turbine
105,61,0.0,onshore_wind_turbine
124,61,16269.670752042402,onshore_wind_turbine
136,61,0.0,onshore_wind_turbine
144,61,8806.880879999999,onshore_wind_turbine
11,61,0.0,small_hydroelectric
24,61,0.0,small_hydroelectric
32,61,0.0,small_hydroelectric
39,61,0.0,small_hydroelectric
51,61,0.0,small_hydroelectric
64,61,0.0,small_hydroelectric
81,61,0.0,small_hydroelectric
95,61,0.0,small_hydroelectric
106,61,0.0,small_hydroelectric
125,61,0.0,small_hydroelectric
137,61,0.0,small_hydroelectric
145,61,0.0,small_hydroelectric
12,61,10631.586420000001,solar_photovoltaic
25,61,0.0,solar_photovoltaic
33,61,1373.5421000000001,solar_photovoltaic
52,61,0.0,solar_photovoltaic
65,61,17201.3809113965,solar_photovoltaic
82,61,14386.452780000001,solar_photovoltaic
96,61,555.10154,solar_photovoltaic
107,61,0.0,solar_photovoltaic
126,61,33072.412397444,solar_photovoltaic
138,61,0.0,solar_photovoltaic
26,62,0.0,biomass
13,62,0.0,biomass
108,62,0.0,biomass
40,62,0.0,biomass
97,62,0.0,biomass
1,62,0.0,biomass
66,62,0.0,biomass
2,62,0.0,conventional_hydroelectric
14,62,0.0,conventional_hydroelectric
27,62,0.0,conventional_hydroelectric
35,62,0.0,conventional_hydroelectric
54,62,0.0,conventional_hydroelectric
67,62,0.0,conventional_hydroelectric
84,62,0.0,conventional_hydroelectric
109,62,0.0,conventional_hydroelectric
128,62,0.0,conventional_hydroelectric
139,62,0.0,conventional_hydroelectric
110,62,0.0,conventional_steam_coal
41,62,0.0,conventional_steam_coal
3,62,0.0,conventional_steam_coal
36,62,0.0,conventional_steam_coal
85,62,0.0,conventional_steam_coal
28,62,0.0,geothermal
116,62,0.0,natural_gas_fired_combined_cycle
73,62,0.0,natural_gas_fired_combined_cycle
71,62,0.0,natural_gas_fired_combined_cycle
44,62,0.0,natural_gas_fired_combined_cycle
115,62,0.0,natural_gas_fired_combined_cycle
70,62,0.0,natural_gas_fired_combined_cycle
131,62,0.0,natural_gas_fired_combined_cycle
18,62,0.0,natural_gas_fired_combined_cycle
72,62,0.0,natural_gas_fired_combined_cycle
114,62,0.0,natural_gas_fired_combined_cycle
45,62,0.0,natural_gas_fired_combined_cycle
78,62,0.0,natural_gas_fired_combustion_turbine
75,62,0.0,natural_gas_fired_combustion_turbine
119,62,0.0,natural_gas_fired_combustion_turbine
117,62,0.0,natural_gas_fired_combustion_turbine
134,62,0.0,natural_gas_fired_combustion_turbine
103,62,0.0,natural_gas_fired_combustion_turbine
47,62,0.0,natural_gas_fired_combustion_turbine
8,62,0.0,natural_gas_fired_combustion_turbine
90,62,0.0,natural_gas_fired_combustion_turbine
60,62,0.0,natural_gas_fired_combustion_turbine
46,62,0.0,natural_gas_fired_combustion_turbine
37,62,0.0,natural_gas_fired_combustion_turbine
7,62,0.0,natural_gas_fired_combustion_turbine
133,62,0.0,natural_gas_fired_combustion_turbine
74,62,0.0,natural_gas_fired_combustion_turbine
20,62,0.0,natural_gas_fired_combustion_turbine
135,62,0.0,natural_gas_fired_combustion_turbine
142,62,0.0,natural_gas_fired_combustion_turbine
121,62,0.0,natural_gas_fired_combustion_turbine
91,62,0.0,natural_gas_fired_combustion_turbine
22,62,0.0,natural_gas_steam_turbine
123,62,0.0,natural_gas_steam_turbine
62,62,0.0,natural_gas_steam_turbine
49,62,0.0,natural_gas_steam_turbine
48,62,0.0,natural_gas_steam_turbine
21,62,0.0,natural_gas_steam_turbine
79,62,0.0,nuclear
10,62,1.4551915228366852e-11,onshore_wind_turbine
23,62,0.0,onshore_wind_turbine
31,62,0.0,onshore_wind_turbine
38,62,1991.5833000000002,onshore_wind_turbine
50,62,0.0,onshore_wind_turbine
63,62,0.0,onshore_wind_turbine
80,62,0.0,onshore_wind_turbine
94,62,0.0,onshore_wind_turbine
105,62,0.0,onshore_wind_turbine
124,62,0.0,onshore_wind_turbine
136,62,4324.4594400000005,onshore_wind_turbine
144,62,11179.46151,onshore_wind_turbine
11,62,0.0,small_hydroelectric
24,62,0.0,small_hydroelectric
32,62,0.0,small_hydroelectric
39,62,0.0,small_hydroelectric
51,62,0.0,small_hydroelectric
64,62,0.0,small_hydroelectric
81,62,0.0,small_hydroelectric
95,62,0.0,small_hydroelectric
106,62,0.0,small_hydroelectric
125,62,0.0,small_hydroelectric
137,62,0.0,small_hydroelectric
145,62,0.0,small_hydroelectric
12,62,10015.353960300494,solar_photovoltaic
25,62,2388.0610599999995,solar_photovoltaic
33,62,0.0,solar_photovoltaic
52,62,5161.73224,solar_photovoltaic
65,62,0.0,solar_photovoltaic
82,62,0.0,solar_photovoltaic
96,62,0.0,solar_photovoltaic
107,62,0.0,solar_photovoltaic
126,62,33223.1940496995,solar_photovoltaic
138,62,2841.4840299999996,solar_photovoltaic
26,63,0.0,biomass
13,63,0.0,biomass
108,63,0.0,biomass
40,63,0.0,biomass
97,63,0.0,biomass
1,63,0.0,biomass
66,63,0.0,biomass
2,63,0.0,conventional_hydroelectric
14,63,0.0,conventional_hydroelectric
27,63,0.0,conventional_hydroelectric
35,63,0.0,conventional_hydroelectric
54,63,0.0,conventional_hydroelectric
67,63,0.0,conventional_hydroelectric
84,63,0.0,conventional_hydroelectric
109,63,0.0,conventional_hydroelectric
128,63,0.0,conventional_hydroelectric
139,63,0.0,conventional_hydroelectric
110,63,0.0,conventional_steam_coal
41,63,0.0,conventional_steam_coal
3,63,0.0,conventional_steam_coal
36,63,0.0,conventional_steam_coal
85,63,0.0,conventional_steam_coal
28,63,0.0,geothermal
116,63,0.0,natural_gas_fired_combined_cycle
73,63,0.0,natural_gas_fired_combined_cycle
71,63,0.0,natural_gas_fired_combined_cycle
44,63,0.0,natural_gas_fired_combined_cycle
115,63,0.0,natural_gas_fired_combined_cycle
70,63,0.0,natural_gas_fired_combined_cycle
131,63,0.0,natural_gas_fired_combined_cycle
18,63,0.0,natural_gas_fired_combined_cycle
72,63,0.0,natural_gas_fired_combined_cycle
114,63,0.0,natural_gas_fired_combined_cycle
45,63,0.0,natural_gas_fired_combined_cycle
78,63,0.0,natural_gas_fired_combustion_turbine
75,63,0.0,natural_gas_fired_combustion_turbine
119,63,0.0,natural_gas_fired_combustion_turbine
117,63,0.0,natural_gas_fired_combustion_turbine
134,63,0.0,natural_gas_fired_combustion_turbine
103,63,0.0,natural_gas_fired_combustion_turbine
47,63,0.0,natural_gas_fired_combustion_turbine
8,63,0.0,natural_gas_fired_combustion_turbine
90,63,0.0,natural_gas_fired_combustion_turbine
60,63,0.0,natural_gas_fired_combustion_turbine
46,63,0.0,natural_gas_fired_combustion_turbine
37,63,0.0,natural_gas_fired_combustion_turbine
7,63,0.0,natural_gas_fired_combustion_turbine
133,63,0.0,natural_gas_fired_combustion_turbine
74,63,0.0,natural_gas_fired_combustion_turbine
20,63,0.0,natural_gas_fired_combustion_turbine
135,63,0.0,natural_gas_fired_combustion_turbine
142,63,0.0,natural_gas_fired_combustion_turbine
121,63,0.0,natural_gas_fired_combustion_turbine
91,63,0.0,natural_gas_fired_combustion_turbine
22,63,0.0,natural_gas_steam_turbine
123,63,0.0,natural_gas_steam_turbine
62,63,0.0,natural_gas_steam_turbine
49,63,0.0,natural_gas_steam_turbine
48,63,0.0,natural_gas_steam_turbine
21,63,0.0,natural_gas_steam_turbine
79,63,0.0,nuclear
10,63,0.0,onshore_wind_turbine
23,63,10108.945,onshore_wind_turbine
31,63,0.0,onshore_wind_turbine
38,63,2590.87605,onshore_wind_turbine
50,63,5406.1308,onshore_wind_turbine
63,63,0.0,onshore_wind_turbine
80,63,0.0,onshore_wind_turbine
94,63,0.0,onshore_wind_turbine
105,63,0.0,onshore_wind_turbine
124,63,0.0,onshore_wind_turbine
136,63,4882.106040000001,onshore_wind_turbine
144,63,7000.568698300913,onshore_wind_turbine
11,63,0.0,small_hydroelectric
24,63,0.0,small_hydroelectric
32,63,0.0,small_hydroelectric
39,63,0.0,small_hydroelectric
51,63,0.0,small_hydroelectric
64,63,0.0,small_hydroelectric
81,63,0.0,small_hydroelectric
95,63,0.0,small_hydroelectric
106,63,0.0,small_hydroelectric
125,63,0.0,small_hydroelectric
137,63,0.0,small_hydroelectric
145,63,0.0,small_hydroelectric
12,63,0.0,solar_photovoltaic
25,63,2180.6797599999995,solar_photovoltaic
33,63,1198.72445,solar_photovoltaic
52,63,4717.3035,solar_photovoltaic
65,63,15333.069301699099,solar_photovoltaic
82,63,13849.93603,solar_photovoltaic
96,63,508.67166,solar_photovoltaic
107,63,0.0,solar_photovoltaic
126,63,0.0,solar_photovoltaic
138,63,2603.59022,solar_photovoltaic
26,64,0.0,biomass
13,64,0.0,biomass
108,64,0.0,biomass
40,64,0.0,biomass
97,64,0.0,biomass
1,64,0.0,biomass
66,64,0.0,biomass
2,64,0.0,conventional_hydroelectric
14,64,0.0,conventional_hydroelectric
27,64,0.0,conventional_hydroelectric
35,64,0.0,conventional_hydroelectric
54,64,0.0,conventional_hydroelectric
67,64,0.0,conventional_hydroelectric
84,64,0.0,conventional_hydroelectric
109,64,0.0,conventional_hydroelectric
128,64,0.0,conventional_hydroelectric
139,64,0.0,conventional_hydroelectric
110,64,0.0,conventional_steam_coal
41,64,0.0,conventional_steam_coal
3,64,0.0,conventional_steam_coal
36,64,0.0,conventional_steam_coal
85,64,0.0,conventional_steam_coal
28,64,0.0,geothermal
116,64,0.0,natural_gas_fired_combined_cycle
73,64,0.0,natural_gas_fired_combined_cycle
71,64,0.0,natural_gas_fired_combined_cycle
44,64,0.0,natural_gas_fired_combined_cycle
115,64,0.0,natural_gas_fired_combined_cycle
70,64,0.0,natural_gas_fired_combined_cycle
131,64,0.0,natural_gas_fired_combined_cycle
18,64,0.0,natural_gas_fired_combined_cycle
72,64,0.0,natural_gas_fired_combined_cycle
114,64,0.0,natural_gas_fired_combined_cycle
45,64,0.0,natural_gas_fired_combined_cycle
78,64,0.0,natural_gas_fired_combustion_turbine
75,64,0.0,natural_gas_fired_combustion_turbine
119,64,0.0,natural_gas_fired_combustion_turbine
117,64,0.0,natural_gas_fired_combustion_turbine
134,64,0.0,natural_gas_fired_combustion_turbine
103,64,0.0,natural_gas_fired_combustion_turbine
47,64,0.0,natural_gas_fired_combustion_turbine
8,64,0.0,natural_gas_fired_combustion_turbine
90,64,0.0,natural_gas_fired_combustion_turbine
60,64,0.0,natural_gas_fired_combustion_turbine
46,64,0.0,natural_gas_fired_combustion_turbine
37,64,0.0,natural_gas_fired_combustion_turbine
7,64,0.0,natural_gas_fired_combustion_turbine
133,64,0.0,natural_gas_fired_combustion_turbine
74,64,0.0,natural_gas_fired_combustion_turbine
20,64,0.0,natural_gas_fired_combustion_turbine
135,64,0.0,natural_gas_fired_combustion_turbine
142,64,0.0,natural_gas_fired_combustion_turbine
121,64,0.0,natural_gas_fired_combustion_turbine
91,64,0.0,natural_gas_fired_combustion_turbine
22,64,0.0,natural_gas_steam_turbine
123,64,0.0,natural_gas_steam_turbine
62,64,0.0,natural_gas_steam_turbine
49,64,0.0,natural_gas_steam_turbine
48,64,0.0,natural_gas_steam_turbine
21,64,0.0,natural_gas_steam_turbine
79,64,0.0,nuclear
10,64,1.4551915228366852e-11,onshore_wind_turbine
23,64,8929.4128,onshore_wind_turbine
31,64,424.99125225099306,onshore_wind_turbine
38,64,2793.10185,onshore_wind_turbine
50,64,4881.77676,onshore_wind_turbine
63,64,544.1192401008,onshore_wind_turbine
80,64,3009.1381599999995,onshore_wind_turbine
94,64,1007.7171999999991,onshore_wind_turbine
105,64,857.4883815119999,onshore_wind_turbine
124,64,7661.1171010836015,onshore_wind_turbine
136,64,4503.446010000001,onshore_wind_turbine
144,64,6959.858219999999,onshore_wind_turbine
11,64,0.0,small_hydroelectric
24,64,0.0,small_hydroelectric
32,64,0.0,small_hydroelectric
39,64,0.0,small_hydroelectric
51,64,0.0,small_hydroelectric
64,64,0.0,small_hydroelectric
81,64,0.0,small_hydroelectric
95,64,0.0,small_hydroelectric
106,64,0.0,small_hydroelectric
125,64,0.0,small_hydroelectric
137,64,0.0,small_hydroelectric
145,64,0.0,small_hydroelectric
12,64,8779.85136,solar_photovoltaic
25,64,0.0,solar_photovoltaic
33,64,0.0,solar_photovoltaic
52,64,3798.72528,solar_photovoltaic
65,64,14097.083839680101,solar_photovoltaic
82,64,12806.16708,solar_photovoltaic
96,64,0.0,solar_photovoltaic
107,64,0.0,solar_photovoltaic
126,64,29483.508745372503,solar_photovoltaic
138,64,0.0,solar_photovoltaic
26,65,0.0,biomass
13,65,0.0,biomass
108,65,0.0,biomass
40,65,0.0,biomass
97,65,0.0,biomass
1,65,0.0,biomass
66,65,0.0,biomass
2,65,0.0,conventional_hydroelectric
14,65,0.0,conventional_hydroelectric
27,65,0.0,conventional_hydroelectric
35,65,0.0,conventional_hydroelectric
54,65,0.0,conventional_hydroelectric
67,65,0.0,conventional_hydroelectric
84,65,0.0,conventional_hydroelectric
109,65,0.0,conventional_hydroelectric
128,65,0.0,conventional_hydroelectric
139,65,0.0,conventional_hydroelectric
110,65,0.0,conventional_steam_coal
41,65,0.0,conventional_steam_coal
3,65,0.0,conventional_steam_coal
36,65,0.0,conventional_steam_coal
85,65,0.0,conventional_steam_coal
28,65,0.0,geothermal
116,65,0.0,natural_gas_fired_combined_cycle
73,65,0.0,natural_gas_fired_combined_cycle
71,65,0.0,natural_gas_fired_combined_cycle
44,65,0.0,natural_gas_fired_combined_cycle
115,65,0.0,natural_gas_fired_combined_cycle
70,65,0.0,natural_gas_fired_combined_cycle
131,65,0.0,natural_gas_fired_combined_cycle
18,65,0.0,natural_gas_fired_combined_cycle
72,65,0.0,natural_gas_fired_combined_cycle
114,65,0.0,natural_gas_fired_combined_cycle
45,65,0.0,natural_gas_fired_combined_cycle
78,65,0.0,natural_gas_fired_combustion_turbine
75,65,0.0,natural_gas_fired_combustion_turbine
119,65,0.0,natural_gas_fired_combustion_turbine
117,65,0.0,natural_gas_fired_combustion_turbine
134,65,0.0,natural_gas_fired_combustion_turbine
103,65,0.0,natural_gas_fired_combustion_turbine
47,65,0.0,natural_gas_fired_combustion_turbine
8,65,0.0,natural_gas_fired_combustion_turbine
90,65,0.0,natural_gas_fired_combustion_turbine
60,65,0.0,natural_gas_fired_combustion_turbine
46,65,0.0,natural_gas_fired_combustion_turbine
37,65,0.0,natural_gas_fired_combustion_turbine
7,65,0.0,natural_gas_fired_combustion_turbine
133,65,0.0,natural_gas_fired_combustion_turbine
74,65,0.0,natural_gas_fired_combustion_turbine
20,65,0.0,natural_gas_fired_combustion_turbine
135,65,0.0,natural_gas_fired_combustion_turbine
142,65,0.0,natural_gas_fired_combustion_turbine
121,65,0.0,natural_gas_fired_combustion_turbine
91,65,0.0,natural_gas_fired_combustion_turbine
22,65,0.0,natural_gas_steam_turbine
123,65,0.0,natural_gas_steam_turbine
62,65,0.0,natural_gas_steam_turbine
49,65,0.0,natural_gas_steam_turbine
48,65,0.0,natural_gas_steam_turbine
21,65,0.0,natural_gas_steam_turbine
79,65,0.0,nuclear
10,65,0.0,onshore_wind_turbine
23,65,3948.5446,onshore_wind_turbine
31,65,0.0,onshore_wind_turbine
38,65,3783.78105,onshore_wind_turbine
50,65,0.0,onshore_wind_turbine
63,65,525.9704798096,onshore_wind_turbine
80,65,3034.2297999999996,onshore_wind_turbine
94,65,28874.4078,onshore_wind_turbine
105,65,591.485721477,onshore_wind_turbine
124,65,0.0,onshore_wind_turbine
136,65,6771.808470000001,onshore_wind_turbine
144,65,6027.6957299999995,onshore_wind_turbine
11,65,0.0,small_hydroelectric
24,65,0.0,small_hydroelectric
32,65,0.0,small_hydroelectric
39,65,0.0,small_hydroelectric
51,65,0.0,small_hydroelectric
64,65,0.0,small_hydroelectric
81,65,0.0,small_hydroelectric
95,65,0.0,small_hydroelectric
106,65,0.0,small_hydroelectric
125,65,0.0,small_hydroelectric
137,65,0.0,small_hydroelectric
145,65,0.0,small_hydroelectric
12,65,6292.509300000001,solar_photovoltaic
25,65,1244.6614599999998,solar_photovoltaic
33,65,521.8122,solar_photovoltaic
52,65,0.0,solar_photovoltaic
65,65,11344.3577920204,solar_photovoltaic
82,65,6720.559636807997,solar_photovoltaic
96,65,0.0,solar_photovoltaic
107,65,10744.2420437695,solar_photovoltaic
126,65,19651.7505661155,solar_photovoltaic
138,65,1625.98821,solar_photovoltaic
26,66,0.0,biomass
13,66,0.0,biomass
108,66,0.0,biomass
40,66,0.0,biomass
97,66,0.0,biomass
1,66,0.0,biomass
66,66,0.0,biomass
2,66,0.0,conventional_hydroelectric
14,66,0.0,conventional_hydroelectric
27,66,0.0,conventional_hydroelectric
35,66,0.0,conventional_hydroelectric
54,66,0.0,conventional_hydroelectric
67,66,0.0,conventional_hydroelectric
84,66,0.0,conventional_hydroelectric
109,66,0.0,conventional_hydroelectric
128,66,0.0,conventional_hydroelectric
139,66,0.0,conventional_hydroelectric
110,66,0.0,conventional_steam_coal
41,66,0.0,conventional_steam_coal
3,66,0.0,conventional_steam_coal
36,66,0.0,conventional_steam_coal
85,66,0.0,conventional_steam_coal
28,66,0.0,geothermal
116,66,0.0,natural_gas_fired_combined_cycle
73,66,0.0,natural_gas_fired_combined_cycle
71,66,0.0,natural_gas_fired_combined_cycle
44,66,0.0,natural_gas_fired_combined_cycle
115,66,0.0,natural_gas_fired_combined_cycle
70,66,0.0,natural_gas_fired_combined_cycle
131,66,0.0,natural_gas_fired_combined_cycle
18,66,0.0,natural_gas_fired_combined_cycle
72,66,0.0,natural_gas_fired_combined_cycle
114,66,0.0,natural_gas_fired_combined_cycle
45,66,0.0,natural_gas_fired_combined_cycle
78,66,0.0,natural_gas_fired_combustion_turbine
75,66,0.0,natural_gas_fired_combustion_turbine
119,66,0.0,natural_gas_fired_combustion_turbine
117,66,0.0,natural_gas_fired_combustion_turbine
134,66,0.0,natural_gas_fired_combustion_turbine
103,66,0.0,natural_gas_fired_combustion_turbine
47,66,0.0,natural_gas_fired_combustion_turbine
8,66,0.0,natural_gas_fired_combustion_turbine
90,66,0.0,natural_gas_fired_combustion_turbine
60,66,0.0,natural_gas_fired_combustion_turbine
46,66,0.0,natural_gas_fired_combustion_turbine
37,66,0.0,natural_gas_fired_combustion_turbine
7,66,0.0,natural_gas_fired_combustion_turbine
133,66,0.0,natural_gas_fired_combustion_turbine
74,66,0.0,natural_gas_fired_combustion_turbine
20,66,0.0,natural_gas_fired_combustion_turbine
135,66,0.0,natural_gas_fired_combustion_turbine
142,66,0.0,natural_gas_fired_combustion_turbine
121,66,0.0,natural_gas_fired_combustion_turbine
91,66,0.0,natural_gas_fired_combustion_turbine
22,66,0.0,natural_gas_steam_turbine
123,66,0.0,natural_gas_steam_turbine
62,66,0.0,natural_gas_steam_turbine
49,66,0.0,natural_gas_steam_turbine
48,66,0.0,natural_gas_steam_turbine
21,66,0.0,natural_gas_steam_turbine
79,66,0.0,nuclear
10,66,1089.6655,onshore_wind_turbine
23,66,3574.1009418122653,onshore_wind_turbine
31,66,6254.08847,onshore_wind_turbine
38,66,4342.1741999999995,onshore_wind_turbine
50,66,3058.7318999999998,onshore_wind_turbine
63,66,0.0,onshore_wind_turbine
80,66,3478.44476,onshore_wind_turbine
94,66,29477.567,onshore_wind_turbine
105,66,1611.598519251,onshore_wind_turbine
124,66,24168.815660358603,onshore_wind_turbine
136,66,6465.1028400000005,onshore_wind_turbine
144,66,6183.416609999999,onshore_wind_turbine
11,66,0.0,small_hydroelectric
24,66,0.0,small_hydroelectric
32,66,0.0,small_hydroelectric
39,66,0.0,small_hydroelectric
51,66,0.0,small_hydroelectric
64,66,0.0,small_hydroelectric
81,66,0.0,small_hydroelectric
95,66,0.0,small_hydroelectric
106,66,0.0,small_hydroelectric
125,66,0.0,small_hydroelectric
137,66,0.0,small_hydroelectric
145,66,0.0,small_hydroelectric
12,66,2435.08104,solar_photovoltaic
25,66,0.0,solar_photovoltaic
33,66,210.02765,solar_photovoltaic
52,66,12.44124,solar_photovoltaic
65,66,5102.9523184101,solar_photovoltaic
82,66,3710.7449400000005,solar_photovoltaic
96,66,216.42788999999996,solar_photovoltaic
107,66,4903.677020157999,solar_photovoltaic
126,66,9948.21486001,solar_photovoltaic
138,66,499.53133999999994,solar_photovoltaic
26,67,11.235,biomass
13,67,15.682,biomass
108,67,137.081,biomass
40,67,5.952,biomass
97,67,178.173,biomass
1,67,16.294,biomass
66,67,228.795,biomass
2,67,229.28816400000022,conventional_hydroelectric
14,67,39.04353200000002,conventional_hydroelectric
27,67,117.12063600000022,conventional_hydroelectric
35,67,207.302127999997,conventional_hydroelectric
54,67,86.27028300000018,conventional_hydroelectric
67,67,603.742581,conventional_hydroelectric
84,67,2411.3971739999997,conventional_hydroelectric
109,67,104.6315728614,conventional_hydroelectric
128,67,12.599400000000013,conventional_hydroelectric
139,67,19.330367999999996,conventional_hydroelectric
110,67,0.0,conventional_steam_coal
41,67,0.0,conventional_steam_coal
3,67,0.0,conventional_steam_coal
36,67,0.0,conventional_steam_coal
85,67,0.0,conventional_steam_coal
28,67,74.364,geothermal
116,67,0.0,natural_gas_fired_combined_cycle
73,67,0.0,natural_gas_fired_combined_cycle
71,67,0.0,natural_gas_fired_combined_cycle
44,67,0.0,natural_gas_fired_combined_cycle
115,67,0.0,natural_gas_fired_combined_cycle
70,67,0.0,natural_gas_fired_combined_cycle
131,67,0.0,natural_gas_fired_combined_cycle
18,67,0.0,natural_gas_fired_combined_cycle
72,67,0.0,natural_gas_fired_combined_cycle
114,67,0.0,natural_gas_fired_combined_cycle
45,67,0.0,natural_gas_fired_combined_cycle
78,67,0.0,natural_gas_fired_combustion_turbine
75,67,0.0,natural_gas_fired_combustion_turbine
119,67,0.0,natural_gas_fired_combustion_turbine
117,67,0.0,natural_gas_fired_combustion_turbine
134,67,0.0,natural_gas_fired_combustion_turbine
103,67,0.0,natural_gas_fired_combustion_turbine
47,67,0.0,natural_gas_fired_combustion_turbine
8,67,0.0,natural_gas_fired_combustion_turbine
90,67,0.0,natural_gas_fired_combustion_turbine
60,67,0.0,natural_gas_fired_combustion_turbine
46,67,0.0,natural_gas_fired_combustion_turbine
37,67,0.0,natural_gas_fired_combustion_turbine
7,67,0.0,natural_gas_fired_combustion_turbine
133,67,0.0,natural_gas_fired_combustion_turbine
74,67,0.0,natural_gas_fired_combustion_turbine
20,67,0.0,natural_gas_fired_combustion_turbine
135,67,0.0,natural_gas_fired_combustion_turbine
142,67,0.0,natural_gas_fired_combustion_turbine
121,67,0.0,natural_gas_fired_combustion_turbine
91,67,0.0,natural_gas_fired_combustion_turbine
22,67,0.0,natural_gas_steam_turbine
123,67,0.0,natural_gas_steam_turbine
62,67,0.0,natural_gas_steam_turbine
49,67,0.0,natural_gas_steam_turbine
48,67,0.0,natural_gas_steam_turbine
21,67,0.0,natural_gas_steam_turbine
79,67,0.0,nuclear
10,67,817.5192900000001,onshore_wind_turbine
23,67,5690.8236,onshore_wind_turbine
31,67,5637.82268,onshore_wind_turbine
38,67,4540.9917,onshore_wind_turbine
50,67,2818.2335999999996,onshore_wind_turbine
63,67,575.9149200896,onshore_wind_turbine
80,67,2417.1613199999997,onshore_wind_turbine
94,67,21916.0102,onshore_wind_turbine
105,67,1562.220099552,onshore_wind_turbine
124,67,21030.582507611605,onshore_wind_turbine
136,67,6362.567820000001,onshore_wind_turbine
144,67,5662.184219999999,onshore_wind_turbine
11,67,19.125,small_hydroelectric
24,67,62.577,small_hydroelectric
32,67,192.0,small_hydroelectric
39,67,52.9,small_hydroelectric
51,67,25.641,small_hydroelectric
64,67,6.128,small_hydroelectric
81,67,241.672,small_hydroelectric
95,67,418.922,small_hydroelectric
106,67,31.614,small_hydroelectric
125,67,100.697,small_hydroelectric
137,67,36.822,small_hydroelectric
145,67,33.21,small_hydroelectric
12,67,0.0,solar_photovoltaic
25,67,0.0,solar_photovoltaic
33,67,0.0,solar_photovoltaic
52,67,0.0,solar_photovoltaic
65,67,0.0,solar_photovoltaic
82,67,0.0,solar_photovoltaic
96,67,0.0,solar_photovoltaic
107,67,0.0,solar_photovoltaic
126,67,0.0,solar_photovoltaic
138,67,0.0,solar_photovoltaic
26,68,11.234999999995553,biomass
13,68,15.682,biomass
108,68,137.081,biomass
40,68,5.952,biomass
97,68,178.173,biomass
1,68,16.294,biomass
66,68,228.795,biomass
2,68,229.28816400000022,conventional_hydroelectric
14,68,39.04353200000002,conventional_hydroelectric
27,68,117.12063599999995,conventional_hydroelectric
35,68,207.30212800000027,conventional_hydroelectric
54,68,86.27028300000012,conventional_hydroelectric
67,68,603.742581,conventional_hydroelectric
84,68,2411.3971740000034,conventional_hydroelectric
109,68,104.6923215234,conventional_hydroelectric
128,68,12.599400000000003,conventional_hydroelectric
139,68,19.330368,conventional_hydroelectric
110,68,0.0,conventional_steam_coal
41,68,0.0,conventional_steam_coal
3,68,0.0,conventional_steam_coal
36,68,0.0,conventional_steam_coal
85,68,0.0,conventional_steam_coal
28,68,74.364,geothermal
116,68,0.0,natural_gas_fired_combined_cycle
73,68,0.0,natural_gas_fired_combined_cycle
71,68,0.0,natural_gas_fired_combined_cycle
44,68,0.0,natural_gas_fired_combined_cycle
115,68,0.0,natural_gas_fired_combined_cycle
70,68,0.0,natural_gas_fired_combined_cycle
131,68,0.0,natural_gas_fired_combined_cycle
18,68,0.0,natural_gas_fired_combined_cycle
72,68,0.0,natural_gas_fired_combined_cycle
114,68,0.0,natural_gas_fired_combined_cycle
45,68,0.0,natural_gas_fired_combined_cycle
78,68,0.0,natural_gas_fired_combustion_turbine
75,68,0.0,natural_gas_fired_combustion_turbine
119,68,0.0,natural_gas_fired_combustion_turbine
117,68,0.0,natural_gas_fired_combustion_turbine
134,68,0.0,natural_gas_fired_combustion_turbine
103,68,0.0,natural_gas_fired_combustion_turbine
47,68,0.0,natural_gas_fired_combustion_turbine
8,68,0.0,natural_gas_fired_combustion_turbine
90,68,0.0,natural_gas_fired_combustion_turbine
60,68,0.0,natural_gas_fired_combustion_turbine
46,68,0.0,natural_gas_fired_combustion_turbine
37,68,0.0,natural_gas_fired_combustion_turbine
7,68,0.0,natural_gas_fired_combustion_turbine
133,68,0.0,natural_gas_fired_combustion_turbine
74,68,0.0,natural_gas_fired_combustion_turbine
20,68,0.0,natural_gas_fired_combustion_turbine
135,68,0.0,natural_gas_fired_combustion_turbine
142,68,0.0,natural_gas_fired_combustion_turbine
121,68,0.0,natural_gas_fired_combustion_turbine
91,68,0.0,natural_gas_fired_combustion_turbine
22,68,0.0,natural_gas_steam_turbine
123,68,0.0,natural_gas_steam_turbine
62,68,0.0,natural_gas_steam_turbine
49,68,0.0,natural_gas_steam_turbine
48,68,0.0,natural_gas_steam_turbine
21,68,0.0,natural_gas_steam_turbine
79,68,0.0,nuclear
10,68,871.1920700000001,onshore_wind_turbine
23,68,7891.499,onshore_wind_turbine
31,68,4377.980670000001,onshore_wind_turbine
38,68,4444.4232,onshore_wind_turbine
50,68,2747.77776,onshore_wind_turbine
63,68,537.392800028,onshore_wind_turbine
80,68,2169.0328799999997,onshore_wind_turbine
94,68,22828.104600000002,onshore_wind_turbine
105,68,2322.212480805,onshore_wind_turbine
124,68,20240.6607265478,onshore_wind_turbine
136,68,6056.761620000001,onshore_wind_turbine
144,68,6685.183889999999,onshore_wind_turbine
11,68,19.125,small_hydroelectric
24,68,62.577,small_hydroelectric
32,68,192.0,small_hydroelectric
39,68,52.9,small_hydroelectric
51,68,25.641,small_hydroelectric
64,68,6.128,small_hydroelectric
81,68,241.672,small_hydroelectric
95,68,418.922,small_hydroelectric
106,68,31.614,small_hydroelectric
125,68,100.697,small_hydroelectric
137,68,36.822,small_hydroelectric
145,68,33.21,small_hydroelectric
12,68,0.0,solar_photovoltaic
25,68,0.0,solar_photovoltaic
33,68,0.0,solar_photovoltaic
52,68,0.0,solar_photovoltaic
65,68,0.0,solar_photovoltaic
82,68,0.0,solar_photovoltaic
96,68,0.0,solar_photovoltaic
107,68,0.0,solar_photovoltaic
126,68,0.0,solar_photovoltaic
138,68,0.0,solar_photovoltaic
26,69,0.0,biomass
13,69,0.0,biomass
108,69,0.0,biomass
40,69,0.0,biomass
97,69,0.0,biomass
1,69,0.0,biomass
66,69,0.0,biomass
2,69,0.0,conventional_hydroelectric
14,69,0.0,conventional_hydroelectric
27,69,0.0,conventional_hydroelectric
35,69,0.0,conventional_hydroelectric
54,69,0.0,conventional_hydroelectric
67,69,0.0,conventional_hydroelectric
84,69,0.0,conventional_hydroelectric
109,69,0.0,conventional_hydroelectric
128,69,0.0,conventional_hydroelectric
139,69,0.0,conventional_hydroelectric
110,69,0.0,conventional_steam_coal
41,69,0.0,conventional_steam_coal
3,69,0.0,conventional_steam_coal
36,69,0.0,conventional_steam_coal
85,69,0.0,conventional_steam_coal
28,69,0.0,geothermal
116,69,0.0,natural_gas_fired_combined_cycle
73,69,0.0,natural_gas_fired_combined_cycle
71,69,0.0,natural_gas_fired_combined_cycle
44,69,0.0,natural_gas_fired_combined_cycle
115,69,0.0,natural_gas_fired_combined_cycle
70,69,0.0,natural_gas_fired_combined_cycle
131,69,0.0,natural_gas_fired_combined_cycle
18,69,0.0,natural_gas_fired_combined_cycle
72,69,0.0,natural_gas_fired_combined_cycle
114,69,0.0,natural_gas_fired_combined_cycle
45,69,0.0,natural_gas_fired_combined_cycle
78,69,0.0,natural_gas_fired_combustion_turbine
75,69,0.0,natural_gas_fired_combustion_turbine
119,69,0.0,natural_gas_fired_combustion_turbine
117,69,0.0,natural_gas_fired_combustion_turbine
134,69,0.0,natural_gas_fired_combustion_turbine
103,69,0.0,natural_gas_fired_combustion_turbine
47,69,0.0,natural_gas_fired_combustion_turbine
8,69,0.0,natural_gas_fired_combustion_turbine
90,69,0.0,natural_gas_fired_combustion_turbine
60,69,0.0,natural_gas_fired_combustion_turbine
46,69,0.0,natural_gas_fired_combustion_turbine
37,69,0.0,natural_gas_fired_combustion_turbine
7,69,0.0,natural_gas_fired_combustion_turbine
133,69,0.0,natural_gas_fired_combustion_turbine
74,69,0.0,natural_gas_fired_combustion_turbine
20,69,0.0,natural_gas_fired_combustion_turbine
135,69,0.0,natural_gas_fired_combustion_turbine
142,69,0.0,natural_gas_fired_combustion_turbine
121,69,0.0,natural_gas_fired_combustion_turbine
91,69,0.0,natural_gas_fired_combustion_turbine
22,69,0.0,natural_gas_steam_turbine
123,69,0.0,natural_gas_steam_turbine
62,69,0.0,natural_gas_steam_turbine
49,69,0.0,natural_gas_steam_turbine
48,69,0.0,natural_gas_steam_turbine
21,69,0.0,natural_gas_steam_turbine
79,69,0.0,nuclear
10,69,841.47392,onshore_wind_turbine
23,69,8616.3616,onshore_wind_turbine
31,69,5875.30468,onshore_wind_turbine
38,69,4129.15545,onshore_wind_turbine
50,69,4310.00052,onshore_wind_turbine
63,69,453.09179981352037,onshore_wind_turbine
80,69,2204.3470399999997,onshore_wind_turbine
94,69,25571.7434,onshore_wind_turbine
105,69,2311.263359118,onshore_wind_turbine
124,69,25297.8521617514,onshore_wind_turbine
136,69,4748.090970000001,onshore_wind_turbine
144,69,8966.92734,onshore_wind_turbine
11,69,0.0,small_hydroelectric
24,69,0.0,small_hydroelectric
32,69,0.0,small_hydroelectric
39,69,0.0,small_hydroelectric
51,69,0.0,small_hydroelectric
64,69,0.0,small_hydroelectric
81,69,0.0,small_hydroelectric
95,69,0.0,small_hydroelectric
106,69,0.0,small_hydroelectric
125,69,0.0,small_hydroelectric
137,69,0.0,small_hydroelectric
145,69,0.0,small_hydroelectric
12,69,0.0,solar_photovoltaic
25,69,0.0,solar_photovoltaic
33,69,0.0,solar_photovoltaic
52,69,0.0,solar_photovoltaic
65,69,0.0,solar_photovoltaic
82,69,0.0,solar_photovoltaic
96,69,0.0,solar_photovoltaic
107,69,0.0,solar_photovoltaic
126,69,0.0,solar_photovoltaic
138,69,0.0,solar_photovoltaic
26,70,0.0,biomass
13,70,0.0,biomass
108,70,0.0,biomass
40,70,0.0,biomass
97,70,0.0,biomass
1,70,0.0,biomass
66,70,0.0,biomass
2,70,0.0,conventional_hydroelectric
14,70,0.0,conventional_hydroelectric
27,70,0.0,conventional_hydroelectric
35,70,0.0,conventional_hydroelectric
54,70,0.0,conventional_hydroelectric
67,70,0.0,conventional_hydroelectric
84,70,0.0,conventional_hydroelectric
109,70,0.0,conventional_hydroelectric
128,70,0.0,conventional_hydroelectric
139,70,0.0,conventional_hydroelectric
110,70,0.0,conventional_steam_coal
41,70,0.0,conventional_steam_coal
3,70,0.0,conventional_steam_coal
36,70,0.0,conventional_steam_coal
85,70,0.0,conventional_steam_coal
28,70,0.0,geothermal
116,70,0.0,natural_gas_fired_combined_cycle
73,70,0.0,natural_gas_fired_combined_cycle
71,70,0.0,natural_gas_fired_combined_cycle
44,70,0.0,natural_gas_fired_combined_cycle
115,70,0.0,natural_gas_fired_combined_cycle
70,70,0.0,natural_gas_fired_combined_cycle
131,70,0.0,natural_gas_fired_combined_cycle
18,70,0.0,natural_gas_fired_combined_cycle
72,70,0.0,natural_gas_fired_combined_cycle
114,70,0.0,natural_gas_fired_combined_cycle
45,70,0.0,natural_gas_fired_combined_cycle
78,70,0.0,natural_gas_fired_combustion_turbine
75,70,0.0,natural_gas_fired_combustion_turbine
119,70,0.0,natural_gas_fired_combustion_turbine
117,70,0.0,natural_gas_fired_combustion_turbine
134,70,0.0,natural_gas_fired_combustion_turbine
103,70,0.0,natural_gas_fired_combustion_turbine
47,70,0.0,natural_gas_fired_combustion_turbine
8,70,0.0,natural_gas_fired_combustion_turbine
90,70,0.0,natural_gas_fired_combustion_turbine
60,70,0.0,natural_gas_fired_combustion_turbine
46,70,0.0,natural_gas_fired_combustion_turbine
37,70,0.0,natural_gas_fired_combustion_turbine
7,70,0.0,natural_gas_fired_combustion_turbine
133,70,0.0,natural_gas_fired_combustion_turbine
74,70,0.0,natural_gas_fired_combustion_turbine
20,70,0.0,natural_gas_fired_combustion_turbine
135,70,0.0,natural_gas_fired_combustion_turbine
142,70,0.0,natural_gas_fired_combustion_turbine
121,70,0.0,natural_gas_fired_combustion_turbine
91,70,0.0,natural_gas_fired_combustion_turbine
22,70,0.0,natural_gas_steam_turbine
123,70,0.0,natural_gas_steam_turbine
62,70,0.0,natural_gas_steam_turbine
49,70,0.0,natural_gas_steam_turbine
48,70,0.0,natural_gas_steam_turbine
21,70,0.0,natural_gas_steam_turbine
79,70,0.0,nuclear
10,70,686.2191,onshore_wind_turbine
23,70,10865.4854,onshore_wind_turbine
31,70,6989.09526,onshore_wind_turbine
38,70,3149.2692,onshore_wind_turbine
50,70,3486.2091599999994,onshore_wind_turbine
63,70,452.3455998768,onshore_wind_turbine
80,70,1854.9227199999998,onshore_wind_turbine
94,70,29245.8656,onshore_wind_turbine
105,70,2389.059401631,onshore_wind_turbine
124,70,25827.504705879805,onshore_wind_turbine
136,70,2100.1690500000004,onshore_wind_turbine
144,70,10383.55479,onshore_wind_turbine
11,70,0.0,small_hydroelectric
24,70,0.0,small_hydroelectric
32,70,0.0,small_hydroelectric
39,70,0.0,small_hydroelectric
51,70,0.0,small_hydroelectric
64,70,0.0,small_hydroelectric
81,70,0.0,small_hydroelectric
95,70,0.0,small_hydroelectric
106,70,0.0,small_hydroelectric
125,70,0.0,small_hydroelectric
137,70,0.0,small_hydroelectric
145,70,0.0,small_hydroelectric
12,70,0.0,solar_photovoltaic
25,70,0.0,solar_photovoltaic
33,70,0.0,solar_photovoltaic
52,70,0.0,solar_photovoltaic
65,70,0.0,solar_photovoltaic
82,70,0.0,solar_photovoltaic
96,70,0.0,solar_photovoltaic
107,70,0.0,solar_photovoltaic
126,70,0.0,solar_photovoltaic
138,70,0.0,solar_photovoltaic
26,71,0.0,biomass
13,71,0.0,biomass
108,71,0.0,biomass
40,71,0.0,biomass
97,71,0.0,biomass
1,71,0.0,biomass
66,71,0.0,biomass
2,71,0.0,conventional_hydroelectric
14,71,0.0,conventional_hydroelectric
27,71,0.0,conventional_hydroelectric
35,71,0.0,conventional_hydroelectric
54,71,0.0,conventional_hydroelectric
67,71,0.0,conventional_hydroelectric
84,71,0.0,conventional_hydroelectric
109,71,0.0,conventional_hydroelectric
128,71,0.0,conventional_hydroelectric
139,71,0.0,conventional_hydroelectric
110,71,0.0,conventional_steam_coal
41,71,0.0,conventional_steam_coal
3,71,0.0,conventional_steam_coal
36,71,0.0,conventional_steam_coal
85,71,0.0,conventional_steam_coal
28,71,0.0,geothermal
116,71,0.0,natural_gas_fired_combined_cycle
73,71,0.0,natural_gas_fired_combined_cycle
71,71,0.0,natural_gas_fired_combined_cycle
44,71,0.0,natural_gas_fired_combined_cycle
115,71,0.0,natural_gas_fired_combined_cycle
70,71,0.0,natural_gas_fired_combined_cycle
131,71,0.0,natural_gas_fired_combined_cycle
18,71,0.0,natural_gas_fired_combined_cycle
72,71,0.0,natural_gas_fired_combined_cycle
114,71,0.0,natural_gas_fired_combined_cycle
45,71,0.0,natural_gas_fired_combined_cycle
78,71,0.0,natural_gas_fired_combustion_turbine
75,71,0.0,natural_gas_fired_combustion_turbine
119,71,0.0,natural_gas_fired_combustion_turbine
117,71,0.0,natural_gas_fired_combustion_turbine
134,71,0.0,natural_gas_fired_combustion_turbine
103,71,0.0,natural_gas_fired_combustion_turbine
47,71,0.0,natural_gas_fired_combustion_turbine
8,71,0.0,natural_gas_fired_combustion_turbine
90,71,0.0,natural_gas_fired_combustion_turbine
60,71,0.0,natural_gas_fired_combustion_turbine
46,71,0.0,natural_gas_fired_combustion_turbine
37,71,0.0,natural_gas_fired_combustion_turbine
7,71,0.0,natural_gas_fired_combustion_turbine
133,71,0.0,natural_gas_fired_combustion_turbine
74,71,0.0,natural_gas_fired_combustion_turbine
20,71,0.0,natural_gas_fired_combustion_turbine
135,71,0.0,natural_gas_fired_combustion_turbine
142,71,0.0,natural_gas_fired_combustion_turbine
121,71,0.0,natural_gas_fired_combustion_turbine
91,71,0.0,natural_gas_fired_combustion_turbine
22,71,0.0,natural_gas_steam_turbine
123,71,0.0,natural_gas_steam_turbine
62,71,0.0,natural_gas_steam_turbine
49,71,0.0,natural_gas_steam_turbine
48,71,0.0,natural_gas_steam_turbine
21,71,0.0,natural_gas_steam_turbine
79,71,0.0,nuclear
10,71,921.26265,onshore_wind_turbine
23,71,12589.1304,onshore_wind_turbine
31,71,7523.429760000001,onshore_wind_turbine
38,71,2577.24285,onshore_wind_turbine
50,71,3887.2654799999996,onshore_wind_turbine
63,71,371.1794803304,onshore_wind_turbine
80,71,879.13672,onshore_wind_turbine
94,71,28708.906799999997,onshore_wind_turbine
105,71,2468.162900511,onshore_wind_turbine
124,71,26474.167024443603,onshore_wind_turbine
136,71,2933.041229995284,onshore_wind_turbine
144,71,8982.066869999999,onshore_wind_turbine
11,71,0.0,small_hydroelectric
24,71,0.0,small_hydroelectric
32,71,0.0,small_hydroelectric
39,71,0.0,small_hydroelectric
51,71,0.0,small_hydroelectric
64,71,0.0,small_hydroelectric
81,71,0.0,small_hydroelectric
95,71,0.0,small_hydroelectric
106,71,0.0,small_hydroelectric
125,71,0.0,small_hydroelectric
137,71,0.0,small_hydroelectric
145,71,0.0,small_hydroelectric
12,71,0.0,solar_photovoltaic
25,71,0.0,solar_photovoltaic
33,71,0.0,solar_photovoltaic
52,71,0.0,solar_photovoltaic
65,71,0.0,solar_photovoltaic
82,71,0.0,solar_photovoltaic
96,71,0.0,solar_photovoltaic
107,71,0.0,solar_photovoltaic
126,71,0.0,solar_photovoltaic
138,71,0.0,solar_photovoltaic
26,72,0.0,biomass
13,72,0.0,biomass
108,72,0.0,biomass
40,72,0.0,biomass
97,72,0.0,biomass
1,72,0.0,biomass
66,72,0.0,biomass
2,72,0.0,conventional_hydroelectric
14,72,0.0,conventional_hydroelectric
27,72,0.0,conventional_hydroelectric
35,72,0.0,conventional_hydroelectric
54,72,0.0,conventional_hydroelectric
67,72,0.0,conventional_hydroelectric
84,72,0.0,conventional_hydroelectric
109,72,0.0,conventional_hydroelectric
128,72,0.0,conventional_hydroelectric
139,72,0.0,conventional_hydroelectric
110,72,0.0,conventional_steam_coal
41,72,0.0,conventional_steam_coal
3,72,0.0,conventional_steam_coal
36,72,0.0,conventional_steam_coal
85,72,0.0,conventional_steam_coal
28,72,0.0,geothermal
116,72,0.0,natural_gas_fired_combined_cycle
73,72,0.0,natural_gas_fired_combined_cycle
71,72,0.0,natural_gas_fired_combined_cycle
44,72,0.0,natural_gas_fired_combined_cycle
115,72,0.0,natural_gas_fired_combined_cycle
70,72,0.0,natural_gas_fired_combined_cycle
131,72,0.0,natural_gas_fired_combined_cycle
18,72,0.0,natural_gas_fired_combined_cycle
72,72,0.0,natural_gas_fired_combined_cycle
114,72,0.0,natural_gas_fired_combined_cycle
45,72,0.0,natural_gas_fired_combined_cycle
78,72,0.0,natural_gas_fired_combustion_turbine
75,72,0.0,natural_gas_fired_combustion_turbine
119,72,0.0,natural_gas_fired_combustion_turbine
117,72,0.0,natural_gas_fired_combustion_turbine
134,72,0.0,natural_gas_fired_combustion_turbine
103,72,0.0,natural_gas_fired_combustion_turbine
47,72,0.0,natural_gas_fired_combustion_turbine
8,72,0.0,natural_gas_fired_combustion_turbine
90,72,0.0,natural_gas_fired_combustion_turbine
60,72,0.0,natural_gas_fired_combustion_turbine
46,72,0.0,natural_gas_fired_combustion_turbine
37,72,0.0,natural_gas_fired_combustion_turbine
7,72,0.0,natural_gas_fired_combustion_turbine
133,72,0.0,natural_gas_fired_combustion_turbine
74,72,0.0,natural_gas_fired_combustion_turbine
20,72,0.0,natural_gas_fired_combustion_turbine
135,72,0.0,natural_gas_fired_combustion_turbine
142,72,0.0,natural_gas_fired_combustion_turbine
121,72,0.0,natural_gas_fired_combustion_turbine
91,72,0.0,natural_gas_fired_combustion_turbine
22,72,0.0,natural_gas_steam_turbine
123,72,0.0,natural_gas_steam_turbine
62,72,0.0,natural_gas_steam_turbine
49,72,0.0,natural_gas_steam_turbine
48,72,0.0,natural_gas_steam_turbine
21,72,0.0,natural_gas_steam_turbine
79,72,0.0,nuclear
10,72,897.12791,onshore_wind_turbine
23,72,12061.788199999999,onshore_wind_turbine
31,72,7680.167880000001,onshore_wind_turbine
38,72,2415.91665,onshore_wind_turbine
50,72,4530.17502,onshore_wind_turbine
63,72,313.8396803808,onshore_wind_turbine
80,72,1106.8201199999999,onshore_wind_turbine
94,72,21312.851,onshore_wind_turbine
105,72,2461.8358796850002,onshore_wind_turbine
124,72,26418.846367159404,onshore_wind_turbine
136,72,2538.1914600000005,onshore_wind_turbine
144,72,8080.183439999999,onshore_wind_turbine
11,72,0.0,small_hydroelectric
24,72,0.0,small_hydroelectric
32,72,0.0,small_hydroelectric
39,72,0.0,small_hydroelectric
51,72,0.0,small_hydroelectric
64,72,0.0,small_hydroelectric
81,72,0.0,small_hydroelectric
95,72,0.0,small_hydroelectric
106,72,0.0,small_hydroelectric
125,72,0.0,small_hydroelectric
137,72,0.0,small_hydroelectric
145,72,0.0,small_hydroelectric
12,72,0.0,solar_photovoltaic
25,72,0.0,solar_photovoltaic
33,72,0.0,solar_photovoltaic
52,72,0.0,solar_photovoltaic
65,72,0.0,solar_photovoltaic
82,72,0.0,solar_photovoltaic
96,72,0.0,solar_photovoltaic
107,72,0.0,solar_photovoltaic
126,72,0.0,solar_photovoltaic
138,72,0.0,solar_photovoltaic
26,73,0.0,biomass
13,73,0.0,biomass
108,73,0.0,biomass
40,73,0.0,biomass
97,73,0.0,biomass
1,73,0.0,biomass
66,73,0.0,biomass
2,73,0.0,conventional_hydroelectric
14,73,0.0,conventional_hydroelectric
27,73,0.0,conventional_hydroelectric
35,73,0.0,conventional_hydroelectric
54,73,0.0,conventional_hydroelectric
67,73,0.0,conventional_hydroelectric
84,73,0.0,conventional_hydroelectric
109,73,0.0,conventional_hydroelectric
128,73,0.0,conventional_hydroelectric
139,73,0.0,conventional_hydroelectric
110,73,0.0,conventional_steam_coal
41,73,0.0,conventional_steam_coal
3,73,0.0,conventional_steam_coal
36,73,0.0,conventional_steam_coal
85,73,0.0,conventional_steam_coal
28,73,0.0,geothermal
116,73,0.0,natural_gas_fired_combined_cycle
73,73,0.0,natural_gas_fired_combined_cycle
71,73,0.0,natural_gas_fired_combined_cycle
44,73,0.0,natural_gas_fired_combined_cycle
115,73,0.0,natural_gas_fired_combined_cycle
70,73,0.0,natural_gas_fired_combined_cycle
131,73,0.0,natural_gas_fired_combined_cycle
18,73,0.0,natural_gas_fired_combined_cycle
72,73,0.0,natural_gas_fired_combined_cycle
114,73,0.0,natural_gas_fired_combined_cycle
45,73,0.0,natural_gas_fired_combined_cycle
78,73,0.0,natural_gas_fired_combustion_turbine
75,73,0.0,natural_gas_fired_combustion_turbine
119,73,0.0,natural_gas_fired_combustion_turbine
117,73,0.0,natural_gas_fired_combustion_turbine
134,73,0.0,natural_gas_fired_combustion_turbine
103,73,0.0,natural_gas_fired_combustion_turbine
47,73,0.0,natural_gas_fired_combustion_turbine
8,73,0.0,natural_gas_fired_combustion_turbine
90,73,0.0,natural_gas_fired_combustion_turbine
60,73,0.0,natural_gas_fired_combustion_turbine
46,73,0.0,natural_gas_fired_combustion_turbine
37,73,0.0,natural_gas_fired_combustion_turbine
7,73,0.0,natural_gas_fired_combustion_turbine
133,73,0.0,natural_gas_fired_combustion_turbine
74,73,0.0,natural_gas_fired_combustion_turbine
20,73,0.0,natural_gas_fired_combustion_turbine
135,73,0.0,natural_gas_fired_combustion_turbine
142,73,0.0,natural_gas_fired_combustion_turbine
121,73,0.0,natural_gas_fired_combustion_turbine
91,73,0.0,natural_gas_fired_combustion_turbine
22,73,0.0,natural_gas_steam_turbine
123,73,0.0,natural_gas_steam_turbine
62,73,0.0,natural_gas_steam_turbine
49,73,0.0,natural_gas_steam_turbine
48,73,0.0,natural_gas_steam_turbine
21,73,0.0,natural_gas_steam_turbine
79,73,0.0,nuclear
10,73,923.2438599999999,onshore_wind_turbine
23,73,10289.694800000001,onshore_wind_turbine
31,73,7532.92904,onshore_wind_turbine
38,73,2442.04695,onshore_wind_turbine
50,73,4590.468959999999,onshore_wind_turbine
63,73,0.0,onshore_wind_turbine
80,73,1199.7521199999999,onshore_wind_turbine
94,73,0.0,onshore_wind_turbine
105,73,0.0,onshore_wind_turbine
124,73,19666.046110000003,onshore_wind_turbine
136,73,1952.66253,onshore_wind_turbine
144,73,7788.206789999998,onshore_wind_turbine
11,73,0.0,small_hydroelectric
24,73,0.0,small_hydroelectric
32,73,0.0,small_hydroelectric
39,73,0.0,small_hydroelectric
51,73,0.0,small_hydroelectric
64,73,0.0,small_hydroelectric
81,73,0.0,small_hydroelectric
95,73,0.0,small_hydroelectric
106,73,0.0,small_hydroelectric
125,73,0.0,small_hydroelectric
137,73,0.0,small_hydroelectric
145,73,0.0,small_hydroelectric
12,73,0.0,solar_photovoltaic
25,73,0.0,solar_photovoltaic
33,73,0.0,solar_photovoltaic
52,73,0.0,solar_photovoltaic
65,73,0.0,solar_photovoltaic
82,73,0.0,solar_photovoltaic
96,73,0.0,solar_photovoltaic
107,73,0.0,solar_photovoltaic
126,73,0.0,solar_photovoltaic
138,73,0.0,solar_photovoltaic
26,74,0.0,biomass
13,74,0.0,biomass
108,74,0.0,biomass
40,74,0.0,biomass
97,74,0.0,biomass
1,74,0.0,biomass
66,74,0.0,biomass
2,74,0.0,conventional_hydroelectric
14,74,0.0,conventional_hydroelectric
27,74,0.0,conventional_hydroelectric
35,74,0.0,conventional_hydroelectric
54,74,0.0,conventional_hydroelectric
67,74,0.0,conventional_hydroelectric
84,74,0.0,conventional_hydroelectric
109,74,0.0,conventional_hydroelectric
128,74,0.0,conventional_hydroelectric
139,74,0.0,conventional_hydroelectric
110,74,0.0,conventional_steam_coal
41,74,0.0,conventional_steam_coal
3,74,0.0,conventional_steam_coal
36,74,0.0,conventional_steam_coal
85,74,0.0,conventional_steam_coal
28,74,0.0,geothermal
116,74,0.0,natural_gas_fired_combined_cycle
73,74,0.0,natural_gas_fired_combined_cycle
71,74,0.0,natural_gas_fired_combined_cycle
44,74,0.0,natural_gas_fired_combined_cycle
115,74,0.0,natural_gas_fired_combined_cycle
70,74,0.0,natural_gas_fired_combined_cycle
131,74,0.0,natural_gas_fired_combined_cycle
18,74,0.0,natural_gas_fired_combined_cycle
72,74,0.0,natural_gas_fired_combined_cycle
114,74,0.0,natural_gas_fired_combined_cycle
45,74,0.0,natural_gas_fired_combined_cycle
78,74,0.0,natural_gas_fired_combustion_turbine
75,74,0.0,natural_gas_fired_combustion_turbine
119,74,0.0,natural_gas_fired_combustion_turbine
117,74,0.0,natural_gas_fired_combustion_turbine
134,74,0.0,natural_gas_fired_combustion_turbine
103,74,0.0,natural_gas_fired_combustion_turbine
47,74,0.0,natural_gas_fired_combustion_turbine
8,74,0.0,natural_gas_fired_combustion_turbine
90,74,0.0,natural_gas_fired_combustion_turbine
60,74,0.0,natural_gas_fired_combustion_turbine
46,74,0.0,natural_gas_fired_combustion_turbine
37,74,0.0,natural_gas_fired_combustion_turbine
7,74,0.0,natural_gas_fired_combustion_turbine
133,74,0.0,natural_gas_fired_combustion_turbine
74,74,0.0,natural_gas_fired_combustion_turbine
20,74,0.0,natural_gas_fired_combustion_turbine
135,74,0.0,natural_gas_fired_combustion_turbine
142,74,0.0,natural_gas_fired_combustion_turbine
121,74,0.0,natural_gas_fired_combustion_turbine
91,74,0.0,natural_gas_fired_combustion_turbine
22,74,0.0,natural_gas_steam_turbine
123,74,0.0,natural_gas_steam_turbine
62,74,0.0,natural_gas_steam_turbine
49,74,0.0,natural_gas_steam_turbine
48,74,0.0,natural_gas_steam_turbine
21,74,0.0,natural_gas_steam_turbine
79,74,0.0,nuclear
10,74,1016.1806200000001,onshore_wind_turbine
23,74,10155.53,onshore_wind_turbine
31,74,7542.428319999995,onshore_wind_turbine
38,74,2831.72925,onshore_wind_turbine
50,74,4620.2771999999995,onshore_wind_turbine
63,74,293.6550397984,onshore_wind_turbine
80,74,1461.8203599999997,onshore_wind_turbine
94,74,18017.5422,onshore_wind_turbine
105,74,2515.544920854,onshore_wind_turbine
124,74,25537.281902363004,onshore_wind_turbine
136,74,1691.8278300000002,onshore_wind_turbine
144,74,10091.57814,onshore_wind_turbine
11,74,0.0,small_hydroelectric
24,74,0.0,small_hydroelectric
32,74,0.0,small_hydroelectric
39,74,0.0,small_hydroelectric
51,74,0.0,small_hydroelectric
64,74,0.0,small_hydroelectric
81,74,0.0,small_hydroelectric
95,74,0.0,small_hydroelectric
106,74,0.0,small_hydroelectric
125,74,0.0,small_hydroelectric
137,74,0.0,small_hydroelectric
145,74,0.0,small_hydroelectric
12,74,0.0,solar_photovoltaic
25,74,0.0,solar_photovoltaic
33,74,0.0,solar_photovoltaic
52,74,0.0,solar_photovoltaic
65,74,0.0,solar_photovoltaic
82,74,0.0,solar_photovoltaic
96,74,0.0,solar_photovoltaic
107,74,0.0,solar_photovoltaic
126,74,0.0,solar_photovoltaic
138,74,0.0,solar_photovoltaic
26,75,0.0,biomass
13,75,0.0,biomass
108,75,0.0,biomass
40,75,0.0,biomass
97,75,0.0,biomass
1,75,0.0,biomass
66,75,0.0,biomass
2,75,0.0,conventional_hydroelectric
14,75,0.0,conventional_hydroelectric
27,75,0.0,conventional_hydroelectric
35,75,0.0,conventional_hydroelectric
54,75,0.0,conventional_hydroelectric
67,75,0.0,conventional_hydroelectric
84,75,0.0,conventional_hydroelectric
109,75,0.0,conventional_hydroelectric
128,75,0.0,conventional_hydroelectric
139,75,0.0,conventional_hydroelectric
110,75,0.0,conventional_steam_coal
41,75,0.0,conventional_steam_coal
3,75,0.0,conventional_steam_coal
36,75,0.0,conventional_steam_coal
85,75,0.0,conventional_steam_coal
28,75,0.0,geothermal
116,75,0.0,natural_gas_fired_combined_cycle
73,75,0.0,natural_gas_fired_combined_cycle
71,75,0.0,natural_gas_fired_combined_cycle
44,75,0.0,natural_gas_fired_combined_cycle
115,75,0.0,natural_gas_fired_combined_cycle
70,75,0.0,natural_gas_fired_combined_cycle
131,75,0.0,natural_gas_fired_combined_cycle
18,75,0.0,natural_gas_fired_combined_cycle
72,75,0.0,natural_gas_fired_combined_cycle
114,75,0.0,natural_gas_fired_combined_cycle
45,75,0.0,natural_gas_fired_combined_cycle
78,75,0.0,natural_gas_fired_combustion_turbine
75,75,0.0,natural_gas_fired_combustion_turbine
119,75,0.0,natural_gas_fired_combustion_turbine
117,75,0.0,natural_gas_fired_combustion_turbine
134,75,0.0,natural_gas_fired_combustion_turbine
103,75,0.0,natural_gas_fired_combustion_turbine
47,75,0.0,natural_gas_fired_combustion_turbine
8,75,0.0,natural_gas_fired_combustion_turbine
90,75,0.0,natural_gas_fired_combustion_turbine
60,75,0.0,natural_gas_fired_combustion_turbine
46,75,0.0,natural_gas_fired_combustion_turbine
37,75,0.0,natural_gas_fired_combustion_turbine
7,75,0.0,natural_gas_fired_combustion_turbine
133,75,0.0,natural_gas_fired_combustion_turbine
74,75,0.0,natural_gas_fired_combustion_turbine
20,75,0.0,natural_gas_fired_combustion_turbine
135,75,0.0,natural_gas_fired_combustion_turbine
142,75,0.0,natural_gas_fired_combustion_turbine
121,75,0.0,natural_gas_fired_combustion_turbine
91,75,0.0,natural_gas_fired_combustion_turbine
22,75,0.0,natural_gas_steam_turbine
123,75,0.0,natural_gas_steam_turbine
62,75,0.0,natural_gas_steam_turbine
49,75,0.0,natural_gas_steam_turbine
48,75,0.0,natural_gas_steam_turbine
21,75,0.0,natural_gas_steam_turbine
79,75,0.0,nuclear
10,75,1130.7305800000001,onshore_wind_turbine
23,75,9568.559,onshore_wind_turbine
31,75,7452.185160000001,onshore_wind_turbine
38,75,3352.0630499999997,onshore_wind_turbine
50,75,4592.501339999999,onshore_wind_turbine
63,75,228.15296002239998,onshore_wind_turbine
80,75,1041.7677199999998,onshore_wind_turbine
94,75,12839.1998,onshore_wind_turbine
105,75,2738.689240497,onshore_wind_turbine
124,75,25392.588327059802,onshore_wind_turbine
136,75,1623.47115,onshore_wind_turbine
144,75,11884.531049999998,onshore_wind_turbine
11,75,0.0,small_hydroelectric
24,75,0.0,small_hydroelectric
32,75,0.0,small_hydroelectric
39,75,0.0,small_hydroelectric
51,75,0.0,small_hydroelectric
64,75,0.0,small_hydroelectric
81,75,0.0,small_hydroelectric
95,75,0.0,small_hydroelectric
106,75,0.0,small_hydroelectric
125,75,0.0,small_hydroelectric
137,75,0.0,small_hydroelectric
145,75,0.0,small_hydroelectric
12,75,0.0,solar_photovoltaic
25,75,0.0,solar_photovoltaic
33,75,0.0,solar_photovoltaic
52,75,0.0,solar_photovoltaic
65,75,0.0,solar_photovoltaic
82,75,0.0,solar_photovoltaic
96,75,0.0,solar_photovoltaic
107,75,0.0,solar_photovoltaic
126,75,0.0,solar_photovoltaic
138,75,0.0,solar_photovoltaic
26,76,0.0,biomass
13,76,0.0,biomass
108,76,0.0,biomass
40,76,0.0,biomass
97,76,0.0,biomass
1,76,0.0,biomass
66,76,0.0,biomass
2,76,0.0,conventional_hydroelectric
14,76,0.0,conventional_hydroelectric
27,76,0.0,conventional_hydroelectric
35,76,0.0,conventional_hydroelectric
54,76,0.0,conventional_hydroelectric
67,76,0.0,conventional_hydroelectric
84,76,0.0,conventional_hydroelectric
109,76,0.0,conventional_hydroelectric
128,76,0.0,conventional_hydroelectric
139,76,0.0,conventional_hydroelectric
110,76,0.0,conventional_steam_coal
41,76,0.0,conventional_steam_coal
3,76,0.0,conventional_steam_coal
36,76,0.0,conventional_steam_coal
85,76,0.0,conventional_steam_coal
28,76,0.0,geothermal
116,76,0.0,natural_gas_fired_combined_cycle
73,76,0.0,natural_gas_fired_combined_cycle
71,76,0.0,natural_gas_fired_combined_cycle
44,76,0.0,natural_gas_fired_combined_cycle
115,76,0.0,natural_gas_fired_combined_cycle
70,76,0.0,natural_gas_fired_combined_cycle
131,76,0.0,natural_gas_fired_combined_cycle
18,76,0.0,natural_gas_fired_combined_cycle
72,76,0.0,natural_gas_fired_combined_cycle
114,76,0.0,natural_gas_fired_combined_cycle
45,76,0.0,natural_gas_fired_combined_cycle
78,76,0.0,natural_gas_fired_combustion_turbine
75,76,0.0,natural_gas_fired_combustion_turbine
119,76,0.0,natural_gas_fired_combustion_turbine
117,76,0.0,natural_gas_fired_combustion_turbine
134,76,0.0,natural_gas_fired_combustion_turbine
103,76,0.0,natural_gas_fired_combustion_turbine
47,76,0.0,natural_gas_fired_combustion_turbine
8,76,0.0,natural_gas_fired_combustion_turbine
90,76,0.0,natural_gas_fired_combustion_turbine
60,76,0.0,natural_gas_fired_combustion_turbine
46,76,0.0,natural_gas_fired_combustion_turbine
37,76,0.0,natural_gas_fired_combustion_turbine
7,76,0.0,natural_gas_fired_combustion_turbine
133,76,0.0,natural_gas_fired_combustion_turbine
74,76,0.0,natural_gas_fired_combustion_turbine
20,76,0.0,natural_gas_fired_combustion_turbine
135,76,0.0,natural_gas_fired_combustion_turbine
142,76,0.0,natural_gas_fired_combustion_turbine
121,76,0.0,natural_gas_fired_combustion_turbine
91,76,0.0,natural_gas_fired_combustion_turbine
22,76,0.0,natural_gas_steam_turbine
123,76,0.0,natural_gas_steam_turbine
62,76,0.0,natural_gas_steam_turbine
49,76,0.0,natural_gas_steam_turbine
48,76,0.0,natural_gas_steam_turbine
21,76,0.0,natural_gas_steam_turbine
79,76,0.0,nuclear
10,76,1295.17101,onshore_wind_turbine
23,76,6462.2712,onshore_wind_turbine
31,76,7473.55854,onshore_wind_turbine
38,76,0.0,onshore_wind_turbine
50,76,4697.50764,onshore_wind_turbine
63,76,348.45943993839995,onshore_wind_turbine
80,76,1949.7133599999997,onshore_wind_turbine
94,76,8352.2838,onshore_wind_turbine
105,76,2448.64648035,onshore_wind_turbine
124,76,6955.567089712116,onshore_wind_turbine
136,76,1746.6930600000003,onshore_wind_turbine
144,76,14038.66989,onshore_wind_turbine
11,76,0.0,small_hydroelectric
24,76,0.0,small_hydroelectric
32,76,0.0,small_hydroelectric
39,76,0.0,small_hydroelectric
51,76,0.0,small_hydroelectric
64,76,0.0,small_hydroelectric
81,76,0.0,small_hydroelectric
95,76,0.0,small_hydroelectric
106,76,0.0,small_hydroelectric
125,76,0.0,small_hydroelectric
137,76,0.0,small_hydroelectric
145,76,0.0,small_hydroelectric
12,76,0.0,solar_photovoltaic
25,76,0.0,solar_photovoltaic
33,76,0.0,solar_photovoltaic
52,76,0.0,solar_photovoltaic
65,76,0.0,solar_photovoltaic
82,76,0.0,solar_photovoltaic
96,76,0.0,solar_photovoltaic
107,76,0.0,solar_photovoltaic
126,76,0.0,solar_photovoltaic
138,76,0.0,solar_photovoltaic
26,77,0.0,biomass
13,77,0.0,biomass
108,77,0.0,biomass
40,77,0.0,biomass
97,77,0.0,biomass
1,77,0.0,biomass
66,77,0.0,biomass
2,77,0.0,conventional_hydroelectric
14,77,0.0,conventional_hydroelectric
27,77,0.0,conventional_hydroelectric
35,77,0.0,conventional_hydroelectric
54,77,0.0,conventional_hydroelectric
67,77,0.0,conventional_hydroelectric
84,77,0.0,conventional_hydroelectric
109,77,0.0,conventional_hydroelectric
128,77,0.0,conventional_hydroelectric
139,77,0.0,conventional_hydroelectric
110,77,0.0,conventional_steam_coal
41,77,0.0,conventional_steam_coal
3,77,0.0,conventional_steam_coal
36,77,0.0,conventional_steam_coal
85,77,0.0,conventional_steam_coal
28,77,0.0,geothermal
116,77,0.0,natural_gas_fired_combined_cycle
73,77,0.0,natural_gas_fired_combined_cycle
71,77,0.0,natural_gas_fired_combined_cycle
44,77,0.0,natural_gas_fired_combined_cycle
115,77,0.0,natural_gas_fired_combined_cycle
70,77,0.0,natural_gas_fired_combined_cycle
131,77,0.0,natural_gas_fired_combined_cycle
18,77,0.0,natural_gas_fired_combined_cycle
72,77,0.0,natural_gas_fired_combined_cycle
114,77,0.0,natural_gas_fired_combined_cycle
45,77,0.0,natural_gas_fired_combined_cycle
78,77,0.0,natural_gas_fired_combustion_turbine
75,77,0.0,natural_gas_fired_combustion_turbine
119,77,0.0,natural_gas_fired_combustion_turbine
117,77,0.0,natural_gas_fired_combustion_turbine
134,77,0.0,natural_gas_fired_combustion_turbine
103,77,0.0,natural_gas_fired_combustion_turbine
47,77,0.0,natural_gas_fired_combustion_turbine
8,77,0.0,natural_gas_fired_combustion_turbine
90,77,0.0,natural_gas_fired_combustion_turbine
60,77,0.0,natural_gas_fired_combustion_turbine
46,77,0.0,natural_gas_fired_combustion_turbine
37,77,0.0,natural_gas_fired_combustion_turbine
7,77,0.0,natural_gas_fired_combustion_turbine
133,77,0.0,natural_gas_fired_combustion_turbine
74,77,0.0,natural_gas_fired_combustion_turbine
20,77,0.0,natural_gas_fired_combustion_turbine
135,77,0.0,natural_gas_fired_combustion_turbine
142,77,0.0,natural_gas_fired_combustion_turbine
121,77,0.0,natural_gas_fired_combustion_turbine
91,77,0.0,natural_gas_fired_combustion_turbine
22,77,0.0,natural_gas_steam_turbine
123,77,0.0,natural_gas_steam_turbine
62,77,0.0,natural_gas_steam_turbine
49,77,0.0,natural_gas_steam_turbine
48,77,0.0,natural_gas_steam_turbine
21,77,0.0,natural_gas_steam_turbine
79,77,0.0,nuclear
10,77,1135.41344,onshore_wind_turbine
23,77,6523.763400000001,onshore_wind_turbine
31,77,6420.32587,onshore_wind_turbine
38,77,3060.6533999999997,onshore_wind_turbine
50,77,5145.3087,onshore_wind_turbine
63,77,562.9105999495999,onshore_wind_turbine
80,77,1388.4040799999998,onshore_wind_turbine
94,77,6373.6274,onshore_wind_turbine
105,77,2371.720399566,onshore_wind_turbine
124,77,25739.266492108403,onshore_wind_turbine
136,77,2059.6947000000005,onshore_wind_turbine
144,77,11506.0428,onshore_wind_turbine
11,77,0.0,small_hydroelectric
24,77,0.0,small_hydroelectric
32,77,0.0,small_hydroelectric
39,77,0.0,small_hydroelectric
51,77,0.0,small_hydroelectric
64,77,0.0,small_hydroelectric
81,77,0.0,small_hydroelectric
95,77,0.0,small_hydroelectric
106,77,0.0,small_hydroelectric
125,77,0.0,small_hydroelectric
137,77,0.0,small_hydroelectric
145,77,0.0,small_hydroelectric
12,77,0.0,solar_photovoltaic
25,77,0.0,solar_photovoltaic
33,77,0.0,solar_photovoltaic
52,77,0.0,solar_photovoltaic
65,77,0.0,solar_photovoltaic
82,77,0.0,solar_photovoltaic
96,77,0.0,solar_photovoltaic
107,77,0.0,solar_photovoltaic
126,77,0.0,solar_photovoltaic
138,77,0.0,solar_photovoltaic
26,78,0.0,biomass
13,78,0.0,biomass
108,78,0.0,biomass
40,78,0.0,biomass
97,78,0.0,biomass
1,78,0.0,biomass
66,78,0.0,biomass
2,78,0.0,conventional_hydroelectric
14,78,0.0,conventional_hydroelectric
27,78,0.0,conventional_hydroelectric
35,78,0.0,conventional_hydroelectric
54,78,0.0,conventional_hydroelectric
67,78,0.0,conventional_hydroelectric
84,78,0.0,conventional_hydroelectric
109,78,0.0,conventional_hydroelectric
128,78,0.0,conventional_hydroelectric
139,78,0.0,conventional_hydroelectric
110,78,0.0,conventional_steam_coal
41,78,0.0,conventional_steam_coal
3,78,0.0,conventional_steam_coal
36,78,0.0,conventional_steam_coal
85,78,0.0,conventional_steam_coal
28,78,0.0,geothermal
116,78,0.0,natural_gas_fired_combined_cycle
73,78,0.0,natural_gas_fired_combined_cycle
71,78,0.0,natural_gas_fired_combined_cycle
44,78,0.0,natural_gas_fired_combined_cycle
115,78,0.0,natural_gas_fired_combined_cycle
70,78,0.0,natural_gas_fired_combined_cycle
131,78,0.0,natural_gas_fired_combined_cycle
18,78,0.0,natural_gas_fired_combined_cycle
72,78,0.0,natural_gas_fired_combined_cycle
114,78,0.0,natural_gas_fired_combined_cycle
45,78,0.0,natural_gas_fired_combined_cycle
78,78,0.0,natural_gas_fired_combustion_turbine
75,78,0.0,natural_gas_fired_combustion_turbine
119,78,0.0,natural_gas_fired_combustion_turbine
117,78,0.0,natural_gas_fired_combustion_turbine
134,78,0.0,natural_gas_fired_combustion_turbine
103,78,0.0,natural_gas_fired_combustion_turbine
47,78,0.0,natural_gas_fired_combustion_turbine
8,78,0.0,natural_gas_fired_combustion_turbine
90,78,0.0,natural_gas_fired_combustion_turbine
60,78,0.0,natural_gas_fired_combustion_turbine
46,78,0.0,natural_gas_fired_combustion_turbine
37,78,0.0,natural_gas_fired_combustion_turbine
7,78,0.0,natural_gas_fired_combustion_turbine
133,78,0.0,natural_gas_fired_combustion_turbine
74,78,0.0,natural_gas_fired_combustion_turbine
20,78,0.0,natural_gas_fired_combustion_turbine
135,78,0.0,natural_gas_fired_combustion_turbine
142,78,0.0,natural_gas_fired_combustion_turbine
121,78,0.0,natural_gas_fired_combustion_turbine
91,78,0.0,natural_gas_fired_combustion_turbine
22,78,0.0,natural_gas_steam_turbine
123,78,0.0,natural_gas_steam_turbine
62,78,0.0,natural_gas_steam_turbine
49,78,0.0,natural_gas_steam_turbine
48,78,0.0,natural_gas_steam_turbine
21,78,0.0,natural_gas_steam_turbine
79,78,0.0,nuclear
10,78,879.4771300000001,onshore_wind_turbine
23,78,6944.891799999999,onshore_wind_turbine
31,78,5927.55072,onshore_wind_turbine
38,78,2869.7886,onshore_wind_turbine
50,78,4433.975699999999,onshore_wind_turbine
63,78,605.9667598991999,onshore_wind_turbine
80,78,1111.46672,onshore_wind_turbine
94,78,5597.6116,onshore_wind_turbine
105,78,2582.715518334,onshore_wind_turbine
124,78,23841.514420431406,onshore_wind_turbine
136,78,1634.2643100000003,onshore_wind_turbine
144,78,15063.832349999999,onshore_wind_turbine
11,78,0.0,small_hydroelectric
24,78,0.0,small_hydroelectric
32,78,0.0,small_hydroelectric
39,78,0.0,small_hydroelectric
51,78,0.0,small_hydroelectric
64,78,0.0,small_hydroelectric
81,78,0.0,small_hydroelectric
95,78,0.0,small_hydroelectric
106,78,0.0,small_hydroelectric
125,78,0.0,small_hydroelectric
137,78,0.0,small_hydroelectric
145,78,0.0,small_hydroelectric
12,78,0.0,solar_photovoltaic
25,78,0.0,solar_photovoltaic
33,78,0.0,solar_photovoltaic
52,78,0.0,solar_photovoltaic
65,78,0.0,solar_photovoltaic
82,78,0.0,solar_photovoltaic
96,78,0.0,solar_photovoltaic
107,78,0.0,solar_photovoltaic
126,78,0.0,solar_photovoltaic
138,78,0.0,solar_photovoltaic
26,79,11.234999999966195,biomass
13,79,15.682,biomass
108,79,137.08099999893483,biomass
40,79,5.952,biomass
97,79,178.173,biomass
1,79,16.293999999719297,biomass
66,79,228.795,biomass
2,79,229.2881640000012,conventional_hydroelectric
14,79,39.043531999999914,conventional_hydroelectric
27,79,117.12063599999999,conventional_hydroelectric
35,79,207.30212800000118,conventional_hydroelectric
54,79,86.27028300000066,conventional_hydroelectric
67,79,603.742581,conventional_hydroelectric
84,79,2411.3971739999997,conventional_hydroelectric
109,79,104.8319415234,conventional_hydroelectric
128,79,12.599400000000003,conventional_hydroelectric
139,79,19.330368,conventional_hydroelectric
110,79,0.0,conventional_steam_coal
41,79,0.0,conventional_steam_coal
3,79,0.0,conventional_steam_coal
36,79,0.0,conventional_steam_coal
85,79,0.0,conventional_steam_coal
28,79,74.36399999971475,geothermal
116,79,0.0,natural_gas_fired_combined_cycle
73,79,0.0,natural_gas_fired_combined_cycle
71,79,0.0,natural_gas_fired_combined_cycle
44,79,0.0,natural_gas_fired_combined_cycle
115,79,0.0,natural_gas_fired_combined_cycle
70,79,0.0,natural_gas_fired_combined_cycle
131,79,0.0,natural_gas_fired_combined_cycle
18,79,0.0,natural_gas_fired_combined_cycle
72,79,0.0,natural_gas_fired_combined_cycle
114,79,0.0,natural_gas_fired_combined_cycle
45,79,0.0,natural_gas_fired_combined_cycle
78,79,0.0,natural_gas_fired_combustion_turbine
75,79,0.0,natural_gas_fired_combustion_turbine
119,79,0.0,natural_gas_fired_combustion_turbine
117,79,0.0,natural_gas_fired_combustion_turbine
134,79,0.0,natural_gas_fired_combustion_turbine
103,79,0.0,natural_gas_fired_combustion_turbine
47,79,0.0,natural_gas_fired_combustion_turbine
8,79,0.0,natural_gas_fired_combustion_turbine
90,79,0.0,natural_gas_fired_combustion_turbine
60,79,0.0,natural_gas_fired_combustion_turbine
46,79,0.0,natural_gas_fired_combustion_turbine
37,79,0.0,natural_gas_fired_combustion_turbine
7,79,0.0,natural_gas_fired_combustion_turbine
133,79,0.0,natural_gas_fired_combustion_turbine
74,79,0.0,natural_gas_fired_combustion_turbine
20,79,0.0,natural_gas_fired_combustion_turbine
135,79,0.0,natural_gas_fired_combustion_turbine
142,79,0.0,natural_gas_fired_combustion_turbine
121,79,0.0,natural_gas_fired_combustion_turbine
91,79,0.0,natural_gas_fired_combustion_turbine
22,79,0.0,natural_gas_steam_turbine
123,79,0.0,natural_gas_steam_turbine
62,79,0.0,natural_gas_steam_turbine
49,79,0.0,natural_gas_steam_turbine
48,79,0.0,natural_gas_steam_turbine
21,79,0.0,natural_gas_steam_turbine
79,79,0.0,nuclear
10,79,1005.3740200000001,onshore_wind_turbine
23,79,9007.6756,onshore_wind_turbine
31,79,4002.7591100000004,onshore_wind_turbine
38,79,3132.7957499999998,onshore_wind_turbine
50,79,4292.38656,onshore_wind_turbine
63,79,520.1461998880001,onshore_wind_turbine
80,79,1761.0613999999998,onshore_wind_turbine
94,79,6083.0812,onshore_wind_turbine
105,79,2681.955779874,onshore_wind_turbine
124,79,24935.088303309803,onshore_wind_turbine
136,79,1859.12181,onshore_wind_turbine
144,79,14449.599989999999,onshore_wind_turbine
11,79,19.125,small_hydroelectric
24,79,62.577,small_hydroelectric
32,79,192.0,small_hydroelectric
39,79,52.9,small_hydroelectric
51,79,25.640999999899254,small_hydroelectric
64,79,6.12799999998826,small_hydroelectric
81,79,241.672,small_hydroelectric
95,79,418.922,small_hydroelectric
106,79,31.6139999998787,small_hydroelectric
125,79,100.697,small_hydroelectric
137,79,36.822,small_hydroelectric
145,79,33.2099999998715,small_hydroelectric
12,79,265.54248,solar_photovoltaic
25,79,833.6354599999999,solar_photovoltaic
33,79,0.0,solar_photovoltaic
52,79,1497.78706,solar_photovoltaic
65,79,0.0,solar_photovoltaic
82,79,0.0,solar_photovoltaic
96,79,0.0,solar_photovoltaic
107,79,0.0,solar_photovoltaic
126,79,0.0,solar_photovoltaic
138,79,0.0,solar_photovoltaic
26,80,0.0,biomass
13,80,0.0,biomass
108,80,0.0,biomass
40,80,0.0,biomass
97,80,0.0,biomass
1,80,0.0,biomass
66,80,0.0,biomass
2,80,0.0,conventional_hydroelectric
14,80,0.0,conventional_hydroelectric
27,80,0.0,conventional_hydroelectric
35,80,0.0,conventional_hydroelectric
54,80,0.0,conventional_hydroelectric
67,80,0.0,conventional_hydroelectric
84,80,0.0,conventional_hydroelectric
109,80,0.0,conventional_hydroelectric
128,80,0.0,conventional_hydroelectric
139,80,0.0,conventional_hydroelectric
110,80,0.0,conventional_steam_coal
41,80,0.0,conventional_steam_coal
3,80,0.0,conventional_steam_coal
36,80,0.0,conventional_steam_coal
85,80,0.0,conventional_steam_coal
28,80,0.0,geothermal
116,80,0.0,natural_gas_fired_combined_cycle
73,80,0.0,natural_gas_fired_combined_cycle
71,80,0.0,natural_gas_fired_combined_cycle
44,80,0.0,natural_gas_fired_combined_cycle
115,80,0.0,natural_gas_fired_combined_cycle
70,80,0.0,natural_gas_fired_combined_cycle
131,80,0.0,natural_gas_fired_combined_cycle
18,80,0.0,natural_gas_fired_combined_cycle
72,80,0.0,natural_gas_fired_combined_cycle
114,80,0.0,natural_gas_fired_combined_cycle
45,80,0.0,natural_gas_fired_combined_cycle
78,80,0.0,natural_gas_fired_combustion_turbine
75,80,0.0,natural_gas_fired_combustion_turbine
119,80,0.0,natural_gas_fired_combustion_turbine
117,80,0.0,natural_gas_fired_combustion_turbine
134,80,0.0,natural_gas_fired_combustion_turbine
103,80,0.0,natural_gas_fired_combustion_turbine
47,80,0.0,natural_gas_fired_combustion_turbine
8,80,0.0,natural_gas_fired_combustion_turbine
90,80,0.0,natural_gas_fired_combustion_turbine
60,80,0.0,natural_gas_fired_combustion_turbine
46,80,0.0,natural_gas_fired_combustion_turbine
37,80,0.0,natural_gas_fired_combustion_turbine
7,80,0.0,natural_gas_fired_combustion_turbine
133,80,0.0,natural_gas_fired_combustion_turbine
74,80,0.0,natural_gas_fired_combustion_turbine
20,80,0.0,natural_gas_fired_combustion_turbine
135,80,0.0,natural_gas_fired_combustion_turbine
142,80,0.0,natural_gas_fired_combustion_turbine
121,80,0.0,natural_gas_fired_combustion_turbine
91,80,0.0,natural_gas_fired_combustion_turbine
22,80,0.0,natural_gas_steam_turbine
123,80,0.0,natural_gas_steam_turbine
62,80,0.0,natural_gas_steam_turbine
49,80,0.0,natural_gas_steam_turbine
48,80,0.0,natural_gas_steam_turbine
21,80,0.0,natural_gas_steam_turbine
79,80,0.0,nuclear
10,80,993.3066500000001,onshore_wind_turbine
23,80,7865.4114,onshore_wind_turbine
31,80,2102.9031099999997,onshore_wind_turbine
38,80,3133.3638,onshore_wind_turbine
50,80,4207.026599999999,onshore_wind_turbine
63,80,598.1799599944,onshore_wind_turbine
80,80,2104.9098,onshore_wind_turbine
94,80,6241.2266,onshore_wind_turbine
105,80,2832.152820105,onshore_wind_turbine
124,80,21294.432531556802,onshore_wind_turbine
136,80,2350.21059,onshore_wind_turbine
144,80,14228.99541,onshore_wind_turbine
11,80,0.0,small_hydroelectric
24,80,0.0,small_hydroelectric
32,80,0.0,small_hydroelectric
39,80,0.0,small_hydroelectric
51,80,0.0,small_hydroelectric
64,80,0.0,small_hydroelectric
81,80,0.0,small_hydroelectric
95,80,0.0,small_hydroelectric
106,80,0.0,small_hydroelectric
125,80,0.0,small_hydroelectric
137,80,0.0,small_hydroelectric
145,80,0.0,small_hydroelectric
12,80,4531.1716799999995,solar_photovoltaic
25,80,1737.8926599999998,solar_photovoltaic
33,80,30.632699999999996,solar_photovoltaic
52,80,3404.0615000000003,solar_photovoltaic
65,80,5955.4189751371,solar_photovoltaic
82,80,2347.0169100000003,solar_photovoltaic
96,80,38.34873,solar_photovoltaic
107,80,6076.393963310993,solar_photovoltaic
126,80,9513.673956090499,solar_photovoltaic
138,80,1140.6117799999997,solar_photovoltaic
26,81,0.0,biomass
13,81,0.0,biomass
108,81,0.0,biomass
40,81,0.0,biomass
97,81,0.0,biomass
1,81,0.0,biomass
66,81,0.0,biomass
2,81,0.0,conventional_hydroelectric
14,81,0.0,conventional_hydroelectric
27,81,0.0,conventional_hydroelectric
35,81,0.0,conventional_hydroelectric
54,81,0.0,conventional_hydroelectric
67,81,0.0,conventional_hydroelectric
84,81,0.0,conventional_hydroelectric
109,81,0.0,conventional_hydroelectric
128,81,0.0,conventional_hydroelectric
139,81,0.0,conventional_hydroelectric
110,81,0.0,conventional_steam_coal
41,81,0.0,conventional_steam_coal
3,81,0.0,conventional_steam_coal
36,81,0.0,conventional_steam_coal
85,81,0.0,conventional_steam_coal
28,81,0.0,geothermal
116,81,0.0,natural_gas_fired_combined_cycle
73,81,0.0,natural_gas_fired_combined_cycle
71,81,0.0,natural_gas_fired_combined_cycle
44,81,0.0,natural_gas_fired_combined_cycle
115,81,0.0,natural_gas_fired_combined_cycle
70,81,0.0,natural_gas_fired_combined_cycle
131,81,0.0,natural_gas_fired_combined_cycle
18,81,0.0,natural_gas_fired_combined_cycle
72,81,0.0,natural_gas_fired_combined_cycle
114,81,0.0,natural_gas_fired_combined_cycle
45,81,0.0,natural_gas_fired_combined_cycle
78,81,0.0,natural_gas_fired_combustion_turbine
75,81,0.0,natural_gas_fired_combustion_turbine
119,81,0.0,natural_gas_fired_combustion_turbine
117,81,0.0,natural_gas_fired_combustion_turbine
134,81,0.0,natural_gas_fired_combustion_turbine
103,81,0.0,natural_gas_fired_combustion_turbine
47,81,0.0,natural_gas_fired_combustion_turbine
8,81,0.0,natural_gas_fired_combustion_turbine
90,81,0.0,natural_gas_fired_combustion_turbine
60,81,0.0,natural_gas_fired_combustion_turbine
46,81,0.0,natural_gas_fired_combustion_turbine
37,81,0.0,natural_gas_fired_combustion_turbine
7,81,0.0,natural_gas_fired_combustion_turbine
133,81,0.0,natural_gas_fired_combustion_turbine
74,81,0.0,natural_gas_fired_combustion_turbine
20,81,0.0,natural_gas_fired_combustion_turbine
135,81,0.0,natural_gas_fired_combustion_turbine
142,81,0.0,natural_gas_fired_combustion_turbine
121,81,0.0,natural_gas_fired_combustion_turbine
91,81,0.0,natural_gas_fired_combustion_turbine
22,81,0.0,natural_gas_steam_turbine
123,81,0.0,natural_gas_steam_turbine
62,81,0.0,natural_gas_steam_turbine
49,81,0.0,natural_gas_steam_turbine
48,81,0.0,natural_gas_steam_turbine
21,81,0.0,natural_gas_steam_turbine
79,81,0.0,nuclear
10,81,924.32452,onshore_wind_turbine
23,81,8318.217599999998,onshore_wind_turbine
31,81,1399.95639,onshore_wind_turbine
38,81,3009.5289000000002,onshore_wind_turbine
50,81,3747.0312599999997,onshore_wind_turbine
63,81,576.0174003415999,onshore_wind_turbine
80,81,1984.0981999999997,onshore_wind_turbine
94,81,0.0,onshore_wind_turbine
105,81,2751.954100371,onshore_wind_turbine
124,81,14565.4863105986,onshore_wind_turbine
136,81,1823.14461,onshore_wind_turbine
144,81,14350.111649999999,onshore_wind_turbine
11,81,0.0,small_hydroelectric
24,81,0.0,small_hydroelectric
32,81,0.0,small_hydroelectric
39,81,0.0,small_hydroelectric
51,81,0.0,small_hydroelectric
64,81,0.0,small_hydroelectric
81,81,0.0,small_hydroelectric
95,81,0.0,small_hydroelectric
106,81,0.0,small_hydroelectric
125,81,0.0,small_hydroelectric
137,81,0.0,small_hydroelectric
145,81,0.0,small_hydroelectric
12,81,7720.506359999999,solar_photovoltaic
25,81,2294.2724,solar_photovoltaic
33,81,233.61835000000002,solar_photovoltaic
52,81,4451.89038,solar_photovoltaic
65,81,11726.8400966913,solar_photovoltaic
82,81,0.0,solar_photovoltaic
96,81,446.81413,solar_photovoltaic
107,81,11497.274608848002,solar_photovoltaic
126,81,20372.128853149497,solar_photovoltaic
138,81,2393.54962,solar_photovoltaic
26,82,0.0,biomass
13,82,0.0,biomass
108,82,0.0,biomass
40,82,0.0,biomass
97,82,0.0,biomass
1,82,0.0,biomass
66,82,0.0,biomass
2,82,0.0,conventional_hydroelectric
14,82,0.0,conventional_hydroelectric
27,82,0.0,conventional_hydroelectric
35,82,0.0,conventional_hydroelectric
54,82,0.0,conventional_hydroelectric
67,82,0.0,conventional_hydroelectric
84,82,0.0,conventional_hydroelectric
109,82,0.0,conventional_hydroelectric
128,82,0.0,conventional_hydroelectric
139,82,0.0,conventional_hydroelectric
110,82,0.0,conventional_steam_coal
41,82,0.0,conventional_steam_coal
3,82,0.0,conventional_steam_coal
36,82,0.0,conventional_steam_coal
85,82,0.0,conventional_steam_coal
28,82,0.0,geothermal
116,82,0.0,natural_gas_fired_combined_cycle
73,82,0.0,natural_gas_fired_combined_cycle
71,82,0.0,natural_gas_fired_combined_cycle
44,82,0.0,natural_gas_fired_combined_cycle
115,82,0.0,natural_gas_fired_combined_cycle
70,82,0.0,natural_gas_fired_combined_cycle
131,82,0.0,natural_gas_fired_combined_cycle
18,82,0.0,natural_gas_fired_combined_cycle
72,82,0.0,natural_gas_fired_combined_cycle
114,82,0.0,natural_gas_fired_combined_cycle
45,82,0.0,natural_gas_fired_combined_cycle
78,82,0.0,natural_gas_fired_combustion_turbine
75,82,0.0,natural_gas_fired_combustion_turbine
119,82,0.0,natural_gas_fired_combustion_turbine
117,82,0.0,natural_gas_fired_combustion_turbine
134,82,0.0,natural_gas_fired_combustion_turbine
103,82,0.0,natural_gas_fired_combustion_turbine
47,82,0.0,natural_gas_fired_combustion_turbine
8,82,0.0,natural_gas_fired_combustion_turbine
90,82,0.0,natural_gas_fired_combustion_turbine
60,82,0.0,natural_gas_fired_combustion_turbine
46,82,0.0,natural_gas_fired_combustion_turbine
37,82,0.0,natural_gas_fired_combustion_turbine
7,82,0.0,natural_gas_fired_combustion_turbine
133,82,0.0,natural_gas_fired_combustion_turbine
74,82,0.0,natural_gas_fired_combustion_turbine
20,82,0.0,natural_gas_fired_combustion_turbine
135,82,0.0,natural_gas_fired_combustion_turbine
142,82,0.0,natural_gas_fired_combustion_turbine
121,82,0.0,natural_gas_fired_combustion_turbine
91,82,0.0,natural_gas_fired_combustion_turbine
22,82,0.0,natural_gas_steam_turbine
123,82,0.0,natural_gas_steam_turbine
62,82,0.0,natural_gas_steam_turbine
49,82,0.0,natural_gas_steam_turbine
48,82,0.0,natural_gas_steam_turbine
21,82,0.0,natural_gas_steam_turbine
79,82,0.0,nuclear
10,82,0.0,onshore_wind_turbine
23,82,0.0,onshore_wind_turbine
31,82,0.0,onshore_wind_turbine
38,82,0.0,onshore_wind_turbine
50,82,3940.905745666176,onshore_wind_turbine
63,82,0.0,onshore_wind_turbine
80,82,0.0,onshore_wind_turbine
94,82,0.0,onshore_wind_turbine
105,82,2828.242899846,onshore_wind_turbine
124,82,20860.419498534004,onshore_wind_turbine
136,82,0.0,onshore_wind_turbine
144,82,14417.158139999998,onshore_wind_turbine
11,82,0.0,small_hydroelectric
24,82,0.0,small_hydroelectric
32,82,0.0,small_hydroelectric
39,82,0.0,small_hydroelectric
51,82,0.0,small_hydroelectric
64,82,0.0,small_hydroelectric
81,82,0.0,small_hydroelectric
95,82,0.0,small_hydroelectric
106,82,0.0,small_hydroelectric
125,82,0.0,small_hydroelectric
137,82,0.0,small_hydroelectric
145,82,0.0,small_hydroelectric
12,82,0.0,solar_photovoltaic
25,82,2432.5265999999997,solar_photovoltaic
33,82,0.0,solar_photovoltaic
52,82,0.0,solar_photovoltaic
65,82,16002.724577549501,solar_photovoltaic
82,82,10328.43518,solar_photovoltaic
96,82,0.0,solar_photovoltaic
107,82,14782.079411834,solar_photovoltaic
126,82,27608.392851686498,solar_photovoltaic
138,82,0.0,solar_photovoltaic
26,83,0.0,biomass
13,83,0.0,biomass
108,83,0.0,biomass
40,83,0.0,biomass
97,83,0.0,biomass
1,83,0.0,biomass
66,83,0.0,biomass
2,83,0.0,conventional_hydroelectric
14,83,0.0,conventional_hydroelectric
27,83,0.0,conventional_hydroelectric
35,83,0.0,conventional_hydroelectric
54,83,0.0,conventional_hydroelectric
67,83,0.0,conventional_hydroelectric
84,83,0.0,conventional_hydroelectric
109,83,0.0,conventional_hydroelectric
128,83,0.0,conventional_hydroelectric
139,83,0.0,conventional_hydroelectric
110,83,0.0,conventional_steam_coal
41,83,0.0,conventional_steam_coal
3,83,0.0,conventional_steam_coal
36,83,0.0,conventional_steam_coal
85,83,0.0,conventional_steam_coal
28,83,0.0,geothermal
116,83,0.0,natural_gas_fired_combined_cycle
73,83,0.0,natural_gas_fired_combined_cycle
71,83,0.0,natural_gas_fired_combined_cycle
44,83,0.0,natural_gas_fired_combined_cycle
115,83,0.0,natural_gas_fired_combined_cycle
70,83,0.0,natural_gas_fired_combined_cycle
131,83,0.0,natural_gas_fired_combined_cycle
18,83,0.0,natural_gas_fired_combined_cycle
72,83,0.0,natural_gas_fired_combined_cycle
114,83,0.0,natural_gas_fired_combined_cycle
45,83,0.0,natural_gas_fired_combined_cycle
78,83,0.0,natural_gas_fired_combustion_turbine
75,83,0.0,natural_gas_fired_combustion_turbine
119,83,0.0,natural_gas_fired_combustion_turbine
117,83,0.0,natural_gas_fired_combustion_turbine
134,83,0.0,natural_gas_fired_combustion_turbine
103,83,0.0,natural_gas_fired_combustion_turbine
47,83,0.0,natural_gas_fired_combustion_turbine
8,83,0.0,natural_gas_fired_combustion_turbine
90,83,0.0,natural_gas_fired_combustion_turbine
60,83,0.0,natural_gas_fired_combustion_turbine
46,83,0.0,natural_gas_fired_combustion_turbine
37,83,0.0,natural_gas_fired_combustion_turbine
7,83,0.0,natural_gas_fired_combustion_turbine
133,83,0.0,natural_gas_fired_combustion_turbine
74,83,0.0,natural_gas_fired_combustion_turbine
20,83,0.0,natural_gas_fired_combustion_turbine
135,83,0.0,natural_gas_fired_combustion_turbine
142,83,0.0,natural_gas_fired_combustion_turbine
121,83,0.0,natural_gas_fired_combustion_turbine
91,83,0.0,natural_gas_fired_combustion_turbine
22,83,0.0,natural_gas_steam_turbine
123,83,0.0,natural_gas_steam_turbine
62,83,0.0,natural_gas_steam_turbine
49,83,0.0,natural_gas_steam_turbine
48,83,0.0,natural_gas_steam_turbine
21,83,0.0,natural_gas_steam_turbine
79,83,0.0,nuclear
10,83,1339.8382900000001,onshore_wind_turbine
23,83,8111.3802000000005,onshore_wind_turbine
31,83,0.0,onshore_wind_turbine
38,83,2110.8738,onshore_wind_turbine
50,83,4921.7469,onshore_wind_turbine
63,83,404.67923982639877,onshore_wind_turbine
80,83,2536.1142799999993,onshore_wind_turbine
94,83,11518.8696,onshore_wind_turbine
105,83,2407.558580322,onshore_wind_turbine
124,83,0.0,onshore_wind_turbine
136,83,1725.1067400000002,onshore_wind_turbine
144,83,13876.460639999998,onshore_wind_turbine
11,83,0.0,small_hydroelectric
24,83,0.0,small_hydroelectric
32,83,0.0,small_hydroelectric
39,83,0.0,small_hydroelectric
51,83,0.0,small_hydroelectric
64,83,0.0,small_hydroelectric
81,83,0.0,small_hydroelectric
95,83,0.0,small_hydroelectric
106,83,0.0,small_hydroelectric
125,83,0.0,small_hydroelectric
137,83,0.0,small_hydroelectric
145,83,0.0,small_hydroelectric
12,83,10555.31358,solar_photovoltaic
25,83,2551.7241399999994,solar_photovoltaic
33,83,624.2733000000001,solar_photovoltaic
52,83,5382.2186599999995,solar_photovoltaic
65,83,0.0,solar_photovoltaic
82,83,11951.642220000002,solar_photovoltaic
96,83,962.3915000000001,solar_photovoltaic
107,83,0.0,solar_photovoltaic
126,83,28728.086439851606,solar_photovoltaic
138,83,3051.9812399999996,solar_photovoltaic
26,84,0.0,biomass
13,84,0.0,biomass
108,84,0.0,biomass
40,84,0.0,biomass
97,84,0.0,biomass
1,84,0.0,biomass
66,84,0.0,biomass
2,84,0.0,conventional_hydroelectric
14,84,0.0,conventional_hydroelectric
27,84,0.0,conventional_hydroelectric
35,84,0.0,conventional_hydroelectric
54,84,0.0,conventional_hydroelectric
67,84,0.0,conventional_hydroelectric
84,84,0.0,conventional_hydroelectric
109,84,0.0,conventional_hydroelectric
128,84,0.0,conventional_hydroelectric
139,84,0.0,conventional_hydroelectric
110,84,0.0,conventional_steam_coal
41,84,0.0,conventional_steam_coal
3,84,0.0,conventional_steam_coal
36,84,0.0,conventional_steam_coal
85,84,0.0,conventional_steam_coal
28,84,0.0,geothermal
116,84,0.0,natural_gas_fired_combined_cycle
73,84,0.0,natural_gas_fired_combined_cycle
71,84,0.0,natural_gas_fired_combined_cycle
44,84,0.0,natural_gas_fired_combined_cycle
115,84,0.0,natural_gas_fired_combined_cycle
70,84,0.0,natural_gas_fired_combined_cycle
131,84,0.0,natural_gas_fired_combined_cycle
18,84,0.0,natural_gas_fired_combined_cycle
72,84,0.0,natural_gas_fired_combined_cycle
114,84,0.0,natural_gas_fired_combined_cycle
45,84,0.0,natural_gas_fired_combined_cycle
78,84,0.0,natural_gas_fired_combustion_turbine
75,84,0.0,natural_gas_fired_combustion_turbine
119,84,0.0,natural_gas_fired_combustion_turbine
117,84,0.0,natural_gas_fired_combustion_turbine
134,84,0.0,natural_gas_fired_combustion_turbine
103,84,0.0,natural_gas_fired_combustion_turbine
47,84,0.0,natural_gas_fired_combustion_turbine
8,84,0.0,natural_gas_fired_combustion_turbine
90,84,0.0,natural_gas_fired_combustion_turbine
60,84,0.0,natural_gas_fired_combustion_turbine
46,84,0.0,natural_gas_fired_combustion_turbine
37,84,0.0,natural_gas_fired_combustion_turbine
7,84,0.0,natural_gas_fired_combustion_turbine
133,84,0.0,natural_gas_fired_combustion_turbine
74,84,0.0,natural_gas_fired_combustion_turbine
20,84,0.0,natural_gas_fired_combustion_turbine
135,84,0.0,natural_gas_fired_combustion_turbine
142,84,0.0,natural_gas_fired_combustion_turbine
121,84,0.0,natural_gas_fired_combustion_turbine
91,84,0.0,natural_gas_fired_combustion_turbine
22,84,0.0,natural_gas_steam_turbine
123,84,0.0,natural_gas_steam_turbine
62,84,0.0,natural_gas_steam_turbine
49,84,0.0,natural_gas_steam_turbine
48,84,0.0,natural_gas_steam_turbine
21,84,0.0,natural_gas_steam_turbine
79,84,0.0,nuclear
10,84,0.0,onshore_wind_turbine
23,84,0.0,onshore_wind_turbine
31,84,0.0,onshore_wind_turbine
38,84,0.0,onshore_wind_turbine
50,84,0.0,onshore_wind_turbine
63,84,0.0,onshore_wind_turbine
80,84,0.0,onshore_wind_turbine
94,84,16443.4438,onshore_wind_turbine
105,84,0.0,onshore_wind_turbine
124,84,24221.225434205804,onshore_wind_turbine
136,84,0.0,onshore_wind_turbine
144,84,0.0,onshore_wind_turbine
11,84,0.0,small_hydroelectric
24,84,0.0,small_hydroelectric
32,84,0.0,small_hydroelectric
39,84,0.0,small_hydroelectric
51,84,0.0,small_hydroelectric
64,84,0.0,small_hydroelectric
81,84,0.0,small_hydroelectric
95,84,0.0,small_hydroelectric
106,84,0.0,small_hydroelectric
125,84,0.0,small_hydroelectric
137,84,0.0,small_hydroelectric
145,84,0.0,small_hydroelectric
12,84,0.0,solar_photovoltaic
25,84,0.0,solar_photovoltaic
33,84,0.0,solar_photovoltaic
52,84,0.0,solar_photovoltaic
65,84,18240.5863057942,solar_photovoltaic
82,84,12724.226340000001,solar_photovoltaic
96,84,0.0,solar_photovoltaic
107,84,0.0,solar_photovoltaic
126,84,0.0,solar_photovoltaic
138,84,0.0,solar_photovoltaic
26,85,0.0,biomass
13,85,0.0,biomass
108,85,0.0,biomass
40,85,0.0,biomass
97,85,0.0,biomass
1,85,0.0,biomass
66,85,0.0,biomass
2,85,0.0,conventional_hydroelectric
14,85,0.0,conventional_hydroelectric
27,85,0.0,conventional_hydroelectric
35,85,0.0,conventional_hydroelectric
54,85,0.0,conventional_hydroelectric
67,85,0.0,conventional_hydroelectric
84,85,0.0,conventional_hydroelectric
109,85,0.0,conventional_hydroelectric
128,85,0.0,conventional_hydroelectric
139,85,0.0,conventional_hydroelectric
110,85,0.0,conventional_steam_coal
41,85,0.0,conventional_steam_coal
3,85,0.0,conventional_steam_coal
36,85,0.0,conventional_steam_coal
85,85,0.0,conventional_steam_coal
28,85,0.0,geothermal
116,85,0.0,natural_gas_fired_combined_cycle
73,85,0.0,natural_gas_fired_combined_cycle
71,85,0.0,natural_gas_fired_combined_cycle
44,85,0.0,natural_gas_fired_combined_cycle
115,85,0.0,natural_gas_fired_combined_cycle
70,85,0.0,natural_gas_fired_combined_cycle
131,85,0.0,natural_gas_fired_combined_cycle
18,85,0.0,natural_gas_fired_combined_cycle
72,85,0.0,natural_gas_fired_combined_cycle
114,85,0.0,natural_gas_fired_combined_cycle
45,85,0.0,natural_gas_fired_combined_cycle
78,85,0.0,natural_gas_fired_combustion_turbine
75,85,0.0,natural_gas_fired_combustion_turbine
119,85,0.0,natural_gas_fired_combustion_turbine
117,85,0.0,natural_gas_fired_combustion_turbine
134,85,0.0,natural_gas_fired_combustion_turbine
103,85,0.0,natural_gas_fired_combustion_turbine
47,85,0.0,natural_gas_fired_combustion_turbine
8,85,0.0,natural_gas_fired_combustion_turbine
90,85,0.0,natural_gas_fired_combustion_turbine
60,85,0.0,natural_gas_fired_combustion_turbine
46,85,0.0,natural_gas_fired_combustion_turbine
37,85,0.0,natural_gas_fired_combustion_turbine
7,85,0.0,natural_gas_fired_combustion_turbine
133,85,0.0,natural_gas_fired_combustion_turbine
74,85,0.0,natural_gas_fired_combustion_turbine
20,85,0.0,natural_gas_fired_combustion_turbine
135,85,0.0,natural_gas_fired_combustion_turbine
142,85,0.0,natural_gas_fired_combustion_turbine
121,85,0.0,natural_gas_fired_combustion_turbine
91,85,0.0,natural_gas_fired_combustion_turbine
22,85,0.0,natural_gas_steam_turbine
123,85,0.0,natural_gas_steam_turbine
62,85,0.0,natural_gas_steam_turbine
49,85,0.0,natural_gas_steam_turbine
48,85,0.0,natural_gas_steam_turbine
21,85,0.0,natural_gas_steam_turbine
79,85,0.0,nuclear
10,85,0.0,onshore_wind_turbine
23,85,0.0,onshore_wind_turbine
31,85,0.0,onshore_wind_turbine
38,85,0.0,onshore_wind_turbine
50,85,0.0,onshore_wind_turbine
63,85,0.0,onshore_wind_turbine
80,85,0.0,onshore_wind_turbine
94,85,3644.0930790488965,onshore_wind_turbine
105,85,0.0,onshore_wind_turbine
124,85,18445.0483798966,onshore_wind_turbine
136,85,0.0,onshore_wind_turbine
144,85,0.0,onshore_wind_turbine
11,85,0.0,small_hydroelectric
24,85,0.0,small_hydroelectric
32,85,0.0,small_hydroelectric
39,85,0.0,small_hydroelectric
51,85,0.0,small_hydroelectric
64,85,0.0,small_hydroelectric
81,85,0.0,small_hydroelectric
95,85,0.0,small_hydroelectric
106,85,0.0,small_hydroelectric
125,85,0.0,small_hydroelectric
137,85,0.0,small_hydroelectric
145,85,0.0,small_hydroelectric
12,85,0.0,solar_photovoltaic
25,85,0.0,solar_photovoltaic
33,85,0.0,solar_photovoltaic
52,85,0.0,solar_photovoltaic
65,85,0.0,solar_photovoltaic
82,85,0.0,solar_photovoltaic
96,85,0.0,solar_photovoltaic
107,85,17167.776918943,solar_photovoltaic
126,85,31213.7247621115,solar_photovoltaic
138,85,0.0,solar_photovoltaic
26,86,0.0,biomass
13,86,0.0,biomass
108,86,0.0,biomass
40,86,0.0,biomass
97,86,0.0,biomass
1,86,0.0,biomass
66,86,0.0,biomass
2,86,0.0,conventional_hydroelectric
14,86,0.0,conventional_hydroelectric
27,86,0.0,conventional_hydroelectric
35,86,0.0,conventional_hydroelectric
54,86,0.0,conventional_hydroelectric
67,86,0.0,conventional_hydroelectric
84,86,0.0,conventional_hydroelectric
109,86,0.0,conventional_hydroelectric
128,86,0.0,conventional_hydroelectric
139,86,0.0,conventional_hydroelectric
110,86,0.0,conventional_steam_coal
41,86,0.0,conventional_steam_coal
3,86,0.0,conventional_steam_coal
36,86,0.0,conventional_steam_coal
85,86,0.0,conventional_steam_coal
28,86,0.0,geothermal
116,86,0.0,natural_gas_fired_combined_cycle
73,86,0.0,natural_gas_fired_combined_cycle
71,86,0.0,natural_gas_fired_combined_cycle
44,86,0.0,natural_gas_fired_combined_cycle
115,86,0.0,natural_gas_fired_combined_cycle
70,86,0.0,natural_gas_fired_combined_cycle
131,86,0.0,natural_gas_fired_combined_cycle
18,86,0.0,natural_gas_fired_combined_cycle
72,86,0.0,natural_gas_fired_combined_cycle
114,86,0.0,natural_gas_fired_combined_cycle
45,86,0.0,natural_gas_fired_combined_cycle
78,86,0.0,natural_gas_fired_combustion_turbine
75,86,0.0,natural_gas_fired_combustion_turbine
119,86,0.0,natural_gas_fired_combustion_turbine
117,86,0.0,natural_gas_fired_combustion_turbine
134,86,0.0,natural_gas_fired_combustion_turbine
103,86,0.0,natural_gas_fired_combustion_turbine
47,86,0.0,natural_gas_fired_combustion_turbine
8,86,0.0,natural_gas_fired_combustion_turbine
90,86,0.0,natural_gas_fired_combustion_turbine
60,86,0.0,natural_gas_fired_combustion_turbine
46,86,0.0,natural_gas_fired_combustion_turbine
37,86,0.0,natural_gas_fired_combustion_turbine
7,86,0.0,natural_gas_fired_combustion_turbine
133,86,0.0,natural_gas_fired_combustion_turbine
74,86,0.0,natural_gas_fired_combustion_turbine
20,86,0.0,natural_gas_fired_combustion_turbine
135,86,0.0,natural_gas_fired_combustion_turbine
142,86,0.0,natural_gas_fired_combustion_turbine
121,86,0.0,natural_gas_fired_combustion_turbine
91,86,0.0,natural_gas_fired_combustion_turbine
22,86,0.0,natural_gas_steam_turbine
123,86,0.0,natural_gas_steam_turbine
62,86,0.0,natural_gas_steam_turbine
49,86,0.0,natural_gas_steam_turbine
48,86,0.0,natural_gas_steam_turbine
21,86,0.0,natural_gas_steam_turbine
79,86,0.0,nuclear
10,86,1099.7516600000001,onshore_wind_turbine
23,86,0.0,onshore_wind_turbine
31,86,0.0,onshore_wind_turbine
38,86,0.0,onshore_wind_turbine
50,86,0.0,onshore_wind_turbine
63,86,0.0,onshore_wind_turbine
80,86,0.0,onshore_wind_turbine
94,86,19109.8488,onshore_wind_turbine
105,86,0.0,onshore_wind_turbine
124,86,0.0,onshore_wind_turbine
136,86,0.0,onshore_wind_turbine
144,86,0.0,onshore_wind_turbine
11,86,0.0,small_hydroelectric
24,86,0.0,small_hydroelectric
32,86,0.0,small_hydroelectric
39,86,0.0,small_hydroelectric
51,86,0.0,small_hydroelectric
64,86,0.0,small_hydroelectric
81,86,0.0,small_hydroelectric
95,86,0.0,small_hydroelectric
106,86,0.0,small_hydroelectric
125,86,0.0,small_hydroelectric
137,86,0.0,small_hydroelectric
145,86,0.0,small_hydroelectric
12,86,0.0,solar_photovoltaic
25,86,0.0,solar_photovoltaic
33,86,0.0,solar_photovoltaic
52,86,0.0,solar_photovoltaic
65,86,0.0,solar_photovoltaic
82,86,0.0,solar_photovoltaic
96,86,971.9419499999999,solar_photovoltaic
107,86,16461.18402927451,solar_photovoltaic
126,86,31749.8075107255,solar_photovoltaic
138,86,0.0,solar_photovoltaic
26,87,0.0,biomass
13,87,0.0,biomass
108,87,0.0,biomass
40,87,0.0,biomass
97,87,0.0,biomass
1,87,0.0,biomass
66,87,0.0,biomass
2,87,0.0,conventional_hydroelectric
14,87,0.0,conventional_hydroelectric
27,87,0.0,conventional_hydroelectric
35,87,0.0,conventional_hydroelectric
54,87,39.601178099999416,conventional_hydroelectric
67,87,0.0,conventional_hydroelectric
84,87,0.0,conventional_hydroelectric
109,87,0.0,conventional_hydroelectric
128,87,0.0,conventional_hydroelectric
139,87,0.0,conventional_hydroelectric
110,87,0.0,conventional_steam_coal
41,87,0.0,conventional_steam_coal
3,87,0.0,conventional_steam_coal
36,87,0.0,conventional_steam_coal
85,87,0.0,conventional_steam_coal
28,87,0.0,geothermal
116,87,0.0,natural_gas_fired_combined_cycle
73,87,0.0,natural_gas_fired_combined_cycle
71,87,0.0,natural_gas_fired_combined_cycle
44,87,0.0,natural_gas_fired_combined_cycle
115,87,0.0,natural_gas_fired_combined_cycle
70,87,0.0,natural_gas_fired_combined_cycle
131,87,0.0,natural_gas_fired_combined_cycle
18,87,0.0,natural_gas_fired_combined_cycle
72,87,0.0,natural_gas_fired_combined_cycle
114,87,0.0,natural_gas_fired_combined_cycle
45,87,0.0,natural_gas_fired_combined_cycle
78,87,0.0,natural_gas_fired_combustion_turbine
75,87,0.0,natural_gas_fired_combustion_turbine
119,87,0.0,natural_gas_fired_combustion_turbine
117,87,0.0,natural_gas_fired_combustion_turbine
134,87,0.0,natural_gas_fired_combustion_turbine
103,87,0.0,natural_gas_fired_combustion_turbine
47,87,0.0,natural_gas_fired_combustion_turbine
8,87,0.0,natural_gas_fired_combustion_turbine
90,87,0.0,natural_gas_fired_combustion_turbine
60,87,0.0,natural_gas_fired_combustion_turbine
46,87,0.0,natural_gas_fired_combustion_turbine
37,87,0.0,natural_gas_fired_combustion_turbine
7,87,0.0,natural_gas_fired_combustion_turbine
133,87,0.0,natural_gas_fired_combustion_turbine
74,87,0.0,natural_gas_fired_combustion_turbine
20,87,0.0,natural_gas_fired_combustion_turbine
135,87,0.0,natural_gas_fired_combustion_turbine
142,87,0.0,natural_gas_fired_combustion_turbine
121,87,0.0,natural_gas_fired_combustion_turbine
91,87,0.0,natural_gas_fired_combustion_turbine
22,87,0.0,natural_gas_steam_turbine
123,87,0.0,natural_gas_steam_turbine
62,87,0.0,natural_gas_steam_turbine
49,87,0.0,natural_gas_steam_turbine
48,87,0.0,natural_gas_steam_turbine
21,87,0.0,natural_gas_steam_turbine
79,87,0.0,nuclear
10,87,0.0,onshore_wind_turbine
23,87,9682.2264,onshore_wind_turbine
31,87,0.0,onshore_wind_turbine
38,87,3371.3767500000004,onshore_wind_turbine
50,87,5038.27002,onshore_wind_turbine
63,87,0.0,onshore_wind_turbine
80,87,0.0,onshore_wind_turbine
94,87,22750.8708,onshore_wind_turbine
105,87,0.0,onshore_wind_turbine
124,87,24006.385625899602,onshore_wind_turbine
136,87,0.0,onshore_wind_turbine
144,87,9196.183079999999,onshore_wind_turbine
11,87,0.0,small_hydroelectric
24,87,0.0,small_hydroelectric
32,87,0.0,small_hydroelectric
39,87,0.0,small_hydroelectric
51,87,0.0,small_hydroelectric
64,87,0.0,small_hydroelectric
81,87,0.0,small_hydroelectric
95,87,0.0,small_hydroelectric
106,87,0.0,small_hydroelectric
125,87,0.0,small_hydroelectric
137,87,0.0,small_hydroelectric
145,87,0.0,small_hydroelectric
12,87,0.0,solar_photovoltaic
25,87,1758.4439599999998,solar_photovoltaic
33,87,0.0,solar_photovoltaic
52,87,0.0,solar_photovoltaic
65,87,17565.9393057603,solar_photovoltaic
82,87,11899.2194302401,solar_photovoltaic
96,87,916.69627,solar_photovoltaic
107,87,0.0,solar_photovoltaic
126,87,0.0,solar_photovoltaic
138,87,2440.1238399999997,solar_photovoltaic
26,88,0.0,biomass
13,88,0.0,biomass
108,88,0.0,biomass
40,88,0.0,biomass
97,88,0.0,biomass
1,88,0.0,biomass
66,88,0.0,biomass
2,88,0.0,conventional_hydroelectric
14,88,0.0,conventional_hydroelectric
27,88,43.88496119999368,conventional_hydroelectric
35,88,0.0,conventional_hydroelectric
54,88,125.87146109999954,conventional_hydroelectric
67,88,0.0,conventional_hydroelectric
84,88,0.0,conventional_hydroelectric
109,88,0.0,conventional_hydroelectric
128,88,0.0,conventional_hydroelectric
139,88,0.0,conventional_hydroelectric
110,88,0.0,conventional_steam_coal
41,88,0.0,conventional_steam_coal
3,88,0.0,conventional_steam_coal
36,88,0.0,conventional_steam_coal
85,88,0.0,conventional_steam_coal
28,88,0.0,geothermal
116,88,0.0,natural_gas_fired_combined_cycle
73,88,0.0,natural_gas_fired_combined_cycle
71,88,0.0,natural_gas_fired_combined_cycle
44,88,0.0,natural_gas_fired_combined_cycle
115,88,0.0,natural_gas_fired_combined_cycle
70,88,0.0,natural_gas_fired_combined_cycle
131,88,0.0,natural_gas_fired_combined_cycle
18,88,0.0,natural_gas_fired_combined_cycle
72,88,0.0,natural_gas_fired_combined_cycle
114,88,0.0,natural_gas_fired_combined_cycle
45,88,0.0,natural_gas_fired_combined_cycle
78,88,0.0,natural_gas_fired_combustion_turbine
75,88,0.0,natural_gas_fired_combustion_turbine
119,88,0.0,natural_gas_fired_combustion_turbine
117,88,0.0,natural_gas_fired_combustion_turbine
134,88,0.0,natural_gas_fired_combustion_turbine
103,88,0.0,natural_gas_fired_combustion_turbine
47,88,0.0,natural_gas_fired_combustion_turbine
8,88,0.0,natural_gas_fired_combustion_turbine
90,88,0.0,natural_gas_fired_combustion_turbine
60,88,0.0,natural_gas_fired_combustion_turbine
46,88,0.0,natural_gas_fired_combustion_turbine
37,88,0.0,natural_gas_fired_combustion_turbine
7,88,0.0,natural_gas_fired_combustion_turbine
133,88,0.0,natural_gas_fired_combustion_turbine
74,88,0.0,natural_gas_fired_combustion_turbine
20,88,0.0,natural_gas_fired_combustion_turbine
135,88,0.0,natural_gas_fired_combustion_turbine
142,88,0.0,natural_gas_fired_combustion_turbine
121,88,0.0,natural_gas_fired_combustion_turbine
91,88,0.0,natural_gas_fired_combustion_turbine
22,88,0.0,natural_gas_steam_turbine
123,88,0.0,natural_gas_steam_turbine
62,88,0.0,natural_gas_steam_turbine
49,88,0.0,natural_gas_steam_turbine
48,88,0.0,natural_gas_steam_turbine
21,88,0.0,natural_gas_steam_turbine
79,88,0.0,nuclear
10,88,825.2640200000001,onshore_wind_turbine
23,88,0.0,onshore_wind_turbine
31,88,0.0,onshore_wind_turbine
38,88,0.0,onshore_wind_turbine
50,88,0.0,onshore_wind_turbine
63,88,0.0,onshore_wind_turbine
80,88,1590.0665199999999,onshore_wind_turbine
94,88,26498.549000000003,onshore_wind_turbine
105,88,2239.3019590199983,onshore_wind_turbine
124,88,17455.15008976201,onshore_wind_turbine
136,88,1444.48458,onshore_wind_turbine
144,88,7498.392929999999,onshore_wind_turbine
11,88,0.0,small_hydroelectric
24,88,0.0,small_hydroelectric
32,88,0.0,small_hydroelectric
39,88,0.0,small_hydroelectric
51,88,0.0,small_hydroelectric
64,88,0.0,small_hydroelectric
81,88,0.0,small_hydroelectric
95,88,0.0,small_hydroelectric
106,88,0.0,small_hydroelectric
125,88,0.0,small_hydroelectric
137,88,0.0,small_hydroelectric
145,88,0.0,small_hydroelectric
12,88,8786.91366,solar_photovoltaic
25,88,0.0,solar_photovoltaic
33,88,661.948,solar_photovoltaic
52,88,0.0,solar_photovoltaic
65,88,0.0,solar_photovoltaic
82,88,0.0,solar_photovoltaic
96,88,0.0,solar_photovoltaic
107,88,14437.66303784,solar_photovoltaic
126,88,26967.946251078,solar_photovoltaic
138,88,0.0,solar_photovoltaic
26,89,0.0,biomass
13,89,0.0,biomass
108,89,0.0,biomass
40,89,0.0,biomass
97,89,0.0,biomass
1,89,0.0,biomass
66,89,0.0,biomass
2,89,150.83293679999935,conventional_hydroelectric
14,89,0.0,conventional_hydroelectric
27,89,161.00559719999475,conventional_hydroelectric
35,89,151.3555295999991,conventional_hydroelectric
54,89,212.1417440999997,conventional_hydroelectric
67,89,0.0,conventional_hydroelectric
84,89,2411.3971739999793,conventional_hydroelectric
109,89,0.0,conventional_hydroelectric
128,89,9.851820000000068,conventional_hydroelectric
139,89,0.0,conventional_hydroelectric
110,89,0.0,conventional_steam_coal
41,89,0.0,conventional_steam_coal
3,89,0.0,conventional_steam_coal
36,89,0.0,conventional_steam_coal
85,89,0.0,conventional_steam_coal
28,89,0.0,geothermal
116,89,0.0,natural_gas_fired_combined_cycle
73,89,0.0,natural_gas_fired_combined_cycle
71,89,0.0,natural_gas_fired_combined_cycle
44,89,0.0,natural_gas_fired_combined_cycle
115,89,0.0,natural_gas_fired_combined_cycle
70,89,0.0,natural_gas_fired_combined_cycle
131,89,0.0,natural_gas_fired_combined_cycle
18,89,0.0,natural_gas_fired_combined_cycle
72,89,0.0,natural_gas_fired_combined_cycle
114,89,0.0,natural_gas_fired_combined_cycle
45,89,0.0,natural_gas_fired_combined_cycle
78,89,0.0,natural_gas_fired_combustion_turbine
75,89,0.0,natural_gas_fired_combustion_turbine
119,89,0.0,natural_gas_fired_combustion_turbine
117,89,0.0,natural_gas_fired_combustion_turbine
134,89,0.0,natural_gas_fired_combustion_turbine
103,89,0.0,natural_gas_fired_combustion_turbine
47,89,0.0,natural_gas_fired_combustion_turbine
8,89,0.0,natural_gas_fired_combustion_turbine
90,89,0.0,natural_gas_fired_combustion_turbine
60,89,0.0,natural_gas_fired_combustion_turbine
46,89,0.0,natural_gas_fired_combustion_turbine
37,89,0.0,natural_gas_fired_combustion_turbine
7,89,0.0,natural_gas_fired_combustion_turbine
133,89,0.0,natural_gas_fired_combustion_turbine
74,89,0.0,natural_gas_fired_combustion_turbine
20,89,0.0,natural_gas_fired_combustion_turbine
135,89,0.0,natural_gas_fired_combustion_turbine
142,89,0.0,natural_gas_fired_combustion_turbine
121,89,0.0,natural_gas_fired_combustion_turbine
91,89,0.0,natural_gas_fired_combustion_turbine
22,89,0.0,natural_gas_steam_turbine
123,89,0.0,natural_gas_steam_turbine
62,89,0.0,natural_gas_steam_turbine
49,89,0.0,natural_gas_steam_turbine
48,89,0.0,natural_gas_steam_turbine
21,89,0.0,natural_gas_steam_turbine
79,89,0.0,nuclear
10,89,977.8171900000002,onshore_wind_turbine
23,89,6007.6016,onshore_wind_turbine
31,89,0.0,onshore_wind_turbine
38,89,1810.3753499999998,onshore_wind_turbine
50,89,5125.662359999998,onshore_wind_turbine
63,89,72.133039748,onshore_wind_turbine
80,89,3213.5885599999997,onshore_wind_turbine
94,89,16732.914164130634,onshore_wind_turbine
105,89,2318.203720392,onshore_wind_turbine
124,89,0.0,onshore_wind_turbine
136,89,0.0,onshore_wind_turbine
144,89,5238.2773799999995,onshore_wind_turbine
11,89,0.0,small_hydroelectric
24,89,0.0,small_hydroelectric
32,89,0.0,small_hydroelectric
39,89,0.0,small_hydroelectric
51,89,0.0,small_hydroelectric
64,89,0.0,small_hydroelectric
81,89,0.0,small_hydroelectric
95,89,0.0,small_hydroelectric
106,89,0.0,small_hydroelectric
125,89,0.0,small_hydroelectric
137,89,0.0,small_hydroelectric
145,89,0.0,small_hydroelectric
12,89,6209.1741600000005,solar_photovoltaic
25,89,672.5879999999952,solar_photovoltaic
33,89,595.4011,solar_photovoltaic
52,89,2549.7630200000003,solar_photovoltaic
65,89,11284.6625586569,solar_photovoltaic
82,89,9103.22602,solar_photovoltaic
96,89,739.4986899999999,solar_photovoltaic
107,89,10608.192557998,solar_photovoltaic
126,89,22049.757247374502,solar_photovoltaic
138,89,1285.81376,solar_photovoltaic
26,90,0.0,biomass
13,90,0.0,biomass
108,90,0.0,biomass
40,90,0.0,biomass
97,90,0.0,biomass
1,90,0.0,biomass
66,90,0.0,biomass
2,90,380.12110079999957,conventional_hydroelectric
14,90,27.330472399999838,conventional_hydroelectric
27,90,278.12623319999614,conventional_hydroelectric
35,90,358.6576575999993,conventional_hydroelectric
54,90,298.4120270999998,conventional_hydroelectric
67,90,78.00516356875892,conventional_hydroelectric
84,90,4822.794347999992,conventional_hydroelectric
109,90,0.0,conventional_hydroelectric
128,90,22.451220000000056,conventional_hydroelectric
139,90,2.678303999999997,conventional_hydroelectric
110,90,0.0,conventional_steam_coal
41,90,0.0,conventional_steam_coal
3,90,0.0,conventional_steam_coal
36,90,0.0,conventional_steam_coal
85,90,0.0,conventional_steam_coal
28,90,0.0,geothermal
116,90,0.0,natural_gas_fired_combined_cycle
73,90,0.0,natural_gas_fired_combined_cycle
71,90,0.0,natural_gas_fired_combined_cycle
44,90,0.0,natural_gas_fired_combined_cycle
115,90,0.0,natural_gas_fired_combined_cycle
70,90,0.0,natural_gas_fired_combined_cycle
131,90,0.0,natural_gas_fired_combined_cycle
18,90,0.0,natural_gas_fired_combined_cycle
72,90,0.0,natural_gas_fired_combined_cycle
114,90,0.0,natural_gas_fired_combined_cycle
45,90,0.0,natural_gas_fired_combined_cycle
78,90,0.0,natural_gas_fired_combustion_turbine
75,90,0.0,natural_gas_fired_combustion_turbine
119,90,0.0,natural_gas_fired_combustion_turbine
117,90,0.0,natural_gas_fired_combustion_turbine
134,90,0.0,natural_gas_fired_combustion_turbine
103,90,0.0,natural_gas_fired_combustion_turbine
47,90,0.0,natural_gas_fired_combustion_turbine
8,90,0.0,natural_gas_fired_combustion_turbine
90,90,0.0,natural_gas_fired_combustion_turbine
60,90,0.0,natural_gas_fired_combustion_turbine
46,90,0.0,natural_gas_fired_combustion_turbine
37,90,0.0,natural_gas_fired_combustion_turbine
7,90,0.0,natural_gas_fired_combustion_turbine
133,90,0.0,natural_gas_fired_combustion_turbine
74,90,0.0,natural_gas_fired_combustion_turbine
20,90,0.0,natural_gas_fired_combustion_turbine
135,90,0.0,natural_gas_fired_combustion_turbine
142,90,0.0,natural_gas_fired_combustion_turbine
121,90,0.0,natural_gas_fired_combustion_turbine
91,90,0.0,natural_gas_fired_combustion_turbine
22,90,0.0,natural_gas_steam_turbine
123,90,0.0,natural_gas_steam_turbine
62,90,0.0,natural_gas_steam_turbine
49,90,0.0,natural_gas_steam_turbine
48,90,0.0,natural_gas_steam_turbine
21,90,0.0,natural_gas_steam_turbine
79,90,0.0,nuclear
10,90,1185.30391,onshore_wind_turbine
23,90,5610.6974,onshore_wind_turbine
31,90,4877.88028,onshore_wind_turbine
38,90,0.0,onshore_wind_turbine
50,90,5070.110639999999,onshore_wind_turbine
63,90,0.0,onshore_wind_turbine
80,90,2879.03336,onshore_wind_turbine
94,90,30959.7204,onshore_wind_turbine
105,90,0.0,onshore_wind_turbine
124,90,26140.476457141205,onshore_wind_turbine
136,90,1969.7517000000003,onshore_wind_turbine
144,90,0.0,onshore_wind_turbine
11,90,0.0,small_hydroelectric
24,90,0.0,small_hydroelectric
32,90,0.0,small_hydroelectric
39,90,0.0,small_hydroelectric
51,90,0.0,small_hydroelectric
64,90,0.0,small_hydroelectric
81,90,0.0,small_hydroelectric
95,90,0.0,small_hydroelectric
106,90,0.0,small_hydroelectric
125,90,0.0,small_hydroelectric
137,90,0.0,small_hydroelectric
145,90,0.0,small_hydroelectric
12,90,2461.91778,solar_photovoltaic
25,90,0.0,solar_photovoltaic
33,90,0.0,solar_photovoltaic
52,90,0.0,solar_photovoltaic
65,90,4898.7870451863,solar_photovoltaic
82,90,3671.3969127667388,solar_photovoltaic
96,90,0.0,solar_photovoltaic
107,90,5215.4164967589995,solar_photovoltaic
126,90,12703.253201478,solar_photovoltaic
138,90,54.79319999999999,solar_photovoltaic
26,91,11.235,biomass
13,91,15.682,biomass
108,91,137.081,biomass
40,91,5.952,biomass
97,91,178.173,biomass
1,91,16.294,biomass
66,91,228.795,biomass
2,91,609.4092647999996,conventional_hydroelectric
14,91,66.37400439999986,conventional_hydroelectric
27,91,395.2468691999975,conventional_hydroelectric
35,91,565.9597855999996,conventional_hydroelectric
54,91,384.68231009999994,conventional_hydroelectric
67,91,681.7477445687595,conventional_hydroelectric
84,91,7234.191521999992,conventional_hydroelectric
109,91,105.1111815234,conventional_hydroelectric
128,91,35.05062000000001,conventional_hydroelectric
139,91,22.008671999999997,conventional_hydroelectric
110,91,0.0,conventional_steam_coal
41,91,0.0,conventional_steam_coal
3,91,0.0,conventional_steam_coal
36,91,0.0,conventional_steam_coal
85,91,0.0,conventional_steam_coal
28,91,74.364,geothermal
116,91,0.0,natural_gas_fired_combined_cycle
73,91,0.0,natural_gas_fired_combined_cycle
71,91,0.0,natural_gas_fired_combined_cycle
44,91,0.0,natural_gas_fired_combined_cycle
115,91,0.0,natural_gas_fired_combined_cycle
70,91,0.0,natural_gas_fired_combined_cycle
131,91,0.0,natural_gas_fired_combined_cycle
18,91,0.0,natural_gas_fired_combined_cycle
72,91,0.0,natural_gas_fired_combined_cycle
114,91,0.0,natural_gas_fired_combined_cycle
45,91,0.0,natural_gas_fired_combined_cycle
78,91,0.0,natural_gas_fired_combustion_turbine
75,91,0.0,natural_gas_fired_combustion_turbine
119,91,0.0,natural_gas_fired_combustion_turbine
117,91,0.0,natural_gas_fired_combustion_turbine
134,91,0.0,natural_gas_fired_combustion_turbine
103,91,0.0,natural_gas_fired_combustion_turbine
47,91,0.0,natural_gas_fired_combustion_turbine
8,91,0.0,natural_gas_fired_combustion_turbine
90,91,0.0,natural_gas_fired_combustion_turbine
60,91,0.0,natural_gas_fired_combustion_turbine
46,91,0.0,natural_gas_fired_combustion_turbine
37,91,0.0,natural_gas_fired_combustion_turbine
7,91,0.0,natural_gas_fired_combustion_turbine
133,91,0.0,natural_gas_fired_combustion_turbine
74,91,0.0,natural_gas_fired_combustion_turbine
20,91,0.0,natural_gas_fired_combustion_turbine
135,91,0.0,natural_gas_fired_combustion_turbine
142,91,0.0,natural_gas_fired_combustion_turbine
121,91,0.0,natural_gas_fired_combustion_turbine
91,91,0.0,natural_gas_fired_combustion_turbine
22,91,0.0,natural_gas_steam_turbine
123,91,0.0,natural_gas_steam_turbine
62,91,0.0,natural_gas_steam_turbine
49,91,0.0,natural_gas_steam_turbine
48,91,0.0,natural_gas_steam_turbine
21,91,0.0,natural_gas_steam_turbine
79,91,0.0,nuclear
10,91,1239.6971300000002,onshore_wind_turbine
23,91,3182.6872000000003,onshore_wind_turbine
31,91,4849.38244,onshore_wind_turbine
38,91,993.51945,onshore_wind_turbine
50,91,4742.897459999999,onshore_wind_turbine
63,91,107.6678396416,onshore_wind_turbine
80,91,3032.3711599999992,onshore_wind_turbine
94,91,28149.8812,onshore_wind_turbine
105,91,2693.5840396500002,onshore_wind_turbine
124,91,24234.644908997605,onshore_wind_turbine
136,91,1466.97033,onshore_wind_turbine
144,91,4079.021939999999,onshore_wind_turbine
11,91,19.125,small_hydroelectric
24,91,62.577,small_hydroelectric
32,91,192.0,small_hydroelectric
39,91,52.9,small_hydroelectric
51,91,25.641,small_hydroelectric
64,91,6.128,small_hydroelectric
81,91,241.672,small_hydroelectric
95,91,418.922,small_hydroelectric
106,91,31.614,small_hydroelectric
125,91,100.697,small_hydroelectric
137,91,36.822,small_hydroelectric
145,91,33.21,small_hydroelectric
12,91,0.0,solar_photovoltaic
25,91,0.0,solar_photovoltaic
33,91,0.0,solar_photovoltaic
52,91,0.0,solar_photovoltaic
65,91,0.0,solar_photovoltaic
82,91,0.0,solar_photovoltaic
96,91,0.0,solar_photovoltaic
107,91,0.0,solar_photovoltaic
126,91,0.0,solar_photovoltaic
138,91,0.0,solar_photovoltaic
26,92,11.235,biomass
13,92,15.682,biomass
108,92,137.081,biomass
40,92,5.952,biomass
97,92,178.173,biomass
1,92,16.294,biomass
66,92,228.795,biomass
2,92,838.6974287999999,conventional_hydroelectric
14,92,105.4175364,conventional_hydroelectric
27,92,512.3675051999992,conventional_hydroelectric
35,92,773.2619136,conventional_hydroelectric
54,92,470.9525930999999,conventional_hydroelectric
67,92,1285.490325568761,conventional_hydroelectric
84,92,9645.588695999973,conventional_hydroelectric
109,92,105.1111815234,conventional_hydroelectric
128,92,47.650020000000005,conventional_hydroelectric
139,92,41.33904,conventional_hydroelectric
110,92,28.499999999999996,conventional_steam_coal
41,92,0.0,conventional_steam_coal
3,92,0.0,conventional_steam_coal
36,92,0.0,conventional_steam_coal
85,92,0.0,conventional_steam_coal
28,92,74.364,geothermal
116,92,0.0,natural_gas_fired_combined_cycle
73,92,0.0,natural_gas_fired_combined_cycle
71,92,0.0,natural_gas_fired_combined_cycle
44,92,0.0,natural_gas_fired_combined_cycle
115,92,0.0,natural_gas_fired_combined_cycle
70,92,0.0,natural_gas_fired_combined_cycle
131,92,0.0,natural_gas_fired_combined_cycle
18,92,0.0,natural_gas_fired_combined_cycle
72,92,0.0,natural_gas_fired_combined_cycle
114,92,0.0,natural_gas_fired_combined_cycle
45,92,0.0,natural_gas_fired_combined_cycle
78,92,0.0,natural_gas_fired_combustion_turbine
75,92,0.0,natural_gas_fired_combustion_turbine
119,92,0.0,natural_gas_fired_combustion_turbine
117,92,0.0,natural_gas_fired_combustion_turbine
134,92,0.0,natural_gas_fired_combustion_turbine
103,92,0.0,natural_gas_fired_combustion_turbine
47,92,0.0,natural_gas_fired_combustion_turbine
8,92,0.0,natural_gas_fired_combustion_turbine
90,92,0.0,natural_gas_fired_combustion_turbine
60,92,0.0,natural_gas_fired_combustion_turbine
46,92,0.0,natural_gas_fired_combustion_turbine
37,92,0.0,natural_gas_fired_combustion_turbine
7,92,0.0,natural_gas_fired_combustion_turbine
133,92,0.0,natural_gas_fired_combustion_turbine
74,92,0.0,natural_gas_fired_combustion_turbine
20,92,0.0,natural_gas_fired_combustion_turbine
135,92,0.0,natural_gas_fired_combustion_turbine
142,92,0.0,natural_gas_fired_combustion_turbine
121,92,0.0,natural_gas_fired_combustion_turbine
91,92,0.0,natural_gas_fired_combustion_turbine
22,92,0.0,natural_gas_steam_turbine
123,92,0.0,natural_gas_steam_turbine
62,92,0.0,natural_gas_steam_turbine
49,92,0.0,natural_gas_steam_turbine
48,92,0.0,natural_gas_steam_turbine
21,92,0.0,natural_gas_steam_turbine
79,92,1851.49975,nuclear
10,92,1066.0710900000001,onshore_wind_turbine
23,92,2150.3636,onshore_wind_turbine
31,92,5400.34068,onshore_wind_turbine
38,92,902.0634,onshore_wind_turbine
50,92,4091.8583999999996,onshore_wind_turbine
63,92,125.0768397088,onshore_wind_turbine
80,92,1473.9015199999997,onshore_wind_turbine
94,92,19801.2752,onshore_wind_turbine
105,92,2958.46949895,onshore_wind_turbine
124,92,25155.264329379803,onshore_wind_turbine
136,92,1227.7219500000003,onshore_wind_turbine
144,92,5599.46331,onshore_wind_turbine
11,92,19.125,small_hydroelectric
24,92,62.577,small_hydroelectric
32,92,192.0,small_hydroelectric
39,92,52.9,small_hydroelectric
51,92,25.641,small_hydroelectric
64,92,6.128,small_hydroelectric
81,92,241.672,small_hydroelectric
95,92,418.922,small_hydroelectric
106,92,31.614,small_hydroelectric
125,92,100.697,small_hydroelectric
137,92,36.822,small_hydroelectric
145,92,33.21,small_hydroelectric
12,92,0.0,solar_photovoltaic
25,92,0.0,solar_photovoltaic
33,92,0.0,solar_photovoltaic
52,92,0.0,solar_photovoltaic
65,92,0.0,solar_photovoltaic
82,92,0.0,solar_photovoltaic
96,92,0.0,solar_photovoltaic
107,92,0.0,solar_photovoltaic
126,92,0.0,solar_photovoltaic
138,92,0.0,solar_photovoltaic
26,93,0.0,biomass
13,93,0.0,biomass
108,93,0.0,biomass
40,93,0.0,biomass
97,93,0.0,biomass
1,93,0.0,biomass
66,93,0.0,biomass
2,93,838.6974287999999,conventional_hydroelectric
14,93,105.55865759999999,conventional_hydroelectric
27,93,629.4881412000005,conventional_hydroelectric
35,93,773.5116751999999,conventional_hydroelectric
54,93,557.2228761,conventional_hydroelectric
67,93,1286.2701864072449,conventional_hydroelectric
84,93,12056.98586999999,conventional_hydroelectric
109,93,105.1111815234,conventional_hydroelectric
128,93,47.68038,conventional_hydroelectric
139,93,41.3623296,conventional_hydroelectric
110,93,0.0,conventional_steam_coal
41,93,0.0,conventional_steam_coal
3,93,0.0,conventional_steam_coal
36,93,0.0,conventional_steam_coal
85,93,0.0,conventional_steam_coal
28,93,74.364,geothermal
116,93,0.0,natural_gas_fired_combined_cycle
73,93,0.0,natural_gas_fired_combined_cycle
71,93,0.0,natural_gas_fired_combined_cycle
44,93,0.0,natural_gas_fired_combined_cycle
115,93,0.0,natural_gas_fired_combined_cycle
70,93,0.0,natural_gas_fired_combined_cycle
131,93,0.0,natural_gas_fired_combined_cycle
18,93,0.0,natural_gas_fired_combined_cycle
72,93,0.0,natural_gas_fired_combined_cycle
114,93,0.0,natural_gas_fired_combined_cycle
45,93,0.0,natural_gas_fired_combined_cycle
78,93,0.0,natural_gas_fired_combustion_turbine
75,93,0.0,natural_gas_fired_combustion_turbine
119,93,0.0,natural_gas_fired_combustion_turbine
117,93,0.0,natural_gas_fired_combustion_turbine
134,93,0.0,natural_gas_fired_combustion_turbine
103,93,0.0,natural_gas_fired_combustion_turbine
47,93,0.0,natural_gas_fired_combustion_turbine
8,93,0.0,natural_gas_fired_combustion_turbine
90,93,0.0,natural_gas_fired_combustion_turbine
60,93,0.0,natural_gas_fired_combustion_turbine
46,93,0.0,natural_gas_fired_combustion_turbine
37,93,0.0,natural_gas_fired_combustion_turbine
7,93,0.0,natural_gas_fired_combustion_turbine
133,93,0.0,natural_gas_fired_combustion_turbine
74,93,0.0,natural_gas_fired_combustion_turbine
20,93,0.0,natural_gas_fired_combustion_turbine
135,93,0.0,natural_gas_fired_combustion_turbine
142,93,0.0,natural_gas_fired_combustion_turbine
121,93,0.0,natural_gas_fired_combustion_turbine
91,93,0.0,natural_gas_fired_combustion_turbine
22,93,0.0,natural_gas_steam_turbine
123,93,0.0,natural_gas_steam_turbine
62,93,0.0,natural_gas_steam_turbine
49,93,0.0,natural_gas_steam_turbine
48,93,0.0,natural_gas_steam_turbine
21,93,0.0,natural_gas_steam_turbine
79,93,0.0,nuclear
10,93,900.00967,onshore_wind_turbine
23,93,1306.2433999999998,onshore_wind_turbine
31,93,6339.581990000001,onshore_wind_turbine
38,93,1305.3789,onshore_wind_turbine
50,93,4524.75534,onshore_wind_turbine
63,93,110.75539982640001,onshore_wind_turbine
80,93,1078.9405199999999,onshore_wind_turbine
94,93,17822.6188,onshore_wind_turbine
105,93,2879.587340616,onshore_wind_turbine
124,93,26391.796271733205,onshore_wind_turbine
136,93,2727.0717600000007,onshore_wind_turbine
144,93,5941.18413,onshore_wind_turbine
11,93,19.125,small_hydroelectric
24,93,62.577,small_hydroelectric
32,93,192.0,small_hydroelectric
39,93,52.9,small_hydroelectric
51,93,25.641,small_hydroelectric
64,93,6.128,small_hydroelectric
81,93,241.672,small_hydroelectric
95,93,418.922,small_hydroelectric
106,93,31.614,small_hydroelectric
125,93,100.697,small_hydroelectric
137,93,36.822,small_hydroelectric
145,93,33.21,small_hydroelectric
12,93,0.0,solar_photovoltaic
25,93,0.0,solar_photovoltaic
33,93,0.0,solar_photovoltaic
52,93,0.0,solar_photovoltaic
65,93,0.0,solar_photovoltaic
82,93,0.0,solar_photovoltaic
96,93,0.0,solar_photovoltaic
107,93,0.0,solar_photovoltaic
126,93,0.0,solar_photovoltaic
138,93,0.0,solar_photovoltaic
26,94,11.235,biomass
13,94,15.682,biomass
108,94,137.081,biomass
40,94,5.952,biomass
97,94,178.173,biomass
1,94,16.29399999998933,biomass
66,94,228.795,biomass
2,94,838.9736796,conventional_hydroelectric
14,94,105.7468192,conventional_hydroelectric
27,94,746.6087772000001,conventional_hydroelectric
35,94,774.0111984,conventional_hydroelectric
54,94,643.4931591000001,conventional_hydroelectric
67,94,1287.0500545197358,conventional_hydroelectric
84,94,13788.5433588,conventional_hydroelectric
109,94,105.1111815234,conventional_hydroelectric
128,94,47.71074000000001,conventional_hydroelectric
139,94,41.4089088,conventional_hydroelectric
110,94,28.5,conventional_steam_coal
41,94,0.0,conventional_steam_coal
3,94,0.0,conventional_steam_coal
36,94,0.0,conventional_steam_coal
85,94,0.0,conventional_steam_coal
28,94,74.364,geothermal
116,94,0.0,natural_gas_fired_combined_cycle
73,94,0.0,natural_gas_fired_combined_cycle
71,94,0.0,natural_gas_fired_combined_cycle
44,94,0.0,natural_gas_fired_combined_cycle
115,94,0.0,natural_gas_fired_combined_cycle
70,94,0.0,natural_gas_fired_combined_cycle
131,94,0.0,natural_gas_fired_combined_cycle
18,94,0.0,natural_gas_fired_combined_cycle
72,94,0.0,natural_gas_fired_combined_cycle
114,94,0.0,natural_gas_fired_combined_cycle
45,94,0.0,natural_gas_fired_combined_cycle
78,94,0.0,natural_gas_fired_combustion_turbine
75,94,0.0,natural_gas_fired_combustion_turbine
119,94,0.0,natural_gas_fired_combustion_turbine
117,94,0.0,natural_gas_fired_combustion_turbine
134,94,0.0,natural_gas_fired_combustion_turbine
103,94,0.0,natural_gas_fired_combustion_turbine
47,94,0.0,natural_gas_fired_combustion_turbine
8,94,0.0,natural_gas_fired_combustion_turbine
90,94,0.0,natural_gas_fired_combustion_turbine
60,94,0.0,natural_gas_fired_combustion_turbine
46,94,0.0,natural_gas_fired_combustion_turbine
37,94,0.0,natural_gas_fired_combustion_turbine
7,94,0.0,natural_gas_fired_combustion_turbine
133,94,0.0,natural_gas_fired_combustion_turbine
74,94,0.0,natural_gas_fired_combustion_turbine
20,94,0.0,natural_gas_fired_combustion_turbine
135,94,0.0,natural_gas_fired_combustion_turbine
142,94,0.0,natural_gas_fired_combustion_turbine
121,94,0.0,natural_gas_fired_combustion_turbine
91,94,0.0,natural_gas_fired_combustion_turbine
22,94,0.0,natural_gas_steam_turbine
123,94,0.0,natural_gas_steam_turbine
62,94,0.0,natural_gas_steam_turbine
49,94,0.0,natural_gas_steam_turbine
48,94,0.0,natural_gas_steam_turbine
21,94,0.0,natural_gas_steam_turbine
79,94,1851.4997499999758,nuclear
10,94,766.7282700000001,onshore_wind_turbine
23,94,1127.357,onshore_wind_turbine
31,94,5654.44642,onshore_wind_turbine
38,94,1371.2727,onshore_wind_turbine
50,94,4566.75786,onshore_wind_turbine
63,94,104.23868017359999,onshore_wind_turbine
80,94,754.6078399999999,onshore_wind_turbine
94,94,13070.9012,onshore_wind_turbine
105,94,2917.942858446,onshore_wind_turbine
124,94,25773.959751493803,onshore_wind_turbine
136,94,3265.8303300000002,onshore_wind_turbine
144,94,6083.928269999999,onshore_wind_turbine
11,94,19.125,small_hydroelectric
24,94,62.577,small_hydroelectric
32,94,192.0,small_hydroelectric
39,94,52.9,small_hydroelectric
51,94,25.641,small_hydroelectric
64,94,6.128,small_hydroelectric
81,94,241.672,small_hydroelectric
95,94,418.922,small_hydroelectric
106,94,31.614,small_hydroelectric
125,94,100.697,small_hydroelectric
137,94,36.822,small_hydroelectric
145,94,33.21,small_hydroelectric
12,94,0.0,solar_photovoltaic
25,94,0.0,solar_photovoltaic
33,94,0.0,solar_photovoltaic
52,94,0.0,solar_photovoltaic
65,94,0.0,solar_photovoltaic
82,94,0.0,solar_photovoltaic
96,94,0.0,solar_photovoltaic
107,94,0.0,solar_photovoltaic
126,94,0.0,solar_photovoltaic
138,94,0.0,solar_photovoltaic
26,95,0.0,biomass
13,95,0.0,biomass
108,95,0.0,biomass
40,95,0.0,biomass
97,95,0.0,biomass
1,95,0.0,biomass
66,95,0.0,biomass
2,95,609.685515599999,conventional_hydroelectric
14,95,66.7032872000001,conventional_hydroelectric
27,95,629.4881411999986,conventional_hydroelectric
35,95,566.7090703999994,conventional_hydroelectric
54,95,557.2228760999998,conventional_hydroelectric
67,95,683.3074735197333,conventional_hydroelectric
84,95,11377.14618479999,conventional_hydroelectric
109,95,105.1111815234,conventional_hydroelectric
128,95,35.11133999999997,conventional_hydroelectric
139,95,22.0785408,conventional_hydroelectric
110,95,0.0,conventional_steam_coal
41,95,0.0,conventional_steam_coal
3,95,0.0,conventional_steam_coal
36,95,0.0,conventional_steam_coal
85,95,0.0,conventional_steam_coal
28,95,0.0,geothermal
116,95,0.0,natural_gas_fired_combined_cycle
73,95,0.0,natural_gas_fired_combined_cycle
71,95,0.0,natural_gas_fired_combined_cycle
44,95,0.0,natural_gas_fired_combined_cycle
115,95,0.0,natural_gas_fired_combined_cycle
70,95,0.0,natural_gas_fired_combined_cycle
131,95,0.0,natural_gas_fired_combined_cycle
18,95,0.0,natural_gas_fired_combined_cycle
72,95,0.0,natural_gas_fired_combined_cycle
114,95,0.0,natural_gas_fired_combined_cycle
45,95,0.0,natural_gas_fired_combined_cycle
78,95,0.0,natural_gas_fired_combustion_turbine
75,95,0.0,natural_gas_fired_combustion_turbine
119,95,0.0,natural_gas_fired_combustion_turbine
117,95,0.0,natural_gas_fired_combustion_turbine
134,95,0.0,natural_gas_fired_combustion_turbine
103,95,0.0,natural_gas_fired_combustion_turbine
47,95,0.0,natural_gas_fired_combustion_turbine
8,95,0.0,natural_gas_fired_combustion_turbine
90,95,0.0,natural_gas_fired_combustion_turbine
60,95,0.0,natural_gas_fired_combustion_turbine
46,95,0.0,natural_gas_fired_combustion_turbine
37,95,0.0,natural_gas_fired_combustion_turbine
7,95,0.0,natural_gas_fired_combustion_turbine
133,95,0.0,natural_gas_fired_combustion_turbine
74,95,0.0,natural_gas_fired_combustion_turbine
20,95,0.0,natural_gas_fired_combustion_turbine
135,95,0.0,natural_gas_fired_combustion_turbine
142,95,0.0,natural_gas_fired_combustion_turbine
121,95,0.0,natural_gas_fired_combustion_turbine
91,95,0.0,natural_gas_fired_combustion_turbine
22,95,0.0,natural_gas_steam_turbine
123,95,0.0,natural_gas_steam_turbine
62,95,0.0,natural_gas_steam_turbine
49,95,0.0,natural_gas_steam_turbine
48,95,0.0,natural_gas_steam_turbine
21,95,0.0,natural_gas_steam_turbine
79,95,0.0,nuclear
10,95,552.9377000000001,onshore_wind_turbine
23,95,1513.0808,onshore_wind_turbine
31,95,5978.60935,onshore_wind_turbine
38,95,1197.4494,onshore_wind_turbine
50,95,3880.4908799999994,onshore_wind_turbine
63,95,70.52024009520001,onshore_wind_turbine
80,95,266.71484,onshore_wind_turbine
94,95,16917.88,onshore_wind_turbine
105,95,2669.088941463,onshore_wind_turbine
124,95,26336.778148665602,onshore_wind_turbine
136,95,2462.63934,onshore_wind_turbine
144,95,7020.416339999999,onshore_wind_turbine
11,95,0.0,small_hydroelectric
24,95,62.577,small_hydroelectric
32,95,0.0,small_hydroelectric
39,95,0.0,small_hydroelectric
51,95,0.0,small_hydroelectric
64,95,6.128,small_hydroelectric
81,95,241.672,small_hydroelectric
95,95,418.922,small_hydroelectric
106,95,16.50152863307588,small_hydroelectric
125,95,0.0,small_hydroelectric
137,95,36.822,small_hydroelectric
145,95,0.0,small_hydroelectric
12,95,0.0,solar_photovoltaic
25,95,0.0,solar_photovoltaic
33,95,0.0,solar_photovoltaic
52,95,0.0,solar_photovoltaic
65,95,0.0,solar_photovoltaic
82,95,0.0,solar_photovoltaic
96,95,0.0,solar_photovoltaic
107,95,0.0,solar_photovoltaic
126,95,0.0,solar_photovoltaic
138,95,0.0,solar_photovoltaic
26,96,0.0,biomass
13,96,0.0,biomass
108,96,0.0,biomass
40,96,0.0,biomass
97,96,0.0,biomass
1,96,0.0,biomass
66,96,0.0,biomass
2,96,380.39735159999805,conventional_hydroelectric
14,96,27.65975519999987,conventional_hydroelectric
27,96,512.3675051999969,conventional_hydroelectric
35,96,359.4069423999987,conventional_hydroelectric
54,96,470.9525930999994,conventional_hydroelectric
67,96,79.56489251973176,conventional_hydroelectric
84,96,8965.749010799982,conventional_hydroelectric
109,96,105.1900528614,conventional_hydroelectric
128,96,22.51193999999993,conventional_hydroelectric
139,96,2.748172799999999,conventional_hydroelectric
110,96,0.0,conventional_steam_coal
41,96,0.0,conventional_steam_coal
3,96,0.0,conventional_steam_coal
36,96,0.0,conventional_steam_coal
85,96,0.0,conventional_steam_coal
28,96,74.364,geothermal
116,96,0.0,natural_gas_fired_combined_cycle
73,96,0.0,natural_gas_fired_combined_cycle
71,96,0.0,natural_gas_fired_combined_cycle
44,96,0.0,natural_gas_fired_combined_cycle
115,96,0.0,natural_gas_fired_combined_cycle
70,96,0.0,natural_gas_fired_combined_cycle
131,96,0.0,natural_gas_fired_combined_cycle
18,96,0.0,natural_gas_fired_combined_cycle
72,96,0.0,natural_gas_fired_combined_cycle
114,96,0.0,natural_gas_fired_combined_cycle
45,96,0.0,natural_gas_fired_combined_cycle
78,96,0.0,natural_gas_fired_combustion_turbine
75,96,0.0,natural_gas_fired_combustion_turbine
119,96,0.0,natural_gas_fired_combustion_turbine
117,96,0.0,natural_gas_fired_combustion_turbine
134,96,0.0,natural_gas_fired_combustion_turbine
103,96,0.0,natural_gas_fired_combustion_turbine
47,96,0.0,natural_gas_fired_combustion_turbine
8,96,0.0,natural_gas_fired_combustion_turbine
90,96,0.0,natural_gas_fired_combustion_turbine
60,96,0.0,natural_gas_fired_combustion_turbine
46,96,0.0,natural_gas_fired_combustion_turbine
37,96,0.0,natural_gas_fired_combustion_turbine
7,96,0.0,natural_gas_fired_combustion_turbine
133,96,0.0,natural_gas_fired_combustion_turbine
74,96,0.0,natural_gas_fired_combustion_turbine
20,96,0.0,natural_gas_fired_combustion_turbine
135,96,0.0,natural_gas_fired_combustion_turbine
142,96,0.0,natural_gas_fired_combustion_turbine
121,96,0.0,natural_gas_fired_combustion_turbine
91,96,0.0,natural_gas_fired_combustion_turbine
22,96,0.0,natural_gas_steam_turbine
123,96,0.0,natural_gas_steam_turbine
62,96,0.0,natural_gas_steam_turbine
49,96,0.0,natural_gas_steam_turbine
48,96,0.0,natural_gas_steam_turbine
21,96,0.0,natural_gas_steam_turbine
79,96,0.0,nuclear
10,96,571.6691400000001,onshore_wind_turbine
23,96,950.334,onshore_wind_turbine
31,96,6438.13702,onshore_wind_turbine
38,96,969.0933,onshore_wind_turbine
50,96,3316.8441599999996,onshore_wind_turbine
63,96,60.029199971999994,onshore_wind_turbine
80,96,331.76723999999996,onshore_wind_turbine
94,96,13927.828599999999,onshore_wind_turbine
105,96,2471.538440196,onshore_wind_turbine
124,96,25421.466487648002,onshore_wind_turbine
136,96,3577.9325400000002,onshore_wind_turbine
144,96,6808.46292,onshore_wind_turbine
11,96,19.125,small_hydroelectric
24,96,62.577,small_hydroelectric
32,96,192.0,small_hydroelectric
39,96,0.0,small_hydroelectric
51,96,0.0,small_hydroelectric
64,96,6.128,small_hydroelectric
81,96,241.672,small_hydroelectric
95,96,418.922,small_hydroelectric
106,96,31.614,small_hydroelectric
125,96,100.697,small_hydroelectric
137,96,36.822,small_hydroelectric
145,96,33.21,small_hydroelectric
12,96,0.0,solar_photovoltaic
25,96,0.0,solar_photovoltaic
33,96,0.0,solar_photovoltaic
52,96,0.0,solar_photovoltaic
65,96,0.0,solar_photovoltaic
82,96,0.0,solar_photovoltaic
96,96,0.0,solar_photovoltaic
107,96,0.0,solar_photovoltaic
126,96,0.0,solar_photovoltaic
138,96,0.0,solar_photovoltaic
