r_id,hour,gen,resource
26,1,0.0,biomass
13,1,0.0,biomass
108,1,0.0,biomass
40,1,0.0,biomass
97,1,0.0,biomass
1,1,0.0,biomass
66,1,0.0,biomass
2,1,862.4549975999998,conventional_hydroelectric
14,1,128.7025344,conventional_hydroelectric
27,1,819.844452,conventional_hydroelectric
35,1,833.4544592,conventional_hydroelectric
54,1,603.891981,conventional_hydroelectric
67,1,1425.5510466674878,conventional_hydroelectric
84,1,7242.061292358692,conventional_hydroelectric
109,1,107.76396152340001,conventional_hydroelectric
128,1,52.32546000000001,conventional_hydroelectric
139,1,47.5340736,conventional_hydroelectric
110,1,0.0,conventional_steam_coal
41,1,0.0,conventional_steam_coal
3,1,0.0,conventional_steam_coal
36,1,0.0,conventional_steam_coal
85,1,0.0,conventional_steam_coal
28,1,74.364,geothermal
116,1,0.0,natural_gas_fired_combined_cycle
73,1,0.0,natural_gas_fired_combined_cycle
71,1,0.0,natural_gas_fired_combined_cycle
44,1,0.0,natural_gas_fired_combined_cycle
115,1,0.0,natural_gas_fired_combined_cycle
70,1,0.0,natural_gas_fired_combined_cycle
131,1,0.0,natural_gas_fired_combined_cycle
18,1,0.0,natural_gas_fired_combined_cycle
72,1,0.0,natural_gas_fired_combined_cycle
114,1,0.0,natural_gas_fired_combined_cycle
45,1,0.0,natural_gas_fired_combined_cycle
78,1,0.0,natural_gas_fired_combustion_turbine
75,1,0.0,natural_gas_fired_combustion_turbine
119,1,0.0,natural_gas_fired_combustion_turbine
117,1,0.0,natural_gas_fired_combustion_turbine
134,1,0.0,natural_gas_fired_combustion_turbine
103,1,0.0,natural_gas_fired_combustion_turbine
47,1,0.0,natural_gas_fired_combustion_turbine
8,1,0.0,natural_gas_fired_combustion_turbine
90,1,0.0,natural_gas_fired_combustion_turbine
60,1,0.0,natural_gas_fired_combustion_turbine
46,1,0.0,natural_gas_fired_combustion_turbine
37,1,0.0,natural_gas_fired_combustion_turbine
7,1,0.0,natural_gas_fired_combustion_turbine
133,1,0.0,natural_gas_fired_combustion_turbine
74,1,0.0,natural_gas_fired_combustion_turbine
20,1,0.0,natural_gas_fired_combustion_turbine
135,1,0.0,natural_gas_fired_combustion_turbine
142,1,0.0,natural_gas_fired_combustion_turbine
121,1,0.0,natural_gas_fired_combustion_turbine
91,1,0.0,natural_gas_fired_combustion_turbine
22,1,0.0,natural_gas_steam_turbine
123,1,0.0,natural_gas_steam_turbine
62,1,0.0,natural_gas_steam_turbine
49,1,0.0,natural_gas_steam_turbine
48,1,0.0,natural_gas_steam_turbine
21,1,0.0,natural_gas_steam_turbine
79,1,0.0,nuclear
10,1,1444.30209,onshore_wind_turbine
23,1,14441.35,onshore_wind_turbine
31,1,518.89817,onshore_wind_turbine
38,1,1665.5226,onshore_wind_turbine
50,1,4759.83396,onshore_wind_turbine
63,1,47.951959680799995,onshore_wind_turbine
80,1,1638.39116,onshore_wind_turbine
94,1,4177.9808,onshore_wind_turbine
105,1,3086.356419006,onshore_wind_turbine
124,1,11469.598423313802,onshore_wind_turbine
136,1,3197.4736500000004,onshore_wind_turbine
144,1,13675.321169999997,onshore_wind_turbine
11,1,19.125,small_hydroelectric
24,1,62.577,small_hydroelectric
32,1,192.0,small_hydroelectric
39,1,52.9,small_hydroelectric
51,1,25.641,small_hydroelectric
64,1,6.128,small_hydroelectric
81,1,241.672,small_hydroelectric
95,1,418.922,small_hydroelectric
106,1,31.614,small_hydroelectric
125,1,100.697,small_hydroelectric
137,1,36.822,small_hydroelectric
145,1,33.21,small_hydroelectric
12,1,0.0,solar_photovoltaic
25,1,0.0,solar_photovoltaic
33,1,0.0,solar_photovoltaic
52,1,0.0,solar_photovoltaic
65,1,0.0,solar_photovoltaic
82,1,0.0,solar_photovoltaic
96,1,0.0,solar_photovoltaic
107,1,0.0,solar_photovoltaic
126,1,0.0,solar_photovoltaic
138,1,0.0,solar_photovoltaic
26,2,0.0,biomass
13,2,0.0,biomass
108,2,0.0,biomass
40,2,0.0,biomass
97,2,0.0,biomass
1,2,0.0,biomass
66,2,0.0,biomass
2,2,862.4549975999998,conventional_hydroelectric
14,2,128.7025344,conventional_hydroelectric
27,2,702.723816,conventional_hydroelectric
35,2,833.4544592,conventional_hydroelectric
54,2,517.621698,conventional_hydroelectric
67,2,1425.5510466674878,conventional_hydroelectric
84,2,4830.664118358693,conventional_hydroelectric
109,2,88.31064458500805,conventional_hydroelectric
128,2,52.32546000000001,conventional_hydroelectric
139,2,47.5340736,conventional_hydroelectric
110,2,0.0,conventional_steam_coal
41,2,0.0,conventional_steam_coal
3,2,0.0,conventional_steam_coal
36,2,0.0,conventional_steam_coal
85,2,0.0,conventional_steam_coal
28,2,0.0,geothermal
116,2,0.0,natural_gas_fired_combined_cycle
73,2,0.0,natural_gas_fired_combined_cycle
71,2,0.0,natural_gas_fired_combined_cycle
44,2,0.0,natural_gas_fired_combined_cycle
115,2,0.0,natural_gas_fired_combined_cycle
70,2,0.0,natural_gas_fired_combined_cycle
131,2,0.0,natural_gas_fired_combined_cycle
18,2,0.0,natural_gas_fired_combined_cycle
72,2,0.0,natural_gas_fired_combined_cycle
114,2,0.0,natural_gas_fired_combined_cycle
45,2,0.0,natural_gas_fired_combined_cycle
78,2,0.0,natural_gas_fired_combustion_turbine
75,2,0.0,natural_gas_fired_combustion_turbine
119,2,0.0,natural_gas_fired_combustion_turbine
117,2,0.0,natural_gas_fired_combustion_turbine
134,2,0.0,natural_gas_fired_combustion_turbine
103,2,0.0,natural_gas_fired_combustion_turbine
47,2,0.0,natural_gas_fired_combustion_turbine
8,2,0.0,natural_gas_fired_combustion_turbine
90,2,0.0,natural_gas_fired_combustion_turbine
60,2,0.0,natural_gas_fired_combustion_turbine
46,2,0.0,natural_gas_fired_combustion_turbine
37,2,0.0,natural_gas_fired_combustion_turbine
7,2,0.0,natural_gas_fired_combustion_turbine
133,2,0.0,natural_gas_fired_combustion_turbine
74,2,0.0,natural_gas_fired_combustion_turbine
20,2,0.0,natural_gas_fired_combustion_turbine
135,2,0.0,natural_gas_fired_combustion_turbine
142,2,0.0,natural_gas_fired_combustion_turbine
121,2,0.0,natural_gas_fired_combustion_turbine
91,2,0.0,natural_gas_fired_combustion_turbine
22,2,0.0,natural_gas_steam_turbine
123,2,0.0,natural_gas_steam_turbine
62,2,0.0,natural_gas_steam_turbine
49,2,0.0,natural_gas_steam_turbine
48,2,0.0,natural_gas_steam_turbine
21,2,0.0,natural_gas_steam_turbine
79,2,0.0,nuclear
10,2,1346.8625800000002,onshore_wind_turbine
23,2,14206.561599999999,onshore_wind_turbine
31,2,362.16005,onshore_wind_turbine
38,2,1537.71135,onshore_wind_turbine
50,2,3578.34372,onshore_wind_turbine
63,2,56.7630001008,onshore_wind_turbine
80,2,2042.6453599999998,onshore_wind_turbine
94,2,4086.0358,onshore_wind_turbine
105,2,3071.6907195450003,onshore_wind_turbine
124,2,14616.874291943002,onshore_wind_turbine
136,2,3458.3083500000007,onshore_wind_turbine
144,2,10906.949969999998,onshore_wind_turbine
11,2,0.0,small_hydroelectric
24,2,0.0,small_hydroelectric
32,2,192.0,small_hydroelectric
39,2,0.0,small_hydroelectric
51,2,0.0,small_hydroelectric
64,2,0.0,small_hydroelectric
81,2,0.0,small_hydroelectric
95,2,0.0,small_hydroelectric
106,2,0.0,small_hydroelectric
125,2,0.0,small_hydroelectric
137,2,0.0,small_hydroelectric
145,2,0.0,small_hydroelectric
12,2,0.0,solar_photovoltaic
25,2,0.0,solar_photovoltaic
33,2,0.0,solar_photovoltaic
52,2,0.0,solar_photovoltaic
65,2,0.0,solar_photovoltaic
82,2,0.0,solar_photovoltaic
96,2,0.0,solar_photovoltaic
107,2,0.0,solar_photovoltaic
126,2,0.0,solar_photovoltaic
138,2,0.0,solar_photovoltaic
26,3,0.0,biomass
13,3,0.0,biomass
108,3,0.0,biomass
40,3,0.0,biomass
97,3,0.0,biomass
1,3,0.0,biomass
66,3,0.0,biomass
2,3,862.4549975999998,conventional_hydroelectric
14,3,128.7025344,conventional_hydroelectric
27,3,585.6031800000001,conventional_hydroelectric
35,3,833.4544592,conventional_hydroelectric
54,3,431.35141500000003,conventional_hydroelectric
67,3,821.8084656674878,conventional_hydroelectric
84,3,2419.2669443586924,conventional_hydroelectric
109,3,107.76396152340001,conventional_hydroelectric
128,3,52.32546000000001,conventional_hydroelectric
139,3,47.5340736,conventional_hydroelectric
110,3,0.0,conventional_steam_coal
41,3,0.0,conventional_steam_coal
3,3,0.0,conventional_steam_coal
36,3,0.0,conventional_steam_coal
85,3,0.0,conventional_steam_coal
28,3,74.364,geothermal
116,3,0.0,natural_gas_fired_combined_cycle
73,3,0.0,natural_gas_fired_combined_cycle
71,3,0.0,natural_gas_fired_combined_cycle
44,3,0.0,natural_gas_fired_combined_cycle
115,3,0.0,natural_gas_fired_combined_cycle
70,3,0.0,natural_gas_fired_combined_cycle
131,3,0.0,natural_gas_fired_combined_cycle
18,3,0.0,natural_gas_fired_combined_cycle
72,3,0.0,natural_gas_fired_combined_cycle
114,3,0.0,natural_gas_fired_combined_cycle
45,3,0.0,natural_gas_fired_combined_cycle
78,3,0.0,natural_gas_fired_combustion_turbine
75,3,0.0,natural_gas_fired_combustion_turbine
119,3,0.0,natural_gas_fired_combustion_turbine
117,3,0.0,natural_gas_fired_combustion_turbine
134,3,0.0,natural_gas_fired_combustion_turbine
103,3,0.0,natural_gas_fired_combustion_turbine
47,3,0.0,natural_gas_fired_combustion_turbine
8,3,0.0,natural_gas_fired_combustion_turbine
90,3,0.0,natural_gas_fired_combustion_turbine
60,3,0.0,natural_gas_fired_combustion_turbine
46,3,0.0,natural_gas_fired_combustion_turbine
37,3,0.0,natural_gas_fired_combustion_turbine
7,3,0.0,natural_gas_fired_combustion_turbine
133,3,0.0,natural_gas_fired_combustion_turbine
74,3,0.0,natural_gas_fired_combustion_turbine
20,3,0.0,natural_gas_fired_combustion_turbine
135,3,0.0,natural_gas_fired_combustion_turbine
142,3,0.0,natural_gas_fired_combustion_turbine
121,3,0.0,natural_gas_fired_combustion_turbine
91,3,0.0,natural_gas_fired_combustion_turbine
22,3,0.0,natural_gas_steam_turbine
123,3,0.0,natural_gas_steam_turbine
62,3,0.0,natural_gas_steam_turbine
49,3,0.0,natural_gas_steam_turbine
48,3,0.0,natural_gas_steam_turbine
21,3,0.0,natural_gas_steam_turbine
79,3,0.0,nuclear
10,3,1303.81629,onshore_wind_turbine
23,3,11724.5128,onshore_wind_turbine
31,3,588.95536,onshore_wind_turbine
38,3,1504.7644500000001,onshore_wind_turbine
50,3,3425.91522,onshore_wind_turbine
63,3,327.85536007279995,onshore_wind_turbine
80,3,3211.7299199999998,onshore_wind_turbine
94,3,3269.5642000000003,onshore_wind_turbine
105,3,2861.1025785089996,onshore_wind_turbine
124,3,19631.490562838004,onshore_wind_turbine
136,3,2861.08683,onshore_wind_turbine
144,3,10578.20589,onshore_wind_turbine
11,3,19.125,small_hydroelectric
24,3,62.577,small_hydroelectric
32,3,192.0,small_hydroelectric
39,3,52.9,small_hydroelectric
51,3,25.641,small_hydroelectric
64,3,6.128,small_hydroelectric
81,3,241.672,small_hydroelectric
95,3,418.922,small_hydroelectric
106,3,31.614,small_hydroelectric
125,3,100.697,small_hydroelectric
137,3,36.822,small_hydroelectric
145,3,33.21,small_hydroelectric
12,3,0.0,solar_photovoltaic
25,3,0.0,solar_photovoltaic
33,3,0.0,solar_photovoltaic
52,3,0.0,solar_photovoltaic
65,3,0.0,solar_photovoltaic
82,3,0.0,solar_photovoltaic
96,3,0.0,solar_photovoltaic
107,3,0.0,solar_photovoltaic
126,3,0.0,solar_photovoltaic
138,3,0.0,solar_photovoltaic
26,4,0.0,biomass
13,4,0.0,biomass
108,4,0.0,biomass
40,4,0.0,biomass
97,4,0.0,biomass
1,4,0.0,biomass
66,4,0.0,biomass
2,4,862.4549975999998,conventional_hydroelectric
14,4,128.7025344,conventional_hydroelectric
27,4,468.4825440000001,conventional_hydroelectric
35,4,829.208512,conventional_hydroelectric
54,4,345.081132,conventional_hydroelectric
67,4,1425.5510466674878,conventional_hydroelectric
84,4,512.184676486913,conventional_hydroelectric
109,4,107.76396152340001,conventional_hydroelectric
128,4,50.397600000000004,conventional_hydroelectric
139,4,47.5340736,conventional_hydroelectric
110,4,0.0,conventional_steam_coal
41,4,0.0,conventional_steam_coal
3,4,0.0,conventional_steam_coal
36,4,0.0,conventional_steam_coal
85,4,0.0,conventional_steam_coal
28,4,74.364,geothermal
116,4,0.0,natural_gas_fired_combined_cycle
73,4,0.0,natural_gas_fired_combined_cycle
71,4,0.0,natural_gas_fired_combined_cycle
44,4,0.0,natural_gas_fired_combined_cycle
115,4,0.0,natural_gas_fired_combined_cycle
70,4,0.0,natural_gas_fired_combined_cycle
131,4,0.0,natural_gas_fired_combined_cycle
18,4,0.0,natural_gas_fired_combined_cycle
72,4,0.0,natural_gas_fired_combined_cycle
114,4,0.0,natural_gas_fired_combined_cycle
45,4,0.0,natural_gas_fired_combined_cycle
78,4,0.0,natural_gas_fired_combustion_turbine
75,4,0.0,natural_gas_fired_combustion_turbine
119,4,0.0,natural_gas_fired_combustion_turbine
117,4,0.0,natural_gas_fired_combustion_turbine
134,4,0.0,natural_gas_fired_combustion_turbine
103,4,0.0,natural_gas_fired_combustion_turbine
47,4,0.0,natural_gas_fired_combustion_turbine
8,4,0.0,natural_gas_fired_combustion_turbine
90,4,0.0,natural_gas_fired_combustion_turbine
60,4,0.0,natural_gas_fired_combustion_turbine
46,4,0.0,natural_gas_fired_combustion_turbine
37,4,0.0,natural_gas_fired_combustion_turbine
7,4,0.0,natural_gas_fired_combustion_turbine
133,4,0.0,natural_gas_fired_combustion_turbine
74,4,0.0,natural_gas_fired_combustion_turbine
20,4,0.0,natural_gas_fired_combustion_turbine
135,4,0.0,natural_gas_fired_combustion_turbine
142,4,0.0,natural_gas_fired_combustion_turbine
121,4,0.0,natural_gas_fired_combustion_turbine
91,4,0.0,natural_gas_fired_combustion_turbine
22,4,0.0,natural_gas_steam_turbine
123,4,0.0,natural_gas_steam_turbine
62,4,0.0,natural_gas_steam_turbine
49,4,0.0,natural_gas_steam_turbine
48,4,0.0,natural_gas_steam_turbine
21,4,0.0,natural_gas_steam_turbine
79,4,0.0,nuclear
10,4,1406.2988800000003,onshore_wind_turbine
23,4,11651.840199999999,onshore_wind_turbine
31,4,801.5017500000001,onshore_wind_turbine
38,4,1693.9251000000002,onshore_wind_turbine
50,4,3697.576679999999,onshore_wind_turbine
63,4,85.37171978159999,onshore_wind_turbine
80,4,3333.47084,onshore_wind_turbine
94,4,2618.5936,onshore_wind_turbine
105,4,2934.261119706,onshore_wind_turbine
124,4,19582.9702722346,onshore_wind_turbine
136,4,2638.0281900000004,onshore_wind_turbine
144,4,11609.85672,onshore_wind_turbine
11,4,19.125,small_hydroelectric
24,4,62.577,small_hydroelectric
32,4,192.0,small_hydroelectric
39,4,52.9,small_hydroelectric
51,4,25.641,small_hydroelectric
64,4,6.128,small_hydroelectric
81,4,241.672,small_hydroelectric
95,4,418.922,small_hydroelectric
106,4,31.614,small_hydroelectric
125,4,100.697,small_hydroelectric
137,4,36.822,small_hydroelectric
145,4,33.21,small_hydroelectric
12,4,0.0,solar_photovoltaic
25,4,0.0,solar_photovoltaic
33,4,0.0,solar_photovoltaic
52,4,0.0,solar_photovoltaic
65,4,0.0,solar_photovoltaic
82,4,0.0,solar_photovoltaic
96,4,0.0,solar_photovoltaic
107,4,0.0,solar_photovoltaic
126,4,0.0,solar_photovoltaic
138,4,0.0,solar_photovoltaic
26,5,0.0,biomass
13,5,0.0,biomass
108,5,0.0,biomass
40,5,0.0,biomass
97,5,0.0,biomass
1,5,0.0,biomass
66,5,0.0,biomass
2,5,687.8644919999999,conventional_hydroelectric
14,5,117.130596,conventional_hydroelectric
27,5,351.3619080000001,conventional_hydroelectric
35,5,621.906384,conventional_hydroelectric
54,5,258.810849,conventional_hydroelectric
67,5,1124.5366172734007,conventional_hydroelectric
84,5,640.870802845182,conventional_hydroelectric
109,5,107.76396152340001,conventional_hydroelectric
128,5,37.7982,conventional_hydroelectric
139,5,47.5340736,conventional_hydroelectric
110,5,0.0,conventional_steam_coal
41,5,0.0,conventional_steam_coal
3,5,0.0,conventional_steam_coal
36,5,0.0,conventional_steam_coal
85,5,0.0,conventional_steam_coal
28,5,74.364,geothermal
116,5,0.0,natural_gas_fired_combined_cycle
73,5,0.0,natural_gas_fired_combined_cycle
71,5,0.0,natural_gas_fired_combined_cycle
44,5,0.0,natural_gas_fired_combined_cycle
115,5,0.0,natural_gas_fired_combined_cycle
70,5,0.0,natural_gas_fired_combined_cycle
131,5,0.0,natural_gas_fired_combined_cycle
18,5,0.0,natural_gas_fired_combined_cycle
72,5,0.0,natural_gas_fired_combined_cycle
114,5,0.0,natural_gas_fired_combined_cycle
45,5,0.0,natural_gas_fired_combined_cycle
78,5,0.0,natural_gas_fired_combustion_turbine
75,5,0.0,natural_gas_fired_combustion_turbine
119,5,0.0,natural_gas_fired_combustion_turbine
117,5,0.0,natural_gas_fired_combustion_turbine
134,5,0.0,natural_gas_fired_combustion_turbine
103,5,0.0,natural_gas_fired_combustion_turbine
47,5,0.0,natural_gas_fired_combustion_turbine
8,5,0.0,natural_gas_fired_combustion_turbine
90,5,0.0,natural_gas_fired_combustion_turbine
60,5,0.0,natural_gas_fired_combustion_turbine
46,5,0.0,natural_gas_fired_combustion_turbine
37,5,0.0,natural_gas_fired_combustion_turbine
7,5,0.0,natural_gas_fired_combustion_turbine
133,5,0.0,natural_gas_fired_combustion_turbine
74,5,0.0,natural_gas_fired_combustion_turbine
20,5,0.0,natural_gas_fired_combustion_turbine
135,5,0.0,natural_gas_fired_combustion_turbine
142,5,0.0,natural_gas_fired_combustion_turbine
121,5,0.0,natural_gas_fired_combustion_turbine
91,5,0.0,natural_gas_fired_combustion_turbine
22,5,0.0,natural_gas_steam_turbine
123,5,0.0,natural_gas_steam_turbine
62,5,0.0,natural_gas_steam_turbine
49,5,0.0,natural_gas_steam_turbine
48,5,0.0,natural_gas_steam_turbine
21,5,0.0,natural_gas_steam_turbine
79,5,0.0,nuclear
10,5,1392.2503000000002,onshore_wind_turbine
23,5,11204.624199999998,onshore_wind_turbine
31,5,802.6891599999999,onshore_wind_turbine
38,5,1783.10895,onshore_wind_turbine
50,5,3689.4471599999997,onshore_wind_turbine
63,5,42.7134397704,onshore_wind_turbine
80,5,4878.00068,onshore_wind_turbine
94,5,3372.5426,onshore_wind_turbine
105,5,3068.458541022,onshore_wind_turbine
124,5,22789.048724965603,onshore_wind_turbine
136,5,2408.6735400000002,onshore_wind_turbine
144,5,8616.555359999998,onshore_wind_turbine
11,5,19.125,small_hydroelectric
24,5,62.577,small_hydroelectric
32,5,192.0,small_hydroelectric
39,5,52.9,small_hydroelectric
51,5,25.641,small_hydroelectric
64,5,6.128,small_hydroelectric
81,5,241.672,small_hydroelectric
95,5,418.922,small_hydroelectric
106,5,31.614,small_hydroelectric
125,5,100.697,small_hydroelectric
137,5,36.822,small_hydroelectric
145,5,33.21,small_hydroelectric
12,5,0.0,solar_photovoltaic
25,5,0.0,solar_photovoltaic
33,5,0.0,solar_photovoltaic
52,5,0.0,solar_photovoltaic
65,5,0.0,solar_photovoltaic
82,5,0.0,solar_photovoltaic
96,5,0.0,solar_photovoltaic
107,5,0.0,solar_photovoltaic
126,5,0.0,solar_photovoltaic
138,5,0.0,solar_photovoltaic
26,6,0.0,biomass
13,6,0.0,biomass
108,6,0.0,biomass
40,6,0.0,biomass
97,6,0.0,biomass
1,6,0.0,biomass
66,6,0.0,biomass
2,6,458.576328,conventional_hydroelectric
14,6,78.087064,conventional_hydroelectric
27,6,234.24127200000004,conventional_hydroelectric
35,6,414.604256,conventional_hydroelectric
54,6,172.540566,conventional_hydroelectric
67,6,1207.485162,conventional_hydroelectric
84,6,3052.267976845182,conventional_hydroelectric
109,6,107.76396152340001,conventional_hydroelectric
128,6,25.198800000000002,conventional_hydroelectric
139,6,38.660736,conventional_hydroelectric
110,6,0.0,conventional_steam_coal
41,6,0.0,conventional_steam_coal
3,6,0.0,conventional_steam_coal
36,6,0.0,conventional_steam_coal
85,6,0.0,conventional_steam_coal
28,6,74.364,geothermal
116,6,0.0,natural_gas_fired_combined_cycle
73,6,0.0,natural_gas_fired_combined_cycle
71,6,0.0,natural_gas_fired_combined_cycle
44,6,0.0,natural_gas_fired_combined_cycle
115,6,0.0,natural_gas_fired_combined_cycle
70,6,0.0,natural_gas_fired_combined_cycle
131,6,0.0,natural_gas_fired_combined_cycle
18,6,0.0,natural_gas_fired_combined_cycle
72,6,0.0,natural_gas_fired_combined_cycle
114,6,0.0,natural_gas_fired_combined_cycle
45,6,0.0,natural_gas_fired_combined_cycle
78,6,0.0,natural_gas_fired_combustion_turbine
75,6,0.0,natural_gas_fired_combustion_turbine
119,6,0.0,natural_gas_fired_combustion_turbine
117,6,0.0,natural_gas_fired_combustion_turbine
134,6,0.0,natural_gas_fired_combustion_turbine
103,6,0.0,natural_gas_fired_combustion_turbine
47,6,0.0,natural_gas_fired_combustion_turbine
8,6,0.0,natural_gas_fired_combustion_turbine
90,6,0.0,natural_gas_fired_combustion_turbine
60,6,0.0,natural_gas_fired_combustion_turbine
46,6,0.0,natural_gas_fired_combustion_turbine
37,6,0.0,natural_gas_fired_combustion_turbine
7,6,0.0,natural_gas_fired_combustion_turbine
133,6,0.0,natural_gas_fired_combustion_turbine
74,6,0.0,natural_gas_fired_combustion_turbine
20,6,0.0,natural_gas_fired_combustion_turbine
135,6,0.0,natural_gas_fired_combustion_turbine
142,6,0.0,natural_gas_fired_combustion_turbine
121,6,0.0,natural_gas_fired_combustion_turbine
91,6,0.0,natural_gas_fired_combustion_turbine
22,6,0.0,natural_gas_steam_turbine
123,6,0.0,natural_gas_steam_turbine
62,6,0.0,natural_gas_steam_turbine
49,6,0.0,natural_gas_steam_turbine
48,6,0.0,natural_gas_steam_turbine
21,6,0.0,natural_gas_steam_turbine
79,6,0.0,nuclear
10,6,1126.76816,onshore_wind_turbine
23,6,13580.4592,onshore_wind_turbine
31,6,579.45608,onshore_wind_turbine
38,6,1411.0362,onshore_wind_turbine
50,6,3967.20576,onshore_wind_turbine
63,6,38.443999837599996,onshore_wind_turbine
80,6,3065.8266799999997,onshore_wind_turbine
94,6,2754.6722,onshore_wind_turbine
105,6,3072.773900658,onshore_wind_turbine
124,6,25775.085287135804,onshore_wind_turbine
136,6,1891.5012900000002,onshore_wind_turbine
144,6,7277.78835,onshore_wind_turbine
11,6,19.125,small_hydroelectric
24,6,62.577,small_hydroelectric
32,6,192.0,small_hydroelectric
39,6,52.9,small_hydroelectric
51,6,25.641,small_hydroelectric
64,6,6.128,small_hydroelectric
81,6,241.672,small_hydroelectric
95,6,418.922,small_hydroelectric
106,6,31.614,small_hydroelectric
125,6,100.697,small_hydroelectric
137,6,36.822,small_hydroelectric
145,6,33.21,small_hydroelectric
12,6,0.0,solar_photovoltaic
25,6,0.0,solar_photovoltaic
33,6,0.0,solar_photovoltaic
52,6,0.0,solar_photovoltaic
65,6,0.0,solar_photovoltaic
82,6,0.0,solar_photovoltaic
96,6,0.0,solar_photovoltaic
107,6,0.0,solar_photovoltaic
126,6,0.0,solar_photovoltaic
138,6,0.0,solar_photovoltaic
26,7,0.0,biomass
13,7,0.0,biomass
108,7,0.0,biomass
40,7,0.0,biomass
97,7,0.0,biomass
1,7,0.0,biomass
66,7,0.0,biomass
2,7,229.288164,conventional_hydroelectric
14,7,39.043532,conventional_hydroelectric
27,7,117.12063600000002,conventional_hydroelectric
35,7,207.302128,conventional_hydroelectric
54,7,86.270283,conventional_hydroelectric
67,7,603.742581,conventional_hydroelectric
84,7,2411.397174,conventional_hydroelectric
109,7,107.76396152340001,conventional_hydroelectric
128,7,12.599400000000001,conventional_hydroelectric
139,7,19.330368,conventional_hydroelectric
110,7,0.0,conventional_steam_coal
41,7,0.0,conventional_steam_coal
3,7,0.0,conventional_steam_coal
36,7,0.0,conventional_steam_coal
85,7,0.0,conventional_steam_coal
28,7,74.364,geothermal
116,7,0.0,natural_gas_fired_combined_cycle
73,7,0.0,natural_gas_fired_combined_cycle
71,7,0.0,natural_gas_fired_combined_cycle
44,7,0.0,natural_gas_fired_combined_cycle
115,7,0.0,natural_gas_fired_combined_cycle
70,7,0.0,natural_gas_fired_combined_cycle
131,7,0.0,natural_gas_fired_combined_cycle
18,7,0.0,natural_gas_fired_combined_cycle
72,7,0.0,natural_gas_fired_combined_cycle
114,7,0.0,natural_gas_fired_combined_cycle
45,7,0.0,natural_gas_fired_combined_cycle
78,7,0.0,natural_gas_fired_combustion_turbine
75,7,0.0,natural_gas_fired_combustion_turbine
119,7,0.0,natural_gas_fired_combustion_turbine
117,7,0.0,natural_gas_fired_combustion_turbine
134,7,0.0,natural_gas_fired_combustion_turbine
103,7,0.0,natural_gas_fired_combustion_turbine
47,7,0.0,natural_gas_fired_combustion_turbine
8,7,0.0,natural_gas_fired_combustion_turbine
90,7,0.0,natural_gas_fired_combustion_turbine
60,7,0.0,natural_gas_fired_combustion_turbine
46,7,0.0,natural_gas_fired_combustion_turbine
37,7,0.0,natural_gas_fired_combustion_turbine
7,7,0.0,natural_gas_fired_combustion_turbine
133,7,0.0,natural_gas_fired_combustion_turbine
74,7,0.0,natural_gas_fired_combustion_turbine
20,7,0.0,natural_gas_fired_combustion_turbine
135,7,0.0,natural_gas_fired_combustion_turbine
142,7,0.0,natural_gas_fired_combustion_turbine
121,7,0.0,natural_gas_fired_combustion_turbine
91,7,0.0,natural_gas_fired_combustion_turbine
22,7,0.0,natural_gas_steam_turbine
123,7,0.0,natural_gas_steam_turbine
62,7,0.0,natural_gas_steam_turbine
49,7,0.0,natural_gas_steam_turbine
48,7,0.0,natural_gas_steam_turbine
21,7,0.0,natural_gas_steam_turbine
79,7,0.0,nuclear
10,7,1064.81032,onshore_wind_turbine
23,7,12130.734,onshore_wind_turbine
31,7,508.21148,onshore_wind_turbine
38,7,1164.5024999999998,onshore_wind_turbine
50,7,3597.9900599999996,onshore_wind_turbine
63,7,15.9320000784,onshore_wind_turbine
80,7,4549.0214,onshore_wind_turbine
94,7,1956.5895999999998,onshore_wind_turbine
105,7,3079.0534590059997,onshore_wind_turbine
124,7,25935.324798829603,onshore_wind_turbine
136,7,1697.2244100000003,onshore_wind_turbine
144,7,6925.253579999999,onshore_wind_turbine
11,7,19.125,small_hydroelectric
24,7,62.577,small_hydroelectric
32,7,192.0,small_hydroelectric
39,7,52.9,small_hydroelectric
51,7,25.641,small_hydroelectric
64,7,6.128,small_hydroelectric
81,7,241.672,small_hydroelectric
95,7,418.922,small_hydroelectric
106,7,31.614,small_hydroelectric
125,7,100.697,small_hydroelectric
137,7,36.822,small_hydroelectric
145,7,33.21,small_hydroelectric
12,7,381.3642,solar_photovoltaic
25,7,798.8850799999999,solar_photovoltaic
33,7,0.0,solar_photovoltaic
52,7,834.25426,solar_photovoltaic
65,7,1346.8756017892001,solar_photovoltaic
82,7,0.0,solar_photovoltaic
96,7,0.0,solar_photovoltaic
107,7,568.2335384705001,solar_photovoltaic
126,7,8.638551162499999,solar_photovoltaic
138,7,164.37959999999995,solar_photovoltaic
26,8,0.0,biomass
13,8,0.0,biomass
108,8,0.0,biomass
40,8,0.0,biomass
97,8,0.0,biomass
1,8,0.0,biomass
66,8,0.0,biomass
2,8,0.0,conventional_hydroelectric
14,8,0.0,conventional_hydroelectric
27,8,0.0,conventional_hydroelectric
35,8,0.0,conventional_hydroelectric
54,8,0.0,conventional_hydroelectric
67,8,0.0,conventional_hydroelectric
84,8,0.0,conventional_hydroelectric
109,8,0.0,conventional_hydroelectric
128,8,0.0,conventional_hydroelectric
139,8,0.0,conventional_hydroelectric
110,8,0.0,conventional_steam_coal
41,8,0.0,conventional_steam_coal
3,8,0.0,conventional_steam_coal
36,8,0.0,conventional_steam_coal
85,8,0.0,conventional_steam_coal
28,8,0.0,geothermal
116,8,0.0,natural_gas_fired_combined_cycle
73,8,0.0,natural_gas_fired_combined_cycle
71,8,0.0,natural_gas_fired_combined_cycle
44,8,0.0,natural_gas_fired_combined_cycle
115,8,0.0,natural_gas_fired_combined_cycle
70,8,0.0,natural_gas_fired_combined_cycle
131,8,0.0,natural_gas_fired_combined_cycle
18,8,0.0,natural_gas_fired_combined_cycle
72,8,0.0,natural_gas_fired_combined_cycle
114,8,0.0,natural_gas_fired_combined_cycle
45,8,0.0,natural_gas_fired_combined_cycle
78,8,0.0,natural_gas_fired_combustion_turbine
75,8,0.0,natural_gas_fired_combustion_turbine
119,8,0.0,natural_gas_fired_combustion_turbine
117,8,0.0,natural_gas_fired_combustion_turbine
134,8,0.0,natural_gas_fired_combustion_turbine
103,8,0.0,natural_gas_fired_combustion_turbine
47,8,0.0,natural_gas_fired_combustion_turbine
8,8,0.0,natural_gas_fired_combustion_turbine
90,8,0.0,natural_gas_fired_combustion_turbine
60,8,0.0,natural_gas_fired_combustion_turbine
46,8,0.0,natural_gas_fired_combustion_turbine
37,8,0.0,natural_gas_fired_combustion_turbine
7,8,0.0,natural_gas_fired_combustion_turbine
133,8,0.0,natural_gas_fired_combustion_turbine
74,8,0.0,natural_gas_fired_combustion_turbine
20,8,0.0,natural_gas_fired_combustion_turbine
135,8,0.0,natural_gas_fired_combustion_turbine
142,8,0.0,natural_gas_fired_combustion_turbine
121,8,0.0,natural_gas_fired_combustion_turbine
91,8,0.0,natural_gas_fired_combustion_turbine
22,8,0.0,natural_gas_steam_turbine
123,8,0.0,natural_gas_steam_turbine
62,8,0.0,natural_gas_steam_turbine
49,8,0.0,natural_gas_steam_turbine
48,8,0.0,natural_gas_steam_turbine
21,8,0.0,natural_gas_steam_turbine
79,8,0.0,nuclear
10,8,0.0,onshore_wind_turbine
23,8,12207.1334,onshore_wind_turbine
31,8,962.9895100000001,onshore_wind_turbine
38,8,0.0,onshore_wind_turbine
50,8,4003.7885999999994,onshore_wind_turbine
63,8,0.0,onshore_wind_turbine
80,8,4075.0681999999997,onshore_wind_turbine
94,8,2887.073,onshore_wind_turbine
105,8,3160.212020973,onshore_wind_turbine
124,8,26008.580231018004,onshore_wind_turbine
136,8,0.0,onshore_wind_turbine
144,8,5997.41667,onshore_wind_turbine
11,8,0.0,small_hydroelectric
24,8,0.0,small_hydroelectric
32,8,0.0,small_hydroelectric
39,8,0.0,small_hydroelectric
51,8,0.0,small_hydroelectric
64,8,0.0,small_hydroelectric
81,8,0.0,small_hydroelectric
95,8,0.0,small_hydroelectric
106,8,0.0,small_hydroelectric
125,8,0.0,small_hydroelectric
137,8,0.0,small_hydroelectric
145,8,0.0,small_hydroelectric
12,8,3077.75034,solar_photovoltaic
25,8,1124.3429399999998,solar_photovoltaic
33,8,0.0,solar_photovoltaic
52,8,1248.6260490849022,solar_photovoltaic
65,8,7429.4422979266,solar_photovoltaic
82,8,5216.89378,solar_photovoltaic
96,8,0.0,solar_photovoltaic
107,8,6838.3375145294995,solar_photovoltaic
126,8,13784.163756468,solar_photovoltaic
138,8,0.0,solar_photovoltaic
26,9,0.0,biomass
13,9,0.0,biomass
108,9,0.0,biomass
40,9,0.0,biomass
97,9,0.0,biomass
1,9,0.0,biomass
66,9,0.0,biomass
2,9,0.0,conventional_hydroelectric
14,9,0.0,conventional_hydroelectric
27,9,0.0,conventional_hydroelectric
35,9,0.0,conventional_hydroelectric
54,9,0.0,conventional_hydroelectric
67,9,0.0,conventional_hydroelectric
84,9,0.0,conventional_hydroelectric
109,9,0.0,conventional_hydroelectric
128,9,0.0,conventional_hydroelectric
139,9,0.0,conventional_hydroelectric
110,9,0.0,conventional_steam_coal
41,9,0.0,conventional_steam_coal
3,9,0.0,conventional_steam_coal
36,9,0.0,conventional_steam_coal
85,9,0.0,conventional_steam_coal
28,9,0.0,geothermal
116,9,0.0,natural_gas_fired_combined_cycle
73,9,0.0,natural_gas_fired_combined_cycle
71,9,0.0,natural_gas_fired_combined_cycle
44,9,0.0,natural_gas_fired_combined_cycle
115,9,0.0,natural_gas_fired_combined_cycle
70,9,0.0,natural_gas_fired_combined_cycle
131,9,0.0,natural_gas_fired_combined_cycle
18,9,0.0,natural_gas_fired_combined_cycle
72,9,0.0,natural_gas_fired_combined_cycle
114,9,0.0,natural_gas_fired_combined_cycle
45,9,0.0,natural_gas_fired_combined_cycle
78,9,0.0,natural_gas_fired_combustion_turbine
75,9,0.0,natural_gas_fired_combustion_turbine
119,9,0.0,natural_gas_fired_combustion_turbine
117,9,0.0,natural_gas_fired_combustion_turbine
134,9,0.0,natural_gas_fired_combustion_turbine
103,9,0.0,natural_gas_fired_combustion_turbine
47,9,0.0,natural_gas_fired_combustion_turbine
8,9,0.0,natural_gas_fired_combustion_turbine
90,9,0.0,natural_gas_fired_combustion_turbine
60,9,0.0,natural_gas_fired_combustion_turbine
46,9,0.0,natural_gas_fired_combustion_turbine
37,9,0.0,natural_gas_fired_combustion_turbine
7,9,0.0,natural_gas_fired_combustion_turbine
133,9,0.0,natural_gas_fired_combustion_turbine
74,9,0.0,natural_gas_fired_combustion_turbine
20,9,0.0,natural_gas_fired_combustion_turbine
135,9,0.0,natural_gas_fired_combustion_turbine
142,9,0.0,natural_gas_fired_combustion_turbine
121,9,0.0,natural_gas_fired_combustion_turbine
91,9,0.0,natural_gas_fired_combustion_turbine
22,9,0.0,natural_gas_steam_turbine
123,9,0.0,natural_gas_steam_turbine
62,9,0.0,natural_gas_steam_turbine
49,9,0.0,natural_gas_steam_turbine
48,9,0.0,natural_gas_steam_turbine
21,9,0.0,natural_gas_steam_turbine
79,9,0.0,nuclear
10,9,0.0,onshore_wind_turbine
23,9,0.0,onshore_wind_turbine
31,9,0.0,onshore_wind_turbine
38,9,0.0,onshore_wind_turbine
50,9,0.0,onshore_wind_turbine
63,9,0.0,onshore_wind_turbine
80,9,3363.4338719091966,onshore_wind_turbine
94,9,2434.7036,onshore_wind_turbine
105,9,3063.173260392,onshore_wind_turbine
124,9,25823.6574339436,onshore_wind_turbine
136,9,0.0,onshore_wind_turbine
144,9,2506.67361,onshore_wind_turbine
11,9,0.0,small_hydroelectric
24,9,0.0,small_hydroelectric
32,9,0.0,small_hydroelectric
39,9,0.0,small_hydroelectric
51,9,0.0,small_hydroelectric
64,9,0.0,small_hydroelectric
81,9,0.0,small_hydroelectric
95,9,0.0,small_hydroelectric
106,9,0.0,small_hydroelectric
125,9,0.0,small_hydroelectric
137,9,0.0,small_hydroelectric
145,9,0.0,small_hydroelectric
12,9,5839.10964,solar_photovoltaic
25,9,0.0,solar_photovoltaic
33,9,0.0,solar_photovoltaic
52,9,2855.26458,solar_photovoltaic
65,9,11459.7606204662,solar_photovoltaic
82,9,9907.025660000001,solar_photovoltaic
96,9,0.0,solar_photovoltaic
107,9,10658.8932881375,solar_photovoltaic
126,9,23193.428805151503,solar_photovoltaic
138,9,0.0,solar_photovoltaic
26,10,0.0,biomass
13,10,0.0,biomass
108,10,0.0,biomass
40,10,0.0,biomass
97,10,0.0,biomass
1,10,0.0,biomass
66,10,0.0,biomass
2,10,0.0,conventional_hydroelectric
14,10,0.0,conventional_hydroelectric
27,10,0.0,conventional_hydroelectric
35,10,0.0,conventional_hydroelectric
54,10,0.0,conventional_hydroelectric
67,10,0.0,conventional_hydroelectric
84,10,0.0,conventional_hydroelectric
109,10,0.0,conventional_hydroelectric
128,10,0.0,conventional_hydroelectric
139,10,0.0,conventional_hydroelectric
110,10,0.0,conventional_steam_coal
41,10,0.0,conventional_steam_coal
3,10,0.0,conventional_steam_coal
36,10,0.0,conventional_steam_coal
85,10,0.0,conventional_steam_coal
28,10,0.0,geothermal
116,10,0.0,natural_gas_fired_combined_cycle
73,10,0.0,natural_gas_fired_combined_cycle
71,10,0.0,natural_gas_fired_combined_cycle
44,10,0.0,natural_gas_fired_combined_cycle
115,10,0.0,natural_gas_fired_combined_cycle
70,10,0.0,natural_gas_fired_combined_cycle
131,10,0.0,natural_gas_fired_combined_cycle
18,10,0.0,natural_gas_fired_combined_cycle
72,10,0.0,natural_gas_fired_combined_cycle
114,10,0.0,natural_gas_fired_combined_cycle
45,10,0.0,natural_gas_fired_combined_cycle
78,10,0.0,natural_gas_fired_combustion_turbine
75,10,0.0,natural_gas_fired_combustion_turbine
119,10,0.0,natural_gas_fired_combustion_turbine
117,10,0.0,natural_gas_fired_combustion_turbine
134,10,0.0,natural_gas_fired_combustion_turbine
103,10,0.0,natural_gas_fired_combustion_turbine
47,10,0.0,natural_gas_fired_combustion_turbine
8,10,0.0,natural_gas_fired_combustion_turbine
90,10,0.0,natural_gas_fired_combustion_turbine
60,10,0.0,natural_gas_fired_combustion_turbine
46,10,0.0,natural_gas_fired_combustion_turbine
37,10,0.0,natural_gas_fired_combustion_turbine
7,10,0.0,natural_gas_fired_combustion_turbine
133,10,0.0,natural_gas_fired_combustion_turbine
74,10,0.0,natural_gas_fired_combustion_turbine
20,10,0.0,natural_gas_fired_combustion_turbine
135,10,0.0,natural_gas_fired_combustion_turbine
142,10,0.0,natural_gas_fired_combustion_turbine
121,10,0.0,natural_gas_fired_combustion_turbine
91,10,0.0,natural_gas_fired_combustion_turbine
22,10,0.0,natural_gas_steam_turbine
123,10,0.0,natural_gas_steam_turbine
62,10,0.0,natural_gas_steam_turbine
49,10,0.0,natural_gas_steam_turbine
48,10,0.0,natural_gas_steam_turbine
21,10,0.0,natural_gas_steam_turbine
79,10,0.0,nuclear
10,10,395.34145,onshore_wind_turbine
23,10,14629.5534,onshore_wind_turbine
31,10,0.0,onshore_wind_turbine
38,10,0.0,onshore_wind_turbine
50,10,0.0,onshore_wind_turbine
63,10,0.0,onshore_wind_turbine
80,10,0.0,onshore_wind_turbine
94,10,1886.7114,onshore_wind_turbine
105,10,2850.610084061612,onshore_wind_turbine
124,10,25604.388385391205,onshore_wind_turbine
136,10,0.0,onshore_wind_turbine
144,10,0.0,onshore_wind_turbine
11,10,0.0,small_hydroelectric
24,10,0.0,small_hydroelectric
32,10,0.0,small_hydroelectric
39,10,0.0,small_hydroelectric
51,10,0.0,small_hydroelectric
64,10,0.0,small_hydroelectric
81,10,0.0,small_hydroelectric
95,10,0.0,small_hydroelectric
106,10,0.0,small_hydroelectric
125,10,0.0,small_hydroelectric
137,10,0.0,small_hydroelectric
145,10,0.0,small_hydroelectric
12,10,7867.402200000001,solar_photovoltaic
25,10,1693.8007799999996,solar_photovoltaic
33,10,0.0,solar_photovoltaic
52,10,3560.26818,solar_photovoltaic
65,10,13666.147050052701,solar_photovoltaic
82,10,0.0,solar_photovoltaic
96,10,0.0,solar_photovoltaic
107,10,0.0,solar_photovoltaic
126,10,28434.7237104945,solar_photovoltaic
138,10,2261.1327199999996,solar_photovoltaic
26,11,0.0,biomass
13,11,0.0,biomass
108,11,0.0,biomass
40,11,0.0,biomass
97,11,0.0,biomass
1,11,0.0,biomass
66,11,0.0,biomass
2,11,0.0,conventional_hydroelectric
14,11,0.0,conventional_hydroelectric
27,11,0.0,conventional_hydroelectric
35,11,0.0,conventional_hydroelectric
54,11,0.0,conventional_hydroelectric
67,11,0.0,conventional_hydroelectric
84,11,0.0,conventional_hydroelectric
109,11,0.0,conventional_hydroelectric
128,11,0.0,conventional_hydroelectric
139,11,0.0,conventional_hydroelectric
110,11,0.0,conventional_steam_coal
41,11,0.0,conventional_steam_coal
3,11,0.0,conventional_steam_coal
36,11,0.0,conventional_steam_coal
85,11,0.0,conventional_steam_coal
28,11,0.0,geothermal
116,11,0.0,natural_gas_fired_combined_cycle
73,11,0.0,natural_gas_fired_combined_cycle
71,11,0.0,natural_gas_fired_combined_cycle
44,11,0.0,natural_gas_fired_combined_cycle
115,11,0.0,natural_gas_fired_combined_cycle
70,11,0.0,natural_gas_fired_combined_cycle
131,11,0.0,natural_gas_fired_combined_cycle
18,11,0.0,natural_gas_fired_combined_cycle
72,11,0.0,natural_gas_fired_combined_cycle
114,11,0.0,natural_gas_fired_combined_cycle
45,11,0.0,natural_gas_fired_combined_cycle
78,11,0.0,natural_gas_fired_combustion_turbine
75,11,0.0,natural_gas_fired_combustion_turbine
119,11,0.0,natural_gas_fired_combustion_turbine
117,11,0.0,natural_gas_fired_combustion_turbine
134,11,0.0,natural_gas_fired_combustion_turbine
103,11,0.0,natural_gas_fired_combustion_turbine
47,11,0.0,natural_gas_fired_combustion_turbine
8,11,0.0,natural_gas_fired_combustion_turbine
90,11,0.0,natural_gas_fired_combustion_turbine
60,11,0.0,natural_gas_fired_combustion_turbine
46,11,0.0,natural_gas_fired_combustion_turbine
37,11,0.0,natural_gas_fired_combustion_turbine
7,11,0.0,natural_gas_fired_combustion_turbine
133,11,0.0,natural_gas_fired_combustion_turbine
74,11,0.0,natural_gas_fired_combustion_turbine
20,11,0.0,natural_gas_fired_combustion_turbine
135,11,0.0,natural_gas_fired_combustion_turbine
142,11,0.0,natural_gas_fired_combustion_turbine
121,11,0.0,natural_gas_fired_combustion_turbine
91,11,0.0,natural_gas_fired_combustion_turbine
22,11,0.0,natural_gas_steam_turbine
123,11,0.0,natural_gas_steam_turbine
62,11,0.0,natural_gas_steam_turbine
49,11,0.0,natural_gas_steam_turbine
48,11,0.0,natural_gas_steam_turbine
21,11,0.0,natural_gas_steam_turbine
79,11,0.0,nuclear
10,11,0.0,onshore_wind_turbine
23,11,14722.7234,onshore_wind_turbine
31,11,1117.35281,onshore_wind_turbine
38,11,526.58235,onshore_wind_turbine
50,11,5230.701002025993,onshore_wind_turbine
63,11,0.0,onshore_wind_turbine
80,11,0.0,onshore_wind_turbine
94,11,0.0,onshore_wind_turbine
105,11,2513.966839104,onshore_wind_turbine
124,11,0.0,onshore_wind_turbine
136,11,0.0,onshore_wind_turbine
144,11,0.0,onshore_wind_turbine
11,11,0.0,small_hydroelectric
24,11,0.0,small_hydroelectric
32,11,0.0,small_hydroelectric
39,11,0.0,small_hydroelectric
51,11,0.0,small_hydroelectric
64,11,0.0,small_hydroelectric
81,11,0.0,small_hydroelectric
95,11,0.0,small_hydroelectric
106,11,0.0,small_hydroelectric
125,11,0.0,small_hydroelectric
137,11,0.0,small_hydroelectric
145,11,0.0,small_hydroelectric
12,11,8747.36478,solar_photovoltaic
25,11,0.0,solar_photovoltaic
33,11,0.0,solar_photovoltaic
52,11,0.0,solar_photovoltaic
65,11,0.0,solar_photovoltaic
82,11,0.0,solar_photovoltaic
96,11,0.0,solar_photovoltaic
107,11,0.0,solar_photovoltaic
126,11,30683.921858870002,solar_photovoltaic
138,11,0.0,solar_photovoltaic
26,12,0.0,biomass
13,12,0.0,biomass
108,12,0.0,biomass
40,12,0.0,biomass
97,12,0.0,biomass
1,12,0.0,biomass
66,12,0.0,biomass
2,12,0.0,conventional_hydroelectric
14,12,0.0,conventional_hydroelectric
27,12,0.0,conventional_hydroelectric
35,12,0.0,conventional_hydroelectric
54,12,0.0,conventional_hydroelectric
67,12,0.0,conventional_hydroelectric
84,12,0.0,conventional_hydroelectric
109,12,0.0,conventional_hydroelectric
128,12,0.0,conventional_hydroelectric
139,12,0.0,conventional_hydroelectric
110,12,0.0,conventional_steam_coal
41,12,0.0,conventional_steam_coal
3,12,0.0,conventional_steam_coal
36,12,0.0,conventional_steam_coal
85,12,0.0,conventional_steam_coal
28,12,0.0,geothermal
116,12,0.0,natural_gas_fired_combined_cycle
73,12,0.0,natural_gas_fired_combined_cycle
71,12,0.0,natural_gas_fired_combined_cycle
44,12,0.0,natural_gas_fired_combined_cycle
115,12,0.0,natural_gas_fired_combined_cycle
70,12,0.0,natural_gas_fired_combined_cycle
131,12,0.0,natural_gas_fired_combined_cycle
18,12,0.0,natural_gas_fired_combined_cycle
72,12,0.0,natural_gas_fired_combined_cycle
114,12,0.0,natural_gas_fired_combined_cycle
45,12,0.0,natural_gas_fired_combined_cycle
78,12,0.0,natural_gas_fired_combustion_turbine
75,12,0.0,natural_gas_fired_combustion_turbine
119,12,0.0,natural_gas_fired_combustion_turbine
117,12,0.0,natural_gas_fired_combustion_turbine
134,12,0.0,natural_gas_fired_combustion_turbine
103,12,0.0,natural_gas_fired_combustion_turbine
47,12,0.0,natural_gas_fired_combustion_turbine
8,12,0.0,natural_gas_fired_combustion_turbine
90,12,0.0,natural_gas_fired_combustion_turbine
60,12,0.0,natural_gas_fired_combustion_turbine
46,12,0.0,natural_gas_fired_combustion_turbine
37,12,0.0,natural_gas_fired_combustion_turbine
7,12,0.0,natural_gas_fired_combustion_turbine
133,12,0.0,natural_gas_fired_combustion_turbine
74,12,0.0,natural_gas_fired_combustion_turbine
20,12,0.0,natural_gas_fired_combustion_turbine
135,12,0.0,natural_gas_fired_combustion_turbine
142,12,0.0,natural_gas_fired_combustion_turbine
121,12,0.0,natural_gas_fired_combustion_turbine
91,12,0.0,natural_gas_fired_combustion_turbine
22,12,0.0,natural_gas_steam_turbine
123,12,0.0,natural_gas_steam_turbine
62,12,0.0,natural_gas_steam_turbine
49,12,0.0,natural_gas_steam_turbine
48,12,0.0,natural_gas_steam_turbine
21,12,0.0,natural_gas_steam_turbine
79,12,0.0,nuclear
10,12,0.0,onshore_wind_turbine
23,12,14692.909,onshore_wind_turbine
31,12,0.0,onshore_wind_turbine
38,12,0.0,onshore_wind_turbine
50,12,0.0,onshore_wind_turbine
63,12,0.0,onshore_wind_turbine
80,12,0.0,onshore_wind_turbine
94,12,0.0,onshore_wind_turbine
105,12,0.0,onshore_wind_turbine
124,12,24821.387651291003,onshore_wind_turbine
136,12,0.0,onshore_wind_turbine
144,12,10526.298929999999,onshore_wind_turbine
11,12,0.0,small_hydroelectric
24,12,0.0,small_hydroelectric
32,12,0.0,small_hydroelectric
39,12,0.0,small_hydroelectric
51,12,0.0,small_hydroelectric
64,12,0.0,small_hydroelectric
81,12,0.0,small_hydroelectric
95,12,0.0,small_hydroelectric
106,12,0.0,small_hydroelectric
125,12,0.0,small_hydroelectric
137,12,0.0,small_hydroelectric
145,12,0.0,small_hydroelectric
12,12,8305.264799999999,solar_photovoltaic
25,12,0.0,solar_photovoltaic
33,12,0.0,solar_photovoltaic
52,12,0.0,solar_photovoltaic
65,12,0.0,solar_photovoltaic
82,12,13067.59706,solar_photovoltaic
96,12,602.3271124569928,solar_photovoltaic
107,12,0.0,solar_photovoltaic
126,12,30931.679506252,solar_photovoltaic
138,12,0.0,solar_photovoltaic
26,13,0.0,biomass
13,13,0.0,biomass
108,13,0.0,biomass
40,13,0.0,biomass
97,13,0.0,biomass
1,13,0.0,biomass
66,13,0.0,biomass
2,13,0.0,conventional_hydroelectric
14,13,0.0,conventional_hydroelectric
27,13,0.0,conventional_hydroelectric
35,13,0.0,conventional_hydroelectric
54,13,0.0,conventional_hydroelectric
67,13,0.0,conventional_hydroelectric
84,13,0.0,conventional_hydroelectric
109,13,0.0,conventional_hydroelectric
128,13,0.0,conventional_hydroelectric
139,13,0.0,conventional_hydroelectric
110,13,0.0,conventional_steam_coal
41,13,0.0,conventional_steam_coal
3,13,0.0,conventional_steam_coal
36,13,0.0,conventional_steam_coal
85,13,0.0,conventional_steam_coal
28,13,0.0,geothermal
116,13,0.0,natural_gas_fired_combined_cycle
73,13,0.0,natural_gas_fired_combined_cycle
71,13,0.0,natural_gas_fired_combined_cycle
44,13,0.0,natural_gas_fired_combined_cycle
115,13,0.0,natural_gas_fired_combined_cycle
70,13,0.0,natural_gas_fired_combined_cycle
131,13,0.0,natural_gas_fired_combined_cycle
18,13,0.0,natural_gas_fired_combined_cycle
72,13,0.0,natural_gas_fired_combined_cycle
114,13,0.0,natural_gas_fired_combined_cycle
45,13,0.0,natural_gas_fired_combined_cycle
78,13,0.0,natural_gas_fired_combustion_turbine
75,13,0.0,natural_gas_fired_combustion_turbine
119,13,0.0,natural_gas_fired_combustion_turbine
117,13,0.0,natural_gas_fired_combustion_turbine
134,13,0.0,natural_gas_fired_combustion_turbine
103,13,0.0,natural_gas_fired_combustion_turbine
47,13,0.0,natural_gas_fired_combustion_turbine
8,13,0.0,natural_gas_fired_combustion_turbine
90,13,0.0,natural_gas_fired_combustion_turbine
60,13,0.0,natural_gas_fired_combustion_turbine
46,13,0.0,natural_gas_fired_combustion_turbine
37,13,0.0,natural_gas_fired_combustion_turbine
7,13,0.0,natural_gas_fired_combustion_turbine
133,13,0.0,natural_gas_fired_combustion_turbine
74,13,0.0,natural_gas_fired_combustion_turbine
20,13,0.0,natural_gas_fired_combustion_turbine
135,13,0.0,natural_gas_fired_combustion_turbine
142,13,0.0,natural_gas_fired_combustion_turbine
121,13,0.0,natural_gas_fired_combustion_turbine
91,13,0.0,natural_gas_fired_combustion_turbine
22,13,0.0,natural_gas_steam_turbine
123,13,0.0,natural_gas_steam_turbine
62,13,0.0,natural_gas_steam_turbine
49,13,0.0,natural_gas_steam_turbine
48,13,0.0,natural_gas_steam_turbine
21,13,0.0,natural_gas_steam_turbine
79,13,0.0,nuclear
10,13,0.0,onshore_wind_turbine
23,13,14819.6202,onshore_wind_turbine
31,13,0.0,onshore_wind_turbine
38,13,0.0,onshore_wind_turbine
50,13,0.0,onshore_wind_turbine
63,13,0.0,onshore_wind_turbine
80,13,0.0,onshore_wind_turbine
94,13,0.0,onshore_wind_turbine
105,13,0.0,onshore_wind_turbine
124,13,16207.280593781203,onshore_wind_turbine
136,13,3593.2228500000006,onshore_wind_turbine
144,13,9321.624899999999,onshore_wind_turbine
11,13,0.0,small_hydroelectric
24,13,0.0,small_hydroelectric
32,13,0.0,small_hydroelectric
39,13,0.0,small_hydroelectric
51,13,0.0,small_hydroelectric
64,13,0.0,small_hydroelectric
81,13,0.0,small_hydroelectric
95,13,0.0,small_hydroelectric
106,13,0.0,small_hydroelectric
125,13,0.0,small_hydroelectric
137,13,0.0,small_hydroelectric
145,13,0.0,small_hydroelectric
12,13,0.0,solar_photovoltaic
25,13,0.0,solar_photovoltaic
33,13,0.0,solar_photovoltaic
52,13,0.0,solar_photovoltaic
65,13,0.0,solar_photovoltaic
82,13,13091.008700000002,solar_photovoltaic
96,13,0.0,solar_photovoltaic
107,13,15136.363513523795,solar_photovoltaic
126,13,29720.573402695,solar_photovoltaic
138,13,0.0,solar_photovoltaic
26,14,0.0,biomass
13,14,0.0,biomass
108,14,0.0,biomass
40,14,0.0,biomass
97,14,0.0,biomass
1,14,0.0,biomass
66,14,0.0,biomass
2,14,0.0,conventional_hydroelectric
14,14,0.0,conventional_hydroelectric
27,14,0.0,conventional_hydroelectric
35,14,0.0,conventional_hydroelectric
54,14,0.0,conventional_hydroelectric
67,14,0.0,conventional_hydroelectric
84,14,0.0,conventional_hydroelectric
109,14,0.0,conventional_hydroelectric
128,14,0.0,conventional_hydroelectric
139,14,0.0,conventional_hydroelectric
110,14,0.0,conventional_steam_coal
41,14,0.0,conventional_steam_coal
3,14,0.0,conventional_steam_coal
36,14,0.0,conventional_steam_coal
85,14,0.0,conventional_steam_coal
28,14,0.0,geothermal
116,14,0.0,natural_gas_fired_combined_cycle
73,14,0.0,natural_gas_fired_combined_cycle
71,14,0.0,natural_gas_fired_combined_cycle
44,14,0.0,natural_gas_fired_combined_cycle
115,14,0.0,natural_gas_fired_combined_cycle
70,14,0.0,natural_gas_fired_combined_cycle
131,14,0.0,natural_gas_fired_combined_cycle
18,14,0.0,natural_gas_fired_combined_cycle
72,14,0.0,natural_gas_fired_combined_cycle
114,14,0.0,natural_gas_fired_combined_cycle
45,14,0.0,natural_gas_fired_combined_cycle
78,14,0.0,natural_gas_fired_combustion_turbine
75,14,0.0,natural_gas_fired_combustion_turbine
119,14,0.0,natural_gas_fired_combustion_turbine
117,14,0.0,natural_gas_fired_combustion_turbine
134,14,0.0,natural_gas_fired_combustion_turbine
103,14,0.0,natural_gas_fired_combustion_turbine
47,14,0.0,natural_gas_fired_combustion_turbine
8,14,0.0,natural_gas_fired_combustion_turbine
90,14,0.0,natural_gas_fired_combustion_turbine
60,14,0.0,natural_gas_fired_combustion_turbine
46,14,0.0,natural_gas_fired_combustion_turbine
37,14,0.0,natural_gas_fired_combustion_turbine
7,14,0.0,natural_gas_fired_combustion_turbine
133,14,0.0,natural_gas_fired_combustion_turbine
74,14,0.0,natural_gas_fired_combustion_turbine
20,14,0.0,natural_gas_fired_combustion_turbine
135,14,0.0,natural_gas_fired_combustion_turbine
142,14,0.0,natural_gas_fired_combustion_turbine
121,14,0.0,natural_gas_fired_combustion_turbine
91,14,0.0,natural_gas_fired_combustion_turbine
22,14,0.0,natural_gas_steam_turbine
123,14,0.0,natural_gas_steam_turbine
62,14,0.0,natural_gas_steam_turbine
49,14,0.0,natural_gas_steam_turbine
48,14,0.0,natural_gas_steam_turbine
21,14,0.0,natural_gas_steam_turbine
79,14,0.0,nuclear
10,14,0.0,onshore_wind_turbine
23,14,14663.0946,onshore_wind_turbine
31,14,0.0,onshore_wind_turbine
38,14,0.0,onshore_wind_turbine
50,14,4410.2645999999995,onshore_wind_turbine
63,14,0.0,onshore_wind_turbine
80,14,6847.229759999999,onshore_wind_turbine
94,14,5288.6764,onshore_wind_turbine
105,14,0.0,onshore_wind_turbine
124,14,15398.887912531201,onshore_wind_turbine
136,14,3489.7884000000004,onshore_wind_turbine
144,14,9795.27591,onshore_wind_turbine
11,14,0.0,small_hydroelectric
24,14,0.0,small_hydroelectric
32,14,0.0,small_hydroelectric
39,14,0.0,small_hydroelectric
51,14,0.0,small_hydroelectric
64,14,0.0,small_hydroelectric
81,14,0.0,small_hydroelectric
95,14,0.0,small_hydroelectric
106,14,0.0,small_hydroelectric
125,14,0.0,small_hydroelectric
137,14,0.0,small_hydroelectric
145,14,0.0,small_hydroelectric
12,14,0.0,solar_photovoltaic
25,14,1116.2253874688104,solar_photovoltaic
33,14,0.0,solar_photovoltaic
52,14,0.0,solar_photovoltaic
65,14,0.0,solar_photovoltaic
82,14,0.0,solar_photovoltaic
96,14,0.0,solar_photovoltaic
107,14,0.0,solar_photovoltaic
126,14,0.0,solar_photovoltaic
138,14,0.0,solar_photovoltaic
26,15,0.0,biomass
13,15,0.0,biomass
108,15,0.0,biomass
40,15,0.0,biomass
97,15,0.0,biomass
1,15,0.0,biomass
66,15,0.0,biomass
2,15,0.0,conventional_hydroelectric
14,15,0.0,conventional_hydroelectric
27,15,0.0,conventional_hydroelectric
35,15,0.0,conventional_hydroelectric
54,15,0.0,conventional_hydroelectric
67,15,0.0,conventional_hydroelectric
84,15,0.0,conventional_hydroelectric
109,15,0.0,conventional_hydroelectric
128,15,0.0,conventional_hydroelectric
139,15,0.0,conventional_hydroelectric
110,15,0.0,conventional_steam_coal
41,15,0.0,conventional_steam_coal
3,15,0.0,conventional_steam_coal
36,15,0.0,conventional_steam_coal
85,15,0.0,conventional_steam_coal
28,15,0.0,geothermal
116,15,0.0,natural_gas_fired_combined_cycle
73,15,0.0,natural_gas_fired_combined_cycle
71,15,0.0,natural_gas_fired_combined_cycle
44,15,0.0,natural_gas_fired_combined_cycle
115,15,0.0,natural_gas_fired_combined_cycle
70,15,0.0,natural_gas_fired_combined_cycle
131,15,0.0,natural_gas_fired_combined_cycle
18,15,0.0,natural_gas_fired_combined_cycle
72,15,0.0,natural_gas_fired_combined_cycle
114,15,0.0,natural_gas_fired_combined_cycle
45,15,0.0,natural_gas_fired_combined_cycle
78,15,0.0,natural_gas_fired_combustion_turbine
75,15,0.0,natural_gas_fired_combustion_turbine
119,15,0.0,natural_gas_fired_combustion_turbine
117,15,0.0,natural_gas_fired_combustion_turbine
134,15,0.0,natural_gas_fired_combustion_turbine
103,15,0.0,natural_gas_fired_combustion_turbine
47,15,0.0,natural_gas_fired_combustion_turbine
8,15,0.0,natural_gas_fired_combustion_turbine
90,15,0.0,natural_gas_fired_combustion_turbine
60,15,0.0,natural_gas_fired_combustion_turbine
46,15,0.0,natural_gas_fired_combustion_turbine
37,15,0.0,natural_gas_fired_combustion_turbine
7,15,0.0,natural_gas_fired_combustion_turbine
133,15,0.0,natural_gas_fired_combustion_turbine
74,15,0.0,natural_gas_fired_combustion_turbine
20,15,0.0,natural_gas_fired_combustion_turbine
135,15,0.0,natural_gas_fired_combustion_turbine
142,15,0.0,natural_gas_fired_combustion_turbine
121,15,0.0,natural_gas_fired_combustion_turbine
91,15,0.0,natural_gas_fired_combustion_turbine
22,15,0.0,natural_gas_steam_turbine
123,15,0.0,natural_gas_steam_turbine
62,15,0.0,natural_gas_steam_turbine
49,15,0.0,natural_gas_steam_turbine
48,15,0.0,natural_gas_steam_turbine
21,15,0.0,natural_gas_steam_turbine
79,15,0.0,nuclear
10,15,0.0,onshore_wind_turbine
23,15,0.0,onshore_wind_turbine
31,15,0.0,onshore_wind_turbine
38,15,0.0,onshore_wind_turbine
50,15,0.0,onshore_wind_turbine
63,15,0.0,onshore_wind_turbine
80,15,0.0,onshore_wind_turbine
94,15,0.0,onshore_wind_turbine
105,15,0.0,onshore_wind_turbine
124,15,21287.856587335802,onshore_wind_turbine
136,15,0.0,onshore_wind_turbine
144,15,10775.019779999999,onshore_wind_turbine
11,15,0.0,small_hydroelectric
24,15,0.0,small_hydroelectric
32,15,0.0,small_hydroelectric
39,15,0.0,small_hydroelectric
51,15,0.0,small_hydroelectric
64,15,0.0,small_hydroelectric
81,15,0.0,small_hydroelectric
95,15,0.0,small_hydroelectric
106,15,0.0,small_hydroelectric
125,15,0.0,small_hydroelectric
137,15,0.0,small_hydroelectric
145,15,0.0,small_hydroelectric
12,15,0.0,solar_photovoltaic
25,15,0.0,solar_photovoltaic
33,15,0.0,solar_photovoltaic
52,15,0.0,solar_photovoltaic
65,15,0.0,solar_photovoltaic
82,15,0.0,solar_photovoltaic
96,15,0.0,solar_photovoltaic
107,15,0.0,solar_photovoltaic
126,15,28133.484052664193,solar_photovoltaic
138,15,0.0,solar_photovoltaic
26,16,0.0,biomass
13,16,0.0,biomass
108,16,0.0,biomass
40,16,0.0,biomass
97,16,0.0,biomass
1,16,0.0,biomass
66,16,0.0,biomass
2,16,0.0,conventional_hydroelectric
14,16,0.0,conventional_hydroelectric
27,16,0.0,conventional_hydroelectric
35,16,0.0,conventional_hydroelectric
54,16,0.0,conventional_hydroelectric
67,16,0.0,conventional_hydroelectric
84,16,0.0,conventional_hydroelectric
109,16,0.0,conventional_hydroelectric
128,16,0.0,conventional_hydroelectric
139,16,0.0,conventional_hydroelectric
110,16,0.0,conventional_steam_coal
41,16,0.0,conventional_steam_coal
3,16,0.0,conventional_steam_coal
36,16,0.0,conventional_steam_coal
85,16,0.0,conventional_steam_coal
28,16,0.0,geothermal
116,16,0.0,natural_gas_fired_combined_cycle
73,16,0.0,natural_gas_fired_combined_cycle
71,16,0.0,natural_gas_fired_combined_cycle
44,16,0.0,natural_gas_fired_combined_cycle
115,16,0.0,natural_gas_fired_combined_cycle
70,16,0.0,natural_gas_fired_combined_cycle
131,16,0.0,natural_gas_fired_combined_cycle
18,16,0.0,natural_gas_fired_combined_cycle
72,16,0.0,natural_gas_fired_combined_cycle
114,16,0.0,natural_gas_fired_combined_cycle
45,16,0.0,natural_gas_fired_combined_cycle
78,16,0.0,natural_gas_fired_combustion_turbine
75,16,0.0,natural_gas_fired_combustion_turbine
119,16,0.0,natural_gas_fired_combustion_turbine
117,16,0.0,natural_gas_fired_combustion_turbine
134,16,0.0,natural_gas_fired_combustion_turbine
103,16,0.0,natural_gas_fired_combustion_turbine
47,16,0.0,natural_gas_fired_combustion_turbine
8,16,0.0,natural_gas_fired_combustion_turbine
90,16,0.0,natural_gas_fired_combustion_turbine
60,16,0.0,natural_gas_fired_combustion_turbine
46,16,0.0,natural_gas_fired_combustion_turbine
37,16,0.0,natural_gas_fired_combustion_turbine
7,16,0.0,natural_gas_fired_combustion_turbine
133,16,0.0,natural_gas_fired_combustion_turbine
74,16,0.0,natural_gas_fired_combustion_turbine
20,16,0.0,natural_gas_fired_combustion_turbine
135,16,0.0,natural_gas_fired_combustion_turbine
142,16,0.0,natural_gas_fired_combustion_turbine
121,16,0.0,natural_gas_fired_combustion_turbine
91,16,0.0,natural_gas_fired_combustion_turbine
22,16,0.0,natural_gas_steam_turbine
123,16,0.0,natural_gas_steam_turbine
62,16,0.0,natural_gas_steam_turbine
49,16,0.0,natural_gas_steam_turbine
48,16,0.0,natural_gas_steam_turbine
21,16,0.0,natural_gas_steam_turbine
79,16,0.0,nuclear
10,16,0.0,onshore_wind_turbine
23,16,0.0,onshore_wind_turbine
31,16,4180.869906914264,onshore_wind_turbine
38,16,0.0,onshore_wind_turbine
50,16,0.0,onshore_wind_turbine
63,16,0.0,onshore_wind_turbine
80,16,0.0,onshore_wind_turbine
94,16,0.0,onshore_wind_turbine
105,16,3105.1546403849998,onshore_wind_turbine
124,16,24051.306941123006,onshore_wind_turbine
136,16,2723.4740400000005,onshore_wind_turbine
144,16,11979.693809999997,onshore_wind_turbine
11,16,0.0,small_hydroelectric
24,16,0.0,small_hydroelectric
32,16,0.0,small_hydroelectric
39,16,0.0,small_hydroelectric
51,16,0.0,small_hydroelectric
64,16,0.0,small_hydroelectric
81,16,0.0,small_hydroelectric
95,16,0.0,small_hydroelectric
106,16,0.0,small_hydroelectric
125,16,0.0,small_hydroelectric
137,16,0.0,small_hydroelectric
145,16,0.0,small_hydroelectric
12,16,0.0,solar_photovoltaic
25,16,0.0,solar_photovoltaic
33,16,0.0,solar_photovoltaic
52,16,0.0,solar_photovoltaic
65,16,0.0,solar_photovoltaic
82,16,0.0,solar_photovoltaic
96,16,795.18516,solar_photovoltaic
107,16,14100.5433787085,solar_photovoltaic
126,16,28145.318158492497,solar_photovoltaic
138,16,2103.1456599999997,solar_photovoltaic
26,17,0.0,biomass
13,17,0.0,biomass
108,17,0.0,biomass
40,17,0.0,biomass
97,17,0.0,biomass
1,17,0.0,biomass
66,17,0.0,biomass
2,17,0.0,conventional_hydroelectric
14,17,0.0,conventional_hydroelectric
27,17,0.0,conventional_hydroelectric
35,17,0.0,conventional_hydroelectric
54,17,0.0,conventional_hydroelectric
67,17,0.0,conventional_hydroelectric
84,17,0.0,conventional_hydroelectric
109,17,0.0,conventional_hydroelectric
128,17,0.0,conventional_hydroelectric
139,17,0.0,conventional_hydroelectric
110,17,0.0,conventional_steam_coal
41,17,0.0,conventional_steam_coal
3,17,0.0,conventional_steam_coal
36,17,0.0,conventional_steam_coal
85,17,0.0,conventional_steam_coal
28,17,0.0,geothermal
116,17,0.0,natural_gas_fired_combined_cycle
73,17,0.0,natural_gas_fired_combined_cycle
71,17,0.0,natural_gas_fired_combined_cycle
44,17,0.0,natural_gas_fired_combined_cycle
115,17,0.0,natural_gas_fired_combined_cycle
70,17,0.0,natural_gas_fired_combined_cycle
131,17,0.0,natural_gas_fired_combined_cycle
18,17,0.0,natural_gas_fired_combined_cycle
72,17,0.0,natural_gas_fired_combined_cycle
114,17,0.0,natural_gas_fired_combined_cycle
45,17,0.0,natural_gas_fired_combined_cycle
78,17,0.0,natural_gas_fired_combustion_turbine
75,17,0.0,natural_gas_fired_combustion_turbine
119,17,0.0,natural_gas_fired_combustion_turbine
117,17,0.0,natural_gas_fired_combustion_turbine
134,17,0.0,natural_gas_fired_combustion_turbine
103,17,0.0,natural_gas_fired_combustion_turbine
47,17,0.0,natural_gas_fired_combustion_turbine
8,17,0.0,natural_gas_fired_combustion_turbine
90,17,0.0,natural_gas_fired_combustion_turbine
60,17,0.0,natural_gas_fired_combustion_turbine
46,17,0.0,natural_gas_fired_combustion_turbine
37,17,0.0,natural_gas_fired_combustion_turbine
7,17,0.0,natural_gas_fired_combustion_turbine
133,17,0.0,natural_gas_fired_combustion_turbine
74,17,0.0,natural_gas_fired_combustion_turbine
20,17,0.0,natural_gas_fired_combustion_turbine
135,17,0.0,natural_gas_fired_combustion_turbine
142,17,0.0,natural_gas_fired_combustion_turbine
121,17,0.0,natural_gas_fired_combustion_turbine
91,17,0.0,natural_gas_fired_combustion_turbine
22,17,0.0,natural_gas_steam_turbine
123,17,0.0,natural_gas_steam_turbine
62,17,0.0,natural_gas_steam_turbine
49,17,0.0,natural_gas_steam_turbine
48,17,0.0,natural_gas_steam_turbine
21,17,0.0,natural_gas_steam_turbine
79,17,0.0,nuclear
10,17,0.0,onshore_wind_turbine
23,17,14590.422,onshore_wind_turbine
31,17,0.0,onshore_wind_turbine
38,17,0.0,onshore_wind_turbine
50,17,0.0,onshore_wind_turbine
63,17,0.0,onshore_wind_turbine
80,17,8765.346239999999,onshore_wind_turbine
94,17,22883.2716,onshore_wind_turbine
105,17,2963.711100441,onshore_wind_turbine
124,17,24099.534491247603,onshore_wind_turbine
136,17,0.0,onshore_wind_turbine
144,17,0.0,onshore_wind_turbine
11,17,0.0,small_hydroelectric
24,17,0.0,small_hydroelectric
32,17,0.0,small_hydroelectric
39,17,0.0,small_hydroelectric
51,17,0.0,small_hydroelectric
64,17,0.0,small_hydroelectric
81,17,0.0,small_hydroelectric
95,17,0.0,small_hydroelectric
106,17,0.0,small_hydroelectric
125,17,0.0,small_hydroelectric
137,17,0.0,small_hydroelectric
145,17,0.0,small_hydroelectric
12,17,5209.152480000001,solar_photovoltaic
25,17,0.0,solar_photovoltaic
33,17,459.8737360775067,solar_photovoltaic
52,17,788.6363799999999,solar_photovoltaic
65,17,11245.2321922339,solar_photovoltaic
82,17,10375.258460000001,solar_photovoltaic
96,17,0.0,solar_photovoltaic
107,17,0.0,solar_photovoltaic
126,17,0.0,solar_photovoltaic
138,17,0.0,solar_photovoltaic
26,18,0.0,biomass
13,18,0.0,biomass
108,18,0.0,biomass
40,18,0.0,biomass
97,18,0.0,biomass
1,18,0.0,biomass
66,18,0.0,biomass
2,18,0.0,conventional_hydroelectric
14,18,0.0,conventional_hydroelectric
27,18,0.0,conventional_hydroelectric
35,18,0.0,conventional_hydroelectric
54,18,0.0,conventional_hydroelectric
67,18,0.0,conventional_hydroelectric
84,18,0.0,conventional_hydroelectric
109,18,0.0,conventional_hydroelectric
128,18,0.0,conventional_hydroelectric
139,18,0.0,conventional_hydroelectric
110,18,0.0,conventional_steam_coal
41,18,0.0,conventional_steam_coal
3,18,0.0,conventional_steam_coal
36,18,0.0,conventional_steam_coal
85,18,0.0,conventional_steam_coal
28,18,0.0,geothermal
116,18,0.0,natural_gas_fired_combined_cycle
73,18,0.0,natural_gas_fired_combined_cycle
71,18,0.0,natural_gas_fired_combined_cycle
44,18,0.0,natural_gas_fired_combined_cycle
115,18,0.0,natural_gas_fired_combined_cycle
70,18,0.0,natural_gas_fired_combined_cycle
131,18,0.0,natural_gas_fired_combined_cycle
18,18,0.0,natural_gas_fired_combined_cycle
72,18,0.0,natural_gas_fired_combined_cycle
114,18,0.0,natural_gas_fired_combined_cycle
45,18,0.0,natural_gas_fired_combined_cycle
78,18,0.0,natural_gas_fired_combustion_turbine
75,18,0.0,natural_gas_fired_combustion_turbine
119,18,0.0,natural_gas_fired_combustion_turbine
117,18,0.0,natural_gas_fired_combustion_turbine
134,18,0.0,natural_gas_fired_combustion_turbine
103,18,0.0,natural_gas_fired_combustion_turbine
47,18,0.0,natural_gas_fired_combustion_turbine
8,18,0.0,natural_gas_fired_combustion_turbine
90,18,0.0,natural_gas_fired_combustion_turbine
60,18,0.0,natural_gas_fired_combustion_turbine
46,18,0.0,natural_gas_fired_combustion_turbine
37,18,0.0,natural_gas_fired_combustion_turbine
7,18,0.0,natural_gas_fired_combustion_turbine
133,18,0.0,natural_gas_fired_combustion_turbine
74,18,0.0,natural_gas_fired_combustion_turbine
20,18,0.0,natural_gas_fired_combustion_turbine
135,18,0.0,natural_gas_fired_combustion_turbine
142,18,0.0,natural_gas_fired_combustion_turbine
121,18,0.0,natural_gas_fired_combustion_turbine
91,18,0.0,natural_gas_fired_combustion_turbine
22,18,0.0,natural_gas_steam_turbine
123,18,0.0,natural_gas_steam_turbine
62,18,0.0,natural_gas_steam_turbine
49,18,0.0,natural_gas_steam_turbine
48,18,0.0,natural_gas_steam_turbine
21,18,0.0,natural_gas_steam_turbine
79,18,0.0,nuclear
10,18,0.0,onshore_wind_turbine
23,18,0.0,onshore_wind_turbine
31,18,3140.69945,onshore_wind_turbine
38,18,0.0,onshore_wind_turbine
50,18,5230.668659999999,onshore_wind_turbine
63,18,0.0,onshore_wind_turbine
80,18,0.0,onshore_wind_turbine
94,18,21356.9846,onshore_wind_turbine
105,18,0.0,onshore_wind_turbine
124,18,23561.524286823606,onshore_wind_turbine
136,18,2019.6313473595796,onshore_wind_turbine
144,18,12377.64717,onshore_wind_turbine
11,18,0.0,small_hydroelectric
24,18,0.0,small_hydroelectric
32,18,0.0,small_hydroelectric
39,18,0.0,small_hydroelectric
51,18,0.0,small_hydroelectric
64,18,0.0,small_hydroelectric
81,18,0.0,small_hydroelectric
95,18,0.0,small_hydroelectric
106,18,0.0,small_hydroelectric
125,18,0.0,small_hydroelectric
137,18,0.0,small_hydroelectric
145,18,0.0,small_hydroelectric
12,18,2127.16476,solar_photovoltaic
25,18,0.0,solar_photovoltaic
33,18,0.0,solar_photovoltaic
52,18,0.0,solar_photovoltaic
65,18,6101.0981464223,solar_photovoltaic
82,18,6898.62992,solar_photovoltaic
96,18,0.0,solar_photovoltaic
107,18,4878.919499702501,solar_photovoltaic
126,18,15226.978549692001,solar_photovoltaic
138,18,787.1956399999999,solar_photovoltaic
26,19,0.0,biomass
13,19,0.0,biomass
108,19,0.0,biomass
40,19,0.0,biomass
97,19,0.0,biomass
1,19,0.0,biomass
66,19,0.0,biomass
2,19,0.0,conventional_hydroelectric
14,19,0.0,conventional_hydroelectric
27,19,0.0,conventional_hydroelectric
35,19,0.0,conventional_hydroelectric
54,19,0.0,conventional_hydroelectric
67,19,0.0,conventional_hydroelectric
84,19,0.0,conventional_hydroelectric
109,19,0.0,conventional_hydroelectric
128,19,0.0,conventional_hydroelectric
139,19,0.0,conventional_hydroelectric
110,19,0.0,conventional_steam_coal
41,19,0.0,conventional_steam_coal
3,19,0.0,conventional_steam_coal
36,19,0.0,conventional_steam_coal
85,19,0.0,conventional_steam_coal
28,19,0.0,geothermal
116,19,0.0,natural_gas_fired_combined_cycle
73,19,0.0,natural_gas_fired_combined_cycle
71,19,0.0,natural_gas_fired_combined_cycle
44,19,0.0,natural_gas_fired_combined_cycle
115,19,0.0,natural_gas_fired_combined_cycle
70,19,0.0,natural_gas_fired_combined_cycle
131,19,0.0,natural_gas_fired_combined_cycle
18,19,0.0,natural_gas_fired_combined_cycle
72,19,0.0,natural_gas_fired_combined_cycle
114,19,0.0,natural_gas_fired_combined_cycle
45,19,0.0,natural_gas_fired_combined_cycle
78,19,0.0,natural_gas_fired_combustion_turbine
75,19,0.0,natural_gas_fired_combustion_turbine
119,19,0.0,natural_gas_fired_combustion_turbine
117,19,0.0,natural_gas_fired_combustion_turbine
134,19,0.0,natural_gas_fired_combustion_turbine
103,19,0.0,natural_gas_fired_combustion_turbine
47,19,0.0,natural_gas_fired_combustion_turbine
8,19,0.0,natural_gas_fired_combustion_turbine
90,19,0.0,natural_gas_fired_combustion_turbine
60,19,0.0,natural_gas_fired_combustion_turbine
46,19,0.0,natural_gas_fired_combustion_turbine
37,19,0.0,natural_gas_fired_combustion_turbine
7,19,0.0,natural_gas_fired_combustion_turbine
133,19,0.0,natural_gas_fired_combustion_turbine
74,19,0.0,natural_gas_fired_combustion_turbine
20,19,0.0,natural_gas_fired_combustion_turbine
135,19,0.0,natural_gas_fired_combustion_turbine
142,19,0.0,natural_gas_fired_combustion_turbine
121,19,0.0,natural_gas_fired_combustion_turbine
91,19,0.0,natural_gas_fired_combustion_turbine
22,19,0.0,natural_gas_steam_turbine
123,19,0.0,natural_gas_steam_turbine
62,19,0.0,natural_gas_steam_turbine
49,19,0.0,natural_gas_steam_turbine
48,19,0.0,natural_gas_steam_turbine
21,19,0.0,natural_gas_steam_turbine
79,19,0.0,nuclear
10,19,0.0,onshore_wind_turbine
23,19,0.0,onshore_wind_turbine
31,19,0.0,onshore_wind_turbine
38,19,0.0,onshore_wind_turbine
50,19,0.0,onshore_wind_turbine
63,19,0.0,onshore_wind_turbine
80,19,4626.626025714395,onshore_wind_turbine
94,19,26086.635400000003,onshore_wind_turbine
105,19,0.0,onshore_wind_turbine
124,19,24710.961114285605,onshore_wind_turbine
136,19,0.0,onshore_wind_turbine
144,19,11895.345,onshore_wind_turbine
11,19,0.0,small_hydroelectric
24,19,0.0,small_hydroelectric
32,19,0.0,small_hydroelectric
39,19,0.0,small_hydroelectric
51,19,0.0,small_hydroelectric
64,19,0.0,small_hydroelectric
81,19,0.0,small_hydroelectric
95,19,0.0,small_hydroelectric
106,19,0.0,small_hydroelectric
125,19,0.0,small_hydroelectric
137,19,0.0,small_hydroelectric
145,19,0.0,small_hydroelectric
12,19,0.0,solar_photovoltaic
25,19,0.0,solar_photovoltaic
33,19,0.0,solar_photovoltaic
52,19,0.0,solar_photovoltaic
65,19,0.0,solar_photovoltaic
82,19,0.0,solar_photovoltaic
96,19,0.0,solar_photovoltaic
107,19,0.0,solar_photovoltaic
126,19,0.0,solar_photovoltaic
138,19,0.0,solar_photovoltaic
26,20,0.0,biomass
13,20,0.0,biomass
108,20,0.0,biomass
40,20,0.0,biomass
97,20,0.0,biomass
1,20,0.0,biomass
66,20,0.0,biomass
2,20,0.0,conventional_hydroelectric
14,20,0.0,conventional_hydroelectric
27,20,0.0,conventional_hydroelectric
35,20,0.0,conventional_hydroelectric
54,20,0.0,conventional_hydroelectric
67,20,0.0,conventional_hydroelectric
84,20,0.0,conventional_hydroelectric
109,20,0.0,conventional_hydroelectric
128,20,0.0,conventional_hydroelectric
139,20,0.0,conventional_hydroelectric
110,20,0.0,conventional_steam_coal
41,20,0.0,conventional_steam_coal
3,20,0.0,conventional_steam_coal
36,20,0.0,conventional_steam_coal
85,20,0.0,conventional_steam_coal
28,20,0.0,geothermal
116,20,0.0,natural_gas_fired_combined_cycle
73,20,0.0,natural_gas_fired_combined_cycle
71,20,0.0,natural_gas_fired_combined_cycle
44,20,0.0,natural_gas_fired_combined_cycle
115,20,0.0,natural_gas_fired_combined_cycle
70,20,0.0,natural_gas_fired_combined_cycle
131,20,0.0,natural_gas_fired_combined_cycle
18,20,0.0,natural_gas_fired_combined_cycle
72,20,0.0,natural_gas_fired_combined_cycle
114,20,0.0,natural_gas_fired_combined_cycle
45,20,0.0,natural_gas_fired_combined_cycle
78,20,0.0,natural_gas_fired_combustion_turbine
75,20,0.0,natural_gas_fired_combustion_turbine
119,20,0.0,natural_gas_fired_combustion_turbine
117,20,0.0,natural_gas_fired_combustion_turbine
134,20,0.0,natural_gas_fired_combustion_turbine
103,20,0.0,natural_gas_fired_combustion_turbine
47,20,0.0,natural_gas_fired_combustion_turbine
8,20,0.0,natural_gas_fired_combustion_turbine
90,20,0.0,natural_gas_fired_combustion_turbine
60,20,0.0,natural_gas_fired_combustion_turbine
46,20,0.0,natural_gas_fired_combustion_turbine
37,20,0.0,natural_gas_fired_combustion_turbine
7,20,0.0,natural_gas_fired_combustion_turbine
133,20,0.0,natural_gas_fired_combustion_turbine
74,20,0.0,natural_gas_fired_combustion_turbine
20,20,0.0,natural_gas_fired_combustion_turbine
135,20,0.0,natural_gas_fired_combustion_turbine
142,20,0.0,natural_gas_fired_combustion_turbine
121,20,0.0,natural_gas_fired_combustion_turbine
91,20,0.0,natural_gas_fired_combustion_turbine
22,20,0.0,natural_gas_steam_turbine
123,20,0.0,natural_gas_steam_turbine
62,20,0.0,natural_gas_steam_turbine
49,20,0.0,natural_gas_steam_turbine
48,20,0.0,natural_gas_steam_turbine
21,20,0.0,natural_gas_steam_turbine
79,20,0.0,nuclear
10,20,0.0,onshore_wind_turbine
23,20,14964.965400000001,onshore_wind_turbine
31,20,6546.191330000001,onshore_wind_turbine
38,20,2147.79705,onshore_wind_turbine
50,20,4807.93362,onshore_wind_turbine
63,20,0.0,onshore_wind_turbine
80,20,8063.709639999999,onshore_wind_turbine
94,20,30257.260599999998,onshore_wind_turbine
105,20,2646.8494364006074,onshore_wind_turbine
124,20,25935.238143599403,onshore_wind_turbine
136,20,0.0,onshore_wind_turbine
144,20,16047.901799999998,onshore_wind_turbine
11,20,0.0,small_hydroelectric
24,20,0.0,small_hydroelectric
32,20,0.0,small_hydroelectric
39,20,0.0,small_hydroelectric
51,20,0.0,small_hydroelectric
64,20,0.0,small_hydroelectric
81,20,0.0,small_hydroelectric
95,20,0.0,small_hydroelectric
106,20,0.0,small_hydroelectric
125,20,0.0,small_hydroelectric
137,20,0.0,small_hydroelectric
145,20,0.0,small_hydroelectric
12,20,0.0,solar_photovoltaic
25,20,0.0,solar_photovoltaic
33,20,0.0,solar_photovoltaic
52,20,0.0,solar_photovoltaic
65,20,0.0,solar_photovoltaic
82,20,0.0,solar_photovoltaic
96,20,0.0,solar_photovoltaic
107,20,0.0,solar_photovoltaic
126,20,0.0,solar_photovoltaic
138,20,0.0,solar_photovoltaic
26,21,0.0,biomass
13,21,0.0,biomass
108,21,0.0,biomass
40,21,0.0,biomass
97,21,0.0,biomass
1,21,0.0,biomass
66,21,0.0,biomass
2,21,0.0,conventional_hydroelectric
14,21,0.0,conventional_hydroelectric
27,21,0.0,conventional_hydroelectric
35,21,0.0,conventional_hydroelectric
54,21,0.0,conventional_hydroelectric
67,21,0.0,conventional_hydroelectric
84,21,0.0,conventional_hydroelectric
109,21,0.0,conventional_hydroelectric
128,21,0.0,conventional_hydroelectric
139,21,0.0,conventional_hydroelectric
110,21,0.0,conventional_steam_coal
41,21,0.0,conventional_steam_coal
3,21,0.0,conventional_steam_coal
36,21,0.0,conventional_steam_coal
85,21,0.0,conventional_steam_coal
28,21,0.0,geothermal
116,21,0.0,natural_gas_fired_combined_cycle
73,21,0.0,natural_gas_fired_combined_cycle
71,21,0.0,natural_gas_fired_combined_cycle
44,21,0.0,natural_gas_fired_combined_cycle
115,21,0.0,natural_gas_fired_combined_cycle
70,21,0.0,natural_gas_fired_combined_cycle
131,21,0.0,natural_gas_fired_combined_cycle
18,21,0.0,natural_gas_fired_combined_cycle
72,21,0.0,natural_gas_fired_combined_cycle
114,21,0.0,natural_gas_fired_combined_cycle
45,21,0.0,natural_gas_fired_combined_cycle
78,21,0.0,natural_gas_fired_combustion_turbine
75,21,0.0,natural_gas_fired_combustion_turbine
119,21,0.0,natural_gas_fired_combustion_turbine
117,21,0.0,natural_gas_fired_combustion_turbine
134,21,0.0,natural_gas_fired_combustion_turbine
103,21,0.0,natural_gas_fired_combustion_turbine
47,21,0.0,natural_gas_fired_combustion_turbine
8,21,0.0,natural_gas_fired_combustion_turbine
90,21,0.0,natural_gas_fired_combustion_turbine
60,21,0.0,natural_gas_fired_combustion_turbine
46,21,0.0,natural_gas_fired_combustion_turbine
37,21,0.0,natural_gas_fired_combustion_turbine
7,21,0.0,natural_gas_fired_combustion_turbine
133,21,0.0,natural_gas_fired_combustion_turbine
74,21,0.0,natural_gas_fired_combustion_turbine
20,21,0.0,natural_gas_fired_combustion_turbine
135,21,0.0,natural_gas_fired_combustion_turbine
142,21,0.0,natural_gas_fired_combustion_turbine
121,21,0.0,natural_gas_fired_combustion_turbine
91,21,0.0,natural_gas_fired_combustion_turbine
22,21,0.0,natural_gas_steam_turbine
123,21,0.0,natural_gas_steam_turbine
62,21,0.0,natural_gas_steam_turbine
49,21,0.0,natural_gas_steam_turbine
48,21,0.0,natural_gas_steam_turbine
21,21,0.0,natural_gas_steam_turbine
79,21,0.0,nuclear
10,21,0.0,onshore_wind_turbine
23,21,0.0,onshore_wind_turbine
31,21,0.0,onshore_wind_turbine
38,21,0.0,onshore_wind_turbine
50,21,0.0,onshore_wind_turbine
63,21,0.0,onshore_wind_turbine
80,21,5940.2134399999995,onshore_wind_turbine
94,21,21507.7744,onshore_wind_turbine
105,21,0.0,onshore_wind_turbine
124,21,26550.637124550005,onshore_wind_turbine
136,21,0.0,onshore_wind_turbine
144,21,16373.47773545,onshore_wind_turbine
11,21,0.0,small_hydroelectric
24,21,0.0,small_hydroelectric
32,21,0.0,small_hydroelectric
39,21,0.0,small_hydroelectric
51,21,0.0,small_hydroelectric
64,21,0.0,small_hydroelectric
81,21,0.0,small_hydroelectric
95,21,0.0,small_hydroelectric
106,21,0.0,small_hydroelectric
125,21,0.0,small_hydroelectric
137,21,0.0,small_hydroelectric
145,21,0.0,small_hydroelectric
12,21,0.0,solar_photovoltaic
25,21,0.0,solar_photovoltaic
33,21,0.0,solar_photovoltaic
52,21,0.0,solar_photovoltaic
65,21,0.0,solar_photovoltaic
82,21,0.0,solar_photovoltaic
96,21,0.0,solar_photovoltaic
107,21,0.0,solar_photovoltaic
126,21,0.0,solar_photovoltaic
138,21,0.0,solar_photovoltaic
26,22,0.0,biomass
13,22,0.0,biomass
108,22,0.0,biomass
40,22,0.0,biomass
97,22,0.0,biomass
1,22,0.0,biomass
66,22,0.0,biomass
2,22,0.0,conventional_hydroelectric
14,22,0.0,conventional_hydroelectric
27,22,0.0,conventional_hydroelectric
35,22,0.0,conventional_hydroelectric
54,22,0.0,conventional_hydroelectric
67,22,0.0,conventional_hydroelectric
84,22,0.0,conventional_hydroelectric
109,22,0.0,conventional_hydroelectric
128,22,0.0,conventional_hydroelectric
139,22,0.0,conventional_hydroelectric
110,22,0.0,conventional_steam_coal
41,22,0.0,conventional_steam_coal
3,22,0.0,conventional_steam_coal
36,22,0.0,conventional_steam_coal
85,22,0.0,conventional_steam_coal
28,22,0.0,geothermal
116,22,0.0,natural_gas_fired_combined_cycle
73,22,0.0,natural_gas_fired_combined_cycle
71,22,0.0,natural_gas_fired_combined_cycle
44,22,0.0,natural_gas_fired_combined_cycle
115,22,0.0,natural_gas_fired_combined_cycle
70,22,0.0,natural_gas_fired_combined_cycle
131,22,0.0,natural_gas_fired_combined_cycle
18,22,0.0,natural_gas_fired_combined_cycle
72,22,0.0,natural_gas_fired_combined_cycle
114,22,0.0,natural_gas_fired_combined_cycle
45,22,0.0,natural_gas_fired_combined_cycle
78,22,0.0,natural_gas_fired_combustion_turbine
75,22,0.0,natural_gas_fired_combustion_turbine
119,22,0.0,natural_gas_fired_combustion_turbine
117,22,0.0,natural_gas_fired_combustion_turbine
134,22,0.0,natural_gas_fired_combustion_turbine
103,22,0.0,natural_gas_fired_combustion_turbine
47,22,0.0,natural_gas_fired_combustion_turbine
8,22,0.0,natural_gas_fired_combustion_turbine
90,22,0.0,natural_gas_fired_combustion_turbine
60,22,0.0,natural_gas_fired_combustion_turbine
46,22,0.0,natural_gas_fired_combustion_turbine
37,22,0.0,natural_gas_fired_combustion_turbine
7,22,0.0,natural_gas_fired_combustion_turbine
133,22,0.0,natural_gas_fired_combustion_turbine
74,22,0.0,natural_gas_fired_combustion_turbine
20,22,0.0,natural_gas_fired_combustion_turbine
135,22,0.0,natural_gas_fired_combustion_turbine
142,22,0.0,natural_gas_fired_combustion_turbine
121,22,0.0,natural_gas_fired_combustion_turbine
91,22,0.0,natural_gas_fired_combustion_turbine
22,22,0.0,natural_gas_steam_turbine
123,22,0.0,natural_gas_steam_turbine
62,22,0.0,natural_gas_steam_turbine
49,22,0.0,natural_gas_steam_turbine
48,22,0.0,natural_gas_steam_turbine
21,22,0.0,natural_gas_steam_turbine
79,22,0.0,nuclear
10,22,183.78320558298947,onshore_wind_turbine
23,22,0.0,onshore_wind_turbine
31,22,0.0,onshore_wind_turbine
38,22,0.0,onshore_wind_turbine
50,22,0.0,onshore_wind_turbine
63,22,0.0,onshore_wind_turbine
80,22,0.0,onshore_wind_turbine
94,22,18433.1336,onshore_wind_turbine
105,22,0.0,onshore_wind_turbine
124,22,26554.028764417006,onshore_wind_turbine
136,22,3613.9097400000005,onshore_wind_turbine
144,22,17150.9247,onshore_wind_turbine
11,22,0.0,small_hydroelectric
24,22,0.0,small_hydroelectric
32,22,0.0,small_hydroelectric
39,22,0.0,small_hydroelectric
51,22,0.0,small_hydroelectric
64,22,0.0,small_hydroelectric
81,22,0.0,small_hydroelectric
95,22,0.0,small_hydroelectric
106,22,0.0,small_hydroelectric
125,22,0.0,small_hydroelectric
137,22,0.0,small_hydroelectric
145,22,0.0,small_hydroelectric
12,22,0.0,solar_photovoltaic
25,22,0.0,solar_photovoltaic
33,22,0.0,solar_photovoltaic
52,22,0.0,solar_photovoltaic
65,22,0.0,solar_photovoltaic
82,22,0.0,solar_photovoltaic
96,22,0.0,solar_photovoltaic
107,22,0.0,solar_photovoltaic
126,22,0.0,solar_photovoltaic
138,22,0.0,solar_photovoltaic
26,23,0.0,biomass
13,23,0.0,biomass
108,23,0.0,biomass
40,23,0.0,biomass
97,23,0.0,biomass
1,23,0.0,biomass
66,23,0.0,biomass
2,23,0.0,conventional_hydroelectric
14,23,0.0,conventional_hydroelectric
27,23,0.0,conventional_hydroelectric
35,23,0.0,conventional_hydroelectric
54,23,0.0,conventional_hydroelectric
67,23,0.0,conventional_hydroelectric
84,23,0.0,conventional_hydroelectric
109,23,0.0,conventional_hydroelectric
128,23,0.0,conventional_hydroelectric
139,23,0.0,conventional_hydroelectric
110,23,0.0,conventional_steam_coal
41,23,0.0,conventional_steam_coal
3,23,0.0,conventional_steam_coal
36,23,0.0,conventional_steam_coal
85,23,0.0,conventional_steam_coal
28,23,0.0,geothermal
116,23,0.0,natural_gas_fired_combined_cycle
73,23,0.0,natural_gas_fired_combined_cycle
71,23,0.0,natural_gas_fired_combined_cycle
44,23,0.0,natural_gas_fired_combined_cycle
115,23,0.0,natural_gas_fired_combined_cycle
70,23,0.0,natural_gas_fired_combined_cycle
131,23,0.0,natural_gas_fired_combined_cycle
18,23,0.0,natural_gas_fired_combined_cycle
72,23,0.0,natural_gas_fired_combined_cycle
114,23,0.0,natural_gas_fired_combined_cycle
45,23,0.0,natural_gas_fired_combined_cycle
78,23,0.0,natural_gas_fired_combustion_turbine
75,23,0.0,natural_gas_fired_combustion_turbine
119,23,0.0,natural_gas_fired_combustion_turbine
117,23,0.0,natural_gas_fired_combustion_turbine
134,23,0.0,natural_gas_fired_combustion_turbine
103,23,0.0,natural_gas_fired_combustion_turbine
47,23,0.0,natural_gas_fired_combustion_turbine
8,23,0.0,natural_gas_fired_combustion_turbine
90,23,0.0,natural_gas_fired_combustion_turbine
60,23,0.0,natural_gas_fired_combustion_turbine
46,23,0.0,natural_gas_fired_combustion_turbine
37,23,0.0,natural_gas_fired_combustion_turbine
7,23,0.0,natural_gas_fired_combustion_turbine
133,23,0.0,natural_gas_fired_combustion_turbine
74,23,0.0,natural_gas_fired_combustion_turbine
20,23,0.0,natural_gas_fired_combustion_turbine
135,23,0.0,natural_gas_fired_combustion_turbine
142,23,0.0,natural_gas_fired_combustion_turbine
121,23,0.0,natural_gas_fired_combustion_turbine
91,23,0.0,natural_gas_fired_combustion_turbine
22,23,0.0,natural_gas_steam_turbine
123,23,0.0,natural_gas_steam_turbine
62,23,0.0,natural_gas_steam_turbine
49,23,0.0,natural_gas_steam_turbine
48,23,0.0,natural_gas_steam_turbine
21,23,0.0,natural_gas_steam_turbine
79,23,0.0,nuclear
10,23,0.0,onshore_wind_turbine
23,23,13368.0316,onshore_wind_turbine
31,23,10133.356940000001,onshore_wind_turbine
38,23,0.0,onshore_wind_turbine
50,23,3999.0463799999998,onshore_wind_turbine
63,23,0.0,onshore_wind_turbine
80,23,5023.903919999999,onshore_wind_turbine
94,23,20202.1554,onshore_wind_turbine
105,23,3194.361659328,onshore_wind_turbine
124,23,24133.534680672004,onshore_wind_turbine
136,23,3504.1792800000003,onshore_wind_turbine
144,23,16701.06438,onshore_wind_turbine
11,23,0.0,small_hydroelectric
24,23,0.0,small_hydroelectric
32,23,0.0,small_hydroelectric
39,23,0.0,small_hydroelectric
51,23,0.0,small_hydroelectric
64,23,0.0,small_hydroelectric
81,23,0.0,small_hydroelectric
95,23,0.0,small_hydroelectric
106,23,0.0,small_hydroelectric
125,23,0.0,small_hydroelectric
137,23,0.0,small_hydroelectric
145,23,0.0,small_hydroelectric
12,23,0.0,solar_photovoltaic
25,23,0.0,solar_photovoltaic
33,23,0.0,solar_photovoltaic
52,23,0.0,solar_photovoltaic
65,23,0.0,solar_photovoltaic
82,23,0.0,solar_photovoltaic
96,23,0.0,solar_photovoltaic
107,23,0.0,solar_photovoltaic
126,23,0.0,solar_photovoltaic
138,23,0.0,solar_photovoltaic
26,24,0.0,biomass
13,24,0.0,biomass
108,24,0.0,biomass
40,24,0.0,biomass
97,24,0.0,biomass
1,24,0.0,biomass
66,24,0.0,biomass
2,24,0.0,conventional_hydroelectric
14,24,0.0,conventional_hydroelectric
27,24,0.0,conventional_hydroelectric
35,24,0.0,conventional_hydroelectric
54,24,0.0,conventional_hydroelectric
67,24,0.0,conventional_hydroelectric
84,24,0.0,conventional_hydroelectric
109,24,0.0,conventional_hydroelectric
128,24,0.0,conventional_hydroelectric
139,24,0.0,conventional_hydroelectric
110,24,0.0,conventional_steam_coal
41,24,0.0,conventional_steam_coal
3,24,0.0,conventional_steam_coal
36,24,0.0,conventional_steam_coal
85,24,0.0,conventional_steam_coal
28,24,0.0,geothermal
116,24,0.0,natural_gas_fired_combined_cycle
73,24,0.0,natural_gas_fired_combined_cycle
71,24,0.0,natural_gas_fired_combined_cycle
44,24,0.0,natural_gas_fired_combined_cycle
115,24,0.0,natural_gas_fired_combined_cycle
70,24,0.0,natural_gas_fired_combined_cycle
131,24,0.0,natural_gas_fired_combined_cycle
18,24,0.0,natural_gas_fired_combined_cycle
72,24,0.0,natural_gas_fired_combined_cycle
114,24,0.0,natural_gas_fired_combined_cycle
45,24,0.0,natural_gas_fired_combined_cycle
78,24,0.0,natural_gas_fired_combustion_turbine
75,24,0.0,natural_gas_fired_combustion_turbine
119,24,0.0,natural_gas_fired_combustion_turbine
117,24,0.0,natural_gas_fired_combustion_turbine
134,24,0.0,natural_gas_fired_combustion_turbine
103,24,0.0,natural_gas_fired_combustion_turbine
47,24,0.0,natural_gas_fired_combustion_turbine
8,24,0.0,natural_gas_fired_combustion_turbine
90,24,0.0,natural_gas_fired_combustion_turbine
60,24,0.0,natural_gas_fired_combustion_turbine
46,24,0.0,natural_gas_fired_combustion_turbine
37,24,0.0,natural_gas_fired_combustion_turbine
7,24,0.0,natural_gas_fired_combustion_turbine
133,24,0.0,natural_gas_fired_combustion_turbine
74,24,0.0,natural_gas_fired_combustion_turbine
20,24,0.0,natural_gas_fired_combustion_turbine
135,24,0.0,natural_gas_fired_combustion_turbine
142,24,0.0,natural_gas_fired_combustion_turbine
121,24,0.0,natural_gas_fired_combustion_turbine
91,24,0.0,natural_gas_fired_combustion_turbine
22,24,0.0,natural_gas_steam_turbine
123,24,0.0,natural_gas_steam_turbine
62,24,0.0,natural_gas_steam_turbine
49,24,0.0,natural_gas_steam_turbine
48,24,0.0,natural_gas_steam_turbine
21,24,0.0,natural_gas_steam_turbine
79,24,0.0,nuclear
10,24,0.0,onshore_wind_turbine
23,24,0.0,onshore_wind_turbine
31,24,0.0,onshore_wind_turbine
38,24,0.0,onshore_wind_turbine
50,24,0.0,onshore_wind_turbine
63,24,0.0,onshore_wind_turbine
80,24,0.0,onshore_wind_turbine
94,24,22313.2126,onshore_wind_turbine
105,24,0.0,onshore_wind_turbine
124,24,26687.051776446602,onshore_wind_turbine
136,24,0.0,onshore_wind_turbine
144,24,6768.556153553396,onshore_wind_turbine
11,24,0.0,small_hydroelectric
24,24,0.0,small_hydroelectric
32,24,0.0,small_hydroelectric
39,24,0.0,small_hydroelectric
51,24,0.0,small_hydroelectric
64,24,0.0,small_hydroelectric
81,24,0.0,small_hydroelectric
95,24,0.0,small_hydroelectric
106,24,0.0,small_hydroelectric
125,24,0.0,small_hydroelectric
137,24,0.0,small_hydroelectric
145,24,0.0,small_hydroelectric
12,24,0.0,solar_photovoltaic
25,24,0.0,solar_photovoltaic
33,24,0.0,solar_photovoltaic
52,24,0.0,solar_photovoltaic
65,24,0.0,solar_photovoltaic
82,24,0.0,solar_photovoltaic
96,24,0.0,solar_photovoltaic
107,24,0.0,solar_photovoltaic
126,24,0.0,solar_photovoltaic
138,24,0.0,solar_photovoltaic
26,25,0.0,biomass
13,25,0.0,biomass
108,25,0.0,biomass
40,25,0.0,biomass
97,25,0.0,biomass
1,25,0.0,biomass
66,25,0.0,biomass
2,25,0.0,conventional_hydroelectric
14,25,0.0,conventional_hydroelectric
27,25,0.0,conventional_hydroelectric
35,25,0.0,conventional_hydroelectric
54,25,0.0,conventional_hydroelectric
67,25,0.0,conventional_hydroelectric
84,25,0.0,conventional_hydroelectric
109,25,0.0,conventional_hydroelectric
128,25,0.0,conventional_hydroelectric
139,25,0.0,conventional_hydroelectric
110,25,0.0,conventional_steam_coal
41,25,0.0,conventional_steam_coal
3,25,0.0,conventional_steam_coal
36,25,0.0,conventional_steam_coal
85,25,0.0,conventional_steam_coal
28,25,0.0,geothermal
116,25,0.0,natural_gas_fired_combined_cycle
73,25,0.0,natural_gas_fired_combined_cycle
71,25,0.0,natural_gas_fired_combined_cycle
44,25,0.0,natural_gas_fired_combined_cycle
115,25,0.0,natural_gas_fired_combined_cycle
70,25,0.0,natural_gas_fired_combined_cycle
131,25,0.0,natural_gas_fired_combined_cycle
18,25,0.0,natural_gas_fired_combined_cycle
72,25,0.0,natural_gas_fired_combined_cycle
114,25,0.0,natural_gas_fired_combined_cycle
45,25,0.0,natural_gas_fired_combined_cycle
78,25,0.0,natural_gas_fired_combustion_turbine
75,25,0.0,natural_gas_fired_combustion_turbine
119,25,0.0,natural_gas_fired_combustion_turbine
117,25,0.0,natural_gas_fired_combustion_turbine
134,25,0.0,natural_gas_fired_combustion_turbine
103,25,0.0,natural_gas_fired_combustion_turbine
47,25,0.0,natural_gas_fired_combustion_turbine
8,25,0.0,natural_gas_fired_combustion_turbine
90,25,0.0,natural_gas_fired_combustion_turbine
60,25,0.0,natural_gas_fired_combustion_turbine
46,25,0.0,natural_gas_fired_combustion_turbine
37,25,0.0,natural_gas_fired_combustion_turbine
7,25,0.0,natural_gas_fired_combustion_turbine
133,25,0.0,natural_gas_fired_combustion_turbine
74,25,0.0,natural_gas_fired_combustion_turbine
20,25,0.0,natural_gas_fired_combustion_turbine
135,25,0.0,natural_gas_fired_combustion_turbine
142,25,0.0,natural_gas_fired_combustion_turbine
121,25,0.0,natural_gas_fired_combustion_turbine
91,25,0.0,natural_gas_fired_combustion_turbine
22,25,0.0,natural_gas_steam_turbine
123,25,0.0,natural_gas_steam_turbine
62,25,0.0,natural_gas_steam_turbine
49,25,0.0,natural_gas_steam_turbine
48,25,0.0,natural_gas_steam_turbine
21,25,0.0,natural_gas_steam_turbine
79,25,0.0,nuclear
10,25,0.0,onshore_wind_turbine
23,25,11922.0332,onshore_wind_turbine
31,25,10434.95908,onshore_wind_turbine
38,25,3657.1059,onshore_wind_turbine
50,25,2048.8431662355633,onshore_wind_turbine
63,25,0.0,onshore_wind_turbine
80,25,0.0,onshore_wind_turbine
94,25,17723.3182,onshore_wind_turbine
105,25,3159.053940567,onshore_wind_turbine
124,25,26703.934870613004,onshore_wind_turbine
136,25,0.0,onshore_wind_turbine
144,25,11365.461449999999,onshore_wind_turbine
11,25,0.0,small_hydroelectric
24,25,0.0,small_hydroelectric
32,25,0.0,small_hydroelectric
39,25,0.0,small_hydroelectric
51,25,0.0,small_hydroelectric
64,25,0.0,small_hydroelectric
81,25,0.0,small_hydroelectric
95,25,0.0,small_hydroelectric
106,25,0.0,small_hydroelectric
125,25,0.0,small_hydroelectric
137,25,0.0,small_hydroelectric
145,25,0.0,small_hydroelectric
12,25,0.0,solar_photovoltaic
25,25,0.0,solar_photovoltaic
33,25,0.0,solar_photovoltaic
52,25,0.0,solar_photovoltaic
65,25,0.0,solar_photovoltaic
82,25,0.0,solar_photovoltaic
96,25,0.0,solar_photovoltaic
107,25,0.0,solar_photovoltaic
126,25,0.0,solar_photovoltaic
138,25,0.0,solar_photovoltaic
26,26,0.0,biomass
13,26,0.0,biomass
108,26,0.0,biomass
40,26,0.0,biomass
97,26,0.0,biomass
1,26,0.0,biomass
66,26,0.0,biomass
2,26,0.0,conventional_hydroelectric
14,26,0.0,conventional_hydroelectric
27,26,0.0,conventional_hydroelectric
35,26,0.0,conventional_hydroelectric
54,26,0.0,conventional_hydroelectric
67,26,0.0,conventional_hydroelectric
84,26,0.0,conventional_hydroelectric
109,26,0.0,conventional_hydroelectric
128,26,0.0,conventional_hydroelectric
139,26,0.0,conventional_hydroelectric
110,26,0.0,conventional_steam_coal
41,26,0.0,conventional_steam_coal
3,26,0.0,conventional_steam_coal
36,26,0.0,conventional_steam_coal
85,26,0.0,conventional_steam_coal
28,26,0.0,geothermal
116,26,0.0,natural_gas_fired_combined_cycle
73,26,0.0,natural_gas_fired_combined_cycle
71,26,0.0,natural_gas_fired_combined_cycle
44,26,0.0,natural_gas_fired_combined_cycle
115,26,0.0,natural_gas_fired_combined_cycle
70,26,0.0,natural_gas_fired_combined_cycle
131,26,0.0,natural_gas_fired_combined_cycle
18,26,0.0,natural_gas_fired_combined_cycle
72,26,0.0,natural_gas_fired_combined_cycle
114,26,0.0,natural_gas_fired_combined_cycle
45,26,0.0,natural_gas_fired_combined_cycle
78,26,0.0,natural_gas_fired_combustion_turbine
75,26,0.0,natural_gas_fired_combustion_turbine
119,26,0.0,natural_gas_fired_combustion_turbine
117,26,0.0,natural_gas_fired_combustion_turbine
134,26,0.0,natural_gas_fired_combustion_turbine
103,26,0.0,natural_gas_fired_combustion_turbine
47,26,0.0,natural_gas_fired_combustion_turbine
8,26,0.0,natural_gas_fired_combustion_turbine
90,26,0.0,natural_gas_fired_combustion_turbine
60,26,0.0,natural_gas_fired_combustion_turbine
46,26,0.0,natural_gas_fired_combustion_turbine
37,26,0.0,natural_gas_fired_combustion_turbine
7,26,0.0,natural_gas_fired_combustion_turbine
133,26,0.0,natural_gas_fired_combustion_turbine
74,26,0.0,natural_gas_fired_combustion_turbine
20,26,0.0,natural_gas_fired_combustion_turbine
135,26,0.0,natural_gas_fired_combustion_turbine
142,26,0.0,natural_gas_fired_combustion_turbine
121,26,0.0,natural_gas_fired_combustion_turbine
91,26,0.0,natural_gas_fired_combustion_turbine
22,26,0.0,natural_gas_steam_turbine
123,26,0.0,natural_gas_steam_turbine
62,26,0.0,natural_gas_steam_turbine
49,26,0.0,natural_gas_steam_turbine
48,26,0.0,natural_gas_steam_turbine
21,26,0.0,natural_gas_steam_turbine
79,26,0.0,nuclear
10,26,265.30203,onshore_wind_turbine
23,26,9046.806999999999,onshore_wind_turbine
31,26,10457.51987,onshore_wind_turbine
38,26,3986.5749,onshore_wind_turbine
50,26,2731.5187199999996,onshore_wind_turbine
63,26,29.2266797648,onshore_wind_turbine
80,26,933.9666,onshore_wind_turbine
94,26,20772.214399999997,onshore_wind_turbine
105,26,3176.7505002870002,onshore_wind_turbine
124,26,26749.804124397204,onshore_wind_turbine
136,26,2804.4227400000004,onshore_wind_turbine
144,26,10277.57808,onshore_wind_turbine
11,26,0.0,small_hydroelectric
24,26,0.0,small_hydroelectric
32,26,0.0,small_hydroelectric
39,26,0.0,small_hydroelectric
51,26,0.0,small_hydroelectric
64,26,0.0,small_hydroelectric
81,26,0.0,small_hydroelectric
95,26,0.0,small_hydroelectric
106,26,0.0,small_hydroelectric
125,26,0.0,small_hydroelectric
137,26,0.0,small_hydroelectric
145,26,0.0,small_hydroelectric
12,26,0.0,solar_photovoltaic
25,26,0.0,solar_photovoltaic
33,26,0.0,solar_photovoltaic
52,26,0.0,solar_photovoltaic
65,26,0.0,solar_photovoltaic
82,26,0.0,solar_photovoltaic
96,26,0.0,solar_photovoltaic
107,26,0.0,solar_photovoltaic
126,26,0.0,solar_photovoltaic
138,26,0.0,solar_photovoltaic
26,27,0.0,biomass
13,27,0.0,biomass
108,27,0.0,biomass
40,27,0.0,biomass
97,27,0.0,biomass
1,27,0.0,biomass
66,27,0.0,biomass
2,27,0.0,conventional_hydroelectric
14,27,0.0,conventional_hydroelectric
27,27,0.0,conventional_hydroelectric
35,27,0.0,conventional_hydroelectric
54,27,0.0,conventional_hydroelectric
67,27,0.0,conventional_hydroelectric
84,27,0.0,conventional_hydroelectric
109,27,0.0,conventional_hydroelectric
128,27,0.0,conventional_hydroelectric
139,27,0.0,conventional_hydroelectric
110,27,0.0,conventional_steam_coal
41,27,0.0,conventional_steam_coal
3,27,0.0,conventional_steam_coal
36,27,0.0,conventional_steam_coal
85,27,0.0,conventional_steam_coal
28,27,0.0,geothermal
116,27,0.0,natural_gas_fired_combined_cycle
73,27,0.0,natural_gas_fired_combined_cycle
71,27,0.0,natural_gas_fired_combined_cycle
44,27,0.0,natural_gas_fired_combined_cycle
115,27,0.0,natural_gas_fired_combined_cycle
70,27,0.0,natural_gas_fired_combined_cycle
131,27,0.0,natural_gas_fired_combined_cycle
18,27,0.0,natural_gas_fired_combined_cycle
72,27,0.0,natural_gas_fired_combined_cycle
114,27,0.0,natural_gas_fired_combined_cycle
45,27,0.0,natural_gas_fired_combined_cycle
78,27,0.0,natural_gas_fired_combustion_turbine
75,27,0.0,natural_gas_fired_combustion_turbine
119,27,0.0,natural_gas_fired_combustion_turbine
117,27,0.0,natural_gas_fired_combustion_turbine
134,27,0.0,natural_gas_fired_combustion_turbine
103,27,0.0,natural_gas_fired_combustion_turbine
47,27,0.0,natural_gas_fired_combustion_turbine
8,27,0.0,natural_gas_fired_combustion_turbine
90,27,0.0,natural_gas_fired_combustion_turbine
60,27,0.0,natural_gas_fired_combustion_turbine
46,27,0.0,natural_gas_fired_combustion_turbine
37,27,0.0,natural_gas_fired_combustion_turbine
7,27,0.0,natural_gas_fired_combustion_turbine
133,27,0.0,natural_gas_fired_combustion_turbine
74,27,0.0,natural_gas_fired_combustion_turbine
20,27,0.0,natural_gas_fired_combustion_turbine
135,27,0.0,natural_gas_fired_combustion_turbine
142,27,0.0,natural_gas_fired_combustion_turbine
121,27,0.0,natural_gas_fired_combustion_turbine
91,27,0.0,natural_gas_fired_combustion_turbine
22,27,0.0,natural_gas_steam_turbine
123,27,0.0,natural_gas_steam_turbine
62,27,0.0,natural_gas_steam_turbine
49,27,0.0,natural_gas_steam_turbine
48,27,0.0,natural_gas_steam_turbine
21,27,0.0,natural_gas_steam_turbine
79,27,0.0,nuclear
10,27,459.2805,onshore_wind_turbine
23,27,6978.433,onshore_wind_turbine
31,27,10111.98356,onshore_wind_turbine
38,27,4153.01355,onshore_wind_turbine
50,27,3960.4311599999996,onshore_wind_turbine
63,27,27.0076800952,onshore_wind_turbine
80,27,844.7518799999998,onshore_wind_turbine
94,27,19146.6268,onshore_wind_turbine
105,27,2942.8701397199998,onshore_wind_turbine
124,27,26434.196518098604,onshore_wind_turbine
136,27,3656.1829500000003,onshore_wind_turbine
144,27,9081.555209999999,onshore_wind_turbine
11,27,0.0,small_hydroelectric
24,27,0.0,small_hydroelectric
32,27,0.0,small_hydroelectric
39,27,0.0,small_hydroelectric
51,27,0.0,small_hydroelectric
64,27,0.0,small_hydroelectric
81,27,0.0,small_hydroelectric
95,27,0.0,small_hydroelectric
106,27,0.0,small_hydroelectric
125,27,0.0,small_hydroelectric
137,27,0.0,small_hydroelectric
145,27,0.0,small_hydroelectric
12,27,0.0,solar_photovoltaic
25,27,0.0,solar_photovoltaic
33,27,0.0,solar_photovoltaic
52,27,0.0,solar_photovoltaic
65,27,0.0,solar_photovoltaic
82,27,0.0,solar_photovoltaic
96,27,0.0,solar_photovoltaic
107,27,0.0,solar_photovoltaic
126,27,0.0,solar_photovoltaic
138,27,0.0,solar_photovoltaic
26,28,0.0,biomass
13,28,0.0,biomass
108,28,0.0,biomass
40,28,0.0,biomass
97,28,0.0,biomass
1,28,0.0,biomass
66,28,0.0,biomass
2,28,0.0,conventional_hydroelectric
14,28,0.0,conventional_hydroelectric
27,28,0.0,conventional_hydroelectric
35,28,0.0,conventional_hydroelectric
54,28,0.0,conventional_hydroelectric
67,28,0.0,conventional_hydroelectric
84,28,0.0,conventional_hydroelectric
109,28,0.0,conventional_hydroelectric
128,28,0.0,conventional_hydroelectric
139,28,0.0,conventional_hydroelectric
110,28,0.0,conventional_steam_coal
41,28,0.0,conventional_steam_coal
3,28,0.0,conventional_steam_coal
36,28,0.0,conventional_steam_coal
85,28,0.0,conventional_steam_coal
28,28,0.0,geothermal
116,28,0.0,natural_gas_fired_combined_cycle
73,28,0.0,natural_gas_fired_combined_cycle
71,28,0.0,natural_gas_fired_combined_cycle
44,28,0.0,natural_gas_fired_combined_cycle
115,28,0.0,natural_gas_fired_combined_cycle
70,28,0.0,natural_gas_fired_combined_cycle
131,28,0.0,natural_gas_fired_combined_cycle
18,28,0.0,natural_gas_fired_combined_cycle
72,28,0.0,natural_gas_fired_combined_cycle
114,28,0.0,natural_gas_fired_combined_cycle
45,28,0.0,natural_gas_fired_combined_cycle
78,28,0.0,natural_gas_fired_combustion_turbine
75,28,0.0,natural_gas_fired_combustion_turbine
119,28,0.0,natural_gas_fired_combustion_turbine
117,28,0.0,natural_gas_fired_combustion_turbine
134,28,0.0,natural_gas_fired_combustion_turbine
103,28,0.0,natural_gas_fired_combustion_turbine
47,28,0.0,natural_gas_fired_combustion_turbine
8,28,0.0,natural_gas_fired_combustion_turbine
90,28,0.0,natural_gas_fired_combustion_turbine
60,28,0.0,natural_gas_fired_combustion_turbine
46,28,0.0,natural_gas_fired_combustion_turbine
37,28,0.0,natural_gas_fired_combustion_turbine
7,28,0.0,natural_gas_fired_combustion_turbine
133,28,0.0,natural_gas_fired_combustion_turbine
74,28,0.0,natural_gas_fired_combustion_turbine
20,28,0.0,natural_gas_fired_combustion_turbine
135,28,0.0,natural_gas_fired_combustion_turbine
142,28,0.0,natural_gas_fired_combustion_turbine
121,28,0.0,natural_gas_fired_combustion_turbine
91,28,0.0,natural_gas_fired_combustion_turbine
22,28,0.0,natural_gas_steam_turbine
123,28,0.0,natural_gas_steam_turbine
62,28,0.0,natural_gas_steam_turbine
49,28,0.0,natural_gas_steam_turbine
48,28,0.0,natural_gas_steam_turbine
21,28,0.0,natural_gas_steam_turbine
79,28,0.0,nuclear
10,28,0.0,onshore_wind_turbine
23,28,0.0,onshore_wind_turbine
31,28,9695.202650000001,onshore_wind_turbine
38,28,0.0,onshore_wind_turbine
50,28,3644.7347999999997,onshore_wind_turbine
63,28,0.0,onshore_wind_turbine
80,28,290.87716,onshore_wind_turbine
94,28,17454.4845363976,onshore_wind_turbine
105,28,0.0,onshore_wind_turbine
124,28,19257.9753236024,onshore_wind_turbine
136,28,0.0,onshore_wind_turbine
144,28,7539.48594,onshore_wind_turbine
11,28,0.0,small_hydroelectric
24,28,0.0,small_hydroelectric
32,28,0.0,small_hydroelectric
39,28,0.0,small_hydroelectric
51,28,0.0,small_hydroelectric
64,28,0.0,small_hydroelectric
81,28,0.0,small_hydroelectric
95,28,0.0,small_hydroelectric
106,28,0.0,small_hydroelectric
125,28,0.0,small_hydroelectric
137,28,0.0,small_hydroelectric
145,28,0.0,small_hydroelectric
12,28,0.0,solar_photovoltaic
25,28,0.0,solar_photovoltaic
33,28,0.0,solar_photovoltaic
52,28,0.0,solar_photovoltaic
65,28,0.0,solar_photovoltaic
82,28,0.0,solar_photovoltaic
96,28,0.0,solar_photovoltaic
107,28,0.0,solar_photovoltaic
126,28,0.0,solar_photovoltaic
138,28,0.0,solar_photovoltaic
26,29,0.0,biomass
13,29,0.0,biomass
108,29,0.0,biomass
40,29,0.0,biomass
97,29,0.0,biomass
1,29,0.0,biomass
66,29,0.0,biomass
2,29,0.0,conventional_hydroelectric
14,29,0.0,conventional_hydroelectric
27,29,0.0,conventional_hydroelectric
35,29,0.0,conventional_hydroelectric
54,29,0.0,conventional_hydroelectric
67,29,0.0,conventional_hydroelectric
84,29,0.0,conventional_hydroelectric
109,29,0.0,conventional_hydroelectric
128,29,0.0,conventional_hydroelectric
139,29,0.0,conventional_hydroelectric
110,29,0.0,conventional_steam_coal
41,29,0.0,conventional_steam_coal
3,29,0.0,conventional_steam_coal
36,29,0.0,conventional_steam_coal
85,29,0.0,conventional_steam_coal
28,29,0.0,geothermal
116,29,0.0,natural_gas_fired_combined_cycle
73,29,0.0,natural_gas_fired_combined_cycle
71,29,0.0,natural_gas_fired_combined_cycle
44,29,0.0,natural_gas_fired_combined_cycle
115,29,0.0,natural_gas_fired_combined_cycle
70,29,0.0,natural_gas_fired_combined_cycle
131,29,0.0,natural_gas_fired_combined_cycle
18,29,0.0,natural_gas_fired_combined_cycle
72,29,0.0,natural_gas_fired_combined_cycle
114,29,0.0,natural_gas_fired_combined_cycle
45,29,0.0,natural_gas_fired_combined_cycle
78,29,0.0,natural_gas_fired_combustion_turbine
75,29,0.0,natural_gas_fired_combustion_turbine
119,29,0.0,natural_gas_fired_combustion_turbine
117,29,0.0,natural_gas_fired_combustion_turbine
134,29,0.0,natural_gas_fired_combustion_turbine
103,29,0.0,natural_gas_fired_combustion_turbine
47,29,0.0,natural_gas_fired_combustion_turbine
8,29,0.0,natural_gas_fired_combustion_turbine
90,29,0.0,natural_gas_fired_combustion_turbine
60,29,0.0,natural_gas_fired_combustion_turbine
46,29,0.0,natural_gas_fired_combustion_turbine
37,29,0.0,natural_gas_fired_combustion_turbine
7,29,0.0,natural_gas_fired_combustion_turbine
133,29,0.0,natural_gas_fired_combustion_turbine
74,29,0.0,natural_gas_fired_combustion_turbine
20,29,0.0,natural_gas_fired_combustion_turbine
135,29,0.0,natural_gas_fired_combustion_turbine
142,29,0.0,natural_gas_fired_combustion_turbine
121,29,0.0,natural_gas_fired_combustion_turbine
91,29,0.0,natural_gas_fired_combustion_turbine
22,29,0.0,natural_gas_steam_turbine
123,29,0.0,natural_gas_steam_turbine
62,29,0.0,natural_gas_steam_turbine
49,29,0.0,natural_gas_steam_turbine
48,29,0.0,natural_gas_steam_turbine
21,29,0.0,natural_gas_steam_turbine
79,29,0.0,nuclear
10,29,0.0,onshore_wind_turbine
23,29,0.0,onshore_wind_turbine
31,29,9813.943650000001,onshore_wind_turbine
38,29,3783.5982503558043,onshore_wind_turbine
50,29,0.0,onshore_wind_turbine
63,29,0.0,onshore_wind_turbine
80,29,0.0,onshore_wind_turbine
94,29,17789.5186,onshore_wind_turbine
105,29,1945.426980756,onshore_wind_turbine
124,29,13159.080468888202,onshore_wind_turbine
136,29,4490.8539900000005,onshore_wind_turbine
144,29,7532.9975699999995,onshore_wind_turbine
11,29,0.0,small_hydroelectric
24,29,0.0,small_hydroelectric
32,29,0.0,small_hydroelectric
39,29,0.0,small_hydroelectric
51,29,0.0,small_hydroelectric
64,29,0.0,small_hydroelectric
81,29,0.0,small_hydroelectric
95,29,0.0,small_hydroelectric
106,29,0.0,small_hydroelectric
125,29,0.0,small_hydroelectric
137,29,0.0,small_hydroelectric
145,29,0.0,small_hydroelectric
12,29,0.0,solar_photovoltaic
25,29,0.0,solar_photovoltaic
33,29,0.0,solar_photovoltaic
52,29,0.0,solar_photovoltaic
65,29,0.0,solar_photovoltaic
82,29,0.0,solar_photovoltaic
96,29,0.0,solar_photovoltaic
107,29,0.0,solar_photovoltaic
126,29,0.0,solar_photovoltaic
138,29,0.0,solar_photovoltaic
26,30,11.235,biomass
13,30,15.682,biomass
108,30,137.081,biomass
40,30,5.952,biomass
97,30,178.173,biomass
1,30,16.294,biomass
66,30,228.795,biomass
2,30,229.288164,conventional_hydroelectric
14,30,39.043532,conventional_hydroelectric
27,30,117.12063600000002,conventional_hydroelectric
35,30,207.302128,conventional_hydroelectric
54,30,86.270283,conventional_hydroelectric
67,30,603.742581,conventional_hydroelectric
84,30,2411.397174,conventional_hydroelectric
109,30,107.76396152340001,conventional_hydroelectric
128,30,12.599400000000001,conventional_hydroelectric
139,30,19.330368,conventional_hydroelectric
110,30,0.0,conventional_steam_coal
41,30,0.0,conventional_steam_coal
3,30,0.0,conventional_steam_coal
36,30,0.0,conventional_steam_coal
85,30,0.0,conventional_steam_coal
28,30,74.364,geothermal
116,30,0.0,natural_gas_fired_combined_cycle
73,30,0.0,natural_gas_fired_combined_cycle
71,30,0.0,natural_gas_fired_combined_cycle
44,30,0.0,natural_gas_fired_combined_cycle
115,30,0.0,natural_gas_fired_combined_cycle
70,30,0.0,natural_gas_fired_combined_cycle
131,30,0.0,natural_gas_fired_combined_cycle
18,30,0.0,natural_gas_fired_combined_cycle
72,30,0.0,natural_gas_fired_combined_cycle
114,30,0.0,natural_gas_fired_combined_cycle
45,30,0.0,natural_gas_fired_combined_cycle
78,30,0.0,natural_gas_fired_combustion_turbine
75,30,0.0,natural_gas_fired_combustion_turbine
119,30,0.0,natural_gas_fired_combustion_turbine
117,30,0.0,natural_gas_fired_combustion_turbine
134,30,0.0,natural_gas_fired_combustion_turbine
103,30,0.0,natural_gas_fired_combustion_turbine
47,30,0.0,natural_gas_fired_combustion_turbine
8,30,0.0,natural_gas_fired_combustion_turbine
90,30,0.0,natural_gas_fired_combustion_turbine
60,30,0.0,natural_gas_fired_combustion_turbine
46,30,0.0,natural_gas_fired_combustion_turbine
37,30,0.0,natural_gas_fired_combustion_turbine
7,30,0.0,natural_gas_fired_combustion_turbine
133,30,0.0,natural_gas_fired_combustion_turbine
74,30,0.0,natural_gas_fired_combustion_turbine
20,30,0.0,natural_gas_fired_combustion_turbine
135,30,0.0,natural_gas_fired_combustion_turbine
142,30,0.0,natural_gas_fired_combustion_turbine
121,30,0.0,natural_gas_fired_combustion_turbine
91,30,0.0,natural_gas_fired_combustion_turbine
22,30,0.0,natural_gas_steam_turbine
123,30,0.0,natural_gas_steam_turbine
62,30,0.0,natural_gas_steam_turbine
49,30,0.0,natural_gas_steam_turbine
48,30,0.0,natural_gas_steam_turbine
21,30,0.0,natural_gas_steam_turbine
79,30,13.366631680196235,nuclear
10,30,260.43906000000004,onshore_wind_turbine
23,30,3221.8186,onshore_wind_turbine
31,30,10084.673130000001,onshore_wind_turbine
38,30,4877.8453500000005,onshore_wind_turbine
50,30,2425.9842599999997,onshore_wind_turbine
63,30,31.9429602744,onshore_wind_turbine
80,30,458.1547599999999,onshore_wind_turbine
94,30,13681.416,onshore_wind_turbine
105,30,1921.288878978,onshore_wind_turbine
124,30,9593.246591544003,onshore_wind_turbine
136,30,4777.77216,onshore_wind_turbine
144,30,8729.02044,onshore_wind_turbine
11,30,19.125,small_hydroelectric
24,30,62.577,small_hydroelectric
32,30,192.0,small_hydroelectric
39,30,52.9,small_hydroelectric
51,30,25.641,small_hydroelectric
64,30,6.128,small_hydroelectric
81,30,241.672,small_hydroelectric
95,30,418.922,small_hydroelectric
106,30,31.614,small_hydroelectric
125,30,100.697,small_hydroelectric
137,30,36.822,small_hydroelectric
145,30,33.21,small_hydroelectric
12,30,0.0,solar_photovoltaic
25,30,0.0,solar_photovoltaic
33,30,0.0,solar_photovoltaic
52,30,0.0,solar_photovoltaic
65,30,0.0,solar_photovoltaic
82,30,0.0,solar_photovoltaic
96,30,0.0,solar_photovoltaic
107,30,0.0,solar_photovoltaic
126,30,0.0,solar_photovoltaic
138,30,0.0,solar_photovoltaic
26,31,0.0,biomass
13,31,0.0,biomass
108,31,0.0,biomass
40,31,0.0,biomass
97,31,0.0,biomass
1,31,0.0,biomass
66,31,0.0,biomass
2,31,0.0,conventional_hydroelectric
14,31,39.043532,conventional_hydroelectric
27,31,117.12063600000002,conventional_hydroelectric
35,31,207.302128,conventional_hydroelectric
54,31,86.270283,conventional_hydroelectric
67,31,0.0,conventional_hydroelectric
84,31,679.5561425899041,conventional_hydroelectric
109,31,107.76396152340001,conventional_hydroelectric
128,31,12.599400000000001,conventional_hydroelectric
139,31,19.330368,conventional_hydroelectric
110,31,0.0,conventional_steam_coal
41,31,0.0,conventional_steam_coal
3,31,0.0,conventional_steam_coal
36,31,0.0,conventional_steam_coal
85,31,0.0,conventional_steam_coal
28,31,74.364,geothermal
116,31,0.0,natural_gas_fired_combined_cycle
73,31,0.0,natural_gas_fired_combined_cycle
71,31,0.0,natural_gas_fired_combined_cycle
44,31,0.0,natural_gas_fired_combined_cycle
115,31,0.0,natural_gas_fired_combined_cycle
70,31,0.0,natural_gas_fired_combined_cycle
131,31,0.0,natural_gas_fired_combined_cycle
18,31,0.0,natural_gas_fired_combined_cycle
72,31,0.0,natural_gas_fired_combined_cycle
114,31,0.0,natural_gas_fired_combined_cycle
45,31,0.0,natural_gas_fired_combined_cycle
78,31,0.0,natural_gas_fired_combustion_turbine
75,31,0.0,natural_gas_fired_combustion_turbine
119,31,0.0,natural_gas_fired_combustion_turbine
117,31,0.0,natural_gas_fired_combustion_turbine
134,31,0.0,natural_gas_fired_combustion_turbine
103,31,0.0,natural_gas_fired_combustion_turbine
47,31,0.0,natural_gas_fired_combustion_turbine
8,31,0.0,natural_gas_fired_combustion_turbine
90,31,0.0,natural_gas_fired_combustion_turbine
60,31,0.0,natural_gas_fired_combustion_turbine
46,31,0.0,natural_gas_fired_combustion_turbine
37,31,0.0,natural_gas_fired_combustion_turbine
7,31,0.0,natural_gas_fired_combustion_turbine
133,31,0.0,natural_gas_fired_combustion_turbine
74,31,0.0,natural_gas_fired_combustion_turbine
20,31,0.0,natural_gas_fired_combustion_turbine
135,31,0.0,natural_gas_fired_combustion_turbine
142,31,0.0,natural_gas_fired_combustion_turbine
121,31,0.0,natural_gas_fired_combustion_turbine
91,31,0.0,natural_gas_fired_combustion_turbine
22,31,0.0,natural_gas_steam_turbine
123,31,0.0,natural_gas_steam_turbine
62,31,0.0,natural_gas_steam_turbine
49,31,0.0,natural_gas_steam_turbine
48,31,0.0,natural_gas_steam_turbine
21,31,0.0,natural_gas_steam_turbine
79,31,0.0,nuclear
10,31,248.91202,onshore_wind_turbine
23,31,2075.8276,onshore_wind_turbine
31,31,9657.205530000001,onshore_wind_turbine
38,31,4924.9935,onshore_wind_turbine
50,31,1901.6302199999998,onshore_wind_turbine
63,31,49.6313997144,onshore_wind_turbine
80,31,194.22787999999997,onshore_wind_turbine
94,31,9753.525599999999,onshore_wind_turbine
105,31,1076.953219713,onshore_wind_turbine
124,31,19033.1381927764,onshore_wind_turbine
136,31,4546.61865,onshore_wind_turbine
144,31,8696.57859,onshore_wind_turbine
11,31,19.125,small_hydroelectric
24,31,62.577,small_hydroelectric
32,31,192.0,small_hydroelectric
39,31,52.9,small_hydroelectric
51,31,25.641,small_hydroelectric
64,31,6.128,small_hydroelectric
81,31,241.672,small_hydroelectric
95,31,418.922,small_hydroelectric
106,31,31.614,small_hydroelectric
125,31,100.697,small_hydroelectric
137,31,36.822,small_hydroelectric
145,31,33.21,small_hydroelectric
12,31,1615.8542400000001,solar_photovoltaic
25,31,1221.49454,solar_photovoltaic
33,31,69.18765,solar_photovoltaic
52,31,1204.03556,solar_photovoltaic
65,31,2125.3240492659,solar_photovoltaic
82,31,0.0,solar_photovoltaic
96,31,0.0,solar_photovoltaic
107,31,1077.6843064855,solar_photovoltaic
126,31,51.831350931500005,solar_photovoltaic
138,31,715.5078699999999,solar_photovoltaic
26,32,0.0,biomass
13,32,0.0,biomass
108,32,0.0,biomass
40,32,0.0,biomass
97,32,0.0,biomass
1,32,0.0,biomass
66,32,0.0,biomass
2,32,0.0,conventional_hydroelectric
14,32,0.0,conventional_hydroelectric
27,32,0.0,conventional_hydroelectric
35,32,0.0,conventional_hydroelectric
54,32,0.0,conventional_hydroelectric
67,32,0.0,conventional_hydroelectric
84,32,0.0,conventional_hydroelectric
109,32,0.0,conventional_hydroelectric
128,32,0.0,conventional_hydroelectric
139,32,0.0,conventional_hydroelectric
110,32,0.0,conventional_steam_coal
41,32,0.0,conventional_steam_coal
3,32,0.0,conventional_steam_coal
36,32,0.0,conventional_steam_coal
85,32,0.0,conventional_steam_coal
28,32,0.0,geothermal
116,32,0.0,natural_gas_fired_combined_cycle
73,32,0.0,natural_gas_fired_combined_cycle
71,32,0.0,natural_gas_fired_combined_cycle
44,32,0.0,natural_gas_fired_combined_cycle
115,32,0.0,natural_gas_fired_combined_cycle
70,32,0.0,natural_gas_fired_combined_cycle
131,32,0.0,natural_gas_fired_combined_cycle
18,32,0.0,natural_gas_fired_combined_cycle
72,32,0.0,natural_gas_fired_combined_cycle
114,32,0.0,natural_gas_fired_combined_cycle
45,32,0.0,natural_gas_fired_combined_cycle
78,32,0.0,natural_gas_fired_combustion_turbine
75,32,0.0,natural_gas_fired_combustion_turbine
119,32,0.0,natural_gas_fired_combustion_turbine
117,32,0.0,natural_gas_fired_combustion_turbine
134,32,0.0,natural_gas_fired_combustion_turbine
103,32,0.0,natural_gas_fired_combustion_turbine
47,32,0.0,natural_gas_fired_combustion_turbine
8,32,0.0,natural_gas_fired_combustion_turbine
90,32,0.0,natural_gas_fired_combustion_turbine
60,32,0.0,natural_gas_fired_combustion_turbine
46,32,0.0,natural_gas_fired_combustion_turbine
37,32,0.0,natural_gas_fired_combustion_turbine
7,32,0.0,natural_gas_fired_combustion_turbine
133,32,0.0,natural_gas_fired_combustion_turbine
74,32,0.0,natural_gas_fired_combustion_turbine
20,32,0.0,natural_gas_fired_combustion_turbine
135,32,0.0,natural_gas_fired_combustion_turbine
142,32,0.0,natural_gas_fired_combustion_turbine
121,32,0.0,natural_gas_fired_combustion_turbine
91,32,0.0,natural_gas_fired_combustion_turbine
22,32,0.0,natural_gas_steam_turbine
123,32,0.0,natural_gas_steam_turbine
62,32,0.0,natural_gas_steam_turbine
49,32,0.0,natural_gas_steam_turbine
48,32,0.0,natural_gas_steam_turbine
21,32,0.0,natural_gas_steam_turbine
79,32,0.0,nuclear
10,32,241.16729,onshore_wind_turbine
23,32,1934.2092,onshore_wind_turbine
31,32,9822.25552,onshore_wind_turbine
38,32,4971.00555,onshore_wind_turbine
50,32,1881.9838799999998,onshore_wind_turbine
63,32,23.5048800952,onshore_wind_turbine
80,32,116.16499999999999,onshore_wind_turbine
94,32,8142.649200000001,onshore_wind_turbine
105,32,1023.1786615259999,onshore_wind_turbine
124,32,19688.103249306805,onshore_wind_turbine
136,32,4462.97166,onshore_wind_turbine
144,32,9808.252649999999,onshore_wind_turbine
11,32,0.0,small_hydroelectric
24,32,0.0,small_hydroelectric
32,32,0.0,small_hydroelectric
39,32,0.0,small_hydroelectric
51,32,0.0,small_hydroelectric
64,32,0.0,small_hydroelectric
81,32,0.0,small_hydroelectric
95,32,0.0,small_hydroelectric
106,32,0.0,small_hydroelectric
125,32,0.0,small_hydroelectric
137,32,0.0,small_hydroelectric
145,32,0.0,small_hydroelectric
12,32,5162.5413,solar_photovoltaic
25,32,1966.5725799999998,solar_photovoltaic
33,32,704.02395,solar_photovoltaic
52,32,2808.95552,solar_photovoltaic
65,32,8612.358029695,solar_photovoltaic
82,32,4984.72835,solar_photovoltaic
96,32,310.0223,solar_photovoltaic
107,32,6102.706052072001,solar_photovoltaic
126,32,13815.584302233001,solar_photovoltaic
138,32,1764.7976499999997,solar_photovoltaic
26,33,0.0,biomass
13,33,0.0,biomass
108,33,0.0,biomass
40,33,0.0,biomass
97,33,0.0,biomass
1,33,0.0,biomass
66,33,0.0,biomass
2,33,0.0,conventional_hydroelectric
14,33,0.0,conventional_hydroelectric
27,33,0.0,conventional_hydroelectric
35,33,0.0,conventional_hydroelectric
54,33,0.0,conventional_hydroelectric
67,33,0.0,conventional_hydroelectric
84,33,0.0,conventional_hydroelectric
109,33,0.0,conventional_hydroelectric
128,33,0.0,conventional_hydroelectric
139,33,0.0,conventional_hydroelectric
110,33,0.0,conventional_steam_coal
41,33,0.0,conventional_steam_coal
3,33,0.0,conventional_steam_coal
36,33,0.0,conventional_steam_coal
85,33,0.0,conventional_steam_coal
28,33,0.0,geothermal
116,33,0.0,natural_gas_fired_combined_cycle
73,33,0.0,natural_gas_fired_combined_cycle
71,33,0.0,natural_gas_fired_combined_cycle
44,33,0.0,natural_gas_fired_combined_cycle
115,33,0.0,natural_gas_fired_combined_cycle
70,33,0.0,natural_gas_fired_combined_cycle
131,33,0.0,natural_gas_fired_combined_cycle
18,33,0.0,natural_gas_fired_combined_cycle
72,33,0.0,natural_gas_fired_combined_cycle
114,33,0.0,natural_gas_fired_combined_cycle
45,33,0.0,natural_gas_fired_combined_cycle
78,33,0.0,natural_gas_fired_combustion_turbine
75,33,0.0,natural_gas_fired_combustion_turbine
119,33,0.0,natural_gas_fired_combustion_turbine
117,33,0.0,natural_gas_fired_combustion_turbine
134,33,0.0,natural_gas_fired_combustion_turbine
103,33,0.0,natural_gas_fired_combustion_turbine
47,33,0.0,natural_gas_fired_combustion_turbine
8,33,0.0,natural_gas_fired_combustion_turbine
90,33,0.0,natural_gas_fired_combustion_turbine
60,33,0.0,natural_gas_fired_combustion_turbine
46,33,0.0,natural_gas_fired_combustion_turbine
37,33,0.0,natural_gas_fired_combustion_turbine
7,33,0.0,natural_gas_fired_combustion_turbine
133,33,0.0,natural_gas_fired_combustion_turbine
74,33,0.0,natural_gas_fired_combustion_turbine
20,33,0.0,natural_gas_fired_combustion_turbine
135,33,0.0,natural_gas_fired_combustion_turbine
142,33,0.0,natural_gas_fired_combustion_turbine
121,33,0.0,natural_gas_fired_combustion_turbine
91,33,0.0,natural_gas_fired_combustion_turbine
22,33,0.0,natural_gas_steam_turbine
123,33,0.0,natural_gas_steam_turbine
62,33,0.0,natural_gas_steam_turbine
49,33,0.0,natural_gas_steam_turbine
48,33,0.0,natural_gas_steam_turbine
21,33,0.0,natural_gas_steam_turbine
79,33,0.0,nuclear
10,33,460.54127,onshore_wind_turbine
23,33,1408.7304,onshore_wind_turbine
31,33,9183.42894,onshore_wind_turbine
38,33,4985.2068,onshore_wind_turbine
50,33,2627.1898799999994,onshore_wind_turbine
63,33,0.0,onshore_wind_turbine
80,33,0.0,onshore_wind_turbine
94,33,6984.1422,onshore_wind_turbine
105,33,1157.927960091,onshore_wind_turbine
124,33,14870.586695841803,onshore_wind_turbine
136,33,5002.372786365195,onshore_wind_turbine
144,33,12704.22846,onshore_wind_turbine
11,33,0.0,small_hydroelectric
24,33,0.0,small_hydroelectric
32,33,0.0,small_hydroelectric
39,33,0.0,small_hydroelectric
51,33,0.0,small_hydroelectric
64,33,0.0,small_hydroelectric
81,33,0.0,small_hydroelectric
95,33,0.0,small_hydroelectric
106,33,0.0,small_hydroelectric
125,33,0.0,small_hydroelectric
137,33,0.0,small_hydroelectric
145,33,0.0,small_hydroelectric
12,33,8018.53542,solar_photovoltaic
25,33,0.0,solar_photovoltaic
33,33,0.0,solar_photovoltaic
52,33,3366.0466,solar_photovoltaic
65,33,0.0,solar_photovoltaic
82,33,0.0,solar_photovoltaic
96,33,0.0,solar_photovoltaic
107,33,9824.1167611965,solar_photovoltaic
126,33,24049.353597366997,solar_photovoltaic
138,33,2338.7564199999997,solar_photovoltaic
26,34,0.0,biomass
13,34,0.0,biomass
108,34,0.0,biomass
40,34,0.0,biomass
97,34,0.0,biomass
1,34,0.0,biomass
66,34,0.0,biomass
2,34,0.0,conventional_hydroelectric
14,34,0.0,conventional_hydroelectric
27,34,0.0,conventional_hydroelectric
35,34,0.0,conventional_hydroelectric
54,34,0.0,conventional_hydroelectric
67,34,0.0,conventional_hydroelectric
84,34,0.0,conventional_hydroelectric
109,34,0.0,conventional_hydroelectric
128,34,0.0,conventional_hydroelectric
139,34,0.0,conventional_hydroelectric
110,34,0.0,conventional_steam_coal
41,34,0.0,conventional_steam_coal
3,34,0.0,conventional_steam_coal
36,34,0.0,conventional_steam_coal
85,34,0.0,conventional_steam_coal
28,34,0.0,geothermal
116,34,0.0,natural_gas_fired_combined_cycle
73,34,0.0,natural_gas_fired_combined_cycle
71,34,0.0,natural_gas_fired_combined_cycle
44,34,0.0,natural_gas_fired_combined_cycle
115,34,0.0,natural_gas_fired_combined_cycle
70,34,0.0,natural_gas_fired_combined_cycle
131,34,0.0,natural_gas_fired_combined_cycle
18,34,0.0,natural_gas_fired_combined_cycle
72,34,0.0,natural_gas_fired_combined_cycle
114,34,0.0,natural_gas_fired_combined_cycle
45,34,0.0,natural_gas_fired_combined_cycle
78,34,0.0,natural_gas_fired_combustion_turbine
75,34,0.0,natural_gas_fired_combustion_turbine
119,34,0.0,natural_gas_fired_combustion_turbine
117,34,0.0,natural_gas_fired_combustion_turbine
134,34,0.0,natural_gas_fired_combustion_turbine
103,34,0.0,natural_gas_fired_combustion_turbine
47,34,0.0,natural_gas_fired_combustion_turbine
8,34,0.0,natural_gas_fired_combustion_turbine
90,34,0.0,natural_gas_fired_combustion_turbine
60,34,0.0,natural_gas_fired_combustion_turbine
46,34,0.0,natural_gas_fired_combustion_turbine
37,34,0.0,natural_gas_fired_combustion_turbine
7,34,0.0,natural_gas_fired_combustion_turbine
133,34,0.0,natural_gas_fired_combustion_turbine
74,34,0.0,natural_gas_fired_combustion_turbine
20,34,0.0,natural_gas_fired_combustion_turbine
135,34,0.0,natural_gas_fired_combustion_turbine
142,34,0.0,natural_gas_fired_combustion_turbine
121,34,0.0,natural_gas_fired_combustion_turbine
91,34,0.0,natural_gas_fired_combustion_turbine
22,34,0.0,natural_gas_steam_turbine
123,34,0.0,natural_gas_steam_turbine
62,34,0.0,natural_gas_steam_turbine
49,34,0.0,natural_gas_steam_turbine
48,34,0.0,natural_gas_steam_turbine
21,34,0.0,natural_gas_steam_turbine
79,34,0.0,nuclear
10,34,0.0,onshore_wind_turbine
23,34,989.4654,onshore_wind_turbine
31,34,8375.99014,onshore_wind_turbine
38,34,5007.36075,onshore_wind_turbine
50,34,3228.77436,onshore_wind_turbine
63,34,0.0,onshore_wind_turbine
80,34,0.0,onshore_wind_turbine
94,34,3515.9768000000004,onshore_wind_turbine
105,34,672.921620112,onshore_wind_turbine
124,34,4261.2013470334,onshore_wind_turbine
136,34,5210.397990000001,onshore_wind_turbine
144,34,11524.554769116578,onshore_wind_turbine
11,34,0.0,small_hydroelectric
24,34,0.0,small_hydroelectric
32,34,0.0,small_hydroelectric
39,34,0.0,small_hydroelectric
51,34,0.0,small_hydroelectric
64,34,0.0,small_hydroelectric
81,34,0.0,small_hydroelectric
95,34,0.0,small_hydroelectric
106,34,0.0,small_hydroelectric
125,34,0.0,small_hydroelectric
137,34,0.0,small_hydroelectric
145,34,0.0,small_hydroelectric
12,34,9336.3606,solar_photovoltaic
25,34,0.0,solar_photovoltaic
33,34,0.0,solar_photovoltaic
52,34,3998.4763000000003,solar_photovoltaic
65,34,0.0,solar_photovoltaic
82,34,12435.48278,solar_photovoltaic
96,34,0.0,solar_photovoltaic
107,34,12526.375962121001,solar_photovoltaic
126,34,30647.422051617003,solar_photovoltaic
138,34,2748.7921999999994,solar_photovoltaic
26,35,0.0,biomass
13,35,0.0,biomass
108,35,0.0,biomass
40,35,0.0,biomass
97,35,0.0,biomass
1,35,0.0,biomass
66,35,0.0,biomass
2,35,0.0,conventional_hydroelectric
14,35,0.0,conventional_hydroelectric
27,35,0.0,conventional_hydroelectric
35,35,0.0,conventional_hydroelectric
54,35,0.0,conventional_hydroelectric
67,35,0.0,conventional_hydroelectric
84,35,0.0,conventional_hydroelectric
109,35,0.0,conventional_hydroelectric
128,35,0.0,conventional_hydroelectric
139,35,0.0,conventional_hydroelectric
110,35,0.0,conventional_steam_coal
41,35,0.0,conventional_steam_coal
3,35,0.0,conventional_steam_coal
36,35,0.0,conventional_steam_coal
85,35,0.0,conventional_steam_coal
28,35,0.0,geothermal
116,35,0.0,natural_gas_fired_combined_cycle
73,35,0.0,natural_gas_fired_combined_cycle
71,35,0.0,natural_gas_fired_combined_cycle
44,35,0.0,natural_gas_fired_combined_cycle
115,35,0.0,natural_gas_fired_combined_cycle
70,35,0.0,natural_gas_fired_combined_cycle
131,35,0.0,natural_gas_fired_combined_cycle
18,35,0.0,natural_gas_fired_combined_cycle
72,35,0.0,natural_gas_fired_combined_cycle
114,35,0.0,natural_gas_fired_combined_cycle
45,35,0.0,natural_gas_fired_combined_cycle
78,35,0.0,natural_gas_fired_combustion_turbine
75,35,0.0,natural_gas_fired_combustion_turbine
119,35,0.0,natural_gas_fired_combustion_turbine
117,35,0.0,natural_gas_fired_combustion_turbine
134,35,0.0,natural_gas_fired_combustion_turbine
103,35,0.0,natural_gas_fired_combustion_turbine
47,35,0.0,natural_gas_fired_combustion_turbine
8,35,0.0,natural_gas_fired_combustion_turbine
90,35,0.0,natural_gas_fired_combustion_turbine
60,35,0.0,natural_gas_fired_combustion_turbine
46,35,0.0,natural_gas_fired_combustion_turbine
37,35,0.0,natural_gas_fired_combustion_turbine
7,35,0.0,natural_gas_fired_combustion_turbine
133,35,0.0,natural_gas_fired_combustion_turbine
74,35,0.0,natural_gas_fired_combustion_turbine
20,35,0.0,natural_gas_fired_combustion_turbine
135,35,0.0,natural_gas_fired_combustion_turbine
142,35,0.0,natural_gas_fired_combustion_turbine
121,35,0.0,natural_gas_fired_combustion_turbine
91,35,0.0,natural_gas_fired_combustion_turbine
22,35,0.0,natural_gas_steam_turbine
123,35,0.0,natural_gas_steam_turbine
62,35,0.0,natural_gas_steam_turbine
49,35,0.0,natural_gas_steam_turbine
48,35,0.0,natural_gas_steam_turbine
21,35,0.0,natural_gas_steam_turbine
79,35,0.0,nuclear
10,35,0.0,onshore_wind_turbine
23,35,0.0,onshore_wind_turbine
31,35,5495.33348,onshore_wind_turbine
38,35,4951.69185,onshore_wind_turbine
50,35,3244.3559399999995,onshore_wind_turbine
63,35,0.0,onshore_wind_turbine
80,35,0.0,onshore_wind_turbine
94,35,2670.0828,onshore_wind_turbine
105,35,472.034220609,onshore_wind_turbine
124,35,1653.3142481702002,onshore_wind_turbine
136,35,4603.282740000001,onshore_wind_turbine
144,35,11752.600859999999,onshore_wind_turbine
11,35,0.0,small_hydroelectric
24,35,0.0,small_hydroelectric
32,35,0.0,small_hydroelectric
39,35,0.0,small_hydroelectric
51,35,0.0,small_hydroelectric
64,35,0.0,small_hydroelectric
81,35,0.0,small_hydroelectric
95,35,0.0,small_hydroelectric
106,35,0.0,small_hydroelectric
125,35,0.0,small_hydroelectric
137,35,0.0,small_hydroelectric
145,35,0.0,small_hydroelectric
12,35,9665.46378,solar_photovoltaic
25,35,0.0,solar_photovoltaic
33,35,0.0,solar_photovoltaic
52,35,4434.61088,solar_photovoltaic
65,35,17773.32970113679,solar_photovoltaic
82,35,0.0,solar_photovoltaic
96,35,0.0,solar_photovoltaic
107,35,13705.327079629498,solar_photovoltaic
126,35,32862.9824004545,solar_photovoltaic
138,35,0.0,solar_photovoltaic
26,36,0.0,biomass
13,36,0.0,biomass
108,36,0.0,biomass
40,36,0.0,biomass
97,36,0.0,biomass
1,36,0.0,biomass
66,36,0.0,biomass
2,36,0.0,conventional_hydroelectric
14,36,0.0,conventional_hydroelectric
27,36,0.0,conventional_hydroelectric
35,36,0.0,conventional_hydroelectric
54,36,0.0,conventional_hydroelectric
67,36,0.0,conventional_hydroelectric
84,36,0.0,conventional_hydroelectric
109,36,0.0,conventional_hydroelectric
128,36,0.0,conventional_hydroelectric
139,36,0.0,conventional_hydroelectric
110,36,0.0,conventional_steam_coal
41,36,0.0,conventional_steam_coal
3,36,0.0,conventional_steam_coal
36,36,0.0,conventional_steam_coal
85,36,0.0,conventional_steam_coal
28,36,0.0,geothermal
116,36,0.0,natural_gas_fired_combined_cycle
73,36,0.0,natural_gas_fired_combined_cycle
71,36,0.0,natural_gas_fired_combined_cycle
44,36,0.0,natural_gas_fired_combined_cycle
115,36,0.0,natural_gas_fired_combined_cycle
70,36,0.0,natural_gas_fired_combined_cycle
131,36,0.0,natural_gas_fired_combined_cycle
18,36,0.0,natural_gas_fired_combined_cycle
72,36,0.0,natural_gas_fired_combined_cycle
114,36,0.0,natural_gas_fired_combined_cycle
45,36,0.0,natural_gas_fired_combined_cycle
78,36,0.0,natural_gas_fired_combustion_turbine
75,36,0.0,natural_gas_fired_combustion_turbine
119,36,0.0,natural_gas_fired_combustion_turbine
117,36,0.0,natural_gas_fired_combustion_turbine
134,36,0.0,natural_gas_fired_combustion_turbine
103,36,0.0,natural_gas_fired_combustion_turbine
47,36,0.0,natural_gas_fired_combustion_turbine
8,36,0.0,natural_gas_fired_combustion_turbine
90,36,0.0,natural_gas_fired_combustion_turbine
60,36,0.0,natural_gas_fired_combustion_turbine
46,36,0.0,natural_gas_fired_combustion_turbine
37,36,0.0,natural_gas_fired_combustion_turbine
7,36,0.0,natural_gas_fired_combustion_turbine
133,36,0.0,natural_gas_fired_combustion_turbine
74,36,0.0,natural_gas_fired_combustion_turbine
20,36,0.0,natural_gas_fired_combustion_turbine
135,36,0.0,natural_gas_fired_combustion_turbine
142,36,0.0,natural_gas_fired_combustion_turbine
121,36,0.0,natural_gas_fired_combustion_turbine
91,36,0.0,natural_gas_fired_combustion_turbine
22,36,0.0,natural_gas_steam_turbine
123,36,0.0,natural_gas_steam_turbine
62,36,0.0,natural_gas_steam_turbine
49,36,0.0,natural_gas_steam_turbine
48,36,0.0,natural_gas_steam_turbine
21,36,0.0,natural_gas_steam_turbine
79,36,0.0,nuclear
10,36,0.0,onshore_wind_turbine
23,36,0.0,onshore_wind_turbine
31,36,0.0,onshore_wind_turbine
38,36,4911.3603,onshore_wind_turbine
50,36,1503.2837399999999,onshore_wind_turbine
63,36,0.0,onshore_wind_turbine
80,36,0.0,onshore_wind_turbine
94,36,3935.246,onshore_wind_turbine
105,36,1531.862641512,onshore_wind_turbine
124,36,3234.5058930030004,onshore_wind_turbine
136,36,4105.8979500000005,onshore_wind_turbine
144,36,12057.55425,onshore_wind_turbine
11,36,0.0,small_hydroelectric
24,36,0.0,small_hydroelectric
32,36,0.0,small_hydroelectric
39,36,0.0,small_hydroelectric
51,36,0.0,small_hydroelectric
64,36,0.0,small_hydroelectric
81,36,0.0,small_hydroelectric
95,36,0.0,small_hydroelectric
106,36,0.0,small_hydroelectric
125,36,0.0,small_hydroelectric
137,36,0.0,small_hydroelectric
145,36,0.0,small_hydroelectric
12,36,9704.9469437771,solar_photovoltaic
25,36,0.0,solar_photovoltaic
33,36,0.0,solar_photovoltaic
52,36,4850.70124,solar_photovoltaic
65,36,17879.1049618769,solar_photovoltaic
82,36,14015.76848,solar_photovoltaic
96,36,0.0,solar_photovoltaic
107,36,0.0,solar_photovoltaic
126,36,33949.177449831,solar_photovoltaic
138,36,0.0,solar_photovoltaic
26,37,0.0,biomass
13,37,0.0,biomass
108,37,0.0,biomass
40,37,0.0,biomass
97,37,0.0,biomass
1,37,0.0,biomass
66,37,0.0,biomass
2,37,0.0,conventional_hydroelectric
14,37,0.0,conventional_hydroelectric
27,37,0.0,conventional_hydroelectric
35,37,0.0,conventional_hydroelectric
54,37,0.0,conventional_hydroelectric
67,37,0.0,conventional_hydroelectric
84,37,0.0,conventional_hydroelectric
109,37,0.0,conventional_hydroelectric
128,37,0.0,conventional_hydroelectric
139,37,0.0,conventional_hydroelectric
110,37,0.0,conventional_steam_coal
41,37,0.0,conventional_steam_coal
3,37,0.0,conventional_steam_coal
36,37,0.0,conventional_steam_coal
85,37,0.0,conventional_steam_coal
28,37,0.0,geothermal
116,37,0.0,natural_gas_fired_combined_cycle
73,37,0.0,natural_gas_fired_combined_cycle
71,37,0.0,natural_gas_fired_combined_cycle
44,37,0.0,natural_gas_fired_combined_cycle
115,37,0.0,natural_gas_fired_combined_cycle
70,37,0.0,natural_gas_fired_combined_cycle
131,37,0.0,natural_gas_fired_combined_cycle
18,37,0.0,natural_gas_fired_combined_cycle
72,37,0.0,natural_gas_fired_combined_cycle
114,37,0.0,natural_gas_fired_combined_cycle
45,37,0.0,natural_gas_fired_combined_cycle
78,37,0.0,natural_gas_fired_combustion_turbine
75,37,0.0,natural_gas_fired_combustion_turbine
119,37,0.0,natural_gas_fired_combustion_turbine
117,37,0.0,natural_gas_fired_combustion_turbine
134,37,0.0,natural_gas_fired_combustion_turbine
103,37,0.0,natural_gas_fired_combustion_turbine
47,37,0.0,natural_gas_fired_combustion_turbine
8,37,0.0,natural_gas_fired_combustion_turbine
90,37,0.0,natural_gas_fired_combustion_turbine
60,37,0.0,natural_gas_fired_combustion_turbine
46,37,0.0,natural_gas_fired_combustion_turbine
37,37,0.0,natural_gas_fired_combustion_turbine
7,37,0.0,natural_gas_fired_combustion_turbine
133,37,0.0,natural_gas_fired_combustion_turbine
74,37,0.0,natural_gas_fired_combustion_turbine
20,37,0.0,natural_gas_fired_combustion_turbine
135,37,0.0,natural_gas_fired_combustion_turbine
142,37,0.0,natural_gas_fired_combustion_turbine
121,37,0.0,natural_gas_fired_combustion_turbine
91,37,0.0,natural_gas_fired_combustion_turbine
22,37,0.0,natural_gas_steam_turbine
123,37,0.0,natural_gas_steam_turbine
62,37,0.0,natural_gas_steam_turbine
49,37,0.0,natural_gas_steam_turbine
48,37,0.0,natural_gas_steam_turbine
21,37,0.0,natural_gas_steam_turbine
79,37,0.0,nuclear
10,37,0.0,onshore_wind_turbine
23,37,0.0,onshore_wind_turbine
31,37,0.0,onshore_wind_turbine
38,37,0.0,onshore_wind_turbine
50,37,0.0,onshore_wind_turbine
63,37,0.0,onshore_wind_turbine
80,37,0.0,onshore_wind_turbine
94,37,0.0,onshore_wind_turbine
105,37,0.0,onshore_wind_turbine
124,37,0.0,onshore_wind_turbine
136,37,0.0,onshore_wind_turbine
144,37,11090.787119999999,onshore_wind_turbine
11,37,0.0,small_hydroelectric
24,37,0.0,small_hydroelectric
32,37,0.0,small_hydroelectric
39,37,0.0,small_hydroelectric
51,37,0.0,small_hydroelectric
64,37,0.0,small_hydroelectric
81,37,0.0,small_hydroelectric
95,37,0.0,small_hydroelectric
106,37,0.0,small_hydroelectric
125,37,0.0,small_hydroelectric
137,37,0.0,small_hydroelectric
145,37,0.0,small_hydroelectric
12,37,0.0,solar_photovoltaic
25,37,0.0,solar_photovoltaic
33,37,0.0,solar_photovoltaic
52,37,0.0,solar_photovoltaic
65,37,17063.236405796,solar_photovoltaic
82,37,7921.596081501506,solar_photovoltaic
96,37,0.0,solar_photovoltaic
107,37,0.0,solar_photovoltaic
126,37,34143.0217027025,solar_photovoltaic
138,37,0.0,solar_photovoltaic
26,38,0.0,biomass
13,38,0.0,biomass
108,38,0.0,biomass
40,38,0.0,biomass
97,38,0.0,biomass
1,38,0.0,biomass
66,38,0.0,biomass
2,38,0.0,conventional_hydroelectric
14,38,0.0,conventional_hydroelectric
27,38,0.0,conventional_hydroelectric
35,38,0.0,conventional_hydroelectric
54,38,0.0,conventional_hydroelectric
67,38,0.0,conventional_hydroelectric
84,38,0.0,conventional_hydroelectric
109,38,0.0,conventional_hydroelectric
128,38,0.0,conventional_hydroelectric
139,38,0.0,conventional_hydroelectric
110,38,0.0,conventional_steam_coal
41,38,0.0,conventional_steam_coal
3,38,0.0,conventional_steam_coal
36,38,0.0,conventional_steam_coal
85,38,0.0,conventional_steam_coal
28,38,0.0,geothermal
116,38,0.0,natural_gas_fired_combined_cycle
73,38,0.0,natural_gas_fired_combined_cycle
71,38,0.0,natural_gas_fired_combined_cycle
44,38,0.0,natural_gas_fired_combined_cycle
115,38,0.0,natural_gas_fired_combined_cycle
70,38,0.0,natural_gas_fired_combined_cycle
131,38,0.0,natural_gas_fired_combined_cycle
18,38,0.0,natural_gas_fired_combined_cycle
72,38,0.0,natural_gas_fired_combined_cycle
114,38,0.0,natural_gas_fired_combined_cycle
45,38,0.0,natural_gas_fired_combined_cycle
78,38,0.0,natural_gas_fired_combustion_turbine
75,38,0.0,natural_gas_fired_combustion_turbine
119,38,0.0,natural_gas_fired_combustion_turbine
117,38,0.0,natural_gas_fired_combustion_turbine
134,38,0.0,natural_gas_fired_combustion_turbine
103,38,0.0,natural_gas_fired_combustion_turbine
47,38,0.0,natural_gas_fired_combustion_turbine
8,38,0.0,natural_gas_fired_combustion_turbine
90,38,0.0,natural_gas_fired_combustion_turbine
60,38,0.0,natural_gas_fired_combustion_turbine
46,38,0.0,natural_gas_fired_combustion_turbine
37,38,0.0,natural_gas_fired_combustion_turbine
7,38,0.0,natural_gas_fired_combustion_turbine
133,38,0.0,natural_gas_fired_combustion_turbine
74,38,0.0,natural_gas_fired_combustion_turbine
20,38,0.0,natural_gas_fired_combustion_turbine
135,38,0.0,natural_gas_fired_combustion_turbine
142,38,0.0,natural_gas_fired_combustion_turbine
121,38,0.0,natural_gas_fired_combustion_turbine
91,38,0.0,natural_gas_fired_combustion_turbine
22,38,0.0,natural_gas_steam_turbine
123,38,0.0,natural_gas_steam_turbine
62,38,0.0,natural_gas_steam_turbine
49,38,0.0,natural_gas_steam_turbine
48,38,0.0,natural_gas_steam_turbine
21,38,0.0,natural_gas_steam_turbine
79,38,0.0,nuclear
10,38,0.0,onshore_wind_turbine
23,38,587.4034971934943,onshore_wind_turbine
31,38,5083.30221,onshore_wind_turbine
38,38,4684.70835,onshore_wind_turbine
50,38,4324.90464,onshore_wind_turbine
63,38,0.0,onshore_wind_turbine
80,38,0.0,onshore_wind_turbine
94,38,3604.244,onshore_wind_turbine
105,38,1869.362740539,onshore_wind_turbine
124,38,7512.4067239452015,onshore_wind_turbine
136,38,4850.6259900000005,onshore_wind_turbine
144,38,9862.3224,onshore_wind_turbine
11,38,0.0,small_hydroelectric
24,38,0.0,small_hydroelectric
32,38,0.0,small_hydroelectric
39,38,0.0,small_hydroelectric
51,38,0.0,small_hydroelectric
64,38,0.0,small_hydroelectric
81,38,0.0,small_hydroelectric
95,38,0.0,small_hydroelectric
106,38,0.0,small_hydroelectric
125,38,0.0,small_hydroelectric
137,38,0.0,small_hydroelectric
145,38,0.0,small_hydroelectric
12,38,9162.62802,solar_photovoltaic
25,38,0.0,solar_photovoltaic
33,38,0.0,solar_photovoltaic
52,38,3915.5347,solar_photovoltaic
65,38,17198.7276198773,solar_photovoltaic
82,38,0.0,solar_photovoltaic
96,38,0.0,solar_photovoltaic
107,38,0.0,solar_photovoltaic
126,38,34080.860398445,solar_photovoltaic
138,38,2415.4669,solar_photovoltaic
26,39,0.0,biomass
13,39,0.0,biomass
108,39,0.0,biomass
40,39,0.0,biomass
97,39,0.0,biomass
1,39,0.0,biomass
66,39,0.0,biomass
2,39,0.0,conventional_hydroelectric
14,39,0.0,conventional_hydroelectric
27,39,117.12063600000002,conventional_hydroelectric
35,39,0.0,conventional_hydroelectric
54,39,86.270283,conventional_hydroelectric
67,39,0.0,conventional_hydroelectric
84,39,141.4609063585931,conventional_hydroelectric
109,39,0.0,conventional_hydroelectric
128,39,0.0,conventional_hydroelectric
139,39,0.0,conventional_hydroelectric
110,39,0.0,conventional_steam_coal
41,39,0.0,conventional_steam_coal
3,39,0.0,conventional_steam_coal
36,39,0.0,conventional_steam_coal
85,39,0.0,conventional_steam_coal
28,39,0.0,geothermal
116,39,0.0,natural_gas_fired_combined_cycle
73,39,0.0,natural_gas_fired_combined_cycle
71,39,0.0,natural_gas_fired_combined_cycle
44,39,0.0,natural_gas_fired_combined_cycle
115,39,0.0,natural_gas_fired_combined_cycle
70,39,0.0,natural_gas_fired_combined_cycle
131,39,0.0,natural_gas_fired_combined_cycle
18,39,0.0,natural_gas_fired_combined_cycle
72,39,0.0,natural_gas_fired_combined_cycle
114,39,0.0,natural_gas_fired_combined_cycle
45,39,0.0,natural_gas_fired_combined_cycle
78,39,0.0,natural_gas_fired_combustion_turbine
75,39,0.0,natural_gas_fired_combustion_turbine
119,39,0.0,natural_gas_fired_combustion_turbine
117,39,0.0,natural_gas_fired_combustion_turbine
134,39,0.0,natural_gas_fired_combustion_turbine
103,39,0.0,natural_gas_fired_combustion_turbine
47,39,0.0,natural_gas_fired_combustion_turbine
8,39,0.0,natural_gas_fired_combustion_turbine
90,39,0.0,natural_gas_fired_combustion_turbine
60,39,0.0,natural_gas_fired_combustion_turbine
46,39,0.0,natural_gas_fired_combustion_turbine
37,39,0.0,natural_gas_fired_combustion_turbine
7,39,0.0,natural_gas_fired_combustion_turbine
133,39,0.0,natural_gas_fired_combustion_turbine
74,39,0.0,natural_gas_fired_combustion_turbine
20,39,0.0,natural_gas_fired_combustion_turbine
135,39,0.0,natural_gas_fired_combustion_turbine
142,39,0.0,natural_gas_fired_combustion_turbine
121,39,0.0,natural_gas_fired_combustion_turbine
91,39,0.0,natural_gas_fired_combustion_turbine
22,39,0.0,natural_gas_steam_turbine
123,39,0.0,natural_gas_steam_turbine
62,39,0.0,natural_gas_steam_turbine
49,39,0.0,natural_gas_steam_turbine
48,39,0.0,natural_gas_steam_turbine
21,39,0.0,natural_gas_steam_turbine
79,39,0.0,nuclear
10,39,0.0,onshore_wind_turbine
23,39,1006.236,onshore_wind_turbine
31,39,3705.4948164128864,onshore_wind_turbine
38,39,0.0,onshore_wind_turbine
50,39,4393.3281,onshore_wind_turbine
63,39,0.0,onshore_wind_turbine
80,39,0.0,onshore_wind_turbine
94,39,2022.79,onshore_wind_turbine
105,39,2059.837359909,onshore_wind_turbine
124,39,5580.612155503001,onshore_wind_turbine
136,39,4715.711490000001,onshore_wind_turbine
144,39,8147.229929999999,onshore_wind_turbine
11,39,0.0,small_hydroelectric
24,39,0.0,small_hydroelectric
32,39,0.0,small_hydroelectric
39,39,0.0,small_hydroelectric
51,39,0.0,small_hydroelectric
64,39,0.0,small_hydroelectric
81,39,0.0,small_hydroelectric
95,39,0.0,small_hydroelectric
106,39,0.0,small_hydroelectric
125,39,0.0,small_hydroelectric
137,39,0.0,small_hydroelectric
145,39,0.0,small_hydroelectric
12,39,0.0,solar_photovoltaic
25,39,2137.7088599999997,solar_photovoltaic
33,39,1339.3884,solar_photovoltaic
52,39,0.0,solar_photovoltaic
65,39,0.0,solar_photovoltaic
82,39,0.0,solar_photovoltaic
96,39,0.0,solar_photovoltaic
107,39,16314.4926748335,solar_photovoltaic
126,39,33551.854997983,solar_photovoltaic
138,39,2713.1766199999993,solar_photovoltaic
26,40,0.0,biomass
13,40,0.0,biomass
108,40,0.0,biomass
40,40,0.0,biomass
97,40,0.0,biomass
1,40,0.0,biomass
66,40,0.0,biomass
2,40,0.0,conventional_hydroelectric
14,40,0.0,conventional_hydroelectric
27,40,234.24127200000004,conventional_hydroelectric
35,40,4.2459471999998755,conventional_hydroelectric
54,40,172.540566,conventional_hydroelectric
67,40,0.0,conventional_hydroelectric
84,40,2552.8580803585933,conventional_hydroelectric
109,40,0.0,conventional_hydroelectric
128,40,1.927859999999999,conventional_hydroelectric
139,40,0.0,conventional_hydroelectric
110,40,0.0,conventional_steam_coal
41,40,0.0,conventional_steam_coal
3,40,0.0,conventional_steam_coal
36,40,0.0,conventional_steam_coal
85,40,0.0,conventional_steam_coal
28,40,0.0,geothermal
116,40,0.0,natural_gas_fired_combined_cycle
73,40,0.0,natural_gas_fired_combined_cycle
71,40,0.0,natural_gas_fired_combined_cycle
44,40,0.0,natural_gas_fired_combined_cycle
115,40,0.0,natural_gas_fired_combined_cycle
70,40,0.0,natural_gas_fired_combined_cycle
131,40,0.0,natural_gas_fired_combined_cycle
18,40,0.0,natural_gas_fired_combined_cycle
72,40,0.0,natural_gas_fired_combined_cycle
114,40,0.0,natural_gas_fired_combined_cycle
45,40,0.0,natural_gas_fired_combined_cycle
78,40,0.0,natural_gas_fired_combustion_turbine
75,40,0.0,natural_gas_fired_combustion_turbine
119,40,0.0,natural_gas_fired_combustion_turbine
117,40,0.0,natural_gas_fired_combustion_turbine
134,40,0.0,natural_gas_fired_combustion_turbine
103,40,0.0,natural_gas_fired_combustion_turbine
47,40,0.0,natural_gas_fired_combustion_turbine
8,40,0.0,natural_gas_fired_combustion_turbine
90,40,0.0,natural_gas_fired_combustion_turbine
60,40,0.0,natural_gas_fired_combustion_turbine
46,40,0.0,natural_gas_fired_combustion_turbine
37,40,0.0,natural_gas_fired_combustion_turbine
7,40,0.0,natural_gas_fired_combustion_turbine
133,40,0.0,natural_gas_fired_combustion_turbine
74,40,0.0,natural_gas_fired_combustion_turbine
20,40,0.0,natural_gas_fired_combustion_turbine
135,40,0.0,natural_gas_fired_combustion_turbine
142,40,0.0,natural_gas_fired_combustion_turbine
121,40,0.0,natural_gas_fired_combustion_turbine
91,40,0.0,natural_gas_fired_combustion_turbine
22,40,0.0,natural_gas_steam_turbine
123,40,0.0,natural_gas_steam_turbine
62,40,0.0,natural_gas_steam_turbine
49,40,0.0,natural_gas_steam_turbine
48,40,0.0,natural_gas_steam_turbine
21,40,0.0,natural_gas_steam_turbine
79,40,0.0,nuclear
10,40,343.82999,onshore_wind_turbine
23,40,1984.521,onshore_wind_turbine
31,40,3729.65481,onshore_wind_turbine
38,40,4592.68425,onshore_wind_turbine
50,40,3984.142259999999,onshore_wind_turbine
63,40,67.46599263161625,onshore_wind_turbine
80,40,0.0,onshore_wind_turbine
94,40,2272.8804,onshore_wind_turbine
105,40,1684.725840294,onshore_wind_turbine
124,40,10928.434575781801,onshore_wind_turbine
136,40,4494.45171,onshore_wind_turbine
144,40,6047.16084,onshore_wind_turbine
11,40,0.0,small_hydroelectric
24,40,0.0,small_hydroelectric
32,40,0.0,small_hydroelectric
39,40,0.0,small_hydroelectric
51,40,0.0,small_hydroelectric
64,40,0.0,small_hydroelectric
81,40,0.0,small_hydroelectric
95,40,0.0,small_hydroelectric
106,40,0.0,small_hydroelectric
125,40,0.0,small_hydroelectric
137,40,0.0,small_hydroelectric
145,40,0.0,small_hydroelectric
12,40,8209.21752,solar_photovoltaic
25,40,0.0,solar_photovoltaic
33,40,0.0,solar_photovoltaic
52,40,0.0,solar_photovoltaic
65,40,13667.1280145988,solar_photovoltaic
82,40,0.0,solar_photovoltaic
96,40,725.98113,solar_photovoltaic
107,40,0.0,solar_photovoltaic
126,40,0.0,solar_photovoltaic
138,40,2358.8472599999996,solar_photovoltaic
26,41,0.0,biomass
13,41,0.0,biomass
108,41,0.0,biomass
40,41,0.0,biomass
97,41,0.0,biomass
1,41,0.0,biomass
66,41,0.0,biomass
2,41,174.5905055999998,conventional_hydroelectric
14,41,11.571938399999993,conventional_hydroelectric
27,41,351.3619080000001,conventional_hydroelectric
35,41,211.5480751999999,conventional_hydroelectric
54,41,258.810849,conventional_hydroelectric
67,41,0.0,conventional_hydroelectric
84,41,4964.255254358593,conventional_hydroelectric
109,41,0.0,conventional_hydroelectric
128,41,14.52726,conventional_hydroelectric
139,41,0.0,conventional_hydroelectric
110,41,0.0,conventional_steam_coal
41,41,0.0,conventional_steam_coal
3,41,0.0,conventional_steam_coal
36,41,0.0,conventional_steam_coal
85,41,0.0,conventional_steam_coal
28,41,0.0,geothermal
116,41,0.0,natural_gas_fired_combined_cycle
73,41,0.0,natural_gas_fired_combined_cycle
71,41,0.0,natural_gas_fired_combined_cycle
44,41,0.0,natural_gas_fired_combined_cycle
115,41,0.0,natural_gas_fired_combined_cycle
70,41,0.0,natural_gas_fired_combined_cycle
131,41,0.0,natural_gas_fired_combined_cycle
18,41,0.0,natural_gas_fired_combined_cycle
72,41,0.0,natural_gas_fired_combined_cycle
114,41,0.0,natural_gas_fired_combined_cycle
45,41,0.0,natural_gas_fired_combined_cycle
78,41,0.0,natural_gas_fired_combustion_turbine
75,41,0.0,natural_gas_fired_combustion_turbine
119,41,0.0,natural_gas_fired_combustion_turbine
117,41,0.0,natural_gas_fired_combustion_turbine
134,41,0.0,natural_gas_fired_combustion_turbine
103,41,0.0,natural_gas_fired_combustion_turbine
47,41,0.0,natural_gas_fired_combustion_turbine
8,41,0.0,natural_gas_fired_combustion_turbine
90,41,0.0,natural_gas_fired_combustion_turbine
60,41,0.0,natural_gas_fired_combustion_turbine
46,41,0.0,natural_gas_fired_combustion_turbine
37,41,0.0,natural_gas_fired_combustion_turbine
7,41,0.0,natural_gas_fired_combustion_turbine
133,41,0.0,natural_gas_fired_combustion_turbine
74,41,0.0,natural_gas_fired_combustion_turbine
20,41,0.0,natural_gas_fired_combustion_turbine
135,41,0.0,natural_gas_fired_combustion_turbine
142,41,0.0,natural_gas_fired_combustion_turbine
121,41,0.0,natural_gas_fired_combustion_turbine
91,41,0.0,natural_gas_fired_combustion_turbine
22,41,0.0,natural_gas_steam_turbine
123,41,0.0,natural_gas_steam_turbine
62,41,0.0,natural_gas_steam_turbine
49,41,0.0,natural_gas_steam_turbine
48,41,0.0,natural_gas_steam_turbine
21,41,0.0,natural_gas_steam_turbine
79,41,0.0,nuclear
10,41,0.0,onshore_wind_turbine
23,41,1883.8973999999998,onshore_wind_turbine
31,41,3156.13578,onshore_wind_turbine
38,41,4508.6128499999995,onshore_wind_turbine
50,41,2968.0780416953103,onshore_wind_turbine
63,41,0.0,onshore_wind_turbine
80,41,0.0,onshore_wind_turbine
94,41,0.0,onshore_wind_turbine
105,41,0.0,onshore_wind_turbine
124,41,17870.3678908524,onshore_wind_turbine
136,41,0.0,onshore_wind_turbine
144,41,5690.30049,onshore_wind_turbine
11,41,0.0,small_hydroelectric
24,41,0.0,small_hydroelectric
32,41,0.0,small_hydroelectric
39,41,0.0,small_hydroelectric
51,41,0.0,small_hydroelectric
64,41,0.0,small_hydroelectric
81,41,0.0,small_hydroelectric
95,41,0.0,small_hydroelectric
106,41,0.0,small_hydroelectric
125,41,0.0,small_hydroelectric
137,41,0.0,small_hydroelectric
145,41,0.0,small_hydroelectric
12,41,6309.45882,solar_photovoltaic
25,41,0.0,solar_photovoltaic
33,41,0.0,solar_photovoltaic
52,41,0.0,solar_photovoltaic
65,41,12044.2052427032,solar_photovoltaic
82,41,9366.60697,solar_photovoltaic
96,41,0.0,solar_photovoltaic
107,41,11279.957287879,solar_photovoltaic
126,41,25175.2796963115,solar_photovoltaic
138,41,1548.3645099999999,solar_photovoltaic
26,42,0.0,biomass
13,42,0.0,biomass
108,42,0.0,biomass
40,42,0.0,biomass
97,42,0.0,biomass
1,42,0.0,biomass
66,42,0.0,biomass
2,42,403.8786695999998,conventional_hydroelectric
14,42,50.61547039999999,conventional_hydroelectric
27,42,468.4825440000001,conventional_hydroelectric
35,42,418.8502031999999,conventional_hydroelectric
54,42,345.081132,conventional_hydroelectric
67,42,603.742581,conventional_hydroelectric
84,42,7375.652428358593,conventional_hydroelectric
109,42,0.0,conventional_hydroelectric
128,42,27.12666,conventional_hydroelectric
139,42,19.330368,conventional_hydroelectric
110,42,0.0,conventional_steam_coal
41,42,0.0,conventional_steam_coal
3,42,0.0,conventional_steam_coal
36,42,0.0,conventional_steam_coal
85,42,0.0,conventional_steam_coal
28,42,0.0,geothermal
116,42,0.0,natural_gas_fired_combined_cycle
73,42,0.0,natural_gas_fired_combined_cycle
71,42,0.0,natural_gas_fired_combined_cycle
44,42,0.0,natural_gas_fired_combined_cycle
115,42,0.0,natural_gas_fired_combined_cycle
70,42,0.0,natural_gas_fired_combined_cycle
131,42,0.0,natural_gas_fired_combined_cycle
18,42,0.0,natural_gas_fired_combined_cycle
72,42,0.0,natural_gas_fired_combined_cycle
114,42,0.0,natural_gas_fired_combined_cycle
45,42,0.0,natural_gas_fired_combined_cycle
78,42,0.0,natural_gas_fired_combustion_turbine
75,42,0.0,natural_gas_fired_combustion_turbine
119,42,0.0,natural_gas_fired_combustion_turbine
117,42,0.0,natural_gas_fired_combustion_turbine
134,42,0.0,natural_gas_fired_combustion_turbine
103,42,0.0,natural_gas_fired_combustion_turbine
47,42,0.0,natural_gas_fired_combustion_turbine
8,42,0.0,natural_gas_fired_combustion_turbine
90,42,0.0,natural_gas_fired_combustion_turbine
60,42,0.0,natural_gas_fired_combustion_turbine
46,42,0.0,natural_gas_fired_combustion_turbine
37,42,0.0,natural_gas_fired_combustion_turbine
7,42,0.0,natural_gas_fired_combustion_turbine
133,42,0.0,natural_gas_fired_combustion_turbine
74,42,0.0,natural_gas_fired_combustion_turbine
20,42,0.0,natural_gas_fired_combustion_turbine
135,42,0.0,natural_gas_fired_combustion_turbine
142,42,0.0,natural_gas_fired_combustion_turbine
121,42,0.0,natural_gas_fired_combustion_turbine
91,42,0.0,natural_gas_fired_combustion_turbine
22,42,0.0,natural_gas_steam_turbine
123,42,0.0,natural_gas_steam_turbine
62,42,0.0,natural_gas_steam_turbine
49,42,0.0,natural_gas_steam_turbine
48,42,0.0,natural_gas_steam_turbine
21,42,0.0,natural_gas_steam_turbine
79,42,0.0,nuclear
10,42,144.98855,onshore_wind_turbine
23,42,1494.4468,onshore_wind_turbine
31,42,3278.43901,onshore_wind_turbine
38,42,4314.33975,onshore_wind_turbine
50,42,2444.9531399999996,onshore_wind_turbine
63,42,143.8051997536,onshore_wind_turbine
80,42,381.02119999999996,onshore_wind_turbine
94,42,1636.6209999999999,onshore_wind_turbine
105,42,209.896959825,onshore_wind_turbine
124,42,19623.4501422498,onshore_wind_turbine
136,42,4013.2566600000005,onshore_wind_turbine
144,42,6246.137519999999,onshore_wind_turbine
11,42,0.0,small_hydroelectric
24,42,0.0,small_hydroelectric
32,42,0.0,small_hydroelectric
39,42,0.0,small_hydroelectric
51,42,0.0,small_hydroelectric
64,42,0.0,small_hydroelectric
81,42,0.0,small_hydroelectric
95,42,0.0,small_hydroelectric
106,42,0.0,small_hydroelectric
125,42,0.0,small_hydroelectric
137,42,0.0,small_hydroelectric
145,42,0.0,small_hydroelectric
12,42,3173.7976200000003,solar_photovoltaic
25,42,3.3629399999999996,solar_photovoltaic
33,42,666.5253,solar_photovoltaic
52,42,154.13314,solar_photovoltaic
65,42,6858.3413407712005,solar_photovoltaic
82,42,5587.57808,solar_photovoltaic
96,42,425.95007,solar_photovoltaic
107,42,6315.5781555964995,solar_photovoltaic
126,42,15473.649504481,solar_photovoltaic
138,42,784.45598,solar_photovoltaic
26,43,11.235,biomass
13,43,15.682,biomass
108,43,137.081,biomass
40,43,5.952,biomass
97,43,178.173,biomass
1,43,16.294,biomass
66,43,228.795,biomass
2,43,633.1668335999998,conventional_hydroelectric
14,43,89.65900239999999,conventional_hydroelectric
27,43,585.6031800000001,conventional_hydroelectric
35,43,626.1523311999999,conventional_hydroelectric
54,43,431.35141500000003,conventional_hydroelectric
67,43,1207.485162,conventional_hydroelectric
84,43,9787.049602358593,conventional_hydroelectric
109,43,107.76396152340001,conventional_hydroelectric
128,43,39.726060000000004,conventional_hydroelectric
139,43,38.660736,conventional_hydroelectric
110,43,28.499999999999996,conventional_steam_coal
41,43,7219.002,conventional_steam_coal
3,43,8009.062589999999,conventional_steam_coal
36,43,0.0,conventional_steam_coal
85,43,0.0,conventional_steam_coal
28,43,74.364,geothermal
116,43,0.0,natural_gas_fired_combined_cycle
73,43,0.0,natural_gas_fired_combined_cycle
71,43,0.0,natural_gas_fired_combined_cycle
44,43,0.0,natural_gas_fired_combined_cycle
115,43,0.0,natural_gas_fired_combined_cycle
70,43,0.0,natural_gas_fired_combined_cycle
131,43,0.0,natural_gas_fired_combined_cycle
18,43,0.0,natural_gas_fired_combined_cycle
72,43,0.0,natural_gas_fired_combined_cycle
114,43,0.0,natural_gas_fired_combined_cycle
45,43,0.0,natural_gas_fired_combined_cycle
78,43,0.0,natural_gas_fired_combustion_turbine
75,43,0.0,natural_gas_fired_combustion_turbine
119,43,0.0,natural_gas_fired_combustion_turbine
117,43,0.0,natural_gas_fired_combustion_turbine
134,43,0.0,natural_gas_fired_combustion_turbine
103,43,0.0,natural_gas_fired_combustion_turbine
47,43,0.0,natural_gas_fired_combustion_turbine
8,43,0.0,natural_gas_fired_combustion_turbine
90,43,0.0,natural_gas_fired_combustion_turbine
60,43,0.0,natural_gas_fired_combustion_turbine
46,43,0.0,natural_gas_fired_combustion_turbine
37,43,0.0,natural_gas_fired_combustion_turbine
7,43,0.0,natural_gas_fired_combustion_turbine
133,43,0.0,natural_gas_fired_combustion_turbine
74,43,0.0,natural_gas_fired_combustion_turbine
20,43,0.0,natural_gas_fired_combustion_turbine
135,43,0.0,natural_gas_fired_combustion_turbine
142,43,0.0,natural_gas_fired_combustion_turbine
121,43,0.0,natural_gas_fired_combustion_turbine
91,43,0.0,natural_gas_fired_combustion_turbine
22,43,0.0,natural_gas_steam_turbine
123,43,0.0,natural_gas_steam_turbine
62,43,0.0,natural_gas_steam_turbine
49,43,0.0,natural_gas_steam_turbine
48,43,0.0,natural_gas_steam_turbine
21,43,0.0,natural_gas_steam_turbine
79,43,1851.49975,nuclear
10,43,230.54080000000002,onshore_wind_turbine
23,43,2349.7473999999997,onshore_wind_turbine
31,43,2371.25777,onshore_wind_turbine
38,43,4563.7137,onshore_wind_turbine
50,43,1354.24254,onshore_wind_turbine
63,43,117.0576399216,onshore_wind_turbine
80,43,798.2858799999999,onshore_wind_turbine
94,43,1338.7192,onshore_wind_turbine
105,43,351.065820567,onshore_wind_turbine
124,43,16409.376337985403,onshore_wind_turbine
136,43,3358.4716200000007,onshore_wind_turbine
144,43,6745.74201,onshore_wind_turbine
11,43,19.125,small_hydroelectric
24,43,62.577,small_hydroelectric
32,43,192.0,small_hydroelectric
39,43,52.9,small_hydroelectric
51,43,25.641,small_hydroelectric
64,43,6.128,small_hydroelectric
81,43,241.672,small_hydroelectric
95,43,418.922,small_hydroelectric
106,43,31.614,small_hydroelectric
125,43,100.697,small_hydroelectric
137,43,36.822,small_hydroelectric
145,43,33.21,small_hydroelectric
12,43,0.0,solar_photovoltaic
25,43,0.0,solar_photovoltaic
33,43,0.0,solar_photovoltaic
52,43,0.0,solar_photovoltaic
65,43,0.0,solar_photovoltaic
82,43,9.754850000000001,solar_photovoltaic
96,43,8.96273,solar_photovoltaic
107,43,0.0,solar_photovoltaic
126,43,25.915697444,solar_photovoltaic
138,43,0.0,solar_photovoltaic
26,44,11.235,biomass
13,44,15.682,biomass
108,44,137.081,biomass
40,44,5.952,biomass
97,44,178.173,biomass
1,44,16.294,biomass
66,44,228.795,biomass
2,44,862.4549975999998,conventional_hydroelectric
14,44,128.7025344,conventional_hydroelectric
27,44,702.723816,conventional_hydroelectric
35,44,833.4544592,conventional_hydroelectric
54,44,517.621698,conventional_hydroelectric
67,44,1425.5510466674878,conventional_hydroelectric
84,44,12198.446776358593,conventional_hydroelectric
109,44,107.76396152340001,conventional_hydroelectric
128,44,52.32546000000001,conventional_hydroelectric
139,44,47.5340736,conventional_hydroelectric
110,44,28.499999999999996,conventional_steam_coal
41,44,5957.678102443711,conventional_steam_coal
3,44,0.0,conventional_steam_coal
36,44,0.0,conventional_steam_coal
85,44,0.0,conventional_steam_coal
28,44,74.364,geothermal
116,44,0.0,natural_gas_fired_combined_cycle
73,44,0.0,natural_gas_fired_combined_cycle
71,44,0.0,natural_gas_fired_combined_cycle
44,44,0.0,natural_gas_fired_combined_cycle
115,44,0.0,natural_gas_fired_combined_cycle
70,44,0.0,natural_gas_fired_combined_cycle
131,44,0.0,natural_gas_fired_combined_cycle
18,44,0.0,natural_gas_fired_combined_cycle
72,44,0.0,natural_gas_fired_combined_cycle
114,44,0.0,natural_gas_fired_combined_cycle
45,44,0.0,natural_gas_fired_combined_cycle
78,44,0.0,natural_gas_fired_combustion_turbine
75,44,0.0,natural_gas_fired_combustion_turbine
119,44,0.0,natural_gas_fired_combustion_turbine
117,44,0.0,natural_gas_fired_combustion_turbine
134,44,0.0,natural_gas_fired_combustion_turbine
103,44,0.0,natural_gas_fired_combustion_turbine
47,44,0.0,natural_gas_fired_combustion_turbine
8,44,0.0,natural_gas_fired_combustion_turbine
90,44,0.0,natural_gas_fired_combustion_turbine
60,44,0.0,natural_gas_fired_combustion_turbine
46,44,0.0,natural_gas_fired_combustion_turbine
37,44,0.0,natural_gas_fired_combustion_turbine
7,44,0.0,natural_gas_fired_combustion_turbine
133,44,0.0,natural_gas_fired_combustion_turbine
74,44,0.0,natural_gas_fired_combustion_turbine
20,44,0.0,natural_gas_fired_combustion_turbine
135,44,0.0,natural_gas_fired_combustion_turbine
142,44,0.0,natural_gas_fired_combustion_turbine
121,44,0.0,natural_gas_fired_combustion_turbine
91,44,0.0,natural_gas_fired_combustion_turbine
22,44,0.0,natural_gas_steam_turbine
123,44,0.0,natural_gas_steam_turbine
62,44,0.0,natural_gas_steam_turbine
49,44,0.0,natural_gas_steam_turbine
48,44,0.0,natural_gas_steam_turbine
21,44,0.0,natural_gas_steam_turbine
79,44,3702.9995,nuclear
10,44,206.58617,onshore_wind_turbine
23,44,3177.097,onshore_wind_turbine
31,44,2728.66818,onshore_wind_turbine
38,44,4842.62625,onshore_wind_turbine
50,44,1367.79174,onshore_wind_turbine
63,44,124.4488001232,onshore_wind_turbine
80,44,617.0684799999999,onshore_wind_turbine
94,44,1684.4324,onshore_wind_turbine
105,44,808.789238523,onshore_wind_turbine
124,44,20963.185665560603,onshore_wind_turbine
136,44,2325.9259800000004,onshore_wind_turbine
144,44,8499.7647,onshore_wind_turbine
11,44,19.125,small_hydroelectric
24,44,62.577,small_hydroelectric
32,44,192.0,small_hydroelectric
39,44,52.9,small_hydroelectric
51,44,25.641,small_hydroelectric
64,44,6.128,small_hydroelectric
81,44,241.672,small_hydroelectric
95,44,418.922,small_hydroelectric
106,44,31.614,small_hydroelectric
125,44,100.697,small_hydroelectric
137,44,36.822,small_hydroelectric
145,44,33.21,small_hydroelectric
12,44,0.0,solar_photovoltaic
25,44,0.0,solar_photovoltaic
33,44,0.0,solar_photovoltaic
52,44,0.0,solar_photovoltaic
65,44,0.0,solar_photovoltaic
82,44,0.0,solar_photovoltaic
96,44,0.0,solar_photovoltaic
107,44,0.0,solar_photovoltaic
126,44,0.0,solar_photovoltaic
138,44,0.0,solar_photovoltaic
26,45,11.235,biomass
13,45,15.682,biomass
108,45,104.04933385611002,biomass
40,45,0.0,biomass
97,45,0.0,biomass
1,45,0.0,biomass
66,45,0.0,biomass
2,45,862.4549975999998,conventional_hydroelectric
14,45,128.7025344,conventional_hydroelectric
27,45,819.844452,conventional_hydroelectric
35,45,833.4544592,conventional_hydroelectric
54,45,603.891981,conventional_hydroelectric
67,45,1425.5510466674878,conventional_hydroelectric
84,45,14609.843950358592,conventional_hydroelectric
109,45,107.76396152340001,conventional_hydroelectric
128,45,52.32546000000001,conventional_hydroelectric
139,45,47.5340736,conventional_hydroelectric
110,45,0.0,conventional_steam_coal
41,45,0.0,conventional_steam_coal
3,45,0.0,conventional_steam_coal
36,45,0.0,conventional_steam_coal
85,45,0.0,conventional_steam_coal
28,45,74.364,geothermal
116,45,0.0,natural_gas_fired_combined_cycle
73,45,0.0,natural_gas_fired_combined_cycle
71,45,0.0,natural_gas_fired_combined_cycle
44,45,0.0,natural_gas_fired_combined_cycle
115,45,0.0,natural_gas_fired_combined_cycle
70,45,0.0,natural_gas_fired_combined_cycle
131,45,0.0,natural_gas_fired_combined_cycle
18,45,0.0,natural_gas_fired_combined_cycle
72,45,0.0,natural_gas_fired_combined_cycle
114,45,0.0,natural_gas_fired_combined_cycle
45,45,0.0,natural_gas_fired_combined_cycle
78,45,0.0,natural_gas_fired_combustion_turbine
75,45,0.0,natural_gas_fired_combustion_turbine
119,45,0.0,natural_gas_fired_combustion_turbine
117,45,0.0,natural_gas_fired_combustion_turbine
134,45,0.0,natural_gas_fired_combustion_turbine
103,45,0.0,natural_gas_fired_combustion_turbine
47,45,0.0,natural_gas_fired_combustion_turbine
8,45,0.0,natural_gas_fired_combustion_turbine
90,45,0.0,natural_gas_fired_combustion_turbine
60,45,0.0,natural_gas_fired_combustion_turbine
46,45,0.0,natural_gas_fired_combustion_turbine
37,45,0.0,natural_gas_fired_combustion_turbine
7,45,0.0,natural_gas_fired_combustion_turbine
133,45,0.0,natural_gas_fired_combustion_turbine
74,45,0.0,natural_gas_fired_combustion_turbine
20,45,0.0,natural_gas_fired_combustion_turbine
135,45,0.0,natural_gas_fired_combustion_turbine
142,45,0.0,natural_gas_fired_combustion_turbine
121,45,0.0,natural_gas_fired_combustion_turbine
91,45,0.0,natural_gas_fired_combustion_turbine
22,45,0.0,natural_gas_steam_turbine
123,45,0.0,natural_gas_steam_turbine
62,45,0.0,natural_gas_steam_turbine
49,45,0.0,natural_gas_steam_turbine
48,45,0.0,natural_gas_steam_turbine
21,45,0.0,natural_gas_steam_turbine
79,45,1851.49975,nuclear
10,45,107.16545,onshore_wind_turbine
23,45,4567.1934,onshore_wind_turbine
31,45,2647.9243,onshore_wind_turbine
38,45,4928.96985,onshore_wind_turbine
50,45,1364.4044399999998,onshore_wind_turbine
63,45,103.5425998656,onshore_wind_turbine
80,45,26.020959999999995,onshore_wind_turbine
94,45,2261.8469999999998,onshore_wind_turbine
105,45,739.2389208120001,onshore_wind_turbine
124,45,23393.560969116803,onshore_wind_turbine
136,45,1556.9133300000003,onshore_wind_turbine
144,45,9628.741079999998,onshore_wind_turbine
11,45,19.125,small_hydroelectric
24,45,62.577,small_hydroelectric
32,45,192.0,small_hydroelectric
39,45,52.9,small_hydroelectric
51,45,25.641,small_hydroelectric
64,45,6.128,small_hydroelectric
81,45,241.672,small_hydroelectric
95,45,418.922,small_hydroelectric
106,45,31.614,small_hydroelectric
125,45,100.697,small_hydroelectric
137,45,36.822,small_hydroelectric
145,45,33.21,small_hydroelectric
12,45,0.0,solar_photovoltaic
25,45,0.0,solar_photovoltaic
33,45,0.0,solar_photovoltaic
52,45,0.0,solar_photovoltaic
65,45,0.0,solar_photovoltaic
82,45,0.0,solar_photovoltaic
96,45,0.0,solar_photovoltaic
107,45,0.0,solar_photovoltaic
126,45,0.0,solar_photovoltaic
138,45,0.0,solar_photovoltaic
26,46,0.0,biomass
13,46,0.0,biomass
108,46,0.0,biomass
40,46,0.0,biomass
97,46,0.0,biomass
1,46,0.0,biomass
66,46,0.0,biomass
2,46,862.4549975999998,conventional_hydroelectric
14,46,128.7025344,conventional_hydroelectric
27,46,857.6617176000001,conventional_hydroelectric
35,46,833.4544592,conventional_hydroelectric
54,46,666.0481608000001,conventional_hydroelectric
67,46,1425.5510466674878,conventional_hydroelectric
84,46,15377.7412554,conventional_hydroelectric
109,46,107.76396152340001,conventional_hydroelectric
128,46,52.32546000000001,conventional_hydroelectric
139,46,47.5340736,conventional_hydroelectric
110,46,0.0,conventional_steam_coal
41,46,0.0,conventional_steam_coal
3,46,0.0,conventional_steam_coal
36,46,0.0,conventional_steam_coal
85,46,0.0,conventional_steam_coal
28,46,74.364,geothermal
116,46,0.0,natural_gas_fired_combined_cycle
73,46,0.0,natural_gas_fired_combined_cycle
71,46,0.0,natural_gas_fired_combined_cycle
44,46,0.0,natural_gas_fired_combined_cycle
115,46,0.0,natural_gas_fired_combined_cycle
70,46,0.0,natural_gas_fired_combined_cycle
131,46,0.0,natural_gas_fired_combined_cycle
18,46,0.0,natural_gas_fired_combined_cycle
72,46,0.0,natural_gas_fired_combined_cycle
114,46,0.0,natural_gas_fired_combined_cycle
45,46,0.0,natural_gas_fired_combined_cycle
78,46,0.0,natural_gas_fired_combustion_turbine
75,46,0.0,natural_gas_fired_combustion_turbine
119,46,0.0,natural_gas_fired_combustion_turbine
117,46,0.0,natural_gas_fired_combustion_turbine
134,46,0.0,natural_gas_fired_combustion_turbine
103,46,0.0,natural_gas_fired_combustion_turbine
47,46,0.0,natural_gas_fired_combustion_turbine
8,46,0.0,natural_gas_fired_combustion_turbine
90,46,0.0,natural_gas_fired_combustion_turbine
60,46,0.0,natural_gas_fired_combustion_turbine
46,46,0.0,natural_gas_fired_combustion_turbine
37,46,0.0,natural_gas_fired_combustion_turbine
7,46,0.0,natural_gas_fired_combustion_turbine
133,46,0.0,natural_gas_fired_combustion_turbine
74,46,0.0,natural_gas_fired_combustion_turbine
20,46,0.0,natural_gas_fired_combustion_turbine
135,46,0.0,natural_gas_fired_combustion_turbine
142,46,0.0,natural_gas_fired_combustion_turbine
121,46,0.0,natural_gas_fired_combustion_turbine
91,46,0.0,natural_gas_fired_combustion_turbine
22,46,0.0,natural_gas_steam_turbine
123,46,0.0,natural_gas_steam_turbine
62,46,0.0,natural_gas_steam_turbine
49,46,0.0,natural_gas_steam_turbine
48,46,0.0,natural_gas_steam_turbine
21,46,0.0,natural_gas_steam_turbine
79,46,0.0,nuclear
10,46,52.77223,onshore_wind_turbine
23,46,7690.2518,onshore_wind_turbine
31,46,2272.7027399999997,onshore_wind_turbine
38,46,4931.8101,onshore_wind_turbine
50,46,1949.7298799999999,onshore_wind_turbine
63,46,58.5418402576,onshore_wind_turbine
80,46,85.49743999999998,onshore_wind_turbine
94,46,3578.4993999999997,onshore_wind_turbine
105,46,534.57684105,onshore_wind_turbine
124,46,23041.280577669204,onshore_wind_turbine
136,46,1600.9854,onshore_wind_turbine
144,46,12559.32153,onshore_wind_turbine
11,46,19.125,small_hydroelectric
24,46,62.577,small_hydroelectric
32,46,192.0,small_hydroelectric
39,46,52.9,small_hydroelectric
51,46,25.641,small_hydroelectric
64,46,6.128,small_hydroelectric
81,46,241.672,small_hydroelectric
95,46,418.922,small_hydroelectric
106,46,31.614,small_hydroelectric
125,46,100.697,small_hydroelectric
137,46,36.822,small_hydroelectric
145,46,33.21,small_hydroelectric
12,46,0.0,solar_photovoltaic
25,46,0.0,solar_photovoltaic
33,46,0.0,solar_photovoltaic
52,46,0.0,solar_photovoltaic
65,46,0.0,solar_photovoltaic
82,46,0.0,solar_photovoltaic
96,46,0.0,solar_photovoltaic
107,46,0.0,solar_photovoltaic
126,46,0.0,solar_photovoltaic
138,46,0.0,solar_photovoltaic
26,47,0.0,biomass
13,47,0.0,biomass
108,47,0.0,biomass
40,47,0.0,biomass
97,47,0.0,biomass
1,47,0.0,biomass
66,47,0.0,biomass
2,47,862.4549975999998,conventional_hydroelectric
14,47,128.7025344,conventional_hydroelectric
27,47,857.6617176000001,conventional_hydroelectric
35,47,833.4544592,conventional_hydroelectric
54,47,666.0481608000001,conventional_hydroelectric
67,47,1425.5510466674878,conventional_hydroelectric
84,47,15377.7412554,conventional_hydroelectric
109,47,107.76396152340001,conventional_hydroelectric
128,47,52.32546000000001,conventional_hydroelectric
139,47,47.5340736,conventional_hydroelectric
110,47,0.0,conventional_steam_coal
41,47,0.0,conventional_steam_coal
3,47,0.0,conventional_steam_coal
36,47,0.0,conventional_steam_coal
85,47,0.0,conventional_steam_coal
28,47,74.364,geothermal
116,47,0.0,natural_gas_fired_combined_cycle
73,47,0.0,natural_gas_fired_combined_cycle
71,47,0.0,natural_gas_fired_combined_cycle
44,47,0.0,natural_gas_fired_combined_cycle
115,47,0.0,natural_gas_fired_combined_cycle
70,47,0.0,natural_gas_fired_combined_cycle
131,47,0.0,natural_gas_fired_combined_cycle
18,47,0.0,natural_gas_fired_combined_cycle
72,47,0.0,natural_gas_fired_combined_cycle
114,47,0.0,natural_gas_fired_combined_cycle
45,47,0.0,natural_gas_fired_combined_cycle
78,47,0.0,natural_gas_fired_combustion_turbine
75,47,0.0,natural_gas_fired_combustion_turbine
119,47,0.0,natural_gas_fired_combustion_turbine
117,47,0.0,natural_gas_fired_combustion_turbine
134,47,0.0,natural_gas_fired_combustion_turbine
103,47,0.0,natural_gas_fired_combustion_turbine
47,47,0.0,natural_gas_fired_combustion_turbine
8,47,0.0,natural_gas_fired_combustion_turbine
90,47,0.0,natural_gas_fired_combustion_turbine
60,47,0.0,natural_gas_fired_combustion_turbine
46,47,0.0,natural_gas_fired_combustion_turbine
37,47,0.0,natural_gas_fired_combustion_turbine
7,47,0.0,natural_gas_fired_combustion_turbine
133,47,0.0,natural_gas_fired_combustion_turbine
74,47,0.0,natural_gas_fired_combustion_turbine
20,47,0.0,natural_gas_fired_combustion_turbine
135,47,0.0,natural_gas_fired_combustion_turbine
142,47,0.0,natural_gas_fired_combustion_turbine
121,47,0.0,natural_gas_fired_combustion_turbine
91,47,0.0,natural_gas_fired_combustion_turbine
22,47,0.0,natural_gas_steam_turbine
123,47,0.0,natural_gas_steam_turbine
62,47,0.0,natural_gas_steam_turbine
49,47,0.0,natural_gas_steam_turbine
48,47,0.0,natural_gas_steam_turbine
21,47,0.0,natural_gas_steam_turbine
79,47,0.0,nuclear
10,47,115.45051000000002,onshore_wind_turbine
23,47,11152.449,onshore_wind_turbine
31,47,1306.151,onshore_wind_turbine
38,47,4754.01045,onshore_wind_turbine
50,47,2185.48596,onshore_wind_turbine
63,47,97.50076025759999,onshore_wind_turbine
80,47,93.86131999999999,onshore_wind_turbine
94,47,2250.8136,onshore_wind_turbine
105,47,492.483739293,onshore_wind_turbine
124,47,22735.783204673004,onshore_wind_turbine
136,47,1690.9284000000002,onshore_wind_turbine
144,47,12133.2519,onshore_wind_turbine
11,47,19.125,small_hydroelectric
24,47,62.577,small_hydroelectric
32,47,192.0,small_hydroelectric
39,47,52.9,small_hydroelectric
51,47,25.641,small_hydroelectric
64,47,6.128,small_hydroelectric
81,47,241.672,small_hydroelectric
95,47,418.922,small_hydroelectric
106,47,31.614,small_hydroelectric
125,47,100.697,small_hydroelectric
137,47,36.822,small_hydroelectric
145,47,33.21,small_hydroelectric
12,47,0.0,solar_photovoltaic
25,47,0.0,solar_photovoltaic
33,47,0.0,solar_photovoltaic
52,47,0.0,solar_photovoltaic
65,47,0.0,solar_photovoltaic
82,47,0.0,solar_photovoltaic
96,47,0.0,solar_photovoltaic
107,47,0.0,solar_photovoltaic
126,47,0.0,solar_photovoltaic
138,47,0.0,solar_photovoltaic
26,48,0.0,biomass
13,48,0.0,biomass
108,48,0.0,biomass
40,48,0.0,biomass
97,48,0.0,biomass
1,48,0.0,biomass
66,48,0.0,biomass
2,48,862.4549975999998,conventional_hydroelectric
14,48,128.7025344,conventional_hydroelectric
27,48,857.6617176000001,conventional_hydroelectric
35,48,833.4544592,conventional_hydroelectric
54,48,666.0481608000001,conventional_hydroelectric
67,48,1425.5510466674878,conventional_hydroelectric
84,48,15377.7412554,conventional_hydroelectric
109,48,107.76396152340001,conventional_hydroelectric
128,48,52.32546000000001,conventional_hydroelectric
139,48,47.5340736,conventional_hydroelectric
110,48,0.0,conventional_steam_coal
41,48,0.0,conventional_steam_coal
3,48,0.0,conventional_steam_coal
36,48,0.0,conventional_steam_coal
85,48,0.0,conventional_steam_coal
28,48,74.364,geothermal
116,48,0.0,natural_gas_fired_combined_cycle
73,48,0.0,natural_gas_fired_combined_cycle
71,48,0.0,natural_gas_fired_combined_cycle
44,48,0.0,natural_gas_fired_combined_cycle
115,48,0.0,natural_gas_fired_combined_cycle
70,48,0.0,natural_gas_fired_combined_cycle
131,48,0.0,natural_gas_fired_combined_cycle
18,48,0.0,natural_gas_fired_combined_cycle
72,48,0.0,natural_gas_fired_combined_cycle
114,48,0.0,natural_gas_fired_combined_cycle
45,48,0.0,natural_gas_fired_combined_cycle
78,48,0.0,natural_gas_fired_combustion_turbine
75,48,0.0,natural_gas_fired_combustion_turbine
119,48,0.0,natural_gas_fired_combustion_turbine
117,48,0.0,natural_gas_fired_combustion_turbine
134,48,0.0,natural_gas_fired_combustion_turbine
103,48,0.0,natural_gas_fired_combustion_turbine
47,48,0.0,natural_gas_fired_combustion_turbine
8,48,0.0,natural_gas_fired_combustion_turbine
90,48,0.0,natural_gas_fired_combustion_turbine
60,48,0.0,natural_gas_fired_combustion_turbine
46,48,0.0,natural_gas_fired_combustion_turbine
37,48,0.0,natural_gas_fired_combustion_turbine
7,48,0.0,natural_gas_fired_combustion_turbine
133,48,0.0,natural_gas_fired_combustion_turbine
74,48,0.0,natural_gas_fired_combustion_turbine
20,48,0.0,natural_gas_fired_combustion_turbine
135,48,0.0,natural_gas_fired_combustion_turbine
142,48,0.0,natural_gas_fired_combustion_turbine
121,48,0.0,natural_gas_fired_combustion_turbine
91,48,0.0,natural_gas_fired_combustion_turbine
22,48,0.0,natural_gas_steam_turbine
123,48,0.0,natural_gas_steam_turbine
62,48,0.0,natural_gas_steam_turbine
49,48,0.0,natural_gas_steam_turbine
48,48,0.0,natural_gas_steam_turbine
21,48,0.0,natural_gas_steam_turbine
79,48,0.0,nuclear
10,48,154.35427,onshore_wind_turbine
23,48,11972.345,onshore_wind_turbine
31,48,2183.64699,onshore_wind_turbine
38,48,4732.42455,onshore_wind_turbine
50,48,2692.9035,onshore_wind_turbine
63,48,141.6749602576,onshore_wind_turbine
80,48,0.0,onshore_wind_turbine
94,48,3037.8628000000003,onshore_wind_turbine
105,48,576.526439643,onshore_wind_turbine
124,48,22621.0877887148,onshore_wind_turbine
136,48,1647.7557600000002,onshore_wind_turbine
144,48,10472.229179999998,onshore_wind_turbine
11,48,19.125,small_hydroelectric
24,48,62.577,small_hydroelectric
32,48,192.0,small_hydroelectric
39,48,52.9,small_hydroelectric
51,48,25.641,small_hydroelectric
64,48,6.128,small_hydroelectric
81,48,241.672,small_hydroelectric
95,48,418.922,small_hydroelectric
106,48,31.614,small_hydroelectric
125,48,100.697,small_hydroelectric
137,48,36.822,small_hydroelectric
145,48,33.21,small_hydroelectric
12,48,0.0,solar_photovoltaic
25,48,0.0,solar_photovoltaic
33,48,0.0,solar_photovoltaic
52,48,0.0,solar_photovoltaic
65,48,0.0,solar_photovoltaic
82,48,0.0,solar_photovoltaic
96,48,0.0,solar_photovoltaic
107,48,0.0,solar_photovoltaic
126,48,0.0,solar_photovoltaic
138,48,0.0,solar_photovoltaic
26,49,0.0,biomass
13,49,0.0,biomass
108,49,0.0,biomass
40,49,0.0,biomass
97,49,0.0,biomass
1,49,0.0,biomass
66,49,0.0,biomass
2,49,862.4549975999998,conventional_hydroelectric
14,49,128.7025344,conventional_hydroelectric
27,49,857.6617176000001,conventional_hydroelectric
35,49,833.4544592,conventional_hydroelectric
54,49,666.0481608000001,conventional_hydroelectric
67,49,1425.5510466674878,conventional_hydroelectric
84,49,15377.7412554,conventional_hydroelectric
109,49,107.76396152340001,conventional_hydroelectric
128,49,52.32546000000001,conventional_hydroelectric
139,49,47.5340736,conventional_hydroelectric
110,49,0.0,conventional_steam_coal
41,49,0.0,conventional_steam_coal
3,49,0.0,conventional_steam_coal
36,49,0.0,conventional_steam_coal
85,49,0.0,conventional_steam_coal
28,49,74.364,geothermal
116,49,0.0,natural_gas_fired_combined_cycle
73,49,0.0,natural_gas_fired_combined_cycle
71,49,0.0,natural_gas_fired_combined_cycle
44,49,0.0,natural_gas_fired_combined_cycle
115,49,0.0,natural_gas_fired_combined_cycle
70,49,0.0,natural_gas_fired_combined_cycle
131,49,0.0,natural_gas_fired_combined_cycle
18,49,0.0,natural_gas_fired_combined_cycle
72,49,0.0,natural_gas_fired_combined_cycle
114,49,0.0,natural_gas_fired_combined_cycle
45,49,0.0,natural_gas_fired_combined_cycle
78,49,0.0,natural_gas_fired_combustion_turbine
75,49,0.0,natural_gas_fired_combustion_turbine
119,49,0.0,natural_gas_fired_combustion_turbine
117,49,0.0,natural_gas_fired_combustion_turbine
134,49,0.0,natural_gas_fired_combustion_turbine
103,49,0.0,natural_gas_fired_combustion_turbine
47,49,0.0,natural_gas_fired_combustion_turbine
8,49,0.0,natural_gas_fired_combustion_turbine
90,49,0.0,natural_gas_fired_combustion_turbine
60,49,0.0,natural_gas_fired_combustion_turbine
46,49,0.0,natural_gas_fired_combustion_turbine
37,49,0.0,natural_gas_fired_combustion_turbine
7,49,0.0,natural_gas_fired_combustion_turbine
133,49,0.0,natural_gas_fired_combustion_turbine
74,49,0.0,natural_gas_fired_combustion_turbine
20,49,0.0,natural_gas_fired_combustion_turbine
135,49,0.0,natural_gas_fired_combustion_turbine
142,49,0.0,natural_gas_fired_combustion_turbine
121,49,0.0,natural_gas_fired_combustion_turbine
91,49,0.0,natural_gas_fired_combustion_turbine
22,49,0.0,natural_gas_steam_turbine
123,49,0.0,natural_gas_steam_turbine
62,49,0.0,natural_gas_steam_turbine
49,49,0.0,natural_gas_steam_turbine
48,49,0.0,natural_gas_steam_turbine
21,49,0.0,natural_gas_steam_turbine
79,49,0.0,nuclear
10,49,196.31990000000002,onshore_wind_turbine
23,49,11199.034,onshore_wind_turbine
31,49,1958.03909,onshore_wind_turbine
38,49,4475.0979,onshore_wind_turbine
50,49,2558.0889599999996,onshore_wind_turbine
63,49,102.04039995519999,onshore_wind_turbine
80,49,0.0,onshore_wind_turbine
94,49,3273.2419999999997,onshore_wind_turbine
105,49,1300.7300602169998,onshore_wind_turbine
124,49,22761.041016313604,onshore_wind_turbine
136,49,2046.2032500000003,onshore_wind_turbine
144,49,10264.60134,onshore_wind_turbine
11,49,19.125,small_hydroelectric
24,49,62.577,small_hydroelectric
32,49,192.0,small_hydroelectric
39,49,52.9,small_hydroelectric
51,49,25.641,small_hydroelectric
64,49,6.128,small_hydroelectric
81,49,241.672,small_hydroelectric
95,49,418.922,small_hydroelectric
106,49,31.614,small_hydroelectric
125,49,100.697,small_hydroelectric
137,49,36.822,small_hydroelectric
145,49,33.21,small_hydroelectric
12,49,0.0,solar_photovoltaic
25,49,0.0,solar_photovoltaic
33,49,0.0,solar_photovoltaic
52,49,0.0,solar_photovoltaic
65,49,0.0,solar_photovoltaic
82,49,0.0,solar_photovoltaic
96,49,0.0,solar_photovoltaic
107,49,0.0,solar_photovoltaic
126,49,0.0,solar_photovoltaic
138,49,0.0,solar_photovoltaic
26,50,0.0,biomass
13,50,0.0,biomass
108,50,0.0,biomass
40,50,0.0,biomass
97,50,0.0,biomass
1,50,0.0,biomass
66,50,0.0,biomass
2,50,862.4549975999998,conventional_hydroelectric
14,50,128.7025344,conventional_hydroelectric
27,50,819.844452,conventional_hydroelectric
35,50,833.4544592,conventional_hydroelectric
54,50,603.891981,conventional_hydroelectric
67,50,1425.5510466674878,conventional_hydroelectric
84,50,15377.7412554,conventional_hydroelectric
109,50,107.76396152340001,conventional_hydroelectric
128,50,52.32546000000001,conventional_hydroelectric
139,50,47.5340736,conventional_hydroelectric
110,50,0.0,conventional_steam_coal
41,50,0.0,conventional_steam_coal
3,50,0.0,conventional_steam_coal
36,50,0.0,conventional_steam_coal
85,50,0.0,conventional_steam_coal
28,50,74.364,geothermal
116,50,0.0,natural_gas_fired_combined_cycle
73,50,0.0,natural_gas_fired_combined_cycle
71,50,0.0,natural_gas_fired_combined_cycle
44,50,0.0,natural_gas_fired_combined_cycle
115,50,0.0,natural_gas_fired_combined_cycle
70,50,0.0,natural_gas_fired_combined_cycle
131,50,0.0,natural_gas_fired_combined_cycle
18,50,0.0,natural_gas_fired_combined_cycle
72,50,0.0,natural_gas_fired_combined_cycle
114,50,0.0,natural_gas_fired_combined_cycle
45,50,0.0,natural_gas_fired_combined_cycle
78,50,0.0,natural_gas_fired_combustion_turbine
75,50,0.0,natural_gas_fired_combustion_turbine
119,50,0.0,natural_gas_fired_combustion_turbine
117,50,0.0,natural_gas_fired_combustion_turbine
134,50,0.0,natural_gas_fired_combustion_turbine
103,50,0.0,natural_gas_fired_combustion_turbine
47,50,0.0,natural_gas_fired_combustion_turbine
8,50,0.0,natural_gas_fired_combustion_turbine
90,50,0.0,natural_gas_fired_combustion_turbine
60,50,0.0,natural_gas_fired_combustion_turbine
46,50,0.0,natural_gas_fired_combustion_turbine
37,50,0.0,natural_gas_fired_combustion_turbine
7,50,0.0,natural_gas_fired_combustion_turbine
133,50,0.0,natural_gas_fired_combustion_turbine
74,50,0.0,natural_gas_fired_combustion_turbine
20,50,0.0,natural_gas_fired_combustion_turbine
135,50,0.0,natural_gas_fired_combustion_turbine
142,50,0.0,natural_gas_fired_combustion_turbine
121,50,0.0,natural_gas_fired_combustion_turbine
91,50,0.0,natural_gas_fired_combustion_turbine
22,50,0.0,natural_gas_steam_turbine
123,50,0.0,natural_gas_steam_turbine
62,50,0.0,natural_gas_steam_turbine
49,50,0.0,natural_gas_steam_turbine
48,50,0.0,natural_gas_steam_turbine
21,50,0.0,natural_gas_steam_turbine
79,50,0.0,nuclear
10,50,288.89644,onshore_wind_turbine
23,50,10839.3978,onshore_wind_turbine
31,50,2657.42358,onshore_wind_turbine
38,50,4513.15725,onshore_wind_turbine
50,50,3172.5451799999996,onshore_wind_turbine
63,50,54.90799973119999,onshore_wind_turbine
80,50,0.0,onshore_wind_turbine
94,50,4347.1596,onshore_wind_turbine
105,50,966.1451811059999,onshore_wind_turbine
124,50,21404.020409063603,onshore_wind_turbine
136,50,1738.5981900000002,onshore_wind_turbine
144,50,10195.392059999998,onshore_wind_turbine
11,50,19.125,small_hydroelectric
24,50,62.577,small_hydroelectric
32,50,192.0,small_hydroelectric
39,50,52.9,small_hydroelectric
51,50,25.641,small_hydroelectric
64,50,6.128,small_hydroelectric
81,50,241.672,small_hydroelectric
95,50,418.922,small_hydroelectric
106,50,31.614,small_hydroelectric
125,50,100.697,small_hydroelectric
137,50,36.822,small_hydroelectric
145,50,33.21,small_hydroelectric
12,50,0.0,solar_photovoltaic
25,50,0.0,solar_photovoltaic
33,50,0.0,solar_photovoltaic
52,50,0.0,solar_photovoltaic
65,50,0.0,solar_photovoltaic
82,50,0.0,solar_photovoltaic
96,50,0.0,solar_photovoltaic
107,50,0.0,solar_photovoltaic
126,50,0.0,solar_photovoltaic
138,50,0.0,solar_photovoltaic
26,51,0.0,biomass
13,51,0.0,biomass
108,51,0.0,biomass
40,51,0.0,biomass
97,51,0.0,biomass
1,51,0.0,biomass
66,51,0.0,biomass
2,51,862.4549975999998,conventional_hydroelectric
14,51,128.7025344,conventional_hydroelectric
27,51,702.723816,conventional_hydroelectric
35,51,833.4544592,conventional_hydroelectric
54,51,517.621698,conventional_hydroelectric
67,51,1425.5510466674878,conventional_hydroelectric
84,51,13632.853940595345,conventional_hydroelectric
109,51,107.76396152340001,conventional_hydroelectric
128,51,52.32546000000001,conventional_hydroelectric
139,51,47.5340736,conventional_hydroelectric
110,51,0.0,conventional_steam_coal
41,51,0.0,conventional_steam_coal
3,51,0.0,conventional_steam_coal
36,51,0.0,conventional_steam_coal
85,51,0.0,conventional_steam_coal
28,51,74.364,geothermal
116,51,0.0,natural_gas_fired_combined_cycle
73,51,0.0,natural_gas_fired_combined_cycle
71,51,0.0,natural_gas_fired_combined_cycle
44,51,0.0,natural_gas_fired_combined_cycle
115,51,0.0,natural_gas_fired_combined_cycle
70,51,0.0,natural_gas_fired_combined_cycle
131,51,0.0,natural_gas_fired_combined_cycle
18,51,0.0,natural_gas_fired_combined_cycle
72,51,0.0,natural_gas_fired_combined_cycle
114,51,0.0,natural_gas_fired_combined_cycle
45,51,0.0,natural_gas_fired_combined_cycle
78,51,0.0,natural_gas_fired_combustion_turbine
75,51,0.0,natural_gas_fired_combustion_turbine
119,51,0.0,natural_gas_fired_combustion_turbine
117,51,0.0,natural_gas_fired_combustion_turbine
134,51,0.0,natural_gas_fired_combustion_turbine
103,51,0.0,natural_gas_fired_combustion_turbine
47,51,0.0,natural_gas_fired_combustion_turbine
8,51,0.0,natural_gas_fired_combustion_turbine
90,51,0.0,natural_gas_fired_combustion_turbine
60,51,0.0,natural_gas_fired_combustion_turbine
46,51,0.0,natural_gas_fired_combustion_turbine
37,51,0.0,natural_gas_fired_combustion_turbine
7,51,0.0,natural_gas_fired_combustion_turbine
133,51,0.0,natural_gas_fired_combustion_turbine
74,51,0.0,natural_gas_fired_combustion_turbine
20,51,0.0,natural_gas_fired_combustion_turbine
135,51,0.0,natural_gas_fired_combustion_turbine
142,51,0.0,natural_gas_fired_combustion_turbine
121,51,0.0,natural_gas_fired_combustion_turbine
91,51,0.0,natural_gas_fired_combustion_turbine
22,51,0.0,natural_gas_steam_turbine
123,51,0.0,natural_gas_steam_turbine
62,51,0.0,natural_gas_steam_turbine
49,51,0.0,natural_gas_steam_turbine
48,51,0.0,natural_gas_steam_turbine
21,51,0.0,natural_gas_steam_turbine
79,51,0.0,nuclear
10,51,275.38819,onshore_wind_turbine
23,51,10802.1298,onshore_wind_turbine
31,51,4112.00083,onshore_wind_turbine
38,51,4410.9082499999995,onshore_wind_turbine
50,51,3230.8067399999995,onshore_wind_turbine
63,51,43.6374402688,onshore_wind_turbine
80,51,0.9293199999999999,onshore_wind_turbine
94,51,7774.8692,onshore_wind_turbine
105,51,488.80230025199995,onshore_wind_turbine
124,51,15900.929379504401,onshore_wind_turbine
136,51,1694.5261200000002,onshore_wind_turbine
144,51,8369.997299999999,onshore_wind_turbine
11,51,19.125,small_hydroelectric
24,51,62.577,small_hydroelectric
32,51,192.0,small_hydroelectric
39,51,52.9,small_hydroelectric
51,51,25.641,small_hydroelectric
64,51,6.128,small_hydroelectric
81,51,241.672,small_hydroelectric
95,51,418.922,small_hydroelectric
106,51,31.614,small_hydroelectric
125,51,100.697,small_hydroelectric
137,51,36.822,small_hydroelectric
145,51,33.21,small_hydroelectric
12,51,0.0,solar_photovoltaic
25,51,0.0,solar_photovoltaic
33,51,0.0,solar_photovoltaic
52,51,0.0,solar_photovoltaic
65,51,0.0,solar_photovoltaic
82,51,0.0,solar_photovoltaic
96,51,0.0,solar_photovoltaic
107,51,0.0,solar_photovoltaic
126,51,0.0,solar_photovoltaic
138,51,0.0,solar_photovoltaic
26,52,0.0,biomass
13,52,0.0,biomass
108,52,0.0,biomass
40,52,0.0,biomass
97,52,0.0,biomass
1,52,0.0,biomass
66,52,0.0,biomass
2,52,862.4549975999998,conventional_hydroelectric
14,52,128.7025344,conventional_hydroelectric
27,52,585.6031800000001,conventional_hydroelectric
35,52,829.208512,conventional_hydroelectric
54,52,431.35141500000003,conventional_hydroelectric
67,52,1425.5510466674878,conventional_hydroelectric
84,52,11221.456766595342,conventional_hydroelectric
109,52,107.76396152340001,conventional_hydroelectric
128,52,50.397600000000004,conventional_hydroelectric
139,52,47.5340736,conventional_hydroelectric
110,52,0.0,conventional_steam_coal
41,52,0.0,conventional_steam_coal
3,52,0.0,conventional_steam_coal
36,52,0.0,conventional_steam_coal
85,52,0.0,conventional_steam_coal
28,52,74.364,geothermal
116,52,0.0,natural_gas_fired_combined_cycle
73,52,0.0,natural_gas_fired_combined_cycle
71,52,0.0,natural_gas_fired_combined_cycle
44,52,0.0,natural_gas_fired_combined_cycle
115,52,0.0,natural_gas_fired_combined_cycle
70,52,0.0,natural_gas_fired_combined_cycle
131,52,0.0,natural_gas_fired_combined_cycle
18,52,0.0,natural_gas_fired_combined_cycle
72,52,0.0,natural_gas_fired_combined_cycle
114,52,0.0,natural_gas_fired_combined_cycle
45,52,0.0,natural_gas_fired_combined_cycle
78,52,0.0,natural_gas_fired_combustion_turbine
75,52,0.0,natural_gas_fired_combustion_turbine
119,52,0.0,natural_gas_fired_combustion_turbine
117,52,0.0,natural_gas_fired_combustion_turbine
134,52,0.0,natural_gas_fired_combustion_turbine
103,52,0.0,natural_gas_fired_combustion_turbine
47,52,0.0,natural_gas_fired_combustion_turbine
8,52,0.0,natural_gas_fired_combustion_turbine
90,52,0.0,natural_gas_fired_combustion_turbine
60,52,0.0,natural_gas_fired_combustion_turbine
46,52,0.0,natural_gas_fired_combustion_turbine
37,52,0.0,natural_gas_fired_combustion_turbine
7,52,0.0,natural_gas_fired_combustion_turbine
133,52,0.0,natural_gas_fired_combustion_turbine
74,52,0.0,natural_gas_fired_combustion_turbine
20,52,0.0,natural_gas_fired_combustion_turbine
135,52,0.0,natural_gas_fired_combustion_turbine
142,52,0.0,natural_gas_fired_combustion_turbine
121,52,0.0,natural_gas_fired_combustion_turbine
91,52,0.0,natural_gas_fired_combustion_turbine
22,52,0.0,natural_gas_steam_turbine
123,52,0.0,natural_gas_steam_turbine
62,52,0.0,natural_gas_steam_turbine
49,52,0.0,natural_gas_steam_turbine
48,52,0.0,natural_gas_steam_turbine
21,52,0.0,natural_gas_steam_turbine
79,52,0.0,nuclear
10,52,181.37077000000002,onshore_wind_turbine
23,52,12229.4942,onshore_wind_turbine
31,52,6046.29172,onshore_wind_turbine
38,52,3932.61015,onshore_wind_turbine
50,52,2740.3257,onshore_wind_turbine
63,52,44.912559882400004,onshore_wind_turbine
80,52,313.18084,onshore_wind_turbine
94,52,12585.4316,onshore_wind_turbine
105,52,503.031901428,onshore_wind_turbine
124,52,14127.278403330403,onshore_wind_turbine
136,52,1884.3058500000002,onshore_wind_turbine
144,52,8346.20661,onshore_wind_turbine
11,52,19.125,small_hydroelectric
24,52,62.577,small_hydroelectric
32,52,192.0,small_hydroelectric
39,52,52.9,small_hydroelectric
51,52,25.641,small_hydroelectric
64,52,6.128,small_hydroelectric
81,52,241.672,small_hydroelectric
95,52,418.922,small_hydroelectric
106,52,31.614,small_hydroelectric
125,52,100.697,small_hydroelectric
137,52,36.822,small_hydroelectric
145,52,33.21,small_hydroelectric
12,52,0.0,solar_photovoltaic
25,52,0.0,solar_photovoltaic
33,52,0.0,solar_photovoltaic
52,52,0.0,solar_photovoltaic
65,52,0.0,solar_photovoltaic
82,52,0.0,solar_photovoltaic
96,52,0.0,solar_photovoltaic
107,52,0.0,solar_photovoltaic
126,52,0.0,solar_photovoltaic
138,52,0.0,solar_photovoltaic
26,53,0.0,biomass
13,53,0.0,biomass
108,53,0.0,biomass
40,53,0.0,biomass
97,53,0.0,biomass
1,53,0.0,biomass
66,53,0.0,biomass
2,53,687.8644919999999,conventional_hydroelectric
14,53,117.130596,conventional_hydroelectric
27,53,468.4825440000001,conventional_hydroelectric
35,53,621.906384,conventional_hydroelectric
54,53,345.081132,conventional_hydroelectric
67,53,1425.5510466674878,conventional_hydroelectric
84,53,8810.05959259534,conventional_hydroelectric
109,53,107.76396152340001,conventional_hydroelectric
128,53,37.7982,conventional_hydroelectric
139,53,47.5340736,conventional_hydroelectric
110,53,0.0,conventional_steam_coal
41,53,0.0,conventional_steam_coal
3,53,0.0,conventional_steam_coal
36,53,0.0,conventional_steam_coal
85,53,0.0,conventional_steam_coal
28,53,74.364,geothermal
116,53,0.0,natural_gas_fired_combined_cycle
73,53,0.0,natural_gas_fired_combined_cycle
71,53,0.0,natural_gas_fired_combined_cycle
44,53,0.0,natural_gas_fired_combined_cycle
115,53,0.0,natural_gas_fired_combined_cycle
70,53,0.0,natural_gas_fired_combined_cycle
131,53,0.0,natural_gas_fired_combined_cycle
18,53,0.0,natural_gas_fired_combined_cycle
72,53,0.0,natural_gas_fired_combined_cycle
114,53,0.0,natural_gas_fired_combined_cycle
45,53,0.0,natural_gas_fired_combined_cycle
78,53,0.0,natural_gas_fired_combustion_turbine
75,53,0.0,natural_gas_fired_combustion_turbine
119,53,0.0,natural_gas_fired_combustion_turbine
117,53,0.0,natural_gas_fired_combustion_turbine
134,53,0.0,natural_gas_fired_combustion_turbine
103,53,0.0,natural_gas_fired_combustion_turbine
47,53,0.0,natural_gas_fired_combustion_turbine
8,53,0.0,natural_gas_fired_combustion_turbine
90,53,0.0,natural_gas_fired_combustion_turbine
60,53,0.0,natural_gas_fired_combustion_turbine
46,53,0.0,natural_gas_fired_combustion_turbine
37,53,0.0,natural_gas_fired_combustion_turbine
7,53,0.0,natural_gas_fired_combustion_turbine
133,53,0.0,natural_gas_fired_combustion_turbine
74,53,0.0,natural_gas_fired_combustion_turbine
20,53,0.0,natural_gas_fired_combustion_turbine
135,53,0.0,natural_gas_fired_combustion_turbine
142,53,0.0,natural_gas_fired_combustion_turbine
121,53,0.0,natural_gas_fired_combustion_turbine
91,53,0.0,natural_gas_fired_combustion_turbine
22,53,0.0,natural_gas_steam_turbine
123,53,0.0,natural_gas_steam_turbine
62,53,0.0,natural_gas_steam_turbine
49,53,0.0,natural_gas_steam_turbine
48,53,0.0,natural_gas_steam_turbine
21,53,0.0,natural_gas_steam_turbine
79,53,0.0,nuclear
10,53,413.35245000000003,onshore_wind_turbine
23,53,13170.511199999999,onshore_wind_turbine
31,53,7721.72723,onshore_wind_turbine
38,53,2582.3553,onshore_wind_turbine
50,53,2841.2672399999997,onshore_wind_turbine
63,53,30.4612003696,onshore_wind_turbine
80,53,0.9293199999999999,onshore_wind_turbine
94,53,11768.960000000001,onshore_wind_turbine
105,53,458.78741865599994,onshore_wind_turbine
124,53,5812.654679139001,onshore_wind_turbine
136,53,1549.7178900000004,onshore_wind_turbine
144,53,7978.53231,onshore_wind_turbine
11,53,19.125,small_hydroelectric
24,53,62.577,small_hydroelectric
32,53,192.0,small_hydroelectric
39,53,52.9,small_hydroelectric
51,53,25.641,small_hydroelectric
64,53,6.128,small_hydroelectric
81,53,241.672,small_hydroelectric
95,53,418.922,small_hydroelectric
106,53,31.614,small_hydroelectric
125,53,100.697,small_hydroelectric
137,53,36.822,small_hydroelectric
145,53,33.21,small_hydroelectric
12,53,0.0,solar_photovoltaic
25,53,0.0,solar_photovoltaic
33,53,0.0,solar_photovoltaic
52,53,0.0,solar_photovoltaic
65,53,0.0,solar_photovoltaic
82,53,0.0,solar_photovoltaic
96,53,0.0,solar_photovoltaic
107,53,0.0,solar_photovoltaic
126,53,0.0,solar_photovoltaic
138,53,0.0,solar_photovoltaic
26,54,0.0,biomass
13,54,0.0,biomass
108,54,0.0,biomass
40,54,0.0,biomass
97,54,0.0,biomass
1,54,0.0,biomass
66,54,0.0,biomass
2,54,458.576328,conventional_hydroelectric
14,54,78.087064,conventional_hydroelectric
27,54,351.3619080000001,conventional_hydroelectric
35,54,414.604256,conventional_hydroelectric
54,54,258.810849,conventional_hydroelectric
67,54,1207.485162,conventional_hydroelectric
84,54,6398.662418595339,conventional_hydroelectric
109,54,107.76396152340001,conventional_hydroelectric
128,54,25.198800000000002,conventional_hydroelectric
139,54,38.660736,conventional_hydroelectric
110,54,0.0,conventional_steam_coal
41,54,0.0,conventional_steam_coal
3,54,0.0,conventional_steam_coal
36,54,0.0,conventional_steam_coal
85,54,0.0,conventional_steam_coal
28,54,74.364,geothermal
116,54,0.0,natural_gas_fired_combined_cycle
73,54,0.0,natural_gas_fired_combined_cycle
71,54,0.0,natural_gas_fired_combined_cycle
44,54,0.0,natural_gas_fired_combined_cycle
115,54,0.0,natural_gas_fired_combined_cycle
70,54,0.0,natural_gas_fired_combined_cycle
131,54,0.0,natural_gas_fired_combined_cycle
18,54,0.0,natural_gas_fired_combined_cycle
72,54,0.0,natural_gas_fired_combined_cycle
114,54,0.0,natural_gas_fired_combined_cycle
45,54,0.0,natural_gas_fired_combined_cycle
78,54,0.0,natural_gas_fired_combustion_turbine
75,54,0.0,natural_gas_fired_combustion_turbine
119,54,0.0,natural_gas_fired_combustion_turbine
117,54,0.0,natural_gas_fired_combustion_turbine
134,54,0.0,natural_gas_fired_combustion_turbine
103,54,0.0,natural_gas_fired_combustion_turbine
47,54,0.0,natural_gas_fired_combustion_turbine
8,54,0.0,natural_gas_fired_combustion_turbine
90,54,0.0,natural_gas_fired_combustion_turbine
60,54,0.0,natural_gas_fired_combustion_turbine
46,54,0.0,natural_gas_fired_combustion_turbine
37,54,0.0,natural_gas_fired_combustion_turbine
7,54,0.0,natural_gas_fired_combustion_turbine
133,54,0.0,natural_gas_fired_combustion_turbine
74,54,0.0,natural_gas_fired_combustion_turbine
20,54,0.0,natural_gas_fired_combustion_turbine
135,54,0.0,natural_gas_fired_combustion_turbine
142,54,0.0,natural_gas_fired_combustion_turbine
121,54,0.0,natural_gas_fired_combustion_turbine
91,54,0.0,natural_gas_fired_combustion_turbine
22,54,0.0,natural_gas_steam_turbine
123,54,0.0,natural_gas_steam_turbine
62,54,0.0,natural_gas_steam_turbine
49,54,0.0,natural_gas_steam_turbine
48,54,0.0,natural_gas_steam_turbine
21,54,0.0,natural_gas_steam_turbine
79,54,0.0,nuclear
10,54,455.4981900000001,onshore_wind_turbine
23,54,12902.1816,onshore_wind_turbine
31,54,6154.34603,onshore_wind_turbine
38,54,2360.8158000000003,onshore_wind_turbine
50,54,3152.2213799999995,onshore_wind_turbine
63,54,34.4282396864,onshore_wind_turbine
80,54,0.0,onshore_wind_turbine
94,54,18778.846800000003,onshore_wind_turbine
105,54,557.726260665,onshore_wind_turbine
124,54,7177.477859059201,onshore_wind_turbine
136,54,2211.6983700000005,onshore_wind_turbine
144,54,5013.34722,onshore_wind_turbine
11,54,19.125,small_hydroelectric
24,54,62.577,small_hydroelectric
32,54,192.0,small_hydroelectric
39,54,52.9,small_hydroelectric
51,54,25.641,small_hydroelectric
64,54,6.128,small_hydroelectric
81,54,241.672,small_hydroelectric
95,54,418.922,small_hydroelectric
106,54,31.614,small_hydroelectric
125,54,100.697,small_hydroelectric
137,54,36.822,small_hydroelectric
145,54,33.21,small_hydroelectric
12,54,0.0,solar_photovoltaic
25,54,0.0,solar_photovoltaic
33,54,0.0,solar_photovoltaic
52,54,0.0,solar_photovoltaic
65,54,0.0,solar_photovoltaic
82,54,0.0,solar_photovoltaic
96,54,0.0,solar_photovoltaic
107,54,0.0,solar_photovoltaic
126,54,0.0,solar_photovoltaic
138,54,0.0,solar_photovoltaic
26,55,0.0,biomass
13,55,0.0,biomass
108,55,0.0,biomass
40,55,0.0,biomass
97,55,0.0,biomass
1,55,0.0,biomass
66,55,0.0,biomass
2,55,229.288164,conventional_hydroelectric
14,55,39.043532,conventional_hydroelectric
27,55,234.24127200000004,conventional_hydroelectric
35,55,207.302128,conventional_hydroelectric
54,55,172.540566,conventional_hydroelectric
67,55,603.742581,conventional_hydroelectric
84,55,3987.2652445953386,conventional_hydroelectric
109,55,107.76396152340001,conventional_hydroelectric
128,55,12.599400000000001,conventional_hydroelectric
139,55,19.330368,conventional_hydroelectric
110,55,0.0,conventional_steam_coal
41,55,0.0,conventional_steam_coal
3,55,0.0,conventional_steam_coal
36,55,0.0,conventional_steam_coal
85,55,0.0,conventional_steam_coal
28,55,74.364,geothermal
116,55,0.0,natural_gas_fired_combined_cycle
73,55,0.0,natural_gas_fired_combined_cycle
71,55,0.0,natural_gas_fired_combined_cycle
44,55,0.0,natural_gas_fired_combined_cycle
115,55,0.0,natural_gas_fired_combined_cycle
70,55,0.0,natural_gas_fired_combined_cycle
131,55,0.0,natural_gas_fired_combined_cycle
18,55,0.0,natural_gas_fired_combined_cycle
72,55,0.0,natural_gas_fired_combined_cycle
114,55,0.0,natural_gas_fired_combined_cycle
45,55,0.0,natural_gas_fired_combined_cycle
78,55,0.0,natural_gas_fired_combustion_turbine
75,55,0.0,natural_gas_fired_combustion_turbine
119,55,0.0,natural_gas_fired_combustion_turbine
117,55,0.0,natural_gas_fired_combustion_turbine
134,55,0.0,natural_gas_fired_combustion_turbine
103,55,0.0,natural_gas_fired_combustion_turbine
47,55,0.0,natural_gas_fired_combustion_turbine
8,55,0.0,natural_gas_fired_combustion_turbine
90,55,0.0,natural_gas_fired_combustion_turbine
60,55,0.0,natural_gas_fired_combustion_turbine
46,55,0.0,natural_gas_fired_combustion_turbine
37,55,0.0,natural_gas_fired_combustion_turbine
7,55,0.0,natural_gas_fired_combustion_turbine
133,55,0.0,natural_gas_fired_combustion_turbine
74,55,0.0,natural_gas_fired_combustion_turbine
20,55,0.0,natural_gas_fired_combustion_turbine
135,55,0.0,natural_gas_fired_combustion_turbine
142,55,0.0,natural_gas_fired_combustion_turbine
121,55,0.0,natural_gas_fired_combustion_turbine
91,55,0.0,natural_gas_fired_combustion_turbine
22,55,0.0,natural_gas_steam_turbine
123,55,0.0,natural_gas_steam_turbine
62,55,0.0,natural_gas_steam_turbine
49,55,0.0,natural_gas_steam_turbine
48,55,0.0,natural_gas_steam_turbine
21,55,0.0,natural_gas_steam_turbine
79,55,0.0,nuclear
10,55,370.66638000000006,onshore_wind_turbine
23,55,13779.843,onshore_wind_turbine
31,55,8304.74554,onshore_wind_turbine
38,55,2926.5936,onshore_wind_turbine
50,55,3905.5568999999996,onshore_wind_turbine
63,55,73.3902398152,onshore_wind_turbine
80,55,0.0,onshore_wind_turbine
94,55,23857.888600000002,onshore_wind_turbine
105,55,488.30403890100007,onshore_wind_turbine
124,55,4435.799758374601,onshore_wind_turbine
136,55,2342.1157200000007,onshore_wind_turbine
144,55,7522.183619999999,onshore_wind_turbine
11,55,19.125,small_hydroelectric
24,55,62.577,small_hydroelectric
32,55,192.0,small_hydroelectric
39,55,52.9,small_hydroelectric
51,55,25.641,small_hydroelectric
64,55,6.128,small_hydroelectric
81,55,241.672,small_hydroelectric
95,55,418.922,small_hydroelectric
106,55,31.614,small_hydroelectric
125,55,100.697,small_hydroelectric
137,55,36.822,small_hydroelectric
145,55,33.21,small_hydroelectric
12,55,2343.27114,solar_photovoltaic
25,55,1019.7181399999997,solar_photovoltaic
33,55,0.0,solar_photovoltaic
52,55,2096.3489400000003,solar_photovoltaic
65,55,2618.4174804662,solar_photovoltaic
82,55,0.0,solar_photovoltaic
96,55,0.0,solar_photovoltaic
107,55,2503.3581372520002,solar_photovoltaic
126,55,124.277597059,solar_photovoltaic
138,55,997.6928499999999,solar_photovoltaic
26,56,0.0,biomass
13,56,0.0,biomass
108,56,0.0,biomass
40,56,0.0,biomass
97,56,0.0,biomass
1,56,0.0,biomass
66,56,0.0,biomass
2,56,0.0,conventional_hydroelectric
14,56,0.0,conventional_hydroelectric
27,56,117.12063600000002,conventional_hydroelectric
35,56,0.0,conventional_hydroelectric
54,56,86.270283,conventional_hydroelectric
67,56,0.0,conventional_hydroelectric
84,56,1575.8680705953384,conventional_hydroelectric
109,56,0.0,conventional_hydroelectric
128,56,0.0,conventional_hydroelectric
139,56,0.0,conventional_hydroelectric
110,56,0.0,conventional_steam_coal
41,56,0.0,conventional_steam_coal
3,56,0.0,conventional_steam_coal
36,56,0.0,conventional_steam_coal
85,56,0.0,conventional_steam_coal
28,56,0.0,geothermal
116,56,0.0,natural_gas_fired_combined_cycle
73,56,0.0,natural_gas_fired_combined_cycle
71,56,0.0,natural_gas_fired_combined_cycle
44,56,0.0,natural_gas_fired_combined_cycle
115,56,0.0,natural_gas_fired_combined_cycle
70,56,0.0,natural_gas_fired_combined_cycle
131,56,0.0,natural_gas_fired_combined_cycle
18,56,0.0,natural_gas_fired_combined_cycle
72,56,0.0,natural_gas_fired_combined_cycle
114,56,0.0,natural_gas_fired_combined_cycle
45,56,0.0,natural_gas_fired_combined_cycle
78,56,0.0,natural_gas_fired_combustion_turbine
75,56,0.0,natural_gas_fired_combustion_turbine
119,56,0.0,natural_gas_fired_combustion_turbine
117,56,0.0,natural_gas_fired_combustion_turbine
134,56,0.0,natural_gas_fired_combustion_turbine
103,56,0.0,natural_gas_fired_combustion_turbine
47,56,0.0,natural_gas_fired_combustion_turbine
8,56,0.0,natural_gas_fired_combustion_turbine
90,56,0.0,natural_gas_fired_combustion_turbine
60,56,0.0,natural_gas_fired_combustion_turbine
46,56,0.0,natural_gas_fired_combustion_turbine
37,56,0.0,natural_gas_fired_combustion_turbine
7,56,0.0,natural_gas_fired_combustion_turbine
133,56,0.0,natural_gas_fired_combustion_turbine
74,56,0.0,natural_gas_fired_combustion_turbine
20,56,0.0,natural_gas_fired_combustion_turbine
135,56,0.0,natural_gas_fired_combustion_turbine
142,56,0.0,natural_gas_fired_combustion_turbine
121,56,0.0,natural_gas_fired_combustion_turbine
91,56,0.0,natural_gas_fired_combustion_turbine
22,56,0.0,natural_gas_steam_turbine
123,56,0.0,natural_gas_steam_turbine
62,56,0.0,natural_gas_steam_turbine
49,56,0.0,natural_gas_steam_turbine
48,56,0.0,natural_gas_steam_turbine
21,56,0.0,natural_gas_steam_turbine
79,56,0.0,nuclear
10,56,0.0,onshore_wind_turbine
23,56,15373.05,onshore_wind_turbine
31,56,8415.17467,onshore_wind_turbine
38,56,3183.92025,onshore_wind_turbine
50,56,4165.02408,onshore_wind_turbine
63,56,0.0,onshore_wind_turbine
80,56,0.0,onshore_wind_turbine
94,56,26116.0578,onshore_wind_turbine
105,56,83.32300131672946,onshore_wind_turbine
124,56,0.0,onshore_wind_turbine
136,56,0.0,onshore_wind_turbine
144,56,0.0,onshore_wind_turbine
11,56,0.0,small_hydroelectric
24,56,0.0,small_hydroelectric
32,56,0.0,small_hydroelectric
39,56,0.0,small_hydroelectric
51,56,0.0,small_hydroelectric
64,56,0.0,small_hydroelectric
81,56,0.0,small_hydroelectric
95,56,0.0,small_hydroelectric
106,56,0.0,small_hydroelectric
125,56,0.0,small_hydroelectric
137,56,0.0,small_hydroelectric
145,56,0.0,small_hydroelectric
12,56,0.0,solar_photovoltaic
25,56,0.0,solar_photovoltaic
33,56,0.0,solar_photovoltaic
52,56,0.0,solar_photovoltaic
65,56,8612.9168953884,solar_photovoltaic
82,56,5265.66803,solar_photovoltaic
96,56,0.0,solar_photovoltaic
107,56,8431.4608742455,solar_photovoltaic
126,56,14652.3190052435,solar_photovoltaic
138,56,1926.8941999999997,solar_photovoltaic
26,57,0.0,biomass
13,57,0.0,biomass
108,57,0.0,biomass
40,57,0.0,biomass
97,57,0.0,biomass
1,57,0.0,biomass
66,57,0.0,biomass
2,57,0.0,conventional_hydroelectric
14,57,0.0,conventional_hydroelectric
27,57,0.0,conventional_hydroelectric
35,57,0.0,conventional_hydroelectric
54,57,0.0,conventional_hydroelectric
67,57,0.0,conventional_hydroelectric
84,57,0.0,conventional_hydroelectric
109,57,0.0,conventional_hydroelectric
128,57,0.0,conventional_hydroelectric
139,57,0.0,conventional_hydroelectric
110,57,0.0,conventional_steam_coal
41,57,0.0,conventional_steam_coal
3,57,0.0,conventional_steam_coal
36,57,0.0,conventional_steam_coal
85,57,0.0,conventional_steam_coal
28,57,0.0,geothermal
116,57,0.0,natural_gas_fired_combined_cycle
73,57,0.0,natural_gas_fired_combined_cycle
71,57,0.0,natural_gas_fired_combined_cycle
44,57,0.0,natural_gas_fired_combined_cycle
115,57,0.0,natural_gas_fired_combined_cycle
70,57,0.0,natural_gas_fired_combined_cycle
131,57,0.0,natural_gas_fired_combined_cycle
18,57,0.0,natural_gas_fired_combined_cycle
72,57,0.0,natural_gas_fired_combined_cycle
114,57,0.0,natural_gas_fired_combined_cycle
45,57,0.0,natural_gas_fired_combined_cycle
78,57,0.0,natural_gas_fired_combustion_turbine
75,57,0.0,natural_gas_fired_combustion_turbine
119,57,0.0,natural_gas_fired_combustion_turbine
117,57,0.0,natural_gas_fired_combustion_turbine
134,57,0.0,natural_gas_fired_combustion_turbine
103,57,0.0,natural_gas_fired_combustion_turbine
47,57,0.0,natural_gas_fired_combustion_turbine
8,57,0.0,natural_gas_fired_combustion_turbine
90,57,0.0,natural_gas_fired_combustion_turbine
60,57,0.0,natural_gas_fired_combustion_turbine
46,57,0.0,natural_gas_fired_combustion_turbine
37,57,0.0,natural_gas_fired_combustion_turbine
7,57,0.0,natural_gas_fired_combustion_turbine
133,57,0.0,natural_gas_fired_combustion_turbine
74,57,0.0,natural_gas_fired_combustion_turbine
20,57,0.0,natural_gas_fired_combustion_turbine
135,57,0.0,natural_gas_fired_combustion_turbine
142,57,0.0,natural_gas_fired_combustion_turbine
121,57,0.0,natural_gas_fired_combustion_turbine
91,57,0.0,natural_gas_fired_combustion_turbine
22,57,0.0,natural_gas_steam_turbine
123,57,0.0,natural_gas_steam_turbine
62,57,0.0,natural_gas_steam_turbine
49,57,0.0,natural_gas_steam_turbine
48,57,0.0,natural_gas_steam_turbine
21,57,0.0,natural_gas_steam_turbine
79,57,0.0,nuclear
10,57,0.0,onshore_wind_turbine
23,57,0.0,onshore_wind_turbine
31,57,0.0,onshore_wind_turbine
38,57,2678.789735433391,onshore_wind_turbine
50,57,0.0,onshore_wind_turbine
63,57,0.0,onshore_wind_turbine
80,57,0.0,onshore_wind_turbine
94,57,32394.062400000003,onshore_wind_turbine
105,57,0.0,onshore_wind_turbine
124,57,0.0,onshore_wind_turbine
136,57,0.0,onshore_wind_turbine
144,57,0.0,onshore_wind_turbine
11,57,0.0,small_hydroelectric
24,57,0.0,small_hydroelectric
32,57,0.0,small_hydroelectric
39,57,0.0,small_hydroelectric
51,57,0.0,small_hydroelectric
64,57,0.0,small_hydroelectric
81,57,0.0,small_hydroelectric
95,57,0.0,small_hydroelectric
106,57,0.0,small_hydroelectric
125,57,0.0,small_hydroelectric
137,57,0.0,small_hydroelectric
145,57,0.0,small_hydroelectric
12,57,8326.451700000001,solar_photovoltaic
25,57,1906.0396599999997,solar_photovoltaic
33,57,364.07140000000004,solar_photovoltaic
52,57,4627.4501,solar_photovoltaic
65,57,13378.779258322102,solar_photovoltaic
82,57,9700.22284,solar_photovoltaic
96,57,365.8557,solar_photovoltaic
107,57,12910.825560608499,solar_photovoltaic
126,57,23943.489905636,solar_photovoltaic
138,57,2777.1020199999994,solar_photovoltaic
26,58,0.0,biomass
13,58,0.0,biomass
108,58,0.0,biomass
40,58,0.0,biomass
97,58,0.0,biomass
1,58,0.0,biomass
66,58,0.0,biomass
2,58,0.0,conventional_hydroelectric
14,58,0.0,conventional_hydroelectric
27,58,0.0,conventional_hydroelectric
35,58,0.0,conventional_hydroelectric
54,58,0.0,conventional_hydroelectric
67,58,0.0,conventional_hydroelectric
84,58,0.0,conventional_hydroelectric
109,58,0.0,conventional_hydroelectric
128,58,0.0,conventional_hydroelectric
139,58,0.0,conventional_hydroelectric
110,58,0.0,conventional_steam_coal
41,58,0.0,conventional_steam_coal
3,58,0.0,conventional_steam_coal
36,58,0.0,conventional_steam_coal
85,58,0.0,conventional_steam_coal
28,58,0.0,geothermal
116,58,0.0,natural_gas_fired_combined_cycle
73,58,0.0,natural_gas_fired_combined_cycle
71,58,0.0,natural_gas_fired_combined_cycle
44,58,0.0,natural_gas_fired_combined_cycle
115,58,0.0,natural_gas_fired_combined_cycle
70,58,0.0,natural_gas_fired_combined_cycle
131,58,0.0,natural_gas_fired_combined_cycle
18,58,0.0,natural_gas_fired_combined_cycle
72,58,0.0,natural_gas_fired_combined_cycle
114,58,0.0,natural_gas_fired_combined_cycle
45,58,0.0,natural_gas_fired_combined_cycle
78,58,0.0,natural_gas_fired_combustion_turbine
75,58,0.0,natural_gas_fired_combustion_turbine
119,58,0.0,natural_gas_fired_combustion_turbine
117,58,0.0,natural_gas_fired_combustion_turbine
134,58,0.0,natural_gas_fired_combustion_turbine
103,58,0.0,natural_gas_fired_combustion_turbine
47,58,0.0,natural_gas_fired_combustion_turbine
8,58,0.0,natural_gas_fired_combustion_turbine
90,58,0.0,natural_gas_fired_combustion_turbine
60,58,0.0,natural_gas_fired_combustion_turbine
46,58,0.0,natural_gas_fired_combustion_turbine
37,58,0.0,natural_gas_fired_combustion_turbine
7,58,0.0,natural_gas_fired_combustion_turbine
133,58,0.0,natural_gas_fired_combustion_turbine
74,58,0.0,natural_gas_fired_combustion_turbine
20,58,0.0,natural_gas_fired_combustion_turbine
135,58,0.0,natural_gas_fired_combustion_turbine
142,58,0.0,natural_gas_fired_combustion_turbine
121,58,0.0,natural_gas_fired_combustion_turbine
91,58,0.0,natural_gas_fired_combustion_turbine
22,58,0.0,natural_gas_steam_turbine
123,58,0.0,natural_gas_steam_turbine
62,58,0.0,natural_gas_steam_turbine
49,58,0.0,natural_gas_steam_turbine
48,58,0.0,natural_gas_steam_turbine
21,58,0.0,natural_gas_steam_turbine
79,58,0.0,nuclear
10,58,0.0,onshore_wind_turbine
23,58,15025.876919886905,onshore_wind_turbine
31,58,0.0,onshore_wind_turbine
38,58,0.0,onshore_wind_turbine
50,58,3658.96146,onshore_wind_turbine
63,58,0.0,onshore_wind_turbine
80,58,0.0,onshore_wind_turbine
94,58,0.0,onshore_wind_turbine
105,58,0.0,onshore_wind_turbine
124,58,0.0,onshore_wind_turbine
136,58,0.0,onshore_wind_turbine
144,58,0.0,onshore_wind_turbine
11,58,0.0,small_hydroelectric
24,58,0.0,small_hydroelectric
32,58,0.0,small_hydroelectric
39,58,0.0,small_hydroelectric
51,58,0.0,small_hydroelectric
64,58,0.0,small_hydroelectric
81,58,0.0,small_hydroelectric
95,58,0.0,small_hydroelectric
106,58,0.0,small_hydroelectric
125,58,0.0,small_hydroelectric
137,58,0.0,small_hydroelectric
145,58,0.0,small_hydroelectric
12,58,9743.14908,solar_photovoltaic
25,58,0.0,solar_photovoltaic
33,58,622.3367499999999,solar_photovoltaic
52,58,4905.99564,solar_photovoltaic
65,58,16441.519499645103,solar_photovoltaic
82,58,12468.64927,solar_photovoltaic
96,58,492.36243,solar_photovoltaic
107,58,15565.6397487815,solar_photovoltaic
126,58,30069.9568516865,solar_photovoltaic
138,58,3210.88152,solar_photovoltaic
26,59,0.0,biomass
13,59,0.0,biomass
108,59,0.0,biomass
40,59,0.0,biomass
97,59,0.0,biomass
1,59,0.0,biomass
66,59,0.0,biomass
2,59,0.0,conventional_hydroelectric
14,59,0.0,conventional_hydroelectric
27,59,0.0,conventional_hydroelectric
35,59,0.0,conventional_hydroelectric
54,59,0.0,conventional_hydroelectric
67,59,0.0,conventional_hydroelectric
84,59,0.0,conventional_hydroelectric
109,59,0.0,conventional_hydroelectric
128,59,0.0,conventional_hydroelectric
139,59,0.0,conventional_hydroelectric
110,59,0.0,conventional_steam_coal
41,59,0.0,conventional_steam_coal
3,59,0.0,conventional_steam_coal
36,59,0.0,conventional_steam_coal
85,59,0.0,conventional_steam_coal
28,59,0.0,geothermal
116,59,0.0,natural_gas_fired_combined_cycle
73,59,0.0,natural_gas_fired_combined_cycle
71,59,0.0,natural_gas_fired_combined_cycle
44,59,0.0,natural_gas_fired_combined_cycle
115,59,0.0,natural_gas_fired_combined_cycle
70,59,0.0,natural_gas_fired_combined_cycle
131,59,0.0,natural_gas_fired_combined_cycle
18,59,0.0,natural_gas_fired_combined_cycle
72,59,0.0,natural_gas_fired_combined_cycle
114,59,0.0,natural_gas_fired_combined_cycle
45,59,0.0,natural_gas_fired_combined_cycle
78,59,0.0,natural_gas_fired_combustion_turbine
75,59,0.0,natural_gas_fired_combustion_turbine
119,59,0.0,natural_gas_fired_combustion_turbine
117,59,0.0,natural_gas_fired_combustion_turbine
134,59,0.0,natural_gas_fired_combustion_turbine
103,59,0.0,natural_gas_fired_combustion_turbine
47,59,0.0,natural_gas_fired_combustion_turbine
8,59,0.0,natural_gas_fired_combustion_turbine
90,59,0.0,natural_gas_fired_combustion_turbine
60,59,0.0,natural_gas_fired_combustion_turbine
46,59,0.0,natural_gas_fired_combustion_turbine
37,59,0.0,natural_gas_fired_combustion_turbine
7,59,0.0,natural_gas_fired_combustion_turbine
133,59,0.0,natural_gas_fired_combustion_turbine
74,59,0.0,natural_gas_fired_combustion_turbine
20,59,0.0,natural_gas_fired_combustion_turbine
135,59,0.0,natural_gas_fired_combustion_turbine
142,59,0.0,natural_gas_fired_combustion_turbine
121,59,0.0,natural_gas_fired_combustion_turbine
91,59,0.0,natural_gas_fired_combustion_turbine
22,59,0.0,natural_gas_steam_turbine
123,59,0.0,natural_gas_steam_turbine
62,59,0.0,natural_gas_steam_turbine
49,59,0.0,natural_gas_steam_turbine
48,59,0.0,natural_gas_steam_turbine
21,59,0.0,natural_gas_steam_turbine
79,59,0.0,nuclear
10,59,0.0,onshore_wind_turbine
23,59,14759.9914,onshore_wind_turbine
31,59,8221.614488666803,onshore_wind_turbine
38,59,0.0,onshore_wind_turbine
50,59,4353.357959999999,onshore_wind_turbine
63,59,0.0,onshore_wind_turbine
80,59,0.0,onshore_wind_turbine
94,59,0.0,onshore_wind_turbine
105,59,0.0,onshore_wind_turbine
124,59,0.0,onshore_wind_turbine
136,59,0.0,onshore_wind_turbine
144,59,0.0,onshore_wind_turbine
11,59,0.0,small_hydroelectric
24,59,0.0,small_hydroelectric
32,59,0.0,small_hydroelectric
39,59,0.0,small_hydroelectric
51,59,0.0,small_hydroelectric
64,59,0.0,small_hydroelectric
81,59,0.0,small_hydroelectric
95,59,0.0,small_hydroelectric
106,59,0.0,small_hydroelectric
125,59,0.0,small_hydroelectric
137,59,0.0,small_hydroelectric
145,59,0.0,small_hydroelectric
12,59,0.0,solar_photovoltaic
25,59,0.0,solar_photovoltaic
33,59,0.0,solar_photovoltaic
52,59,0.0,solar_photovoltaic
65,59,18083.4300555832,solar_photovoltaic
82,59,13524.12404,solar_photovoltaic
96,59,0.0,solar_photovoltaic
107,59,16737.968236997,solar_photovoltaic
126,59,32405.670798753,solar_photovoltaic
138,59,3356.9967199999996,solar_photovoltaic
26,60,0.0,biomass
13,60,0.0,biomass
108,60,0.0,biomass
40,60,0.0,biomass
97,60,0.0,biomass
1,60,0.0,biomass
66,60,0.0,biomass
2,60,0.0,conventional_hydroelectric
14,60,0.0,conventional_hydroelectric
27,60,0.0,conventional_hydroelectric
35,60,0.0,conventional_hydroelectric
54,60,0.0,conventional_hydroelectric
67,60,0.0,conventional_hydroelectric
84,60,0.0,conventional_hydroelectric
109,60,0.0,conventional_hydroelectric
128,60,0.0,conventional_hydroelectric
139,60,0.0,conventional_hydroelectric
110,60,0.0,conventional_steam_coal
41,60,0.0,conventional_steam_coal
3,60,0.0,conventional_steam_coal
36,60,0.0,conventional_steam_coal
85,60,0.0,conventional_steam_coal
28,60,0.0,geothermal
116,60,0.0,natural_gas_fired_combined_cycle
73,60,0.0,natural_gas_fired_combined_cycle
71,60,0.0,natural_gas_fired_combined_cycle
44,60,0.0,natural_gas_fired_combined_cycle
115,60,0.0,natural_gas_fired_combined_cycle
70,60,0.0,natural_gas_fired_combined_cycle
131,60,0.0,natural_gas_fired_combined_cycle
18,60,0.0,natural_gas_fired_combined_cycle
72,60,0.0,natural_gas_fired_combined_cycle
114,60,0.0,natural_gas_fired_combined_cycle
45,60,0.0,natural_gas_fired_combined_cycle
78,60,0.0,natural_gas_fired_combustion_turbine
75,60,0.0,natural_gas_fired_combustion_turbine
119,60,0.0,natural_gas_fired_combustion_turbine
117,60,0.0,natural_gas_fired_combustion_turbine
134,60,0.0,natural_gas_fired_combustion_turbine
103,60,0.0,natural_gas_fired_combustion_turbine
47,60,0.0,natural_gas_fired_combustion_turbine
8,60,0.0,natural_gas_fired_combustion_turbine
90,60,0.0,natural_gas_fired_combustion_turbine
60,60,0.0,natural_gas_fired_combustion_turbine
46,60,0.0,natural_gas_fired_combustion_turbine
37,60,0.0,natural_gas_fired_combustion_turbine
7,60,0.0,natural_gas_fired_combustion_turbine
133,60,0.0,natural_gas_fired_combustion_turbine
74,60,0.0,natural_gas_fired_combustion_turbine
20,60,0.0,natural_gas_fired_combustion_turbine
135,60,0.0,natural_gas_fired_combustion_turbine
142,60,0.0,natural_gas_fired_combustion_turbine
121,60,0.0,natural_gas_fired_combustion_turbine
91,60,0.0,natural_gas_fired_combustion_turbine
22,60,0.0,natural_gas_steam_turbine
123,60,0.0,natural_gas_steam_turbine
62,60,0.0,natural_gas_steam_turbine
49,60,0.0,natural_gas_steam_turbine
48,60,0.0,natural_gas_steam_turbine
21,60,0.0,natural_gas_steam_turbine
79,60,0.0,nuclear
10,60,0.0,onshore_wind_turbine
23,60,13686.673,onshore_wind_turbine
31,60,8682.341919999999,onshore_wind_turbine
38,60,4698.9096,onshore_wind_turbine
50,60,255.74633449959765,onshore_wind_turbine
63,60,0.0,onshore_wind_turbine
80,60,0.0,onshore_wind_turbine
94,60,0.0,onshore_wind_turbine
105,60,0.0,onshore_wind_turbine
124,60,0.0,onshore_wind_turbine
136,60,0.0,onshore_wind_turbine
144,60,0.0,onshore_wind_turbine
11,60,0.0,small_hydroelectric
24,60,0.0,small_hydroelectric
32,60,0.0,small_hydroelectric
39,60,0.0,small_hydroelectric
51,60,0.0,small_hydroelectric
64,60,0.0,small_hydroelectric
81,60,0.0,small_hydroelectric
95,60,0.0,small_hydroelectric
106,60,0.0,small_hydroelectric
125,60,0.0,small_hydroelectric
137,60,0.0,small_hydroelectric
145,60,0.0,small_hydroelectric
12,60,0.0,solar_photovoltaic
25,60,0.0,solar_photovoltaic
33,60,0.0,solar_photovoltaic
52,60,0.0,solar_photovoltaic
65,60,18704.783360880403,solar_photovoltaic
82,60,13877.24961,solar_photovoltaic
96,60,0.0,solar_photovoltaic
107,60,17000.835114774,solar_photovoltaic
126,60,33484.087349846,solar_photovoltaic
138,60,0.0,solar_photovoltaic
26,61,0.0,biomass
13,61,0.0,biomass
108,61,0.0,biomass
40,61,0.0,biomass
97,61,0.0,biomass
1,61,0.0,biomass
66,61,0.0,biomass
2,61,0.0,conventional_hydroelectric
14,61,0.0,conventional_hydroelectric
27,61,0.0,conventional_hydroelectric
35,61,0.0,conventional_hydroelectric
54,61,0.0,conventional_hydroelectric
67,61,0.0,conventional_hydroelectric
84,61,0.0,conventional_hydroelectric
109,61,0.0,conventional_hydroelectric
128,61,0.0,conventional_hydroelectric
139,61,0.0,conventional_hydroelectric
110,61,0.0,conventional_steam_coal
41,61,0.0,conventional_steam_coal
3,61,0.0,conventional_steam_coal
36,61,0.0,conventional_steam_coal
85,61,0.0,conventional_steam_coal
28,61,0.0,geothermal
116,61,0.0,natural_gas_fired_combined_cycle
73,61,0.0,natural_gas_fired_combined_cycle
71,61,0.0,natural_gas_fired_combined_cycle
44,61,0.0,natural_gas_fired_combined_cycle
115,61,0.0,natural_gas_fired_combined_cycle
70,61,0.0,natural_gas_fired_combined_cycle
131,61,0.0,natural_gas_fired_combined_cycle
18,61,0.0,natural_gas_fired_combined_cycle
72,61,0.0,natural_gas_fired_combined_cycle
114,61,0.0,natural_gas_fired_combined_cycle
45,61,0.0,natural_gas_fired_combined_cycle
78,61,0.0,natural_gas_fired_combustion_turbine
75,61,0.0,natural_gas_fired_combustion_turbine
119,61,0.0,natural_gas_fired_combustion_turbine
117,61,0.0,natural_gas_fired_combustion_turbine
134,61,0.0,natural_gas_fired_combustion_turbine
103,61,0.0,natural_gas_fired_combustion_turbine
47,61,0.0,natural_gas_fired_combustion_turbine
8,61,0.0,natural_gas_fired_combustion_turbine
90,61,0.0,natural_gas_fired_combustion_turbine
60,61,0.0,natural_gas_fired_combustion_turbine
46,61,0.0,natural_gas_fired_combustion_turbine
37,61,0.0,natural_gas_fired_combustion_turbine
7,61,0.0,natural_gas_fired_combustion_turbine
133,61,0.0,natural_gas_fired_combustion_turbine
74,61,0.0,natural_gas_fired_combustion_turbine
20,61,0.0,natural_gas_fired_combustion_turbine
135,61,0.0,natural_gas_fired_combustion_turbine
142,61,0.0,natural_gas_fired_combustion_turbine
121,61,0.0,natural_gas_fired_combustion_turbine
91,61,0.0,natural_gas_fired_combustion_turbine
22,61,0.0,natural_gas_steam_turbine
123,61,0.0,natural_gas_steam_turbine
62,61,0.0,natural_gas_steam_turbine
49,61,0.0,natural_gas_steam_turbine
48,61,0.0,natural_gas_steam_turbine
21,61,0.0,natural_gas_steam_turbine
79,61,0.0,nuclear
10,61,0.0,onshore_wind_turbine
23,61,0.0,onshore_wind_turbine
31,61,0.0,onshore_wind_turbine
38,61,0.0,onshore_wind_turbine
50,61,0.0,onshore_wind_turbine
63,61,0.0,onshore_wind_turbine
80,61,0.0,onshore_wind_turbine
94,61,32916.31,onshore_wind_turbine
105,61,0.0,onshore_wind_turbine
124,61,0.0,onshore_wind_turbine
136,61,0.0,onshore_wind_turbine
144,61,8869.601789999999,onshore_wind_turbine
11,61,0.0,small_hydroelectric
24,61,0.0,small_hydroelectric
32,61,0.0,small_hydroelectric
39,61,0.0,small_hydroelectric
51,61,0.0,small_hydroelectric
64,61,0.0,small_hydroelectric
81,61,0.0,small_hydroelectric
95,61,0.0,small_hydroelectric
106,61,0.0,small_hydroelectric
125,61,0.0,small_hydroelectric
137,61,0.0,small_hydroelectric
145,61,0.0,small_hydroelectric
12,61,0.0,solar_photovoltaic
25,61,0.0,solar_photovoltaic
33,61,0.0,solar_photovoltaic
52,61,0.0,solar_photovoltaic
65,61,0.0,solar_photovoltaic
82,61,0.0,solar_photovoltaic
96,61,0.0,solar_photovoltaic
107,61,0.0,solar_photovoltaic
126,61,29401.764259999996,solar_photovoltaic
138,61,0.0,solar_photovoltaic
26,62,0.0,biomass
13,62,0.0,biomass
108,62,0.0,biomass
40,62,0.0,biomass
97,62,0.0,biomass
1,62,0.0,biomass
66,62,0.0,biomass
2,62,0.0,conventional_hydroelectric
14,62,0.0,conventional_hydroelectric
27,62,37.8172656000001,conventional_hydroelectric
35,62,0.0,conventional_hydroelectric
54,62,62.15617980000013,conventional_hydroelectric
67,62,0.0,conventional_hydroelectric
84,62,0.0,conventional_hydroelectric
109,62,0.0,conventional_hydroelectric
128,62,0.0,conventional_hydroelectric
139,62,0.0,conventional_hydroelectric
110,62,0.0,conventional_steam_coal
41,62,0.0,conventional_steam_coal
3,62,0.0,conventional_steam_coal
36,62,0.0,conventional_steam_coal
85,62,0.0,conventional_steam_coal
28,62,0.0,geothermal
116,62,0.0,natural_gas_fired_combined_cycle
73,62,0.0,natural_gas_fired_combined_cycle
71,62,0.0,natural_gas_fired_combined_cycle
44,62,0.0,natural_gas_fired_combined_cycle
115,62,0.0,natural_gas_fired_combined_cycle
70,62,0.0,natural_gas_fired_combined_cycle
131,62,0.0,natural_gas_fired_combined_cycle
18,62,0.0,natural_gas_fired_combined_cycle
72,62,0.0,natural_gas_fired_combined_cycle
114,62,0.0,natural_gas_fired_combined_cycle
45,62,0.0,natural_gas_fired_combined_cycle
78,62,0.0,natural_gas_fired_combustion_turbine
75,62,0.0,natural_gas_fired_combustion_turbine
119,62,0.0,natural_gas_fired_combustion_turbine
117,62,0.0,natural_gas_fired_combustion_turbine
134,62,0.0,natural_gas_fired_combustion_turbine
103,62,0.0,natural_gas_fired_combustion_turbine
47,62,0.0,natural_gas_fired_combustion_turbine
8,62,0.0,natural_gas_fired_combustion_turbine
90,62,0.0,natural_gas_fired_combustion_turbine
60,62,0.0,natural_gas_fired_combustion_turbine
46,62,0.0,natural_gas_fired_combustion_turbine
37,62,0.0,natural_gas_fired_combustion_turbine
7,62,0.0,natural_gas_fired_combustion_turbine
133,62,0.0,natural_gas_fired_combustion_turbine
74,62,0.0,natural_gas_fired_combustion_turbine
20,62,0.0,natural_gas_fired_combustion_turbine
135,62,0.0,natural_gas_fired_combustion_turbine
142,62,0.0,natural_gas_fired_combustion_turbine
121,62,0.0,natural_gas_fired_combustion_turbine
91,62,0.0,natural_gas_fired_combustion_turbine
22,62,0.0,natural_gas_steam_turbine
123,62,0.0,natural_gas_steam_turbine
62,62,0.0,natural_gas_steam_turbine
49,62,0.0,natural_gas_steam_turbine
48,62,0.0,natural_gas_steam_turbine
21,62,0.0,natural_gas_steam_turbine
79,62,0.0,nuclear
10,62,0.0,onshore_wind_turbine
23,62,0.0,onshore_wind_turbine
31,62,0.0,onshore_wind_turbine
38,62,0.0,onshore_wind_turbine
50,62,1911.8668843663072,onshore_wind_turbine
63,62,0.0,onshore_wind_turbine
80,62,0.0,onshore_wind_turbine
94,62,0.0,onshore_wind_turbine
105,62,0.0,onshore_wind_turbine
124,62,0.0,onshore_wind_turbine
136,62,0.0,onshore_wind_turbine
144,62,0.0,onshore_wind_turbine
11,62,0.0,small_hydroelectric
24,62,0.0,small_hydroelectric
32,62,0.0,small_hydroelectric
39,62,0.0,small_hydroelectric
51,62,0.0,small_hydroelectric
64,62,0.0,small_hydroelectric
81,62,0.0,small_hydroelectric
95,62,0.0,small_hydroelectric
106,62,0.0,small_hydroelectric
125,62,0.0,small_hydroelectric
137,62,0.0,small_hydroelectric
145,62,0.0,small_hydroelectric
12,62,10976.22666,solar_photovoltaic
25,62,0.0,solar_photovoltaic
33,62,0.0,solar_photovoltaic
52,62,4960.59886,solar_photovoltaic
65,62,19065.7609125417,solar_photovoltaic
82,62,14542.53038,solar_photovoltaic
96,62,0.0,solar_photovoltaic
107,62,17826.915060017,solar_photovoltaic
126,62,35389.683647674996,solar_photovoltaic
138,62,3571.6034199999995,solar_photovoltaic
26,63,0.0,biomass
13,63,0.0,biomass
108,63,0.0,biomass
40,63,0.0,biomass
97,63,0.0,biomass
1,63,0.0,biomass
66,63,0.0,biomass
2,63,0.0,conventional_hydroelectric
14,63,0.0,conventional_hydroelectric
27,63,154.93790160000012,conventional_hydroelectric
35,63,0.0,conventional_hydroelectric
54,63,148.42646280000014,conventional_hydroelectric
67,63,0.0,conventional_hydroelectric
84,63,909.358211400001,conventional_hydroelectric
109,63,0.0,conventional_hydroelectric
128,63,0.0,conventional_hydroelectric
139,63,0.0,conventional_hydroelectric
110,63,0.0,conventional_steam_coal
41,63,0.0,conventional_steam_coal
3,63,0.0,conventional_steam_coal
36,63,0.0,conventional_steam_coal
85,63,0.0,conventional_steam_coal
28,63,0.0,geothermal
116,63,0.0,natural_gas_fired_combined_cycle
73,63,0.0,natural_gas_fired_combined_cycle
71,63,0.0,natural_gas_fired_combined_cycle
44,63,0.0,natural_gas_fired_combined_cycle
115,63,0.0,natural_gas_fired_combined_cycle
70,63,0.0,natural_gas_fired_combined_cycle
131,63,0.0,natural_gas_fired_combined_cycle
18,63,0.0,natural_gas_fired_combined_cycle
72,63,0.0,natural_gas_fired_combined_cycle
114,63,0.0,natural_gas_fired_combined_cycle
45,63,0.0,natural_gas_fired_combined_cycle
78,63,0.0,natural_gas_fired_combustion_turbine
75,63,0.0,natural_gas_fired_combustion_turbine
119,63,0.0,natural_gas_fired_combustion_turbine
117,63,0.0,natural_gas_fired_combustion_turbine
134,63,0.0,natural_gas_fired_combustion_turbine
103,63,0.0,natural_gas_fired_combustion_turbine
47,63,0.0,natural_gas_fired_combustion_turbine
8,63,0.0,natural_gas_fired_combustion_turbine
90,63,0.0,natural_gas_fired_combustion_turbine
60,63,0.0,natural_gas_fired_combustion_turbine
46,63,0.0,natural_gas_fired_combustion_turbine
37,63,0.0,natural_gas_fired_combustion_turbine
7,63,0.0,natural_gas_fired_combustion_turbine
133,63,0.0,natural_gas_fired_combustion_turbine
74,63,0.0,natural_gas_fired_combustion_turbine
20,63,0.0,natural_gas_fired_combustion_turbine
135,63,0.0,natural_gas_fired_combustion_turbine
142,63,0.0,natural_gas_fired_combustion_turbine
121,63,0.0,natural_gas_fired_combustion_turbine
91,63,0.0,natural_gas_fired_combustion_turbine
22,63,0.0,natural_gas_steam_turbine
123,63,0.0,natural_gas_steam_turbine
62,63,0.0,natural_gas_steam_turbine
49,63,0.0,natural_gas_steam_turbine
48,63,0.0,natural_gas_steam_turbine
21,63,0.0,natural_gas_steam_turbine
79,63,0.0,nuclear
10,63,0.0,onshore_wind_turbine
23,63,8670.726415651998,onshore_wind_turbine
31,63,0.0,onshore_wind_turbine
38,63,0.0,onshore_wind_turbine
50,63,5046.399539999999,onshore_wind_turbine
63,63,0.0,onshore_wind_turbine
80,63,0.0,onshore_wind_turbine
94,63,0.0,onshore_wind_turbine
105,63,0.0,onshore_wind_turbine
124,63,0.0,onshore_wind_turbine
136,63,0.0,onshore_wind_turbine
144,63,0.0,onshore_wind_turbine
11,63,0.0,small_hydroelectric
24,63,0.0,small_hydroelectric
32,63,0.0,small_hydroelectric
39,63,0.0,small_hydroelectric
51,63,0.0,small_hydroelectric
64,63,0.0,small_hydroelectric
81,63,0.0,small_hydroelectric
95,63,0.0,small_hydroelectric
106,63,0.0,small_hydroelectric
125,63,0.0,small_hydroelectric
137,63,0.0,small_hydroelectric
145,63,0.0,small_hydroelectric
12,63,0.0,solar_photovoltaic
25,63,0.0,solar_photovoltaic
33,63,0.0,solar_photovoltaic
52,63,0.0,solar_photovoltaic
65,63,0.0,solar_photovoltaic
82,63,0.0,solar_photovoltaic
96,63,0.0,solar_photovoltaic
107,63,16519.9369982325,solar_photovoltaic
126,63,32967.3524503155,solar_photovoltaic
138,63,3280.28624,solar_photovoltaic
26,64,0.0,biomass
13,64,0.0,biomass
108,64,0.0,biomass
40,64,0.0,biomass
97,64,0.0,biomass
1,64,0.0,biomass
66,64,0.0,biomass
2,64,0.0,conventional_hydroelectric
14,64,0.0,conventional_hydroelectric
27,64,272.05853760000014,conventional_hydroelectric
35,64,4.2459471999998755,conventional_hydroelectric
54,64,234.69674580000014,conventional_hydroelectric
67,64,0.0,conventional_hydroelectric
84,64,3320.755385400001,conventional_hydroelectric
109,64,0.0,conventional_hydroelectric
128,64,1.927859999999999,conventional_hydroelectric
139,64,0.0,conventional_hydroelectric
110,64,0.0,conventional_steam_coal
41,64,0.0,conventional_steam_coal
3,64,0.0,conventional_steam_coal
36,64,0.0,conventional_steam_coal
85,64,0.0,conventional_steam_coal
28,64,0.0,geothermal
116,64,0.0,natural_gas_fired_combined_cycle
73,64,0.0,natural_gas_fired_combined_cycle
71,64,0.0,natural_gas_fired_combined_cycle
44,64,0.0,natural_gas_fired_combined_cycle
115,64,0.0,natural_gas_fired_combined_cycle
70,64,0.0,natural_gas_fired_combined_cycle
131,64,0.0,natural_gas_fired_combined_cycle
18,64,0.0,natural_gas_fired_combined_cycle
72,64,0.0,natural_gas_fired_combined_cycle
114,64,0.0,natural_gas_fired_combined_cycle
45,64,0.0,natural_gas_fired_combined_cycle
78,64,0.0,natural_gas_fired_combustion_turbine
75,64,0.0,natural_gas_fired_combustion_turbine
119,64,0.0,natural_gas_fired_combustion_turbine
117,64,0.0,natural_gas_fired_combustion_turbine
134,64,0.0,natural_gas_fired_combustion_turbine
103,64,0.0,natural_gas_fired_combustion_turbine
47,64,0.0,natural_gas_fired_combustion_turbine
8,64,0.0,natural_gas_fired_combustion_turbine
90,64,0.0,natural_gas_fired_combustion_turbine
60,64,0.0,natural_gas_fired_combustion_turbine
46,64,0.0,natural_gas_fired_combustion_turbine
37,64,0.0,natural_gas_fired_combustion_turbine
7,64,0.0,natural_gas_fired_combustion_turbine
133,64,0.0,natural_gas_fired_combustion_turbine
74,64,0.0,natural_gas_fired_combustion_turbine
20,64,0.0,natural_gas_fired_combustion_turbine
135,64,0.0,natural_gas_fired_combustion_turbine
142,64,0.0,natural_gas_fired_combustion_turbine
121,64,0.0,natural_gas_fired_combustion_turbine
91,64,0.0,natural_gas_fired_combustion_turbine
22,64,0.0,natural_gas_steam_turbine
123,64,0.0,natural_gas_steam_turbine
62,64,0.0,natural_gas_steam_turbine
49,64,0.0,natural_gas_steam_turbine
48,64,0.0,natural_gas_steam_turbine
21,64,0.0,natural_gas_steam_turbine
79,64,0.0,nuclear
10,64,0.0,onshore_wind_turbine
23,64,8353.6222,onshore_wind_turbine
31,64,8753.58652,onshore_wind_turbine
38,64,4000.905304407017,onshore_wind_turbine
50,64,5060.6262,onshore_wind_turbine
63,64,0.0,onshore_wind_turbine
80,64,0.0,onshore_wind_turbine
94,64,0.0,onshore_wind_turbine
105,64,0.0,onshore_wind_turbine
124,64,0.0,onshore_wind_turbine
136,64,0.0,onshore_wind_turbine
144,64,0.0,onshore_wind_turbine
11,64,0.0,small_hydroelectric
24,64,0.0,small_hydroelectric
32,64,0.0,small_hydroelectric
39,64,0.0,small_hydroelectric
51,64,0.0,small_hydroelectric
64,64,0.0,small_hydroelectric
81,64,0.0,small_hydroelectric
95,64,0.0,small_hydroelectric
106,64,0.0,small_hydroelectric
125,64,0.0,small_hydroelectric
137,64,0.0,small_hydroelectric
145,64,0.0,small_hydroelectric
12,64,0.0,solar_photovoltaic
25,64,0.0,solar_photovoltaic
33,64,0.0,solar_photovoltaic
52,64,0.0,solar_photovoltaic
65,64,15820.216991344501,solar_photovoltaic
82,64,12732.03022,solar_photovoltaic
96,64,0.0,solar_photovoltaic
107,64,15014.7678209585,solar_photovoltaic
126,64,30736.347897289997,solar_photovoltaic
138,64,3095.8158,solar_photovoltaic
26,65,0.0,biomass
13,65,0.0,biomass
108,65,0.0,biomass
40,65,0.0,biomass
97,65,0.0,biomass
1,65,0.0,biomass
66,65,0.0,biomass
2,65,174.5905055999998,conventional_hydroelectric
14,65,11.571938399999993,conventional_hydroelectric
27,65,389.1791736000001,conventional_hydroelectric
35,65,211.5480751999999,conventional_hydroelectric
54,65,320.96702880000015,conventional_hydroelectric
67,65,0.0,conventional_hydroelectric
84,65,5732.152559400001,conventional_hydroelectric
109,65,0.0,conventional_hydroelectric
128,65,14.52726,conventional_hydroelectric
139,65,0.0,conventional_hydroelectric
110,65,0.0,conventional_steam_coal
41,65,0.0,conventional_steam_coal
3,65,0.0,conventional_steam_coal
36,65,0.0,conventional_steam_coal
85,65,0.0,conventional_steam_coal
28,65,0.0,geothermal
116,65,0.0,natural_gas_fired_combined_cycle
73,65,0.0,natural_gas_fired_combined_cycle
71,65,0.0,natural_gas_fired_combined_cycle
44,65,0.0,natural_gas_fired_combined_cycle
115,65,0.0,natural_gas_fired_combined_cycle
70,65,0.0,natural_gas_fired_combined_cycle
131,65,0.0,natural_gas_fired_combined_cycle
18,65,0.0,natural_gas_fired_combined_cycle
72,65,0.0,natural_gas_fired_combined_cycle
114,65,0.0,natural_gas_fired_combined_cycle
45,65,0.0,natural_gas_fired_combined_cycle
78,65,0.0,natural_gas_fired_combustion_turbine
75,65,0.0,natural_gas_fired_combustion_turbine
119,65,0.0,natural_gas_fired_combustion_turbine
117,65,0.0,natural_gas_fired_combustion_turbine
134,65,0.0,natural_gas_fired_combustion_turbine
103,65,0.0,natural_gas_fired_combustion_turbine
47,65,0.0,natural_gas_fired_combustion_turbine
8,65,0.0,natural_gas_fired_combustion_turbine
90,65,0.0,natural_gas_fired_combustion_turbine
60,65,0.0,natural_gas_fired_combustion_turbine
46,65,0.0,natural_gas_fired_combustion_turbine
37,65,0.0,natural_gas_fired_combustion_turbine
7,65,0.0,natural_gas_fired_combustion_turbine
133,65,0.0,natural_gas_fired_combustion_turbine
74,65,0.0,natural_gas_fired_combustion_turbine
20,65,0.0,natural_gas_fired_combustion_turbine
135,65,0.0,natural_gas_fired_combustion_turbine
142,65,0.0,natural_gas_fired_combustion_turbine
121,65,0.0,natural_gas_fired_combustion_turbine
91,65,0.0,natural_gas_fired_combustion_turbine
22,65,0.0,natural_gas_steam_turbine
123,65,0.0,natural_gas_steam_turbine
62,65,0.0,natural_gas_steam_turbine
49,65,0.0,natural_gas_steam_turbine
48,65,0.0,natural_gas_steam_turbine
21,65,0.0,natural_gas_steam_turbine
79,65,0.0,nuclear
10,65,0.0,onshore_wind_turbine
23,65,8709.5316,onshore_wind_turbine
31,65,8966.13291,onshore_wind_turbine
38,65,4653.4656,onshore_wind_turbine
50,65,3727.367461252443,onshore_wind_turbine
63,65,0.0,onshore_wind_turbine
80,65,0.0,onshore_wind_turbine
94,65,0.0,onshore_wind_turbine
105,65,0.0,onshore_wind_turbine
124,65,0.0,onshore_wind_turbine
136,65,0.0,onshore_wind_turbine
144,65,0.0,onshore_wind_turbine
11,65,0.0,small_hydroelectric
24,65,0.0,small_hydroelectric
32,65,0.0,small_hydroelectric
39,65,0.0,small_hydroelectric
51,65,0.0,small_hydroelectric
64,65,0.0,small_hydroelectric
81,65,0.0,small_hydroelectric
95,65,0.0,small_hydroelectric
106,65,0.0,small_hydroelectric
125,65,0.0,small_hydroelectric
137,65,0.0,small_hydroelectric
145,65,0.0,small_hydroelectric
12,65,0.0,solar_photovoltaic
25,65,0.0,solar_photovoltaic
33,65,0.0,solar_photovoltaic
52,65,0.0,solar_photovoltaic
65,65,12420.741830501902,solar_photovoltaic
82,65,0.0,solar_photovoltaic
96,65,0.0,solar_photovoltaic
107,65,0.0,solar_photovoltaic
126,65,25220.265349846,solar_photovoltaic
138,65,2340.5828599999995,solar_photovoltaic
26,66,0.0,biomass
13,66,0.0,biomass
108,66,0.0,biomass
40,66,0.0,biomass
97,66,0.0,biomass
1,66,0.0,biomass
66,66,0.0,biomass
2,66,403.8786695999998,conventional_hydroelectric
14,66,50.61547039999999,conventional_hydroelectric
27,66,506.2998096000001,conventional_hydroelectric
35,66,418.8502031999999,conventional_hydroelectric
54,66,407.23731180000016,conventional_hydroelectric
67,66,603.742581,conventional_hydroelectric
84,66,8143.549733400001,conventional_hydroelectric
109,66,0.0,conventional_hydroelectric
128,66,27.12666,conventional_hydroelectric
139,66,19.330368,conventional_hydroelectric
110,66,0.0,conventional_steam_coal
41,66,0.0,conventional_steam_coal
3,66,0.0,conventional_steam_coal
36,66,0.0,conventional_steam_coal
85,66,0.0,conventional_steam_coal
28,66,0.0,geothermal
116,66,0.0,natural_gas_fired_combined_cycle
73,66,0.0,natural_gas_fired_combined_cycle
71,66,0.0,natural_gas_fired_combined_cycle
44,66,0.0,natural_gas_fired_combined_cycle
115,66,0.0,natural_gas_fired_combined_cycle
70,66,0.0,natural_gas_fired_combined_cycle
131,66,0.0,natural_gas_fired_combined_cycle
18,66,0.0,natural_gas_fired_combined_cycle
72,66,0.0,natural_gas_fired_combined_cycle
114,66,0.0,natural_gas_fired_combined_cycle
45,66,0.0,natural_gas_fired_combined_cycle
78,66,0.0,natural_gas_fired_combustion_turbine
75,66,0.0,natural_gas_fired_combustion_turbine
119,66,0.0,natural_gas_fired_combustion_turbine
117,66,0.0,natural_gas_fired_combustion_turbine
134,66,0.0,natural_gas_fired_combustion_turbine
103,66,0.0,natural_gas_fired_combustion_turbine
47,66,0.0,natural_gas_fired_combustion_turbine
8,66,0.0,natural_gas_fired_combustion_turbine
90,66,0.0,natural_gas_fired_combustion_turbine
60,66,0.0,natural_gas_fired_combustion_turbine
46,66,0.0,natural_gas_fired_combustion_turbine
37,66,0.0,natural_gas_fired_combustion_turbine
7,66,0.0,natural_gas_fired_combustion_turbine
133,66,0.0,natural_gas_fired_combustion_turbine
74,66,0.0,natural_gas_fired_combustion_turbine
20,66,0.0,natural_gas_fired_combustion_turbine
135,66,0.0,natural_gas_fired_combustion_turbine
142,66,0.0,natural_gas_fired_combustion_turbine
121,66,0.0,natural_gas_fired_combustion_turbine
91,66,0.0,natural_gas_fired_combustion_turbine
22,66,0.0,natural_gas_steam_turbine
123,66,0.0,natural_gas_steam_turbine
62,66,0.0,natural_gas_steam_turbine
49,66,0.0,natural_gas_steam_turbine
48,66,0.0,natural_gas_steam_turbine
21,66,0.0,natural_gas_steam_turbine
79,66,1851.49975,nuclear
10,66,211.80936,onshore_wind_turbine
23,66,6313.1992,onshore_wind_turbine
31,66,8416.36208,onshore_wind_turbine
38,66,4726.744049999999,onshore_wind_turbine
50,66,3070.2487199999996,onshore_wind_turbine
63,66,13.529040358399998,onshore_wind_turbine
80,66,335.48452,onshore_wind_turbine
94,66,16969.369199999997,onshore_wind_turbine
105,66,106.928638635,onshore_wind_turbine
124,66,2954.0052645334004,onshore_wind_turbine
136,66,4078.9150500000005,onshore_wind_turbine
144,66,7613.020799999998,onshore_wind_turbine
11,66,0.0,small_hydroelectric
24,66,0.0,small_hydroelectric
32,66,0.0,small_hydroelectric
39,66,0.0,small_hydroelectric
51,66,0.0,small_hydroelectric
64,66,0.0,small_hydroelectric
81,66,0.0,small_hydroelectric
95,66,0.0,small_hydroelectric
106,66,0.0,small_hydroelectric
125,66,0.0,small_hydroelectric
137,66,0.0,small_hydroelectric
145,66,0.0,small_hydroelectric
12,66,3348.94266,solar_photovoltaic
25,66,161.42111999999997,solar_photovoltaic
33,66,177.81050000000002,solar_photovoltaic
52,66,453.41408000000007,solar_photovoltaic
65,66,6608.4526246151,solar_photovoltaic
82,66,6518.19077,solar_photovoltaic
96,66,159.12518999999998,solar_photovoltaic
107,66,6481.592045831,solar_photovoltaic
126,66,15501.647201547501,solar_photovoltaic
138,66,1032.39521,solar_photovoltaic
26,67,11.235,biomass
13,67,15.682,biomass
108,67,137.081,biomass
40,67,5.952,biomass
97,67,178.173,biomass
1,67,16.294,biomass
66,67,228.795,biomass
2,67,633.1668335999998,conventional_hydroelectric
14,67,89.65900239999999,conventional_hydroelectric
27,67,623.4204456000001,conventional_hydroelectric
35,67,626.1523311999999,conventional_hydroelectric
54,67,493.50759480000016,conventional_hydroelectric
67,67,1207.485162,conventional_hydroelectric
84,67,10554.9469074,conventional_hydroelectric
109,67,107.76396152340001,conventional_hydroelectric
128,67,39.726060000000004,conventional_hydroelectric
139,67,38.660736,conventional_hydroelectric
110,67,28.499999999999996,conventional_steam_coal
41,67,7219.002,conventional_steam_coal
3,67,6270.596377296901,conventional_steam_coal
36,67,0.0,conventional_steam_coal
85,67,0.0,conventional_steam_coal
28,67,74.364,geothermal
116,67,0.0,natural_gas_fired_combined_cycle
73,67,0.0,natural_gas_fired_combined_cycle
71,67,0.0,natural_gas_fired_combined_cycle
44,67,0.0,natural_gas_fired_combined_cycle
115,67,0.0,natural_gas_fired_combined_cycle
70,67,0.0,natural_gas_fired_combined_cycle
131,67,0.0,natural_gas_fired_combined_cycle
18,67,0.0,natural_gas_fired_combined_cycle
72,67,0.0,natural_gas_fired_combined_cycle
114,67,0.0,natural_gas_fired_combined_cycle
45,67,0.0,natural_gas_fired_combined_cycle
78,67,0.0,natural_gas_fired_combustion_turbine
75,67,0.0,natural_gas_fired_combustion_turbine
119,67,0.0,natural_gas_fired_combustion_turbine
117,67,0.0,natural_gas_fired_combustion_turbine
134,67,0.0,natural_gas_fired_combustion_turbine
103,67,0.0,natural_gas_fired_combustion_turbine
47,67,0.0,natural_gas_fired_combustion_turbine
8,67,0.0,natural_gas_fired_combustion_turbine
90,67,0.0,natural_gas_fired_combustion_turbine
60,67,0.0,natural_gas_fired_combustion_turbine
46,67,0.0,natural_gas_fired_combustion_turbine
37,67,0.0,natural_gas_fired_combustion_turbine
7,67,0.0,natural_gas_fired_combustion_turbine
133,67,0.0,natural_gas_fired_combustion_turbine
74,67,0.0,natural_gas_fired_combustion_turbine
20,67,0.0,natural_gas_fired_combustion_turbine
135,67,0.0,natural_gas_fired_combustion_turbine
142,67,0.0,natural_gas_fired_combustion_turbine
121,67,0.0,natural_gas_fired_combustion_turbine
91,67,0.0,natural_gas_fired_combustion_turbine
22,67,0.0,natural_gas_steam_turbine
123,67,0.0,natural_gas_steam_turbine
62,67,0.0,natural_gas_steam_turbine
49,67,0.0,natural_gas_steam_turbine
48,67,0.0,natural_gas_steam_turbine
21,67,0.0,natural_gas_steam_turbine
79,67,3702.9995,nuclear
10,67,334.82449,onshore_wind_turbine
23,67,2755.9686,onshore_wind_turbine
31,67,6496.320110000001,onshore_wind_turbine
38,67,3923.52135,onshore_wind_turbine
50,67,3659.63892,onshore_wind_turbine
63,67,71.33196028559999,onshore_wind_turbine
80,67,87.35607999999999,onshore_wind_turbine
94,67,4200.0476,onshore_wind_turbine
105,67,11.728641666,onshore_wind_turbine
124,67,5636.722146378401,onshore_wind_turbine
136,67,3588.7257000000004,onshore_wind_turbine
144,67,6391.044449999999,onshore_wind_turbine
11,67,19.125,small_hydroelectric
24,67,62.577,small_hydroelectric
32,67,192.0,small_hydroelectric
39,67,52.9,small_hydroelectric
51,67,25.641,small_hydroelectric
64,67,6.128,small_hydroelectric
81,67,241.672,small_hydroelectric
95,67,418.922,small_hydroelectric
106,67,31.614,small_hydroelectric
125,67,100.697,small_hydroelectric
137,67,36.822,small_hydroelectric
145,67,33.21,small_hydroelectric
12,67,0.0,solar_photovoltaic
25,67,0.0,solar_photovoltaic
33,67,0.0,solar_photovoltaic
52,67,0.0,solar_photovoltaic
65,67,8.715214543,solar_photovoltaic
82,67,583.34003,solar_photovoltaic
96,67,0.0,solar_photovoltaic
107,67,0.0,solar_photovoltaic
126,67,359.93999807499995,solar_photovoltaic
138,67,0.0,solar_photovoltaic
26,68,11.235,biomass
13,68,15.682,biomass
108,68,137.081,biomass
40,68,5.952,biomass
97,68,178.173,biomass
1,68,16.294,biomass
66,68,228.795,biomass
2,68,862.4549975999998,conventional_hydroelectric
14,68,128.7025344,conventional_hydroelectric
27,68,740.5410816000001,conventional_hydroelectric
35,68,833.4544592,conventional_hydroelectric
54,68,579.7778778000002,conventional_hydroelectric
67,68,1425.5510466674878,conventional_hydroelectric
84,68,12966.3440814,conventional_hydroelectric
109,68,107.76396152340001,conventional_hydroelectric
128,68,52.32546000000001,conventional_hydroelectric
139,68,47.5340736,conventional_hydroelectric
110,68,50.0,conventional_steam_coal
41,68,7219.002,conventional_steam_coal
3,68,5113.427983551912,conventional_steam_coal
36,68,0.0,conventional_steam_coal
85,68,0.0,conventional_steam_coal
28,68,74.364,geothermal
116,68,0.0,natural_gas_fired_combined_cycle
73,68,0.0,natural_gas_fired_combined_cycle
71,68,0.0,natural_gas_fired_combined_cycle
44,68,0.0,natural_gas_fired_combined_cycle
115,68,0.0,natural_gas_fired_combined_cycle
70,68,0.0,natural_gas_fired_combined_cycle
131,68,0.0,natural_gas_fired_combined_cycle
18,68,0.0,natural_gas_fired_combined_cycle
72,68,0.0,natural_gas_fired_combined_cycle
114,68,0.0,natural_gas_fired_combined_cycle
45,68,0.0,natural_gas_fired_combined_cycle
78,68,0.0,natural_gas_fired_combustion_turbine
75,68,0.0,natural_gas_fired_combustion_turbine
119,68,0.0,natural_gas_fired_combustion_turbine
117,68,0.0,natural_gas_fired_combustion_turbine
134,68,0.0,natural_gas_fired_combustion_turbine
103,68,0.0,natural_gas_fired_combustion_turbine
47,68,0.0,natural_gas_fired_combustion_turbine
8,68,0.0,natural_gas_fired_combustion_turbine
90,68,0.0,natural_gas_fired_combustion_turbine
60,68,0.0,natural_gas_fired_combustion_turbine
46,68,0.0,natural_gas_fired_combustion_turbine
37,68,0.0,natural_gas_fired_combustion_turbine
7,68,0.0,natural_gas_fired_combustion_turbine
133,68,0.0,natural_gas_fired_combustion_turbine
74,68,0.0,natural_gas_fired_combustion_turbine
20,68,0.0,natural_gas_fired_combustion_turbine
135,68,0.0,natural_gas_fired_combustion_turbine
142,68,0.0,natural_gas_fired_combustion_turbine
121,68,0.0,natural_gas_fired_combustion_turbine
91,68,0.0,natural_gas_fired_combustion_turbine
22,68,0.0,natural_gas_steam_turbine
123,68,0.0,natural_gas_steam_turbine
62,68,0.0,natural_gas_steam_turbine
49,68,0.0,natural_gas_steam_turbine
48,68,0.0,natural_gas_steam_turbine
21,68,0.0,natural_gas_steam_turbine
79,68,5554.49925,nuclear
10,68,348.33274,onshore_wind_turbine
23,68,2090.7347999999997,onshore_wind_turbine
31,68,5344.53241,onshore_wind_turbine
38,68,2962.38075,onshore_wind_turbine
50,68,3152.89884,onshore_wind_turbine
63,68,51.4049202856,onshore_wind_turbine
80,68,183.07603999999998,onshore_wind_turbine
94,68,3096.7075999999997,onshore_wind_turbine
105,68,1.5232013580000001,onshore_wind_turbine
124,68,10293.6276810136,onshore_wind_turbine
136,68,3371.0636400000008,onshore_wind_turbine
144,68,5984.43993,onshore_wind_turbine
11,68,19.125,small_hydroelectric
24,68,62.577,small_hydroelectric
32,68,192.0,small_hydroelectric
39,68,52.9,small_hydroelectric
51,68,25.641,small_hydroelectric
64,68,6.128,small_hydroelectric
81,68,241.672,small_hydroelectric
95,68,418.922,small_hydroelectric
106,68,31.614,small_hydroelectric
125,68,100.697,small_hydroelectric
137,68,36.822,small_hydroelectric
145,68,33.21,small_hydroelectric
12,68,0.0,solar_photovoltaic
25,68,0.0,solar_photovoltaic
33,68,0.0,solar_photovoltaic
52,68,0.0,solar_photovoltaic
65,68,0.0,solar_photovoltaic
82,68,0.0,solar_photovoltaic
96,68,0.0,solar_photovoltaic
107,68,0.0,solar_photovoltaic
126,68,0.0,solar_photovoltaic
138,68,0.0,solar_photovoltaic
26,69,11.235,biomass
13,69,15.682,biomass
108,69,137.081,biomass
40,69,5.952,biomass
97,69,178.173,biomass
1,69,16.294,biomass
66,69,228.795,biomass
2,69,862.4549975999998,conventional_hydroelectric
14,69,128.7025344,conventional_hydroelectric
27,69,857.6617176000001,conventional_hydroelectric
35,69,833.4544592,conventional_hydroelectric
54,69,666.0481608000001,conventional_hydroelectric
67,69,1425.5510466674878,conventional_hydroelectric
84,69,15377.7412554,conventional_hydroelectric
109,69,107.76396152340001,conventional_hydroelectric
128,69,52.32546000000001,conventional_hydroelectric
139,69,47.5340736,conventional_hydroelectric
110,69,50.0,conventional_steam_coal
41,69,7219.002,conventional_steam_coal
3,69,13122.49057355191,conventional_steam_coal
36,69,0.0,conventional_steam_coal
85,69,0.0,conventional_steam_coal
28,69,74.364,geothermal
116,69,0.0,natural_gas_fired_combined_cycle
73,69,0.0,natural_gas_fired_combined_cycle
71,69,0.0,natural_gas_fired_combined_cycle
44,69,0.0,natural_gas_fired_combined_cycle
115,69,0.0,natural_gas_fired_combined_cycle
70,69,0.0,natural_gas_fired_combined_cycle
131,69,0.0,natural_gas_fired_combined_cycle
18,69,0.0,natural_gas_fired_combined_cycle
72,69,0.0,natural_gas_fired_combined_cycle
114,69,0.0,natural_gas_fired_combined_cycle
45,69,0.0,natural_gas_fired_combined_cycle
78,69,0.0,natural_gas_fired_combustion_turbine
75,69,0.0,natural_gas_fired_combustion_turbine
119,69,0.0,natural_gas_fired_combustion_turbine
117,69,0.0,natural_gas_fired_combustion_turbine
134,69,0.0,natural_gas_fired_combustion_turbine
103,69,0.0,natural_gas_fired_combustion_turbine
47,69,0.0,natural_gas_fired_combustion_turbine
8,69,0.0,natural_gas_fired_combustion_turbine
90,69,0.0,natural_gas_fired_combustion_turbine
60,69,0.0,natural_gas_fired_combustion_turbine
46,69,0.0,natural_gas_fired_combustion_turbine
37,69,0.0,natural_gas_fired_combustion_turbine
7,69,0.0,natural_gas_fired_combustion_turbine
133,69,0.0,natural_gas_fired_combustion_turbine
74,69,0.0,natural_gas_fired_combustion_turbine
20,69,0.0,natural_gas_fired_combustion_turbine
135,69,0.0,natural_gas_fired_combustion_turbine
142,69,0.0,natural_gas_fired_combustion_turbine
121,69,0.0,natural_gas_fired_combustion_turbine
91,69,0.0,natural_gas_fired_combustion_turbine
22,69,0.0,natural_gas_steam_turbine
123,69,0.0,natural_gas_steam_turbine
62,69,0.0,natural_gas_steam_turbine
49,69,0.0,natural_gas_steam_turbine
48,69,0.0,natural_gas_steam_turbine
21,69,0.0,natural_gas_steam_turbine
79,69,7405.999,nuclear
10,69,412.99223000000006,onshore_wind_turbine
23,69,1576.4363999999998,onshore_wind_turbine
31,69,4458.72455,onshore_wind_turbine
38,69,2945.33925,onshore_wind_turbine
50,69,2649.5460599999997,onshore_wind_turbine
63,69,51.554440027999995,onshore_wind_turbine
80,69,434.92175999999995,onshore_wind_turbine
94,69,3622.6330000000003,onshore_wind_turbine
105,69,212.453918838,onshore_wind_turbine
124,69,13004.584731384402,onshore_wind_turbine
136,69,3474.49809,onshore_wind_turbine
144,69,5951.998079999999,onshore_wind_turbine
11,69,19.125,small_hydroelectric
24,69,62.577,small_hydroelectric
32,69,192.0,small_hydroelectric
39,69,52.9,small_hydroelectric
51,69,25.641,small_hydroelectric
64,69,6.128,small_hydroelectric
81,69,241.672,small_hydroelectric
95,69,418.922,small_hydroelectric
106,69,31.614,small_hydroelectric
125,69,100.697,small_hydroelectric
137,69,36.822,small_hydroelectric
145,69,33.21,small_hydroelectric
12,69,0.0,solar_photovoltaic
25,69,0.0,solar_photovoltaic
33,69,0.0,solar_photovoltaic
52,69,0.0,solar_photovoltaic
65,69,0.0,solar_photovoltaic
82,69,0.0,solar_photovoltaic
96,69,0.0,solar_photovoltaic
107,69,0.0,solar_photovoltaic
126,69,0.0,solar_photovoltaic
138,69,0.0,solar_photovoltaic
26,70,11.235,biomass
13,70,15.682,biomass
108,70,137.081,biomass
40,70,5.952,biomass
97,70,178.173,biomass
1,70,16.294,biomass
66,70,228.795,biomass
2,70,862.4549975999998,conventional_hydroelectric
14,70,128.7025344,conventional_hydroelectric
27,70,857.6617176000001,conventional_hydroelectric
35,70,833.4544592,conventional_hydroelectric
54,70,666.0481608000001,conventional_hydroelectric
67,70,1425.5510466674878,conventional_hydroelectric
84,70,15377.7412554,conventional_hydroelectric
109,70,107.76396152340001,conventional_hydroelectric
128,70,52.32546000000001,conventional_hydroelectric
139,70,47.5340736,conventional_hydroelectric
110,70,50.0,conventional_steam_coal
41,70,7219.002,conventional_steam_coal
3,70,9888.8721821887,conventional_steam_coal
36,70,0.0,conventional_steam_coal
85,70,0.0,conventional_steam_coal
28,70,74.364,geothermal
116,70,0.0,natural_gas_fired_combined_cycle
73,70,0.0,natural_gas_fired_combined_cycle
71,70,0.0,natural_gas_fired_combined_cycle
44,70,0.0,natural_gas_fired_combined_cycle
115,70,0.0,natural_gas_fired_combined_cycle
70,70,0.0,natural_gas_fired_combined_cycle
131,70,0.0,natural_gas_fired_combined_cycle
18,70,0.0,natural_gas_fired_combined_cycle
72,70,0.0,natural_gas_fired_combined_cycle
114,70,0.0,natural_gas_fired_combined_cycle
45,70,0.0,natural_gas_fired_combined_cycle
78,70,0.0,natural_gas_fired_combustion_turbine
75,70,0.0,natural_gas_fired_combustion_turbine
119,70,0.0,natural_gas_fired_combustion_turbine
117,70,0.0,natural_gas_fired_combustion_turbine
134,70,0.0,natural_gas_fired_combustion_turbine
103,70,0.0,natural_gas_fired_combustion_turbine
47,70,0.0,natural_gas_fired_combustion_turbine
8,70,0.0,natural_gas_fired_combustion_turbine
90,70,0.0,natural_gas_fired_combustion_turbine
60,70,0.0,natural_gas_fired_combustion_turbine
46,70,0.0,natural_gas_fired_combustion_turbine
37,70,0.0,natural_gas_fired_combustion_turbine
7,70,0.0,natural_gas_fired_combustion_turbine
133,70,0.0,natural_gas_fired_combustion_turbine
74,70,0.0,natural_gas_fired_combustion_turbine
20,70,0.0,natural_gas_fired_combustion_turbine
135,70,0.0,natural_gas_fired_combustion_turbine
142,70,0.0,natural_gas_fired_combustion_turbine
121,70,0.0,natural_gas_fired_combustion_turbine
91,70,0.0,natural_gas_fired_combustion_turbine
22,70,0.0,natural_gas_steam_turbine
123,70,0.0,natural_gas_steam_turbine
62,70,0.0,natural_gas_steam_turbine
49,70,0.0,natural_gas_steam_turbine
48,70,0.0,natural_gas_steam_turbine
21,70,0.0,natural_gas_steam_turbine
79,70,7405.999,nuclear
10,70,372.8277,onshore_wind_turbine
23,70,955.9241999999999,onshore_wind_turbine
31,70,5197.29357,onshore_wind_turbine
38,70,2444.8872,onshore_wind_turbine
50,70,2398.2083999999995,onshore_wind_turbine
63,70,43.4747601176,onshore_wind_turbine
80,70,528.7830799999999,onshore_wind_turbine
94,70,3258.5308,onshore_wind_turbine
105,70,338.364881064,onshore_wind_turbine
124,70,14997.952469838801,onshore_wind_turbine
136,70,3490.6878300000003,onshore_wind_turbine
144,70,6966.346589999999,onshore_wind_turbine
11,70,19.125,small_hydroelectric
24,70,62.577,small_hydroelectric
32,70,192.0,small_hydroelectric
39,70,52.9,small_hydroelectric
51,70,25.641,small_hydroelectric
64,70,6.128,small_hydroelectric
81,70,241.672,small_hydroelectric
95,70,418.922,small_hydroelectric
106,70,31.614,small_hydroelectric
125,70,100.697,small_hydroelectric
137,70,36.822,small_hydroelectric
145,70,33.21,small_hydroelectric
12,70,0.0,solar_photovoltaic
25,70,0.0,solar_photovoltaic
33,70,0.0,solar_photovoltaic
52,70,0.0,solar_photovoltaic
65,70,0.0,solar_photovoltaic
82,70,0.0,solar_photovoltaic
96,70,0.0,solar_photovoltaic
107,70,0.0,solar_photovoltaic
126,70,0.0,solar_photovoltaic
138,70,0.0,solar_photovoltaic
26,71,11.235,biomass
13,71,15.682,biomass
108,71,137.081,biomass
40,71,5.952,biomass
97,71,178.173,biomass
1,71,16.294,biomass
66,71,228.795,biomass
2,71,862.4549975999998,conventional_hydroelectric
14,71,128.7025344,conventional_hydroelectric
27,71,857.6617176000001,conventional_hydroelectric
35,71,833.4544592,conventional_hydroelectric
54,71,666.0481608000001,conventional_hydroelectric
67,71,1425.5510466674878,conventional_hydroelectric
84,71,15377.7412554,conventional_hydroelectric
109,71,107.76396152340001,conventional_hydroelectric
128,71,52.32546000000001,conventional_hydroelectric
139,71,47.5340736,conventional_hydroelectric
110,71,50.0,conventional_steam_coal
41,71,7219.002,conventional_steam_coal
3,71,7248.572195063929,conventional_steam_coal
36,71,0.0,conventional_steam_coal
85,71,0.0,conventional_steam_coal
28,71,74.364,geothermal
116,71,0.0,natural_gas_fired_combined_cycle
73,71,0.0,natural_gas_fired_combined_cycle
71,71,0.0,natural_gas_fired_combined_cycle
44,71,0.0,natural_gas_fired_combined_cycle
115,71,0.0,natural_gas_fired_combined_cycle
70,71,0.0,natural_gas_fired_combined_cycle
131,71,0.0,natural_gas_fired_combined_cycle
18,71,0.0,natural_gas_fired_combined_cycle
72,71,0.0,natural_gas_fired_combined_cycle
114,71,0.0,natural_gas_fired_combined_cycle
45,71,0.0,natural_gas_fired_combined_cycle
78,71,0.0,natural_gas_fired_combustion_turbine
75,71,0.0,natural_gas_fired_combustion_turbine
119,71,0.0,natural_gas_fired_combustion_turbine
117,71,0.0,natural_gas_fired_combustion_turbine
134,71,0.0,natural_gas_fired_combustion_turbine
103,71,0.0,natural_gas_fired_combustion_turbine
47,71,0.0,natural_gas_fired_combustion_turbine
8,71,0.0,natural_gas_fired_combustion_turbine
90,71,0.0,natural_gas_fired_combustion_turbine
60,71,0.0,natural_gas_fired_combustion_turbine
46,71,0.0,natural_gas_fired_combustion_turbine
37,71,0.0,natural_gas_fired_combustion_turbine
7,71,0.0,natural_gas_fired_combustion_turbine
133,71,0.0,natural_gas_fired_combustion_turbine
74,71,0.0,natural_gas_fired_combustion_turbine
20,71,0.0,natural_gas_fired_combustion_turbine
135,71,0.0,natural_gas_fired_combustion_turbine
142,71,0.0,natural_gas_fired_combustion_turbine
121,71,0.0,natural_gas_fired_combustion_turbine
91,71,0.0,natural_gas_fired_combustion_turbine
22,71,0.0,natural_gas_steam_turbine
123,71,0.0,natural_gas_steam_turbine
62,71,0.0,natural_gas_steam_turbine
49,71,0.0,natural_gas_steam_turbine
48,71,0.0,natural_gas_steam_turbine
21,71,0.0,natural_gas_steam_turbine
79,71,7405.999,nuclear
10,71,347.25208000000003,onshore_wind_turbine
23,71,441.62579999999997,onshore_wind_turbine
31,71,5783.87411,onshore_wind_turbine
38,71,1732.5525,onshore_wind_turbine
50,71,2241.71514,onshore_wind_turbine
63,71,34.6959197704,onshore_wind_turbine
80,71,97.5786,onshore_wind_turbine
94,71,2993.7292,onshore_wind_turbine
105,71,77.87934021000001,onshore_wind_turbine
124,71,12203.922018164802,onshore_wind_turbine
136,71,3311.7012600000007,onshore_wind_turbine
144,71,7935.27651,onshore_wind_turbine
11,71,19.125,small_hydroelectric
24,71,62.577,small_hydroelectric
32,71,192.0,small_hydroelectric
39,71,52.9,small_hydroelectric
51,71,25.641,small_hydroelectric
64,71,6.128,small_hydroelectric
81,71,241.672,small_hydroelectric
95,71,418.922,small_hydroelectric
106,71,31.614,small_hydroelectric
125,71,100.697,small_hydroelectric
137,71,36.822,small_hydroelectric
145,71,33.21,small_hydroelectric
12,71,0.0,solar_photovoltaic
25,71,0.0,solar_photovoltaic
33,71,0.0,solar_photovoltaic
52,71,0.0,solar_photovoltaic
65,71,0.0,solar_photovoltaic
82,71,0.0,solar_photovoltaic
96,71,0.0,solar_photovoltaic
107,71,0.0,solar_photovoltaic
126,71,0.0,solar_photovoltaic
138,71,0.0,solar_photovoltaic
26,72,11.235,biomass
13,72,15.682,biomass
108,72,137.081,biomass
40,72,5.952,biomass
97,72,178.173,biomass
1,72,16.294,biomass
66,72,228.795,biomass
2,72,862.4549975999998,conventional_hydroelectric
14,72,128.7025344,conventional_hydroelectric
27,72,857.6617176000001,conventional_hydroelectric
35,72,833.4544592,conventional_hydroelectric
54,72,666.0481608000001,conventional_hydroelectric
67,72,1425.5510466674878,conventional_hydroelectric
84,72,15377.7412554,conventional_hydroelectric
109,72,107.76396152340001,conventional_hydroelectric
128,72,52.32546000000001,conventional_hydroelectric
139,72,47.5340736,conventional_hydroelectric
110,72,50.0,conventional_steam_coal
41,72,5976.472255900117,conventional_steam_coal
3,72,0.0,conventional_steam_coal
36,72,0.0,conventional_steam_coal
85,72,0.0,conventional_steam_coal
28,72,74.364,geothermal
116,72,0.0,natural_gas_fired_combined_cycle
73,72,0.0,natural_gas_fired_combined_cycle
71,72,0.0,natural_gas_fired_combined_cycle
44,72,0.0,natural_gas_fired_combined_cycle
115,72,0.0,natural_gas_fired_combined_cycle
70,72,0.0,natural_gas_fired_combined_cycle
131,72,0.0,natural_gas_fired_combined_cycle
18,72,0.0,natural_gas_fired_combined_cycle
72,72,0.0,natural_gas_fired_combined_cycle
114,72,0.0,natural_gas_fired_combined_cycle
45,72,0.0,natural_gas_fired_combined_cycle
78,72,0.0,natural_gas_fired_combustion_turbine
75,72,0.0,natural_gas_fired_combustion_turbine
119,72,0.0,natural_gas_fired_combustion_turbine
117,72,0.0,natural_gas_fired_combustion_turbine
134,72,0.0,natural_gas_fired_combustion_turbine
103,72,0.0,natural_gas_fired_combustion_turbine
47,72,0.0,natural_gas_fired_combustion_turbine
8,72,0.0,natural_gas_fired_combustion_turbine
90,72,0.0,natural_gas_fired_combustion_turbine
60,72,0.0,natural_gas_fired_combustion_turbine
46,72,0.0,natural_gas_fired_combustion_turbine
37,72,0.0,natural_gas_fired_combustion_turbine
7,72,0.0,natural_gas_fired_combustion_turbine
133,72,0.0,natural_gas_fired_combustion_turbine
74,72,0.0,natural_gas_fired_combustion_turbine
20,72,0.0,natural_gas_fired_combustion_turbine
135,72,0.0,natural_gas_fired_combustion_turbine
142,72,0.0,natural_gas_fired_combustion_turbine
121,72,0.0,natural_gas_fired_combustion_turbine
91,72,0.0,natural_gas_fired_combustion_turbine
22,72,0.0,natural_gas_steam_turbine
123,72,0.0,natural_gas_steam_turbine
62,72,0.0,natural_gas_steam_turbine
49,72,0.0,natural_gas_steam_turbine
48,72,0.0,natural_gas_steam_turbine
21,72,0.0,natural_gas_steam_turbine
79,72,7405.999,nuclear
10,72,233.78278,onshore_wind_turbine
23,72,985.7386,onshore_wind_turbine
31,72,3496.92245,onshore_wind_turbine
38,72,1743.34545,onshore_wind_turbine
50,72,2453.76012,onshore_wind_turbine
63,72,47.658800229600004,onshore_wind_turbine
80,72,11.151839999999998,onshore_wind_turbine
94,72,3332.0868,onshore_wind_turbine
105,72,15.232000055999999,onshore_wind_turbine
124,72,18054.6525470234,onshore_wind_turbine
136,72,2741.4626400000006,onshore_wind_turbine
144,72,7773.067259999999,onshore_wind_turbine
11,72,19.125,small_hydroelectric
24,72,62.577,small_hydroelectric
32,72,192.0,small_hydroelectric
39,72,52.9,small_hydroelectric
51,72,25.641,small_hydroelectric
64,72,6.128,small_hydroelectric
81,72,241.672,small_hydroelectric
95,72,418.922,small_hydroelectric
106,72,31.614,small_hydroelectric
125,72,100.697,small_hydroelectric
137,72,36.822,small_hydroelectric
145,72,33.21,small_hydroelectric
12,72,0.0,solar_photovoltaic
25,72,0.0,solar_photovoltaic
33,72,0.0,solar_photovoltaic
52,72,0.0,solar_photovoltaic
65,72,0.0,solar_photovoltaic
82,72,0.0,solar_photovoltaic
96,72,0.0,solar_photovoltaic
107,72,0.0,solar_photovoltaic
126,72,0.0,solar_photovoltaic
138,72,0.0,solar_photovoltaic
26,73,11.235,biomass
13,73,15.682,biomass
108,73,137.081,biomass
40,73,5.952,biomass
97,73,178.173,biomass
1,73,16.294,biomass
66,73,228.795,biomass
2,73,862.4549975999998,conventional_hydroelectric
14,73,128.7025344,conventional_hydroelectric
27,73,857.6617176000001,conventional_hydroelectric
35,73,833.4544592,conventional_hydroelectric
54,73,666.0481608000001,conventional_hydroelectric
67,73,1425.5510466674878,conventional_hydroelectric
84,73,15377.7412554,conventional_hydroelectric
109,73,107.76396152340001,conventional_hydroelectric
128,73,52.32546000000001,conventional_hydroelectric
139,73,47.5340736,conventional_hydroelectric
110,73,50.0,conventional_steam_coal
41,73,194.04185784170755,conventional_steam_coal
3,73,0.0,conventional_steam_coal
36,73,0.0,conventional_steam_coal
85,73,0.0,conventional_steam_coal
28,73,74.364,geothermal
116,73,0.0,natural_gas_fired_combined_cycle
73,73,0.0,natural_gas_fired_combined_cycle
71,73,0.0,natural_gas_fired_combined_cycle
44,73,0.0,natural_gas_fired_combined_cycle
115,73,0.0,natural_gas_fired_combined_cycle
70,73,0.0,natural_gas_fired_combined_cycle
131,73,0.0,natural_gas_fired_combined_cycle
18,73,0.0,natural_gas_fired_combined_cycle
72,73,0.0,natural_gas_fired_combined_cycle
114,73,0.0,natural_gas_fired_combined_cycle
45,73,0.0,natural_gas_fired_combined_cycle
78,73,0.0,natural_gas_fired_combustion_turbine
75,73,0.0,natural_gas_fired_combustion_turbine
119,73,0.0,natural_gas_fired_combustion_turbine
117,73,0.0,natural_gas_fired_combustion_turbine
134,73,0.0,natural_gas_fired_combustion_turbine
103,73,0.0,natural_gas_fired_combustion_turbine
47,73,0.0,natural_gas_fired_combustion_turbine
8,73,0.0,natural_gas_fired_combustion_turbine
90,73,0.0,natural_gas_fired_combustion_turbine
60,73,0.0,natural_gas_fired_combustion_turbine
46,73,0.0,natural_gas_fired_combustion_turbine
37,73,0.0,natural_gas_fired_combustion_turbine
7,73,0.0,natural_gas_fired_combustion_turbine
133,73,0.0,natural_gas_fired_combustion_turbine
74,73,0.0,natural_gas_fired_combustion_turbine
20,73,0.0,natural_gas_fired_combustion_turbine
135,73,0.0,natural_gas_fired_combustion_turbine
142,73,0.0,natural_gas_fired_combustion_turbine
121,73,0.0,natural_gas_fired_combustion_turbine
91,73,0.0,natural_gas_fired_combustion_turbine
22,73,0.0,natural_gas_steam_turbine
123,73,0.0,natural_gas_steam_turbine
62,73,0.0,natural_gas_steam_turbine
49,73,0.0,natural_gas_steam_turbine
48,73,0.0,natural_gas_steam_turbine
21,73,0.0,natural_gas_steam_turbine
79,73,7405.999,nuclear
10,73,275.74841000000004,onshore_wind_turbine
23,73,1064.0013999999999,onshore_wind_turbine
31,73,3111.0142,onshore_wind_turbine
38,73,1953.52395,onshore_wind_turbine
50,73,2239.0053,onshore_wind_turbine
63,73,42.433999619199994,onshore_wind_turbine
80,73,7.434559999999999,onshore_wind_turbine
94,73,3828.5897999999997,onshore_wind_turbine
105,73,15.53664168,onshore_wind_turbine
124,73,20349.883884068204,onshore_wind_turbine
136,73,3157.898730000001,onshore_wind_turbine
144,73,7725.485879999999,onshore_wind_turbine
11,73,19.125,small_hydroelectric
24,73,62.577,small_hydroelectric
32,73,192.0,small_hydroelectric
39,73,52.9,small_hydroelectric
51,73,25.641,small_hydroelectric
64,73,6.128,small_hydroelectric
81,73,241.672,small_hydroelectric
95,73,418.922,small_hydroelectric
106,73,31.614,small_hydroelectric
125,73,100.697,small_hydroelectric
137,73,36.822,small_hydroelectric
145,73,33.21,small_hydroelectric
12,73,0.0,solar_photovoltaic
25,73,0.0,solar_photovoltaic
33,73,0.0,solar_photovoltaic
52,73,0.0,solar_photovoltaic
65,73,0.0,solar_photovoltaic
82,73,0.0,solar_photovoltaic
96,73,0.0,solar_photovoltaic
107,73,0.0,solar_photovoltaic
126,73,0.0,solar_photovoltaic
138,73,0.0,solar_photovoltaic
26,74,11.235,biomass
13,74,15.682,biomass
108,74,137.081,biomass
40,74,5.952,biomass
97,74,178.173,biomass
1,74,16.294,biomass
66,74,228.795,biomass
2,74,862.4549975999998,conventional_hydroelectric
14,74,128.7025344,conventional_hydroelectric
27,74,857.6617176000001,conventional_hydroelectric
35,74,833.4544592,conventional_hydroelectric
54,74,666.0481608000001,conventional_hydroelectric
67,74,1425.5510466674878,conventional_hydroelectric
84,74,15377.7412554,conventional_hydroelectric
109,74,107.76396152340001,conventional_hydroelectric
128,74,52.32546000000001,conventional_hydroelectric
139,74,47.5340736,conventional_hydroelectric
110,74,50.0,conventional_steam_coal
41,74,0.0,conventional_steam_coal
3,74,0.0,conventional_steam_coal
36,74,0.0,conventional_steam_coal
85,74,0.0,conventional_steam_coal
28,74,74.364,geothermal
116,74,0.0,natural_gas_fired_combined_cycle
73,74,0.0,natural_gas_fired_combined_cycle
71,74,0.0,natural_gas_fired_combined_cycle
44,74,0.0,natural_gas_fired_combined_cycle
115,74,0.0,natural_gas_fired_combined_cycle
70,74,0.0,natural_gas_fired_combined_cycle
131,74,0.0,natural_gas_fired_combined_cycle
18,74,0.0,natural_gas_fired_combined_cycle
72,74,0.0,natural_gas_fired_combined_cycle
114,74,0.0,natural_gas_fired_combined_cycle
45,74,0.0,natural_gas_fired_combined_cycle
78,74,0.0,natural_gas_fired_combustion_turbine
75,74,0.0,natural_gas_fired_combustion_turbine
119,74,0.0,natural_gas_fired_combustion_turbine
117,74,0.0,natural_gas_fired_combustion_turbine
134,74,0.0,natural_gas_fired_combustion_turbine
103,74,0.0,natural_gas_fired_combustion_turbine
47,74,0.0,natural_gas_fired_combustion_turbine
8,74,0.0,natural_gas_fired_combustion_turbine
90,74,0.0,natural_gas_fired_combustion_turbine
60,74,0.0,natural_gas_fired_combustion_turbine
46,74,0.0,natural_gas_fired_combustion_turbine
37,74,0.0,natural_gas_fired_combustion_turbine
7,74,0.0,natural_gas_fired_combustion_turbine
133,74,0.0,natural_gas_fired_combustion_turbine
74,74,0.0,natural_gas_fired_combustion_turbine
20,74,0.0,natural_gas_fired_combustion_turbine
135,74,0.0,natural_gas_fired_combustion_turbine
142,74,0.0,natural_gas_fired_combustion_turbine
121,74,0.0,natural_gas_fired_combustion_turbine
91,74,0.0,natural_gas_fired_combustion_turbine
22,74,0.0,natural_gas_steam_turbine
123,74,0.0,natural_gas_steam_turbine
62,74,0.0,natural_gas_steam_turbine
49,74,0.0,natural_gas_steam_turbine
48,74,0.0,natural_gas_steam_turbine
21,74,0.0,natural_gas_steam_turbine
79,74,7405.999,nuclear
10,74,290.51743000000005,onshore_wind_turbine
23,74,1308.1068,onshore_wind_turbine
31,74,3020.77104,onshore_wind_turbine
38,74,2039.2994999999999,onshore_wind_turbine
50,74,2855.4938999999995,onshore_wind_turbine
63,74,89.9743600616,onshore_wind_turbine
80,74,1.8586399999999998,onshore_wind_turbine
94,74,4122.8138,onshore_wind_turbine
105,74,97.075160427,onshore_wind_turbine
124,74,20723.976834761204,onshore_wind_turbine
136,74,3398.0465400000007,onshore_wind_turbine
144,74,8125.602029999999,onshore_wind_turbine
11,74,19.125,small_hydroelectric
24,74,62.577,small_hydroelectric
32,74,192.0,small_hydroelectric
39,74,52.9,small_hydroelectric
51,74,25.641,small_hydroelectric
64,74,6.128,small_hydroelectric
81,74,241.672,small_hydroelectric
95,74,418.922,small_hydroelectric
106,74,31.614,small_hydroelectric
125,74,100.697,small_hydroelectric
137,74,36.822,small_hydroelectric
145,74,33.21,small_hydroelectric
12,74,0.0,solar_photovoltaic
25,74,0.0,solar_photovoltaic
33,74,0.0,solar_photovoltaic
52,74,0.0,solar_photovoltaic
65,74,0.0,solar_photovoltaic
82,74,0.0,solar_photovoltaic
96,74,0.0,solar_photovoltaic
107,74,0.0,solar_photovoltaic
126,74,0.0,solar_photovoltaic
138,74,0.0,solar_photovoltaic
26,75,11.235,biomass
13,75,15.682,biomass
108,75,137.081,biomass
40,75,5.952,biomass
97,75,178.173,biomass
1,75,16.294,biomass
66,75,228.795,biomass
2,75,862.4549975999998,conventional_hydroelectric
14,75,128.7025344,conventional_hydroelectric
27,75,857.6617176000001,conventional_hydroelectric
35,75,833.4544592,conventional_hydroelectric
54,75,666.0481608000001,conventional_hydroelectric
67,75,1425.5510466674878,conventional_hydroelectric
84,75,15377.7412554,conventional_hydroelectric
109,75,107.76396152340001,conventional_hydroelectric
128,75,52.32546000000001,conventional_hydroelectric
139,75,47.5340736,conventional_hydroelectric
110,75,50.0,conventional_steam_coal
41,75,0.0,conventional_steam_coal
3,75,0.0,conventional_steam_coal
36,75,0.0,conventional_steam_coal
85,75,0.0,conventional_steam_coal
28,75,74.364,geothermal
116,75,0.0,natural_gas_fired_combined_cycle
73,75,0.0,natural_gas_fired_combined_cycle
71,75,0.0,natural_gas_fired_combined_cycle
44,75,0.0,natural_gas_fired_combined_cycle
115,75,0.0,natural_gas_fired_combined_cycle
70,75,0.0,natural_gas_fired_combined_cycle
131,75,0.0,natural_gas_fired_combined_cycle
18,75,0.0,natural_gas_fired_combined_cycle
72,75,0.0,natural_gas_fired_combined_cycle
114,75,0.0,natural_gas_fired_combined_cycle
45,75,0.0,natural_gas_fired_combined_cycle
78,75,0.0,natural_gas_fired_combustion_turbine
75,75,0.0,natural_gas_fired_combustion_turbine
119,75,0.0,natural_gas_fired_combustion_turbine
117,75,0.0,natural_gas_fired_combustion_turbine
134,75,0.0,natural_gas_fired_combustion_turbine
103,75,0.0,natural_gas_fired_combustion_turbine
47,75,0.0,natural_gas_fired_combustion_turbine
8,75,0.0,natural_gas_fired_combustion_turbine
90,75,0.0,natural_gas_fired_combustion_turbine
60,75,0.0,natural_gas_fired_combustion_turbine
46,75,0.0,natural_gas_fired_combustion_turbine
37,75,0.0,natural_gas_fired_combustion_turbine
7,75,0.0,natural_gas_fired_combustion_turbine
133,75,0.0,natural_gas_fired_combustion_turbine
74,75,0.0,natural_gas_fired_combustion_turbine
20,75,0.0,natural_gas_fired_combustion_turbine
135,75,0.0,natural_gas_fired_combustion_turbine
142,75,0.0,natural_gas_fired_combustion_turbine
121,75,0.0,natural_gas_fired_combustion_turbine
91,75,0.0,natural_gas_fired_combustion_turbine
22,75,0.0,natural_gas_steam_turbine
123,75,0.0,natural_gas_steam_turbine
62,75,0.0,natural_gas_steam_turbine
49,75,0.0,natural_gas_steam_turbine
48,75,0.0,natural_gas_steam_turbine
21,75,0.0,natural_gas_steam_turbine
79,75,7405.999,nuclear
10,75,294.11963000000003,onshore_wind_turbine
23,75,3518.0992,onshore_wind_turbine
31,75,2700.17034,onshore_wind_turbine
38,75,2179.0398,onshore_wind_turbine
50,75,2307.42876,onshore_wind_turbine
63,75,63.69104032479999,onshore_wind_turbine
80,75,4.646599999999999,onshore_wind_turbine
94,75,2853.9728,onshore_wind_turbine
105,75,149.074098558,onshore_wind_turbine
124,75,18996.7423114238,onshore_wind_turbine
136,75,3037.3751100000004,onshore_wind_turbine
144,75,8724.69486,onshore_wind_turbine
11,75,19.125,small_hydroelectric
24,75,62.577,small_hydroelectric
32,75,192.0,small_hydroelectric
39,75,52.9,small_hydroelectric
51,75,25.641,small_hydroelectric
64,75,6.128,small_hydroelectric
81,75,241.672,small_hydroelectric
95,75,418.922,small_hydroelectric
106,75,31.614,small_hydroelectric
125,75,100.697,small_hydroelectric
137,75,36.822,small_hydroelectric
145,75,33.21,small_hydroelectric
12,75,0.0,solar_photovoltaic
25,75,0.0,solar_photovoltaic
33,75,0.0,solar_photovoltaic
52,75,0.0,solar_photovoltaic
65,75,0.0,solar_photovoltaic
82,75,0.0,solar_photovoltaic
96,75,0.0,solar_photovoltaic
107,75,0.0,solar_photovoltaic
126,75,0.0,solar_photovoltaic
138,75,0.0,solar_photovoltaic
26,76,11.235,biomass
13,76,15.682,biomass
108,76,137.081,biomass
40,76,5.952,biomass
97,76,178.173,biomass
1,76,16.294,biomass
66,76,228.795,biomass
2,76,862.4549975999998,conventional_hydroelectric
14,76,128.7025344,conventional_hydroelectric
27,76,857.6617176000001,conventional_hydroelectric
35,76,833.4544592,conventional_hydroelectric
54,76,666.0481608000001,conventional_hydroelectric
67,76,1425.5510466674878,conventional_hydroelectric
84,76,15377.7412554,conventional_hydroelectric
109,76,107.76396152340001,conventional_hydroelectric
128,76,52.32546000000001,conventional_hydroelectric
139,76,47.5340736,conventional_hydroelectric
110,76,50.0,conventional_steam_coal
41,76,2005.6018201013255,conventional_steam_coal
3,76,0.0,conventional_steam_coal
36,76,0.0,conventional_steam_coal
85,76,0.0,conventional_steam_coal
28,76,74.364,geothermal
116,76,0.0,natural_gas_fired_combined_cycle
73,76,0.0,natural_gas_fired_combined_cycle
71,76,0.0,natural_gas_fired_combined_cycle
44,76,0.0,natural_gas_fired_combined_cycle
115,76,0.0,natural_gas_fired_combined_cycle
70,76,0.0,natural_gas_fired_combined_cycle
131,76,0.0,natural_gas_fired_combined_cycle
18,76,0.0,natural_gas_fired_combined_cycle
72,76,0.0,natural_gas_fired_combined_cycle
114,76,0.0,natural_gas_fired_combined_cycle
45,76,0.0,natural_gas_fired_combined_cycle
78,76,0.0,natural_gas_fired_combustion_turbine
75,76,0.0,natural_gas_fired_combustion_turbine
119,76,0.0,natural_gas_fired_combustion_turbine
117,76,0.0,natural_gas_fired_combustion_turbine
134,76,0.0,natural_gas_fired_combustion_turbine
103,76,0.0,natural_gas_fired_combustion_turbine
47,76,0.0,natural_gas_fired_combustion_turbine
8,76,0.0,natural_gas_fired_combustion_turbine
90,76,0.0,natural_gas_fired_combustion_turbine
60,76,0.0,natural_gas_fired_combustion_turbine
46,76,0.0,natural_gas_fired_combustion_turbine
37,76,0.0,natural_gas_fired_combustion_turbine
7,76,0.0,natural_gas_fired_combustion_turbine
133,76,0.0,natural_gas_fired_combustion_turbine
74,76,0.0,natural_gas_fired_combustion_turbine
20,76,0.0,natural_gas_fired_combustion_turbine
135,76,0.0,natural_gas_fired_combustion_turbine
142,76,0.0,natural_gas_fired_combustion_turbine
121,76,0.0,natural_gas_fired_combustion_turbine
91,76,0.0,natural_gas_fired_combustion_turbine
22,76,0.0,natural_gas_steam_turbine
123,76,0.0,natural_gas_steam_turbine
62,76,0.0,natural_gas_steam_turbine
49,76,0.0,natural_gas_steam_turbine
48,76,0.0,natural_gas_steam_turbine
21,76,0.0,natural_gas_steam_turbine
79,76,7405.999,nuclear
10,76,293.03897000000006,onshore_wind_turbine
23,76,3562.8208,onshore_wind_turbine
31,76,1523.44703,onshore_wind_turbine
38,76,2517.0295499999997,onshore_wind_turbine
50,76,2671.2247799999996,onshore_wind_turbine
63,76,57.3028399608,onshore_wind_turbine
80,76,0.0,onshore_wind_turbine
94,76,2618.5936,onshore_wind_turbine
105,76,170.04022051799998,onshore_wind_turbine
124,76,16284.495702629001,onshore_wind_turbine
136,76,2799.9255900000007,onshore_wind_turbine
144,76,9090.20637,onshore_wind_turbine
11,76,19.125,small_hydroelectric
24,76,62.577,small_hydroelectric
32,76,192.0,small_hydroelectric
39,76,52.9,small_hydroelectric
51,76,25.641,small_hydroelectric
64,76,6.128,small_hydroelectric
81,76,241.672,small_hydroelectric
95,76,418.922,small_hydroelectric
106,76,31.614,small_hydroelectric
125,76,100.697,small_hydroelectric
137,76,36.822,small_hydroelectric
145,76,33.21,small_hydroelectric
12,76,0.0,solar_photovoltaic
25,76,0.0,solar_photovoltaic
33,76,0.0,solar_photovoltaic
52,76,0.0,solar_photovoltaic
65,76,0.0,solar_photovoltaic
82,76,0.0,solar_photovoltaic
96,76,0.0,solar_photovoltaic
107,76,0.0,solar_photovoltaic
126,76,0.0,solar_photovoltaic
138,76,0.0,solar_photovoltaic
26,77,11.235,biomass
13,77,15.682,biomass
108,77,137.081,biomass
40,77,5.952,biomass
97,77,178.173,biomass
1,77,16.294,biomass
66,77,228.795,biomass
2,77,862.4549975999998,conventional_hydroelectric
14,77,128.7025344,conventional_hydroelectric
27,77,857.6617176000001,conventional_hydroelectric
35,77,833.4544592,conventional_hydroelectric
54,77,666.0481608000001,conventional_hydroelectric
67,77,1425.5510466674878,conventional_hydroelectric
84,77,15377.7412554,conventional_hydroelectric
109,77,107.76396152340001,conventional_hydroelectric
128,77,52.32546000000001,conventional_hydroelectric
139,77,47.5340736,conventional_hydroelectric
110,77,50.0,conventional_steam_coal
41,77,7219.002,conventional_steam_coal
3,77,8009.062589999999,conventional_steam_coal
36,77,0.0,conventional_steam_coal
85,77,0.0,conventional_steam_coal
28,77,74.364,geothermal
116,77,0.0,natural_gas_fired_combined_cycle
73,77,0.0,natural_gas_fired_combined_cycle
71,77,0.0,natural_gas_fired_combined_cycle
44,77,0.0,natural_gas_fired_combined_cycle
115,77,0.0,natural_gas_fired_combined_cycle
70,77,0.0,natural_gas_fired_combined_cycle
131,77,0.0,natural_gas_fired_combined_cycle
18,77,0.0,natural_gas_fired_combined_cycle
72,77,0.0,natural_gas_fired_combined_cycle
114,77,0.0,natural_gas_fired_combined_cycle
45,77,0.0,natural_gas_fired_combined_cycle
78,77,0.0,natural_gas_fired_combustion_turbine
75,77,0.0,natural_gas_fired_combustion_turbine
119,77,0.0,natural_gas_fired_combustion_turbine
117,77,0.0,natural_gas_fired_combustion_turbine
134,77,0.0,natural_gas_fired_combustion_turbine
103,77,0.0,natural_gas_fired_combustion_turbine
47,77,0.0,natural_gas_fired_combustion_turbine
8,77,0.0,natural_gas_fired_combustion_turbine
90,77,0.0,natural_gas_fired_combustion_turbine
60,77,0.0,natural_gas_fired_combustion_turbine
46,77,0.0,natural_gas_fired_combustion_turbine
37,77,0.0,natural_gas_fired_combustion_turbine
7,77,0.0,natural_gas_fired_combustion_turbine
133,77,0.0,natural_gas_fired_combustion_turbine
74,77,0.0,natural_gas_fired_combustion_turbine
20,77,0.0,natural_gas_fired_combustion_turbine
135,77,0.0,natural_gas_fired_combustion_turbine
142,77,0.0,natural_gas_fired_combustion_turbine
121,77,0.0,natural_gas_fired_combustion_turbine
91,77,0.0,natural_gas_fired_combustion_turbine
22,77,0.0,natural_gas_steam_turbine
123,77,0.0,natural_gas_steam_turbine
62,77,0.0,natural_gas_steam_turbine
49,77,0.0,natural_gas_steam_turbine
48,77,0.0,natural_gas_steam_turbine
21,77,0.0,natural_gas_steam_turbine
79,77,7405.999,nuclear
10,77,386.15584000000007,onshore_wind_turbine
23,77,4623.0954,onshore_wind_turbine
31,77,812.18844,onshore_wind_turbine
38,77,2068.8381,onshore_wind_turbine
50,77,2796.5548799999997,onshore_wind_turbine
63,77,73.9424001904,onshore_wind_turbine
80,77,0.9293199999999999,onshore_wind_turbine
94,77,3159.2302,onshore_wind_turbine
105,77,215.353038432,onshore_wind_turbine
124,77,6789.393884134401,onshore_wind_turbine
136,77,2119.0570800000005,onshore_wind_turbine
144,77,9023.15988,onshore_wind_turbine
11,77,19.125,small_hydroelectric
24,77,62.577,small_hydroelectric
32,77,192.0,small_hydroelectric
39,77,52.9,small_hydroelectric
51,77,25.641,small_hydroelectric
64,77,6.128,small_hydroelectric
81,77,241.672,small_hydroelectric
95,77,418.922,small_hydroelectric
106,77,31.614,small_hydroelectric
125,77,100.697,small_hydroelectric
137,77,36.822,small_hydroelectric
145,77,33.21,small_hydroelectric
12,77,0.0,solar_photovoltaic
25,77,0.0,solar_photovoltaic
33,77,0.0,solar_photovoltaic
52,77,0.0,solar_photovoltaic
65,77,0.0,solar_photovoltaic
82,77,0.0,solar_photovoltaic
96,77,0.0,solar_photovoltaic
107,77,0.0,solar_photovoltaic
126,77,0.0,solar_photovoltaic
138,77,0.0,solar_photovoltaic
26,78,11.235,biomass
13,78,15.682,biomass
108,78,137.081,biomass
40,78,5.952,biomass
97,78,178.173,biomass
1,78,16.294,biomass
66,78,228.795,biomass
2,78,862.4549975999998,conventional_hydroelectric
14,78,128.7025344,conventional_hydroelectric
27,78,740.5410816000001,conventional_hydroelectric
35,78,833.4544592,conventional_hydroelectric
54,78,579.7778778000002,conventional_hydroelectric
67,78,1425.5510466674878,conventional_hydroelectric
84,78,12966.3440814,conventional_hydroelectric
109,78,107.76396152340001,conventional_hydroelectric
128,78,52.32546000000001,conventional_hydroelectric
139,78,47.5340736,conventional_hydroelectric
110,78,50.0,conventional_steam_coal
41,78,7219.002,conventional_steam_coal
3,78,2648.2172271401205,conventional_steam_coal
36,78,0.0,conventional_steam_coal
85,78,0.0,conventional_steam_coal
28,78,74.364,geothermal
116,78,0.0,natural_gas_fired_combined_cycle
73,78,0.0,natural_gas_fired_combined_cycle
71,78,0.0,natural_gas_fired_combined_cycle
44,78,0.0,natural_gas_fired_combined_cycle
115,78,0.0,natural_gas_fired_combined_cycle
70,78,0.0,natural_gas_fired_combined_cycle
131,78,0.0,natural_gas_fired_combined_cycle
18,78,0.0,natural_gas_fired_combined_cycle
72,78,0.0,natural_gas_fired_combined_cycle
114,78,0.0,natural_gas_fired_combined_cycle
45,78,0.0,natural_gas_fired_combined_cycle
78,78,0.0,natural_gas_fired_combustion_turbine
75,78,0.0,natural_gas_fired_combustion_turbine
119,78,0.0,natural_gas_fired_combustion_turbine
117,78,0.0,natural_gas_fired_combustion_turbine
134,78,0.0,natural_gas_fired_combustion_turbine
103,78,0.0,natural_gas_fired_combustion_turbine
47,78,0.0,natural_gas_fired_combustion_turbine
8,78,0.0,natural_gas_fired_combustion_turbine
90,78,0.0,natural_gas_fired_combustion_turbine
60,78,0.0,natural_gas_fired_combustion_turbine
46,78,0.0,natural_gas_fired_combustion_turbine
37,78,0.0,natural_gas_fired_combustion_turbine
7,78,0.0,natural_gas_fired_combustion_turbine
133,78,0.0,natural_gas_fired_combustion_turbine
74,78,0.0,natural_gas_fired_combustion_turbine
20,78,0.0,natural_gas_fired_combustion_turbine
135,78,0.0,natural_gas_fired_combustion_turbine
142,78,0.0,natural_gas_fired_combustion_turbine
121,78,0.0,natural_gas_fired_combustion_turbine
91,78,0.0,natural_gas_fired_combustion_turbine
22,78,0.0,natural_gas_steam_turbine
123,78,0.0,natural_gas_steam_turbine
62,78,0.0,natural_gas_steam_turbine
49,78,0.0,natural_gas_steam_turbine
48,78,0.0,natural_gas_steam_turbine
21,78,0.0,natural_gas_steam_turbine
79,78,5554.49925,nuclear
10,78,243.86894,onshore_wind_turbine
23,78,6022.5088,onshore_wind_turbine
31,78,1820.29953,onshore_wind_turbine
38,78,1557.5931,onshore_wind_turbine
50,78,3090.5725199999997,onshore_wind_turbine
63,78,117.9043600896,onshore_wind_turbine
80,78,0.0,onshore_wind_turbine
94,78,4987.0968,onshore_wind_turbine
105,78,213.83277854399998,onshore_wind_turbine
124,78,814.4787004354001,onshore_wind_turbine
136,78,2656.91622,onshore_wind_turbine
144,78,7846.60212,onshore_wind_turbine
11,78,19.125,small_hydroelectric
24,78,62.577,small_hydroelectric
32,78,192.0,small_hydroelectric
39,78,52.9,small_hydroelectric
51,78,25.641,small_hydroelectric
64,78,6.128,small_hydroelectric
81,78,241.672,small_hydroelectric
95,78,418.922,small_hydroelectric
106,78,31.614,small_hydroelectric
125,78,100.697,small_hydroelectric
137,78,36.822,small_hydroelectric
145,78,33.21,small_hydroelectric
12,78,0.0,solar_photovoltaic
25,78,0.0,solar_photovoltaic
33,78,0.0,solar_photovoltaic
52,78,0.0,solar_photovoltaic
65,78,0.0,solar_photovoltaic
82,78,0.0,solar_photovoltaic
96,78,0.0,solar_photovoltaic
107,78,0.0,solar_photovoltaic
126,78,0.0,solar_photovoltaic
138,78,0.0,solar_photovoltaic
26,79,11.235,biomass
13,79,15.682,biomass
108,79,137.081,biomass
40,79,5.952,biomass
97,79,178.173,biomass
1,79,16.294,biomass
66,79,228.795,biomass
2,79,633.1668335999998,conventional_hydroelectric
14,79,89.65900239999999,conventional_hydroelectric
27,79,623.4204456000001,conventional_hydroelectric
35,79,626.1523311999999,conventional_hydroelectric
54,79,493.50759480000016,conventional_hydroelectric
67,79,1207.485162,conventional_hydroelectric
84,79,10554.9469074,conventional_hydroelectric
109,79,107.76396152340001,conventional_hydroelectric
128,79,39.726060000000004,conventional_hydroelectric
139,79,38.660736,conventional_hydroelectric
110,79,28.499999999999996,conventional_steam_coal
41,79,7219.002,conventional_steam_coal
3,79,0.0,conventional_steam_coal
36,79,0.0,conventional_steam_coal
85,79,0.0,conventional_steam_coal
28,79,74.364,geothermal
116,79,0.0,natural_gas_fired_combined_cycle
73,79,0.0,natural_gas_fired_combined_cycle
71,79,0.0,natural_gas_fired_combined_cycle
44,79,0.0,natural_gas_fired_combined_cycle
115,79,0.0,natural_gas_fired_combined_cycle
70,79,0.0,natural_gas_fired_combined_cycle
131,79,0.0,natural_gas_fired_combined_cycle
18,79,0.0,natural_gas_fired_combined_cycle
72,79,0.0,natural_gas_fired_combined_cycle
114,79,0.0,natural_gas_fired_combined_cycle
45,79,0.0,natural_gas_fired_combined_cycle
78,79,0.0,natural_gas_fired_combustion_turbine
75,79,0.0,natural_gas_fired_combustion_turbine
119,79,0.0,natural_gas_fired_combustion_turbine
117,79,0.0,natural_gas_fired_combustion_turbine
134,79,0.0,natural_gas_fired_combustion_turbine
103,79,0.0,natural_gas_fired_combustion_turbine
47,79,0.0,natural_gas_fired_combustion_turbine
8,79,0.0,natural_gas_fired_combustion_turbine
90,79,0.0,natural_gas_fired_combustion_turbine
60,79,0.0,natural_gas_fired_combustion_turbine
46,79,0.0,natural_gas_fired_combustion_turbine
37,79,0.0,natural_gas_fired_combustion_turbine
7,79,0.0,natural_gas_fired_combustion_turbine
133,79,0.0,natural_gas_fired_combustion_turbine
74,79,0.0,natural_gas_fired_combustion_turbine
20,79,0.0,natural_gas_fired_combustion_turbine
135,79,0.0,natural_gas_fired_combustion_turbine
142,79,0.0,natural_gas_fired_combustion_turbine
121,79,0.0,natural_gas_fired_combustion_turbine
91,79,0.0,natural_gas_fired_combustion_turbine
22,79,0.0,natural_gas_steam_turbine
123,79,0.0,natural_gas_steam_turbine
62,79,0.0,natural_gas_steam_turbine
49,79,0.0,natural_gas_steam_turbine
48,79,0.0,natural_gas_steam_turbine
21,79,0.0,natural_gas_steam_turbine
79,79,3702.9995,nuclear
10,79,248.01147,onshore_wind_turbine
23,79,7099.554,onshore_wind_turbine
31,79,2539.86999,onshore_wind_turbine
38,79,1371.8407499999998,onshore_wind_turbine
50,79,3091.9274399999995,onshore_wind_turbine
63,79,233.37467972559998,onshore_wind_turbine
80,79,4.646599999999999,onshore_wind_turbine
94,79,6737.7296,onshore_wind_turbine
105,79,177.97723973400002,onshore_wind_turbine
124,79,1759.8008448328003,onshore_wind_turbine
136,79,3374.66136,onshore_wind_turbine
144,79,7310.2302,onshore_wind_turbine
11,79,19.125,small_hydroelectric
24,79,62.577,small_hydroelectric
32,79,192.0,small_hydroelectric
39,79,52.9,small_hydroelectric
51,79,25.641,small_hydroelectric
64,79,6.128,small_hydroelectric
81,79,241.672,small_hydroelectric
95,79,418.922,small_hydroelectric
106,79,31.614,small_hydroelectric
125,79,100.697,small_hydroelectric
137,79,36.822,small_hydroelectric
145,79,33.21,small_hydroelectric
12,79,2221.79958,solar_photovoltaic
25,79,1365.3536399999998,solar_photovoltaic
33,79,0.17605,solar_photovoltaic
52,79,2350.012,solar_photovoltaic
65,79,2782.4234824533,solar_photovoltaic
82,79,148.27372,solar_photovoltaic
96,79,0.0,solar_photovoltaic
107,79,2533.846076895,solar_photovoltaic
126,79,211.5908985295,solar_photovoltaic
138,79,871.2118799999998,solar_photovoltaic
26,80,0.0,biomass
13,80,0.0,biomass
108,80,0.0,biomass
40,80,0.0,biomass
97,80,0.0,biomass
1,80,0.0,biomass
66,80,0.0,biomass
2,80,403.8786695999998,conventional_hydroelectric
14,80,50.61547039999999,conventional_hydroelectric
27,80,506.2998096000001,conventional_hydroelectric
35,80,418.8502031999999,conventional_hydroelectric
54,80,407.23731180000016,conventional_hydroelectric
67,80,603.742581,conventional_hydroelectric
84,80,8143.549733400001,conventional_hydroelectric
109,80,0.0,conventional_hydroelectric
128,80,27.12666,conventional_hydroelectric
139,80,19.330368,conventional_hydroelectric
110,80,0.0,conventional_steam_coal
41,80,0.0,conventional_steam_coal
3,80,0.0,conventional_steam_coal
36,80,0.0,conventional_steam_coal
85,80,0.0,conventional_steam_coal
28,80,0.0,geothermal
116,80,0.0,natural_gas_fired_combined_cycle
73,80,0.0,natural_gas_fired_combined_cycle
71,80,0.0,natural_gas_fired_combined_cycle
44,80,0.0,natural_gas_fired_combined_cycle
115,80,0.0,natural_gas_fired_combined_cycle
70,80,0.0,natural_gas_fired_combined_cycle
131,80,0.0,natural_gas_fired_combined_cycle
18,80,0.0,natural_gas_fired_combined_cycle
72,80,0.0,natural_gas_fired_combined_cycle
114,80,0.0,natural_gas_fired_combined_cycle
45,80,0.0,natural_gas_fired_combined_cycle
78,80,0.0,natural_gas_fired_combustion_turbine
75,80,0.0,natural_gas_fired_combustion_turbine
119,80,0.0,natural_gas_fired_combustion_turbine
117,80,0.0,natural_gas_fired_combustion_turbine
134,80,0.0,natural_gas_fired_combustion_turbine
103,80,0.0,natural_gas_fired_combustion_turbine
47,80,0.0,natural_gas_fired_combustion_turbine
8,80,0.0,natural_gas_fired_combustion_turbine
90,80,0.0,natural_gas_fired_combustion_turbine
60,80,0.0,natural_gas_fired_combustion_turbine
46,80,0.0,natural_gas_fired_combustion_turbine
37,80,0.0,natural_gas_fired_combustion_turbine
7,80,0.0,natural_gas_fired_combustion_turbine
133,80,0.0,natural_gas_fired_combustion_turbine
74,80,0.0,natural_gas_fired_combustion_turbine
20,80,0.0,natural_gas_fired_combustion_turbine
135,80,0.0,natural_gas_fired_combustion_turbine
142,80,0.0,natural_gas_fired_combustion_turbine
121,80,0.0,natural_gas_fired_combustion_turbine
91,80,0.0,natural_gas_fired_combustion_turbine
22,80,0.0,natural_gas_steam_turbine
123,80,0.0,natural_gas_steam_turbine
62,80,0.0,natural_gas_steam_turbine
49,80,0.0,natural_gas_steam_turbine
48,80,0.0,natural_gas_steam_turbine
21,80,0.0,natural_gas_steam_turbine
79,80,1851.49975,nuclear
10,80,132.20074000000002,onshore_wind_turbine
23,80,6743.6446,onshore_wind_turbine
31,80,4471.78606,onshore_wind_turbine
38,80,682.7961,onshore_wind_turbine
50,80,2927.9821199999997,onshore_wind_turbine
63,80,156.04455974799998,onshore_wind_turbine
80,80,0.0,onshore_wind_turbine
94,80,4814.797159535007,onshore_wind_turbine
105,80,0.0,onshore_wind_turbine
124,80,0.0,onshore_wind_turbine
136,80,3213.6633900000006,onshore_wind_turbine
144,80,6440.788619999999,onshore_wind_turbine
11,80,0.0,small_hydroelectric
24,80,0.0,small_hydroelectric
32,80,0.0,small_hydroelectric
39,80,0.0,small_hydroelectric
51,80,0.0,small_hydroelectric
64,80,0.0,small_hydroelectric
81,80,0.0,small_hydroelectric
95,80,0.0,small_hydroelectric
106,80,0.0,small_hydroelectric
125,80,0.0,small_hydroelectric
137,80,0.0,small_hydroelectric
145,80,0.0,small_hydroelectric
12,80,5620.1783399999995,solar_photovoltaic
25,80,0.0,solar_photovoltaic
33,80,0.0,solar_photovoltaic
52,80,4105.6092,solar_photovoltaic
65,80,8759.971436083,solar_photovoltaic
82,80,6217.74139,solar_photovoltaic
96,80,0.0,solar_photovoltaic
107,80,8216.621975170001,solar_photovoltaic
126,80,15508.673252464001,solar_photovoltaic
138,80,2056.1148299999995,solar_photovoltaic
26,81,0.0,biomass
13,81,0.0,biomass
108,81,0.0,biomass
40,81,0.0,biomass
97,81,0.0,biomass
1,81,0.0,biomass
66,81,0.0,biomass
2,81,174.5905055999998,conventional_hydroelectric
14,81,11.571938399999993,conventional_hydroelectric
27,81,389.1791736000001,conventional_hydroelectric
35,81,211.5480751999999,conventional_hydroelectric
54,81,320.96702880000015,conventional_hydroelectric
67,81,0.0,conventional_hydroelectric
84,81,5732.152559400001,conventional_hydroelectric
109,81,0.0,conventional_hydroelectric
128,81,14.52726,conventional_hydroelectric
139,81,0.0,conventional_hydroelectric
110,81,0.0,conventional_steam_coal
41,81,0.0,conventional_steam_coal
3,81,0.0,conventional_steam_coal
36,81,0.0,conventional_steam_coal
85,81,0.0,conventional_steam_coal
28,81,0.0,geothermal
116,81,0.0,natural_gas_fired_combined_cycle
73,81,0.0,natural_gas_fired_combined_cycle
71,81,0.0,natural_gas_fired_combined_cycle
44,81,0.0,natural_gas_fired_combined_cycle
115,81,0.0,natural_gas_fired_combined_cycle
70,81,0.0,natural_gas_fired_combined_cycle
131,81,0.0,natural_gas_fired_combined_cycle
18,81,0.0,natural_gas_fired_combined_cycle
72,81,0.0,natural_gas_fired_combined_cycle
114,81,0.0,natural_gas_fired_combined_cycle
45,81,0.0,natural_gas_fired_combined_cycle
78,81,0.0,natural_gas_fired_combustion_turbine
75,81,0.0,natural_gas_fired_combustion_turbine
119,81,0.0,natural_gas_fired_combustion_turbine
117,81,0.0,natural_gas_fired_combustion_turbine
134,81,0.0,natural_gas_fired_combustion_turbine
103,81,0.0,natural_gas_fired_combustion_turbine
47,81,0.0,natural_gas_fired_combustion_turbine
8,81,0.0,natural_gas_fired_combustion_turbine
90,81,0.0,natural_gas_fired_combustion_turbine
60,81,0.0,natural_gas_fired_combustion_turbine
46,81,0.0,natural_gas_fired_combustion_turbine
37,81,0.0,natural_gas_fired_combustion_turbine
7,81,0.0,natural_gas_fired_combustion_turbine
133,81,0.0,natural_gas_fired_combustion_turbine
74,81,0.0,natural_gas_fired_combustion_turbine
20,81,0.0,natural_gas_fired_combustion_turbine
135,81,0.0,natural_gas_fired_combustion_turbine
142,81,0.0,natural_gas_fired_combustion_turbine
121,81,0.0,natural_gas_fired_combustion_turbine
91,81,0.0,natural_gas_fired_combustion_turbine
22,81,0.0,natural_gas_steam_turbine
123,81,0.0,natural_gas_steam_turbine
62,81,0.0,natural_gas_steam_turbine
49,81,0.0,natural_gas_steam_turbine
48,81,0.0,natural_gas_steam_turbine
21,81,0.0,natural_gas_steam_turbine
79,81,0.0,nuclear
10,81,0.0,onshore_wind_turbine
23,81,11122.6346,onshore_wind_turbine
31,81,4020.5702600000004,onshore_wind_turbine
38,81,0.0,onshore_wind_turbine
50,81,3241.1585535570025,onshore_wind_turbine
63,81,0.0,onshore_wind_turbine
80,81,0.0,onshore_wind_turbine
94,81,3806.5229999999997,onshore_wind_turbine
105,81,0.0,onshore_wind_turbine
124,81,0.0,onshore_wind_turbine
136,81,2589.45897,onshore_wind_turbine
144,81,5134.463459999999,onshore_wind_turbine
11,81,0.0,small_hydroelectric
24,81,0.0,small_hydroelectric
32,81,0.0,small_hydroelectric
39,81,0.0,small_hydroelectric
51,81,0.0,small_hydroelectric
64,81,0.0,small_hydroelectric
81,81,0.0,small_hydroelectric
95,81,0.0,small_hydroelectric
106,81,0.0,small_hydroelectric
125,81,0.0,small_hydroelectric
137,81,0.0,small_hydroelectric
145,81,0.0,small_hydroelectric
12,81,8138.594520000001,solar_photovoltaic
25,81,2762.8420399999995,solar_photovoltaic
33,81,0.0,solar_photovoltaic
52,81,0.0,solar_photovoltaic
65,81,13465.6685823625,solar_photovoltaic
82,81,10517.67927,solar_photovoltaic
96,81,0.0,solar_photovoltaic
107,81,12583.263140532,solar_photovoltaic
126,81,24787.104152548498,solar_photovoltaic
138,81,2825.95929,solar_photovoltaic
26,82,0.0,biomass
13,82,0.0,biomass
108,82,0.0,biomass
40,82,0.0,biomass
97,82,0.0,biomass
1,82,0.0,biomass
66,82,0.0,biomass
2,82,0.0,conventional_hydroelectric
14,82,0.0,conventional_hydroelectric
27,82,272.05853760000014,conventional_hydroelectric
35,82,4.2459471999998755,conventional_hydroelectric
54,82,234.69674580000014,conventional_hydroelectric
67,82,0.0,conventional_hydroelectric
84,82,3320.755385400001,conventional_hydroelectric
109,82,0.0,conventional_hydroelectric
128,82,1.927859999999999,conventional_hydroelectric
139,82,0.0,conventional_hydroelectric
110,82,0.0,conventional_steam_coal
41,82,0.0,conventional_steam_coal
3,82,0.0,conventional_steam_coal
36,82,0.0,conventional_steam_coal
85,82,0.0,conventional_steam_coal
28,82,0.0,geothermal
116,82,0.0,natural_gas_fired_combined_cycle
73,82,0.0,natural_gas_fired_combined_cycle
71,82,0.0,natural_gas_fired_combined_cycle
44,82,0.0,natural_gas_fired_combined_cycle
115,82,0.0,natural_gas_fired_combined_cycle
70,82,0.0,natural_gas_fired_combined_cycle
131,82,0.0,natural_gas_fired_combined_cycle
18,82,0.0,natural_gas_fired_combined_cycle
72,82,0.0,natural_gas_fired_combined_cycle
114,82,0.0,natural_gas_fired_combined_cycle
45,82,0.0,natural_gas_fired_combined_cycle
78,82,0.0,natural_gas_fired_combustion_turbine
75,82,0.0,natural_gas_fired_combustion_turbine
119,82,0.0,natural_gas_fired_combustion_turbine
117,82,0.0,natural_gas_fired_combustion_turbine
134,82,0.0,natural_gas_fired_combustion_turbine
103,82,0.0,natural_gas_fired_combustion_turbine
47,82,0.0,natural_gas_fired_combustion_turbine
8,82,0.0,natural_gas_fired_combustion_turbine
90,82,0.0,natural_gas_fired_combustion_turbine
60,82,0.0,natural_gas_fired_combustion_turbine
46,82,0.0,natural_gas_fired_combustion_turbine
37,82,0.0,natural_gas_fired_combustion_turbine
7,82,0.0,natural_gas_fired_combustion_turbine
133,82,0.0,natural_gas_fired_combustion_turbine
74,82,0.0,natural_gas_fired_combustion_turbine
20,82,0.0,natural_gas_fired_combustion_turbine
135,82,0.0,natural_gas_fired_combustion_turbine
142,82,0.0,natural_gas_fired_combustion_turbine
121,82,0.0,natural_gas_fired_combustion_turbine
91,82,0.0,natural_gas_fired_combustion_turbine
22,82,0.0,natural_gas_steam_turbine
123,82,0.0,natural_gas_steam_turbine
62,82,0.0,natural_gas_steam_turbine
49,82,0.0,natural_gas_steam_turbine
48,82,0.0,natural_gas_steam_turbine
21,82,0.0,natural_gas_steam_turbine
79,82,0.0,nuclear
10,82,0.0,onshore_wind_turbine
23,82,14135.752400000001,onshore_wind_turbine
31,82,3210.7566399999996,onshore_wind_turbine
38,82,373.7769,onshore_wind_turbine
50,82,3545.8256399999996,onshore_wind_turbine
63,82,79.8341603864,onshore_wind_turbine
80,82,0.0,onshore_wind_turbine
94,82,952.5502,onshore_wind_turbine
105,82,50.47276496059021,onshore_wind_turbine
124,82,0.0,onshore_wind_turbine
136,82,0.0,onshore_wind_turbine
144,82,5324.788979999999,onshore_wind_turbine
11,82,0.0,small_hydroelectric
24,82,0.0,small_hydroelectric
32,82,0.0,small_hydroelectric
39,82,0.0,small_hydroelectric
51,82,0.0,small_hydroelectric
64,82,0.0,small_hydroelectric
81,82,0.0,small_hydroelectric
95,82,0.0,small_hydroelectric
106,82,0.0,small_hydroelectric
125,82,0.0,small_hydroelectric
137,82,0.0,small_hydroelectric
145,82,0.0,small_hydroelectric
12,82,9527.0427,solar_photovoltaic
25,82,0.0,solar_photovoltaic
33,82,0.0,solar_photovoltaic
52,82,5408.4835,solar_photovoltaic
65,82,0.0,solar_photovoltaic
82,82,0.0,solar_photovoltaic
96,82,0.0,solar_photovoltaic
107,82,15236.617963049,solar_photovoltaic
126,82,30431.695901393497,solar_photovoltaic
138,82,3158.3713699999994,solar_photovoltaic
26,83,0.0,biomass
13,83,0.0,biomass
108,83,0.0,biomass
40,83,0.0,biomass
97,83,0.0,biomass
1,83,0.0,biomass
66,83,0.0,biomass
2,83,0.0,conventional_hydroelectric
14,83,0.0,conventional_hydroelectric
27,83,154.93790160000012,conventional_hydroelectric
35,83,0.0,conventional_hydroelectric
54,83,148.42646280000014,conventional_hydroelectric
67,83,0.0,conventional_hydroelectric
84,83,909.358211400001,conventional_hydroelectric
109,83,0.0,conventional_hydroelectric
128,83,0.0,conventional_hydroelectric
139,83,0.0,conventional_hydroelectric
110,83,0.0,conventional_steam_coal
41,83,0.0,conventional_steam_coal
3,83,0.0,conventional_steam_coal
36,83,0.0,conventional_steam_coal
85,83,0.0,conventional_steam_coal
28,83,0.0,geothermal
116,83,0.0,natural_gas_fired_combined_cycle
73,83,0.0,natural_gas_fired_combined_cycle
71,83,0.0,natural_gas_fired_combined_cycle
44,83,0.0,natural_gas_fired_combined_cycle
115,83,0.0,natural_gas_fired_combined_cycle
70,83,0.0,natural_gas_fired_combined_cycle
131,83,0.0,natural_gas_fired_combined_cycle
18,83,0.0,natural_gas_fired_combined_cycle
72,83,0.0,natural_gas_fired_combined_cycle
114,83,0.0,natural_gas_fired_combined_cycle
45,83,0.0,natural_gas_fired_combined_cycle
78,83,0.0,natural_gas_fired_combustion_turbine
75,83,0.0,natural_gas_fired_combustion_turbine
119,83,0.0,natural_gas_fired_combustion_turbine
117,83,0.0,natural_gas_fired_combustion_turbine
134,83,0.0,natural_gas_fired_combustion_turbine
103,83,0.0,natural_gas_fired_combustion_turbine
47,83,0.0,natural_gas_fired_combustion_turbine
8,83,0.0,natural_gas_fired_combustion_turbine
90,83,0.0,natural_gas_fired_combustion_turbine
60,83,0.0,natural_gas_fired_combustion_turbine
46,83,0.0,natural_gas_fired_combustion_turbine
37,83,0.0,natural_gas_fired_combustion_turbine
7,83,0.0,natural_gas_fired_combustion_turbine
133,83,0.0,natural_gas_fired_combustion_turbine
74,83,0.0,natural_gas_fired_combustion_turbine
20,83,0.0,natural_gas_fired_combustion_turbine
135,83,0.0,natural_gas_fired_combustion_turbine
142,83,0.0,natural_gas_fired_combustion_turbine
121,83,0.0,natural_gas_fired_combustion_turbine
91,83,0.0,natural_gas_fired_combustion_turbine
22,83,0.0,natural_gas_steam_turbine
123,83,0.0,natural_gas_steam_turbine
62,83,0.0,natural_gas_steam_turbine
49,83,0.0,natural_gas_steam_turbine
48,83,0.0,natural_gas_steam_turbine
21,83,0.0,natural_gas_steam_turbine
79,83,0.0,nuclear
10,83,0.0,onshore_wind_turbine
23,83,14113.391599999999,onshore_wind_turbine
31,83,2091.02901,onshore_wind_turbine
38,83,503.86035,onshore_wind_turbine
50,83,3409.6561799999995,onshore_wind_turbine
63,83,0.0,onshore_wind_turbine
80,83,32.526199999999996,onshore_wind_turbine
94,83,306.65223739601424,onshore_wind_turbine
105,83,0.0,onshore_wind_turbine
124,83,0.0,onshore_wind_turbine
136,83,2101.0684800000004,onshore_wind_turbine
144,83,4691.091509999999,onshore_wind_turbine
11,83,0.0,small_hydroelectric
24,83,0.0,small_hydroelectric
32,83,0.0,small_hydroelectric
39,83,0.0,small_hydroelectric
51,83,0.0,small_hydroelectric
64,83,0.0,small_hydroelectric
81,83,0.0,small_hydroelectric
95,83,0.0,small_hydroelectric
106,83,0.0,small_hydroelectric
125,83,0.0,small_hydroelectric
137,83,0.0,small_hydroelectric
145,83,0.0,small_hydroelectric
12,83,10107.563760000001,solar_photovoltaic
25,83,0.0,solar_photovoltaic
33,83,0.0,solar_photovoltaic
52,83,5614.45514,solar_photovoltaic
65,83,0.0,solar_photovoltaic
82,83,14068.444669999999,solar_photovoltaic
96,83,0.0,solar_photovoltaic
107,83,16401.6496683515,solar_photovoltaic
126,83,32424.124748452497,solar_photovoltaic
138,83,3250.6065899999994,solar_photovoltaic
26,84,0.0,biomass
13,84,0.0,biomass
108,84,0.0,biomass
40,84,0.0,biomass
97,84,0.0,biomass
1,84,0.0,biomass
66,84,0.0,biomass
2,84,0.0,conventional_hydroelectric
14,84,0.0,conventional_hydroelectric
27,84,37.8172656000001,conventional_hydroelectric
35,84,0.0,conventional_hydroelectric
54,84,62.15617980000013,conventional_hydroelectric
67,84,0.0,conventional_hydroelectric
84,84,0.0,conventional_hydroelectric
109,84,0.0,conventional_hydroelectric
128,84,0.0,conventional_hydroelectric
139,84,0.0,conventional_hydroelectric
110,84,0.0,conventional_steam_coal
41,84,0.0,conventional_steam_coal
3,84,0.0,conventional_steam_coal
36,84,0.0,conventional_steam_coal
85,84,0.0,conventional_steam_coal
28,84,0.0,geothermal
116,84,0.0,natural_gas_fired_combined_cycle
73,84,0.0,natural_gas_fired_combined_cycle
71,84,0.0,natural_gas_fired_combined_cycle
44,84,0.0,natural_gas_fired_combined_cycle
115,84,0.0,natural_gas_fired_combined_cycle
70,84,0.0,natural_gas_fired_combined_cycle
131,84,0.0,natural_gas_fired_combined_cycle
18,84,0.0,natural_gas_fired_combined_cycle
72,84,0.0,natural_gas_fired_combined_cycle
114,84,0.0,natural_gas_fired_combined_cycle
45,84,0.0,natural_gas_fired_combined_cycle
78,84,0.0,natural_gas_fired_combustion_turbine
75,84,0.0,natural_gas_fired_combustion_turbine
119,84,0.0,natural_gas_fired_combustion_turbine
117,84,0.0,natural_gas_fired_combustion_turbine
134,84,0.0,natural_gas_fired_combustion_turbine
103,84,0.0,natural_gas_fired_combustion_turbine
47,84,0.0,natural_gas_fired_combustion_turbine
8,84,0.0,natural_gas_fired_combustion_turbine
90,84,0.0,natural_gas_fired_combustion_turbine
60,84,0.0,natural_gas_fired_combustion_turbine
46,84,0.0,natural_gas_fired_combustion_turbine
37,84,0.0,natural_gas_fired_combustion_turbine
7,84,0.0,natural_gas_fired_combustion_turbine
133,84,0.0,natural_gas_fired_combustion_turbine
74,84,0.0,natural_gas_fired_combustion_turbine
20,84,0.0,natural_gas_fired_combustion_turbine
135,84,0.0,natural_gas_fired_combustion_turbine
142,84,0.0,natural_gas_fired_combustion_turbine
121,84,0.0,natural_gas_fired_combustion_turbine
91,84,0.0,natural_gas_fired_combustion_turbine
22,84,0.0,natural_gas_steam_turbine
123,84,0.0,natural_gas_steam_turbine
62,84,0.0,natural_gas_steam_turbine
49,84,0.0,natural_gas_steam_turbine
48,84,0.0,natural_gas_steam_turbine
21,84,0.0,natural_gas_steam_turbine
79,84,0.0,nuclear
10,84,0.0,onshore_wind_turbine
23,84,12218.3138,onshore_wind_turbine
31,84,1413.0179,onshore_wind_turbine
38,84,1751.8662,onshore_wind_turbine
50,84,3376.1020175752874,onshore_wind_turbine
63,84,0.0,onshore_wind_turbine
80,84,0.0,onshore_wind_turbine
94,84,0.0,onshore_wind_turbine
105,84,0.0,onshore_wind_turbine
124,84,0.0,onshore_wind_turbine
136,84,1937.3722200000002,onshore_wind_turbine
144,84,4059.5568299999995,onshore_wind_turbine
11,84,0.0,small_hydroelectric
24,84,0.0,small_hydroelectric
32,84,0.0,small_hydroelectric
39,84,0.0,small_hydroelectric
51,84,0.0,small_hydroelectric
64,84,0.0,small_hydroelectric
81,84,0.0,small_hydroelectric
95,84,0.0,small_hydroelectric
106,84,0.0,small_hydroelectric
125,84,0.0,small_hydroelectric
137,84,0.0,small_hydroelectric
145,84,0.0,small_hydroelectric
12,84,10346.2695,solar_photovoltaic
25,84,2991.8956199999993,solar_photovoltaic
33,84,0.0,solar_photovoltaic
52,84,0.0,solar_photovoltaic
65,84,18162.4360461187,solar_photovoltaic
82,84,0.0,solar_photovoltaic
96,84,0.0,solar_photovoltaic
107,84,16745.4474633005,solar_photovoltaic
126,84,33153.9328476055,solar_photovoltaic
138,84,3256.9991299999997,solar_photovoltaic
26,85,0.0,biomass
13,85,0.0,biomass
108,85,0.0,biomass
40,85,0.0,biomass
97,85,0.0,biomass
1,85,0.0,biomass
66,85,0.0,biomass
2,85,0.0,conventional_hydroelectric
14,85,0.0,conventional_hydroelectric
27,85,37.8172656000001,conventional_hydroelectric
35,85,0.0,conventional_hydroelectric
54,85,62.15617980000013,conventional_hydroelectric
67,85,0.0,conventional_hydroelectric
84,85,0.0,conventional_hydroelectric
109,85,0.0,conventional_hydroelectric
128,85,0.0,conventional_hydroelectric
139,85,0.0,conventional_hydroelectric
110,85,0.0,conventional_steam_coal
41,85,0.0,conventional_steam_coal
3,85,0.0,conventional_steam_coal
36,85,0.0,conventional_steam_coal
85,85,0.0,conventional_steam_coal
28,85,0.0,geothermal
116,85,0.0,natural_gas_fired_combined_cycle
73,85,0.0,natural_gas_fired_combined_cycle
71,85,0.0,natural_gas_fired_combined_cycle
44,85,0.0,natural_gas_fired_combined_cycle
115,85,0.0,natural_gas_fired_combined_cycle
70,85,0.0,natural_gas_fired_combined_cycle
131,85,0.0,natural_gas_fired_combined_cycle
18,85,0.0,natural_gas_fired_combined_cycle
72,85,0.0,natural_gas_fired_combined_cycle
114,85,0.0,natural_gas_fired_combined_cycle
45,85,0.0,natural_gas_fired_combined_cycle
78,85,0.0,natural_gas_fired_combustion_turbine
75,85,0.0,natural_gas_fired_combustion_turbine
119,85,0.0,natural_gas_fired_combustion_turbine
117,85,0.0,natural_gas_fired_combustion_turbine
134,85,0.0,natural_gas_fired_combustion_turbine
103,85,0.0,natural_gas_fired_combustion_turbine
47,85,0.0,natural_gas_fired_combustion_turbine
8,85,0.0,natural_gas_fired_combustion_turbine
90,85,0.0,natural_gas_fired_combustion_turbine
60,85,0.0,natural_gas_fired_combustion_turbine
46,85,0.0,natural_gas_fired_combustion_turbine
37,85,0.0,natural_gas_fired_combustion_turbine
7,85,0.0,natural_gas_fired_combustion_turbine
133,85,0.0,natural_gas_fired_combustion_turbine
74,85,0.0,natural_gas_fired_combustion_turbine
20,85,0.0,natural_gas_fired_combustion_turbine
135,85,0.0,natural_gas_fired_combustion_turbine
142,85,0.0,natural_gas_fired_combustion_turbine
121,85,0.0,natural_gas_fired_combustion_turbine
91,85,0.0,natural_gas_fired_combustion_turbine
22,85,0.0,natural_gas_steam_turbine
123,85,0.0,natural_gas_steam_turbine
62,85,0.0,natural_gas_steam_turbine
49,85,0.0,natural_gas_steam_turbine
48,85,0.0,natural_gas_steam_turbine
21,85,0.0,natural_gas_steam_turbine
79,85,0.0,nuclear
10,85,0.0,onshore_wind_turbine
23,85,10332.553,onshore_wind_turbine
31,85,0.0,onshore_wind_turbine
38,85,2563.60965,onshore_wind_turbine
50,85,4181.283119999999,onshore_wind_turbine
63,85,0.0,onshore_wind_turbine
80,85,374.51596,onshore_wind_turbine
94,85,334.23207764431027,onshore_wind_turbine
105,85,0.0,onshore_wind_turbine
124,85,0.0,onshore_wind_turbine
136,85,0.0,onshore_wind_turbine
144,85,3034.39437,onshore_wind_turbine
11,85,0.0,small_hydroelectric
24,85,0.0,small_hydroelectric
32,85,0.0,small_hydroelectric
39,85,0.0,small_hydroelectric
51,85,0.0,small_hydroelectric
64,85,0.0,small_hydroelectric
81,85,0.0,small_hydroelectric
95,85,0.0,small_hydroelectric
106,85,0.0,small_hydroelectric
125,85,0.0,small_hydroelectric
137,85,0.0,small_hydroelectric
145,85,0.0,small_hydroelectric
12,85,10402.7679,solar_photovoltaic
25,85,0.0,solar_photovoltaic
33,85,0.0,solar_photovoltaic
52,85,5659.38184,solar_photovoltaic
65,85,18438.3922111102,solar_photovoltaic
82,85,0.0,solar_photovoltaic
96,85,0.0,solar_photovoltaic
107,85,16808.7114272315,solar_photovoltaic
126,85,33261.696998614,solar_photovoltaic
138,85,3204.4889799999996,solar_photovoltaic
26,86,0.0,biomass
13,86,0.0,biomass
108,86,0.0,biomass
40,86,0.0,biomass
97,86,0.0,biomass
1,86,0.0,biomass
66,86,0.0,biomass
2,86,0.0,conventional_hydroelectric
14,86,0.0,conventional_hydroelectric
27,86,154.93790160000012,conventional_hydroelectric
35,86,0.0,conventional_hydroelectric
54,86,148.42646280000014,conventional_hydroelectric
67,86,0.0,conventional_hydroelectric
84,86,909.358211400001,conventional_hydroelectric
109,86,0.0,conventional_hydroelectric
128,86,0.0,conventional_hydroelectric
139,86,0.0,conventional_hydroelectric
110,86,0.0,conventional_steam_coal
41,86,0.0,conventional_steam_coal
3,86,0.0,conventional_steam_coal
36,86,0.0,conventional_steam_coal
85,86,0.0,conventional_steam_coal
28,86,0.0,geothermal
116,86,0.0,natural_gas_fired_combined_cycle
73,86,0.0,natural_gas_fired_combined_cycle
71,86,0.0,natural_gas_fired_combined_cycle
44,86,0.0,natural_gas_fired_combined_cycle
115,86,0.0,natural_gas_fired_combined_cycle
70,86,0.0,natural_gas_fired_combined_cycle
131,86,0.0,natural_gas_fired_combined_cycle
18,86,0.0,natural_gas_fired_combined_cycle
72,86,0.0,natural_gas_fired_combined_cycle
114,86,0.0,natural_gas_fired_combined_cycle
45,86,0.0,natural_gas_fired_combined_cycle
78,86,0.0,natural_gas_fired_combustion_turbine
75,86,0.0,natural_gas_fired_combustion_turbine
119,86,0.0,natural_gas_fired_combustion_turbine
117,86,0.0,natural_gas_fired_combustion_turbine
134,86,0.0,natural_gas_fired_combustion_turbine
103,86,0.0,natural_gas_fired_combustion_turbine
47,86,0.0,natural_gas_fired_combustion_turbine
8,86,0.0,natural_gas_fired_combustion_turbine
90,86,0.0,natural_gas_fired_combustion_turbine
60,86,0.0,natural_gas_fired_combustion_turbine
46,86,0.0,natural_gas_fired_combustion_turbine
37,86,0.0,natural_gas_fired_combustion_turbine
7,86,0.0,natural_gas_fired_combustion_turbine
133,86,0.0,natural_gas_fired_combustion_turbine
74,86,0.0,natural_gas_fired_combustion_turbine
20,86,0.0,natural_gas_fired_combustion_turbine
135,86,0.0,natural_gas_fired_combustion_turbine
142,86,0.0,natural_gas_fired_combustion_turbine
121,86,0.0,natural_gas_fired_combustion_turbine
91,86,0.0,natural_gas_fired_combustion_turbine
22,86,0.0,natural_gas_steam_turbine
123,86,0.0,natural_gas_steam_turbine
62,86,0.0,natural_gas_steam_turbine
49,86,0.0,natural_gas_steam_turbine
48,86,0.0,natural_gas_steam_turbine
21,86,0.0,natural_gas_steam_turbine
79,86,0.0,nuclear
10,86,0.0,onshore_wind_turbine
23,86,12410.244,onshore_wind_turbine
31,86,0.0,onshore_wind_turbine
38,86,0.0,onshore_wind_turbine
50,86,1826.2834022525003,onshore_wind_turbine
63,86,0.0,onshore_wind_turbine
80,86,0.0,onshore_wind_turbine
94,86,0.0,onshore_wind_turbine
105,86,0.0,onshore_wind_turbine
124,86,0.0,onshore_wind_turbine
136,86,0.0,onshore_wind_turbine
144,86,0.0,onshore_wind_turbine
11,86,0.0,small_hydroelectric
24,86,0.0,small_hydroelectric
32,86,0.0,small_hydroelectric
39,86,0.0,small_hydroelectric
51,86,0.0,small_hydroelectric
64,86,0.0,small_hydroelectric
81,86,0.0,small_hydroelectric
95,86,0.0,small_hydroelectric
106,86,0.0,small_hydroelectric
125,86,0.0,small_hydroelectric
137,86,0.0,small_hydroelectric
145,86,0.0,small_hydroelectric
12,86,0.0,solar_photovoltaic
25,86,0.0,solar_photovoltaic
33,86,0.0,solar_photovoltaic
52,86,0.0,solar_photovoltaic
65,86,0.0,solar_photovoltaic
82,86,0.0,solar_photovoltaic
96,86,0.0,solar_photovoltaic
107,86,17504.8450411625,solar_photovoltaic
126,86,35044.051050785,solar_photovoltaic
138,86,0.0,solar_photovoltaic
26,87,0.0,biomass
13,87,0.0,biomass
108,87,0.0,biomass
40,87,0.0,biomass
97,87,0.0,biomass
1,87,0.0,biomass
66,87,0.0,biomass
2,87,0.0,conventional_hydroelectric
14,87,0.0,conventional_hydroelectric
27,87,272.05853760000014,conventional_hydroelectric
35,87,4.2459471999998755,conventional_hydroelectric
54,87,234.69674580000014,conventional_hydroelectric
67,87,0.0,conventional_hydroelectric
84,87,3320.755385400001,conventional_hydroelectric
109,87,0.0,conventional_hydroelectric
128,87,1.927859999999999,conventional_hydroelectric
139,87,0.0,conventional_hydroelectric
110,87,0.0,conventional_steam_coal
41,87,0.0,conventional_steam_coal
3,87,0.0,conventional_steam_coal
36,87,0.0,conventional_steam_coal
85,87,0.0,conventional_steam_coal
28,87,0.0,geothermal
116,87,0.0,natural_gas_fired_combined_cycle
73,87,0.0,natural_gas_fired_combined_cycle
71,87,0.0,natural_gas_fired_combined_cycle
44,87,0.0,natural_gas_fired_combined_cycle
115,87,0.0,natural_gas_fired_combined_cycle
70,87,0.0,natural_gas_fired_combined_cycle
131,87,0.0,natural_gas_fired_combined_cycle
18,87,0.0,natural_gas_fired_combined_cycle
72,87,0.0,natural_gas_fired_combined_cycle
114,87,0.0,natural_gas_fired_combined_cycle
45,87,0.0,natural_gas_fired_combined_cycle
78,87,0.0,natural_gas_fired_combustion_turbine
75,87,0.0,natural_gas_fired_combustion_turbine
119,87,0.0,natural_gas_fired_combustion_turbine
117,87,0.0,natural_gas_fired_combustion_turbine
134,87,0.0,natural_gas_fired_combustion_turbine
103,87,0.0,natural_gas_fired_combustion_turbine
47,87,0.0,natural_gas_fired_combustion_turbine
8,87,0.0,natural_gas_fired_combustion_turbine
90,87,0.0,natural_gas_fired_combustion_turbine
60,87,0.0,natural_gas_fired_combustion_turbine
46,87,0.0,natural_gas_fired_combustion_turbine
37,87,0.0,natural_gas_fired_combustion_turbine
7,87,0.0,natural_gas_fired_combustion_turbine
133,87,0.0,natural_gas_fired_combustion_turbine
74,87,0.0,natural_gas_fired_combustion_turbine
20,87,0.0,natural_gas_fired_combustion_turbine
135,87,0.0,natural_gas_fired_combustion_turbine
142,87,0.0,natural_gas_fired_combustion_turbine
121,87,0.0,natural_gas_fired_combustion_turbine
91,87,0.0,natural_gas_fired_combustion_turbine
22,87,0.0,natural_gas_steam_turbine
123,87,0.0,natural_gas_steam_turbine
62,87,0.0,natural_gas_steam_turbine
49,87,0.0,natural_gas_steam_turbine
48,87,0.0,natural_gas_steam_turbine
21,87,0.0,natural_gas_steam_turbine
79,87,0.0,nuclear
10,87,0.0,onshore_wind_turbine
23,87,12145.6412,onshore_wind_turbine
31,87,714.82082,onshore_wind_turbine
38,87,2221.0755,onshore_wind_turbine
50,87,4624.384313321514,onshore_wind_turbine
63,87,0.0,onshore_wind_turbine
80,87,0.0,onshore_wind_turbine
94,87,0.0,onshore_wind_turbine
105,87,0.0,onshore_wind_turbine
124,87,0.0,onshore_wind_turbine
136,87,1484.9589300000002,onshore_wind_turbine
144,87,2828.9293199999997,onshore_wind_turbine
11,87,0.0,small_hydroelectric
24,87,0.0,small_hydroelectric
32,87,0.0,small_hydroelectric
39,87,0.0,small_hydroelectric
51,87,0.0,small_hydroelectric
64,87,0.0,small_hydroelectric
81,87,0.0,small_hydroelectric
95,87,0.0,small_hydroelectric
106,87,0.0,small_hydroelectric
125,87,0.0,small_hydroelectric
137,87,0.0,small_hydroelectric
145,87,0.0,small_hydroelectric
12,87,10481.86566,solar_photovoltaic
25,87,0.0,solar_photovoltaic
33,87,0.0,solar_photovoltaic
52,87,0.0,solar_photovoltaic
65,87,0.0,solar_photovoltaic
82,87,14628.373060000002,solar_photovoltaic
96,87,0.0,solar_photovoltaic
107,87,17018.0618946975,solar_photovoltaic
126,87,34361.361945981,solar_photovoltaic
138,87,3229.6025299999997,solar_photovoltaic
26,88,0.0,biomass
13,88,0.0,biomass
108,88,0.0,biomass
40,88,0.0,biomass
97,88,0.0,biomass
1,88,0.0,biomass
66,88,0.0,biomass
2,88,174.5905055999998,conventional_hydroelectric
14,88,11.571938399999993,conventional_hydroelectric
27,88,389.1791736000001,conventional_hydroelectric
35,88,211.5480751999999,conventional_hydroelectric
54,88,320.96702880000015,conventional_hydroelectric
67,88,0.0,conventional_hydroelectric
84,88,5732.152559400001,conventional_hydroelectric
109,88,0.0,conventional_hydroelectric
128,88,14.52726,conventional_hydroelectric
139,88,0.0,conventional_hydroelectric
110,88,0.0,conventional_steam_coal
41,88,0.0,conventional_steam_coal
3,88,0.0,conventional_steam_coal
36,88,0.0,conventional_steam_coal
85,88,0.0,conventional_steam_coal
28,88,0.0,geothermal
116,88,0.0,natural_gas_fired_combined_cycle
73,88,0.0,natural_gas_fired_combined_cycle
71,88,0.0,natural_gas_fired_combined_cycle
44,88,0.0,natural_gas_fired_combined_cycle
115,88,0.0,natural_gas_fired_combined_cycle
70,88,0.0,natural_gas_fired_combined_cycle
131,88,0.0,natural_gas_fired_combined_cycle
18,88,0.0,natural_gas_fired_combined_cycle
72,88,0.0,natural_gas_fired_combined_cycle
114,88,0.0,natural_gas_fired_combined_cycle
45,88,0.0,natural_gas_fired_combined_cycle
78,88,0.0,natural_gas_fired_combustion_turbine
75,88,0.0,natural_gas_fired_combustion_turbine
119,88,0.0,natural_gas_fired_combustion_turbine
117,88,0.0,natural_gas_fired_combustion_turbine
134,88,0.0,natural_gas_fired_combustion_turbine
103,88,0.0,natural_gas_fired_combustion_turbine
47,88,0.0,natural_gas_fired_combustion_turbine
8,88,0.0,natural_gas_fired_combustion_turbine
90,88,0.0,natural_gas_fired_combustion_turbine
60,88,0.0,natural_gas_fired_combustion_turbine
46,88,0.0,natural_gas_fired_combustion_turbine
37,88,0.0,natural_gas_fired_combustion_turbine
7,88,0.0,natural_gas_fired_combustion_turbine
133,88,0.0,natural_gas_fired_combustion_turbine
74,88,0.0,natural_gas_fired_combustion_turbine
20,88,0.0,natural_gas_fired_combustion_turbine
135,88,0.0,natural_gas_fired_combustion_turbine
142,88,0.0,natural_gas_fired_combustion_turbine
121,88,0.0,natural_gas_fired_combustion_turbine
91,88,0.0,natural_gas_fired_combustion_turbine
22,88,0.0,natural_gas_steam_turbine
123,88,0.0,natural_gas_steam_turbine
62,88,0.0,natural_gas_steam_turbine
49,88,0.0,natural_gas_steam_turbine
48,88,0.0,natural_gas_steam_turbine
21,88,0.0,natural_gas_steam_turbine
79,88,0.0,nuclear
10,88,179.20945000000003,onshore_wind_turbine
23,88,12939.4496,onshore_wind_turbine
31,88,783.6906,onshore_wind_turbine
38,88,1617.8064,onshore_wind_turbine
50,88,4589.1140399999995,onshore_wind_turbine
63,88,0.0,onshore_wind_turbine
80,88,2749.8578799999996,onshore_wind_turbine
94,88,1272.3389583414737,onshore_wind_turbine
105,88,414.55862034300003,onshore_wind_turbine
124,88,228.88635023100002,onshore_wind_turbine
136,88,1576.7007900000003,onshore_wind_turbine
144,88,3073.3245899999997,onshore_wind_turbine
11,88,0.0,small_hydroelectric
24,88,0.0,small_hydroelectric
32,88,0.0,small_hydroelectric
39,88,0.0,small_hydroelectric
51,88,0.0,small_hydroelectric
64,88,0.0,small_hydroelectric
81,88,0.0,small_hydroelectric
95,88,0.0,small_hydroelectric
106,88,0.0,small_hydroelectric
125,88,0.0,small_hydroelectric
137,88,0.0,small_hydroelectric
145,88,0.0,small_hydroelectric
12,88,0.0,solar_photovoltaic
25,88,0.0,solar_photovoltaic
33,88,0.0,solar_photovoltaic
52,88,0.0,solar_photovoltaic
65,88,0.0,solar_photovoltaic
82,88,0.0,solar_photovoltaic
96,88,0.0,solar_photovoltaic
107,88,0.0,solar_photovoltaic
126,88,32061.0848500845,solar_photovoltaic
138,88,2992.16533,solar_photovoltaic
26,89,0.0,biomass
13,89,0.0,biomass
108,89,0.0,biomass
40,89,0.0,biomass
97,89,0.0,biomass
1,89,0.0,biomass
66,89,0.0,biomass
2,89,403.8786695999998,conventional_hydroelectric
14,89,50.61547039999999,conventional_hydroelectric
27,89,506.2998096000001,conventional_hydroelectric
35,89,418.8502031999999,conventional_hydroelectric
54,89,407.23731180000016,conventional_hydroelectric
67,89,218.0658846674878,conventional_hydroelectric
84,89,8143.549733400001,conventional_hydroelectric
109,89,0.0,conventional_hydroelectric
128,89,27.12666,conventional_hydroelectric
139,89,8.8733376,conventional_hydroelectric
110,89,0.0,conventional_steam_coal
41,89,0.0,conventional_steam_coal
3,89,0.0,conventional_steam_coal
36,89,0.0,conventional_steam_coal
85,89,0.0,conventional_steam_coal
28,89,0.0,geothermal
116,89,0.0,natural_gas_fired_combined_cycle
73,89,0.0,natural_gas_fired_combined_cycle
71,89,0.0,natural_gas_fired_combined_cycle
44,89,0.0,natural_gas_fired_combined_cycle
115,89,0.0,natural_gas_fired_combined_cycle
70,89,0.0,natural_gas_fired_combined_cycle
131,89,0.0,natural_gas_fired_combined_cycle
18,89,0.0,natural_gas_fired_combined_cycle
72,89,0.0,natural_gas_fired_combined_cycle
114,89,0.0,natural_gas_fired_combined_cycle
45,89,0.0,natural_gas_fired_combined_cycle
78,89,0.0,natural_gas_fired_combustion_turbine
75,89,0.0,natural_gas_fired_combustion_turbine
119,89,0.0,natural_gas_fired_combustion_turbine
117,89,0.0,natural_gas_fired_combustion_turbine
134,89,0.0,natural_gas_fired_combustion_turbine
103,89,0.0,natural_gas_fired_combustion_turbine
47,89,0.0,natural_gas_fired_combustion_turbine
8,89,0.0,natural_gas_fired_combustion_turbine
90,89,0.0,natural_gas_fired_combustion_turbine
60,89,0.0,natural_gas_fired_combustion_turbine
46,89,0.0,natural_gas_fired_combustion_turbine
37,89,0.0,natural_gas_fired_combustion_turbine
7,89,0.0,natural_gas_fired_combustion_turbine
133,89,0.0,natural_gas_fired_combustion_turbine
74,89,0.0,natural_gas_fired_combustion_turbine
20,89,0.0,natural_gas_fired_combustion_turbine
135,89,0.0,natural_gas_fired_combustion_turbine
142,89,0.0,natural_gas_fired_combustion_turbine
121,89,0.0,natural_gas_fired_combustion_turbine
91,89,0.0,natural_gas_fired_combustion_turbine
22,89,0.0,natural_gas_steam_turbine
123,89,0.0,natural_gas_steam_turbine
62,89,0.0,natural_gas_steam_turbine
49,89,0.0,natural_gas_steam_turbine
48,89,0.0,natural_gas_steam_turbine
21,89,0.0,natural_gas_steam_turbine
79,89,1851.49975,nuclear
10,89,346.17142000000007,onshore_wind_turbine
23,89,11666.7474,onshore_wind_turbine
31,89,910.7434700000001,onshore_wind_turbine
38,89,1117.9224,onshore_wind_turbine
50,89,4765.9311,onshore_wind_turbine
63,89,76.07095989919999,onshore_wind_turbine
80,89,2407.8681199999996,onshore_wind_turbine
94,89,1093.2931643315246,onshore_wind_turbine
105,89,312.648139671,onshore_wind_turbine
124,89,435.8839048564,onshore_wind_turbine
136,89,1713.4141500000003,onshore_wind_turbine
144,89,3492.9058499999996,onshore_wind_turbine
11,89,0.0,small_hydroelectric
24,89,0.0,small_hydroelectric
32,89,0.0,small_hydroelectric
39,89,0.0,small_hydroelectric
51,89,0.0,small_hydroelectric
64,89,0.0,small_hydroelectric
81,89,0.0,small_hydroelectric
95,89,0.0,small_hydroelectric
106,89,0.0,small_hydroelectric
125,89,0.0,small_hydroelectric
137,89,0.0,small_hydroelectric
145,89,0.0,small_hydroelectric
12,89,0.0,solar_photovoltaic
25,89,0.0,solar_photovoltaic
33,89,875.3206,solar_photovoltaic
52,89,2946.50034,solar_photovoltaic
65,89,12972.8519923254,solar_photovoltaic
82,89,9959.70185,solar_photovoltaic
96,89,0.0,solar_photovoltaic
107,89,11836.5715210435,solar_photovoltaic
126,89,26200.0145476055,solar_photovoltaic
138,89,2468.8902699999994,solar_photovoltaic
26,90,0.0,biomass
13,90,0.0,biomass
108,90,0.0,biomass
40,90,0.0,biomass
97,90,0.0,biomass
1,90,0.0,biomass
66,90,0.0,biomass
2,90,633.1668335999998,conventional_hydroelectric
14,90,89.65900239999999,conventional_hydroelectric
27,90,623.4204456000001,conventional_hydroelectric
35,90,626.1523311999999,conventional_hydroelectric
54,90,493.50759480000016,conventional_hydroelectric
67,90,821.8084656674878,conventional_hydroelectric
84,90,10554.9469074,conventional_hydroelectric
109,90,0.0,conventional_hydroelectric
128,90,39.726060000000004,conventional_hydroelectric
139,90,28.2037056,conventional_hydroelectric
110,90,21.500000000000004,conventional_steam_coal
41,90,0.0,conventional_steam_coal
3,90,5533.8834043515,conventional_steam_coal
36,90,0.0,conventional_steam_coal
85,90,0.0,conventional_steam_coal
28,90,0.0,geothermal
116,90,0.0,natural_gas_fired_combined_cycle
73,90,0.0,natural_gas_fired_combined_cycle
71,90,0.0,natural_gas_fired_combined_cycle
44,90,0.0,natural_gas_fired_combined_cycle
115,90,0.0,natural_gas_fired_combined_cycle
70,90,0.0,natural_gas_fired_combined_cycle
131,90,0.0,natural_gas_fired_combined_cycle
18,90,0.0,natural_gas_fired_combined_cycle
72,90,0.0,natural_gas_fired_combined_cycle
114,90,0.0,natural_gas_fired_combined_cycle
45,90,0.0,natural_gas_fired_combined_cycle
78,90,0.0,natural_gas_fired_combustion_turbine
75,90,0.0,natural_gas_fired_combustion_turbine
119,90,0.0,natural_gas_fired_combustion_turbine
117,90,0.0,natural_gas_fired_combustion_turbine
134,90,0.0,natural_gas_fired_combustion_turbine
103,90,0.0,natural_gas_fired_combustion_turbine
47,90,0.0,natural_gas_fired_combustion_turbine
8,90,0.0,natural_gas_fired_combustion_turbine
90,90,0.0,natural_gas_fired_combustion_turbine
60,90,0.0,natural_gas_fired_combustion_turbine
46,90,0.0,natural_gas_fired_combustion_turbine
37,90,0.0,natural_gas_fired_combustion_turbine
7,90,0.0,natural_gas_fired_combustion_turbine
133,90,0.0,natural_gas_fired_combustion_turbine
74,90,0.0,natural_gas_fired_combustion_turbine
20,90,0.0,natural_gas_fired_combustion_turbine
135,90,0.0,natural_gas_fired_combustion_turbine
142,90,0.0,natural_gas_fired_combustion_turbine
121,90,0.0,natural_gas_fired_combustion_turbine
91,90,0.0,natural_gas_fired_combustion_turbine
22,90,0.0,natural_gas_steam_turbine
123,90,0.0,natural_gas_steam_turbine
62,90,0.0,natural_gas_steam_turbine
49,90,0.0,natural_gas_steam_turbine
48,90,0.0,natural_gas_steam_turbine
21,90,0.0,natural_gas_steam_turbine
79,90,3702.9995,nuclear
10,90,400.92486,onshore_wind_turbine
23,90,10280.3778,onshore_wind_turbine
31,90,805.06398,onshore_wind_turbine
38,90,1492.2673499999999,onshore_wind_turbine
50,90,4225.99548,onshore_wind_turbine
63,90,99.99360026880001,onshore_wind_turbine
80,90,1233.20764,onshore_wind_turbine
94,90,875.3164,onshore_wind_turbine
105,90,24.900540945,onshore_wind_turbine
124,90,1161.4331441482002,onshore_wind_turbine
136,90,1802.45772,onshore_wind_turbine
144,90,2392.04574,onshore_wind_turbine
11,90,0.0,small_hydroelectric
24,90,0.0,small_hydroelectric
32,90,0.0,small_hydroelectric
39,90,0.0,small_hydroelectric
51,90,0.0,small_hydroelectric
64,90,0.0,small_hydroelectric
81,90,0.0,small_hydroelectric
95,90,0.0,small_hydroelectric
106,90,0.0,small_hydroelectric
125,90,0.0,small_hydroelectric
137,90,0.0,small_hydroelectric
145,90,0.0,small_hydroelectric
12,90,3296.6816400000002,solar_photovoltaic
25,90,233.91115999999997,solar_photovoltaic
33,90,562.47975,solar_photovoltaic
52,90,507.32612000000006,solar_photovoltaic
65,90,6852.333670322001,solar_photovoltaic
82,90,5043.25745,solar_photovoltaic
96,90,166.91248000000002,solar_photovoltaic
107,90,6387.677592296,solar_photovoltaic
126,90,16207.796901401,solar_photovoltaic
138,90,1383.0716899999998,solar_photovoltaic
26,91,11.235,biomass
13,91,15.682,biomass
108,91,137.081,biomass
40,91,5.952,biomass
97,91,178.173,biomass
1,91,16.294,biomass
66,91,228.795,biomass
2,91,862.4549975999998,conventional_hydroelectric
14,91,128.7025344,conventional_hydroelectric
27,91,740.5410816000001,conventional_hydroelectric
35,91,833.4544592,conventional_hydroelectric
54,91,579.7778778000002,conventional_hydroelectric
67,91,1425.5510466674878,conventional_hydroelectric
84,91,12966.3440814,conventional_hydroelectric
109,91,107.76396152340001,conventional_hydroelectric
128,91,52.32546000000001,conventional_hydroelectric
139,91,47.5340736,conventional_hydroelectric
110,91,50.0,conventional_steam_coal
41,91,7219.002,conventional_steam_coal
3,91,13542.9459943515,conventional_steam_coal
36,91,1350.1595699999998,conventional_steam_coal
85,91,763.8,conventional_steam_coal
28,91,74.364,geothermal
116,91,36.160000000000004,natural_gas_fired_combined_cycle
73,91,412.60800000000006,natural_gas_fired_combined_cycle
71,91,574.5287349658097,natural_gas_fired_combined_cycle
44,91,0.0,natural_gas_fired_combined_cycle
115,91,0.0,natural_gas_fired_combined_cycle
70,91,0.0,natural_gas_fired_combined_cycle
131,91,0.0,natural_gas_fired_combined_cycle
18,91,0.0,natural_gas_fired_combined_cycle
72,91,0.0,natural_gas_fired_combined_cycle
114,91,0.0,natural_gas_fired_combined_cycle
45,91,0.0,natural_gas_fired_combined_cycle
78,91,257.0,natural_gas_fired_combustion_turbine
75,91,0.0,natural_gas_fired_combustion_turbine
119,91,0.0,natural_gas_fired_combustion_turbine
117,91,0.0,natural_gas_fired_combustion_turbine
134,91,0.0,natural_gas_fired_combustion_turbine
103,91,0.0,natural_gas_fired_combustion_turbine
47,91,0.0,natural_gas_fired_combustion_turbine
8,91,0.0,natural_gas_fired_combustion_turbine
90,91,0.0,natural_gas_fired_combustion_turbine
60,91,0.0,natural_gas_fired_combustion_turbine
46,91,0.0,natural_gas_fired_combustion_turbine
37,91,0.0,natural_gas_fired_combustion_turbine
7,91,0.0,natural_gas_fired_combustion_turbine
133,91,0.0,natural_gas_fired_combustion_turbine
74,91,0.0,natural_gas_fired_combustion_turbine
20,91,0.0,natural_gas_fired_combustion_turbine
135,91,0.0,natural_gas_fired_combustion_turbine
142,91,0.0,natural_gas_fired_combustion_turbine
121,91,0.0,natural_gas_fired_combustion_turbine
91,91,0.0,natural_gas_fired_combustion_turbine
22,91,0.0,natural_gas_steam_turbine
123,91,0.0,natural_gas_steam_turbine
62,91,0.0,natural_gas_steam_turbine
49,91,0.0,natural_gas_steam_turbine
48,91,0.0,natural_gas_steam_turbine
21,91,0.0,natural_gas_steam_turbine
79,91,5554.49925,nuclear
10,91,253.23466000000002,onshore_wind_turbine
23,91,5044.2238,onshore_wind_turbine
31,91,976.05102,onshore_wind_turbine
38,91,1259.36685,onshore_wind_turbine
50,91,2856.8488199999997,onshore_wind_turbine
63,91,195.9020001008,onshore_wind_turbine
80,91,539.0056,onshore_wind_turbine
94,91,1415.953,onshore_wind_turbine
105,91,1.5232013580000001,onshore_wind_turbine
124,91,4266.7431737546,onshore_wind_turbine
136,91,1966.15398,onshore_wind_turbine
144,91,2456.92944,onshore_wind_turbine
11,91,19.125,small_hydroelectric
24,91,62.577,small_hydroelectric
32,91,192.0,small_hydroelectric
39,91,52.9,small_hydroelectric
51,91,25.641,small_hydroelectric
64,91,6.128,small_hydroelectric
81,91,241.672,small_hydroelectric
95,91,418.922,small_hydroelectric
106,91,31.614,small_hydroelectric
125,91,100.697,small_hydroelectric
137,91,36.822,small_hydroelectric
145,91,33.21,small_hydroelectric
12,91,0.0,solar_photovoltaic
25,91,0.0,solar_photovoltaic
33,91,0.0,solar_photovoltaic
52,91,0.0,solar_photovoltaic
65,91,15.390700123400002,solar_photovoltaic
82,91,81.94073999999999,solar_photovoltaic
96,91,0.0,solar_photovoltaic
107,91,0.0,solar_photovoltaic
126,91,161.253101555,solar_photovoltaic
138,91,0.0,solar_photovoltaic
26,92,11.235,biomass
13,92,15.682,biomass
108,92,137.081,biomass
40,92,5.952,biomass
97,92,178.173,biomass
1,92,16.294,biomass
66,92,228.795,biomass
2,92,862.4549975999998,conventional_hydroelectric
14,92,128.7025344,conventional_hydroelectric
27,92,857.6617176000001,conventional_hydroelectric
35,92,833.4544592,conventional_hydroelectric
54,92,666.0481608000001,conventional_hydroelectric
67,92,1425.5510466674878,conventional_hydroelectric
84,92,15377.7412554,conventional_hydroelectric
109,92,107.76396152340001,conventional_hydroelectric
128,92,52.32546000000001,conventional_hydroelectric
139,92,47.5340736,conventional_hydroelectric
110,92,50.0,conventional_steam_coal
41,92,7219.002,conventional_steam_coal
3,92,8025.285091801897,conventional_steam_coal
36,92,1350.1595699999998,conventional_steam_coal
85,92,0.0,conventional_steam_coal
28,92,74.364,geothermal
116,92,0.0,natural_gas_fired_combined_cycle
73,92,0.0,natural_gas_fired_combined_cycle
71,92,0.0,natural_gas_fired_combined_cycle
44,92,0.0,natural_gas_fired_combined_cycle
115,92,0.0,natural_gas_fired_combined_cycle
70,92,0.0,natural_gas_fired_combined_cycle
131,92,0.0,natural_gas_fired_combined_cycle
18,92,0.0,natural_gas_fired_combined_cycle
72,92,0.0,natural_gas_fired_combined_cycle
114,92,0.0,natural_gas_fired_combined_cycle
45,92,0.0,natural_gas_fired_combined_cycle
78,92,0.0,natural_gas_fired_combustion_turbine
75,92,0.0,natural_gas_fired_combustion_turbine
119,92,0.0,natural_gas_fired_combustion_turbine
117,92,0.0,natural_gas_fired_combustion_turbine
134,92,0.0,natural_gas_fired_combustion_turbine
103,92,0.0,natural_gas_fired_combustion_turbine
47,92,0.0,natural_gas_fired_combustion_turbine
8,92,0.0,natural_gas_fired_combustion_turbine
90,92,0.0,natural_gas_fired_combustion_turbine
60,92,0.0,natural_gas_fired_combustion_turbine
46,92,0.0,natural_gas_fired_combustion_turbine
37,92,0.0,natural_gas_fired_combustion_turbine
7,92,0.0,natural_gas_fired_combustion_turbine
133,92,0.0,natural_gas_fired_combustion_turbine
74,92,0.0,natural_gas_fired_combustion_turbine
20,92,0.0,natural_gas_fired_combustion_turbine
135,92,0.0,natural_gas_fired_combustion_turbine
142,92,0.0,natural_gas_fired_combustion_turbine
121,92,0.0,natural_gas_fired_combustion_turbine
91,92,0.0,natural_gas_fired_combustion_turbine
22,92,0.0,natural_gas_steam_turbine
123,92,0.0,natural_gas_steam_turbine
62,92,0.0,natural_gas_steam_turbine
49,92,0.0,natural_gas_steam_turbine
48,92,0.0,natural_gas_steam_turbine
21,92,0.0,natural_gas_steam_turbine
79,92,7405.999,nuclear
10,92,361.30066000000005,onshore_wind_turbine
23,92,5722.5014,onshore_wind_turbine
31,92,1179.09813,onshore_wind_turbine
38,92,480.5703,onshore_wind_turbine
50,92,3085.8303,onshore_wind_turbine
63,92,233.1058803024,onshore_wind_turbine
80,92,154.26711999999998,onshore_wind_turbine
94,92,224.34580000000003,onshore_wind_turbine
105,92,1.2185597339999998,onshore_wind_turbine
124,92,9721.516991370801,onshore_wind_turbine
136,92,2414.0701200000003,onshore_wind_turbine
144,92,3473.4407399999996,onshore_wind_turbine
11,92,19.125,small_hydroelectric
24,92,62.577,small_hydroelectric
32,92,192.0,small_hydroelectric
39,92,52.9,small_hydroelectric
51,92,25.641,small_hydroelectric
64,92,6.128,small_hydroelectric
81,92,241.672,small_hydroelectric
95,92,418.922,small_hydroelectric
106,92,31.614,small_hydroelectric
125,92,100.697,small_hydroelectric
137,92,36.822,small_hydroelectric
145,92,33.21,small_hydroelectric
12,92,0.0,solar_photovoltaic
25,92,0.0,solar_photovoltaic
33,92,0.0,solar_photovoltaic
52,92,0.0,solar_photovoltaic
65,92,0.0,solar_photovoltaic
82,92,0.0,solar_photovoltaic
96,92,0.0,solar_photovoltaic
107,92,0.0,solar_photovoltaic
126,92,0.0,solar_photovoltaic
138,92,0.0,solar_photovoltaic
26,93,11.235,biomass
13,93,15.682,biomass
108,93,137.081,biomass
40,93,5.952,biomass
97,93,178.173,biomass
1,93,16.294,biomass
66,93,228.795,biomass
2,93,862.4549975999998,conventional_hydroelectric
14,93,128.7025344,conventional_hydroelectric
27,93,857.6617176000001,conventional_hydroelectric
35,93,833.4544592,conventional_hydroelectric
54,93,666.0481608000001,conventional_hydroelectric
67,93,1425.5510466674878,conventional_hydroelectric
84,93,15377.7412554,conventional_hydroelectric
109,93,107.76396152340001,conventional_hydroelectric
128,93,52.32546000000001,conventional_hydroelectric
139,93,47.5340736,conventional_hydroelectric
110,93,50.0,conventional_steam_coal
41,93,6220.169617812016,conventional_steam_coal
3,93,16.222501801898034,conventional_steam_coal
36,93,0.0,conventional_steam_coal
85,93,0.0,conventional_steam_coal
28,93,74.364,geothermal
116,93,0.0,natural_gas_fired_combined_cycle
73,93,0.0,natural_gas_fired_combined_cycle
71,93,0.0,natural_gas_fired_combined_cycle
44,93,0.0,natural_gas_fired_combined_cycle
115,93,0.0,natural_gas_fired_combined_cycle
70,93,0.0,natural_gas_fired_combined_cycle
131,93,0.0,natural_gas_fired_combined_cycle
18,93,0.0,natural_gas_fired_combined_cycle
72,93,0.0,natural_gas_fired_combined_cycle
114,93,0.0,natural_gas_fired_combined_cycle
45,93,0.0,natural_gas_fired_combined_cycle
78,93,0.0,natural_gas_fired_combustion_turbine
75,93,0.0,natural_gas_fired_combustion_turbine
119,93,0.0,natural_gas_fired_combustion_turbine
117,93,0.0,natural_gas_fired_combustion_turbine
134,93,0.0,natural_gas_fired_combustion_turbine
103,93,0.0,natural_gas_fired_combustion_turbine
47,93,0.0,natural_gas_fired_combustion_turbine
8,93,0.0,natural_gas_fired_combustion_turbine
90,93,0.0,natural_gas_fired_combustion_turbine
60,93,0.0,natural_gas_fired_combustion_turbine
46,93,0.0,natural_gas_fired_combustion_turbine
37,93,0.0,natural_gas_fired_combustion_turbine
7,93,0.0,natural_gas_fired_combustion_turbine
133,93,0.0,natural_gas_fired_combustion_turbine
74,93,0.0,natural_gas_fired_combustion_turbine
20,93,0.0,natural_gas_fired_combustion_turbine
135,93,0.0,natural_gas_fired_combustion_turbine
142,93,0.0,natural_gas_fired_combustion_turbine
121,93,0.0,natural_gas_fired_combustion_turbine
91,93,0.0,natural_gas_fired_combustion_turbine
22,93,0.0,natural_gas_steam_turbine
123,93,0.0,natural_gas_steam_turbine
62,93,0.0,natural_gas_steam_turbine
49,93,0.0,natural_gas_steam_turbine
48,93,0.0,natural_gas_steam_turbine
21,93,0.0,natural_gas_steam_turbine
79,93,7405.999,nuclear
10,93,324.37811000000005,onshore_wind_turbine
23,93,7295.211,onshore_wind_turbine
31,93,1047.29562,onshore_wind_turbine
38,93,528.2865,onshore_wind_turbine
50,93,1672.6487399999999,onshore_wind_turbine
63,93,299.6467597872,onshore_wind_turbine
80,93,265.78551999999996,onshore_wind_turbine
94,93,533.2810000000001,onshore_wind_turbine
105,93,2.5894402800000003,onshore_wind_turbine
124,93,17097.485933528,onshore_wind_turbine
136,93,2450.04732,onshore_wind_turbine
144,93,4479.1380899999995,onshore_wind_turbine
11,93,19.125,small_hydroelectric
24,93,62.577,small_hydroelectric
32,93,192.0,small_hydroelectric
39,93,52.9,small_hydroelectric
51,93,25.641,small_hydroelectric
64,93,6.128,small_hydroelectric
81,93,241.672,small_hydroelectric
95,93,418.922,small_hydroelectric
106,93,31.614,small_hydroelectric
125,93,100.697,small_hydroelectric
137,93,36.822,small_hydroelectric
145,93,33.21,small_hydroelectric
12,93,0.0,solar_photovoltaic
25,93,0.0,solar_photovoltaic
33,93,0.0,solar_photovoltaic
52,93,0.0,solar_photovoltaic
65,93,0.0,solar_photovoltaic
82,93,0.0,solar_photovoltaic
96,93,0.0,solar_photovoltaic
107,93,0.0,solar_photovoltaic
126,93,0.0,solar_photovoltaic
138,93,0.0,solar_photovoltaic
26,94,11.235,biomass
13,94,15.682,biomass
108,94,137.081,biomass
40,94,5.952,biomass
97,94,178.173,biomass
1,94,16.294,biomass
66,94,228.795,biomass
2,94,862.4549975999998,conventional_hydroelectric
14,94,128.7025344,conventional_hydroelectric
27,94,857.6617176000001,conventional_hydroelectric
35,94,833.4544592,conventional_hydroelectric
54,94,666.0481608000001,conventional_hydroelectric
67,94,1425.5510466674878,conventional_hydroelectric
84,94,15377.7412554,conventional_hydroelectric
109,94,107.76396152340001,conventional_hydroelectric
128,94,52.32546000000001,conventional_hydroelectric
139,94,47.5340736,conventional_hydroelectric
110,94,50.0,conventional_steam_coal
41,94,6822.534435525509,conventional_steam_coal
3,94,0.0,conventional_steam_coal
36,94,0.0,conventional_steam_coal
85,94,0.0,conventional_steam_coal
28,94,74.364,geothermal
116,94,0.0,natural_gas_fired_combined_cycle
73,94,0.0,natural_gas_fired_combined_cycle
71,94,0.0,natural_gas_fired_combined_cycle
44,94,0.0,natural_gas_fired_combined_cycle
115,94,0.0,natural_gas_fired_combined_cycle
70,94,0.0,natural_gas_fired_combined_cycle
131,94,0.0,natural_gas_fired_combined_cycle
18,94,0.0,natural_gas_fired_combined_cycle
72,94,0.0,natural_gas_fired_combined_cycle
114,94,0.0,natural_gas_fired_combined_cycle
45,94,0.0,natural_gas_fired_combined_cycle
78,94,0.0,natural_gas_fired_combustion_turbine
75,94,0.0,natural_gas_fired_combustion_turbine
119,94,0.0,natural_gas_fired_combustion_turbine
117,94,0.0,natural_gas_fired_combustion_turbine
134,94,0.0,natural_gas_fired_combustion_turbine
103,94,0.0,natural_gas_fired_combustion_turbine
47,94,0.0,natural_gas_fired_combustion_turbine
8,94,0.0,natural_gas_fired_combustion_turbine
90,94,0.0,natural_gas_fired_combustion_turbine
60,94,0.0,natural_gas_fired_combustion_turbine
46,94,0.0,natural_gas_fired_combustion_turbine
37,94,0.0,natural_gas_fired_combustion_turbine
7,94,0.0,natural_gas_fired_combustion_turbine
133,94,0.0,natural_gas_fired_combustion_turbine
74,94,0.0,natural_gas_fired_combustion_turbine
20,94,0.0,natural_gas_fired_combustion_turbine
135,94,0.0,natural_gas_fired_combustion_turbine
142,94,0.0,natural_gas_fired_combustion_turbine
121,94,0.0,natural_gas_fired_combustion_turbine
91,94,0.0,natural_gas_fired_combustion_turbine
22,94,0.0,natural_gas_steam_turbine
123,94,0.0,natural_gas_steam_turbine
62,94,0.0,natural_gas_steam_turbine
49,94,0.0,natural_gas_steam_turbine
48,94,0.0,natural_gas_steam_turbine
21,94,0.0,natural_gas_steam_turbine
79,94,7405.999,nuclear
10,94,345.81120000000004,onshore_wind_turbine
23,94,10168.5738,onshore_wind_turbine
31,94,1460.5143,onshore_wind_turbine
38,94,610.65375,onshore_wind_turbine
50,94,1321.047,onshore_wind_turbine
63,94,465.3263998823999,onshore_wind_turbine
80,94,590.1181999999999,onshore_wind_turbine
94,94,1176.896,onshore_wind_turbine
105,94,10.662399363,onshore_wind_turbine
124,94,16932.506074129804,onshore_wind_turbine
136,94,2389.78551,onshore_wind_turbine
144,94,5177.71926,onshore_wind_turbine
11,94,19.125,small_hydroelectric
24,94,62.577,small_hydroelectric
32,94,192.0,small_hydroelectric
39,94,52.9,small_hydroelectric
51,94,25.641,small_hydroelectric
64,94,6.128,small_hydroelectric
81,94,241.672,small_hydroelectric
95,94,418.922,small_hydroelectric
106,94,31.614,small_hydroelectric
125,94,100.697,small_hydroelectric
137,94,36.822,small_hydroelectric
145,94,33.21,small_hydroelectric
12,94,0.0,solar_photovoltaic
25,94,0.0,solar_photovoltaic
33,94,0.0,solar_photovoltaic
52,94,0.0,solar_photovoltaic
65,94,0.0,solar_photovoltaic
82,94,0.0,solar_photovoltaic
96,94,0.0,solar_photovoltaic
107,94,0.0,solar_photovoltaic
126,94,0.0,solar_photovoltaic
138,94,0.0,solar_photovoltaic
26,95,11.235,biomass
13,95,15.682,biomass
108,95,137.081,biomass
40,95,5.952,biomass
97,95,178.173,biomass
1,95,16.294,biomass
66,95,228.795,biomass
2,95,862.4549975999998,conventional_hydroelectric
14,95,128.7025344,conventional_hydroelectric
27,95,857.6617176000001,conventional_hydroelectric
35,95,833.4544592,conventional_hydroelectric
54,95,666.0481608000001,conventional_hydroelectric
67,95,1425.5510466674878,conventional_hydroelectric
84,95,15377.7412554,conventional_hydroelectric
109,95,107.76396152340001,conventional_hydroelectric
128,95,52.32546000000001,conventional_hydroelectric
139,95,47.5340736,conventional_hydroelectric
110,95,50.0,conventional_steam_coal
41,95,7219.002,conventional_steam_coal
3,95,0.0,conventional_steam_coal
36,95,0.0,conventional_steam_coal
85,95,0.0,conventional_steam_coal
28,95,74.364,geothermal
116,95,0.0,natural_gas_fired_combined_cycle
73,95,0.0,natural_gas_fired_combined_cycle
71,95,0.0,natural_gas_fired_combined_cycle
44,95,0.0,natural_gas_fired_combined_cycle
115,95,0.0,natural_gas_fired_combined_cycle
70,95,0.0,natural_gas_fired_combined_cycle
131,95,0.0,natural_gas_fired_combined_cycle
18,95,0.0,natural_gas_fired_combined_cycle
72,95,0.0,natural_gas_fired_combined_cycle
114,95,0.0,natural_gas_fired_combined_cycle
45,95,0.0,natural_gas_fired_combined_cycle
78,95,0.0,natural_gas_fired_combustion_turbine
75,95,0.0,natural_gas_fired_combustion_turbine
119,95,0.0,natural_gas_fired_combustion_turbine
117,95,0.0,natural_gas_fired_combustion_turbine
134,95,0.0,natural_gas_fired_combustion_turbine
103,95,0.0,natural_gas_fired_combustion_turbine
47,95,0.0,natural_gas_fired_combustion_turbine
8,95,0.0,natural_gas_fired_combustion_turbine
90,95,0.0,natural_gas_fired_combustion_turbine
60,95,0.0,natural_gas_fired_combustion_turbine
46,95,0.0,natural_gas_fired_combustion_turbine
37,95,0.0,natural_gas_fired_combustion_turbine
7,95,0.0,natural_gas_fired_combustion_turbine
133,95,0.0,natural_gas_fired_combustion_turbine
74,95,0.0,natural_gas_fired_combustion_turbine
20,95,0.0,natural_gas_fired_combustion_turbine
135,95,0.0,natural_gas_fired_combustion_turbine
142,95,0.0,natural_gas_fired_combustion_turbine
121,95,0.0,natural_gas_fired_combustion_turbine
91,95,0.0,natural_gas_fired_combustion_turbine
22,95,0.0,natural_gas_steam_turbine
123,95,0.0,natural_gas_steam_turbine
62,95,0.0,natural_gas_steam_turbine
49,95,0.0,natural_gas_steam_turbine
48,95,0.0,natural_gas_steam_turbine
21,95,0.0,natural_gas_steam_turbine
79,95,7405.999,nuclear
10,95,213.97068000000002,onshore_wind_turbine
23,95,12145.6412,onshore_wind_turbine
31,95,1953.2894500000002,onshore_wind_turbine
38,95,715.1749500000001,onshore_wind_turbine
50,95,1507.3484999999998,onshore_wind_turbine
63,95,497.4541601008,onshore_wind_turbine
80,95,756.4664799999999,onshore_wind_turbine
94,95,639.9372,onshore_wind_turbine
105,95,59.40479886600001,onshore_wind_turbine
124,95,14586.161308811403,onshore_wind_turbine
136,95,2222.4915300000002,onshore_wind_turbine
144,95,6404.021189999999,onshore_wind_turbine
11,95,19.125,small_hydroelectric
24,95,62.577,small_hydroelectric
32,95,192.0,small_hydroelectric
39,95,52.9,small_hydroelectric
51,95,25.641,small_hydroelectric
64,95,6.128,small_hydroelectric
81,95,241.672,small_hydroelectric
95,95,418.922,small_hydroelectric
106,95,31.614,small_hydroelectric
125,95,100.697,small_hydroelectric
137,95,36.822,small_hydroelectric
145,95,33.21,small_hydroelectric
12,95,0.0,solar_photovoltaic
25,95,0.0,solar_photovoltaic
33,95,0.0,solar_photovoltaic
52,95,0.0,solar_photovoltaic
65,95,0.0,solar_photovoltaic
82,95,0.0,solar_photovoltaic
96,95,0.0,solar_photovoltaic
107,95,0.0,solar_photovoltaic
126,95,0.0,solar_photovoltaic
138,95,0.0,solar_photovoltaic
26,96,11.235,biomass
13,96,15.682,biomass
108,96,137.081,biomass
40,96,5.952,biomass
97,96,178.173,biomass
1,96,16.294,biomass
66,96,228.795,biomass
2,96,862.4549975999998,conventional_hydroelectric
14,96,128.7025344,conventional_hydroelectric
27,96,857.6617176000001,conventional_hydroelectric
35,96,833.4544592,conventional_hydroelectric
54,96,666.0481608000001,conventional_hydroelectric
67,96,1425.5510466674878,conventional_hydroelectric
84,96,15377.7412554,conventional_hydroelectric
109,96,107.76396152340001,conventional_hydroelectric
128,96,52.32546000000001,conventional_hydroelectric
139,96,47.5340736,conventional_hydroelectric
110,96,50.0,conventional_steam_coal
41,96,7219.002,conventional_steam_coal
3,96,0.0,conventional_steam_coal
36,96,0.0,conventional_steam_coal
85,96,0.0,conventional_steam_coal
28,96,74.364,geothermal
116,96,0.0,natural_gas_fired_combined_cycle
73,96,0.0,natural_gas_fired_combined_cycle
71,96,0.0,natural_gas_fired_combined_cycle
44,96,0.0,natural_gas_fired_combined_cycle
115,96,0.0,natural_gas_fired_combined_cycle
70,96,0.0,natural_gas_fired_combined_cycle
131,96,0.0,natural_gas_fired_combined_cycle
18,96,0.0,natural_gas_fired_combined_cycle
72,96,0.0,natural_gas_fired_combined_cycle
114,96,0.0,natural_gas_fired_combined_cycle
45,96,0.0,natural_gas_fired_combined_cycle
78,96,0.0,natural_gas_fired_combustion_turbine
75,96,0.0,natural_gas_fired_combustion_turbine
119,96,0.0,natural_gas_fired_combustion_turbine
117,96,0.0,natural_gas_fired_combustion_turbine
134,96,0.0,natural_gas_fired_combustion_turbine
103,96,0.0,natural_gas_fired_combustion_turbine
47,96,0.0,natural_gas_fired_combustion_turbine
8,96,0.0,natural_gas_fired_combustion_turbine
90,96,0.0,natural_gas_fired_combustion_turbine
60,96,0.0,natural_gas_fired_combustion_turbine
46,96,0.0,natural_gas_fired_combustion_turbine
37,96,0.0,natural_gas_fired_combustion_turbine
7,96,0.0,natural_gas_fired_combustion_turbine
133,96,0.0,natural_gas_fired_combustion_turbine
74,96,0.0,natural_gas_fired_combustion_turbine
20,96,0.0,natural_gas_fired_combustion_turbine
135,96,0.0,natural_gas_fired_combustion_turbine
142,96,0.0,natural_gas_fired_combustion_turbine
121,96,0.0,natural_gas_fired_combustion_turbine
91,96,0.0,natural_gas_fired_combustion_turbine
22,96,0.0,natural_gas_steam_turbine
123,96,0.0,natural_gas_steam_turbine
62,96,0.0,natural_gas_steam_turbine
49,96,0.0,natural_gas_steam_turbine
48,96,0.0,natural_gas_steam_turbine
21,96,0.0,natural_gas_steam_turbine
79,96,7405.999,nuclear
10,96,166.96197,onshore_wind_turbine
23,96,11817.6828,onshore_wind_turbine
31,96,1873.73298,onshore_wind_turbine
38,96,343.67025,onshore_wind_turbine
50,96,1216.0406999999998,onshore_wind_turbine
63,96,378.0240799664,onshore_wind_turbine
80,96,245.34047999999996,onshore_wind_turbine
94,96,364.10220000000004,onshore_wind_turbine
105,96,515.5956399510001,onshore_wind_turbine
124,96,13350.827983031002,onshore_wind_turbine
136,96,804.98985,onshore_wind_turbine
144,96,2257.95276,onshore_wind_turbine
11,96,19.125,small_hydroelectric
24,96,62.577,small_hydroelectric
32,96,192.0,small_hydroelectric
39,96,52.9,small_hydroelectric
51,96,25.641,small_hydroelectric
64,96,6.128,small_hydroelectric
81,96,241.672,small_hydroelectric
95,96,418.922,small_hydroelectric
106,96,31.614,small_hydroelectric
125,96,100.697,small_hydroelectric
137,96,36.822,small_hydroelectric
145,96,33.21,small_hydroelectric
12,96,0.0,solar_photovoltaic
25,96,0.0,solar_photovoltaic
33,96,0.0,solar_photovoltaic
52,96,0.0,solar_photovoltaic
65,96,0.0,solar_photovoltaic
82,96,0.0,solar_photovoltaic
96,96,0.0,solar_photovoltaic
107,96,0.0,solar_photovoltaic
126,96,0.0,solar_photovoltaic
138,96,0.0,solar_photovoltaic
