r_id,hour,gen,resource
26,1,0.0,biomass
13,1,0.0,biomass
108,1,0.0,biomass
40,1,0.0,biomass
97,1,0.0,biomass
1,1,0.0,biomass
66,1,0.0,biomass
2,1,503.0527068,conventional_hydroelectric
14,1,169.6747228,conventional_hydroelectric
27,1,393.27134040000004,conventional_hydroelectric
35,1,578.9473888,conventional_hydroelectric
54,1,431.24747490000004,conventional_hydroelectric
67,1,1879.3680946735499,conventional_hydroelectric
84,1,8678.124528600001,conventional_hydroelectric
109,1,201.3078173262,conventional_hydroelectric
128,1,31.134180000000004,conventional_hydroelectric
139,1,38.194944,conventional_hydroelectric
110,1,0.0,conventional_steam_coal
41,1,0.0,conventional_steam_coal
3,1,0.0,conventional_steam_coal
36,1,0.0,conventional_steam_coal
85,1,0.0,conventional_steam_coal
28,1,74.364,geothermal
116,1,0.0,natural_gas_fired_combined_cycle
73,1,0.0,natural_gas_fired_combined_cycle
71,1,0.0,natural_gas_fired_combined_cycle
44,1,0.0,natural_gas_fired_combined_cycle
115,1,0.0,natural_gas_fired_combined_cycle
70,1,0.0,natural_gas_fired_combined_cycle
131,1,0.0,natural_gas_fired_combined_cycle
18,1,0.0,natural_gas_fired_combined_cycle
72,1,0.0,natural_gas_fired_combined_cycle
114,1,0.0,natural_gas_fired_combined_cycle
45,1,0.0,natural_gas_fired_combined_cycle
78,1,0.0,natural_gas_fired_combustion_turbine
75,1,0.0,natural_gas_fired_combustion_turbine
119,1,0.0,natural_gas_fired_combustion_turbine
117,1,0.0,natural_gas_fired_combustion_turbine
134,1,0.0,natural_gas_fired_combustion_turbine
103,1,0.0,natural_gas_fired_combustion_turbine
47,1,0.0,natural_gas_fired_combustion_turbine
8,1,0.0,natural_gas_fired_combustion_turbine
90,1,0.0,natural_gas_fired_combustion_turbine
60,1,0.0,natural_gas_fired_combustion_turbine
46,1,0.0,natural_gas_fired_combustion_turbine
37,1,0.0,natural_gas_fired_combustion_turbine
7,1,0.0,natural_gas_fired_combustion_turbine
133,1,0.0,natural_gas_fired_combustion_turbine
74,1,0.0,natural_gas_fired_combustion_turbine
20,1,0.0,natural_gas_fired_combustion_turbine
135,1,0.0,natural_gas_fired_combustion_turbine
142,1,0.0,natural_gas_fired_combustion_turbine
121,1,0.0,natural_gas_fired_combustion_turbine
91,1,0.0,natural_gas_fired_combustion_turbine
22,1,0.0,natural_gas_steam_turbine
123,1,0.0,natural_gas_steam_turbine
62,1,0.0,natural_gas_steam_turbine
49,1,0.0,natural_gas_steam_turbine
48,1,0.0,natural_gas_steam_turbine
21,1,0.0,natural_gas_steam_turbine
79,1,0.0,nuclear
10,1,797.16686,onshore_wind_turbine
23,1,14340.7264,onshore_wind_turbine
31,1,3469.6120200000005,onshore_wind_turbine
38,1,96.00044999999999,onshore_wind_turbine
50,1,3299.2301999999995,onshore_wind_turbine
63,1,49.9699196472,onshore_wind_turbine
80,1,6428.106439999999,onshore_wind_turbine
94,1,11198.901,onshore_wind_turbine
105,1,2567.317480749,onshore_wind_turbine
124,1,19365.725669659605,onshore_wind_turbine
136,1,1902.29445,onshore_wind_turbine
144,1,8973.41571,onshore_wind_turbine
11,1,19.125,small_hydroelectric
24,1,62.577,small_hydroelectric
32,1,192.0,small_hydroelectric
39,1,52.9,small_hydroelectric
51,1,25.641,small_hydroelectric
64,1,6.128,small_hydroelectric
81,1,241.672,small_hydroelectric
95,1,418.922,small_hydroelectric
106,1,31.614,small_hydroelectric
125,1,100.697,small_hydroelectric
137,1,36.822,small_hydroelectric
145,1,33.21,small_hydroelectric
12,1,0.0,solar_photovoltaic
25,1,0.0,solar_photovoltaic
33,1,0.0,solar_photovoltaic
52,1,0.0,solar_photovoltaic
65,1,0.0,solar_photovoltaic
82,1,0.0,solar_photovoltaic
96,1,0.0,solar_photovoltaic
107,1,0.0,solar_photovoltaic
126,1,0.0,solar_photovoltaic
138,1,0.0,solar_photovoltaic
26,2,0.0,biomass
13,2,0.0,biomass
108,2,0.0,biomass
40,2,0.0,biomass
97,2,0.0,biomass
1,2,0.0,biomass
66,2,0.0,biomass
2,2,502.77645599999994,conventional_hydroelectric
14,2,169.7217632,conventional_hydroelectric
27,2,392.8480128,conventional_hydroelectric
35,2,578.6976271999999,conventional_hydroelectric
54,2,430.31201400000003,conventional_hydroelectric
67,2,1878.0706809630087,conventional_hydroelectric
84,2,8675.2192308,conventional_hydroelectric
109,2,200.94332954280003,conventional_hydroelectric
128,2,31.103820000000002,conventional_hydroelectric
139,2,38.0086272,conventional_hydroelectric
110,2,0.0,conventional_steam_coal
41,2,0.0,conventional_steam_coal
3,2,0.0,conventional_steam_coal
36,2,0.0,conventional_steam_coal
85,2,0.0,conventional_steam_coal
28,2,74.364,geothermal
116,2,0.0,natural_gas_fired_combined_cycle
73,2,0.0,natural_gas_fired_combined_cycle
71,2,0.0,natural_gas_fired_combined_cycle
44,2,0.0,natural_gas_fired_combined_cycle
115,2,0.0,natural_gas_fired_combined_cycle
70,2,0.0,natural_gas_fired_combined_cycle
131,2,0.0,natural_gas_fired_combined_cycle
18,2,0.0,natural_gas_fired_combined_cycle
72,2,0.0,natural_gas_fired_combined_cycle
114,2,0.0,natural_gas_fired_combined_cycle
45,2,0.0,natural_gas_fired_combined_cycle
78,2,0.0,natural_gas_fired_combustion_turbine
75,2,0.0,natural_gas_fired_combustion_turbine
119,2,0.0,natural_gas_fired_combustion_turbine
117,2,0.0,natural_gas_fired_combustion_turbine
134,2,0.0,natural_gas_fired_combustion_turbine
103,2,0.0,natural_gas_fired_combustion_turbine
47,2,0.0,natural_gas_fired_combustion_turbine
8,2,0.0,natural_gas_fired_combustion_turbine
90,2,0.0,natural_gas_fired_combustion_turbine
60,2,0.0,natural_gas_fired_combustion_turbine
46,2,0.0,natural_gas_fired_combustion_turbine
37,2,0.0,natural_gas_fired_combustion_turbine
7,2,0.0,natural_gas_fired_combustion_turbine
133,2,0.0,natural_gas_fired_combustion_turbine
74,2,0.0,natural_gas_fired_combustion_turbine
20,2,0.0,natural_gas_fired_combustion_turbine
135,2,0.0,natural_gas_fired_combustion_turbine
142,2,0.0,natural_gas_fired_combustion_turbine
121,2,0.0,natural_gas_fired_combustion_turbine
91,2,0.0,natural_gas_fired_combustion_turbine
22,2,0.0,natural_gas_steam_turbine
123,2,0.0,natural_gas_steam_turbine
62,2,0.0,natural_gas_steam_turbine
49,2,0.0,natural_gas_steam_turbine
48,2,0.0,natural_gas_steam_turbine
21,2,0.0,natural_gas_steam_turbine
79,2,0.0,nuclear
10,2,597.78509,onshore_wind_turbine
23,2,13617.7272,onshore_wind_turbine
31,2,4112.00083,onshore_wind_turbine
38,2,143.71665,onshore_wind_turbine
50,2,2982.8563799999997,onshore_wind_turbine
63,2,36.5545599384,onshore_wind_turbine
80,2,7217.099119999999,onshore_wind_turbine
94,2,8723.7416,onshore_wind_turbine
105,2,2539.643681316,onshore_wind_turbine
124,2,17557.3014469468,onshore_wind_turbine
136,2,1447.18287,onshore_wind_turbine
144,2,8289.974069999998,onshore_wind_turbine
11,2,19.125,small_hydroelectric
24,2,62.577,small_hydroelectric
32,2,192.0,small_hydroelectric
39,2,52.9,small_hydroelectric
51,2,25.641,small_hydroelectric
64,2,6.128,small_hydroelectric
81,2,241.672,small_hydroelectric
95,2,418.922,small_hydroelectric
106,2,31.614,small_hydroelectric
125,2,100.697,small_hydroelectric
137,2,36.822,small_hydroelectric
145,2,33.21,small_hydroelectric
12,2,0.0,solar_photovoltaic
25,2,0.0,solar_photovoltaic
33,2,0.0,solar_photovoltaic
52,2,0.0,solar_photovoltaic
65,2,0.0,solar_photovoltaic
82,2,0.0,solar_photovoltaic
96,2,0.0,solar_photovoltaic
107,2,0.0,solar_photovoltaic
126,2,0.0,solar_photovoltaic
138,2,0.0,solar_photovoltaic
26,3,0.0,biomass
13,3,0.0,biomass
108,3,0.0,biomass
40,3,0.0,biomass
97,3,0.0,biomass
1,3,0.0,biomass
66,3,0.0,biomass
2,3,502.5002052,conventional_hydroelectric
14,3,169.76880359999998,conventional_hydroelectric
27,3,392.42468520000006,conventional_hydroelectric
35,3,578.6976271999999,conventional_hydroelectric
54,3,429.4804932,conventional_hydroelectric
67,3,1876.720807113984,conventional_hydroelectric
84,3,8669.4086352,conventional_hydroelectric
109,3,200.49996902520002,conventional_hydroelectric
128,3,31.088640000000005,conventional_hydroelectric
139,3,37.8456,conventional_hydroelectric
110,3,0.0,conventional_steam_coal
41,3,0.0,conventional_steam_coal
3,3,0.0,conventional_steam_coal
36,3,0.0,conventional_steam_coal
85,3,0.0,conventional_steam_coal
28,3,74.364,geothermal
116,3,0.0,natural_gas_fired_combined_cycle
73,3,0.0,natural_gas_fired_combined_cycle
71,3,0.0,natural_gas_fired_combined_cycle
44,3,0.0,natural_gas_fired_combined_cycle
115,3,0.0,natural_gas_fired_combined_cycle
70,3,0.0,natural_gas_fired_combined_cycle
131,3,0.0,natural_gas_fired_combined_cycle
18,3,0.0,natural_gas_fired_combined_cycle
72,3,0.0,natural_gas_fired_combined_cycle
114,3,0.0,natural_gas_fired_combined_cycle
45,3,0.0,natural_gas_fired_combined_cycle
78,3,0.0,natural_gas_fired_combustion_turbine
75,3,0.0,natural_gas_fired_combustion_turbine
119,3,0.0,natural_gas_fired_combustion_turbine
117,3,0.0,natural_gas_fired_combustion_turbine
134,3,0.0,natural_gas_fired_combustion_turbine
103,3,0.0,natural_gas_fired_combustion_turbine
47,3,0.0,natural_gas_fired_combustion_turbine
8,3,0.0,natural_gas_fired_combustion_turbine
90,3,0.0,natural_gas_fired_combustion_turbine
60,3,0.0,natural_gas_fired_combustion_turbine
46,3,0.0,natural_gas_fired_combustion_turbine
37,3,0.0,natural_gas_fired_combustion_turbine
7,3,0.0,natural_gas_fired_combustion_turbine
133,3,0.0,natural_gas_fired_combustion_turbine
74,3,0.0,natural_gas_fired_combustion_turbine
20,3,0.0,natural_gas_fired_combustion_turbine
135,3,0.0,natural_gas_fired_combustion_turbine
142,3,0.0,natural_gas_fired_combustion_turbine
121,3,0.0,natural_gas_fired_combustion_turbine
91,3,0.0,natural_gas_fired_combustion_turbine
22,3,0.0,natural_gas_steam_turbine
123,3,0.0,natural_gas_steam_turbine
62,3,0.0,natural_gas_steam_turbine
49,3,0.0,natural_gas_steam_turbine
48,3,0.0,natural_gas_steam_turbine
21,3,0.0,natural_gas_steam_turbine
79,3,0.0,nuclear
10,3,473.68930000000006,onshore_wind_turbine
23,3,12087.875800000002,onshore_wind_turbine
31,3,3082.51636,onshore_wind_turbine
38,3,114.17805,onshore_wind_turbine
50,3,2927.9821199999997,onshore_wind_turbine
63,3,56.904120128799995,onshore_wind_turbine
80,3,5403.9958,onshore_wind_turbine
94,3,7940.3702,onshore_wind_turbine
105,3,2720.855479797,onshore_wind_turbine
124,3,21397.112668485403,onshore_wind_turbine
136,3,863.4528000000001,onshore_wind_turbine
144,3,6538.11417,onshore_wind_turbine
11,3,19.125,small_hydroelectric
24,3,62.577,small_hydroelectric
32,3,192.0,small_hydroelectric
39,3,52.9,small_hydroelectric
51,3,25.641,small_hydroelectric
64,3,6.128,small_hydroelectric
81,3,241.672,small_hydroelectric
95,3,418.922,small_hydroelectric
106,3,31.614,small_hydroelectric
125,3,100.697,small_hydroelectric
137,3,36.822,small_hydroelectric
145,3,33.21,small_hydroelectric
12,3,0.0,solar_photovoltaic
25,3,0.0,solar_photovoltaic
33,3,0.0,solar_photovoltaic
52,3,0.0,solar_photovoltaic
65,3,0.0,solar_photovoltaic
82,3,0.0,solar_photovoltaic
96,3,0.0,solar_photovoltaic
107,3,0.0,solar_photovoltaic
126,3,0.0,solar_photovoltaic
138,3,0.0,solar_photovoltaic
26,4,0.0,biomass
13,4,0.0,biomass
108,4,0.0,biomass
40,4,0.0,biomass
97,4,0.0,biomass
1,4,0.0,biomass
66,4,0.0,biomass
2,4,502.2239543999999,conventional_hydroelectric
14,4,169.815844,conventional_hydroelectric
27,4,391.86024840000005,conventional_hydroelectric
35,4,578.4478656,conventional_hydroelectric
54,4,428.6489724,conventional_hydroelectric
67,4,1876.0458665524677,conventional_hydroelectric
84,4,8666.5033374,conventional_hydroelectric
109,4,200.0747325798,conventional_hydroelectric
128,4,31.058280000000003,conventional_hydroelectric
139,4,37.682572799999996,conventional_hydroelectric
110,4,0.0,conventional_steam_coal
41,4,0.0,conventional_steam_coal
3,4,0.0,conventional_steam_coal
36,4,0.0,conventional_steam_coal
85,4,0.0,conventional_steam_coal
28,4,74.364,geothermal
116,4,0.0,natural_gas_fired_combined_cycle
73,4,0.0,natural_gas_fired_combined_cycle
71,4,0.0,natural_gas_fired_combined_cycle
44,4,0.0,natural_gas_fired_combined_cycle
115,4,0.0,natural_gas_fired_combined_cycle
70,4,0.0,natural_gas_fired_combined_cycle
131,4,0.0,natural_gas_fired_combined_cycle
18,4,0.0,natural_gas_fired_combined_cycle
72,4,0.0,natural_gas_fired_combined_cycle
114,4,0.0,natural_gas_fired_combined_cycle
45,4,0.0,natural_gas_fired_combined_cycle
78,4,0.0,natural_gas_fired_combustion_turbine
75,4,0.0,natural_gas_fired_combustion_turbine
119,4,0.0,natural_gas_fired_combustion_turbine
117,4,0.0,natural_gas_fired_combustion_turbine
134,4,0.0,natural_gas_fired_combustion_turbine
103,4,0.0,natural_gas_fired_combustion_turbine
47,4,0.0,natural_gas_fired_combustion_turbine
8,4,0.0,natural_gas_fired_combustion_turbine
90,4,0.0,natural_gas_fired_combustion_turbine
60,4,0.0,natural_gas_fired_combustion_turbine
46,4,0.0,natural_gas_fired_combustion_turbine
37,4,0.0,natural_gas_fired_combustion_turbine
7,4,0.0,natural_gas_fired_combustion_turbine
133,4,0.0,natural_gas_fired_combustion_turbine
74,4,0.0,natural_gas_fired_combustion_turbine
20,4,0.0,natural_gas_fired_combustion_turbine
135,4,0.0,natural_gas_fired_combustion_turbine
142,4,0.0,natural_gas_fired_combustion_turbine
121,4,0.0,natural_gas_fired_combustion_turbine
91,4,0.0,natural_gas_fired_combustion_turbine
22,4,0.0,natural_gas_steam_turbine
123,4,0.0,natural_gas_steam_turbine
62,4,0.0,natural_gas_steam_turbine
49,4,0.0,natural_gas_steam_turbine
48,4,0.0,natural_gas_steam_turbine
21,4,0.0,natural_gas_steam_turbine
79,4,1283.1858690802023,nuclear
10,4,625.5220300000001,onshore_wind_turbine
23,4,8651.7662,onshore_wind_turbine
31,4,2258.45382,onshore_wind_turbine
38,4,89.7519,onshore_wind_turbine
50,4,2547.2495999999996,onshore_wind_turbine
63,4,71.6035596136,onshore_wind_turbine
80,4,4003.5105599999997,onshore_wind_turbine
94,4,10959.844,onshore_wind_turbine
105,4,2822.7849988800003,onshore_wind_turbine
124,4,19822.7073099748,onshore_wind_turbine
136,4,812.1852900000001,onshore_wind_turbine
144,4,7766.578889999999,onshore_wind_turbine
11,4,19.125,small_hydroelectric
24,4,62.577,small_hydroelectric
32,4,192.0,small_hydroelectric
39,4,52.9,small_hydroelectric
51,4,25.641,small_hydroelectric
64,4,6.128,small_hydroelectric
81,4,241.672,small_hydroelectric
95,4,418.922,small_hydroelectric
106,4,31.614,small_hydroelectric
125,4,100.697,small_hydroelectric
137,4,36.822,small_hydroelectric
145,4,33.21,small_hydroelectric
12,4,0.0,solar_photovoltaic
25,4,0.0,solar_photovoltaic
33,4,0.0,solar_photovoltaic
52,4,0.0,solar_photovoltaic
65,4,0.0,solar_photovoltaic
82,4,0.0,solar_photovoltaic
96,4,0.0,solar_photovoltaic
107,4,0.0,solar_photovoltaic
126,4,0.0,solar_photovoltaic
138,4,0.0,solar_photovoltaic
26,5,11.235,biomass
13,5,15.682,biomass
108,5,137.081,biomass
40,5,5.952,biomass
97,5,178.173,biomass
1,5,16.294,biomass
66,5,228.795,biomass
2,5,501.94770359999995,conventional_hydroelectric
14,5,169.86288439999998,conventional_hydroelectric
27,5,391.4369208,conventional_hydroelectric
35,5,578.4478656,conventional_hydroelectric
54,5,427.8174516,conventional_hydroelectric
67,5,1874.695992703443,conventional_hydroelectric
84,5,8663.5980396,conventional_hydroelectric
109,5,199.7102447964,conventional_hydroelectric
128,5,31.02792,conventional_hydroelectric
139,5,37.496255999999995,conventional_hydroelectric
110,5,28.499999999999996,conventional_steam_coal
41,5,0.0,conventional_steam_coal
3,5,0.0,conventional_steam_coal
36,5,0.0,conventional_steam_coal
85,5,0.0,conventional_steam_coal
28,5,74.364,geothermal
116,5,0.0,natural_gas_fired_combined_cycle
73,5,0.0,natural_gas_fired_combined_cycle
71,5,0.0,natural_gas_fired_combined_cycle
44,5,0.0,natural_gas_fired_combined_cycle
115,5,0.0,natural_gas_fired_combined_cycle
70,5,0.0,natural_gas_fired_combined_cycle
131,5,0.0,natural_gas_fired_combined_cycle
18,5,0.0,natural_gas_fired_combined_cycle
72,5,0.0,natural_gas_fired_combined_cycle
114,5,0.0,natural_gas_fired_combined_cycle
45,5,0.0,natural_gas_fired_combined_cycle
78,5,0.0,natural_gas_fired_combustion_turbine
75,5,0.0,natural_gas_fired_combustion_turbine
119,5,0.0,natural_gas_fired_combustion_turbine
117,5,0.0,natural_gas_fired_combustion_turbine
134,5,0.0,natural_gas_fired_combustion_turbine
103,5,0.0,natural_gas_fired_combustion_turbine
47,5,0.0,natural_gas_fired_combustion_turbine
8,5,0.0,natural_gas_fired_combustion_turbine
90,5,0.0,natural_gas_fired_combustion_turbine
60,5,0.0,natural_gas_fired_combustion_turbine
46,5,0.0,natural_gas_fired_combustion_turbine
37,5,0.0,natural_gas_fired_combustion_turbine
7,5,0.0,natural_gas_fired_combustion_turbine
133,5,0.0,natural_gas_fired_combustion_turbine
74,5,0.0,natural_gas_fired_combustion_turbine
20,5,0.0,natural_gas_fired_combustion_turbine
135,5,0.0,natural_gas_fired_combustion_turbine
142,5,0.0,natural_gas_fired_combustion_turbine
121,5,0.0,natural_gas_fired_combustion_turbine
91,5,0.0,natural_gas_fired_combustion_turbine
22,5,0.0,natural_gas_steam_turbine
123,5,0.0,natural_gas_steam_turbine
62,5,0.0,natural_gas_steam_turbine
49,5,0.0,natural_gas_steam_turbine
48,5,0.0,natural_gas_steam_turbine
21,5,0.0,natural_gas_steam_turbine
79,5,3134.685619080203,nuclear
10,5,537.44824,onshore_wind_turbine
23,5,3710.0294,onshore_wind_turbine
31,5,1240.84345,onshore_wind_turbine
38,5,97.13655,onshore_wind_turbine
50,5,3696.2217599999994,onshore_wind_turbine
63,5,145.60756004479998,onshore_wind_turbine
80,5,2324.2293199999995,onshore_wind_turbine
94,5,11772.6378,onshore_wind_turbine
105,5,2722.636421547,onshore_wind_turbine
124,5,19118.161083729403,onshore_wind_turbine
136,5,1154.86812,onshore_wind_turbine
144,5,6568.39323,onshore_wind_turbine
11,5,19.125,small_hydroelectric
24,5,62.577,small_hydroelectric
32,5,192.0,small_hydroelectric
39,5,52.9,small_hydroelectric
51,5,25.641,small_hydroelectric
64,5,6.128,small_hydroelectric
81,5,241.672,small_hydroelectric
95,5,418.922,small_hydroelectric
106,5,31.614,small_hydroelectric
125,5,100.697,small_hydroelectric
137,5,36.822,small_hydroelectric
145,5,33.21,small_hydroelectric
12,5,0.0,solar_photovoltaic
25,5,0.0,solar_photovoltaic
33,5,0.0,solar_photovoltaic
52,5,0.0,solar_photovoltaic
65,5,0.0,solar_photovoltaic
82,5,0.0,solar_photovoltaic
96,5,0.0,solar_photovoltaic
107,5,0.0,solar_photovoltaic
126,5,0.0,solar_photovoltaic
138,5,0.0,solar_photovoltaic
26,6,11.235,biomass
13,6,15.682,biomass
108,6,137.081,biomass
40,6,5.952,biomass
97,6,178.173,biomass
1,6,16.294,biomass
66,6,228.795,biomass
2,6,501.6714528,conventional_hydroelectric
14,6,169.9099248,conventional_hydroelectric
27,6,390.87248400000004,conventional_hydroelectric
35,6,578.1981040000001,conventional_hydroelectric
54,6,426.9859308,conventional_hydroelectric
67,6,1873.3985789929018,conventional_hydroelectric
84,6,8657.787444,conventional_hydroelectric
109,6,199.345757013,conventional_hydroelectric
128,6,31.012740000000004,conventional_hydroelectric
139,6,37.3332288,conventional_hydroelectric
110,6,50.0,conventional_steam_coal
41,6,0.0,conventional_steam_coal
3,6,0.0,conventional_steam_coal
36,6,0.0,conventional_steam_coal
85,6,0.0,conventional_steam_coal
28,6,74.364,geothermal
116,6,0.0,natural_gas_fired_combined_cycle
73,6,0.0,natural_gas_fired_combined_cycle
71,6,0.0,natural_gas_fired_combined_cycle
44,6,0.0,natural_gas_fired_combined_cycle
115,6,0.0,natural_gas_fired_combined_cycle
70,6,0.0,natural_gas_fired_combined_cycle
131,6,0.0,natural_gas_fired_combined_cycle
18,6,0.0,natural_gas_fired_combined_cycle
72,6,0.0,natural_gas_fired_combined_cycle
114,6,0.0,natural_gas_fired_combined_cycle
45,6,0.0,natural_gas_fired_combined_cycle
78,6,0.0,natural_gas_fired_combustion_turbine
75,6,0.0,natural_gas_fired_combustion_turbine
119,6,0.0,natural_gas_fired_combustion_turbine
117,6,0.0,natural_gas_fired_combustion_turbine
134,6,0.0,natural_gas_fired_combustion_turbine
103,6,0.0,natural_gas_fired_combustion_turbine
47,6,0.0,natural_gas_fired_combustion_turbine
8,6,0.0,natural_gas_fired_combustion_turbine
90,6,0.0,natural_gas_fired_combustion_turbine
60,6,0.0,natural_gas_fired_combustion_turbine
46,6,0.0,natural_gas_fired_combustion_turbine
37,6,0.0,natural_gas_fired_combustion_turbine
7,6,0.0,natural_gas_fired_combustion_turbine
133,6,0.0,natural_gas_fired_combustion_turbine
74,6,0.0,natural_gas_fired_combustion_turbine
20,6,0.0,natural_gas_fired_combustion_turbine
135,6,0.0,natural_gas_fired_combustion_turbine
142,6,0.0,natural_gas_fired_combustion_turbine
121,6,0.0,natural_gas_fired_combustion_turbine
91,6,0.0,natural_gas_fired_combustion_turbine
22,6,0.0,natural_gas_steam_turbine
123,6,0.0,natural_gas_steam_turbine
62,6,0.0,natural_gas_steam_turbine
49,6,0.0,natural_gas_steam_turbine
48,6,0.0,natural_gas_steam_turbine
21,6,0.0,natural_gas_steam_turbine
79,6,4986.185369080204,nuclear
10,6,346.53164,onshore_wind_turbine
23,6,3641.0836,onshore_wind_turbine
31,6,720.75787,onshore_wind_turbine
38,6,153.94155,onshore_wind_turbine
50,6,3509.92026,onshore_wind_turbine
63,6,156.7199198264,onshore_wind_turbine
80,6,3313.955119999999,onshore_wind_turbine
94,6,8734.775,onshore_wind_turbine
105,6,2897.4867603360003,onshore_wind_turbine
124,6,12552.902813019802,onshore_wind_turbine
136,6,996.5684400000001,onshore_wind_turbine
144,6,5822.23068,onshore_wind_turbine
11,6,19.125,small_hydroelectric
24,6,62.577,small_hydroelectric
32,6,192.0,small_hydroelectric
39,6,52.9,small_hydroelectric
51,6,25.641,small_hydroelectric
64,6,6.128,small_hydroelectric
81,6,241.672,small_hydroelectric
95,6,418.922,small_hydroelectric
106,6,31.614,small_hydroelectric
125,6,100.697,small_hydroelectric
137,6,36.822,small_hydroelectric
145,6,33.21,small_hydroelectric
12,6,0.0,solar_photovoltaic
25,6,0.0,solar_photovoltaic
33,6,0.0,solar_photovoltaic
52,6,147.91252,solar_photovoltaic
65,6,0.0,solar_photovoltaic
82,6,0.0,solar_photovoltaic
96,6,0.0,solar_photovoltaic
107,6,0.0,solar_photovoltaic
126,6,0.0,solar_photovoltaic
138,6,0.0,solar_photovoltaic
26,7,11.235,biomass
13,7,15.682,biomass
108,7,137.081,biomass
40,7,5.952,biomass
97,7,178.173,biomass
1,7,16.294,biomass
66,7,228.795,biomass
2,7,501.3952019999999,conventional_hydroelectric
14,7,170.0040056,conventional_hydroelectric
27,7,390.44915640000005,conventional_hydroelectric
35,7,578.1981040000001,conventional_hydroelectric
54,7,426.15441,conventional_hydroelectric
67,7,1872.7236457053928,conventional_hydroelectric
84,7,8654.8821462,conventional_hydroelectric
109,7,198.9023978916,conventional_hydroelectric
128,7,30.982380000000003,conventional_hydroelectric
139,7,37.146912,conventional_hydroelectric
110,7,28.499999999999996,conventional_steam_coal
41,7,0.0,conventional_steam_coal
3,7,0.0,conventional_steam_coal
36,7,0.0,conventional_steam_coal
85,7,0.0,conventional_steam_coal
28,7,74.364,geothermal
116,7,0.0,natural_gas_fired_combined_cycle
73,7,0.0,natural_gas_fired_combined_cycle
71,7,0.0,natural_gas_fired_combined_cycle
44,7,0.0,natural_gas_fired_combined_cycle
115,7,0.0,natural_gas_fired_combined_cycle
70,7,0.0,natural_gas_fired_combined_cycle
131,7,0.0,natural_gas_fired_combined_cycle
18,7,0.0,natural_gas_fired_combined_cycle
72,7,0.0,natural_gas_fired_combined_cycle
114,7,0.0,natural_gas_fired_combined_cycle
45,7,0.0,natural_gas_fired_combined_cycle
78,7,0.0,natural_gas_fired_combustion_turbine
75,7,0.0,natural_gas_fired_combustion_turbine
119,7,0.0,natural_gas_fired_combustion_turbine
117,7,0.0,natural_gas_fired_combustion_turbine
134,7,0.0,natural_gas_fired_combustion_turbine
103,7,0.0,natural_gas_fired_combustion_turbine
47,7,0.0,natural_gas_fired_combustion_turbine
8,7,0.0,natural_gas_fired_combustion_turbine
90,7,0.0,natural_gas_fired_combustion_turbine
60,7,0.0,natural_gas_fired_combustion_turbine
46,7,0.0,natural_gas_fired_combustion_turbine
37,7,0.0,natural_gas_fired_combustion_turbine
7,7,0.0,natural_gas_fired_combustion_turbine
133,7,0.0,natural_gas_fired_combustion_turbine
74,7,0.0,natural_gas_fired_combustion_turbine
20,7,0.0,natural_gas_fired_combustion_turbine
135,7,0.0,natural_gas_fired_combustion_turbine
142,7,0.0,natural_gas_fired_combustion_turbine
121,7,0.0,natural_gas_fired_combustion_turbine
91,7,0.0,natural_gas_fired_combustion_turbine
22,7,0.0,natural_gas_steam_turbine
123,7,0.0,natural_gas_steam_turbine
62,7,0.0,natural_gas_steam_turbine
49,7,0.0,natural_gas_steam_turbine
48,7,0.0,natural_gas_steam_turbine
21,7,0.0,natural_gas_steam_turbine
79,7,3134.685619080203,nuclear
10,7,353.37582000000003,onshore_wind_turbine
23,7,3603.8156,onshore_wind_turbine
31,7,689.88521,onshore_wind_turbine
38,7,61.3494,onshore_wind_turbine
50,7,3173.2226399999995,onshore_wind_turbine
63,7,97.72336008399999,onshore_wind_turbine
80,7,3979.34824,onshore_wind_turbine
94,7,7800.6138,onshore_wind_turbine
105,7,2805.064920924,onshore_wind_turbine
124,7,11671.046113804003,onshore_wind_turbine
136,7,734.8343100000001,onshore_wind_turbine
144,7,4803.556589999999,onshore_wind_turbine
11,7,19.125,small_hydroelectric
24,7,62.577,small_hydroelectric
32,7,192.0,small_hydroelectric
39,7,52.9,small_hydroelectric
51,7,25.641,small_hydroelectric
64,7,6.128,small_hydroelectric
81,7,241.672,small_hydroelectric
95,7,418.922,small_hydroelectric
106,7,31.614,small_hydroelectric
125,7,100.697,small_hydroelectric
137,7,36.822,small_hydroelectric
145,7,33.21,small_hydroelectric
12,7,2230.2743400000004,solar_photovoltaic
25,7,1326.86666,solar_photovoltaic
33,7,258.26535,solar_photovoltaic
52,7,2457.83608,solar_photovoltaic
65,7,3088.3240573346,solar_photovoltaic
82,7,0.0,solar_photovoltaic
96,7,0.0,solar_photovoltaic
107,7,2206.3787914175,solar_photovoltaic
126,7,3761.7424562445,solar_photovoltaic
138,7,941.0732099999999,solar_photovoltaic
26,8,0.0,biomass
13,8,0.0,biomass
108,8,0.0,biomass
40,8,0.0,biomass
97,8,0.0,biomass
1,8,0.0,biomass
66,8,0.0,biomass
2,8,458.5763280000002,conventional_hydroelectric
14,8,130.9604735999998,conventional_hydroelectric
27,8,273.3285203999991,conventional_hydroelectric
35,8,370.89597599999837,conventional_hydroelectric
54,8,425.3228892,conventional_hydroelectric
67,8,1268.9810647053905,conventional_hydroelectric
84,8,6243.484972199987,conventional_hydroelectric
109,8,198.47716144620003,conventional_hydroelectric
128,8,18.382980000000018,conventional_hydroelectric
139,8,17.816543999999137,conventional_hydroelectric
110,8,0.0,conventional_steam_coal
41,8,0.0,conventional_steam_coal
3,8,0.0,conventional_steam_coal
36,8,0.0,conventional_steam_coal
85,8,0.0,conventional_steam_coal
28,8,74.364,geothermal
116,8,0.0,natural_gas_fired_combined_cycle
73,8,0.0,natural_gas_fired_combined_cycle
71,8,0.0,natural_gas_fired_combined_cycle
44,8,0.0,natural_gas_fired_combined_cycle
115,8,0.0,natural_gas_fired_combined_cycle
70,8,0.0,natural_gas_fired_combined_cycle
131,8,0.0,natural_gas_fired_combined_cycle
18,8,0.0,natural_gas_fired_combined_cycle
72,8,0.0,natural_gas_fired_combined_cycle
114,8,0.0,natural_gas_fired_combined_cycle
45,8,0.0,natural_gas_fired_combined_cycle
78,8,0.0,natural_gas_fired_combustion_turbine
75,8,0.0,natural_gas_fired_combustion_turbine
119,8,0.0,natural_gas_fired_combustion_turbine
117,8,0.0,natural_gas_fired_combustion_turbine
134,8,0.0,natural_gas_fired_combustion_turbine
103,8,0.0,natural_gas_fired_combustion_turbine
47,8,0.0,natural_gas_fired_combustion_turbine
8,8,0.0,natural_gas_fired_combustion_turbine
90,8,0.0,natural_gas_fired_combustion_turbine
60,8,0.0,natural_gas_fired_combustion_turbine
46,8,0.0,natural_gas_fired_combustion_turbine
37,8,0.0,natural_gas_fired_combustion_turbine
7,8,0.0,natural_gas_fired_combustion_turbine
133,8,0.0,natural_gas_fired_combustion_turbine
74,8,0.0,natural_gas_fired_combustion_turbine
20,8,0.0,natural_gas_fired_combustion_turbine
135,8,0.0,natural_gas_fired_combustion_turbine
142,8,0.0,natural_gas_fired_combustion_turbine
121,8,0.0,natural_gas_fired_combustion_turbine
91,8,0.0,natural_gas_fired_combustion_turbine
22,8,0.0,natural_gas_steam_turbine
123,8,0.0,natural_gas_steam_turbine
62,8,0.0,natural_gas_steam_turbine
49,8,0.0,natural_gas_steam_turbine
48,8,0.0,natural_gas_steam_turbine
21,8,0.0,natural_gas_steam_turbine
79,8,1283.1858690802023,nuclear
10,8,138.86481,onshore_wind_turbine
23,8,4561.6032,onshore_wind_turbine
31,8,685.13557,onshore_wind_turbine
38,8,76.1187,onshore_wind_turbine
50,8,2654.2882799999998,onshore_wind_turbine
63,8,90.14880027999999,onshore_wind_turbine
80,8,3689.4003999999995,onshore_wind_turbine
94,8,7594.656999999999,onshore_wind_turbine
105,8,2585.756599356,onshore_wind_turbine
124,8,18712.286888279603,onshore_wind_turbine
136,8,638.5953000000001,onshore_wind_turbine
144,8,5757.346979999999,onshore_wind_turbine
11,8,19.125,small_hydroelectric
24,8,62.577,small_hydroelectric
32,8,192.0,small_hydroelectric
39,8,52.9,small_hydroelectric
51,8,25.641,small_hydroelectric
64,8,6.128,small_hydroelectric
81,8,241.672,small_hydroelectric
95,8,418.922,small_hydroelectric
106,8,31.614,small_hydroelectric
125,8,100.697,small_hydroelectric
137,8,36.822,small_hydroelectric
145,8,33.21,small_hydroelectric
12,8,5647.01508,solar_photovoltaic
25,8,2002.07028,solar_photovoltaic
33,8,726.7376427912126,solar_photovoltaic
52,8,3777.2987,solar_photovoltaic
65,8,9187.4320376559,solar_photovoltaic
82,8,0.0,solar_photovoltaic
96,8,438.58604999999994,solar_photovoltaic
107,8,8204.419658547,solar_photovoltaic
126,8,15942.7108544585,solar_photovoltaic
138,8,2223.23409,solar_photovoltaic
26,9,0.0,biomass
13,9,0.0,biomass
108,9,0.0,biomass
40,9,0.0,biomass
97,9,0.0,biomass
1,9,0.0,biomass
66,9,0.0,biomass
2,9,229.28816400000017,conventional_hydroelectric
14,9,91.91694159999959,conventional_hydroelectric
27,9,389.46139200000005,conventional_hydroelectric
35,9,207.30212800000044,conventional_hydroelectric
54,9,339.0526062000002,conventional_hydroelectric
67,9,665.2384837053905,conventional_hydroelectric
84,9,3832.087798199974,conventional_hydroelectric
109,9,115.88459999999993,conventional_hydroelectric
128,9,12.599400000000013,conventional_hydroelectric
139,9,17.304172799999996,conventional_hydroelectric
110,9,0.0,conventional_steam_coal
41,9,0.0,conventional_steam_coal
3,9,0.0,conventional_steam_coal
36,9,0.0,conventional_steam_coal
85,9,0.0,conventional_steam_coal
28,9,0.0,geothermal
116,9,0.0,natural_gas_fired_combined_cycle
73,9,0.0,natural_gas_fired_combined_cycle
71,9,0.0,natural_gas_fired_combined_cycle
44,9,0.0,natural_gas_fired_combined_cycle
115,9,0.0,natural_gas_fired_combined_cycle
70,9,0.0,natural_gas_fired_combined_cycle
131,9,0.0,natural_gas_fired_combined_cycle
18,9,0.0,natural_gas_fired_combined_cycle
72,9,0.0,natural_gas_fired_combined_cycle
114,9,0.0,natural_gas_fired_combined_cycle
45,9,0.0,natural_gas_fired_combined_cycle
78,9,0.0,natural_gas_fired_combustion_turbine
75,9,0.0,natural_gas_fired_combustion_turbine
119,9,0.0,natural_gas_fired_combustion_turbine
117,9,0.0,natural_gas_fired_combustion_turbine
134,9,0.0,natural_gas_fired_combustion_turbine
103,9,0.0,natural_gas_fired_combustion_turbine
47,9,0.0,natural_gas_fired_combustion_turbine
8,9,0.0,natural_gas_fired_combustion_turbine
90,9,0.0,natural_gas_fired_combustion_turbine
60,9,0.0,natural_gas_fired_combustion_turbine
46,9,0.0,natural_gas_fired_combustion_turbine
37,9,0.0,natural_gas_fired_combustion_turbine
7,9,0.0,natural_gas_fired_combustion_turbine
133,9,0.0,natural_gas_fired_combustion_turbine
74,9,0.0,natural_gas_fired_combustion_turbine
20,9,0.0,natural_gas_fired_combustion_turbine
135,9,0.0,natural_gas_fired_combustion_turbine
142,9,0.0,natural_gas_fired_combustion_turbine
121,9,0.0,natural_gas_fired_combustion_turbine
91,9,0.0,natural_gas_fired_combustion_turbine
22,9,0.0,natural_gas_steam_turbine
123,9,0.0,natural_gas_steam_turbine
62,9,0.0,natural_gas_steam_turbine
49,9,0.0,natural_gas_steam_turbine
48,9,0.0,natural_gas_steam_turbine
21,9,0.0,natural_gas_steam_turbine
79,9,0.0,nuclear
10,9,22.51375,onshore_wind_turbine
23,9,2877.0896000000002,onshore_wind_turbine
31,9,549.77083,onshore_wind_turbine
38,9,0.0,onshore_wind_turbine
50,9,2038.4771399999997,onshore_wind_turbine
63,9,39.2764402576,onshore_wind_turbine
80,9,2820.4861999999994,onshore_wind_turbine
94,9,6428.794400000001,onshore_wind_turbine
105,9,2446.437280854,onshore_wind_turbine
124,9,14334.042247817602,onshore_wind_turbine
136,9,224.85750000000004,onshore_wind_turbine
144,9,5143.114619999999,onshore_wind_turbine
11,9,0.0,small_hydroelectric
24,9,62.577,small_hydroelectric
32,9,0.0,small_hydroelectric
39,9,52.9,small_hydroelectric
51,9,0.0,small_hydroelectric
64,9,0.0,small_hydroelectric
81,9,241.672,small_hydroelectric
95,9,418.922,small_hydroelectric
106,9,0.0,small_hydroelectric
125,9,100.697,small_hydroelectric
137,9,0.0,small_hydroelectric
145,9,0.0,small_hydroelectric
12,9,8185.2057,solar_photovoltaic
25,9,2411.6016399999994,solar_photovoltaic
33,9,1133.762,solar_photovoltaic
52,9,4608.09706,solar_photovoltaic
65,9,13134.113722361099,solar_photovoltaic
82,9,0.0,solar_photovoltaic
96,9,0.0,solar_photovoltaic
107,9,12667.7591553485,solar_photovoltaic
126,9,20646.999196855842,solar_photovoltaic
138,9,2977.0971999999997,solar_photovoltaic
26,10,0.0,biomass
13,10,0.0,biomass
108,10,0.0,biomass
40,10,0.0,biomass
97,10,0.0,biomass
1,10,0.0,biomass
66,10,0.0,biomass
2,10,229.28816400000022,conventional_hydroelectric
14,10,92.15214360000004,conventional_hydroelectric
27,10,272.3407559999989,conventional_hydroelectric
35,10,370.1466911999978,conventional_hydroelectric
54,10,252.7823231999997,conventional_hydroelectric
67,10,61.49590270539022,conventional_hydroelectric
84,10,3811.7507135999954,conventional_hydroelectric
109,10,0.0,conventional_hydroelectric
128,10,18.276719999999997,conventional_hydroelectric
139,10,0.0,conventional_hydroelectric
110,10,0.0,conventional_steam_coal
41,10,0.0,conventional_steam_coal
3,10,0.0,conventional_steam_coal
36,10,0.0,conventional_steam_coal
85,10,0.0,conventional_steam_coal
28,10,0.0,geothermal
116,10,0.0,natural_gas_fired_combined_cycle
73,10,0.0,natural_gas_fired_combined_cycle
71,10,0.0,natural_gas_fired_combined_cycle
44,10,0.0,natural_gas_fired_combined_cycle
115,10,0.0,natural_gas_fired_combined_cycle
70,10,0.0,natural_gas_fired_combined_cycle
131,10,0.0,natural_gas_fired_combined_cycle
18,10,0.0,natural_gas_fired_combined_cycle
72,10,0.0,natural_gas_fired_combined_cycle
114,10,0.0,natural_gas_fired_combined_cycle
45,10,0.0,natural_gas_fired_combined_cycle
78,10,0.0,natural_gas_fired_combustion_turbine
75,10,0.0,natural_gas_fired_combustion_turbine
119,10,0.0,natural_gas_fired_combustion_turbine
117,10,0.0,natural_gas_fired_combustion_turbine
134,10,0.0,natural_gas_fired_combustion_turbine
103,10,0.0,natural_gas_fired_combustion_turbine
47,10,0.0,natural_gas_fired_combustion_turbine
8,10,0.0,natural_gas_fired_combustion_turbine
90,10,0.0,natural_gas_fired_combustion_turbine
60,10,0.0,natural_gas_fired_combustion_turbine
46,10,0.0,natural_gas_fired_combustion_turbine
37,10,0.0,natural_gas_fired_combustion_turbine
7,10,0.0,natural_gas_fired_combustion_turbine
133,10,0.0,natural_gas_fired_combustion_turbine
74,10,0.0,natural_gas_fired_combustion_turbine
20,10,0.0,natural_gas_fired_combustion_turbine
135,10,0.0,natural_gas_fired_combustion_turbine
142,10,0.0,natural_gas_fired_combustion_turbine
121,10,0.0,natural_gas_fired_combustion_turbine
91,10,0.0,natural_gas_fired_combustion_turbine
22,10,0.0,natural_gas_steam_turbine
123,10,0.0,natural_gas_steam_turbine
62,10,0.0,natural_gas_steam_turbine
49,10,0.0,natural_gas_steam_turbine
48,10,0.0,natural_gas_steam_turbine
21,10,0.0,natural_gas_steam_turbine
79,10,0.0,nuclear
10,10,89.15445000000001,onshore_wind_turbine
23,10,0.0,onshore_wind_turbine
31,10,524.83522,onshore_wind_turbine
38,10,41.46765,onshore_wind_turbine
50,10,1661.1319199999998,onshore_wind_turbine
63,10,23.9467201736,onshore_wind_turbine
80,10,2001.7552799999999,onshore_wind_turbine
94,10,0.0,onshore_wind_turbine
105,10,2492.109340161,onshore_wind_turbine
124,10,0.0,onshore_wind_turbine
136,10,0.0,onshore_wind_turbine
144,10,4911.6960899999995,onshore_wind_turbine
11,10,19.125,small_hydroelectric
24,10,0.0,small_hydroelectric
32,10,192.0,small_hydroelectric
39,10,0.0,small_hydroelectric
51,10,25.641,small_hydroelectric
64,10,0.0,small_hydroelectric
81,10,241.672,small_hydroelectric
95,10,0.0,small_hydroelectric
106,10,31.614,small_hydroelectric
125,10,0.0,small_hydroelectric
137,10,0.0,small_hydroelectric
145,10,33.21,small_hydroelectric
12,10,0.0,solar_photovoltaic
25,10,0.0,solar_photovoltaic
33,10,0.0,solar_photovoltaic
52,10,0.0,solar_photovoltaic
65,10,15568.149656672898,solar_photovoltaic
82,10,12507.668670000001,solar_photovoltaic
96,10,0.0,solar_photovoltaic
107,10,13910.39439952413,solar_photovoltaic
126,10,29007.883459163,solar_photovoltaic
138,10,3115.9066399999997,solar_photovoltaic
26,11,0.0,biomass
13,11,0.0,biomass
108,11,0.0,biomass
40,11,0.0,biomass
97,11,0.0,biomass
1,11,0.0,biomass
66,11,0.0,biomass
2,11,229.28816400000005,conventional_hydroelectric
14,11,131.19567560000004,conventional_hydroelectric
27,11,269.94189959999966,conventional_hydroelectric
35,11,370.39645279999957,conventional_hydroelectric
54,11,339.0526061999991,conventional_hydroelectric
67,11,53.50157988821013,conventional_hydroelectric
84,11,3808.8454157999954,conventional_hydroelectric
109,11,0.0,conventional_hydroelectric
128,11,25.19880000000002,conventional_hydroelectric
139,11,19.330368000000043,conventional_hydroelectric
110,11,0.0,conventional_steam_coal
41,11,0.0,conventional_steam_coal
3,11,0.0,conventional_steam_coal
36,11,0.0,conventional_steam_coal
85,11,0.0,conventional_steam_coal
28,11,74.364,geothermal
116,11,0.0,natural_gas_fired_combined_cycle
73,11,0.0,natural_gas_fired_combined_cycle
71,11,0.0,natural_gas_fired_combined_cycle
44,11,0.0,natural_gas_fired_combined_cycle
115,11,0.0,natural_gas_fired_combined_cycle
70,11,0.0,natural_gas_fired_combined_cycle
131,11,0.0,natural_gas_fired_combined_cycle
18,11,0.0,natural_gas_fired_combined_cycle
72,11,0.0,natural_gas_fired_combined_cycle
114,11,0.0,natural_gas_fired_combined_cycle
45,11,0.0,natural_gas_fired_combined_cycle
78,11,0.0,natural_gas_fired_combustion_turbine
75,11,0.0,natural_gas_fired_combustion_turbine
119,11,0.0,natural_gas_fired_combustion_turbine
117,11,0.0,natural_gas_fired_combustion_turbine
134,11,0.0,natural_gas_fired_combustion_turbine
103,11,0.0,natural_gas_fired_combustion_turbine
47,11,0.0,natural_gas_fired_combustion_turbine
8,11,0.0,natural_gas_fired_combustion_turbine
90,11,0.0,natural_gas_fired_combustion_turbine
60,11,0.0,natural_gas_fired_combustion_turbine
46,11,0.0,natural_gas_fired_combustion_turbine
37,11,0.0,natural_gas_fired_combustion_turbine
7,11,0.0,natural_gas_fired_combustion_turbine
133,11,0.0,natural_gas_fired_combustion_turbine
74,11,0.0,natural_gas_fired_combustion_turbine
20,11,0.0,natural_gas_fired_combustion_turbine
135,11,0.0,natural_gas_fired_combustion_turbine
142,11,0.0,natural_gas_fired_combustion_turbine
121,11,0.0,natural_gas_fired_combustion_turbine
91,11,0.0,natural_gas_fired_combustion_turbine
22,11,0.0,natural_gas_steam_turbine
123,11,0.0,natural_gas_steam_turbine
62,11,0.0,natural_gas_steam_turbine
49,11,0.0,natural_gas_steam_turbine
48,11,0.0,natural_gas_steam_turbine
21,11,0.0,natural_gas_steam_turbine
79,11,0.0,nuclear
10,11,396.60222000000005,onshore_wind_turbine
23,11,1591.3436000000002,onshore_wind_turbine
31,11,674.44888,onshore_wind_turbine
38,11,57.37305,onshore_wind_turbine
50,11,896.2795799999999,onshore_wind_turbine
63,11,30.6460003136,onshore_wind_turbine
80,11,1215.55056,onshore_wind_turbine
94,11,3298.9866,onshore_wind_turbine
105,11,2319.4609215749997,onshore_wind_turbine
124,11,0.0,onshore_wind_turbine
136,11,125.02077000000001,onshore_wind_turbine
144,11,4176.347489999999,onshore_wind_turbine
11,11,0.0,small_hydroelectric
24,11,62.577,small_hydroelectric
32,11,0.0,small_hydroelectric
39,11,52.9,small_hydroelectric
51,11,0.0,small_hydroelectric
64,11,0.0,small_hydroelectric
81,11,0.0,small_hydroelectric
95,11,0.0,small_hydroelectric
106,11,0.0,small_hydroelectric
125,11,0.0,small_hydroelectric
137,11,0.0,small_hydroelectric
145,11,0.0,small_hydroelectric
12,11,4968.337228274897,solar_photovoltaic
25,11,0.0,solar_photovoltaic
33,11,0.0,solar_photovoltaic
52,11,5008.29028,solar_photovoltaic
65,11,17009.7842664743,solar_photovoltaic
82,11,0.0,solar_photovoltaic
96,11,0.0,solar_photovoltaic
107,11,15463.3340334585,solar_photovoltaic
126,11,31180.3361080155,solar_photovoltaic
138,11,0.0,solar_photovoltaic
26,12,0.0,biomass
13,12,0.0,biomass
108,12,0.0,biomass
40,12,0.0,biomass
97,12,0.0,biomass
1,12,0.0,biomass
66,12,0.0,biomass
2,12,40.332616800001745,conventional_hydroelectric
14,12,170.2392076,conventional_hydroelectric
27,12,152.82126359999953,conventional_hydroelectric
35,12,370.14669119999866,conventional_hydroelectric
54,12,252.7823231999984,conventional_hydroelectric
67,12,657.2441608882106,conventional_hydroelectric
84,12,3803.0348201999955,conventional_hydroelectric
109,12,80.63050252919965,conventional_hydroelectric
128,12,12.599400000000012,conventional_hydroelectric
139,12,0.0,conventional_hydroelectric
110,12,0.0,conventional_steam_coal
41,12,0.0,conventional_steam_coal
3,12,0.0,conventional_steam_coal
36,12,0.0,conventional_steam_coal
85,12,0.0,conventional_steam_coal
28,12,0.0,geothermal
116,12,0.0,natural_gas_fired_combined_cycle
73,12,0.0,natural_gas_fired_combined_cycle
71,12,0.0,natural_gas_fired_combined_cycle
44,12,0.0,natural_gas_fired_combined_cycle
115,12,0.0,natural_gas_fired_combined_cycle
70,12,0.0,natural_gas_fired_combined_cycle
131,12,0.0,natural_gas_fired_combined_cycle
18,12,0.0,natural_gas_fired_combined_cycle
72,12,0.0,natural_gas_fired_combined_cycle
114,12,0.0,natural_gas_fired_combined_cycle
45,12,0.0,natural_gas_fired_combined_cycle
78,12,0.0,natural_gas_fired_combustion_turbine
75,12,0.0,natural_gas_fired_combustion_turbine
119,12,0.0,natural_gas_fired_combustion_turbine
117,12,0.0,natural_gas_fired_combustion_turbine
134,12,0.0,natural_gas_fired_combustion_turbine
103,12,0.0,natural_gas_fired_combustion_turbine
47,12,0.0,natural_gas_fired_combustion_turbine
8,12,0.0,natural_gas_fired_combustion_turbine
90,12,0.0,natural_gas_fired_combustion_turbine
60,12,0.0,natural_gas_fired_combustion_turbine
46,12,0.0,natural_gas_fired_combustion_turbine
37,12,0.0,natural_gas_fired_combustion_turbine
7,12,0.0,natural_gas_fired_combustion_turbine
133,12,0.0,natural_gas_fired_combustion_turbine
74,12,0.0,natural_gas_fired_combustion_turbine
20,12,0.0,natural_gas_fired_combustion_turbine
135,12,0.0,natural_gas_fired_combustion_turbine
142,12,0.0,natural_gas_fired_combustion_turbine
121,12,0.0,natural_gas_fired_combustion_turbine
91,12,0.0,natural_gas_fired_combustion_turbine
22,12,0.0,natural_gas_steam_turbine
123,12,0.0,natural_gas_steam_turbine
62,12,0.0,natural_gas_steam_turbine
49,12,0.0,natural_gas_steam_turbine
48,12,0.0,natural_gas_steam_turbine
21,12,0.0,natural_gas_steam_turbine
79,12,0.0,nuclear
10,12,535.82725,onshore_wind_turbine
23,12,1192.576,onshore_wind_turbine
31,12,259.4830952932673,onshore_wind_turbine
38,12,0.0,onshore_wind_turbine
50,12,600.22956,onshore_wind_turbine
63,12,22.897000291199998,onshore_wind_turbine
80,12,1406.0611599999997,onshore_wind_turbine
94,12,2618.5936,onshore_wind_turbine
105,12,2155.929859734,onshore_wind_turbine
124,12,12468.969378650401,onshore_wind_turbine
136,12,83.64699,onshore_wind_turbine
144,12,0.0,onshore_wind_turbine
11,12,19.125,small_hydroelectric
24,12,0.0,small_hydroelectric
32,12,0.0,small_hydroelectric
39,12,52.9,small_hydroelectric
51,12,25.641,small_hydroelectric
64,12,0.0,small_hydroelectric
81,12,241.672,small_hydroelectric
95,12,418.922,small_hydroelectric
106,12,31.614,small_hydroelectric
125,12,0.0,small_hydroelectric
137,12,36.822,small_hydroelectric
145,12,33.21,small_hydroelectric
12,12,9768.57336,solar_photovoltaic
25,12,2589.8374599999997,solar_photovoltaic
33,12,1364.3875,solar_photovoltaic
52,12,5028.3345,solar_photovoltaic
65,12,16937.5122595182,solar_photovoltaic
82,12,0.0,solar_photovoltaic
96,12,0.0,solar_photovoltaic
107,12,15572.841419779,solar_photovoltaic
126,12,31006.252851371002,solar_photovoltaic
138,12,0.0,solar_photovoltaic
26,13,0.0,biomass
13,13,0.0,biomass
108,13,0.0,biomass
40,13,0.0,biomass
97,13,0.0,biomass
1,13,0.0,biomass
66,13,0.0,biomass
2,13,269.6207808000017,conventional_hydroelectric
14,13,131.19567560000004,conventional_hydroelectric
27,13,269.9418995999998,conventional_hydroelectric
35,13,577.4488192,conventional_hydroelectric
54,13,246.85773750000067,conventional_hydroelectric
67,13,1260.9867418882109,conventional_hydroelectric
84,13,6214.431994199998,conventional_hydroelectric
109,13,196.51510252920002,conventional_hydroelectric
128,13,18.20081999999999,conventional_hydroelectric
139,13,16.62877439999995,conventional_hydroelectric
110,13,0.0,conventional_steam_coal
41,13,0.0,conventional_steam_coal
3,13,0.0,conventional_steam_coal
36,13,0.0,conventional_steam_coal
85,13,0.0,conventional_steam_coal
28,13,74.364,geothermal
116,13,0.0,natural_gas_fired_combined_cycle
73,13,0.0,natural_gas_fired_combined_cycle
71,13,0.0,natural_gas_fired_combined_cycle
44,13,0.0,natural_gas_fired_combined_cycle
115,13,0.0,natural_gas_fired_combined_cycle
70,13,0.0,natural_gas_fired_combined_cycle
131,13,0.0,natural_gas_fired_combined_cycle
18,13,0.0,natural_gas_fired_combined_cycle
72,13,0.0,natural_gas_fired_combined_cycle
114,13,0.0,natural_gas_fired_combined_cycle
45,13,0.0,natural_gas_fired_combined_cycle
78,13,0.0,natural_gas_fired_combustion_turbine
75,13,0.0,natural_gas_fired_combustion_turbine
119,13,0.0,natural_gas_fired_combustion_turbine
117,13,0.0,natural_gas_fired_combustion_turbine
134,13,0.0,natural_gas_fired_combustion_turbine
103,13,0.0,natural_gas_fired_combustion_turbine
47,13,0.0,natural_gas_fired_combustion_turbine
8,13,0.0,natural_gas_fired_combustion_turbine
90,13,0.0,natural_gas_fired_combustion_turbine
60,13,0.0,natural_gas_fired_combustion_turbine
46,13,0.0,natural_gas_fired_combustion_turbine
37,13,0.0,natural_gas_fired_combustion_turbine
7,13,0.0,natural_gas_fired_combustion_turbine
133,13,0.0,natural_gas_fired_combustion_turbine
74,13,0.0,natural_gas_fired_combustion_turbine
20,13,0.0,natural_gas_fired_combustion_turbine
135,13,0.0,natural_gas_fired_combustion_turbine
142,13,0.0,natural_gas_fired_combustion_turbine
121,13,0.0,natural_gas_fired_combustion_turbine
91,13,0.0,natural_gas_fired_combustion_turbine
22,13,0.0,natural_gas_steam_turbine
123,13,0.0,natural_gas_steam_turbine
62,13,0.0,natural_gas_steam_turbine
49,13,0.0,natural_gas_steam_turbine
48,13,0.0,natural_gas_steam_turbine
21,13,0.0,natural_gas_steam_turbine
79,13,0.0,nuclear
10,13,676.67327,onshore_wind_turbine
23,13,0.0,onshore_wind_turbine
31,13,0.0,onshore_wind_turbine
38,13,109.06559999999999,onshore_wind_turbine
50,13,1987.4761403627926,onshore_wind_turbine
63,13,0.0,onshore_wind_turbine
80,13,1587.27856,onshore_wind_turbine
94,13,283.1906,onshore_wind_turbine
105,13,2095.8856799580003,onshore_wind_turbine
124,13,14373.720609047803,onshore_wind_turbine
136,13,62.06067000000001,onshore_wind_turbine
144,13,3101.4408599999997,onshore_wind_turbine
11,13,0.0,small_hydroelectric
24,13,62.577,small_hydroelectric
32,13,192.0,small_hydroelectric
39,13,52.9,small_hydroelectric
51,13,0.0,small_hydroelectric
64,13,6.128,small_hydroelectric
81,13,0.0,small_hydroelectric
95,13,418.922,small_hydroelectric
106,13,0.0,small_hydroelectric
125,13,100.697,small_hydroelectric
137,13,36.822,small_hydroelectric
145,13,33.21,small_hydroelectric
12,13,9808.12224,solar_photovoltaic
25,13,2667.1850799999997,solar_photovoltaic
33,13,1365.7959,solar_photovoltaic
52,13,5052.5258,solar_photovoltaic
65,13,17508.477758016,solar_photovoltaic
82,13,0.0,solar_photovoltaic
96,13,0.0,solar_photovoltaic
107,13,15674.096276597498,solar_photovoltaic
126,13,30610.4352503005,solar_photovoltaic
138,13,0.0,solar_photovoltaic
26,14,0.0,biomass
13,14,0.0,biomass
108,14,0.0,biomass
40,14,0.0,biomass
97,14,0.0,biomass
1,14,0.0,biomass
66,14,0.0,biomass
2,14,498.90894480000094,conventional_hydroelectric
14,14,170.23920760000004,conventional_hydroelectric
27,14,387.0625356,conventional_hydroelectric
35,14,577.4488192,conventional_hydroelectric
54,14,333.12802050000005,conventional_hydroelectric
67,14,1864.7293228882108,conventional_hydroelectric
84,14,8625.8291682,conventional_hydroelectric
109,14,196.1506147458,conventional_hydroelectric
128,14,30.800220000000003,conventional_hydroelectric
139,14,35.9591424,conventional_hydroelectric
110,14,0.0,conventional_steam_coal
41,14,0.0,conventional_steam_coal
3,14,0.0,conventional_steam_coal
36,14,0.0,conventional_steam_coal
85,14,0.0,conventional_steam_coal
28,14,74.364,geothermal
116,14,0.0,natural_gas_fired_combined_cycle
73,14,0.0,natural_gas_fired_combined_cycle
71,14,0.0,natural_gas_fired_combined_cycle
44,14,0.0,natural_gas_fired_combined_cycle
115,14,0.0,natural_gas_fired_combined_cycle
70,14,0.0,natural_gas_fired_combined_cycle
131,14,0.0,natural_gas_fired_combined_cycle
18,14,0.0,natural_gas_fired_combined_cycle
72,14,0.0,natural_gas_fired_combined_cycle
114,14,0.0,natural_gas_fired_combined_cycle
45,14,0.0,natural_gas_fired_combined_cycle
78,14,0.0,natural_gas_fired_combustion_turbine
75,14,0.0,natural_gas_fired_combustion_turbine
119,14,0.0,natural_gas_fired_combustion_turbine
117,14,0.0,natural_gas_fired_combustion_turbine
134,14,0.0,natural_gas_fired_combustion_turbine
103,14,0.0,natural_gas_fired_combustion_turbine
47,14,0.0,natural_gas_fired_combustion_turbine
8,14,0.0,natural_gas_fired_combustion_turbine
90,14,0.0,natural_gas_fired_combustion_turbine
60,14,0.0,natural_gas_fired_combustion_turbine
46,14,0.0,natural_gas_fired_combustion_turbine
37,14,0.0,natural_gas_fired_combustion_turbine
7,14,0.0,natural_gas_fired_combustion_turbine
133,14,0.0,natural_gas_fired_combustion_turbine
74,14,0.0,natural_gas_fired_combustion_turbine
20,14,0.0,natural_gas_fired_combustion_turbine
135,14,0.0,natural_gas_fired_combustion_turbine
142,14,0.0,natural_gas_fired_combustion_turbine
121,14,0.0,natural_gas_fired_combustion_turbine
91,14,0.0,natural_gas_fired_combustion_turbine
22,14,0.0,natural_gas_steam_turbine
123,14,0.0,natural_gas_steam_turbine
62,14,0.0,natural_gas_steam_turbine
49,14,0.0,natural_gas_steam_turbine
48,14,0.0,natural_gas_steam_turbine
21,14,0.0,natural_gas_steam_turbine
79,14,0.0,nuclear
10,14,910.45605,onshore_wind_turbine
23,14,961.5144,onshore_wind_turbine
31,14,431.02983,onshore_wind_turbine
38,14,74.9826,onshore_wind_turbine
50,14,2430.04902,onshore_wind_turbine
63,14,189.2570398264,onshore_wind_turbine
80,14,2054.7265199999997,onshore_wind_turbine
94,14,209.6346,onshore_wind_turbine
105,14,1915.6757191109998,onshore_wind_turbine
124,14,21013.54268387331,onshore_wind_turbine
136,14,168.19341000000003,onshore_wind_turbine
144,14,1875.1389299999998,onshore_wind_turbine
11,14,19.125,small_hydroelectric
24,14,62.577,small_hydroelectric
32,14,0.0,small_hydroelectric
39,14,0.0,small_hydroelectric
51,14,25.641,small_hydroelectric
64,14,0.0,small_hydroelectric
81,14,0.0,small_hydroelectric
95,14,0.0,small_hydroelectric
106,14,31.614,small_hydroelectric
125,14,100.697,small_hydroelectric
137,14,36.822,small_hydroelectric
145,14,0.0,small_hydroelectric
12,14,9220.53888,solar_photovoltaic
25,14,2529.6782,solar_photovoltaic
33,14,1363.5072499999999,solar_photovoltaic
52,14,4905.30446,solar_photovoltaic
65,14,16109.2771770833,solar_photovoltaic
82,14,11077.60766,solar_photovoltaic
96,14,0.0,solar_photovoltaic
107,14,15114.876639306502,solar_photovoltaic
126,14,0.0,solar_photovoltaic
138,14,3062.0266599999995,solar_photovoltaic
26,15,0.0,biomass
13,15,0.0,biomass
108,15,0.0,biomass
40,15,0.0,biomass
97,15,0.0,biomass
1,15,0.0,biomass
66,15,0.0,biomass
2,15,269.62078080000015,conventional_hydroelectric
14,15,131.4308776,conventional_hydroelectric
27,15,269.9418995999997,conventional_hydroelectric
35,15,370.1466911999995,conventional_hydroelectric
54,15,419.39830350000005,conventional_hydroelectric
67,15,1260.9867418882102,conventional_hydroelectric
84,15,6214.431994199998,conventional_hydroelectric
109,15,195.7072542282,conventional_hydroelectric
128,15,18.20081999999999,conventional_hydroelectric
139,15,19.330368000000067,conventional_hydroelectric
110,15,0.0,conventional_steam_coal
41,15,0.0,conventional_steam_coal
3,15,0.0,conventional_steam_coal
36,15,0.0,conventional_steam_coal
85,15,0.0,conventional_steam_coal
28,15,0.0,geothermal
116,15,0.0,natural_gas_fired_combined_cycle
73,15,0.0,natural_gas_fired_combined_cycle
71,15,0.0,natural_gas_fired_combined_cycle
44,15,0.0,natural_gas_fired_combined_cycle
115,15,0.0,natural_gas_fired_combined_cycle
70,15,0.0,natural_gas_fired_combined_cycle
131,15,0.0,natural_gas_fired_combined_cycle
18,15,0.0,natural_gas_fired_combined_cycle
72,15,0.0,natural_gas_fired_combined_cycle
114,15,0.0,natural_gas_fired_combined_cycle
45,15,0.0,natural_gas_fired_combined_cycle
78,15,0.0,natural_gas_fired_combustion_turbine
75,15,0.0,natural_gas_fired_combustion_turbine
119,15,0.0,natural_gas_fired_combustion_turbine
117,15,0.0,natural_gas_fired_combustion_turbine
134,15,0.0,natural_gas_fired_combustion_turbine
103,15,0.0,natural_gas_fired_combustion_turbine
47,15,0.0,natural_gas_fired_combustion_turbine
8,15,0.0,natural_gas_fired_combustion_turbine
90,15,0.0,natural_gas_fired_combustion_turbine
60,15,0.0,natural_gas_fired_combustion_turbine
46,15,0.0,natural_gas_fired_combustion_turbine
37,15,0.0,natural_gas_fired_combustion_turbine
7,15,0.0,natural_gas_fired_combustion_turbine
133,15,0.0,natural_gas_fired_combustion_turbine
74,15,0.0,natural_gas_fired_combustion_turbine
20,15,0.0,natural_gas_fired_combustion_turbine
135,15,0.0,natural_gas_fired_combustion_turbine
142,15,0.0,natural_gas_fired_combustion_turbine
121,15,0.0,natural_gas_fired_combustion_turbine
91,15,0.0,natural_gas_fired_combustion_turbine
22,15,0.0,natural_gas_steam_turbine
123,15,0.0,natural_gas_steam_turbine
62,15,0.0,natural_gas_steam_turbine
49,15,0.0,natural_gas_steam_turbine
48,15,0.0,natural_gas_steam_turbine
21,15,0.0,natural_gas_steam_turbine
79,15,0.0,nuclear
10,15,1011.3176500000001,onshore_wind_turbine
23,15,1533.5782,onshore_wind_turbine
31,15,429.84242000000006,onshore_wind_turbine
38,15,110.2017,onshore_wind_turbine
50,15,2252.5544999999997,onshore_wind_turbine
63,15,204.0152796472,onshore_wind_turbine
80,15,2374.4125999999997,onshore_wind_turbine
94,15,117.6896,onshore_wind_turbine
105,15,1837.2226603919999,onshore_wind_turbine
124,15,21286.162657683006,onshore_wind_turbine
136,15,1184.5493100000003,onshore_wind_turbine
144,15,2313.43034439839,onshore_wind_turbine
11,15,19.125,small_hydroelectric
24,15,0.0,small_hydroelectric
32,15,0.0,small_hydroelectric
39,15,0.0,small_hydroelectric
51,15,0.0,small_hydroelectric
64,15,6.128,small_hydroelectric
81,15,241.672,small_hydroelectric
95,15,0.0,small_hydroelectric
106,15,0.0,small_hydroelectric
125,15,0.0,small_hydroelectric
137,15,0.0,small_hydroelectric
145,15,33.21,small_hydroelectric
12,15,8001.5859,solar_photovoltaic
25,15,2202.7257,solar_photovoltaic
33,15,0.0,solar_photovoltaic
52,15,0.0,solar_photovoltaic
65,15,0.0,solar_photovoltaic
82,15,0.0,solar_photovoltaic
96,15,0.0,solar_photovoltaic
107,15,14526.3270550475,solar_photovoltaic
126,15,31204.3011918155,solar_photovoltaic
138,15,0.0,solar_photovoltaic
26,16,0.0,biomass
13,16,0.0,biomass
108,16,0.0,biomass
40,16,0.0,biomass
97,16,0.0,biomass
1,16,0.0,biomass
66,16,0.0,biomass
2,16,498.9089448,conventional_hydroelectric
14,16,92.48142639999968,conventional_hydroelectric
27,16,268.5308075999998,conventional_hydroelectric
35,16,369.6471679999995,conventional_hydroelectric
54,16,333.12802050000005,conventional_hydroelectric
67,16,1860.0572209180968,conventional_hydroelectric
84,16,6202.810802999997,conventional_hydroelectric
109,16,195.282019179,conventional_hydroelectric
128,16,18.14009999999999,conventional_hydroelectric
139,16,0.0,conventional_hydroelectric
110,16,0.0,conventional_steam_coal
41,16,0.0,conventional_steam_coal
3,16,0.0,conventional_steam_coal
36,16,0.0,conventional_steam_coal
85,16,0.0,conventional_steam_coal
28,16,74.364,geothermal
116,16,0.0,natural_gas_fired_combined_cycle
73,16,0.0,natural_gas_fired_combined_cycle
71,16,0.0,natural_gas_fired_combined_cycle
44,16,0.0,natural_gas_fired_combined_cycle
115,16,0.0,natural_gas_fired_combined_cycle
70,16,0.0,natural_gas_fired_combined_cycle
131,16,0.0,natural_gas_fired_combined_cycle
18,16,0.0,natural_gas_fired_combined_cycle
72,16,0.0,natural_gas_fired_combined_cycle
114,16,0.0,natural_gas_fired_combined_cycle
45,16,0.0,natural_gas_fired_combined_cycle
78,16,0.0,natural_gas_fired_combustion_turbine
75,16,0.0,natural_gas_fired_combustion_turbine
119,16,0.0,natural_gas_fired_combustion_turbine
117,16,0.0,natural_gas_fired_combustion_turbine
134,16,0.0,natural_gas_fired_combustion_turbine
103,16,0.0,natural_gas_fired_combustion_turbine
47,16,0.0,natural_gas_fired_combustion_turbine
8,16,0.0,natural_gas_fired_combustion_turbine
90,16,0.0,natural_gas_fired_combustion_turbine
60,16,0.0,natural_gas_fired_combustion_turbine
46,16,0.0,natural_gas_fired_combustion_turbine
37,16,0.0,natural_gas_fired_combustion_turbine
7,16,0.0,natural_gas_fired_combustion_turbine
133,16,0.0,natural_gas_fired_combustion_turbine
74,16,0.0,natural_gas_fired_combustion_turbine
20,16,0.0,natural_gas_fired_combustion_turbine
135,16,0.0,natural_gas_fired_combustion_turbine
142,16,0.0,natural_gas_fired_combustion_turbine
121,16,0.0,natural_gas_fired_combustion_turbine
91,16,0.0,natural_gas_fired_combustion_turbine
22,16,0.0,natural_gas_steam_turbine
123,16,0.0,natural_gas_steam_turbine
62,16,0.0,natural_gas_steam_turbine
49,16,0.0,natural_gas_steam_turbine
48,16,0.0,natural_gas_steam_turbine
21,16,0.0,natural_gas_steam_turbine
79,16,1851.4997499999972,nuclear
10,16,1125.6875,onshore_wind_turbine
23,16,1902.5313999999998,onshore_wind_turbine
31,16,1626.7517000000003,onshore_wind_turbine
38,16,170.415,onshore_wind_turbine
50,16,3149.5115399999995,onshore_wind_turbine
63,16,208.9250796808,onshore_wind_turbine
80,16,2326.08796,onshore_wind_turbine
94,16,1147.4736,onshore_wind_turbine
105,16,0.0,onshore_wind_turbine
124,16,22701.664382243005,onshore_wind_turbine
136,16,1652.2529100000002,onshore_wind_turbine
144,16,3931.952219999999,onshore_wind_turbine
11,16,0.0,small_hydroelectric
24,16,62.577,small_hydroelectric
32,16,192.0,small_hydroelectric
39,16,52.9,small_hydroelectric
51,16,0.0,small_hydroelectric
64,16,0.0,small_hydroelectric
81,16,0.0,small_hydroelectric
95,16,0.0,small_hydroelectric
106,16,0.0,small_hydroelectric
125,16,100.697,small_hydroelectric
137,16,36.822,small_hydroelectric
145,16,0.0,small_hydroelectric
12,16,5875.8336,solar_photovoltaic
25,16,1586.5603599999997,solar_photovoltaic
33,16,330.25666996789437,solar_photovoltaic
52,16,0.0,solar_photovoltaic
65,16,12312.5309978167,solar_photovoltaic
82,16,12513.52158,solar_photovoltaic
96,16,943.4375299999999,solar_photovoltaic
107,16,12404.7139398945,solar_photovoltaic
126,16,0.0,solar_photovoltaic
138,16,2368.4360699999997,solar_photovoltaic
26,17,0.0,biomass
13,17,0.0,biomass
108,17,0.0,biomass
40,17,0.0,biomass
97,17,0.0,biomass
1,17,0.0,biomass
66,17,0.0,biomass
2,17,269.6207807999998,conventional_hydroelectric
14,17,131.52495840000006,conventional_hydroelectric
27,17,268.10747999999865,conventional_hydroelectric
35,17,369.647167999998,conventional_hydroelectric
54,17,330.63345809999913,conventional_hydroelectric
67,17,1256.3146399180987,conventional_hydroelectric
84,17,6199.905505199988,conventional_hydroelectric
109,17,194.9175313956,conventional_hydroelectric
128,17,18.109739999999938,conventional_hydroelectric
139,17,15.930086400000011,conventional_hydroelectric
110,17,0.0,conventional_steam_coal
41,17,0.0,conventional_steam_coal
3,17,0.0,conventional_steam_coal
36,17,0.0,conventional_steam_coal
85,17,0.0,conventional_steam_coal
28,17,74.364,geothermal
116,17,0.0,natural_gas_fired_combined_cycle
73,17,0.0,natural_gas_fired_combined_cycle
71,17,0.0,natural_gas_fired_combined_cycle
44,17,0.0,natural_gas_fired_combined_cycle
115,17,0.0,natural_gas_fired_combined_cycle
70,17,0.0,natural_gas_fired_combined_cycle
131,17,0.0,natural_gas_fired_combined_cycle
18,17,0.0,natural_gas_fired_combined_cycle
72,17,0.0,natural_gas_fired_combined_cycle
114,17,0.0,natural_gas_fired_combined_cycle
45,17,0.0,natural_gas_fired_combined_cycle
78,17,0.0,natural_gas_fired_combustion_turbine
75,17,0.0,natural_gas_fired_combustion_turbine
119,17,0.0,natural_gas_fired_combustion_turbine
117,17,0.0,natural_gas_fired_combustion_turbine
134,17,0.0,natural_gas_fired_combustion_turbine
103,17,0.0,natural_gas_fired_combustion_turbine
47,17,0.0,natural_gas_fired_combustion_turbine
8,17,0.0,natural_gas_fired_combustion_turbine
90,17,0.0,natural_gas_fired_combustion_turbine
60,17,0.0,natural_gas_fired_combustion_turbine
46,17,0.0,natural_gas_fired_combustion_turbine
37,17,0.0,natural_gas_fired_combustion_turbine
7,17,0.0,natural_gas_fired_combustion_turbine
133,17,0.0,natural_gas_fired_combustion_turbine
74,17,0.0,natural_gas_fired_combustion_turbine
20,17,0.0,natural_gas_fired_combustion_turbine
135,17,0.0,natural_gas_fired_combustion_turbine
142,17,0.0,natural_gas_fired_combustion_turbine
121,17,0.0,natural_gas_fired_combustion_turbine
91,17,0.0,natural_gas_fired_combustion_turbine
22,17,0.0,natural_gas_steam_turbine
123,17,0.0,natural_gas_steam_turbine
62,17,0.0,natural_gas_steam_turbine
49,17,0.0,natural_gas_steam_turbine
48,17,0.0,natural_gas_steam_turbine
21,17,0.0,natural_gas_steam_turbine
79,17,3702.999499999997,nuclear
10,17,1194.84974,onshore_wind_turbine
23,17,0.0,onshore_wind_turbine
31,17,1731.2437800000002,onshore_wind_turbine
38,17,111.90584999999999,onshore_wind_turbine
50,17,3259.93752,onshore_wind_turbine
63,17,221.6860797648,onshore_wind_turbine
80,17,3224.740399999999,onshore_wind_turbine
94,17,2666.4049999999997,onshore_wind_turbine
105,17,2131.54746042,onshore_wind_turbine
124,17,22340.182610407202,onshore_wind_turbine
136,17,1891.5012900000002,onshore_wind_turbine
144,17,4141.74285,onshore_wind_turbine
11,17,19.125,small_hydroelectric
24,17,0.0,small_hydroelectric
32,17,0.0,small_hydroelectric
39,17,0.0,small_hydroelectric
51,17,0.0,small_hydroelectric
64,17,0.0,small_hydroelectric
81,17,241.672,small_hydroelectric
95,17,0.0,small_hydroelectric
106,17,31.614,small_hydroelectric
125,17,100.697,small_hydroelectric
137,17,36.822,small_hydroelectric
145,17,0.0,small_hydroelectric
12,17,3720.4196400000005,solar_photovoltaic
25,17,644.1898399999999,solar_photovoltaic
33,17,852.082,solar_photovoltaic
52,17,1736.24416,solar_photovoltaic
65,17,9030.016020376399,solar_photovoltaic
82,17,9520.7336,solar_photovoltaic
96,17,719.22235,solar_photovoltaic
107,17,8506.867746713,solar_photovoltaic
126,17,7712.396884104908,solar_photovoltaic
138,17,1517.3150299999998,solar_photovoltaic
26,18,11.235,biomass
13,18,15.682,biomass
108,18,137.081,biomass
40,18,5.952,biomass
97,18,178.173,biomass
1,18,16.294,biomass
66,18,228.795,biomass
2,18,498.08019239999993,conventional_hydroelectric
14,18,170.5684904,conventional_hydroelectric
27,18,385.22811600000006,conventional_hydroelectric
35,18,576.949296,conventional_hydroelectric
54,18,416.90374110000005,conventional_hydroelectric
67,18,1860.0572209181037,conventional_hydroelectric
84,18,8611.3026792,conventional_hydroelectric
109,18,194.5530436122,conventional_hydroelectric
128,18,30.709140000000005,conventional_hydroelectric
139,18,35.2604544,conventional_hydroelectric
110,18,28.499999999999996,conventional_steam_coal
41,18,0.0,conventional_steam_coal
3,18,6041.924409999961,conventional_steam_coal
36,18,1018.5414299999984,conventional_steam_coal
85,18,0.0,conventional_steam_coal
28,18,74.364,geothermal
116,18,0.0,natural_gas_fired_combined_cycle
73,18,0.0,natural_gas_fired_combined_cycle
71,18,0.0,natural_gas_fired_combined_cycle
44,18,0.0,natural_gas_fired_combined_cycle
115,18,0.0,natural_gas_fired_combined_cycle
70,18,0.0,natural_gas_fired_combined_cycle
131,18,0.0,natural_gas_fired_combined_cycle
18,18,0.0,natural_gas_fired_combined_cycle
72,18,0.0,natural_gas_fired_combined_cycle
114,18,0.0,natural_gas_fired_combined_cycle
45,18,0.0,natural_gas_fired_combined_cycle
78,18,0.0,natural_gas_fired_combustion_turbine
75,18,0.0,natural_gas_fired_combustion_turbine
119,18,0.0,natural_gas_fired_combustion_turbine
117,18,0.0,natural_gas_fired_combustion_turbine
134,18,0.0,natural_gas_fired_combustion_turbine
103,18,0.0,natural_gas_fired_combustion_turbine
47,18,0.0,natural_gas_fired_combustion_turbine
8,18,0.0,natural_gas_fired_combustion_turbine
90,18,0.0,natural_gas_fired_combustion_turbine
60,18,0.0,natural_gas_fired_combustion_turbine
46,18,0.0,natural_gas_fired_combustion_turbine
37,18,0.0,natural_gas_fired_combustion_turbine
7,18,0.0,natural_gas_fired_combustion_turbine
133,18,0.0,natural_gas_fired_combustion_turbine
74,18,0.0,natural_gas_fired_combustion_turbine
20,18,0.0,natural_gas_fired_combustion_turbine
135,18,0.0,natural_gas_fired_combustion_turbine
142,18,0.0,natural_gas_fired_combustion_turbine
121,18,0.0,natural_gas_fired_combustion_turbine
91,18,0.0,natural_gas_fired_combustion_turbine
22,18,0.0,natural_gas_steam_turbine
123,18,0.0,natural_gas_steam_turbine
62,18,0.0,natural_gas_steam_turbine
49,18,0.0,natural_gas_steam_turbine
48,18,0.0,natural_gas_steam_turbine
21,18,0.0,natural_gas_steam_turbine
79,18,5554.499249999999,nuclear
10,18,1190.1668800000002,onshore_wind_turbine
23,18,1829.8588,onshore_wind_turbine
31,18,2913.90414,onshore_wind_turbine
38,18,131.7876,onshore_wind_turbine
50,18,2781.65076,onshore_wind_turbine
63,18,198.9223602352,onshore_wind_turbine
80,18,4076.926839999999,onshore_wind_turbine
94,18,1430.6642,onshore_wind_turbine
105,18,1903.8551007209999,onshore_wind_turbine
124,18,23038.7574845736,onshore_wind_turbine
136,18,1649.5546200000003,onshore_wind_turbine
144,18,4314.76605,onshore_wind_turbine
11,18,19.125,small_hydroelectric
24,18,62.577,small_hydroelectric
32,18,192.0,small_hydroelectric
39,18,52.9,small_hydroelectric
51,18,25.641,small_hydroelectric
64,18,6.128,small_hydroelectric
81,18,241.672,small_hydroelectric
95,18,418.922,small_hydroelectric
106,18,31.614,small_hydroelectric
125,18,100.697,small_hydroelectric
137,18,36.822,small_hydroelectric
145,18,33.21,small_hydroelectric
12,18,39.548880000000004,solar_photovoltaic
25,18,0.0,solar_photovoltaic
33,18,334.31895000000003,solar_photovoltaic
52,18,0.0,solar_photovoltaic
65,18,2675.4982728803,solar_photovoltaic
82,18,4672.57315,solar_photovoltaic
96,18,352.92586,solar_photovoltaic
107,18,2439.1702970495003,solar_photovoltaic
126,18,9628.3689482365,solar_photovoltaic
138,18,0.0,solar_photovoltaic
26,19,11.235,biomass
13,19,15.682,biomass
108,19,137.081,biomass
40,19,5.952,biomass
97,19,178.173,biomass
1,19,16.294,biomass
66,19,228.795,biomass
2,19,497.8039416,conventional_hydroelectric
14,19,170.6625712,conventional_hydroelectric
27,19,384.66367920000005,conventional_hydroelectric
35,19,576.6995344,conventional_hydroelectric
54,19,416.0722203,conventional_hydroelectric
67,19,1858.759807207563,conventional_hydroelectric
84,19,8608.3973814,conventional_hydroelectric
109,19,194.0489358288,conventional_hydroelectric
128,19,30.678780000000003,conventional_hydroelectric
139,19,35.0974272,conventional_hydroelectric
110,19,50.0,conventional_steam_coal
41,19,7219.002,conventional_steam_coal
3,19,14050.987,conventional_steam_coal
36,19,2368.701,conventional_steam_coal
85,19,763.8,conventional_steam_coal
28,19,74.364,geothermal
116,19,36.16,natural_gas_fired_combined_cycle
73,19,412.6079998090358,natural_gas_fired_combined_cycle
71,19,0.0,natural_gas_fired_combined_cycle
44,19,0.0,natural_gas_fired_combined_cycle
115,19,0.0,natural_gas_fired_combined_cycle
70,19,0.0,natural_gas_fired_combined_cycle
131,19,0.0,natural_gas_fired_combined_cycle
18,19,0.0,natural_gas_fired_combined_cycle
72,19,0.0,natural_gas_fired_combined_cycle
114,19,0.0,natural_gas_fired_combined_cycle
45,19,0.0,natural_gas_fired_combined_cycle
78,19,257.0,natural_gas_fired_combustion_turbine
75,19,0.0,natural_gas_fired_combustion_turbine
119,19,0.0,natural_gas_fired_combustion_turbine
117,19,0.0,natural_gas_fired_combustion_turbine
134,19,0.0,natural_gas_fired_combustion_turbine
103,19,0.0,natural_gas_fired_combustion_turbine
47,19,0.0,natural_gas_fired_combustion_turbine
8,19,0.0,natural_gas_fired_combustion_turbine
90,19,0.0,natural_gas_fired_combustion_turbine
60,19,0.0,natural_gas_fired_combustion_turbine
46,19,0.0,natural_gas_fired_combustion_turbine
37,19,0.0,natural_gas_fired_combustion_turbine
7,19,0.0,natural_gas_fired_combustion_turbine
133,19,0.0,natural_gas_fired_combustion_turbine
74,19,0.0,natural_gas_fired_combustion_turbine
20,19,0.0,natural_gas_fired_combustion_turbine
135,19,0.0,natural_gas_fired_combustion_turbine
142,19,0.0,natural_gas_fired_combustion_turbine
121,19,0.0,natural_gas_fired_combustion_turbine
91,19,0.0,natural_gas_fired_combustion_turbine
22,19,0.0,natural_gas_steam_turbine
123,19,0.0,natural_gas_steam_turbine
62,19,0.0,natural_gas_steam_turbine
49,19,0.0,natural_gas_steam_turbine
48,19,0.0,natural_gas_steam_turbine
21,19,0.0,natural_gas_steam_turbine
79,19,7405.999,nuclear
10,19,998.70995,onshore_wind_turbine
23,19,1486.9932,onshore_wind_turbine
31,19,2845.03436,onshore_wind_turbine
38,19,162.4623,onshore_wind_turbine
50,19,2621.09274,onshore_wind_turbine
63,19,175.9948396584,onshore_wind_turbine
80,19,4128.03944,onshore_wind_turbine
94,19,1460.0865999999999,onshore_wind_turbine
105,19,2238.747278922,onshore_wind_turbine
124,19,24032.771979770405,onshore_wind_turbine
136,19,1405.8090900000002,onshore_wind_turbine
144,19,4967.928629999999,onshore_wind_turbine
11,19,19.125,small_hydroelectric
24,19,62.577,small_hydroelectric
32,19,192.0,small_hydroelectric
39,19,52.9,small_hydroelectric
51,19,25.641,small_hydroelectric
64,19,6.128,small_hydroelectric
81,19,241.672,small_hydroelectric
95,19,418.922,small_hydroelectric
106,19,31.614,small_hydroelectric
125,19,100.697,small_hydroelectric
137,19,36.822,small_hydroelectric
145,19,33.21,small_hydroelectric
12,19,0.0,solar_photovoltaic
25,19,0.0,solar_photovoltaic
33,19,0.0,solar_photovoltaic
52,19,0.0,solar_photovoltaic
65,19,0.0,solar_photovoltaic
82,19,0.0,solar_photovoltaic
96,19,0.0,solar_photovoltaic
107,19,0.0,solar_photovoltaic
126,19,0.0,solar_photovoltaic
138,19,0.0,solar_photovoltaic
26,20,11.235,biomass
13,20,15.682,biomass
108,20,137.081,biomass
40,20,5.952,biomass
97,20,178.173,biomass
1,20,16.294,biomass
66,20,228.795,biomass
2,20,497.5276908,conventional_hydroelectric
14,20,170.7096116,conventional_hydroelectric
27,20,384.2403516,conventional_hydroelectric
35,20,576.6995344,conventional_hydroelectric
54,20,415.24069950000006,conventional_hydroelectric
67,20,1857.4099333585382,conventional_hydroelectric
84,20,8602.586785799998,conventional_hydroelectric
109,20,193.6844480454,conventional_hydroelectric
128,20,30.663600000000006,conventional_hydroelectric
139,20,34.9344,conventional_hydroelectric
110,20,50.0,conventional_steam_coal
41,20,926.3213293532708,conventional_steam_coal
3,20,6041.924409999968,conventional_steam_coal
36,20,1018.5414300000011,conventional_steam_coal
85,20,0.0,conventional_steam_coal
28,20,74.364,geothermal
116,20,0.0,natural_gas_fired_combined_cycle
73,20,0.0,natural_gas_fired_combined_cycle
71,20,0.0,natural_gas_fired_combined_cycle
44,20,0.0,natural_gas_fired_combined_cycle
115,20,0.0,natural_gas_fired_combined_cycle
70,20,0.0,natural_gas_fired_combined_cycle
131,20,0.0,natural_gas_fired_combined_cycle
18,20,0.0,natural_gas_fired_combined_cycle
72,20,0.0,natural_gas_fired_combined_cycle
114,20,0.0,natural_gas_fired_combined_cycle
45,20,0.0,natural_gas_fired_combined_cycle
78,20,0.0,natural_gas_fired_combustion_turbine
75,20,0.0,natural_gas_fired_combustion_turbine
119,20,0.0,natural_gas_fired_combustion_turbine
117,20,0.0,natural_gas_fired_combustion_turbine
134,20,0.0,natural_gas_fired_combustion_turbine
103,20,0.0,natural_gas_fired_combustion_turbine
47,20,0.0,natural_gas_fired_combustion_turbine
8,20,0.0,natural_gas_fired_combustion_turbine
90,20,0.0,natural_gas_fired_combustion_turbine
60,20,0.0,natural_gas_fired_combustion_turbine
46,20,0.0,natural_gas_fired_combustion_turbine
37,20,0.0,natural_gas_fired_combustion_turbine
7,20,0.0,natural_gas_fired_combustion_turbine
133,20,0.0,natural_gas_fired_combustion_turbine
74,20,0.0,natural_gas_fired_combustion_turbine
20,20,0.0,natural_gas_fired_combustion_turbine
135,20,0.0,natural_gas_fired_combustion_turbine
142,20,0.0,natural_gas_fired_combustion_turbine
121,20,0.0,natural_gas_fired_combustion_turbine
91,20,0.0,natural_gas_fired_combustion_turbine
22,20,0.0,natural_gas_steam_turbine
123,20,0.0,natural_gas_steam_turbine
62,20,0.0,natural_gas_steam_turbine
49,20,0.0,natural_gas_steam_turbine
48,20,0.0,natural_gas_steam_turbine
21,20,0.0,natural_gas_steam_turbine
79,20,7405.999,nuclear
10,20,944.31673,onshore_wind_turbine
23,20,2441.054,onshore_wind_turbine
31,20,2487.62395,onshore_wind_turbine
38,20,160.75815,onshore_wind_turbine
50,20,3174.5775599999997,onshore_wind_turbine
63,20,374.6943198432,onshore_wind_turbine
80,20,3886.4162399999996,onshore_wind_turbine
94,20,1095.9844,onshore_wind_turbine
105,20,2207.143121085,onshore_wind_turbine
124,20,23767.066414614605,onshore_wind_turbine
136,20,1825.8429000000003,onshore_wind_turbine
144,20,7340.509259999999,onshore_wind_turbine
11,20,19.125,small_hydroelectric
24,20,62.577,small_hydroelectric
32,20,192.0,small_hydroelectric
39,20,52.9,small_hydroelectric
51,20,25.641,small_hydroelectric
64,20,6.128,small_hydroelectric
81,20,241.672,small_hydroelectric
95,20,418.922,small_hydroelectric
106,20,31.614,small_hydroelectric
125,20,100.697,small_hydroelectric
137,20,36.822,small_hydroelectric
145,20,33.21,small_hydroelectric
12,20,0.0,solar_photovoltaic
25,20,0.0,solar_photovoltaic
33,20,0.0,solar_photovoltaic
52,20,0.0,solar_photovoltaic
65,20,0.0,solar_photovoltaic
82,20,0.0,solar_photovoltaic
96,20,0.0,solar_photovoltaic
107,20,0.0,solar_photovoltaic
126,20,0.0,solar_photovoltaic
138,20,0.0,solar_photovoltaic
26,21,11.235,biomass
13,21,15.682,biomass
108,21,137.081,biomass
40,21,5.952,biomass
97,21,178.173,biomass
1,21,16.294,biomass
66,21,228.795,biomass
2,21,497.25143999999995,conventional_hydroelectric
14,21,170.756652,conventional_hydroelectric
27,21,383.6759148,conventional_hydroelectric
35,21,576.4497728,conventional_hydroelectric
54,21,414.40917870000004,conventional_hydroelectric
67,21,1856.734992797022,conventional_hydroelectric
84,21,8599.681488,conventional_hydroelectric
109,21,193.31996026200002,conventional_hydroelectric
128,21,30.633240000000004,conventional_hydroelectric
139,21,34.748083199999996,conventional_hydroelectric
110,21,50.0,conventional_steam_coal
41,21,7219.001999999991,conventional_steam_coal
3,21,0.0,conventional_steam_coal
36,21,0.0,conventional_steam_coal
85,21,0.0,conventional_steam_coal
28,21,74.364,geothermal
116,21,0.0,natural_gas_fired_combined_cycle
73,21,0.0,natural_gas_fired_combined_cycle
71,21,0.0,natural_gas_fired_combined_cycle
44,21,0.0,natural_gas_fired_combined_cycle
115,21,0.0,natural_gas_fired_combined_cycle
70,21,0.0,natural_gas_fired_combined_cycle
131,21,0.0,natural_gas_fired_combined_cycle
18,21,0.0,natural_gas_fired_combined_cycle
72,21,0.0,natural_gas_fired_combined_cycle
114,21,0.0,natural_gas_fired_combined_cycle
45,21,0.0,natural_gas_fired_combined_cycle
78,21,0.0,natural_gas_fired_combustion_turbine
75,21,0.0,natural_gas_fired_combustion_turbine
119,21,0.0,natural_gas_fired_combustion_turbine
117,21,0.0,natural_gas_fired_combustion_turbine
134,21,0.0,natural_gas_fired_combustion_turbine
103,21,0.0,natural_gas_fired_combustion_turbine
47,21,0.0,natural_gas_fired_combustion_turbine
8,21,0.0,natural_gas_fired_combustion_turbine
90,21,0.0,natural_gas_fired_combustion_turbine
60,21,0.0,natural_gas_fired_combustion_turbine
46,21,0.0,natural_gas_fired_combustion_turbine
37,21,0.0,natural_gas_fired_combustion_turbine
7,21,0.0,natural_gas_fired_combustion_turbine
133,21,0.0,natural_gas_fired_combustion_turbine
74,21,0.0,natural_gas_fired_combustion_turbine
20,21,0.0,natural_gas_fired_combustion_turbine
135,21,0.0,natural_gas_fired_combustion_turbine
142,21,0.0,natural_gas_fired_combustion_turbine
121,21,0.0,natural_gas_fired_combustion_turbine
91,21,0.0,natural_gas_fired_combustion_turbine
22,21,0.0,natural_gas_steam_turbine
123,21,0.0,natural_gas_steam_turbine
62,21,0.0,natural_gas_steam_turbine
49,21,0.0,natural_gas_steam_turbine
48,21,0.0,natural_gas_steam_turbine
21,21,0.0,natural_gas_steam_turbine
79,21,7405.999,nuclear
10,21,980.1586200000002,onshore_wind_turbine
23,21,1852.2196000000001,onshore_wind_turbine
31,21,2275.07756,onshore_wind_turbine
38,21,167.57475,onshore_wind_turbine
50,21,2776.2310799999996,onshore_wind_turbine
63,21,498.667119804,onshore_wind_turbine
80,21,4236.76988,onshore_wind_turbine
94,21,2802.4836,onshore_wind_turbine
105,21,2298.765840861,onshore_wind_turbine
124,21,24451.253126993004,onshore_wind_turbine
136,21,2012.0249100000003,onshore_wind_turbine
144,21,7018.253549999999,onshore_wind_turbine
11,21,19.125,small_hydroelectric
24,21,62.577,small_hydroelectric
32,21,192.0,small_hydroelectric
39,21,52.9,small_hydroelectric
51,21,25.641,small_hydroelectric
64,21,6.128,small_hydroelectric
81,21,241.672,small_hydroelectric
95,21,418.922,small_hydroelectric
106,21,31.614,small_hydroelectric
125,21,100.697,small_hydroelectric
137,21,36.822,small_hydroelectric
145,21,33.21,small_hydroelectric
12,21,0.0,solar_photovoltaic
25,21,0.0,solar_photovoltaic
33,21,0.0,solar_photovoltaic
52,21,0.0,solar_photovoltaic
65,21,0.0,solar_photovoltaic
82,21,0.0,solar_photovoltaic
96,21,0.0,solar_photovoltaic
107,21,0.0,solar_photovoltaic
126,21,0.0,solar_photovoltaic
138,21,0.0,solar_photovoltaic
26,22,11.235,biomass
13,22,15.682,biomass
108,22,137.081,biomass
40,22,5.952,biomass
97,22,178.173,biomass
1,22,16.294,biomass
66,22,228.795,biomass
2,22,496.9751892,conventional_hydroelectric
14,22,170.8036924,conventional_hydroelectric
27,22,383.25258720000005,conventional_hydroelectric
35,22,576.4497728,conventional_hydroelectric
54,22,413.47371780000003,conventional_hydroelectric
67,22,1855.3851189479972,conventional_hydroelectric
84,22,8596.7761902,conventional_hydroelectric
109,22,192.9554724786,conventional_hydroelectric
128,22,30.602880000000003,conventional_hydroelectric
139,22,34.585055999999994,conventional_hydroelectric
110,22,50.0,conventional_steam_coal
41,22,0.0,conventional_steam_coal
3,22,0.0,conventional_steam_coal
36,22,0.0,conventional_steam_coal
85,22,0.0,conventional_steam_coal
28,22,74.364,geothermal
116,22,0.0,natural_gas_fired_combined_cycle
73,22,0.0,natural_gas_fired_combined_cycle
71,22,0.0,natural_gas_fired_combined_cycle
44,22,0.0,natural_gas_fired_combined_cycle
115,22,0.0,natural_gas_fired_combined_cycle
70,22,0.0,natural_gas_fired_combined_cycle
131,22,0.0,natural_gas_fired_combined_cycle
18,22,0.0,natural_gas_fired_combined_cycle
72,22,0.0,natural_gas_fired_combined_cycle
114,22,0.0,natural_gas_fired_combined_cycle
45,22,0.0,natural_gas_fired_combined_cycle
78,22,0.0,natural_gas_fired_combustion_turbine
75,22,0.0,natural_gas_fired_combustion_turbine
119,22,0.0,natural_gas_fired_combustion_turbine
117,22,0.0,natural_gas_fired_combustion_turbine
134,22,0.0,natural_gas_fired_combustion_turbine
103,22,0.0,natural_gas_fired_combustion_turbine
47,22,0.0,natural_gas_fired_combustion_turbine
8,22,0.0,natural_gas_fired_combustion_turbine
90,22,0.0,natural_gas_fired_combustion_turbine
60,22,0.0,natural_gas_fired_combustion_turbine
46,22,0.0,natural_gas_fired_combustion_turbine
37,22,0.0,natural_gas_fired_combustion_turbine
7,22,0.0,natural_gas_fired_combustion_turbine
133,22,0.0,natural_gas_fired_combustion_turbine
74,22,0.0,natural_gas_fired_combustion_turbine
20,22,0.0,natural_gas_fired_combustion_turbine
135,22,0.0,natural_gas_fired_combustion_turbine
142,22,0.0,natural_gas_fired_combustion_turbine
121,22,0.0,natural_gas_fired_combustion_turbine
91,22,0.0,natural_gas_fired_combustion_turbine
22,22,0.0,natural_gas_steam_turbine
123,22,0.0,natural_gas_steam_turbine
62,22,0.0,natural_gas_steam_turbine
49,22,0.0,natural_gas_steam_turbine
48,22,0.0,natural_gas_steam_turbine
21,22,0.0,natural_gas_steam_turbine
79,22,7405.999,nuclear
10,22,870.2915200000001,onshore_wind_turbine
23,22,2366.518,onshore_wind_turbine
31,22,2405.69266,onshore_wind_turbine
38,22,116.45025000000001,onshore_wind_turbine
50,22,1892.8232399999997,onshore_wind_turbine
63,22,446.0027599944,onshore_wind_turbine
80,22,4210.748919999999,onshore_wind_turbine
94,22,5178.3424,onshore_wind_turbine
105,22,2417.4091204409997,onshore_wind_turbine
124,22,24647.928201050003,onshore_wind_turbine
136,22,1628.8677300000004,onshore_wind_turbine
144,22,5980.11435,onshore_wind_turbine
11,22,19.125,small_hydroelectric
24,22,62.577,small_hydroelectric
32,22,192.0,small_hydroelectric
39,22,52.9,small_hydroelectric
51,22,25.641,small_hydroelectric
64,22,6.128,small_hydroelectric
81,22,241.672,small_hydroelectric
95,22,418.922,small_hydroelectric
106,22,31.614,small_hydroelectric
125,22,100.697,small_hydroelectric
137,22,36.822,small_hydroelectric
145,22,33.21,small_hydroelectric
12,22,0.0,solar_photovoltaic
25,22,0.0,solar_photovoltaic
33,22,0.0,solar_photovoltaic
52,22,0.0,solar_photovoltaic
65,22,0.0,solar_photovoltaic
82,22,0.0,solar_photovoltaic
96,22,0.0,solar_photovoltaic
107,22,0.0,solar_photovoltaic
126,22,0.0,solar_photovoltaic
138,22,0.0,solar_photovoltaic
26,23,11.235,biomass
13,23,15.682,biomass
108,23,137.081,biomass
40,23,5.952,biomass
97,23,178.173,biomass
1,23,16.294,biomass
66,23,228.795,biomass
2,23,496.6989383999999,conventional_hydroelectric
14,23,170.8507328,conventional_hydroelectric
27,23,382.8292596,conventional_hydroelectric
35,23,576.2000112,conventional_hydroelectric
54,23,412.64219700000007,conventional_hydroelectric
67,23,1854.0877125114628,conventional_hydroelectric
84,23,8590.9655946,conventional_hydroelectric
109,23,192.451363299,conventional_hydroelectric
128,23,30.587700000000005,conventional_hydroelectric
139,23,34.42202879999999,conventional_hydroelectric
110,23,50.0,conventional_steam_coal
41,23,0.0,conventional_steam_coal
3,23,0.0,conventional_steam_coal
36,23,0.0,conventional_steam_coal
85,23,0.0,conventional_steam_coal
28,23,74.364,geothermal
116,23,0.0,natural_gas_fired_combined_cycle
73,23,0.0,natural_gas_fired_combined_cycle
71,23,0.0,natural_gas_fired_combined_cycle
44,23,0.0,natural_gas_fired_combined_cycle
115,23,0.0,natural_gas_fired_combined_cycle
70,23,0.0,natural_gas_fired_combined_cycle
131,23,0.0,natural_gas_fired_combined_cycle
18,23,0.0,natural_gas_fired_combined_cycle
72,23,0.0,natural_gas_fired_combined_cycle
114,23,0.0,natural_gas_fired_combined_cycle
45,23,0.0,natural_gas_fired_combined_cycle
78,23,0.0,natural_gas_fired_combustion_turbine
75,23,0.0,natural_gas_fired_combustion_turbine
119,23,0.0,natural_gas_fired_combustion_turbine
117,23,0.0,natural_gas_fired_combustion_turbine
134,23,0.0,natural_gas_fired_combustion_turbine
103,23,0.0,natural_gas_fired_combustion_turbine
47,23,0.0,natural_gas_fired_combustion_turbine
8,23,0.0,natural_gas_fired_combustion_turbine
90,23,0.0,natural_gas_fired_combustion_turbine
60,23,0.0,natural_gas_fired_combustion_turbine
46,23,0.0,natural_gas_fired_combustion_turbine
37,23,0.0,natural_gas_fired_combustion_turbine
7,23,0.0,natural_gas_fired_combustion_turbine
133,23,0.0,natural_gas_fired_combustion_turbine
74,23,0.0,natural_gas_fired_combustion_turbine
20,23,0.0,natural_gas_fired_combustion_turbine
135,23,0.0,natural_gas_fired_combustion_turbine
142,23,0.0,natural_gas_fired_combustion_turbine
121,23,0.0,natural_gas_fired_combustion_turbine
91,23,0.0,natural_gas_fired_combustion_turbine
22,23,0.0,natural_gas_steam_turbine
123,23,0.0,natural_gas_steam_turbine
62,23,0.0,natural_gas_steam_turbine
49,23,0.0,natural_gas_steam_turbine
48,23,0.0,natural_gas_steam_turbine
21,23,0.0,natural_gas_steam_turbine
79,23,7405.999,nuclear
10,23,841.83414,onshore_wind_turbine
23,23,2893.8602,onshore_wind_turbine
31,23,3340.18433,onshore_wind_turbine
38,23,112.47390000000001,onshore_wind_turbine
50,23,1936.8581399999998,onshore_wind_turbine
63,23,349.3403201904,onshore_wind_turbine
80,23,4878.00068,onshore_wind_turbine
94,23,6748.763,onshore_wind_turbine
105,23,2550.078299328,onshore_wind_turbine
124,23,24944.692774894203,onshore_wind_turbine
136,23,1706.2187100000003,onshore_wind_turbine
144,23,5199.347159999999,onshore_wind_turbine
11,23,19.125,small_hydroelectric
24,23,62.577,small_hydroelectric
32,23,192.0,small_hydroelectric
39,23,52.9,small_hydroelectric
51,23,25.641,small_hydroelectric
64,23,6.128,small_hydroelectric
81,23,241.672,small_hydroelectric
95,23,418.922,small_hydroelectric
106,23,31.614,small_hydroelectric
125,23,100.697,small_hydroelectric
137,23,36.822,small_hydroelectric
145,23,33.21,small_hydroelectric
12,23,0.0,solar_photovoltaic
25,23,0.0,solar_photovoltaic
33,23,0.0,solar_photovoltaic
52,23,0.0,solar_photovoltaic
65,23,0.0,solar_photovoltaic
82,23,0.0,solar_photovoltaic
96,23,0.0,solar_photovoltaic
107,23,0.0,solar_photovoltaic
126,23,0.0,solar_photovoltaic
138,23,0.0,solar_photovoltaic
26,24,11.235,biomass
13,24,15.682,biomass
108,24,137.081,biomass
40,24,5.952,biomass
97,24,178.173,biomass
1,24,16.294,biomass
66,24,228.795,biomass
2,24,496.42268759999996,conventional_hydroelectric
14,24,170.89777320000002,conventional_hydroelectric
27,24,382.2648228,conventional_hydroelectric
35,24,576.2000112,conventional_hydroelectric
54,24,411.81067620000005,conventional_hydroelectric
67,24,1852.737831388431,conventional_hydroelectric
84,24,8588.060296799998,conventional_hydroelectric
109,24,192.08687551559998,conventional_hydroelectric
128,24,30.557340000000003,conventional_hydroelectric
139,24,34.235712,conventional_hydroelectric
110,24,28.499999999999996,conventional_steam_coal
41,24,0.0,conventional_steam_coal
3,24,0.0,conventional_steam_coal
36,24,0.0,conventional_steam_coal
85,24,0.0,conventional_steam_coal
28,24,74.364,geothermal
116,24,0.0,natural_gas_fired_combined_cycle
73,24,0.0,natural_gas_fired_combined_cycle
71,24,0.0,natural_gas_fired_combined_cycle
44,24,0.0,natural_gas_fired_combined_cycle
115,24,0.0,natural_gas_fired_combined_cycle
70,24,0.0,natural_gas_fired_combined_cycle
131,24,0.0,natural_gas_fired_combined_cycle
18,24,0.0,natural_gas_fired_combined_cycle
72,24,0.0,natural_gas_fired_combined_cycle
114,24,0.0,natural_gas_fired_combined_cycle
45,24,0.0,natural_gas_fired_combined_cycle
78,24,0.0,natural_gas_fired_combustion_turbine
75,24,0.0,natural_gas_fired_combustion_turbine
119,24,0.0,natural_gas_fired_combustion_turbine
117,24,0.0,natural_gas_fired_combustion_turbine
134,24,0.0,natural_gas_fired_combustion_turbine
103,24,0.0,natural_gas_fired_combustion_turbine
47,24,0.0,natural_gas_fired_combustion_turbine
8,24,0.0,natural_gas_fired_combustion_turbine
90,24,0.0,natural_gas_fired_combustion_turbine
60,24,0.0,natural_gas_fired_combustion_turbine
46,24,0.0,natural_gas_fired_combustion_turbine
37,24,0.0,natural_gas_fired_combustion_turbine
7,24,0.0,natural_gas_fired_combustion_turbine
133,24,0.0,natural_gas_fired_combustion_turbine
74,24,0.0,natural_gas_fired_combustion_turbine
20,24,0.0,natural_gas_fired_combustion_turbine
135,24,0.0,natural_gas_fired_combustion_turbine
142,24,0.0,natural_gas_fired_combustion_turbine
121,24,0.0,natural_gas_fired_combustion_turbine
91,24,0.0,natural_gas_fired_combustion_turbine
22,24,0.0,natural_gas_steam_turbine
123,24,0.0,natural_gas_steam_turbine
62,24,0.0,natural_gas_steam_turbine
49,24,0.0,natural_gas_steam_turbine
48,24,0.0,natural_gas_steam_turbine
21,24,0.0,natural_gas_steam_turbine
79,24,5554.499249999999,nuclear
10,24,693.06328,onshore_wind_turbine
23,24,3566.5476,onshore_wind_turbine
31,24,3679.78359,onshore_wind_turbine
38,24,132.9237,onshore_wind_turbine
50,24,1503.2837399999999,onshore_wind_turbine
63,24,101.5781198712,onshore_wind_turbine
80,24,4794.3618799999995,onshore_wind_turbine
94,24,8874.5314,onshore_wind_turbine
105,24,2626.119440553,onshore_wind_turbine
124,24,25171.127505477805,onshore_wind_turbine
136,24,1041.5399400000001,onshore_wind_turbine
144,24,5634.06795,onshore_wind_turbine
11,24,19.125,small_hydroelectric
24,24,62.577,small_hydroelectric
32,24,192.0,small_hydroelectric
39,24,52.9,small_hydroelectric
51,24,25.641,small_hydroelectric
64,24,6.128,small_hydroelectric
81,24,241.672,small_hydroelectric
95,24,418.922,small_hydroelectric
106,24,31.614,small_hydroelectric
125,24,100.697,small_hydroelectric
137,24,36.822,small_hydroelectric
145,24,33.21,small_hydroelectric
12,24,0.0,solar_photovoltaic
25,24,0.0,solar_photovoltaic
33,24,0.0,solar_photovoltaic
52,24,0.0,solar_photovoltaic
65,24,0.0,solar_photovoltaic
82,24,0.0,solar_photovoltaic
96,24,0.0,solar_photovoltaic
107,24,0.0,solar_photovoltaic
126,24,0.0,solar_photovoltaic
138,24,0.0,solar_photovoltaic
26,25,0.0,biomass
13,25,0.0,biomass
108,25,0.0,biomass
40,25,0.0,biomass
97,25,0.0,biomass
1,25,0.0,biomass
66,25,0.0,biomass
2,25,496.1464368,conventional_hydroelectric
14,25,170.991854,conventional_hydroelectric
27,25,381.84149520000005,conventional_hydroelectric
35,25,576.2000112,conventional_hydroelectric
54,25,410.9791554,conventional_hydroelectric
67,25,1852.0628981009218,conventional_hydroelectric
84,25,8582.2497012,conventional_hydroelectric
109,25,191.72238773220002,conventional_hydroelectric
128,25,30.526980000000002,conventional_hydroelectric
139,25,34.072684800000005,conventional_hydroelectric
110,25,0.0,conventional_steam_coal
41,25,0.0,conventional_steam_coal
3,25,0.0,conventional_steam_coal
36,25,0.0,conventional_steam_coal
85,25,0.0,conventional_steam_coal
28,25,74.364,geothermal
116,25,0.0,natural_gas_fired_combined_cycle
73,25,0.0,natural_gas_fired_combined_cycle
71,25,0.0,natural_gas_fired_combined_cycle
44,25,0.0,natural_gas_fired_combined_cycle
115,25,0.0,natural_gas_fired_combined_cycle
70,25,0.0,natural_gas_fired_combined_cycle
131,25,0.0,natural_gas_fired_combined_cycle
18,25,0.0,natural_gas_fired_combined_cycle
72,25,0.0,natural_gas_fired_combined_cycle
114,25,0.0,natural_gas_fired_combined_cycle
45,25,0.0,natural_gas_fired_combined_cycle
78,25,0.0,natural_gas_fired_combustion_turbine
75,25,0.0,natural_gas_fired_combustion_turbine
119,25,0.0,natural_gas_fired_combustion_turbine
117,25,0.0,natural_gas_fired_combustion_turbine
134,25,0.0,natural_gas_fired_combustion_turbine
103,25,0.0,natural_gas_fired_combustion_turbine
47,25,0.0,natural_gas_fired_combustion_turbine
8,25,0.0,natural_gas_fired_combustion_turbine
90,25,0.0,natural_gas_fired_combustion_turbine
60,25,0.0,natural_gas_fired_combustion_turbine
46,25,0.0,natural_gas_fired_combustion_turbine
37,25,0.0,natural_gas_fired_combustion_turbine
7,25,0.0,natural_gas_fired_combustion_turbine
133,25,0.0,natural_gas_fired_combustion_turbine
74,25,0.0,natural_gas_fired_combustion_turbine
20,25,0.0,natural_gas_fired_combustion_turbine
135,25,0.0,natural_gas_fired_combustion_turbine
142,25,0.0,natural_gas_fired_combustion_turbine
121,25,0.0,natural_gas_fired_combustion_turbine
91,25,0.0,natural_gas_fired_combustion_turbine
22,25,0.0,natural_gas_steam_turbine
123,25,0.0,natural_gas_steam_turbine
62,25,0.0,natural_gas_steam_turbine
49,25,0.0,natural_gas_steam_turbine
48,25,0.0,natural_gas_steam_turbine
21,25,0.0,natural_gas_steam_turbine
79,25,3702.9994999999985,nuclear
10,25,555.99957,onshore_wind_turbine
23,25,5634.9216,onshore_wind_turbine
31,25,3131.20017,onshore_wind_turbine
38,25,65.8938,onshore_wind_turbine
50,25,1519.5427799999998,onshore_wind_turbine
63,25,23.3940001288,onshore_wind_turbine
80,25,6799.83444,onshore_wind_turbine
94,25,10364.0404,onshore_wind_turbine
105,25,2668.9777809449997,onshore_wind_turbine
124,25,25206.230851586402,onshore_wind_turbine
136,25,719.5440000000001,onshore_wind_turbine
144,25,5032.812329999999,onshore_wind_turbine
11,25,19.125,small_hydroelectric
24,25,62.577,small_hydroelectric
32,25,192.0,small_hydroelectric
39,25,52.9,small_hydroelectric
51,25,25.641,small_hydroelectric
64,25,6.128,small_hydroelectric
81,25,241.672,small_hydroelectric
95,25,418.922,small_hydroelectric
106,25,31.614,small_hydroelectric
125,25,100.697,small_hydroelectric
137,25,36.822,small_hydroelectric
145,25,33.21,small_hydroelectric
12,25,0.0,solar_photovoltaic
25,25,0.0,solar_photovoltaic
33,25,0.0,solar_photovoltaic
52,25,0.0,solar_photovoltaic
65,25,0.0,solar_photovoltaic
82,25,0.0,solar_photovoltaic
96,25,0.0,solar_photovoltaic
107,25,0.0,solar_photovoltaic
126,25,0.0,solar_photovoltaic
138,25,0.0,solar_photovoltaic
26,26,0.0,biomass
13,26,0.0,biomass
108,26,0.0,biomass
40,26,0.0,biomass
97,26,0.0,biomass
1,26,0.0,biomass
66,26,0.0,biomass
2,26,495.87018599999993,conventional_hydroelectric
14,26,171.03889439999998,conventional_hydroelectric
27,26,381.27705840000004,conventional_hydroelectric
35,26,575.9502496,conventional_hydroelectric
54,26,410.14763460000006,conventional_hydroelectric
67,26,1850.765484390381,conventional_hydroelectric
84,26,8579.3444034,conventional_hydroelectric
109,26,191.35789994880002,conventional_hydroelectric
128,26,30.511800000000004,conventional_hydroelectric
139,26,33.886368,conventional_hydroelectric
110,26,0.0,conventional_steam_coal
41,26,0.0,conventional_steam_coal
3,26,0.0,conventional_steam_coal
36,26,0.0,conventional_steam_coal
85,26,0.0,conventional_steam_coal
28,26,74.364,geothermal
116,26,0.0,natural_gas_fired_combined_cycle
73,26,0.0,natural_gas_fired_combined_cycle
71,26,0.0,natural_gas_fired_combined_cycle
44,26,0.0,natural_gas_fired_combined_cycle
115,26,0.0,natural_gas_fired_combined_cycle
70,26,0.0,natural_gas_fired_combined_cycle
131,26,0.0,natural_gas_fired_combined_cycle
18,26,0.0,natural_gas_fired_combined_cycle
72,26,0.0,natural_gas_fired_combined_cycle
114,26,0.0,natural_gas_fired_combined_cycle
45,26,0.0,natural_gas_fired_combined_cycle
78,26,0.0,natural_gas_fired_combustion_turbine
75,26,0.0,natural_gas_fired_combustion_turbine
119,26,0.0,natural_gas_fired_combustion_turbine
117,26,0.0,natural_gas_fired_combustion_turbine
134,26,0.0,natural_gas_fired_combustion_turbine
103,26,0.0,natural_gas_fired_combustion_turbine
47,26,0.0,natural_gas_fired_combustion_turbine
8,26,0.0,natural_gas_fired_combustion_turbine
90,26,0.0,natural_gas_fired_combustion_turbine
60,26,0.0,natural_gas_fired_combustion_turbine
46,26,0.0,natural_gas_fired_combustion_turbine
37,26,0.0,natural_gas_fired_combustion_turbine
7,26,0.0,natural_gas_fired_combustion_turbine
133,26,0.0,natural_gas_fired_combustion_turbine
74,26,0.0,natural_gas_fired_combustion_turbine
20,26,0.0,natural_gas_fired_combustion_turbine
135,26,0.0,natural_gas_fired_combustion_turbine
142,26,0.0,natural_gas_fired_combustion_turbine
121,26,0.0,natural_gas_fired_combustion_turbine
91,26,0.0,natural_gas_fired_combustion_turbine
22,26,0.0,natural_gas_steam_turbine
123,26,0.0,natural_gas_steam_turbine
62,26,0.0,natural_gas_steam_turbine
49,26,0.0,natural_gas_steam_turbine
48,26,0.0,natural_gas_steam_turbine
21,26,0.0,natural_gas_steam_turbine
79,26,3152.7162102454295,nuclear
10,26,363.82220000000007,onshore_wind_turbine
23,26,5370.3188,onshore_wind_turbine
31,26,2199.08332,onshore_wind_turbine
38,26,99.40875000000001,onshore_wind_turbine
50,26,1533.09198,onshore_wind_turbine
63,26,35.726040319199996,onshore_wind_turbine
80,26,6412.307999999999,onshore_wind_turbine
94,26,10617.8086,onshore_wind_turbine
105,26,2878.196018544,onshore_wind_turbine
124,26,24877.051297775604,onshore_wind_turbine
136,26,670.9747800000001,onshore_wind_turbine
144,26,4358.02185,onshore_wind_turbine
11,26,19.125,small_hydroelectric
24,26,62.577,small_hydroelectric
32,26,192.0,small_hydroelectric
39,26,52.9,small_hydroelectric
51,26,25.641,small_hydroelectric
64,26,6.128,small_hydroelectric
81,26,241.672,small_hydroelectric
95,26,418.922,small_hydroelectric
106,26,31.614,small_hydroelectric
125,26,100.697,small_hydroelectric
137,26,36.822,small_hydroelectric
145,26,33.21,small_hydroelectric
12,26,0.0,solar_photovoltaic
25,26,0.0,solar_photovoltaic
33,26,0.0,solar_photovoltaic
52,26,0.0,solar_photovoltaic
65,26,0.0,solar_photovoltaic
82,26,0.0,solar_photovoltaic
96,26,0.0,solar_photovoltaic
107,26,0.0,solar_photovoltaic
126,26,0.0,solar_photovoltaic
138,26,0.0,solar_photovoltaic
26,27,11.235,biomass
13,27,15.682,biomass
108,27,137.081,biomass
40,27,5.952,biomass
97,27,178.173,biomass
1,27,16.294,biomass
66,27,228.795,biomass
2,27,495.5939352,conventional_hydroelectric
14,27,171.08593480000002,conventional_hydroelectric
27,27,380.8537308,conventional_hydroelectric
35,27,575.9502496,conventional_hydroelectric
54,27,409.3161138,conventional_hydroelectric
67,27,1849.415610541356,conventional_hydroelectric
84,27,8576.4391056,conventional_hydroelectric
109,27,190.85379216540002,conventional_hydroelectric
128,27,30.481440000000003,conventional_hydroelectric
139,27,33.7233408,conventional_hydroelectric
110,27,28.499999999999996,conventional_steam_coal
41,27,0.0,conventional_steam_coal
3,27,0.0,conventional_steam_coal
36,27,0.0,conventional_steam_coal
85,27,0.0,conventional_steam_coal
28,27,74.364,geothermal
116,27,0.0,natural_gas_fired_combined_cycle
73,27,0.0,natural_gas_fired_combined_cycle
71,27,0.0,natural_gas_fired_combined_cycle
44,27,0.0,natural_gas_fired_combined_cycle
115,27,0.0,natural_gas_fired_combined_cycle
70,27,0.0,natural_gas_fired_combined_cycle
131,27,0.0,natural_gas_fired_combined_cycle
18,27,0.0,natural_gas_fired_combined_cycle
72,27,0.0,natural_gas_fired_combined_cycle
114,27,0.0,natural_gas_fired_combined_cycle
45,27,0.0,natural_gas_fired_combined_cycle
78,27,0.0,natural_gas_fired_combustion_turbine
75,27,0.0,natural_gas_fired_combustion_turbine
119,27,0.0,natural_gas_fired_combustion_turbine
117,27,0.0,natural_gas_fired_combustion_turbine
134,27,0.0,natural_gas_fired_combustion_turbine
103,27,0.0,natural_gas_fired_combustion_turbine
47,27,0.0,natural_gas_fired_combustion_turbine
8,27,0.0,natural_gas_fired_combustion_turbine
90,27,0.0,natural_gas_fired_combustion_turbine
60,27,0.0,natural_gas_fired_combustion_turbine
46,27,0.0,natural_gas_fired_combustion_turbine
37,27,0.0,natural_gas_fired_combustion_turbine
7,27,0.0,natural_gas_fired_combustion_turbine
133,27,0.0,natural_gas_fired_combustion_turbine
74,27,0.0,natural_gas_fired_combustion_turbine
20,27,0.0,natural_gas_fired_combustion_turbine
135,27,0.0,natural_gas_fired_combustion_turbine
142,27,0.0,natural_gas_fired_combustion_turbine
121,27,0.0,natural_gas_fired_combustion_turbine
91,27,0.0,natural_gas_fired_combustion_turbine
22,27,0.0,natural_gas_steam_turbine
123,27,0.0,natural_gas_steam_turbine
62,27,0.0,natural_gas_steam_turbine
49,27,0.0,natural_gas_steam_turbine
48,27,0.0,natural_gas_steam_turbine
21,27,0.0,natural_gas_steam_turbine
79,27,5004.215960245431,nuclear
10,27,297.90194,onshore_wind_turbine
23,27,3428.656,onshore_wind_turbine
31,27,1716.99486,onshore_wind_turbine
38,27,105.08924999999999,onshore_wind_turbine
50,27,1515.47802,onshore_wind_turbine
63,27,36.6984798712,onshore_wind_turbine
80,27,4746.96656,onshore_wind_turbine
94,27,7793.2582,onshore_wind_turbine
105,27,2828.8128383969997,onshore_wind_turbine
124,27,25185.649296715605,onshore_wind_turbine
136,27,587.32779,onshore_wind_turbine
144,27,4978.742579999999,onshore_wind_turbine
11,27,19.125,small_hydroelectric
24,27,62.577,small_hydroelectric
32,27,192.0,small_hydroelectric
39,27,52.9,small_hydroelectric
51,27,25.641,small_hydroelectric
64,27,6.128,small_hydroelectric
81,27,241.672,small_hydroelectric
95,27,418.922,small_hydroelectric
106,27,31.614,small_hydroelectric
125,27,100.697,small_hydroelectric
137,27,36.822,small_hydroelectric
145,27,33.21,small_hydroelectric
12,27,0.0,solar_photovoltaic
25,27,0.0,solar_photovoltaic
33,27,0.0,solar_photovoltaic
52,27,0.0,solar_photovoltaic
65,27,0.0,solar_photovoltaic
82,27,0.0,solar_photovoltaic
96,27,0.0,solar_photovoltaic
107,27,0.0,solar_photovoltaic
126,27,0.0,solar_photovoltaic
138,27,0.0,solar_photovoltaic
26,28,11.235,biomass
13,28,15.682,biomass
108,28,137.081,biomass
40,28,5.952,biomass
97,28,178.173,biomass
1,28,16.294,biomass
66,28,228.795,biomass
2,28,495.3176843999999,conventional_hydroelectric
14,28,171.1329752,conventional_hydroelectric
27,28,380.43040320000006,conventional_hydroelectric
35,28,575.7004880000001,conventional_hydroelectric
54,28,408.484593,conventional_hydroelectric
67,28,1848.74066997984,conventional_hydroelectric
84,28,8570.628509999999,conventional_hydroelectric
109,28,190.489304382,conventional_hydroelectric
128,28,30.45108,conventional_hydroelectric
139,28,33.5603136,conventional_hydroelectric
110,28,50.0,conventional_steam_coal
41,28,0.0,conventional_steam_coal
3,28,0.0,conventional_steam_coal
36,28,0.0,conventional_steam_coal
85,28,0.0,conventional_steam_coal
28,28,74.364,geothermal
116,28,0.0,natural_gas_fired_combined_cycle
73,28,0.0,natural_gas_fired_combined_cycle
71,28,0.0,natural_gas_fired_combined_cycle
44,28,0.0,natural_gas_fired_combined_cycle
115,28,0.0,natural_gas_fired_combined_cycle
70,28,0.0,natural_gas_fired_combined_cycle
131,28,0.0,natural_gas_fired_combined_cycle
18,28,0.0,natural_gas_fired_combined_cycle
72,28,0.0,natural_gas_fired_combined_cycle
114,28,0.0,natural_gas_fired_combined_cycle
45,28,0.0,natural_gas_fired_combined_cycle
78,28,0.0,natural_gas_fired_combustion_turbine
75,28,0.0,natural_gas_fired_combustion_turbine
119,28,0.0,natural_gas_fired_combustion_turbine
117,28,0.0,natural_gas_fired_combustion_turbine
134,28,0.0,natural_gas_fired_combustion_turbine
103,28,0.0,natural_gas_fired_combustion_turbine
47,28,0.0,natural_gas_fired_combustion_turbine
8,28,0.0,natural_gas_fired_combustion_turbine
90,28,0.0,natural_gas_fired_combustion_turbine
60,28,0.0,natural_gas_fired_combustion_turbine
46,28,0.0,natural_gas_fired_combustion_turbine
37,28,0.0,natural_gas_fired_combustion_turbine
7,28,0.0,natural_gas_fired_combustion_turbine
133,28,0.0,natural_gas_fired_combustion_turbine
74,28,0.0,natural_gas_fired_combustion_turbine
20,28,0.0,natural_gas_fired_combustion_turbine
135,28,0.0,natural_gas_fired_combustion_turbine
142,28,0.0,natural_gas_fired_combustion_turbine
121,28,0.0,natural_gas_fired_combustion_turbine
91,28,0.0,natural_gas_fired_combustion_turbine
22,28,0.0,natural_gas_steam_turbine
123,28,0.0,natural_gas_steam_turbine
62,28,0.0,natural_gas_steam_turbine
49,28,0.0,natural_gas_steam_turbine
48,28,0.0,natural_gas_steam_turbine
21,28,0.0,natural_gas_steam_turbine
79,28,6855.715710245431,nuclear
10,28,287.63567000000006,onshore_wind_turbine
23,28,3013.1178,onshore_wind_turbine
31,28,1880.8574400000002,onshore_wind_turbine
38,28,59.645250000000004,onshore_wind_turbine
50,28,1514.80056,onshore_wind_turbine
63,28,21.2923201288,onshore_wind_turbine
80,28,5869.58512,onshore_wind_turbine
94,28,4516.338400000001,onshore_wind_turbine
105,28,2757.4371999299997,onshore_wind_turbine
124,28,24935.533010449602,onshore_wind_turbine
136,28,665.5782,onshore_wind_turbine
144,28,3315.5570699999994,onshore_wind_turbine
11,28,19.125,small_hydroelectric
24,28,62.577,small_hydroelectric
32,28,192.0,small_hydroelectric
39,28,52.9,small_hydroelectric
51,28,25.641,small_hydroelectric
64,28,6.128,small_hydroelectric
81,28,241.672,small_hydroelectric
95,28,418.922,small_hydroelectric
106,28,31.614,small_hydroelectric
125,28,100.697,small_hydroelectric
137,28,36.822,small_hydroelectric
145,28,33.21,small_hydroelectric
12,28,0.0,solar_photovoltaic
25,28,0.0,solar_photovoltaic
33,28,0.0,solar_photovoltaic
52,28,0.0,solar_photovoltaic
65,28,0.0,solar_photovoltaic
82,28,0.0,solar_photovoltaic
96,28,0.0,solar_photovoltaic
107,28,0.0,solar_photovoltaic
126,28,0.0,solar_photovoltaic
138,28,0.0,solar_photovoltaic
26,29,11.235,biomass
13,29,15.682,biomass
108,29,137.081,biomass
40,29,5.952,biomass
97,29,178.173,biomass
1,29,16.294,biomass
66,29,228.795,biomass
2,29,495.04143359999995,conventional_hydroelectric
14,29,171.1800156,conventional_hydroelectric
27,29,379.86596640000005,conventional_hydroelectric
35,29,575.7004880000001,conventional_hydroelectric
54,29,407.6530722,conventional_hydroelectric
67,29,1847.443263543306,conventional_hydroelectric
84,29,8567.7232122,conventional_hydroelectric
109,29,190.12481659859998,conventional_hydroelectric
128,29,30.435900000000004,conventional_hydroelectric
139,29,33.3739968,conventional_hydroelectric
110,29,50.0,conventional_steam_coal
41,29,0.0,conventional_steam_coal
3,29,0.0,conventional_steam_coal
36,29,0.0,conventional_steam_coal
85,29,0.0,conventional_steam_coal
28,29,74.364,geothermal
116,29,0.0,natural_gas_fired_combined_cycle
73,29,0.0,natural_gas_fired_combined_cycle
71,29,0.0,natural_gas_fired_combined_cycle
44,29,0.0,natural_gas_fired_combined_cycle
115,29,0.0,natural_gas_fired_combined_cycle
70,29,0.0,natural_gas_fired_combined_cycle
131,29,0.0,natural_gas_fired_combined_cycle
18,29,0.0,natural_gas_fired_combined_cycle
72,29,0.0,natural_gas_fired_combined_cycle
114,29,0.0,natural_gas_fired_combined_cycle
45,29,0.0,natural_gas_fired_combined_cycle
78,29,0.0,natural_gas_fired_combustion_turbine
75,29,0.0,natural_gas_fired_combustion_turbine
119,29,0.0,natural_gas_fired_combustion_turbine
117,29,0.0,natural_gas_fired_combustion_turbine
134,29,0.0,natural_gas_fired_combustion_turbine
103,29,0.0,natural_gas_fired_combustion_turbine
47,29,0.0,natural_gas_fired_combustion_turbine
8,29,0.0,natural_gas_fired_combustion_turbine
90,29,0.0,natural_gas_fired_combustion_turbine
60,29,0.0,natural_gas_fired_combustion_turbine
46,29,0.0,natural_gas_fired_combustion_turbine
37,29,0.0,natural_gas_fired_combustion_turbine
7,29,0.0,natural_gas_fired_combustion_turbine
133,29,0.0,natural_gas_fired_combustion_turbine
74,29,0.0,natural_gas_fired_combustion_turbine
20,29,0.0,natural_gas_fired_combustion_turbine
135,29,0.0,natural_gas_fired_combustion_turbine
142,29,0.0,natural_gas_fired_combustion_turbine
121,29,0.0,natural_gas_fired_combustion_turbine
91,29,0.0,natural_gas_fired_combustion_turbine
22,29,0.0,natural_gas_steam_turbine
123,29,0.0,natural_gas_steam_turbine
62,29,0.0,natural_gas_steam_turbine
49,29,0.0,natural_gas_steam_turbine
48,29,0.0,natural_gas_steam_turbine
21,29,0.0,natural_gas_steam_turbine
79,29,7405.999,nuclear
10,29,289.9771,onshore_wind_turbine
23,29,2627.394,onshore_wind_turbine
31,29,1727.68155,onshore_wind_turbine
38,29,115.88220000000001,onshore_wind_turbine
50,29,2018.8307999999997,onshore_wind_turbine
63,29,26.62128,onshore_wind_turbine
80,29,5680.933159999999,onshore_wind_turbine
94,29,5112.142000000001,onshore_wind_turbine
105,29,2889.644939937,onshore_wind_turbine
124,29,25504.0244823364,onshore_wind_turbine
136,29,1191.7447500000003,onshore_wind_turbine
144,29,2480.7201299999997,onshore_wind_turbine
11,29,19.125,small_hydroelectric
24,29,62.577,small_hydroelectric
32,29,192.0,small_hydroelectric
39,29,52.9,small_hydroelectric
51,29,25.641,small_hydroelectric
64,29,6.128,small_hydroelectric
81,29,241.672,small_hydroelectric
95,29,418.922,small_hydroelectric
106,29,31.614,small_hydroelectric
125,29,100.697,small_hydroelectric
137,29,36.822,small_hydroelectric
145,29,33.21,small_hydroelectric
12,29,0.0,solar_photovoltaic
25,29,0.0,solar_photovoltaic
33,29,0.0,solar_photovoltaic
52,29,0.0,solar_photovoltaic
65,29,0.0,solar_photovoltaic
82,29,0.0,solar_photovoltaic
96,29,0.0,solar_photovoltaic
107,29,0.0,solar_photovoltaic
126,29,0.0,solar_photovoltaic
138,29,0.0,solar_photovoltaic
26,30,11.235,biomass
13,30,15.682,biomass
108,30,137.081,biomass
40,30,5.952,biomass
97,30,178.173,biomass
1,30,16.294,biomass
66,30,228.795,biomass
2,30,494.7651828,conventional_hydroelectric
14,30,171.227056,conventional_hydroelectric
27,30,379.4426388,conventional_hydroelectric
35,30,575.4507264,conventional_hydroelectric
54,30,406.82155140000003,conventional_hydroelectric
67,30,1846.0933824202739,conventional_hydroelectric
84,30,8564.8179144,conventional_hydroelectric
109,30,189.69958154940002,conventional_hydroelectric
128,30,30.405540000000002,conventional_hydroelectric
139,30,33.2109696,conventional_hydroelectric
110,30,50.0,conventional_steam_coal
41,30,0.0,conventional_steam_coal
3,30,0.0,conventional_steam_coal
36,30,0.0,conventional_steam_coal
85,30,0.0,conventional_steam_coal
28,30,74.364,geothermal
116,30,0.0,natural_gas_fired_combined_cycle
73,30,0.0,natural_gas_fired_combined_cycle
71,30,0.0,natural_gas_fired_combined_cycle
44,30,0.0,natural_gas_fired_combined_cycle
115,30,0.0,natural_gas_fired_combined_cycle
70,30,0.0,natural_gas_fired_combined_cycle
131,30,0.0,natural_gas_fired_combined_cycle
18,30,0.0,natural_gas_fired_combined_cycle
72,30,0.0,natural_gas_fired_combined_cycle
114,30,0.0,natural_gas_fired_combined_cycle
45,30,0.0,natural_gas_fired_combined_cycle
78,30,0.0,natural_gas_fired_combustion_turbine
75,30,0.0,natural_gas_fired_combustion_turbine
119,30,0.0,natural_gas_fired_combustion_turbine
117,30,0.0,natural_gas_fired_combustion_turbine
134,30,0.0,natural_gas_fired_combustion_turbine
103,30,0.0,natural_gas_fired_combustion_turbine
47,30,0.0,natural_gas_fired_combustion_turbine
8,30,0.0,natural_gas_fired_combustion_turbine
90,30,0.0,natural_gas_fired_combustion_turbine
60,30,0.0,natural_gas_fired_combustion_turbine
46,30,0.0,natural_gas_fired_combustion_turbine
37,30,0.0,natural_gas_fired_combustion_turbine
7,30,0.0,natural_gas_fired_combustion_turbine
133,30,0.0,natural_gas_fired_combustion_turbine
74,30,0.0,natural_gas_fired_combustion_turbine
20,30,0.0,natural_gas_fired_combustion_turbine
135,30,0.0,natural_gas_fired_combustion_turbine
142,30,0.0,natural_gas_fired_combustion_turbine
121,30,0.0,natural_gas_fired_combustion_turbine
91,30,0.0,natural_gas_fired_combustion_turbine
22,30,0.0,natural_gas_steam_turbine
123,30,0.0,natural_gas_steam_turbine
62,30,0.0,natural_gas_steam_turbine
49,30,0.0,natural_gas_steam_turbine
48,30,0.0,natural_gas_steam_turbine
21,30,0.0,natural_gas_steam_turbine
79,30,5554.499250000003,nuclear
10,30,295.20029,onshore_wind_turbine
23,30,1619.2946000000002,onshore_wind_turbine
31,30,1508.0107,onshore_wind_turbine
38,30,123.26685,onshore_wind_turbine
50,30,1785.1071,onshore_wind_turbine
63,30,78.74328026879999,onshore_wind_turbine
80,30,4005.3691999999996,onshore_wind_turbine
94,30,4295.6704,onshore_wind_turbine
105,30,2868.908421687,onshore_wind_turbine
124,30,25456.428911097802,onshore_wind_turbine
136,30,809.4870000000001,onshore_wind_turbine
144,30,2541.2782499999994,onshore_wind_turbine
11,30,19.125,small_hydroelectric
24,30,62.577,small_hydroelectric
32,30,192.0,small_hydroelectric
39,30,52.9,small_hydroelectric
51,30,25.641,small_hydroelectric
64,30,6.128,small_hydroelectric
81,30,241.672,small_hydroelectric
95,30,418.922,small_hydroelectric
106,30,31.614,small_hydroelectric
125,30,100.697,small_hydroelectric
137,30,36.822,small_hydroelectric
145,30,33.21,small_hydroelectric
12,30,0.0,solar_photovoltaic
25,30,0.0,solar_photovoltaic
33,30,0.0,solar_photovoltaic
52,30,0.0,solar_photovoltaic
65,30,0.0,solar_photovoltaic
82,30,0.0,solar_photovoltaic
96,30,0.0,solar_photovoltaic
107,30,0.0,solar_photovoltaic
126,30,0.0,solar_photovoltaic
138,30,0.0,solar_photovoltaic
26,31,11.235,biomass
13,31,15.682,biomass
108,31,137.081,biomass
40,31,5.952,biomass
97,31,178.173,biomass
1,31,16.294,biomass
66,31,228.795,biomass
2,31,494.4889319999999,conventional_hydroelectric
14,31,171.3211368,conventional_hydroelectric
27,31,378.87820200000004,conventional_hydroelectric
35,31,575.4507264,conventional_hydroelectric
54,31,405.9900306,conventional_hydroelectric
67,31,1844.743508571249,conventional_hydroelectric
84,31,8559.007318799999,conventional_hydroelectric
109,31,189.2562210318,conventional_hydroelectric
128,31,30.375180000000004,conventional_hydroelectric
139,31,33.0479424,conventional_hydroelectric
110,31,28.499999999999996,conventional_steam_coal
41,31,0.0,conventional_steam_coal
3,31,0.0,conventional_steam_coal
36,31,0.0,conventional_steam_coal
85,31,0.0,conventional_steam_coal
28,31,74.364,geothermal
116,31,0.0,natural_gas_fired_combined_cycle
73,31,0.0,natural_gas_fired_combined_cycle
71,31,0.0,natural_gas_fired_combined_cycle
44,31,0.0,natural_gas_fired_combined_cycle
115,31,0.0,natural_gas_fired_combined_cycle
70,31,0.0,natural_gas_fired_combined_cycle
131,31,0.0,natural_gas_fired_combined_cycle
18,31,0.0,natural_gas_fired_combined_cycle
72,31,0.0,natural_gas_fired_combined_cycle
114,31,0.0,natural_gas_fired_combined_cycle
45,31,0.0,natural_gas_fired_combined_cycle
78,31,0.0,natural_gas_fired_combustion_turbine
75,31,0.0,natural_gas_fired_combustion_turbine
119,31,0.0,natural_gas_fired_combustion_turbine
117,31,0.0,natural_gas_fired_combustion_turbine
134,31,0.0,natural_gas_fired_combustion_turbine
103,31,0.0,natural_gas_fired_combustion_turbine
47,31,0.0,natural_gas_fired_combustion_turbine
8,31,0.0,natural_gas_fired_combustion_turbine
90,31,0.0,natural_gas_fired_combustion_turbine
60,31,0.0,natural_gas_fired_combustion_turbine
46,31,0.0,natural_gas_fired_combustion_turbine
37,31,0.0,natural_gas_fired_combustion_turbine
7,31,0.0,natural_gas_fired_combustion_turbine
133,31,0.0,natural_gas_fired_combustion_turbine
74,31,0.0,natural_gas_fired_combustion_turbine
20,31,0.0,natural_gas_fired_combustion_turbine
135,31,0.0,natural_gas_fired_combustion_turbine
142,31,0.0,natural_gas_fired_combustion_turbine
121,31,0.0,natural_gas_fired_combustion_turbine
91,31,0.0,natural_gas_fired_combustion_turbine
22,31,0.0,natural_gas_steam_turbine
123,31,0.0,natural_gas_steam_turbine
62,31,0.0,natural_gas_steam_turbine
49,31,0.0,natural_gas_steam_turbine
48,31,0.0,natural_gas_steam_turbine
21,31,0.0,natural_gas_steam_turbine
79,31,3702.9995000000145,nuclear
10,31,228.73970000000003,onshore_wind_turbine
23,31,3411.8854,onshore_wind_turbine
31,31,1199.2841,onshore_wind_turbine
38,31,136.332,onshore_wind_turbine
50,31,2025.6053999999997,onshore_wind_turbine
63,31,42.5706399552,onshore_wind_turbine
80,31,2322.37068,onshore_wind_turbine
94,31,3810.2008,onshore_wind_turbine
105,31,2571.7591207349997,onshore_wind_turbine
124,31,25401.252808192803,onshore_wind_turbine
136,31,428.1286800000001,onshore_wind_turbine
144,31,1782.1389599999998,onshore_wind_turbine
11,31,19.125,small_hydroelectric
24,31,62.577,small_hydroelectric
32,31,192.0,small_hydroelectric
39,31,52.9,small_hydroelectric
51,31,25.641,small_hydroelectric
64,31,6.128,small_hydroelectric
81,31,241.672,small_hydroelectric
95,31,418.922,small_hydroelectric
106,31,31.614,small_hydroelectric
125,31,100.697,small_hydroelectric
137,31,36.822,small_hydroelectric
145,31,33.21,small_hydroelectric
12,31,2697.7986,solar_photovoltaic
25,31,1255.1239399999997,solar_photovoltaic
33,31,210.9079,solar_photovoltaic
52,31,2379.04156,solar_photovoltaic
65,31,1734.9584110901,solar_photovoltaic
82,31,0.0,solar_photovoltaic
96,31,0.0,solar_photovoltaic
107,31,3086.0980461745,solar_photovoltaic
126,31,480.52305130900004,solar_photovoltaic
138,31,870.2986599999998,solar_photovoltaic
26,32,0.0,biomass
13,32,0.0,biomass
108,32,0.0,biomass
40,32,0.0,biomass
97,32,0.0,biomass
1,32,0.0,biomass
66,32,0.0,biomass
2,32,494.21268119999996,conventional_hydroelectric
14,32,132.3716856,conventional_hydroelectric
27,32,351.3619079999996,conventional_hydroelectric
35,32,368.1485984000002,conventional_hydroelectric
54,32,319.7197475999994,conventional_hydroelectric
67,32,1241.000927571245,conventional_hydroelectric
84,32,6147.610144799988,conventional_hydroelectric
109,32,188.89173324840002,conventional_hydroelectric
128,32,17.775780000000015,conventional_hydroelectric
139,32,19.330368,conventional_hydroelectric
110,32,0.0,conventional_steam_coal
41,32,0.0,conventional_steam_coal
3,32,0.0,conventional_steam_coal
36,32,0.0,conventional_steam_coal
85,32,0.0,conventional_steam_coal
28,32,74.364,geothermal
116,32,0.0,natural_gas_fired_combined_cycle
73,32,0.0,natural_gas_fired_combined_cycle
71,32,0.0,natural_gas_fired_combined_cycle
44,32,0.0,natural_gas_fired_combined_cycle
115,32,0.0,natural_gas_fired_combined_cycle
70,32,0.0,natural_gas_fired_combined_cycle
131,32,0.0,natural_gas_fired_combined_cycle
18,32,0.0,natural_gas_fired_combined_cycle
72,32,0.0,natural_gas_fired_combined_cycle
114,32,0.0,natural_gas_fired_combined_cycle
45,32,0.0,natural_gas_fired_combined_cycle
78,32,0.0,natural_gas_fired_combustion_turbine
75,32,0.0,natural_gas_fired_combustion_turbine
119,32,0.0,natural_gas_fired_combustion_turbine
117,32,0.0,natural_gas_fired_combustion_turbine
134,32,0.0,natural_gas_fired_combustion_turbine
103,32,0.0,natural_gas_fired_combustion_turbine
47,32,0.0,natural_gas_fired_combustion_turbine
8,32,0.0,natural_gas_fired_combustion_turbine
90,32,0.0,natural_gas_fired_combustion_turbine
60,32,0.0,natural_gas_fired_combustion_turbine
46,32,0.0,natural_gas_fired_combustion_turbine
37,32,0.0,natural_gas_fired_combustion_turbine
7,32,0.0,natural_gas_fired_combustion_turbine
133,32,0.0,natural_gas_fired_combustion_turbine
74,32,0.0,natural_gas_fired_combustion_turbine
20,32,0.0,natural_gas_fired_combustion_turbine
135,32,0.0,natural_gas_fired_combustion_turbine
142,32,0.0,natural_gas_fired_combustion_turbine
121,32,0.0,natural_gas_fired_combustion_turbine
91,32,0.0,natural_gas_fired_combustion_turbine
22,32,0.0,natural_gas_steam_turbine
123,32,0.0,natural_gas_steam_turbine
62,32,0.0,natural_gas_steam_turbine
49,32,0.0,natural_gas_steam_turbine
48,32,0.0,natural_gas_steam_turbine
21,32,0.0,natural_gas_steam_turbine
79,32,1851.4997500000263,nuclear
10,32,60.877179999999996,onshore_wind_turbine
23,32,4328.6782,onshore_wind_turbine
31,32,376.40897,onshore_wind_turbine
38,32,43.739850000000004,onshore_wind_turbine
50,32,2363.6579399999996,onshore_wind_turbine
63,32,3.4711603751999998,onshore_wind_turbine
80,32,494.39823999999993,onshore_wind_turbine
94,32,2916.4954,onshore_wind_turbine
105,32,715.0873795589999,onshore_wind_turbine
124,32,16065.841020337126,onshore_wind_turbine
136,32,330.0908100000001,onshore_wind_turbine
144,32,2113.0458299999996,onshore_wind_turbine
11,32,19.125,small_hydroelectric
24,32,0.0,small_hydroelectric
32,32,192.0,small_hydroelectric
39,32,52.9,small_hydroelectric
51,32,25.641,small_hydroelectric
64,32,0.0,small_hydroelectric
81,32,241.672,small_hydroelectric
95,32,0.0,small_hydroelectric
106,32,0.0,small_hydroelectric
125,32,100.697,small_hydroelectric
137,32,36.822,small_hydroelectric
145,32,33.21,small_hydroelectric
12,32,5856.059160000001,solar_photovoltaic
25,32,2055.1299999999997,solar_photovoltaic
33,32,741.8747,solar_photovoltaic
52,32,3569.9447,solar_photovoltaic
65,32,5871.351229264501,solar_photovoltaic
82,32,4623.7989,solar_photovoltaic
96,32,428.88867,solar_photovoltaic
107,32,7884.20163405,solar_photovoltaic
126,32,13071.5313519945,solar_photovoltaic
138,32,1909.5430199999998,solar_photovoltaic
26,33,0.0,biomass
13,33,0.0,biomass
108,33,0.0,biomass
40,33,0.0,biomass
97,33,0.0,biomass
1,33,0.0,biomass
66,33,0.0,biomass
2,33,264.9245172000002,conventional_hydroelectric
14,33,171.4152176,conventional_hydroelectric
27,33,234.24127199999973,conventional_hydroelectric
35,33,575.2009648000001,conventional_hydroelectric
54,33,345.0811320000001,conventional_hydroelectric
67,33,1842.771161573199,conventional_hydroelectric
84,33,6130.1783579999965,conventional_hydroelectric
109,33,188.527245465,conventional_hydroelectric
128,33,5.176379999999963,conventional_hydroelectric
139,33,32.698598399999995,conventional_hydroelectric
110,33,0.0,conventional_steam_coal
41,33,0.0,conventional_steam_coal
3,33,0.0,conventional_steam_coal
36,33,0.0,conventional_steam_coal
85,33,0.0,conventional_steam_coal
28,33,0.0,geothermal
116,33,0.0,natural_gas_fired_combined_cycle
73,33,0.0,natural_gas_fired_combined_cycle
71,33,0.0,natural_gas_fired_combined_cycle
44,33,0.0,natural_gas_fired_combined_cycle
115,33,0.0,natural_gas_fired_combined_cycle
70,33,0.0,natural_gas_fired_combined_cycle
131,33,0.0,natural_gas_fired_combined_cycle
18,33,0.0,natural_gas_fired_combined_cycle
72,33,0.0,natural_gas_fired_combined_cycle
114,33,0.0,natural_gas_fired_combined_cycle
45,33,0.0,natural_gas_fired_combined_cycle
78,33,0.0,natural_gas_fired_combustion_turbine
75,33,0.0,natural_gas_fired_combustion_turbine
119,33,0.0,natural_gas_fired_combustion_turbine
117,33,0.0,natural_gas_fired_combustion_turbine
134,33,0.0,natural_gas_fired_combustion_turbine
103,33,0.0,natural_gas_fired_combustion_turbine
47,33,0.0,natural_gas_fired_combustion_turbine
8,33,0.0,natural_gas_fired_combustion_turbine
90,33,0.0,natural_gas_fired_combustion_turbine
60,33,0.0,natural_gas_fired_combustion_turbine
46,33,0.0,natural_gas_fired_combustion_turbine
37,33,0.0,natural_gas_fired_combustion_turbine
7,33,0.0,natural_gas_fired_combustion_turbine
133,33,0.0,natural_gas_fired_combustion_turbine
74,33,0.0,natural_gas_fired_combustion_turbine
20,33,0.0,natural_gas_fired_combustion_turbine
135,33,0.0,natural_gas_fired_combustion_turbine
142,33,0.0,natural_gas_fired_combustion_turbine
121,33,0.0,natural_gas_fired_combustion_turbine
91,33,0.0,natural_gas_fired_combustion_turbine
22,33,0.0,natural_gas_steam_turbine
123,33,0.0,natural_gas_steam_turbine
62,33,0.0,natural_gas_steam_turbine
49,33,0.0,natural_gas_steam_turbine
48,33,0.0,natural_gas_steam_turbine
21,33,0.0,natural_gas_steam_turbine
79,33,0.0,nuclear
10,33,36.022000000000006,onshore_wind_turbine
23,33,5592.0634,onshore_wind_turbine
31,33,0.0,onshore_wind_turbine
38,33,0.0,onshore_wind_turbine
50,33,0.0,onshore_wind_turbine
63,33,10.0447203528,onshore_wind_turbine
80,33,0.0,onshore_wind_turbine
94,33,0.0,onshore_wind_turbine
105,33,2068.3202415749997,onshore_wind_turbine
124,33,22709.567005833404,onshore_wind_turbine
136,33,102.53502000000002,onshore_wind_turbine
144,33,0.0,onshore_wind_turbine
11,33,0.0,small_hydroelectric
24,33,62.577,small_hydroelectric
32,33,192.0,small_hydroelectric
39,33,0.0,small_hydroelectric
51,33,25.641,small_hydroelectric
64,33,6.128,small_hydroelectric
81,33,0.0,small_hydroelectric
95,33,418.922,small_hydroelectric
106,33,0.0,small_hydroelectric
125,33,0.0,small_hydroelectric
137,33,0.0,small_hydroelectric
145,33,0.0,small_hydroelectric
12,33,8233.736414354742,solar_photovoltaic
25,33,0.0,solar_photovoltaic
33,33,1120.5582499999998,solar_photovoltaic
52,33,0.0,solar_photovoltaic
65,33,11989.1991793203,solar_photovoltaic
82,33,7148.35408,solar_photovoltaic
96,33,758.7465199999999,solar_photovoltaic
107,33,0.0,solar_photovoltaic
126,33,20777.512707315,solar_photovoltaic
138,33,2774.81897,solar_photovoltaic
26,34,0.0,biomass
13,34,0.0,biomass
108,34,0.0,biomass
40,34,0.0,biomass
97,34,0.0,biomass
1,34,0.0,biomass
66,34,0.0,biomass
2,34,229.288164,conventional_hydroelectric
14,34,132.37168560000006,conventional_hydroelectric
27,34,117.12063599999993,conventional_hydroelectric
35,34,367.89883679999963,conventional_hydroelectric
54,34,258.8108490000001,conventional_hydroelectric
67,34,1239.028580573198,conventional_hydroelectric
84,34,3718.7811839999936,conventional_hydroelectric
109,34,188.10200901960002,conventional_hydroelectric
128,34,0.0,conventional_hydroelectric
139,34,13.368230399999995,conventional_hydroelectric
110,34,0.0,conventional_steam_coal
41,34,0.0,conventional_steam_coal
3,34,0.0,conventional_steam_coal
36,34,0.0,conventional_steam_coal
85,34,0.0,conventional_steam_coal
28,34,74.364,geothermal
116,34,0.0,natural_gas_fired_combined_cycle
73,34,0.0,natural_gas_fired_combined_cycle
71,34,0.0,natural_gas_fired_combined_cycle
44,34,0.0,natural_gas_fired_combined_cycle
115,34,0.0,natural_gas_fired_combined_cycle
70,34,0.0,natural_gas_fired_combined_cycle
131,34,0.0,natural_gas_fired_combined_cycle
18,34,0.0,natural_gas_fired_combined_cycle
72,34,0.0,natural_gas_fired_combined_cycle
114,34,0.0,natural_gas_fired_combined_cycle
45,34,0.0,natural_gas_fired_combined_cycle
78,34,0.0,natural_gas_fired_combustion_turbine
75,34,0.0,natural_gas_fired_combustion_turbine
119,34,0.0,natural_gas_fired_combustion_turbine
117,34,0.0,natural_gas_fired_combustion_turbine
134,34,0.0,natural_gas_fired_combustion_turbine
103,34,0.0,natural_gas_fired_combustion_turbine
47,34,0.0,natural_gas_fired_combustion_turbine
8,34,0.0,natural_gas_fired_combustion_turbine
90,34,0.0,natural_gas_fired_combustion_turbine
60,34,0.0,natural_gas_fired_combustion_turbine
46,34,0.0,natural_gas_fired_combustion_turbine
37,34,0.0,natural_gas_fired_combustion_turbine
7,34,0.0,natural_gas_fired_combustion_turbine
133,34,0.0,natural_gas_fired_combustion_turbine
74,34,0.0,natural_gas_fired_combustion_turbine
20,34,0.0,natural_gas_fired_combustion_turbine
135,34,0.0,natural_gas_fired_combustion_turbine
142,34,0.0,natural_gas_fired_combustion_turbine
121,34,0.0,natural_gas_fired_combustion_turbine
91,34,0.0,natural_gas_fired_combustion_turbine
22,34,0.0,natural_gas_steam_turbine
123,34,0.0,natural_gas_steam_turbine
62,34,0.0,natural_gas_steam_turbine
49,34,0.0,natural_gas_steam_turbine
48,34,0.0,natural_gas_steam_turbine
21,34,0.0,natural_gas_steam_turbine
79,34,0.0,nuclear
10,34,30.978920000000002,onshore_wind_turbine
23,34,6536.8072,onshore_wind_turbine
31,34,1227.78194,onshore_wind_turbine
38,34,2.84025,onshore_wind_turbine
50,34,2213.9392799999996,onshore_wind_turbine
63,34,2.6249998768,onshore_wind_turbine
80,34,207.23835999999997,onshore_wind_turbine
94,34,296.3610702515939,onshore_wind_turbine
105,34,0.0,onshore_wind_turbine
124,34,19746.097567242203,onshore_wind_turbine
136,34,0.0,onshore_wind_turbine
144,34,3518.8593299999998,onshore_wind_turbine
11,34,0.0,small_hydroelectric
24,34,0.0,small_hydroelectric
32,34,0.0,small_hydroelectric
39,34,0.0,small_hydroelectric
51,34,0.0,small_hydroelectric
64,34,0.0,small_hydroelectric
81,34,241.672,small_hydroelectric
95,34,0.0,small_hydroelectric
106,34,0.0,small_hydroelectric
125,34,0.0,small_hydroelectric
137,34,0.0,small_hydroelectric
145,34,0.0,small_hydroelectric
12,34,9659.81394,solar_photovoltaic
25,34,2402.6337999999996,solar_photovoltaic
33,34,0.0,solar_photovoltaic
52,34,0.0,solar_photovoltaic
65,34,15132.7326608031,solar_photovoltaic
82,34,0.0,solar_photovoltaic
96,34,0.0,solar_photovoltaic
107,34,15084.6861257155,solar_photovoltaic
126,34,25687.781760718,solar_photovoltaic
138,34,3107.2310499999994,solar_photovoltaic
26,35,0.0,biomass
13,35,0.0,biomass
108,35,0.0,biomass
40,35,0.0,biomass
97,35,0.0,biomass
1,35,0.0,biomass
66,35,0.0,biomass
2,35,263.2670124000007,conventional_hydroelectric
14,35,132.55984720000006,conventional_hydroelectric
27,35,0.0,conventional_hydroelectric
35,35,367.3993135999995,conventional_hydroelectric
54,35,172.54056600000007,conventional_hydroelectric
67,35,1207.485162,conventional_hydroelectric
84,35,6112.7465711999375,conventional_hydroelectric
109,35,72.21740901960005,conventional_hydroelectric
128,35,12.599400000000053,conventional_hydroelectric
139,35,19.330368000000053,conventional_hydroelectric
110,35,0.0,conventional_steam_coal
41,35,0.0,conventional_steam_coal
3,35,0.0,conventional_steam_coal
36,35,0.0,conventional_steam_coal
85,35,0.0,conventional_steam_coal
28,35,0.0,geothermal
116,35,0.0,natural_gas_fired_combined_cycle
73,35,0.0,natural_gas_fired_combined_cycle
71,35,0.0,natural_gas_fired_combined_cycle
44,35,0.0,natural_gas_fired_combined_cycle
115,35,0.0,natural_gas_fired_combined_cycle
70,35,0.0,natural_gas_fired_combined_cycle
131,35,0.0,natural_gas_fired_combined_cycle
18,35,0.0,natural_gas_fired_combined_cycle
72,35,0.0,natural_gas_fired_combined_cycle
114,35,0.0,natural_gas_fired_combined_cycle
45,35,0.0,natural_gas_fired_combined_cycle
78,35,0.0,natural_gas_fired_combustion_turbine
75,35,0.0,natural_gas_fired_combustion_turbine
119,35,0.0,natural_gas_fired_combustion_turbine
117,35,0.0,natural_gas_fired_combustion_turbine
134,35,0.0,natural_gas_fired_combustion_turbine
103,35,0.0,natural_gas_fired_combustion_turbine
47,35,0.0,natural_gas_fired_combustion_turbine
8,35,0.0,natural_gas_fired_combustion_turbine
90,35,0.0,natural_gas_fired_combustion_turbine
60,35,0.0,natural_gas_fired_combustion_turbine
46,35,0.0,natural_gas_fired_combustion_turbine
37,35,0.0,natural_gas_fired_combustion_turbine
7,35,0.0,natural_gas_fired_combustion_turbine
133,35,0.0,natural_gas_fired_combustion_turbine
74,35,0.0,natural_gas_fired_combustion_turbine
20,35,0.0,natural_gas_fired_combustion_turbine
135,35,0.0,natural_gas_fired_combustion_turbine
142,35,0.0,natural_gas_fired_combustion_turbine
121,35,0.0,natural_gas_fired_combustion_turbine
91,35,0.0,natural_gas_fired_combustion_turbine
22,35,0.0,natural_gas_steam_turbine
123,35,0.0,natural_gas_steam_turbine
62,35,0.0,natural_gas_steam_turbine
49,35,0.0,natural_gas_steam_turbine
48,35,0.0,natural_gas_steam_turbine
21,35,0.0,natural_gas_steam_turbine
79,35,0.0,nuclear
10,35,19.09166,onshore_wind_turbine
23,35,0.0,onshore_wind_turbine
31,35,0.0,onshore_wind_turbine
38,35,0.0,onshore_wind_turbine
50,35,0.0,onshore_wind_turbine
63,35,0.0,onshore_wind_turbine
80,35,152.40848,onshore_wind_turbine
94,35,3607.9218,onshore_wind_turbine
105,35,0.0,onshore_wind_turbine
124,35,16293.895249924602,onshore_wind_turbine
136,35,129.51792,onshore_wind_turbine
144,35,4042.2545099999998,onshore_wind_turbine
11,35,0.0,small_hydroelectric
24,35,62.577,small_hydroelectric
32,35,0.0,small_hydroelectric
39,35,52.9,small_hydroelectric
51,35,0.0,small_hydroelectric
64,35,6.128,small_hydroelectric
81,35,0.0,small_hydroelectric
95,35,0.0,small_hydroelectric
106,35,31.614,small_hydroelectric
125,35,0.0,small_hydroelectric
137,35,36.822,small_hydroelectric
145,35,0.0,small_hydroelectric
12,35,0.0,solar_photovoltaic
25,35,0.0,solar_photovoltaic
33,35,0.0,solar_photovoltaic
52,35,0.0,solar_photovoltaic
65,35,15312.924911017302,solar_photovoltaic
82,35,0.0,solar_photovoltaic
96,35,1064.94864,solar_photovoltaic
107,35,15307.519778999,solar_photovoltaic
126,35,25380.672420639556,solar_photovoltaic
138,35,3110.8839299999995,solar_photovoltaic
26,36,0.0,biomass
13,36,0.0,biomass
108,36,0.0,biomass
40,36,0.0,biomass
97,36,0.0,biomass
1,36,0.0,biomass
66,36,0.0,biomass
2,36,229.2881640000001,conventional_hydroelectric
14,36,132.70096839999928,conventional_hydroelectric
27,36,117.12063599999988,conventional_hydroelectric
35,36,574.4516799999983,conventional_hydroelectric
54,36,86.27028300000006,conventional_hydroelectric
67,36,603.742581,conventional_hydroelectric
84,36,3701.349397199935,conventional_hydroelectric
109,36,115.88460000000008,conventional_hydroelectric
128,36,12.599400000000015,conventional_hydroelectric
139,36,0.0,conventional_hydroelectric
110,36,0.0,conventional_steam_coal
41,36,0.0,conventional_steam_coal
3,36,0.0,conventional_steam_coal
36,36,0.0,conventional_steam_coal
85,36,0.0,conventional_steam_coal
28,36,74.364,geothermal
116,36,0.0,natural_gas_fired_combined_cycle
73,36,0.0,natural_gas_fired_combined_cycle
71,36,0.0,natural_gas_fired_combined_cycle
44,36,0.0,natural_gas_fired_combined_cycle
115,36,0.0,natural_gas_fired_combined_cycle
70,36,0.0,natural_gas_fired_combined_cycle
131,36,0.0,natural_gas_fired_combined_cycle
18,36,0.0,natural_gas_fired_combined_cycle
72,36,0.0,natural_gas_fired_combined_cycle
114,36,0.0,natural_gas_fired_combined_cycle
45,36,0.0,natural_gas_fired_combined_cycle
78,36,0.0,natural_gas_fired_combustion_turbine
75,36,0.0,natural_gas_fired_combustion_turbine
119,36,0.0,natural_gas_fired_combustion_turbine
117,36,0.0,natural_gas_fired_combustion_turbine
134,36,0.0,natural_gas_fired_combustion_turbine
103,36,0.0,natural_gas_fired_combustion_turbine
47,36,0.0,natural_gas_fired_combustion_turbine
8,36,0.0,natural_gas_fired_combustion_turbine
90,36,0.0,natural_gas_fired_combustion_turbine
60,36,0.0,natural_gas_fired_combustion_turbine
46,36,0.0,natural_gas_fired_combustion_turbine
37,36,0.0,natural_gas_fired_combustion_turbine
7,36,0.0,natural_gas_fired_combustion_turbine
133,36,0.0,natural_gas_fired_combustion_turbine
74,36,0.0,natural_gas_fired_combustion_turbine
20,36,0.0,natural_gas_fired_combustion_turbine
135,36,0.0,natural_gas_fired_combustion_turbine
142,36,0.0,natural_gas_fired_combustion_turbine
121,36,0.0,natural_gas_fired_combustion_turbine
91,36,0.0,natural_gas_fired_combustion_turbine
22,36,0.0,natural_gas_steam_turbine
123,36,0.0,natural_gas_steam_turbine
62,36,0.0,natural_gas_steam_turbine
49,36,0.0,natural_gas_steam_turbine
48,36,0.0,natural_gas_steam_turbine
21,36,0.0,natural_gas_steam_turbine
79,36,0.0,nuclear
10,36,42.32585,onshore_wind_turbine
23,36,3439.8363999999997,onshore_wind_turbine
31,36,901.24419,onshore_wind_turbine
38,36,56.805,onshore_wind_turbine
50,36,1681.45572,onshore_wind_turbine
63,36,18.02500014,onshore_wind_turbine
80,36,346.63635999999997,onshore_wind_turbine
94,36,1504.2202,onshore_wind_turbine
105,36,170.446079139,onshore_wind_turbine
124,36,12925.3086212096,onshore_wind_turbine
136,36,100.73616000000001,onshore_wind_turbine
144,36,4221.766079999999,onshore_wind_turbine
11,36,19.125,small_hydroelectric
24,36,62.577,small_hydroelectric
32,36,192.0,small_hydroelectric
39,36,52.9,small_hydroelectric
51,36,25.641,small_hydroelectric
64,36,0.0,small_hydroelectric
81,36,241.672,small_hydroelectric
95,36,418.922,small_hydroelectric
106,36,0.0,small_hydroelectric
125,36,0.0,small_hydroelectric
137,36,36.822,small_hydroelectric
145,36,0.0,small_hydroelectric
12,36,9322.735082837276,solar_photovoltaic
25,36,2411.9752999999996,solar_photovoltaic
33,36,1365.4438,solar_photovoltaic
52,36,5038.7022,solar_photovoltaic
65,36,13498.936567172701,solar_photovoltaic
82,36,10681.56075,solar_photovoltaic
96,36,1103.7381599999999,solar_photovoltaic
107,36,15546.4658399015,solar_photovoltaic
126,36,0.0,solar_photovoltaic
138,36,3240.5611699999995,solar_photovoltaic
26,37,0.0,biomass
13,37,0.0,biomass
108,37,0.0,biomass
40,37,0.0,biomass
97,37,0.0,biomass
1,37,0.0,biomass
66,37,0.0,biomass
2,37,0.0,conventional_hydroelectric
14,37,93.65743639999928,conventional_hydroelectric
27,37,234.2412719999993,conventional_hydroelectric
35,37,367.14955199999866,conventional_hydroelectric
54,37,59.141916900001206,conventional_hydroelectric
67,37,0.0,conventional_hydroelectric
84,37,1424.7209651335497,conventional_hydroelectric
109,37,0.0,conventional_hydroelectric
128,37,0.0,conventional_hydroelectric
139,37,19.33036799999999,conventional_hydroelectric
110,37,0.0,conventional_steam_coal
41,37,0.0,conventional_steam_coal
3,37,0.0,conventional_steam_coal
36,37,0.0,conventional_steam_coal
85,37,0.0,conventional_steam_coal
28,37,74.364,geothermal
116,37,0.0,natural_gas_fired_combined_cycle
73,37,0.0,natural_gas_fired_combined_cycle
71,37,0.0,natural_gas_fired_combined_cycle
44,37,0.0,natural_gas_fired_combined_cycle
115,37,0.0,natural_gas_fired_combined_cycle
70,37,0.0,natural_gas_fired_combined_cycle
131,37,0.0,natural_gas_fired_combined_cycle
18,37,0.0,natural_gas_fired_combined_cycle
72,37,0.0,natural_gas_fired_combined_cycle
114,37,0.0,natural_gas_fired_combined_cycle
45,37,0.0,natural_gas_fired_combined_cycle
78,37,0.0,natural_gas_fired_combustion_turbine
75,37,0.0,natural_gas_fired_combustion_turbine
119,37,0.0,natural_gas_fired_combustion_turbine
117,37,0.0,natural_gas_fired_combustion_turbine
134,37,0.0,natural_gas_fired_combustion_turbine
103,37,0.0,natural_gas_fired_combustion_turbine
47,37,0.0,natural_gas_fired_combustion_turbine
8,37,0.0,natural_gas_fired_combustion_turbine
90,37,0.0,natural_gas_fired_combustion_turbine
60,37,0.0,natural_gas_fired_combustion_turbine
46,37,0.0,natural_gas_fired_combustion_turbine
37,37,0.0,natural_gas_fired_combustion_turbine
7,37,0.0,natural_gas_fired_combustion_turbine
133,37,0.0,natural_gas_fired_combustion_turbine
74,37,0.0,natural_gas_fired_combustion_turbine
20,37,0.0,natural_gas_fired_combustion_turbine
135,37,0.0,natural_gas_fired_combustion_turbine
142,37,0.0,natural_gas_fired_combustion_turbine
121,37,0.0,natural_gas_fired_combustion_turbine
91,37,0.0,natural_gas_fired_combustion_turbine
22,37,0.0,natural_gas_steam_turbine
123,37,0.0,natural_gas_steam_turbine
62,37,0.0,natural_gas_steam_turbine
49,37,0.0,natural_gas_steam_turbine
48,37,0.0,natural_gas_steam_turbine
21,37,0.0,natural_gas_steam_turbine
79,37,0.0,nuclear
10,37,0.0,onshore_wind_turbine
23,37,3715.6196,onshore_wind_turbine
31,37,0.0,onshore_wind_turbine
38,37,64.7577,onshore_wind_turbine
50,37,0.0,onshore_wind_turbine
63,37,0.0,onshore_wind_turbine
80,37,0.0,onshore_wind_turbine
94,37,7039.3092,onshore_wind_turbine
105,37,0.0,onshore_wind_turbine
124,37,14958.79720091986,onshore_wind_turbine
136,37,0.0,onshore_wind_turbine
144,37,0.0,onshore_wind_turbine
11,37,0.0,small_hydroelectric
24,37,0.0,small_hydroelectric
32,37,0.0,small_hydroelectric
39,37,0.0,small_hydroelectric
51,37,0.0,small_hydroelectric
64,37,6.128,small_hydroelectric
81,37,0.0,small_hydroelectric
95,37,0.0,small_hydroelectric
106,37,31.614,small_hydroelectric
125,37,0.0,small_hydroelectric
137,37,0.0,small_hydroelectric
145,37,33.21,small_hydroelectric
12,37,10086.37686,solar_photovoltaic
25,37,2244.94928,solar_photovoltaic
33,37,0.0,solar_photovoltaic
52,37,5049.76108,solar_photovoltaic
65,37,14922.0687782271,solar_photovoltaic
82,37,11190.763920000001,solar_photovoltaic
96,37,0.0,solar_photovoltaic
107,37,14254.263810017,solar_photovoltaic
126,37,29560.3719604025,solar_photovoltaic
138,37,0.0,solar_photovoltaic
26,38,0.0,biomass
13,38,0.0,biomass
108,38,0.0,biomass
40,38,0.0,biomass
97,38,0.0,biomass
1,38,0.0,biomass
66,38,0.0,biomass
2,38,229.28816400000017,conventional_hydroelectric
14,38,132.70096839999954,conventional_hydroelectric
27,38,258.9353819999998,conventional_hydroelectric
35,38,574.45168,conventional_hydroelectric
54,38,145.4121999000012,conventional_hydroelectric
67,38,603.7425810000007,conventional_hydroelectric
84,38,3701.3493971999515,conventional_hydroelectric
109,38,0.0,conventional_hydroelectric
128,38,12.599400000000013,conventional_hydroelectric
139,38,12.343488,conventional_hydroelectric
110,38,0.0,conventional_steam_coal
41,38,0.0,conventional_steam_coal
3,38,0.0,conventional_steam_coal
36,38,0.0,conventional_steam_coal
85,38,0.0,conventional_steam_coal
28,38,0.0,geothermal
116,38,0.0,natural_gas_fired_combined_cycle
73,38,0.0,natural_gas_fired_combined_cycle
71,38,0.0,natural_gas_fired_combined_cycle
44,38,0.0,natural_gas_fired_combined_cycle
115,38,0.0,natural_gas_fired_combined_cycle
70,38,0.0,natural_gas_fired_combined_cycle
131,38,0.0,natural_gas_fired_combined_cycle
18,38,0.0,natural_gas_fired_combined_cycle
72,38,0.0,natural_gas_fired_combined_cycle
114,38,0.0,natural_gas_fired_combined_cycle
45,38,0.0,natural_gas_fired_combined_cycle
78,38,0.0,natural_gas_fired_combustion_turbine
75,38,0.0,natural_gas_fired_combustion_turbine
119,38,0.0,natural_gas_fired_combustion_turbine
117,38,0.0,natural_gas_fired_combustion_turbine
134,38,0.0,natural_gas_fired_combustion_turbine
103,38,0.0,natural_gas_fired_combustion_turbine
47,38,0.0,natural_gas_fired_combustion_turbine
8,38,0.0,natural_gas_fired_combustion_turbine
90,38,0.0,natural_gas_fired_combustion_turbine
60,38,0.0,natural_gas_fired_combustion_turbine
46,38,0.0,natural_gas_fired_combustion_turbine
37,38,0.0,natural_gas_fired_combustion_turbine
7,38,0.0,natural_gas_fired_combustion_turbine
133,38,0.0,natural_gas_fired_combustion_turbine
74,38,0.0,natural_gas_fired_combustion_turbine
20,38,0.0,natural_gas_fired_combustion_turbine
135,38,0.0,natural_gas_fired_combustion_turbine
142,38,0.0,natural_gas_fired_combustion_turbine
121,38,0.0,natural_gas_fired_combustion_turbine
91,38,0.0,natural_gas_fired_combustion_turbine
22,38,0.0,natural_gas_steam_turbine
123,38,0.0,natural_gas_steam_turbine
62,38,0.0,natural_gas_steam_turbine
49,38,0.0,natural_gas_steam_turbine
48,38,0.0,natural_gas_steam_turbine
21,38,0.0,natural_gas_steam_turbine
79,38,0.0,nuclear
10,38,215.41156,onshore_wind_turbine
23,38,2750.3784,onshore_wind_turbine
31,38,898.8693700000001,onshore_wind_turbine
38,38,139.7403,onshore_wind_turbine
50,38,0.0,onshore_wind_turbine
63,38,227.7727201848,onshore_wind_turbine
80,38,1203.4694,onshore_wind_turbine
94,38,8389.0618,onshore_wind_turbine
105,38,0.0,onshore_wind_turbine
124,38,19945.429362021652,onshore_wind_turbine
136,38,399.34692000000007,onshore_wind_turbine
144,38,3270.1384799999996,onshore_wind_turbine
11,38,19.125,small_hydroelectric
24,38,62.577,small_hydroelectric
32,38,192.0,small_hydroelectric
39,38,0.0,small_hydroelectric
51,38,25.641,small_hydroelectric
64,38,0.0,small_hydroelectric
81,38,241.672,small_hydroelectric
95,38,418.922,small_hydroelectric
106,38,0.0,small_hydroelectric
125,38,100.697,small_hydroelectric
137,38,36.822,small_hydroelectric
145,38,33.21,small_hydroelectric
12,38,9899.932139999999,solar_photovoltaic
25,38,2029.3474599999997,solar_photovoltaic
33,38,1365.7959,solar_photovoltaic
52,38,4814.7598800000005,solar_photovoltaic
65,38,12453.5270217001,solar_photovoltaic
82,38,0.0,solar_photovoltaic
96,38,0.0,solar_photovoltaic
107,38,12787.4107162865,solar_photovoltaic
126,38,25474.896299306998,solar_photovoltaic
138,38,3032.34701,solar_photovoltaic
26,39,0.0,biomass
13,39,0.0,biomass
108,39,0.0,biomass
40,39,0.0,biomass
97,39,0.0,biomass
1,39,0.0,biomass
66,39,0.0,biomass
2,39,263.2670123999997,conventional_hydroelectric
14,39,171.7445004,conventional_hydroelectric
27,39,256.5365255999993,conventional_hydroelectric
35,39,367.14955199999866,conventional_hydroelectric
54,39,172.54056600000007,conventional_hydroelectric
67,39,1207.4851620000013,conventional_hydroelectric
84,39,6112.746571199972,conventional_hydroelectric
109,39,69.81199098120005,conventional_hydroelectric
128,39,5.039759999999969,conventional_hydroelectric
139,39,12.157171199999993,conventional_hydroelectric
110,39,0.0,conventional_steam_coal
41,39,0.0,conventional_steam_coal
3,39,0.0,conventional_steam_coal
36,39,0.0,conventional_steam_coal
85,39,0.0,conventional_steam_coal
28,39,0.0,geothermal
116,39,0.0,natural_gas_fired_combined_cycle
73,39,0.0,natural_gas_fired_combined_cycle
71,39,0.0,natural_gas_fired_combined_cycle
44,39,0.0,natural_gas_fired_combined_cycle
115,39,0.0,natural_gas_fired_combined_cycle
70,39,0.0,natural_gas_fired_combined_cycle
131,39,0.0,natural_gas_fired_combined_cycle
18,39,0.0,natural_gas_fired_combined_cycle
72,39,0.0,natural_gas_fired_combined_cycle
114,39,0.0,natural_gas_fired_combined_cycle
45,39,0.0,natural_gas_fired_combined_cycle
78,39,0.0,natural_gas_fired_combustion_turbine
75,39,0.0,natural_gas_fired_combustion_turbine
119,39,0.0,natural_gas_fired_combustion_turbine
117,39,0.0,natural_gas_fired_combustion_turbine
134,39,0.0,natural_gas_fired_combustion_turbine
103,39,0.0,natural_gas_fired_combustion_turbine
47,39,0.0,natural_gas_fired_combustion_turbine
8,39,0.0,natural_gas_fired_combustion_turbine
90,39,0.0,natural_gas_fired_combustion_turbine
60,39,0.0,natural_gas_fired_combustion_turbine
46,39,0.0,natural_gas_fired_combustion_turbine
37,39,0.0,natural_gas_fired_combustion_turbine
7,39,0.0,natural_gas_fired_combustion_turbine
133,39,0.0,natural_gas_fired_combustion_turbine
74,39,0.0,natural_gas_fired_combustion_turbine
20,39,0.0,natural_gas_fired_combustion_turbine
135,39,0.0,natural_gas_fired_combustion_turbine
142,39,0.0,natural_gas_fired_combustion_turbine
121,39,0.0,natural_gas_fired_combustion_turbine
91,39,0.0,natural_gas_fired_combustion_turbine
22,39,0.0,natural_gas_steam_turbine
123,39,0.0,natural_gas_steam_turbine
62,39,0.0,natural_gas_steam_turbine
49,39,0.0,natural_gas_steam_turbine
48,39,0.0,natural_gas_steam_turbine
21,39,0.0,natural_gas_steam_turbine
79,39,0.0,nuclear
10,39,255.93631000000002,onshore_wind_turbine
23,39,5040.497,onshore_wind_turbine
31,39,872.74635,onshore_wind_turbine
38,39,216.99509999999998,onshore_wind_turbine
50,39,1442.31234,onshore_wind_turbine
63,39,294.3382399216,onshore_wind_turbine
80,39,2653.2085999999995,onshore_wind_turbine
94,39,13030.4454,onshore_wind_turbine
105,39,0.0,onshore_wind_turbine
124,39,21405.343456712602,onshore_wind_turbine
136,39,0.0,onshore_wind_turbine
144,39,0.0,onshore_wind_turbine
11,39,0.0,small_hydroelectric
24,39,0.0,small_hydroelectric
32,39,0.0,small_hydroelectric
39,39,0.0,small_hydroelectric
51,39,0.0,small_hydroelectric
64,39,0.0,small_hydroelectric
81,39,0.0,small_hydroelectric
95,39,0.0,small_hydroelectric
106,39,31.614,small_hydroelectric
125,39,0.0,small_hydroelectric
137,39,0.0,small_hydroelectric
145,39,33.21,small_hydroelectric
12,39,0.0,solar_photovoltaic
25,39,0.0,solar_photovoltaic
33,39,1303.8263000000002,solar_photovoltaic
52,39,4301.90432,solar_photovoltaic
65,39,6801.645558333112,solar_photovoltaic
82,39,9563.65494,solar_photovoltaic
96,39,0.0,solar_photovoltaic
107,39,10873.597628691,solar_photovoltaic
126,39,27455.4152645605,solar_photovoltaic
138,39,2585.7824299999997,solar_photovoltaic
26,40,0.0,biomass
13,40,0.0,biomass
108,40,0.0,biomass
40,40,0.0,biomass
97,40,0.0,biomass
1,40,0.0,biomass
66,40,0.0,biomass
2,40,492.00267479999997,conventional_hydroelectric
14,40,171.7915408,conventional_hydroelectric
27,40,139.4158895999991,conventional_hydroelectric
35,40,574.2019184,conventional_hydroelectric
54,40,258.8108490000001,conventional_hydroelectric
67,40,625.2668623454788,conventional_hydroelectric
84,40,8524.1437452,conventional_hydroelectric
109,40,185.69659098120002,conventional_hydroelectric
128,40,17.639159999999976,conventional_hydroelectric
139,40,31.161484799999936,conventional_hydroelectric
110,40,0.0,conventional_steam_coal
41,40,0.0,conventional_steam_coal
3,40,0.0,conventional_steam_coal
36,40,0.0,conventional_steam_coal
85,40,0.0,conventional_steam_coal
28,40,74.364,geothermal
116,40,0.0,natural_gas_fired_combined_cycle
73,40,0.0,natural_gas_fired_combined_cycle
71,40,0.0,natural_gas_fired_combined_cycle
44,40,0.0,natural_gas_fired_combined_cycle
115,40,0.0,natural_gas_fired_combined_cycle
70,40,0.0,natural_gas_fired_combined_cycle
131,40,0.0,natural_gas_fired_combined_cycle
18,40,0.0,natural_gas_fired_combined_cycle
72,40,0.0,natural_gas_fired_combined_cycle
114,40,0.0,natural_gas_fired_combined_cycle
45,40,0.0,natural_gas_fired_combined_cycle
78,40,0.0,natural_gas_fired_combustion_turbine
75,40,0.0,natural_gas_fired_combustion_turbine
119,40,0.0,natural_gas_fired_combustion_turbine
117,40,0.0,natural_gas_fired_combustion_turbine
134,40,0.0,natural_gas_fired_combustion_turbine
103,40,0.0,natural_gas_fired_combustion_turbine
47,40,0.0,natural_gas_fired_combustion_turbine
8,40,0.0,natural_gas_fired_combustion_turbine
90,40,0.0,natural_gas_fired_combustion_turbine
60,40,0.0,natural_gas_fired_combustion_turbine
46,40,0.0,natural_gas_fired_combustion_turbine
37,40,0.0,natural_gas_fired_combustion_turbine
7,40,0.0,natural_gas_fired_combustion_turbine
133,40,0.0,natural_gas_fired_combustion_turbine
74,40,0.0,natural_gas_fired_combustion_turbine
20,40,0.0,natural_gas_fired_combustion_turbine
135,40,0.0,natural_gas_fired_combustion_turbine
142,40,0.0,natural_gas_fired_combustion_turbine
121,40,0.0,natural_gas_fired_combustion_turbine
91,40,0.0,natural_gas_fired_combustion_turbine
22,40,0.0,natural_gas_steam_turbine
123,40,0.0,natural_gas_steam_turbine
62,40,0.0,natural_gas_steam_turbine
49,40,0.0,natural_gas_steam_turbine
48,40,0.0,natural_gas_steam_turbine
21,40,0.0,natural_gas_steam_turbine
79,40,1851.49975000001,nuclear
10,40,242.06784,onshore_wind_turbine
23,40,4319.3612,onshore_wind_turbine
31,40,0.0,onshore_wind_turbine
38,40,192.56895,onshore_wind_turbine
50,40,2114.3526599999996,onshore_wind_turbine
63,40,142.90919986,onshore_wind_turbine
80,40,2360.4727999999996,onshore_wind_turbine
94,40,17178.068227700212,onshore_wind_turbine
105,40,462.08484033600007,onshore_wind_turbine
124,40,22908.9358340766,onshore_wind_turbine
136,40,1099.1034600000003,onshore_wind_turbine
144,40,2924.0920799999994,onshore_wind_turbine
11,40,19.125,small_hydroelectric
24,40,62.577,small_hydroelectric
32,40,192.0,small_hydroelectric
39,40,0.0,small_hydroelectric
51,40,0.0,small_hydroelectric
64,40,6.128,small_hydroelectric
81,40,241.672,small_hydroelectric
95,40,418.922,small_hydroelectric
106,40,0.0,small_hydroelectric
125,40,100.697,small_hydroelectric
137,40,36.822,small_hydroelectric
145,40,0.0,small_hydroelectric
12,40,6751.5588,solar_photovoltaic
25,40,1050.73192,solar_photovoltaic
33,40,1152.95145,solar_photovoltaic
52,40,0.0,solar_photovoltaic
65,40,0.0,solar_photovoltaic
82,40,7491.724800000001,solar_photovoltaic
96,40,938.73577,solar_photovoltaic
107,40,9177.1612021005,solar_photovoltaic
126,40,0.0,solar_photovoltaic
138,40,2139.21785,solar_photovoltaic
26,41,0.0,biomass
13,41,0.0,biomass
108,41,0.0,biomass
40,41,0.0,biomass
97,41,0.0,biomass
1,41,0.0,biomass
66,41,0.0,biomass
2,41,491.72642399999995,conventional_hydroelectric
14,41,171.8385812,conventional_hydroelectric
27,41,256.53652559999887,conventional_hydroelectric
35,41,366.8997903999976,conventional_hydroelectric
54,41,312.1321203,conventional_hydroelectric
67,41,1229.0094433454767,conventional_hydroelectric
84,41,8521.2384474,conventional_hydroelectric
109,41,185.27135453580001,conventional_hydroelectric
128,41,30.132300000000004,conventional_hydroelectric
139,41,11.83111679999995,conventional_hydroelectric
110,41,0.0,conventional_steam_coal
41,41,0.0,conventional_steam_coal
3,41,0.0,conventional_steam_coal
36,41,0.0,conventional_steam_coal
85,41,0.0,conventional_steam_coal
28,41,0.0,geothermal
116,41,0.0,natural_gas_fired_combined_cycle
73,41,0.0,natural_gas_fired_combined_cycle
71,41,0.0,natural_gas_fired_combined_cycle
44,41,0.0,natural_gas_fired_combined_cycle
115,41,0.0,natural_gas_fired_combined_cycle
70,41,0.0,natural_gas_fired_combined_cycle
131,41,0.0,natural_gas_fired_combined_cycle
18,41,0.0,natural_gas_fired_combined_cycle
72,41,0.0,natural_gas_fired_combined_cycle
114,41,0.0,natural_gas_fired_combined_cycle
45,41,0.0,natural_gas_fired_combined_cycle
78,41,0.0,natural_gas_fired_combustion_turbine
75,41,0.0,natural_gas_fired_combustion_turbine
119,41,0.0,natural_gas_fired_combustion_turbine
117,41,0.0,natural_gas_fired_combustion_turbine
134,41,0.0,natural_gas_fired_combustion_turbine
103,41,0.0,natural_gas_fired_combustion_turbine
47,41,0.0,natural_gas_fired_combustion_turbine
8,41,0.0,natural_gas_fired_combustion_turbine
90,41,0.0,natural_gas_fired_combustion_turbine
60,41,0.0,natural_gas_fired_combustion_turbine
46,41,0.0,natural_gas_fired_combustion_turbine
37,41,0.0,natural_gas_fired_combustion_turbine
7,41,0.0,natural_gas_fired_combustion_turbine
133,41,0.0,natural_gas_fired_combustion_turbine
74,41,0.0,natural_gas_fired_combustion_turbine
20,41,0.0,natural_gas_fired_combustion_turbine
135,41,0.0,natural_gas_fired_combustion_turbine
142,41,0.0,natural_gas_fired_combustion_turbine
121,41,0.0,natural_gas_fired_combustion_turbine
91,41,0.0,natural_gas_fired_combustion_turbine
22,41,0.0,natural_gas_steam_turbine
123,41,0.0,natural_gas_steam_turbine
62,41,0.0,natural_gas_steam_turbine
49,41,0.0,natural_gas_steam_turbine
48,41,0.0,natural_gas_steam_turbine
21,41,0.0,natural_gas_steam_turbine
79,41,3702.999500000019,nuclear
10,41,166.42164,onshore_wind_turbine
23,41,2798.8268,onshore_wind_turbine
31,41,727.88233,onshore_wind_turbine
38,41,226.0839,onshore_wind_turbine
50,41,2514.0540599999995,onshore_wind_turbine
63,41,192.3093198096,onshore_wind_turbine
80,41,2310.28952,onshore_wind_turbine
94,41,13023.089800000002,onshore_wind_turbine
105,41,533.00673846,onshore_wind_turbine
124,41,13051.003222446197,onshore_wind_turbine
136,41,1666.64379,onshore_wind_turbine
144,41,2824.6037399999996,onshore_wind_turbine
11,41,0.0,small_hydroelectric
24,41,62.577,small_hydroelectric
32,41,192.0,small_hydroelectric
39,41,52.9,small_hydroelectric
51,41,25.641,small_hydroelectric
64,41,0.0,small_hydroelectric
81,41,0.0,small_hydroelectric
95,41,0.0,small_hydroelectric
106,41,31.614,small_hydroelectric
125,41,0.0,small_hydroelectric
137,41,36.822,small_hydroelectric
145,41,33.21,small_hydroelectric
12,41,3025.48932,solar_photovoltaic
25,41,267.54055999999997,solar_photovoltaic
33,41,848.73705,solar_photovoltaic
52,41,0.0,solar_photovoltaic
65,41,6124.7678190489005,solar_photovoltaic
82,41,4855.964330000001,solar_photovoltaic
96,41,703.50084,solar_photovoltaic
107,41,5751.262647347,solar_photovoltaic
126,41,17408.878549307003,solar_photovoltaic
138,41,934.2240599999999,solar_photovoltaic
26,42,11.235,biomass
13,42,15.682,biomass
108,42,137.081,biomass
40,42,5.952,biomass
97,42,178.173,biomass
1,42,16.294,biomass
66,42,228.795,biomass
2,42,491.4501732,conventional_hydroelectric
14,42,171.932662,conventional_hydroelectric
27,42,373.6571616,conventional_hydroelectric
35,42,574.2019184,conventional_hydroelectric
54,42,396.63542160000003,conventional_hydroelectric
67,42,1832.752024345476,conventional_hydroelectric
84,42,8515.427851800001,conventional_hydroelectric
109,42,184.9068667524,conventional_hydroelectric
128,42,30.101940000000003,conventional_hydroelectric
139,42,31.1614848,conventional_hydroelectric
110,42,28.499999999999996,conventional_steam_coal
41,42,0.0,conventional_steam_coal
3,42,6041.924409999969,conventional_steam_coal
36,42,1018.5414299999975,conventional_steam_coal
85,42,0.0,conventional_steam_coal
28,42,74.364,geothermal
116,42,0.0,natural_gas_fired_combined_cycle
73,42,0.0,natural_gas_fired_combined_cycle
71,42,0.0,natural_gas_fired_combined_cycle
44,42,0.0,natural_gas_fired_combined_cycle
115,42,0.0,natural_gas_fired_combined_cycle
70,42,0.0,natural_gas_fired_combined_cycle
131,42,0.0,natural_gas_fired_combined_cycle
18,42,0.0,natural_gas_fired_combined_cycle
72,42,0.0,natural_gas_fired_combined_cycle
114,42,0.0,natural_gas_fired_combined_cycle
45,42,0.0,natural_gas_fired_combined_cycle
78,42,0.0,natural_gas_fired_combustion_turbine
75,42,0.0,natural_gas_fired_combustion_turbine
119,42,0.0,natural_gas_fired_combustion_turbine
117,42,0.0,natural_gas_fired_combustion_turbine
134,42,0.0,natural_gas_fired_combustion_turbine
103,42,0.0,natural_gas_fired_combustion_turbine
47,42,0.0,natural_gas_fired_combustion_turbine
8,42,0.0,natural_gas_fired_combustion_turbine
90,42,0.0,natural_gas_fired_combustion_turbine
60,42,0.0,natural_gas_fired_combustion_turbine
46,42,0.0,natural_gas_fired_combustion_turbine
37,42,0.0,natural_gas_fired_combustion_turbine
7,42,0.0,natural_gas_fired_combustion_turbine
133,42,0.0,natural_gas_fired_combustion_turbine
74,42,0.0,natural_gas_fired_combustion_turbine
20,42,0.0,natural_gas_fired_combustion_turbine
135,42,0.0,natural_gas_fired_combustion_turbine
142,42,0.0,natural_gas_fired_combustion_turbine
121,42,0.0,natural_gas_fired_combustion_turbine
91,42,0.0,natural_gas_fired_combustion_turbine
22,42,0.0,natural_gas_steam_turbine
123,42,0.0,natural_gas_steam_turbine
62,42,0.0,natural_gas_steam_turbine
49,42,0.0,natural_gas_steam_turbine
48,42,0.0,natural_gas_steam_turbine
21,42,0.0,natural_gas_steam_turbine
79,42,5554.499250000002,nuclear
10,42,251.97389,onshore_wind_turbine
23,42,2176.4512,onshore_wind_turbine
31,42,923.80498,onshore_wind_turbine
38,42,121.56269999999999,onshore_wind_turbine
50,42,2682.0641399999995,onshore_wind_turbine
63,42,84.3029602352,onshore_wind_turbine
80,42,3904.0733199999995,onshore_wind_turbine
94,42,13541.6596,onshore_wind_turbine
105,42,985.5325214490001,onshore_wind_turbine
124,42,21575.731037091,onshore_wind_turbine
136,42,1761.0839400000002,onshore_wind_turbine
144,42,2506.67361,onshore_wind_turbine
11,42,19.125,small_hydroelectric
24,42,62.577,small_hydroelectric
32,42,192.0,small_hydroelectric
39,42,52.9,small_hydroelectric
51,42,25.641,small_hydroelectric
64,42,6.128,small_hydroelectric
81,42,241.672,small_hydroelectric
95,42,418.922,small_hydroelectric
106,42,31.614,small_hydroelectric
125,42,100.697,small_hydroelectric
137,42,36.822,small_hydroelectric
145,42,33.21,small_hydroelectric
12,42,1.41246,solar_photovoltaic
25,42,0.0,solar_photovoltaic
33,42,338.54415,solar_photovoltaic
52,42,0.0,solar_photovoltaic
65,42,380.2259356504,solar_photovoltaic
82,42,973.53403,solar_photovoltaic
96,42,342.78769,solar_photovoltaic
107,42,275.5808207425,solar_photovoltaic
126,42,4800.360308716,solar_photovoltaic
138,42,0.0,solar_photovoltaic
26,43,11.235,biomass
13,43,15.682,biomass
108,43,137.081,biomass
40,43,5.952,biomass
97,43,178.173,biomass
1,43,16.294,biomass
66,43,228.795,biomass
2,43,491.1739224,conventional_hydroelectric
14,43,171.97970239999998,conventional_hydroelectric
27,43,373.23383400000006,conventional_hydroelectric
35,43,573.9521568,conventional_hydroelectric
54,43,395.80390080000006,conventional_hydroelectric
67,43,1831.454617908942,conventional_hydroelectric
84,43,8512.522554,conventional_hydroelectric
109,43,184.46350623479998,conventional_hydroelectric
128,43,30.08676,conventional_hydroelectric
139,43,30.975168,conventional_hydroelectric
110,43,50.0,conventional_steam_coal
41,43,7219.002,conventional_steam_coal
3,43,14050.987,conventional_steam_coal
36,43,2368.701,conventional_steam_coal
85,43,763.8,conventional_steam_coal
28,43,74.364,geothermal
116,43,36.160000000000004,natural_gas_fired_combined_cycle
73,43,412.6079999999999,natural_gas_fired_combined_cycle
71,43,0.0,natural_gas_fired_combined_cycle
44,43,0.0,natural_gas_fired_combined_cycle
115,43,0.0,natural_gas_fired_combined_cycle
70,43,0.0,natural_gas_fired_combined_cycle
131,43,0.0,natural_gas_fired_combined_cycle
18,43,0.0,natural_gas_fired_combined_cycle
72,43,0.0,natural_gas_fired_combined_cycle
114,43,0.0,natural_gas_fired_combined_cycle
45,43,0.0,natural_gas_fired_combined_cycle
78,43,257.0,natural_gas_fired_combustion_turbine
75,43,0.0,natural_gas_fired_combustion_turbine
119,43,0.0,natural_gas_fired_combustion_turbine
117,43,0.0,natural_gas_fired_combustion_turbine
134,43,0.0,natural_gas_fired_combustion_turbine
103,43,0.0,natural_gas_fired_combustion_turbine
47,43,0.0,natural_gas_fired_combustion_turbine
8,43,0.0,natural_gas_fired_combustion_turbine
90,43,0.0,natural_gas_fired_combustion_turbine
60,43,0.0,natural_gas_fired_combustion_turbine
46,43,0.0,natural_gas_fired_combustion_turbine
37,43,0.0,natural_gas_fired_combustion_turbine
7,43,0.0,natural_gas_fired_combustion_turbine
133,43,0.0,natural_gas_fired_combustion_turbine
74,43,0.0,natural_gas_fired_combustion_turbine
20,43,0.0,natural_gas_fired_combustion_turbine
135,43,0.0,natural_gas_fired_combustion_turbine
142,43,0.0,natural_gas_fired_combustion_turbine
121,43,0.0,natural_gas_fired_combustion_turbine
91,43,0.0,natural_gas_fired_combustion_turbine
22,43,0.0,natural_gas_steam_turbine
123,43,0.0,natural_gas_steam_turbine
62,43,0.0,natural_gas_steam_turbine
49,43,0.0,natural_gas_steam_turbine
48,43,0.0,natural_gas_steam_turbine
21,43,0.0,natural_gas_steam_turbine
79,43,7405.999,nuclear
10,43,186.05363000000003,onshore_wind_turbine
23,43,1401.2768,onshore_wind_turbine
31,43,79.55647,onshore_wind_turbine
38,43,133.49175,onshore_wind_turbine
50,43,436.96169999999995,onshore_wind_turbine
63,43,12.5397998208,onshore_wind_turbine
80,43,1489.69996,onshore_wind_turbine
94,43,1342.397,onshore_wind_turbine
105,43,352.415279097,onshore_wind_turbine
124,43,22061.867741790804,onshore_wind_turbine
136,43,219.46092000000004,onshore_wind_turbine
144,43,782.92998,onshore_wind_turbine
11,43,19.125,small_hydroelectric
24,43,62.577,small_hydroelectric
32,43,192.0,small_hydroelectric
39,43,52.9,small_hydroelectric
51,43,25.641,small_hydroelectric
64,43,6.128,small_hydroelectric
81,43,241.672,small_hydroelectric
95,43,418.922,small_hydroelectric
106,43,31.614,small_hydroelectric
125,43,100.697,small_hydroelectric
137,43,36.822,small_hydroelectric
145,43,33.21,small_hydroelectric
12,43,0.0,solar_photovoltaic
25,43,0.0,solar_photovoltaic
33,43,0.0,solar_photovoltaic
52,43,0.0,solar_photovoltaic
65,43,0.0,solar_photovoltaic
82,43,0.0,solar_photovoltaic
96,43,0.0,solar_photovoltaic
107,43,0.0,solar_photovoltaic
126,43,0.0,solar_photovoltaic
138,43,0.0,solar_photovoltaic
26,44,11.235,biomass
13,44,15.682,biomass
108,44,137.081,biomass
40,44,5.952,biomass
97,44,178.173,biomass
1,44,16.294,biomass
66,44,228.795,biomass
2,44,490.6214208,conventional_hydroelectric
14,44,172.02674280000002,conventional_hydroelectric
27,44,372.66939720000005,conventional_hydroelectric
35,44,573.9521568,conventional_hydroelectric
54,44,394.97238000000004,conventional_hydroelectric
67,44,1830.1047367859098,conventional_hydroelectric
84,44,8509.6172562,conventional_hydroelectric
109,44,184.0990184514,conventional_hydroelectric
128,44,30.056400000000004,conventional_hydroelectric
139,44,30.812140799999998,conventional_hydroelectric
110,44,50.0,conventional_steam_coal
41,44,7219.002,conventional_steam_coal
3,44,6041.924409999986,conventional_steam_coal
36,44,1018.5414299999982,conventional_steam_coal
85,44,0.0,conventional_steam_coal
28,44,74.364,geothermal
116,44,0.0,natural_gas_fired_combined_cycle
73,44,0.0,natural_gas_fired_combined_cycle
71,44,0.0,natural_gas_fired_combined_cycle
44,44,0.0,natural_gas_fired_combined_cycle
115,44,0.0,natural_gas_fired_combined_cycle
70,44,0.0,natural_gas_fired_combined_cycle
131,44,0.0,natural_gas_fired_combined_cycle
18,44,0.0,natural_gas_fired_combined_cycle
72,44,0.0,natural_gas_fired_combined_cycle
114,44,0.0,natural_gas_fired_combined_cycle
45,44,0.0,natural_gas_fired_combined_cycle
78,44,0.0,natural_gas_fired_combustion_turbine
75,44,0.0,natural_gas_fired_combustion_turbine
119,44,0.0,natural_gas_fired_combustion_turbine
117,44,0.0,natural_gas_fired_combustion_turbine
134,44,0.0,natural_gas_fired_combustion_turbine
103,44,0.0,natural_gas_fired_combustion_turbine
47,44,0.0,natural_gas_fired_combustion_turbine
8,44,0.0,natural_gas_fired_combustion_turbine
90,44,0.0,natural_gas_fired_combustion_turbine
60,44,0.0,natural_gas_fired_combustion_turbine
46,44,0.0,natural_gas_fired_combustion_turbine
37,44,0.0,natural_gas_fired_combustion_turbine
7,44,0.0,natural_gas_fired_combustion_turbine
133,44,0.0,natural_gas_fired_combustion_turbine
74,44,0.0,natural_gas_fired_combustion_turbine
20,44,0.0,natural_gas_fired_combustion_turbine
135,44,0.0,natural_gas_fired_combustion_turbine
142,44,0.0,natural_gas_fired_combustion_turbine
121,44,0.0,natural_gas_fired_combustion_turbine
91,44,0.0,natural_gas_fired_combustion_turbine
22,44,0.0,natural_gas_steam_turbine
123,44,0.0,natural_gas_steam_turbine
62,44,0.0,natural_gas_steam_turbine
49,44,0.0,natural_gas_steam_turbine
48,44,0.0,natural_gas_steam_turbine
21,44,0.0,natural_gas_steam_turbine
79,44,7405.999,nuclear
10,44,649.47666,onshore_wind_turbine
23,44,918.6561999999999,onshore_wind_turbine
31,44,1403.51862,onshore_wind_turbine
38,44,42.0357,onshore_wind_turbine
50,44,2534.3778599999996,onshore_wind_turbine
63,44,4.6550001344,onshore_wind_turbine
80,44,820.5895599999999,onshore_wind_turbine
94,44,10202.2172,onshore_wind_turbine
105,44,981.376900539,onshore_wind_turbine
124,44,22663.625177177604,onshore_wind_turbine
136,44,2229.68697,onshore_wind_turbine
144,44,2848.39443,onshore_wind_turbine
11,44,19.125,small_hydroelectric
24,44,62.577,small_hydroelectric
32,44,192.0,small_hydroelectric
39,44,52.9,small_hydroelectric
51,44,25.641,small_hydroelectric
64,44,6.128,small_hydroelectric
81,44,241.672,small_hydroelectric
95,44,418.922,small_hydroelectric
106,44,31.614,small_hydroelectric
125,44,100.697,small_hydroelectric
137,44,36.822,small_hydroelectric
145,44,33.21,small_hydroelectric
12,44,0.0,solar_photovoltaic
25,44,0.0,solar_photovoltaic
33,44,0.0,solar_photovoltaic
52,44,0.0,solar_photovoltaic
65,44,0.0,solar_photovoltaic
82,44,0.0,solar_photovoltaic
96,44,0.0,solar_photovoltaic
107,44,0.0,solar_photovoltaic
126,44,0.0,solar_photovoltaic
138,44,0.0,solar_photovoltaic
26,45,11.235,biomass
13,45,15.682,biomass
108,45,137.081,biomass
40,45,5.952,biomass
97,45,178.173,biomass
1,45,16.294,biomass
66,45,228.795,biomass
2,45,490.34516999999994,conventional_hydroelectric
14,45,172.0737832,conventional_hydroelectric
27,45,372.2460696,conventional_hydroelectric
35,45,573.7023952,conventional_hydroelectric
54,45,394.1408592,conventional_hydroelectric
67,45,1829.429803498401,conventional_hydroelectric
84,45,8503.8066606,conventional_hydroelectric
109,45,183.6737834022,conventional_hydroelectric
128,45,30.026040000000002,conventional_hydroelectric
139,45,30.649113599999996,conventional_hydroelectric
110,45,50.0,conventional_steam_coal
41,45,7219.002,conventional_steam_coal
3,45,0.0,conventional_steam_coal
36,45,0.0,conventional_steam_coal
85,45,0.0,conventional_steam_coal
28,45,74.364,geothermal
116,45,0.0,natural_gas_fired_combined_cycle
73,45,0.0,natural_gas_fired_combined_cycle
71,45,0.0,natural_gas_fired_combined_cycle
44,45,0.0,natural_gas_fired_combined_cycle
115,45,0.0,natural_gas_fired_combined_cycle
70,45,0.0,natural_gas_fired_combined_cycle
131,45,0.0,natural_gas_fired_combined_cycle
18,45,0.0,natural_gas_fired_combined_cycle
72,45,0.0,natural_gas_fired_combined_cycle
114,45,0.0,natural_gas_fired_combined_cycle
45,45,0.0,natural_gas_fired_combined_cycle
78,45,0.0,natural_gas_fired_combustion_turbine
75,45,0.0,natural_gas_fired_combustion_turbine
119,45,0.0,natural_gas_fired_combustion_turbine
117,45,0.0,natural_gas_fired_combustion_turbine
134,45,0.0,natural_gas_fired_combustion_turbine
103,45,0.0,natural_gas_fired_combustion_turbine
47,45,0.0,natural_gas_fired_combustion_turbine
8,45,0.0,natural_gas_fired_combustion_turbine
90,45,0.0,natural_gas_fired_combustion_turbine
60,45,0.0,natural_gas_fired_combustion_turbine
46,45,0.0,natural_gas_fired_combustion_turbine
37,45,0.0,natural_gas_fired_combustion_turbine
7,45,0.0,natural_gas_fired_combustion_turbine
133,45,0.0,natural_gas_fired_combustion_turbine
74,45,0.0,natural_gas_fired_combustion_turbine
20,45,0.0,natural_gas_fired_combustion_turbine
135,45,0.0,natural_gas_fired_combustion_turbine
142,45,0.0,natural_gas_fired_combustion_turbine
121,45,0.0,natural_gas_fired_combustion_turbine
91,45,0.0,natural_gas_fired_combustion_turbine
22,45,0.0,natural_gas_steam_turbine
123,45,0.0,natural_gas_steam_turbine
62,45,0.0,natural_gas_steam_turbine
49,45,0.0,natural_gas_steam_turbine
48,45,0.0,natural_gas_steam_turbine
21,45,0.0,natural_gas_steam_turbine
79,45,7405.999,nuclear
10,45,675.77272,onshore_wind_turbine
23,45,1227.9806,onshore_wind_turbine
31,45,1243.21827,onshore_wind_turbine
38,45,14.20125,onshore_wind_turbine
50,45,2919.17514,onshore_wind_turbine
63,45,12.6280003248,onshore_wind_turbine
80,45,1421.8595999999998,onshore_wind_turbine
94,45,10900.9992,onshore_wind_turbine
105,45,1217.9837603639999,onshore_wind_turbine
124,45,22736.465164366804,onshore_wind_turbine
136,45,1986.8408700000005,onshore_wind_turbine
144,45,3293.9291699999994,onshore_wind_turbine
11,45,19.125,small_hydroelectric
24,45,62.577,small_hydroelectric
32,45,192.0,small_hydroelectric
39,45,52.9,small_hydroelectric
51,45,25.641,small_hydroelectric
64,45,6.128,small_hydroelectric
81,45,241.672,small_hydroelectric
95,45,418.922,small_hydroelectric
106,45,31.614,small_hydroelectric
125,45,100.697,small_hydroelectric
137,45,36.822,small_hydroelectric
145,45,33.21,small_hydroelectric
12,45,0.0,solar_photovoltaic
25,45,0.0,solar_photovoltaic
33,45,0.0,solar_photovoltaic
52,45,0.0,solar_photovoltaic
65,45,0.0,solar_photovoltaic
82,45,0.0,solar_photovoltaic
96,45,0.0,solar_photovoltaic
107,45,0.0,solar_photovoltaic
126,45,0.0,solar_photovoltaic
138,45,0.0,solar_photovoltaic
26,46,11.235,biomass
13,46,15.682,biomass
108,46,137.081,biomass
40,46,5.952,biomass
97,46,178.173,biomass
1,46,16.294,biomass
66,46,228.795,biomass
2,46,490.0689192,conventional_hydroelectric
14,46,172.1208236,conventional_hydroelectric
27,46,371.68163280000005,conventional_hydroelectric
35,46,573.7023952,conventional_hydroelectric
54,46,393.30933840000006,conventional_hydroelectric
67,46,1828.13238978786,conventional_hydroelectric
84,46,8500.901362800001,conventional_hydroelectric
109,46,183.3092956188,conventional_hydroelectric
128,46,30.01086,conventional_hydroelectric
139,46,30.4627968,conventional_hydroelectric
110,46,50.0,conventional_steam_coal
41,46,0.0,conventional_steam_coal
3,46,0.0,conventional_steam_coal
36,46,0.0,conventional_steam_coal
85,46,0.0,conventional_steam_coal
28,46,74.364,geothermal
116,46,0.0,natural_gas_fired_combined_cycle
73,46,0.0,natural_gas_fired_combined_cycle
71,46,0.0,natural_gas_fired_combined_cycle
44,46,0.0,natural_gas_fired_combined_cycle
115,46,0.0,natural_gas_fired_combined_cycle
70,46,0.0,natural_gas_fired_combined_cycle
131,46,0.0,natural_gas_fired_combined_cycle
18,46,0.0,natural_gas_fired_combined_cycle
72,46,0.0,natural_gas_fired_combined_cycle
114,46,0.0,natural_gas_fired_combined_cycle
45,46,0.0,natural_gas_fired_combined_cycle
78,46,0.0,natural_gas_fired_combustion_turbine
75,46,0.0,natural_gas_fired_combustion_turbine
119,46,0.0,natural_gas_fired_combustion_turbine
117,46,0.0,natural_gas_fired_combustion_turbine
134,46,0.0,natural_gas_fired_combustion_turbine
103,46,0.0,natural_gas_fired_combustion_turbine
47,46,0.0,natural_gas_fired_combustion_turbine
8,46,0.0,natural_gas_fired_combustion_turbine
90,46,0.0,natural_gas_fired_combustion_turbine
60,46,0.0,natural_gas_fired_combustion_turbine
46,46,0.0,natural_gas_fired_combustion_turbine
37,46,0.0,natural_gas_fired_combustion_turbine
7,46,0.0,natural_gas_fired_combustion_turbine
133,46,0.0,natural_gas_fired_combustion_turbine
74,46,0.0,natural_gas_fired_combustion_turbine
20,46,0.0,natural_gas_fired_combustion_turbine
135,46,0.0,natural_gas_fired_combustion_turbine
142,46,0.0,natural_gas_fired_combustion_turbine
121,46,0.0,natural_gas_fired_combustion_turbine
91,46,0.0,natural_gas_fired_combustion_turbine
22,46,0.0,natural_gas_steam_turbine
123,46,0.0,natural_gas_steam_turbine
62,46,0.0,natural_gas_steam_turbine
49,46,0.0,natural_gas_steam_turbine
48,46,0.0,natural_gas_steam_turbine
21,46,0.0,natural_gas_steam_turbine
79,46,7405.999,nuclear
10,46,635.60819,onshore_wind_turbine
23,46,1427.3644,onshore_wind_turbine
31,46,1426.07941,onshore_wind_turbine
38,46,80.6631,onshore_wind_turbine
50,46,4393.3281,onshore_wind_turbine
63,46,8.1689997536,onshore_wind_turbine
80,46,748.1025999999999,onshore_wind_turbine
94,46,13232.724400000001,onshore_wind_turbine
105,46,1469.5311408540001,onshore_wind_turbine
124,46,22555.195729173804,onshore_wind_turbine
136,46,1001.06559,onshore_wind_turbine
144,46,3218.2315199999994,onshore_wind_turbine
11,46,19.125,small_hydroelectric
24,46,62.577,small_hydroelectric
32,46,192.0,small_hydroelectric
39,46,52.9,small_hydroelectric
51,46,25.641,small_hydroelectric
64,46,6.128,small_hydroelectric
81,46,241.672,small_hydroelectric
95,46,418.922,small_hydroelectric
106,46,31.614,small_hydroelectric
125,46,100.697,small_hydroelectric
137,46,36.822,small_hydroelectric
145,46,33.21,small_hydroelectric
12,46,0.0,solar_photovoltaic
25,46,0.0,solar_photovoltaic
33,46,0.0,solar_photovoltaic
52,46,0.0,solar_photovoltaic
65,46,0.0,solar_photovoltaic
82,46,0.0,solar_photovoltaic
96,46,0.0,solar_photovoltaic
107,46,0.0,solar_photovoltaic
126,46,0.0,solar_photovoltaic
138,46,0.0,solar_photovoltaic
26,47,11.235,biomass
13,47,15.682,biomass
108,47,137.081,biomass
40,47,5.952,biomass
97,47,178.173,biomass
1,47,16.294,biomass
66,47,228.795,biomass
2,47,489.7926684,conventional_hydroelectric
14,47,172.167864,conventional_hydroelectric
27,47,371.25830520000005,conventional_hydroelectric
35,47,573.4526336,conventional_hydroelectric
54,47,392.47781760000004,conventional_hydroelectric
67,47,1826.7825159388349,conventional_hydroelectric
84,47,8497.996065,conventional_hydroelectric
109,47,182.9448078354,conventional_hydroelectric
128,47,29.980500000000003,conventional_hydroelectric
139,47,30.299769599999998,conventional_hydroelectric
110,47,50.0,conventional_steam_coal
41,47,0.0,conventional_steam_coal
3,47,0.0,conventional_steam_coal
36,47,0.0,conventional_steam_coal
85,47,0.0,conventional_steam_coal
28,47,74.364,geothermal
116,47,0.0,natural_gas_fired_combined_cycle
73,47,0.0,natural_gas_fired_combined_cycle
71,47,0.0,natural_gas_fired_combined_cycle
44,47,0.0,natural_gas_fired_combined_cycle
115,47,0.0,natural_gas_fired_combined_cycle
70,47,0.0,natural_gas_fired_combined_cycle
131,47,0.0,natural_gas_fired_combined_cycle
18,47,0.0,natural_gas_fired_combined_cycle
72,47,0.0,natural_gas_fired_combined_cycle
114,47,0.0,natural_gas_fired_combined_cycle
45,47,0.0,natural_gas_fired_combined_cycle
78,47,0.0,natural_gas_fired_combustion_turbine
75,47,0.0,natural_gas_fired_combustion_turbine
119,47,0.0,natural_gas_fired_combustion_turbine
117,47,0.0,natural_gas_fired_combustion_turbine
134,47,0.0,natural_gas_fired_combustion_turbine
103,47,0.0,natural_gas_fired_combustion_turbine
47,47,0.0,natural_gas_fired_combustion_turbine
8,47,0.0,natural_gas_fired_combustion_turbine
90,47,0.0,natural_gas_fired_combustion_turbine
60,47,0.0,natural_gas_fired_combustion_turbine
46,47,0.0,natural_gas_fired_combustion_turbine
37,47,0.0,natural_gas_fired_combustion_turbine
7,47,0.0,natural_gas_fired_combustion_turbine
133,47,0.0,natural_gas_fired_combustion_turbine
74,47,0.0,natural_gas_fired_combustion_turbine
20,47,0.0,natural_gas_fired_combustion_turbine
135,47,0.0,natural_gas_fired_combustion_turbine
142,47,0.0,natural_gas_fired_combustion_turbine
121,47,0.0,natural_gas_fired_combustion_turbine
91,47,0.0,natural_gas_fired_combustion_turbine
22,47,0.0,natural_gas_steam_turbine
123,47,0.0,natural_gas_steam_turbine
62,47,0.0,natural_gas_steam_turbine
49,47,0.0,natural_gas_steam_turbine
48,47,0.0,natural_gas_steam_turbine
21,47,0.0,natural_gas_steam_turbine
79,47,7405.999,nuclear
10,47,556.5399,onshore_wind_turbine
23,47,1332.331,onshore_wind_turbine
31,47,2988.7109699999996,onshore_wind_turbine
38,47,142.01250000000002,onshore_wind_turbine
50,47,4985.42814,onshore_wind_turbine
63,47,3.5490003752000003,onshore_wind_turbine
80,47,922.8147599999999,onshore_wind_turbine
94,47,14494.2098,onshore_wind_turbine
105,47,2062.326698922,onshore_wind_turbine
124,47,23194.738059893403,onshore_wind_turbine
136,47,940.8037800000001,onshore_wind_turbine
144,47,1827.55755,onshore_wind_turbine
11,47,19.125,small_hydroelectric
24,47,62.577,small_hydroelectric
32,47,192.0,small_hydroelectric
39,47,52.9,small_hydroelectric
51,47,25.641,small_hydroelectric
64,47,6.128,small_hydroelectric
81,47,241.672,small_hydroelectric
95,47,418.922,small_hydroelectric
106,47,31.614,small_hydroelectric
125,47,100.697,small_hydroelectric
137,47,36.822,small_hydroelectric
145,47,33.21,small_hydroelectric
12,47,0.0,solar_photovoltaic
25,47,0.0,solar_photovoltaic
33,47,0.0,solar_photovoltaic
52,47,0.0,solar_photovoltaic
65,47,0.0,solar_photovoltaic
82,47,0.0,solar_photovoltaic
96,47,0.0,solar_photovoltaic
107,47,0.0,solar_photovoltaic
126,47,0.0,solar_photovoltaic
138,47,0.0,solar_photovoltaic
26,48,11.235,biomass
13,48,15.682,biomass
108,48,137.081,biomass
40,48,5.952,biomass
97,48,178.173,biomass
1,48,16.294,biomass
66,48,228.795,biomass
2,48,489.51641759999995,conventional_hydroelectric
14,48,172.2619448,conventional_hydroelectric
27,48,370.8349776,conventional_hydroelectric
35,48,573.4526336,conventional_hydroelectric
54,48,391.6462968000001,conventional_hydroelectric
67,48,1825.43264208981,conventional_hydroelectric
84,48,8492.1854694,conventional_hydroelectric
109,48,182.50144731780003,conventional_hydroelectric
128,48,29.95014,conventional_hydroelectric
139,48,30.113452799999997,conventional_hydroelectric
110,48,21.5,conventional_steam_coal
41,48,0.0,conventional_steam_coal
3,48,0.0,conventional_steam_coal
36,48,0.0,conventional_steam_coal
85,48,0.0,conventional_steam_coal
28,48,74.364,geothermal
116,48,0.0,natural_gas_fired_combined_cycle
73,48,0.0,natural_gas_fired_combined_cycle
71,48,0.0,natural_gas_fired_combined_cycle
44,48,0.0,natural_gas_fired_combined_cycle
115,48,0.0,natural_gas_fired_combined_cycle
70,48,0.0,natural_gas_fired_combined_cycle
131,48,0.0,natural_gas_fired_combined_cycle
18,48,0.0,natural_gas_fired_combined_cycle
72,48,0.0,natural_gas_fired_combined_cycle
114,48,0.0,natural_gas_fired_combined_cycle
45,48,0.0,natural_gas_fired_combined_cycle
78,48,0.0,natural_gas_fired_combustion_turbine
75,48,0.0,natural_gas_fired_combustion_turbine
119,48,0.0,natural_gas_fired_combustion_turbine
117,48,0.0,natural_gas_fired_combustion_turbine
134,48,0.0,natural_gas_fired_combustion_turbine
103,48,0.0,natural_gas_fired_combustion_turbine
47,48,0.0,natural_gas_fired_combustion_turbine
8,48,0.0,natural_gas_fired_combustion_turbine
90,48,0.0,natural_gas_fired_combustion_turbine
60,48,0.0,natural_gas_fired_combustion_turbine
46,48,0.0,natural_gas_fired_combustion_turbine
37,48,0.0,natural_gas_fired_combustion_turbine
7,48,0.0,natural_gas_fired_combustion_turbine
133,48,0.0,natural_gas_fired_combustion_turbine
74,48,0.0,natural_gas_fired_combustion_turbine
20,48,0.0,natural_gas_fired_combustion_turbine
135,48,0.0,natural_gas_fired_combustion_turbine
142,48,0.0,natural_gas_fired_combustion_turbine
121,48,0.0,natural_gas_fired_combustion_turbine
91,48,0.0,natural_gas_fired_combustion_turbine
22,48,0.0,natural_gas_steam_turbine
123,48,0.0,natural_gas_steam_turbine
62,48,0.0,natural_gas_steam_turbine
49,48,0.0,natural_gas_steam_turbine
48,48,0.0,natural_gas_steam_turbine
21,48,0.0,natural_gas_steam_turbine
79,48,5554.499250000001,nuclear
10,48,553.11781,onshore_wind_turbine
23,48,1589.4802,onshore_wind_turbine
31,48,5066.678470000001,onshore_wind_turbine
38,48,264.14325,onshore_wind_turbine
50,48,4737.47778,onshore_wind_turbine
63,48,4.4869996192,onshore_wind_turbine
80,48,542.7228799999999,onshore_wind_turbine
94,48,14950.257,onshore_wind_turbine
105,48,2520.424900728,onshore_wind_turbine
124,48,23132.271814113003,onshore_wind_turbine
136,48,1295.1792,onshore_wind_turbine
144,48,1193.86008,onshore_wind_turbine
11,48,19.125,small_hydroelectric
24,48,62.577,small_hydroelectric
32,48,192.0,small_hydroelectric
39,48,52.9,small_hydroelectric
51,48,25.641,small_hydroelectric
64,48,6.128,small_hydroelectric
81,48,241.672,small_hydroelectric
95,48,418.922,small_hydroelectric
106,48,31.614,small_hydroelectric
125,48,100.697,small_hydroelectric
137,48,36.822,small_hydroelectric
145,48,33.21,small_hydroelectric
12,48,0.0,solar_photovoltaic
25,48,0.0,solar_photovoltaic
33,48,0.0,solar_photovoltaic
52,48,0.0,solar_photovoltaic
65,48,0.0,solar_photovoltaic
82,48,0.0,solar_photovoltaic
96,48,0.0,solar_photovoltaic
107,48,0.0,solar_photovoltaic
126,48,0.0,solar_photovoltaic
138,48,0.0,solar_photovoltaic
26,49,11.235,biomass
13,49,15.682,biomass
108,49,137.081,biomass
40,49,5.952,biomass
97,49,178.173,biomass
1,49,16.29399999997072,biomass
66,49,228.79499999998544,biomass
2,49,489.2401668,conventional_hydroelectric
14,49,172.3089852,conventional_hydroelectric
27,49,370.27054080000005,conventional_hydroelectric
35,49,573.2028720000001,conventional_hydroelectric
54,49,390.81477600000005,conventional_hydroelectric
67,49,1824.810168940785,conventional_hydroelectric
84,49,8489.2801716,conventional_hydroelectric
109,49,182.07621226860002,conventional_hydroelectric
128,49,29.93496,conventional_hydroelectric
139,49,29.950425599999996,conventional_hydroelectric
110,49,0.0,conventional_steam_coal
41,49,0.0,conventional_steam_coal
3,49,0.0,conventional_steam_coal
36,49,0.0,conventional_steam_coal
85,49,0.0,conventional_steam_coal
28,49,74.364,geothermal
116,49,0.0,natural_gas_fired_combined_cycle
73,49,0.0,natural_gas_fired_combined_cycle
71,49,0.0,natural_gas_fired_combined_cycle
44,49,0.0,natural_gas_fired_combined_cycle
115,49,0.0,natural_gas_fired_combined_cycle
70,49,0.0,natural_gas_fired_combined_cycle
131,49,0.0,natural_gas_fired_combined_cycle
18,49,0.0,natural_gas_fired_combined_cycle
72,49,0.0,natural_gas_fired_combined_cycle
114,49,0.0,natural_gas_fired_combined_cycle
45,49,0.0,natural_gas_fired_combined_cycle
78,49,0.0,natural_gas_fired_combustion_turbine
75,49,0.0,natural_gas_fired_combustion_turbine
119,49,0.0,natural_gas_fired_combustion_turbine
117,49,0.0,natural_gas_fired_combustion_turbine
134,49,0.0,natural_gas_fired_combustion_turbine
103,49,0.0,natural_gas_fired_combustion_turbine
47,49,0.0,natural_gas_fired_combustion_turbine
8,49,0.0,natural_gas_fired_combustion_turbine
90,49,0.0,natural_gas_fired_combustion_turbine
60,49,0.0,natural_gas_fired_combustion_turbine
46,49,0.0,natural_gas_fired_combustion_turbine
37,49,0.0,natural_gas_fired_combustion_turbine
7,49,0.0,natural_gas_fired_combustion_turbine
133,49,0.0,natural_gas_fired_combustion_turbine
74,49,0.0,natural_gas_fired_combustion_turbine
20,49,0.0,natural_gas_fired_combustion_turbine
135,49,0.0,natural_gas_fired_combustion_turbine
142,49,0.0,natural_gas_fired_combustion_turbine
121,49,0.0,natural_gas_fired_combustion_turbine
91,49,0.0,natural_gas_fired_combustion_turbine
22,49,0.0,natural_gas_steam_turbine
123,49,0.0,natural_gas_steam_turbine
62,49,0.0,natural_gas_steam_turbine
49,49,0.0,natural_gas_steam_turbine
48,49,0.0,natural_gas_steam_turbine
21,49,0.0,natural_gas_steam_turbine
79,49,3702.9995000000076,nuclear
10,49,459.82083000000006,onshore_wind_turbine
23,49,1369.599,onshore_wind_turbine
31,49,4959.811570000001,onshore_wind_turbine
38,49,239.14905,onshore_wind_turbine
50,49,4548.466439999999,onshore_wind_turbine
63,49,2.7719999383999996,onshore_wind_turbine
80,49,1357.73652,onshore_wind_turbine
94,49,13240.08,onshore_wind_turbine
105,49,2477.357259531,onshore_wind_turbine
124,49,23638.292783366804,onshore_wind_turbine
136,49,837.3693300000001,onshore_wind_turbine
144,49,1115.99964,onshore_wind_turbine
11,49,19.125,small_hydroelectric
24,49,62.577,small_hydroelectric
32,49,192.0,small_hydroelectric
39,49,52.9,small_hydroelectric
51,49,25.641,small_hydroelectric
64,49,6.128,small_hydroelectric
81,49,241.672,small_hydroelectric
95,49,418.922,small_hydroelectric
106,49,31.614,small_hydroelectric
125,49,100.697,small_hydroelectric
137,49,36.822,small_hydroelectric
145,49,33.21,small_hydroelectric
12,49,0.0,solar_photovoltaic
25,49,0.0,solar_photovoltaic
33,49,0.0,solar_photovoltaic
52,49,0.0,solar_photovoltaic
65,49,0.0,solar_photovoltaic
82,49,0.0,solar_photovoltaic
96,49,0.0,solar_photovoltaic
107,49,0.0,solar_photovoltaic
126,49,0.0,solar_photovoltaic
138,49,0.0,solar_photovoltaic
26,50,11.235,biomass
13,50,15.682,biomass
108,50,137.081,biomass
40,50,5.952,biomass
97,50,178.173,biomass
1,50,16.294,biomass
66,50,228.795,biomass
2,50,488.9639159999999,conventional_hydroelectric
14,50,172.3560256,conventional_hydroelectric
27,50,369.8472132,conventional_hydroelectric
35,50,573.2028720000001,conventional_hydroelectric
54,50,389.98325520000003,conventional_hydroelectric
67,50,1823.460287817753,conventional_hydroelectric
84,50,8486.374873800001,conventional_hydroelectric
109,50,181.7117244852,conventional_hydroelectric
128,50,29.904600000000002,conventional_hydroelectric
139,50,29.7873984,conventional_hydroelectric
110,50,0.0,conventional_steam_coal
41,50,0.0,conventional_steam_coal
3,50,0.0,conventional_steam_coal
36,50,0.0,conventional_steam_coal
85,50,0.0,conventional_steam_coal
28,50,74.364,geothermal
116,50,0.0,natural_gas_fired_combined_cycle
73,50,0.0,natural_gas_fired_combined_cycle
71,50,0.0,natural_gas_fired_combined_cycle
44,50,0.0,natural_gas_fired_combined_cycle
115,50,0.0,natural_gas_fired_combined_cycle
70,50,0.0,natural_gas_fired_combined_cycle
131,50,0.0,natural_gas_fired_combined_cycle
18,50,0.0,natural_gas_fired_combined_cycle
72,50,0.0,natural_gas_fired_combined_cycle
114,50,0.0,natural_gas_fired_combined_cycle
45,50,0.0,natural_gas_fired_combined_cycle
78,50,0.0,natural_gas_fired_combustion_turbine
75,50,0.0,natural_gas_fired_combustion_turbine
119,50,0.0,natural_gas_fired_combustion_turbine
117,50,0.0,natural_gas_fired_combustion_turbine
134,50,0.0,natural_gas_fired_combustion_turbine
103,50,0.0,natural_gas_fired_combustion_turbine
47,50,0.0,natural_gas_fired_combustion_turbine
8,50,0.0,natural_gas_fired_combustion_turbine
90,50,0.0,natural_gas_fired_combustion_turbine
60,50,0.0,natural_gas_fired_combustion_turbine
46,50,0.0,natural_gas_fired_combustion_turbine
37,50,0.0,natural_gas_fired_combustion_turbine
7,50,0.0,natural_gas_fired_combustion_turbine
133,50,0.0,natural_gas_fired_combustion_turbine
74,50,0.0,natural_gas_fired_combustion_turbine
20,50,0.0,natural_gas_fired_combustion_turbine
135,50,0.0,natural_gas_fired_combustion_turbine
142,50,0.0,natural_gas_fired_combustion_turbine
121,50,0.0,natural_gas_fired_combustion_turbine
91,50,0.0,natural_gas_fired_combustion_turbine
22,50,0.0,natural_gas_steam_turbine
123,50,0.0,natural_gas_steam_turbine
62,50,0.0,natural_gas_steam_turbine
49,50,0.0,natural_gas_steam_turbine
48,50,0.0,natural_gas_steam_turbine
21,50,0.0,natural_gas_steam_turbine
79,50,3810.771571149855,nuclear
10,50,451.17555000000004,onshore_wind_turbine
23,50,1321.1506000000002,onshore_wind_turbine
31,50,3452.98828,onshore_wind_turbine
38,50,298.7943,onshore_wind_turbine
50,50,3512.6300999999994,onshore_wind_turbine
63,50,14.4513602912,onshore_wind_turbine
80,50,828.9534399999999,onshore_wind_turbine
94,50,13030.4454,onshore_wind_turbine
105,50,2349.033399321,onshore_wind_turbine
124,50,23544.025199294603,onshore_wind_turbine
136,50,915.6197400000001,onshore_wind_turbine
144,50,1444.7437199999997,onshore_wind_turbine
11,50,19.125,small_hydroelectric
24,50,62.577,small_hydroelectric
32,50,192.0,small_hydroelectric
39,50,52.9,small_hydroelectric
51,50,25.641,small_hydroelectric
64,50,6.128,small_hydroelectric
81,50,241.672,small_hydroelectric
95,50,418.922,small_hydroelectric
106,50,31.614,small_hydroelectric
125,50,100.697,small_hydroelectric
137,50,36.822,small_hydroelectric
145,50,33.21,small_hydroelectric
12,50,0.0,solar_photovoltaic
25,50,0.0,solar_photovoltaic
33,50,0.0,solar_photovoltaic
52,50,0.0,solar_photovoltaic
65,50,0.0,solar_photovoltaic
82,50,0.0,solar_photovoltaic
96,50,0.0,solar_photovoltaic
107,50,0.0,solar_photovoltaic
126,50,0.0,solar_photovoltaic
138,50,0.0,solar_photovoltaic
26,51,11.235,biomass
13,51,15.682,biomass
108,51,137.081,biomass
40,51,5.952,biomass
97,51,178.173,biomass
1,51,16.294,biomass
66,51,228.795,biomass
2,51,488.68766519999997,conventional_hydroelectric
14,51,172.403066,conventional_hydroelectric
27,51,369.2827764,conventional_hydroelectric
35,51,572.9531104,conventional_hydroelectric
54,51,389.0477943,conventional_hydroelectric
67,51,1822.110413968728,conventional_hydroelectric
84,51,8480.5642782,conventional_hydroelectric
109,51,181.34723530559998,conventional_hydroelectric
128,51,29.874240000000004,conventional_hydroelectric
139,51,29.601081599999997,conventional_hydroelectric
110,51,0.0,conventional_steam_coal
41,51,0.0,conventional_steam_coal
3,51,0.0,conventional_steam_coal
36,51,0.0,conventional_steam_coal
85,51,0.0,conventional_steam_coal
28,51,74.364,geothermal
116,51,0.0,natural_gas_fired_combined_cycle
73,51,0.0,natural_gas_fired_combined_cycle
71,51,0.0,natural_gas_fired_combined_cycle
44,51,0.0,natural_gas_fired_combined_cycle
115,51,0.0,natural_gas_fired_combined_cycle
70,51,0.0,natural_gas_fired_combined_cycle
131,51,0.0,natural_gas_fired_combined_cycle
18,51,0.0,natural_gas_fired_combined_cycle
72,51,0.0,natural_gas_fired_combined_cycle
114,51,0.0,natural_gas_fired_combined_cycle
45,51,0.0,natural_gas_fired_combined_cycle
78,51,0.0,natural_gas_fired_combustion_turbine
75,51,0.0,natural_gas_fired_combustion_turbine
119,51,0.0,natural_gas_fired_combustion_turbine
117,51,0.0,natural_gas_fired_combustion_turbine
134,51,0.0,natural_gas_fired_combustion_turbine
103,51,0.0,natural_gas_fired_combustion_turbine
47,51,0.0,natural_gas_fired_combustion_turbine
8,51,0.0,natural_gas_fired_combustion_turbine
90,51,0.0,natural_gas_fired_combustion_turbine
60,51,0.0,natural_gas_fired_combustion_turbine
46,51,0.0,natural_gas_fired_combustion_turbine
37,51,0.0,natural_gas_fired_combustion_turbine
7,51,0.0,natural_gas_fired_combustion_turbine
133,51,0.0,natural_gas_fired_combustion_turbine
74,51,0.0,natural_gas_fired_combustion_turbine
20,51,0.0,natural_gas_fired_combustion_turbine
135,51,0.0,natural_gas_fired_combustion_turbine
142,51,0.0,natural_gas_fired_combustion_turbine
121,51,0.0,natural_gas_fired_combustion_turbine
91,51,0.0,natural_gas_fired_combustion_turbine
22,51,0.0,natural_gas_steam_turbine
123,51,0.0,natural_gas_steam_turbine
62,51,0.0,natural_gas_steam_turbine
49,51,0.0,natural_gas_steam_turbine
48,51,0.0,natural_gas_steam_turbine
21,51,0.0,natural_gas_steam_turbine
79,51,5219.858933028931,nuclear
10,51,327.8002,onshore_wind_turbine
23,51,1595.0703999999998,onshore_wind_turbine
31,51,3107.45197,onshore_wind_turbine
38,51,224.94780000000003,onshore_wind_turbine
50,51,1765.46076,onshore_wind_turbine
63,51,96.4599997592,onshore_wind_turbine
80,51,565.95588,onshore_wind_turbine
94,51,14575.1214,onshore_wind_turbine
105,51,2210.021660532,onshore_wind_turbine
124,51,23709.005683825002,onshore_wind_turbine
136,51,665.5782,onshore_wind_turbine
144,51,1970.3016899999998,onshore_wind_turbine
11,51,19.125,small_hydroelectric
24,51,62.577,small_hydroelectric
32,51,192.0,small_hydroelectric
39,51,52.9,small_hydroelectric
51,51,25.641,small_hydroelectric
64,51,6.128,small_hydroelectric
81,51,241.672,small_hydroelectric
95,51,418.922,small_hydroelectric
106,51,31.614,small_hydroelectric
125,51,100.697,small_hydroelectric
137,51,36.822,small_hydroelectric
145,51,33.21,small_hydroelectric
12,51,0.0,solar_photovoltaic
25,51,0.0,solar_photovoltaic
33,51,0.0,solar_photovoltaic
52,51,0.0,solar_photovoltaic
65,51,0.0,solar_photovoltaic
82,51,0.0,solar_photovoltaic
96,51,0.0,solar_photovoltaic
107,51,0.0,solar_photovoltaic
126,51,0.0,solar_photovoltaic
138,51,0.0,solar_photovoltaic
26,52,11.235,biomass
13,52,15.682,biomass
108,52,137.081,biomass
40,52,5.952,biomass
97,52,178.173,biomass
1,52,16.294,biomass
66,52,228.795,biomass
2,52,488.4114144,conventional_hydroelectric
14,52,172.45010639999998,conventional_hydroelectric
27,52,368.85944880000005,conventional_hydroelectric
35,52,572.9531104,conventional_hydroelectric
54,52,388.2162735,conventional_hydroelectric
67,52,1821.435480681219,conventional_hydroelectric
84,52,8477.6589804,conventional_hydroelectric
109,52,180.8431275222,conventional_hydroelectric
128,52,29.859060000000003,conventional_hydroelectric
139,52,29.438054400000002,conventional_hydroelectric
110,52,0.0,conventional_steam_coal
41,52,0.0,conventional_steam_coal
3,52,0.0,conventional_steam_coal
36,52,0.0,conventional_steam_coal
85,52,0.0,conventional_steam_coal
28,52,74.364,geothermal
116,52,0.0,natural_gas_fired_combined_cycle
73,52,0.0,natural_gas_fired_combined_cycle
71,52,0.0,natural_gas_fired_combined_cycle
44,52,0.0,natural_gas_fired_combined_cycle
115,52,0.0,natural_gas_fired_combined_cycle
70,52,0.0,natural_gas_fired_combined_cycle
131,52,0.0,natural_gas_fired_combined_cycle
18,52,0.0,natural_gas_fired_combined_cycle
72,52,0.0,natural_gas_fired_combined_cycle
114,52,0.0,natural_gas_fired_combined_cycle
45,52,0.0,natural_gas_fired_combined_cycle
78,52,0.0,natural_gas_fired_combustion_turbine
75,52,0.0,natural_gas_fired_combustion_turbine
119,52,0.0,natural_gas_fired_combustion_turbine
117,52,0.0,natural_gas_fired_combustion_turbine
134,52,0.0,natural_gas_fired_combustion_turbine
103,52,0.0,natural_gas_fired_combustion_turbine
47,52,0.0,natural_gas_fired_combustion_turbine
8,52,0.0,natural_gas_fired_combustion_turbine
90,52,0.0,natural_gas_fired_combustion_turbine
60,52,0.0,natural_gas_fired_combustion_turbine
46,52,0.0,natural_gas_fired_combustion_turbine
37,52,0.0,natural_gas_fired_combustion_turbine
7,52,0.0,natural_gas_fired_combustion_turbine
133,52,0.0,natural_gas_fired_combustion_turbine
74,52,0.0,natural_gas_fired_combustion_turbine
20,52,0.0,natural_gas_fired_combustion_turbine
135,52,0.0,natural_gas_fired_combustion_turbine
142,52,0.0,natural_gas_fired_combustion_turbine
121,52,0.0,natural_gas_fired_combustion_turbine
91,52,0.0,natural_gas_fired_combustion_turbine
22,52,0.0,natural_gas_steam_turbine
123,52,0.0,natural_gas_steam_turbine
62,52,0.0,natural_gas_steam_turbine
49,52,0.0,natural_gas_steam_turbine
48,52,0.0,natural_gas_steam_turbine
21,52,0.0,natural_gas_steam_turbine
79,52,3368.359183028958,nuclear
10,52,270.52522000000005,onshore_wind_turbine
23,52,1693.8306,onshore_wind_turbine
31,52,3033.83255,onshore_wind_turbine
38,52,312.4275,onshore_wind_turbine
50,52,959.9608199999999,onshore_wind_turbine
63,52,139.9288798432,onshore_wind_turbine
80,52,656.0999199999999,onshore_wind_turbine
94,52,14770.0448,onshore_wind_turbine
105,52,2140.841920707,onshore_wind_turbine
124,52,23323.180519916205,onshore_wind_turbine
136,52,555.84774,onshore_wind_turbine
144,52,2359.60389,onshore_wind_turbine
11,52,19.125,small_hydroelectric
24,52,62.577,small_hydroelectric
32,52,192.0,small_hydroelectric
39,52,52.9,small_hydroelectric
51,52,25.641,small_hydroelectric
64,52,6.128,small_hydroelectric
81,52,241.672,small_hydroelectric
95,52,418.922,small_hydroelectric
106,52,31.614,small_hydroelectric
125,52,100.697,small_hydroelectric
137,52,36.822,small_hydroelectric
145,52,33.21,small_hydroelectric
12,52,0.0,solar_photovoltaic
25,52,0.0,solar_photovoltaic
33,52,0.0,solar_photovoltaic
52,52,0.0,solar_photovoltaic
65,52,0.0,solar_photovoltaic
82,52,0.0,solar_photovoltaic
96,52,0.0,solar_photovoltaic
107,52,0.0,solar_photovoltaic
126,52,0.0,solar_photovoltaic
138,52,0.0,solar_photovoltaic
26,53,11.235,biomass
13,53,15.682,biomass
108,53,137.081,biomass
40,53,5.952,biomass
97,53,178.173,biomass
1,53,16.293999999336094,biomass
66,53,228.795,biomass
2,53,488.13516359999994,conventional_hydroelectric
14,53,172.49714680000002,conventional_hydroelectric
27,53,368.4361212,conventional_hydroelectric
35,53,572.7033488,conventional_hydroelectric
54,53,387.3847527,conventional_hydroelectric
67,53,1820.138066970678,conventional_hydroelectric
84,53,8474.7536826,conventional_hydroelectric
109,53,180.4786397388,conventional_hydroelectric
128,53,29.828700000000005,conventional_hydroelectric
139,53,29.2750272,conventional_hydroelectric
110,53,0.0,conventional_steam_coal
41,53,0.0,conventional_steam_coal
3,53,0.0,conventional_steam_coal
36,53,0.0,conventional_steam_coal
85,53,0.0,conventional_steam_coal
28,53,74.364,geothermal
116,53,0.0,natural_gas_fired_combined_cycle
73,53,0.0,natural_gas_fired_combined_cycle
71,53,0.0,natural_gas_fired_combined_cycle
44,53,0.0,natural_gas_fired_combined_cycle
115,53,0.0,natural_gas_fired_combined_cycle
70,53,0.0,natural_gas_fired_combined_cycle
131,53,0.0,natural_gas_fired_combined_cycle
18,53,0.0,natural_gas_fired_combined_cycle
72,53,0.0,natural_gas_fired_combined_cycle
114,53,0.0,natural_gas_fired_combined_cycle
45,53,0.0,natural_gas_fired_combined_cycle
78,53,0.0,natural_gas_fired_combustion_turbine
75,53,0.0,natural_gas_fired_combustion_turbine
119,53,0.0,natural_gas_fired_combustion_turbine
117,53,0.0,natural_gas_fired_combustion_turbine
134,53,0.0,natural_gas_fired_combustion_turbine
103,53,0.0,natural_gas_fired_combustion_turbine
47,53,0.0,natural_gas_fired_combustion_turbine
8,53,0.0,natural_gas_fired_combustion_turbine
90,53,0.0,natural_gas_fired_combustion_turbine
60,53,0.0,natural_gas_fired_combustion_turbine
46,53,0.0,natural_gas_fired_combustion_turbine
37,53,0.0,natural_gas_fired_combustion_turbine
7,53,0.0,natural_gas_fired_combustion_turbine
133,53,0.0,natural_gas_fired_combustion_turbine
74,53,0.0,natural_gas_fired_combustion_turbine
20,53,0.0,natural_gas_fired_combustion_turbine
135,53,0.0,natural_gas_fired_combustion_turbine
142,53,0.0,natural_gas_fired_combustion_turbine
121,53,0.0,natural_gas_fired_combustion_turbine
91,53,0.0,natural_gas_fired_combustion_turbine
22,53,0.0,natural_gas_steam_turbine
123,53,0.0,natural_gas_steam_turbine
62,53,0.0,natural_gas_steam_turbine
49,53,0.0,natural_gas_steam_turbine
48,53,0.0,natural_gas_steam_turbine
21,53,0.0,natural_gas_steam_turbine
79,53,5219.858933028958,nuclear
10,53,195.59946000000002,onshore_wind_turbine
23,53,1690.1038,onshore_wind_turbine
31,53,3282.00124,onshore_wind_turbine
38,53,252.78224999999998,onshore_wind_turbine
50,53,487.09374,onshore_wind_turbine
63,53,189.33767973119998,onshore_wind_turbine
80,53,470.23591999999996,onshore_wind_turbine
94,53,16311.043,onshore_wind_turbine
105,53,1918.2676816169999,onshore_wind_turbine
124,53,23739.286283851605,onshore_wind_turbine
136,53,789.6995400000001,onshore_wind_turbine
144,53,1976.7900599999996,onshore_wind_turbine
11,53,19.125,small_hydroelectric
24,53,62.577,small_hydroelectric
32,53,192.0,small_hydroelectric
39,53,52.9,small_hydroelectric
51,53,25.641,small_hydroelectric
64,53,6.128,small_hydroelectric
81,53,241.672,small_hydroelectric
95,53,418.922,small_hydroelectric
106,53,31.614,small_hydroelectric
125,53,100.697,small_hydroelectric
137,53,36.822,small_hydroelectric
145,53,33.21,small_hydroelectric
12,53,0.0,solar_photovoltaic
25,53,0.0,solar_photovoltaic
33,53,0.0,solar_photovoltaic
52,53,0.0,solar_photovoltaic
65,53,0.0,solar_photovoltaic
82,53,0.0,solar_photovoltaic
96,53,0.0,solar_photovoltaic
107,53,0.0,solar_photovoltaic
126,53,0.0,solar_photovoltaic
138,53,0.0,solar_photovoltaic
26,54,11.235,biomass
13,54,15.682,biomass
108,54,137.081,biomass
40,54,5.952,biomass
97,54,178.173,biomass
1,54,16.294,biomass
66,54,228.795,biomass
2,54,487.8589128,conventional_hydroelectric
14,54,172.5912276,conventional_hydroelectric
27,54,367.8716844,conventional_hydroelectric
35,54,572.7033488,conventional_hydroelectric
54,54,386.5532319,conventional_hydroelectric
67,54,1818.788193121653,conventional_hydroelectric
84,54,8468.943087,conventional_hydroelectric
109,54,180.11415195540002,conventional_hydroelectric
128,54,29.798340000000003,conventional_hydroelectric
139,54,29.088710399999997,conventional_hydroelectric
110,54,28.5,conventional_steam_coal
41,54,0.0,conventional_steam_coal
3,54,0.0,conventional_steam_coal
36,54,0.0,conventional_steam_coal
85,54,0.0,conventional_steam_coal
28,54,74.364,geothermal
116,54,0.0,natural_gas_fired_combined_cycle
73,54,0.0,natural_gas_fired_combined_cycle
71,54,0.0,natural_gas_fired_combined_cycle
44,54,0.0,natural_gas_fired_combined_cycle
115,54,0.0,natural_gas_fired_combined_cycle
70,54,0.0,natural_gas_fired_combined_cycle
131,54,0.0,natural_gas_fired_combined_cycle
18,54,0.0,natural_gas_fired_combined_cycle
72,54,0.0,natural_gas_fired_combined_cycle
114,54,0.0,natural_gas_fired_combined_cycle
45,54,0.0,natural_gas_fired_combined_cycle
78,54,0.0,natural_gas_fired_combustion_turbine
75,54,0.0,natural_gas_fired_combustion_turbine
119,54,0.0,natural_gas_fired_combustion_turbine
117,54,0.0,natural_gas_fired_combustion_turbine
134,54,0.0,natural_gas_fired_combustion_turbine
103,54,0.0,natural_gas_fired_combustion_turbine
47,54,0.0,natural_gas_fired_combustion_turbine
8,54,0.0,natural_gas_fired_combustion_turbine
90,54,0.0,natural_gas_fired_combustion_turbine
60,54,0.0,natural_gas_fired_combustion_turbine
46,54,0.0,natural_gas_fired_combustion_turbine
37,54,0.0,natural_gas_fired_combustion_turbine
7,54,0.0,natural_gas_fired_combustion_turbine
133,54,0.0,natural_gas_fired_combustion_turbine
74,54,0.0,natural_gas_fired_combustion_turbine
20,54,0.0,natural_gas_fired_combustion_turbine
135,54,0.0,natural_gas_fired_combustion_turbine
142,54,0.0,natural_gas_fired_combustion_turbine
121,54,0.0,natural_gas_fired_combustion_turbine
91,54,0.0,natural_gas_fired_combustion_turbine
22,54,0.0,natural_gas_steam_turbine
123,54,0.0,natural_gas_steam_turbine
62,54,0.0,natural_gas_steam_turbine
49,54,0.0,natural_gas_steam_turbine
48,54,0.0,natural_gas_steam_turbine
21,54,0.0,natural_gas_steam_turbine
79,54,3702.9994999999926,nuclear
10,54,146.78965000000002,onshore_wind_turbine
23,54,1552.2122,onshore_wind_turbine
31,54,4212.93068,onshore_wind_turbine
38,54,309.01919999999996,onshore_wind_turbine
50,54,670.00794,onshore_wind_turbine
63,54,215.61343964719998,onshore_wind_turbine
80,54,1245.2888,onshore_wind_turbine
94,54,12692.087800000001,onshore_wind_turbine
105,54,2319.0448388100003,onshore_wind_turbine
124,54,23997.111194348603,onshore_wind_turbine
136,54,892.2345600000001,onshore_wind_turbine
144,54,2679.6968099999995,onshore_wind_turbine
11,54,19.125,small_hydroelectric
24,54,62.577,small_hydroelectric
32,54,192.0,small_hydroelectric
39,54,52.9,small_hydroelectric
51,54,25.641,small_hydroelectric
64,54,6.128,small_hydroelectric
81,54,241.672,small_hydroelectric
95,54,418.922,small_hydroelectric
106,54,31.614,small_hydroelectric
125,54,100.697,small_hydroelectric
137,54,36.822,small_hydroelectric
145,54,33.21,small_hydroelectric
12,54,0.0,solar_photovoltaic
25,54,0.0,solar_photovoltaic
33,54,0.0,solar_photovoltaic
52,54,0.0,solar_photovoltaic
65,54,0.0,solar_photovoltaic
82,54,0.0,solar_photovoltaic
96,54,0.0,solar_photovoltaic
107,54,0.0,solar_photovoltaic
126,54,0.0,solar_photovoltaic
138,54,0.0,solar_photovoltaic
26,55,11.235,biomass
13,55,15.682,biomass
108,55,137.081,biomass
40,55,5.952,biomass
97,55,178.173,biomass
1,55,16.294,biomass
66,55,228.795,biomass
2,55,487.5826619999999,conventional_hydroelectric
14,55,172.63826799999998,conventional_hydroelectric
27,55,367.44835680000006,conventional_hydroelectric
35,55,572.4535872,conventional_hydroelectric
54,55,385.7217111,conventional_hydroelectric
67,55,1817.438319272628,conventional_hydroelectric
84,55,8466.0377892,conventional_hydroelectric
109,55,179.749664172,conventional_hydroelectric
128,55,29.783160000000006,conventional_hydroelectric
139,55,28.925683199999998,conventional_hydroelectric
110,55,28.5,conventional_steam_coal
41,55,0.0,conventional_steam_coal
3,55,0.0,conventional_steam_coal
36,55,0.0,conventional_steam_coal
85,55,0.0,conventional_steam_coal
28,55,74.364,geothermal
116,55,0.0,natural_gas_fired_combined_cycle
73,55,0.0,natural_gas_fired_combined_cycle
71,55,0.0,natural_gas_fired_combined_cycle
44,55,0.0,natural_gas_fired_combined_cycle
115,55,0.0,natural_gas_fired_combined_cycle
70,55,0.0,natural_gas_fired_combined_cycle
131,55,0.0,natural_gas_fired_combined_cycle
18,55,0.0,natural_gas_fired_combined_cycle
72,55,0.0,natural_gas_fired_combined_cycle
114,55,0.0,natural_gas_fired_combined_cycle
45,55,0.0,natural_gas_fired_combined_cycle
78,55,0.0,natural_gas_fired_combustion_turbine
75,55,0.0,natural_gas_fired_combustion_turbine
119,55,0.0,natural_gas_fired_combustion_turbine
117,55,0.0,natural_gas_fired_combustion_turbine
134,55,0.0,natural_gas_fired_combustion_turbine
103,55,0.0,natural_gas_fired_combustion_turbine
47,55,0.0,natural_gas_fired_combustion_turbine
8,55,0.0,natural_gas_fired_combustion_turbine
90,55,0.0,natural_gas_fired_combustion_turbine
60,55,0.0,natural_gas_fired_combustion_turbine
46,55,0.0,natural_gas_fired_combustion_turbine
37,55,0.0,natural_gas_fired_combustion_turbine
7,55,0.0,natural_gas_fired_combustion_turbine
133,55,0.0,natural_gas_fired_combustion_turbine
74,55,0.0,natural_gas_fired_combustion_turbine
20,55,0.0,natural_gas_fired_combustion_turbine
135,55,0.0,natural_gas_fired_combustion_turbine
142,55,0.0,natural_gas_fired_combustion_turbine
121,55,0.0,natural_gas_fired_combustion_turbine
91,55,0.0,natural_gas_fired_combustion_turbine
22,55,0.0,natural_gas_steam_turbine
123,55,0.0,natural_gas_steam_turbine
62,55,0.0,natural_gas_steam_turbine
49,55,0.0,natural_gas_steam_turbine
48,55,0.0,natural_gas_steam_turbine
21,55,0.0,natural_gas_steam_turbine
79,55,1851.4997499999972,nuclear
10,55,182.81165000000001,onshore_wind_turbine
23,55,1106.8596,onshore_wind_turbine
31,55,5279.22486,onshore_wind_turbine
38,55,431.14995,onshore_wind_turbine
50,55,749.94822,onshore_wind_turbine
63,55,146.0835602072,onshore_wind_turbine
80,55,1007.3828799999999,onshore_wind_turbine
94,55,6943.6864,onshore_wind_turbine
105,55,2581.8338008680003,onshore_wind_turbine
124,55,24699.1667153,onshore_wind_turbine
136,55,879.64254,onshore_wind_turbine
144,55,2197.3946399999995,onshore_wind_turbine
11,55,19.125,small_hydroelectric
24,55,62.577,small_hydroelectric
32,55,192.0,small_hydroelectric
39,55,52.9,small_hydroelectric
51,55,25.641,small_hydroelectric
64,55,6.128,small_hydroelectric
81,55,241.672,small_hydroelectric
95,55,418.922,small_hydroelectric
106,55,31.614,small_hydroelectric
125,55,100.697,small_hydroelectric
137,55,36.822,small_hydroelectric
145,55,33.21,small_hydroelectric
12,55,2093.26572,solar_photovoltaic
25,55,447.27101999999996,solar_photovoltaic
33,55,196.4718,solar_photovoltaic
52,55,1024.32876,solar_photovoltaic
65,55,2435.790281897,solar_photovoltaic
82,55,0.0,solar_photovoltaic
96,55,0.0,solar_photovoltaic
107,55,1369.742285527,solar_photovoltaic
126,55,66.24024767499999,solar_photovoltaic
138,55,1047.0067299999998,solar_photovoltaic
26,56,0.0,biomass
13,56,0.0,biomass
108,56,0.0,biomass
40,56,0.0,biomass
97,56,0.0,biomass
1,56,0.0,biomass
66,56,0.0,biomass
2,56,258.2944980000001,conventional_hydroelectric
14,56,133.59473599999978,conventional_hydroelectric
27,56,250.3277207999994,conventional_hydroelectric
35,56,572.4535872,conventional_hydroelectric
54,56,299.4514280999993,conventional_hydroelectric
67,56,1816.815846123603,conventional_hydroelectric
84,56,6054.640615199985,conventional_hydroelectric
109,56,63.86506417199965,conventional_hydroelectric
128,56,25.198800000000027,conventional_hydroelectric
139,56,9.59531519999991,conventional_hydroelectric
110,56,0.0,conventional_steam_coal
41,56,0.0,conventional_steam_coal
3,56,0.0,conventional_steam_coal
36,56,0.0,conventional_steam_coal
85,56,0.0,conventional_steam_coal
28,56,74.364,geothermal
116,56,0.0,natural_gas_fired_combined_cycle
73,56,0.0,natural_gas_fired_combined_cycle
71,56,0.0,natural_gas_fired_combined_cycle
44,56,0.0,natural_gas_fired_combined_cycle
115,56,0.0,natural_gas_fired_combined_cycle
70,56,0.0,natural_gas_fired_combined_cycle
131,56,0.0,natural_gas_fired_combined_cycle
18,56,0.0,natural_gas_fired_combined_cycle
72,56,0.0,natural_gas_fired_combined_cycle
114,56,0.0,natural_gas_fired_combined_cycle
45,56,0.0,natural_gas_fired_combined_cycle
78,56,0.0,natural_gas_fired_combustion_turbine
75,56,0.0,natural_gas_fired_combustion_turbine
119,56,0.0,natural_gas_fired_combustion_turbine
117,56,0.0,natural_gas_fired_combustion_turbine
134,56,0.0,natural_gas_fired_combustion_turbine
103,56,0.0,natural_gas_fired_combustion_turbine
47,56,0.0,natural_gas_fired_combustion_turbine
8,56,0.0,natural_gas_fired_combustion_turbine
90,56,0.0,natural_gas_fired_combustion_turbine
60,56,0.0,natural_gas_fired_combustion_turbine
46,56,0.0,natural_gas_fired_combustion_turbine
37,56,0.0,natural_gas_fired_combustion_turbine
7,56,0.0,natural_gas_fired_combustion_turbine
133,56,0.0,natural_gas_fired_combustion_turbine
74,56,0.0,natural_gas_fired_combustion_turbine
20,56,0.0,natural_gas_fired_combustion_turbine
135,56,0.0,natural_gas_fired_combustion_turbine
142,56,0.0,natural_gas_fired_combustion_turbine
121,56,0.0,natural_gas_fired_combustion_turbine
91,56,0.0,natural_gas_fired_combustion_turbine
22,56,0.0,natural_gas_steam_turbine
123,56,0.0,natural_gas_steam_turbine
62,56,0.0,natural_gas_steam_turbine
49,56,0.0,natural_gas_steam_turbine
48,56,0.0,natural_gas_steam_turbine
21,56,0.0,natural_gas_steam_turbine
79,56,0.0,nuclear
10,56,0.0,onshore_wind_turbine
23,56,0.0,onshore_wind_turbine
31,56,5306.535290000001,onshore_wind_turbine
38,56,0.0,onshore_wind_turbine
50,56,0.0,onshore_wind_turbine
63,56,143.459400224,onshore_wind_turbine
80,56,586.4009199999999,onshore_wind_turbine
94,56,8911.3094,onshore_wind_turbine
105,56,2066.839036601812,onshore_wind_turbine
124,56,22805.5261678706,onshore_wind_turbine
136,56,0.0,onshore_wind_turbine
144,56,2779.18515,onshore_wind_turbine
11,56,19.125,small_hydroelectric
24,56,62.577,small_hydroelectric
32,56,192.0,small_hydroelectric
39,56,52.9,small_hydroelectric
51,56,25.641,small_hydroelectric
64,56,6.128,small_hydroelectric
81,56,0.0,small_hydroelectric
95,56,0.0,small_hydroelectric
106,56,31.614,small_hydroelectric
125,56,0.0,small_hydroelectric
137,56,36.822,small_hydroelectric
145,56,0.0,small_hydroelectric
12,56,5395.5972,solar_photovoltaic
25,56,0.0,solar_photovoltaic
33,56,0.0,solar_photovoltaic
52,56,1916.64214,solar_photovoltaic
65,56,8995.265444508,solar_photovoltaic
82,56,5845.1061199999995,solar_photovoltaic
96,56,0.0,solar_photovoltaic
107,56,0.0,solar_photovoltaic
126,56,0.0,solar_photovoltaic
138,56,2270.72153,solar_photovoltaic
26,57,0.0,biomass
13,57,0.0,biomass
108,57,0.0,biomass
40,57,0.0,biomass
97,57,0.0,biomass
1,57,0.0,biomass
66,57,0.0,biomass
2,57,29.006333999998958,conventional_hydroelectric
14,57,94.73936560000001,conventional_hydroelectric
27,57,133.20708479999917,conventional_hydroelectric
35,57,572.4535872,conventional_hydroelectric
54,57,384.0586695,conventional_hydroelectric
67,57,1815.4659650005708,conventional_hydroelectric
84,57,3643.2434411999825,conventional_hydroelectric
109,57,178.88106860520003,conventional_hydroelectric
128,57,12.599400000000019,conventional_hydroelectric
139,57,9.082944000000007,conventional_hydroelectric
110,57,0.0,conventional_steam_coal
41,57,0.0,conventional_steam_coal
3,57,0.0,conventional_steam_coal
36,57,0.0,conventional_steam_coal
85,57,0.0,conventional_steam_coal
28,57,0.0,geothermal
116,57,0.0,natural_gas_fired_combined_cycle
73,57,0.0,natural_gas_fired_combined_cycle
71,57,0.0,natural_gas_fired_combined_cycle
44,57,0.0,natural_gas_fired_combined_cycle
115,57,0.0,natural_gas_fired_combined_cycle
70,57,0.0,natural_gas_fired_combined_cycle
131,57,0.0,natural_gas_fired_combined_cycle
18,57,0.0,natural_gas_fired_combined_cycle
72,57,0.0,natural_gas_fired_combined_cycle
114,57,0.0,natural_gas_fired_combined_cycle
45,57,0.0,natural_gas_fired_combined_cycle
78,57,0.0,natural_gas_fired_combustion_turbine
75,57,0.0,natural_gas_fired_combustion_turbine
119,57,0.0,natural_gas_fired_combustion_turbine
117,57,0.0,natural_gas_fired_combustion_turbine
134,57,0.0,natural_gas_fired_combustion_turbine
103,57,0.0,natural_gas_fired_combustion_turbine
47,57,0.0,natural_gas_fired_combustion_turbine
8,57,0.0,natural_gas_fired_combustion_turbine
90,57,0.0,natural_gas_fired_combustion_turbine
60,57,0.0,natural_gas_fired_combustion_turbine
46,57,0.0,natural_gas_fired_combustion_turbine
37,57,0.0,natural_gas_fired_combustion_turbine
7,57,0.0,natural_gas_fired_combustion_turbine
133,57,0.0,natural_gas_fired_combustion_turbine
74,57,0.0,natural_gas_fired_combustion_turbine
20,57,0.0,natural_gas_fired_combustion_turbine
135,57,0.0,natural_gas_fired_combustion_turbine
142,57,0.0,natural_gas_fired_combustion_turbine
121,57,0.0,natural_gas_fired_combustion_turbine
91,57,0.0,natural_gas_fired_combustion_turbine
22,57,0.0,natural_gas_steam_turbine
123,57,0.0,natural_gas_steam_turbine
62,57,0.0,natural_gas_steam_turbine
49,57,0.0,natural_gas_steam_turbine
48,57,0.0,natural_gas_steam_turbine
21,57,0.0,natural_gas_steam_turbine
79,57,0.0,nuclear
10,57,27.917050000000003,onshore_wind_turbine
23,57,0.0,onshore_wind_turbine
31,57,4728.26662,onshore_wind_turbine
38,57,670.86705,onshore_wind_turbine
50,57,0.0,onshore_wind_turbine
63,57,86.6373203416,onshore_wind_turbine
80,57,347.56568,onshore_wind_turbine
94,57,9216.5668,onshore_wind_turbine
105,57,0.0,onshore_wind_turbine
124,57,22262.305933082604,onshore_wind_turbine
136,57,0.0,onshore_wind_turbine
144,57,1983.2784299999998,onshore_wind_turbine
11,57,0.0,small_hydroelectric
24,57,0.0,small_hydroelectric
32,57,0.0,small_hydroelectric
39,57,0.0,small_hydroelectric
51,57,0.0,small_hydroelectric
64,57,0.0,small_hydroelectric
81,57,241.672,small_hydroelectric
95,57,418.922,small_hydroelectric
106,57,31.614,small_hydroelectric
125,57,0.0,small_hydroelectric
137,57,0.0,small_hydroelectric
145,57,0.0,small_hydroelectric
12,57,6346.04399848623,solar_photovoltaic
25,57,1733.4087399999996,solar_photovoltaic
33,57,1118.79775,solar_photovoltaic
52,57,3235.4135800000004,solar_photovoltaic
65,57,13361.0296325597,solar_photovoltaic
82,57,9992.86834,solar_photovoltaic
96,57,766.82767,solar_photovoltaic
107,57,11757.8017970175,solar_photovoltaic
126,57,0.0,solar_photovoltaic
138,57,0.0,solar_photovoltaic
26,58,0.0,biomass
13,58,0.0,biomass
108,58,0.0,biomass
40,58,0.0,biomass
97,58,0.0,biomass
1,58,0.0,biomass
66,58,0.0,biomass
2,58,27.625079999997922,conventional_hydroelectric
14,58,95.16272919999761,conventional_hydroelectric
27,58,16.086448799999033,conventional_hydroelectric
35,58,572.2038256,conventional_hydroelectric
54,58,297.78838649999955,conventional_hydroelectric
67,58,1211.7233840005679,conventional_hydroelectric
84,58,1231.846267199981,conventional_hydroelectric
109,58,62.99646860519951,conventional_hydroelectric
128,58,12.599400000000013,conventional_hydroelectric
139,58,28.413311999999998,conventional_hydroelectric
110,58,0.0,conventional_steam_coal
41,58,0.0,conventional_steam_coal
3,58,0.0,conventional_steam_coal
36,58,0.0,conventional_steam_coal
85,58,0.0,conventional_steam_coal
28,58,0.0,geothermal
116,58,0.0,natural_gas_fired_combined_cycle
73,58,0.0,natural_gas_fired_combined_cycle
71,58,0.0,natural_gas_fired_combined_cycle
44,58,0.0,natural_gas_fired_combined_cycle
115,58,0.0,natural_gas_fired_combined_cycle
70,58,0.0,natural_gas_fired_combined_cycle
131,58,0.0,natural_gas_fired_combined_cycle
18,58,0.0,natural_gas_fired_combined_cycle
72,58,0.0,natural_gas_fired_combined_cycle
114,58,0.0,natural_gas_fired_combined_cycle
45,58,0.0,natural_gas_fired_combined_cycle
78,58,0.0,natural_gas_fired_combustion_turbine
75,58,0.0,natural_gas_fired_combustion_turbine
119,58,0.0,natural_gas_fired_combustion_turbine
117,58,0.0,natural_gas_fired_combustion_turbine
134,58,0.0,natural_gas_fired_combustion_turbine
103,58,0.0,natural_gas_fired_combustion_turbine
47,58,0.0,natural_gas_fired_combustion_turbine
8,58,0.0,natural_gas_fired_combustion_turbine
90,58,0.0,natural_gas_fired_combustion_turbine
60,58,0.0,natural_gas_fired_combustion_turbine
46,58,0.0,natural_gas_fired_combustion_turbine
37,58,0.0,natural_gas_fired_combustion_turbine
7,58,0.0,natural_gas_fired_combustion_turbine
133,58,0.0,natural_gas_fired_combustion_turbine
74,58,0.0,natural_gas_fired_combustion_turbine
20,58,0.0,natural_gas_fired_combustion_turbine
135,58,0.0,natural_gas_fired_combustion_turbine
142,58,0.0,natural_gas_fired_combustion_turbine
121,58,0.0,natural_gas_fired_combustion_turbine
91,58,0.0,natural_gas_fired_combustion_turbine
22,58,0.0,natural_gas_steam_turbine
123,58,0.0,natural_gas_steam_turbine
62,58,0.0,natural_gas_steam_turbine
49,58,0.0,natural_gas_steam_turbine
48,58,0.0,natural_gas_steam_turbine
21,58,0.0,natural_gas_steam_turbine
79,58,0.0,nuclear
10,58,0.0,onshore_wind_turbine
23,58,771.4476,onshore_wind_turbine
31,58,0.0,onshore_wind_turbine
38,58,0.0,onshore_wind_turbine
50,58,0.0,onshore_wind_turbine
63,58,21.169960319199998,onshore_wind_turbine
80,58,0.0,onshore_wind_turbine
94,58,0.0,onshore_wind_turbine
105,58,489.65112058799997,onshore_wind_turbine
124,58,21509.409601033203,onshore_wind_turbine
136,58,0.0,onshore_wind_turbine
144,58,0.0,onshore_wind_turbine
11,58,19.125,small_hydroelectric
24,58,0.0,small_hydroelectric
32,58,0.0,small_hydroelectric
39,58,0.0,small_hydroelectric
51,58,0.0,small_hydroelectric
64,58,6.128,small_hydroelectric
81,58,241.672,small_hydroelectric
95,58,0.0,small_hydroelectric
106,58,0.0,small_hydroelectric
125,58,0.0,small_hydroelectric
137,58,0.0,small_hydroelectric
145,58,0.0,small_hydroelectric
12,58,8912.6226,solar_photovoltaic
25,58,0.0,solar_photovoltaic
33,58,0.0,solar_photovoltaic
52,58,1315.8461198573532,solar_photovoltaic
65,58,0.0,solar_photovoltaic
82,58,12601.31523,solar_photovoltaic
96,58,969.15028,solar_photovoltaic
107,58,0.0,solar_photovoltaic
126,58,28919.5246962965,solar_photovoltaic
138,58,3404.02755,solar_photovoltaic
26,59,0.0,biomass
13,59,0.0,biomass
108,59,0.0,biomass
40,59,0.0,biomass
97,59,0.0,biomass
1,59,0.0,biomass
66,59,0.0,biomass
2,59,256.91324399999917,conventional_hydroelectric
14,59,133.87697839999998,conventional_hydroelectric
27,59,0.0,conventional_hydroelectric
35,59,364.9016975999986,conventional_hydroelectric
54,59,290.2007591999985,conventional_hydroelectric
67,59,607.9808030005648,conventional_hydroelectric
84,59,2411.3971740000134,conventional_hydroelectric
109,59,61.763385255,conventional_hydroelectric
128,59,17.00159999999991,conventional_hydroelectric
139,59,9.082944000000007,conventional_hydroelectric
110,59,0.0,conventional_steam_coal
41,59,0.0,conventional_steam_coal
3,59,0.0,conventional_steam_coal
36,59,0.0,conventional_steam_coal
85,59,0.0,conventional_steam_coal
28,59,0.0,geothermal
116,59,0.0,natural_gas_fired_combined_cycle
73,59,0.0,natural_gas_fired_combined_cycle
71,59,0.0,natural_gas_fired_combined_cycle
44,59,0.0,natural_gas_fired_combined_cycle
115,59,0.0,natural_gas_fired_combined_cycle
70,59,0.0,natural_gas_fired_combined_cycle
131,59,0.0,natural_gas_fired_combined_cycle
18,59,0.0,natural_gas_fired_combined_cycle
72,59,0.0,natural_gas_fired_combined_cycle
114,59,0.0,natural_gas_fired_combined_cycle
45,59,0.0,natural_gas_fired_combined_cycle
78,59,0.0,natural_gas_fired_combustion_turbine
75,59,0.0,natural_gas_fired_combustion_turbine
119,59,0.0,natural_gas_fired_combustion_turbine
117,59,0.0,natural_gas_fired_combustion_turbine
134,59,0.0,natural_gas_fired_combustion_turbine
103,59,0.0,natural_gas_fired_combustion_turbine
47,59,0.0,natural_gas_fired_combustion_turbine
8,59,0.0,natural_gas_fired_combustion_turbine
90,59,0.0,natural_gas_fired_combustion_turbine
60,59,0.0,natural_gas_fired_combustion_turbine
46,59,0.0,natural_gas_fired_combustion_turbine
37,59,0.0,natural_gas_fired_combustion_turbine
7,59,0.0,natural_gas_fired_combustion_turbine
133,59,0.0,natural_gas_fired_combustion_turbine
74,59,0.0,natural_gas_fired_combustion_turbine
20,59,0.0,natural_gas_fired_combustion_turbine
135,59,0.0,natural_gas_fired_combustion_turbine
142,59,0.0,natural_gas_fired_combustion_turbine
121,59,0.0,natural_gas_fired_combustion_turbine
91,59,0.0,natural_gas_fired_combustion_turbine
22,59,0.0,natural_gas_steam_turbine
123,59,0.0,natural_gas_steam_turbine
62,59,0.0,natural_gas_steam_turbine
49,59,0.0,natural_gas_steam_turbine
48,59,0.0,natural_gas_steam_turbine
21,59,0.0,natural_gas_steam_turbine
79,59,0.0,nuclear
10,59,80.50917,onshore_wind_turbine
23,59,0.0,onshore_wind_turbine
31,59,0.0,onshore_wind_turbine
38,59,0.0,onshore_wind_turbine
50,59,0.0,onshore_wind_turbine
63,59,5.837999999999999,onshore_wind_turbine
80,59,0.0,onshore_wind_turbine
94,59,0.0,onshore_wind_turbine
105,59,0.0,onshore_wind_turbine
124,59,15995.342172856203,onshore_wind_turbine
136,59,0.0,onshore_wind_turbine
144,59,2013.55749,onshore_wind_turbine
11,59,0.0,small_hydroelectric
24,59,62.577,small_hydroelectric
32,59,192.0,small_hydroelectric
39,59,52.9,small_hydroelectric
51,59,25.641,small_hydroelectric
64,59,0.0,small_hydroelectric
81,59,241.672,small_hydroelectric
95,59,418.922,small_hydroelectric
106,59,31.614,small_hydroelectric
125,59,100.697,small_hydroelectric
137,59,36.822,small_hydroelectric
145,59,33.21,small_hydroelectric
12,59,0.0,solar_photovoltaic
25,59,2125.3780799999995,solar_photovoltaic
33,59,1345.55015,solar_photovoltaic
52,59,3845.03434,solar_photovoltaic
65,59,17540.7588297494,solar_photovoltaic
82,59,13202.21399,solar_photovoltaic
96,59,1069.5034699999999,solar_photovoltaic
107,59,14549.7996686455,solar_photovoltaic
126,59,23806.982453293316,solar_photovoltaic
138,59,3470.2359999999994,solar_photovoltaic
26,60,0.0,biomass
13,60,0.0,biomass
108,60,0.0,biomass
40,60,0.0,biomass
97,60,0.0,biomass
1,60,0.0,biomass
66,60,0.0,biomass
2,60,486.20140799999996,conventional_hydroelectric
14,60,172.92051039999998,conventional_hydroelectric
27,60,117.12063600000062,conventional_hydroelectric
35,60,207.30212800000044,conventional_hydroelectric
54,60,203.9304761999985,conventional_hydroelectric
67,60,603.7425810000002,conventional_hydroelectric
84,60,0.0,conventional_hydroelectric
109,60,61.39889747159998,conventional_hydroelectric
128,60,17.03195999999999,conventional_hydroelectric
139,60,27.714623999999937,conventional_hydroelectric
110,60,0.0,conventional_steam_coal
41,60,0.0,conventional_steam_coal
3,60,0.0,conventional_steam_coal
36,60,0.0,conventional_steam_coal
85,60,0.0,conventional_steam_coal
28,60,0.0,geothermal
116,60,0.0,natural_gas_fired_combined_cycle
73,60,0.0,natural_gas_fired_combined_cycle
71,60,0.0,natural_gas_fired_combined_cycle
44,60,0.0,natural_gas_fired_combined_cycle
115,60,0.0,natural_gas_fired_combined_cycle
70,60,0.0,natural_gas_fired_combined_cycle
131,60,0.0,natural_gas_fired_combined_cycle
18,60,0.0,natural_gas_fired_combined_cycle
72,60,0.0,natural_gas_fired_combined_cycle
114,60,0.0,natural_gas_fired_combined_cycle
45,60,0.0,natural_gas_fired_combined_cycle
78,60,0.0,natural_gas_fired_combustion_turbine
75,60,0.0,natural_gas_fired_combustion_turbine
119,60,0.0,natural_gas_fired_combustion_turbine
117,60,0.0,natural_gas_fired_combustion_turbine
134,60,0.0,natural_gas_fired_combustion_turbine
103,60,0.0,natural_gas_fired_combustion_turbine
47,60,0.0,natural_gas_fired_combustion_turbine
8,60,0.0,natural_gas_fired_combustion_turbine
90,60,0.0,natural_gas_fired_combustion_turbine
60,60,0.0,natural_gas_fired_combustion_turbine
46,60,0.0,natural_gas_fired_combustion_turbine
37,60,0.0,natural_gas_fired_combustion_turbine
7,60,0.0,natural_gas_fired_combustion_turbine
133,60,0.0,natural_gas_fired_combustion_turbine
74,60,0.0,natural_gas_fired_combustion_turbine
20,60,0.0,natural_gas_fired_combustion_turbine
135,60,0.0,natural_gas_fired_combustion_turbine
142,60,0.0,natural_gas_fired_combustion_turbine
121,60,0.0,natural_gas_fired_combustion_turbine
91,60,0.0,natural_gas_fired_combustion_turbine
22,60,0.0,natural_gas_steam_turbine
123,60,0.0,natural_gas_steam_turbine
62,60,0.0,natural_gas_steam_turbine
49,60,0.0,natural_gas_steam_turbine
48,60,0.0,natural_gas_steam_turbine
21,60,0.0,natural_gas_steam_turbine
79,60,0.0,nuclear
10,60,47.90926,onshore_wind_turbine
23,60,544.1128,onshore_wind_turbine
31,60,0.0,onshore_wind_turbine
38,60,0.0,onshore_wind_turbine
50,60,504.70769999999993,onshore_wind_turbine
63,60,0.0,onshore_wind_turbine
80,60,101.29587999999998,onshore_wind_turbine
94,60,4648.739200000001,onshore_wind_turbine
105,60,0.0,onshore_wind_turbine
124,60,14451.302819338001,onshore_wind_turbine
136,60,0.0,onshore_wind_turbine
144,60,0.0,onshore_wind_turbine
11,60,19.125,small_hydroelectric
24,60,0.0,small_hydroelectric
32,60,192.0,small_hydroelectric
39,60,0.0,small_hydroelectric
51,60,25.641,small_hydroelectric
64,60,6.128,small_hydroelectric
81,60,241.672,small_hydroelectric
95,60,0.0,small_hydroelectric
106,60,0.0,small_hydroelectric
125,60,0.0,small_hydroelectric
137,60,0.0,small_hydroelectric
145,60,0.0,small_hydroelectric
12,60,8490.297059999999,solar_photovoltaic
25,60,2265.8742399999996,solar_photovoltaic
33,60,780.633776420998,solar_photovoltaic
52,60,4049.62362,solar_photovoltaic
65,60,18083.6256906634,solar_photovoltaic
82,60,13810.91663,solar_photovoltaic
96,60,1111.37852,solar_photovoltaic
107,60,0.0,solar_photovoltaic
126,60,30705.053682506,solar_photovoltaic
138,60,3600.8264599999993,solar_photovoltaic
26,61,0.0,biomass
13,61,0.0,biomass
108,61,0.0,biomass
40,61,0.0,biomass
97,61,0.0,biomass
1,61,0.0,biomass
66,61,0.0,biomass
2,61,256.9132439999993,conventional_hydroelectric
14,61,133.8769784000001,conventional_hydroelectric
27,61,234.24127200000132,conventional_hydroelectric
35,61,207.30212800000044,conventional_hydroelectric
54,61,206.4250386,conventional_hydroelectric
67,61,603.7425810000009,conventional_hydroelectric
84,61,1188.2668001999605,conventional_hydroelectric
109,61,61.034409688200014,conventional_hydroelectric
128,61,17.001599999999943,conventional_hydroelectric
139,61,8.384255999999938,conventional_hydroelectric
110,61,0.0,conventional_steam_coal
41,61,0.0,conventional_steam_coal
3,61,0.0,conventional_steam_coal
36,61,0.0,conventional_steam_coal
85,61,0.0,conventional_steam_coal
28,61,0.0,geothermal
116,61,0.0,natural_gas_fired_combined_cycle
73,61,0.0,natural_gas_fired_combined_cycle
71,61,0.0,natural_gas_fired_combined_cycle
44,61,0.0,natural_gas_fired_combined_cycle
115,61,0.0,natural_gas_fired_combined_cycle
70,61,0.0,natural_gas_fired_combined_cycle
131,61,0.0,natural_gas_fired_combined_cycle
18,61,0.0,natural_gas_fired_combined_cycle
72,61,0.0,natural_gas_fired_combined_cycle
114,61,0.0,natural_gas_fired_combined_cycle
45,61,0.0,natural_gas_fired_combined_cycle
78,61,0.0,natural_gas_fired_combustion_turbine
75,61,0.0,natural_gas_fired_combustion_turbine
119,61,0.0,natural_gas_fired_combustion_turbine
117,61,0.0,natural_gas_fired_combustion_turbine
134,61,0.0,natural_gas_fired_combustion_turbine
103,61,0.0,natural_gas_fired_combustion_turbine
47,61,0.0,natural_gas_fired_combustion_turbine
8,61,0.0,natural_gas_fired_combustion_turbine
90,61,0.0,natural_gas_fired_combustion_turbine
60,61,0.0,natural_gas_fired_combustion_turbine
46,61,0.0,natural_gas_fired_combustion_turbine
37,61,0.0,natural_gas_fired_combustion_turbine
7,61,0.0,natural_gas_fired_combustion_turbine
133,61,0.0,natural_gas_fired_combustion_turbine
74,61,0.0,natural_gas_fired_combustion_turbine
20,61,0.0,natural_gas_fired_combustion_turbine
135,61,0.0,natural_gas_fired_combustion_turbine
142,61,0.0,natural_gas_fired_combustion_turbine
121,61,0.0,natural_gas_fired_combustion_turbine
91,61,0.0,natural_gas_fired_combustion_turbine
22,61,0.0,natural_gas_steam_turbine
123,61,0.0,natural_gas_steam_turbine
62,61,0.0,natural_gas_steam_turbine
49,61,0.0,natural_gas_steam_turbine
48,61,0.0,natural_gas_steam_turbine
21,61,0.0,natural_gas_steam_turbine
79,61,0.0,nuclear
10,61,39.98442000000001,onshore_wind_turbine
23,61,8560.4596,onshore_wind_turbine
31,61,1504.44847,onshore_wind_turbine
38,61,0.0,onshore_wind_turbine
50,61,0.0,onshore_wind_turbine
63,61,0.0,onshore_wind_turbine
80,61,214.67291999999998,onshore_wind_turbine
94,61,0.0,onshore_wind_turbine
105,61,257.108040189,onshore_wind_turbine
124,61,0.0,onshore_wind_turbine
136,61,0.0,onshore_wind_turbine
144,61,607.7439899999999,onshore_wind_turbine
11,61,0.0,small_hydroelectric
24,61,62.577,small_hydroelectric
32,61,192.0,small_hydroelectric
39,61,52.9,small_hydroelectric
51,61,0.0,small_hydroelectric
64,61,0.0,small_hydroelectric
81,61,0.0,small_hydroelectric
95,61,418.922,small_hydroelectric
106,61,31.614,small_hydroelectric
125,61,100.697,small_hydroelectric
137,61,0.0,small_hydroelectric
145,61,33.21,small_hydroelectric
12,61,7565.13576,solar_photovoltaic
25,61,2222.15602,solar_photovoltaic
33,61,1388.5063499999999,solar_photovoltaic
52,61,0.0,solar_photovoltaic
65,61,18117.9383707511,solar_photovoltaic
82,61,13820.67148,solar_photovoltaic
96,61,1119.75353,solar_photovoltaic
107,61,0.0,solar_photovoltaic
126,61,23404.256221171727,solar_photovoltaic
138,61,3609.9586599999993,solar_photovoltaic
26,62,0.0,biomass
13,62,0.0,biomass
108,62,0.0,biomass
40,62,0.0,biomass
97,62,0.0,biomass
1,62,0.0,biomass
66,62,0.0,biomass
2,62,229.28816400000017,conventional_hydroelectric
14,62,94.83344640000017,conventional_hydroelectric
27,62,245.5300079999999,conventional_hydroelectric
35,62,207.30212800000052,conventional_hydroelectric
54,62,203.9304761999985,conventional_hydroelectric
67,62,603.7425810000007,conventional_hydroelectric
84,62,3599.663974199962,conventional_hydroelectric
109,62,60.60917324280001,conventional_hydroelectric
128,62,29.601000000000003,conventional_hydroelectric
139,62,27.714623999999997,conventional_hydroelectric
110,62,0.0,conventional_steam_coal
41,62,0.0,conventional_steam_coal
3,62,0.0,conventional_steam_coal
36,62,0.0,conventional_steam_coal
85,62,0.0,conventional_steam_coal
28,62,74.364,geothermal
116,62,0.0,natural_gas_fired_combined_cycle
73,62,0.0,natural_gas_fired_combined_cycle
71,62,0.0,natural_gas_fired_combined_cycle
44,62,0.0,natural_gas_fired_combined_cycle
115,62,0.0,natural_gas_fired_combined_cycle
70,62,0.0,natural_gas_fired_combined_cycle
131,62,0.0,natural_gas_fired_combined_cycle
18,62,0.0,natural_gas_fired_combined_cycle
72,62,0.0,natural_gas_fired_combined_cycle
114,62,0.0,natural_gas_fired_combined_cycle
45,62,0.0,natural_gas_fired_combined_cycle
78,62,0.0,natural_gas_fired_combustion_turbine
75,62,0.0,natural_gas_fired_combustion_turbine
119,62,0.0,natural_gas_fired_combustion_turbine
117,62,0.0,natural_gas_fired_combustion_turbine
134,62,0.0,natural_gas_fired_combustion_turbine
103,62,0.0,natural_gas_fired_combustion_turbine
47,62,0.0,natural_gas_fired_combustion_turbine
8,62,0.0,natural_gas_fired_combustion_turbine
90,62,0.0,natural_gas_fired_combustion_turbine
60,62,0.0,natural_gas_fired_combustion_turbine
46,62,0.0,natural_gas_fired_combustion_turbine
37,62,0.0,natural_gas_fired_combustion_turbine
7,62,0.0,natural_gas_fired_combustion_turbine
133,62,0.0,natural_gas_fired_combustion_turbine
74,62,0.0,natural_gas_fired_combustion_turbine
20,62,0.0,natural_gas_fired_combustion_turbine
135,62,0.0,natural_gas_fired_combustion_turbine
142,62,0.0,natural_gas_fired_combustion_turbine
121,62,0.0,natural_gas_fired_combustion_turbine
91,62,0.0,natural_gas_fired_combustion_turbine
22,62,0.0,natural_gas_steam_turbine
123,62,0.0,natural_gas_steam_turbine
62,62,0.0,natural_gas_steam_turbine
49,62,0.0,natural_gas_steam_turbine
48,62,0.0,natural_gas_steam_turbine
21,62,0.0,natural_gas_steam_turbine
79,62,0.0,nuclear
10,62,0.0,onshore_wind_turbine
23,62,6568.485,onshore_wind_turbine
31,62,0.0,onshore_wind_turbine
38,62,2599.96485,onshore_wind_turbine
50,62,0.0,onshore_wind_turbine
63,62,47.8850398544,onshore_wind_turbine
80,62,0.0,onshore_wind_turbine
94,62,923.4075885566499,onshore_wind_turbine
105,62,308.138741064,onshore_wind_turbine
124,62,10485.437976290203,onshore_wind_turbine
136,62,333.68853000000007,onshore_wind_turbine
144,62,0.0,onshore_wind_turbine
11,62,0.0,small_hydroelectric
24,62,0.0,small_hydroelectric
32,62,192.0,small_hydroelectric
39,62,0.0,small_hydroelectric
51,62,25.641,small_hydroelectric
64,62,6.128,small_hydroelectric
81,62,241.672,small_hydroelectric
95,62,0.0,small_hydroelectric
106,62,0.0,small_hydroelectric
125,62,0.0,small_hydroelectric
137,62,36.822,small_hydroelectric
145,62,0.0,small_hydroelectric
12,62,8271.36576,solar_photovoltaic
25,62,1977.4087199999997,solar_photovoltaic
33,62,0.0,solar_photovoltaic
52,62,0.0,solar_photovoltaic
65,62,17561.134349234,solar_photovoltaic
82,62,10720.58015,solar_photovoltaic
96,62,0.0,solar_photovoltaic
107,62,12317.461721043499,solar_photovoltaic
126,62,25115.6861989145,solar_photovoltaic
138,62,3371.1516299999994,solar_photovoltaic
26,63,0.0,biomass
13,63,0.0,biomass
108,63,0.0,biomass
40,63,0.0,biomass
97,63,0.0,biomass
1,63,0.0,biomass
66,63,0.0,biomass
2,63,255.8082407999999,conventional_hydroelectric
14,63,95.0686484,conventional_hydroelectric
27,63,128.40937199999976,conventional_hydroelectric
35,63,157.100046399999,conventional_hydroelectric
54,63,206.4250386,conventional_hydroelectric
67,63,601.3363540324135,conventional_hydroelectric
84,63,3602.5692719999993,conventional_hydroelectric
109,63,0.0,conventional_hydroelectric
128,63,17.001600000000014,conventional_hydroelectric
139,63,8.384256000000006,conventional_hydroelectric
110,63,0.0,conventional_steam_coal
41,63,0.0,conventional_steam_coal
3,63,0.0,conventional_steam_coal
36,63,0.0,conventional_steam_coal
85,63,0.0,conventional_steam_coal
28,63,74.364,geothermal
116,63,0.0,natural_gas_fired_combined_cycle
73,63,0.0,natural_gas_fired_combined_cycle
71,63,0.0,natural_gas_fired_combined_cycle
44,63,0.0,natural_gas_fired_combined_cycle
115,63,0.0,natural_gas_fired_combined_cycle
70,63,0.0,natural_gas_fired_combined_cycle
131,63,0.0,natural_gas_fired_combined_cycle
18,63,0.0,natural_gas_fired_combined_cycle
72,63,0.0,natural_gas_fired_combined_cycle
114,63,0.0,natural_gas_fired_combined_cycle
45,63,0.0,natural_gas_fired_combined_cycle
78,63,0.0,natural_gas_fired_combustion_turbine
75,63,0.0,natural_gas_fired_combustion_turbine
119,63,0.0,natural_gas_fired_combustion_turbine
117,63,0.0,natural_gas_fired_combustion_turbine
134,63,0.0,natural_gas_fired_combustion_turbine
103,63,0.0,natural_gas_fired_combustion_turbine
47,63,0.0,natural_gas_fired_combustion_turbine
8,63,0.0,natural_gas_fired_combustion_turbine
90,63,0.0,natural_gas_fired_combustion_turbine
60,63,0.0,natural_gas_fired_combustion_turbine
46,63,0.0,natural_gas_fired_combustion_turbine
37,63,0.0,natural_gas_fired_combustion_turbine
7,63,0.0,natural_gas_fired_combustion_turbine
133,63,0.0,natural_gas_fired_combustion_turbine
74,63,0.0,natural_gas_fired_combustion_turbine
20,63,0.0,natural_gas_fired_combustion_turbine
135,63,0.0,natural_gas_fired_combustion_turbine
142,63,0.0,natural_gas_fired_combustion_turbine
121,63,0.0,natural_gas_fired_combustion_turbine
91,63,0.0,natural_gas_fired_combustion_turbine
22,63,0.0,natural_gas_steam_turbine
123,63,0.0,natural_gas_steam_turbine
62,63,0.0,natural_gas_steam_turbine
49,63,0.0,natural_gas_steam_turbine
48,63,0.0,natural_gas_steam_turbine
21,63,0.0,natural_gas_steam_turbine
79,63,0.0,nuclear
10,63,0.0,onshore_wind_turbine
23,63,0.0,onshore_wind_turbine
31,63,0.0,onshore_wind_turbine
38,63,0.0,onshore_wind_turbine
50,63,3313.45686,onshore_wind_turbine
63,63,341.980239944,onshore_wind_turbine
80,63,187.72263999999998,onshore_wind_turbine
94,63,0.0,onshore_wind_turbine
105,63,421.012479384,onshore_wind_turbine
124,63,14322.269222399604,onshore_wind_turbine
136,63,398.44749,onshore_wind_turbine
144,63,0.0,onshore_wind_turbine
11,63,19.125,small_hydroelectric
24,63,0.0,small_hydroelectric
32,63,0.0,small_hydroelectric
39,63,0.0,small_hydroelectric
51,63,0.0,small_hydroelectric
64,63,0.0,small_hydroelectric
81,63,0.0,small_hydroelectric
95,63,0.0,small_hydroelectric
106,63,0.0,small_hydroelectric
125,63,100.697,small_hydroelectric
137,63,36.822,small_hydroelectric
145,63,0.0,small_hydroelectric
12,63,1501.2393225317792,solar_photovoltaic
25,63,1790.2050599999998,solar_photovoltaic
33,63,0.0,solar_photovoltaic
52,63,0.0,solar_photovoltaic
65,63,16715.3512986957,solar_photovoltaic
82,63,13270.497940000001,solar_photovoltaic
96,63,0.0,solar_photovoltaic
107,63,0.0,solar_photovoltaic
126,63,29462.4869888125,solar_photovoltaic
138,63,0.0,solar_photovoltaic
26,64,0.0,biomass
13,64,0.0,biomass
108,64,0.0,biomass
40,64,0.0,biomass
97,64,0.0,biomass
1,64,0.0,biomass
66,64,0.0,biomass
2,64,255.5319899999999,conventional_hydroelectric
14,64,134.1121804,conventional_hydroelectric
27,64,245.530008,conventional_hydroelectric
35,64,364.1524127999995,conventional_hydroelectric
54,64,203.9304761999994,conventional_hydroelectric
67,64,1202.3791873343637,conventional_hydroelectric
84,64,6013.966446000002,conventional_hydroelectric
109,64,60.60917324280001,conventional_hydroelectric
128,64,16.925699999999985,conventional_hydroelectric
139,64,7.871884799999986,conventional_hydroelectric
110,64,0.0,conventional_steam_coal
41,64,0.0,conventional_steam_coal
3,64,0.0,conventional_steam_coal
36,64,0.0,conventional_steam_coal
85,64,0.0,conventional_steam_coal
28,64,0.0,geothermal
116,64,0.0,natural_gas_fired_combined_cycle
73,64,0.0,natural_gas_fired_combined_cycle
71,64,0.0,natural_gas_fired_combined_cycle
44,64,0.0,natural_gas_fired_combined_cycle
115,64,0.0,natural_gas_fired_combined_cycle
70,64,0.0,natural_gas_fired_combined_cycle
131,64,0.0,natural_gas_fired_combined_cycle
18,64,0.0,natural_gas_fired_combined_cycle
72,64,0.0,natural_gas_fired_combined_cycle
114,64,0.0,natural_gas_fired_combined_cycle
45,64,0.0,natural_gas_fired_combined_cycle
78,64,0.0,natural_gas_fired_combustion_turbine
75,64,0.0,natural_gas_fired_combustion_turbine
119,64,0.0,natural_gas_fired_combustion_turbine
117,64,0.0,natural_gas_fired_combustion_turbine
134,64,0.0,natural_gas_fired_combustion_turbine
103,64,0.0,natural_gas_fired_combustion_turbine
47,64,0.0,natural_gas_fired_combustion_turbine
8,64,0.0,natural_gas_fired_combustion_turbine
90,64,0.0,natural_gas_fired_combustion_turbine
60,64,0.0,natural_gas_fired_combustion_turbine
46,64,0.0,natural_gas_fired_combustion_turbine
37,64,0.0,natural_gas_fired_combustion_turbine
7,64,0.0,natural_gas_fired_combustion_turbine
133,64,0.0,natural_gas_fired_combustion_turbine
74,64,0.0,natural_gas_fired_combustion_turbine
20,64,0.0,natural_gas_fired_combustion_turbine
135,64,0.0,natural_gas_fired_combustion_turbine
142,64,0.0,natural_gas_fired_combustion_turbine
121,64,0.0,natural_gas_fired_combustion_turbine
91,64,0.0,natural_gas_fired_combustion_turbine
22,64,0.0,natural_gas_steam_turbine
123,64,0.0,natural_gas_steam_turbine
62,64,0.0,natural_gas_steam_turbine
49,64,0.0,natural_gas_steam_turbine
48,64,0.0,natural_gas_steam_turbine
21,64,0.0,natural_gas_steam_turbine
79,64,0.0,nuclear
10,64,0.0,onshore_wind_turbine
23,64,4721.8556,onshore_wind_turbine
31,64,0.0,onshore_wind_turbine
38,64,0.0,onshore_wind_turbine
50,64,0.0,onshore_wind_turbine
63,64,0.0,onshore_wind_turbine
80,64,0.0,onshore_wind_turbine
94,64,2526.6486,onshore_wind_turbine
105,64,0.0,onshore_wind_turbine
124,64,0.0,onshore_wind_turbine
136,64,267.13071,onshore_wind_turbine
144,64,687.76722,onshore_wind_turbine
11,64,19.125,small_hydroelectric
24,64,62.577,small_hydroelectric
32,64,192.0,small_hydroelectric
39,64,0.0,small_hydroelectric
51,64,0.0,small_hydroelectric
64,64,6.128,small_hydroelectric
81,64,0.0,small_hydroelectric
95,64,418.922,small_hydroelectric
106,64,31.614,small_hydroelectric
125,64,0.0,small_hydroelectric
137,64,0.0,small_hydroelectric
145,64,33.21,small_hydroelectric
12,64,5532.60582,solar_photovoltaic
25,64,1432.9860999999999,solar_photovoltaic
33,64,1168.6199,solar_photovoltaic
52,64,2258.08506,solar_photovoltaic
65,64,13582.0579289619,solar_photovoltaic
82,64,11657.045750000001,solar_photovoltaic
96,64,935.79717,solar_photovoltaic
107,64,8862.407746171,solar_photovoltaic
126,64,24701.890906089935,solar_photovoltaic
138,64,0.0,solar_photovoltaic
26,65,0.0,biomass
13,65,0.0,biomass
108,65,0.0,biomass
40,65,0.0,biomass
97,65,0.0,biomass
1,65,0.0,biomass
66,65,0.0,biomass
2,65,484.82015399999995,conventional_hydroelectric
14,65,173.1557124,conventional_hydroelectric
27,65,362.65064400000006,conventional_hydroelectric
35,65,571.4545408,conventional_hydroelectric
54,65,290.20075920000016,conventional_hydroelectric
67,65,1806.1217683343639,conventional_hydroelectric
84,65,8425.36362,conventional_hydroelectric
109,65,175.685926338,conventional_hydroelectric
128,65,29.525100000000002,conventional_hydroelectric
139,65,27.2022528,conventional_hydroelectric
110,65,0.0,conventional_steam_coal
41,65,0.0,conventional_steam_coal
3,65,0.0,conventional_steam_coal
36,65,0.0,conventional_steam_coal
85,65,0.0,conventional_steam_coal
28,65,0.0,geothermal
116,65,0.0,natural_gas_fired_combined_cycle
73,65,0.0,natural_gas_fired_combined_cycle
71,65,0.0,natural_gas_fired_combined_cycle
44,65,0.0,natural_gas_fired_combined_cycle
115,65,0.0,natural_gas_fired_combined_cycle
70,65,0.0,natural_gas_fired_combined_cycle
131,65,0.0,natural_gas_fired_combined_cycle
18,65,0.0,natural_gas_fired_combined_cycle
72,65,0.0,natural_gas_fired_combined_cycle
114,65,0.0,natural_gas_fired_combined_cycle
45,65,0.0,natural_gas_fired_combined_cycle
78,65,0.0,natural_gas_fired_combustion_turbine
75,65,0.0,natural_gas_fired_combustion_turbine
119,65,0.0,natural_gas_fired_combustion_turbine
117,65,0.0,natural_gas_fired_combustion_turbine
134,65,0.0,natural_gas_fired_combustion_turbine
103,65,0.0,natural_gas_fired_combustion_turbine
47,65,0.0,natural_gas_fired_combustion_turbine
8,65,0.0,natural_gas_fired_combustion_turbine
90,65,0.0,natural_gas_fired_combustion_turbine
60,65,0.0,natural_gas_fired_combustion_turbine
46,65,0.0,natural_gas_fired_combustion_turbine
37,65,0.0,natural_gas_fired_combustion_turbine
7,65,0.0,natural_gas_fired_combustion_turbine
133,65,0.0,natural_gas_fired_combustion_turbine
74,65,0.0,natural_gas_fired_combustion_turbine
20,65,0.0,natural_gas_fired_combustion_turbine
135,65,0.0,natural_gas_fired_combustion_turbine
142,65,0.0,natural_gas_fired_combustion_turbine
121,65,0.0,natural_gas_fired_combustion_turbine
91,65,0.0,natural_gas_fired_combustion_turbine
22,65,0.0,natural_gas_steam_turbine
123,65,0.0,natural_gas_steam_turbine
62,65,0.0,natural_gas_steam_turbine
49,65,0.0,natural_gas_steam_turbine
48,65,0.0,natural_gas_steam_turbine
21,65,0.0,natural_gas_steam_turbine
79,65,1851.4997500000104,nuclear
10,65,415.33366,onshore_wind_turbine
23,65,2806.2804,onshore_wind_turbine
31,65,318.22588,onshore_wind_turbine
38,65,1700.7417,onshore_wind_turbine
50,65,3648.1220999999996,onshore_wind_turbine
63,65,141.099840196,onshore_wind_turbine
80,65,344.77772,onshore_wind_turbine
94,65,4659.7726,onshore_wind_turbine
105,65,924.5304604199999,onshore_wind_turbine
124,65,22924.392763549204,onshore_wind_turbine
136,65,386.7549,onshore_wind_turbine
144,65,333.06966,onshore_wind_turbine
11,65,0.0,small_hydroelectric
24,65,0.0,small_hydroelectric
32,65,192.0,small_hydroelectric
39,65,52.9,small_hydroelectric
51,65,25.641,small_hydroelectric
64,65,6.128,small_hydroelectric
81,65,0.0,small_hydroelectric
95,65,418.922,small_hydroelectric
106,65,31.614,small_hydroelectric
125,65,100.697,small_hydroelectric
137,65,36.822,small_hydroelectric
145,65,0.0,small_hydroelectric
12,65,0.0,solar_photovoltaic
25,65,521.2556999999999,solar_photovoltaic
33,65,806.83715,solar_photovoltaic
52,65,647.63566,solar_photovoltaic
65,65,8636.8522772805,solar_photovoltaic
82,65,8525.738899999997,solar_photovoltaic
96,65,691.45258,solar_photovoltaic
107,65,3883.9268263425,solar_photovoltaic
126,65,17920.7207387355,solar_photovoltaic
138,65,1291.7496899999999,solar_photovoltaic
26,66,11.235,biomass
13,66,15.682,biomass
108,66,137.081,biomass
40,66,5.952,biomass
97,66,178.173,biomass
1,66,16.294,biomass
66,66,228.795,biomass
2,66,484.5439032,conventional_hydroelectric
14,66,173.2497932,conventional_hydroelectric
27,66,362.2273164,conventional_hydroelectric
35,66,571.2047792,conventional_hydroelectric
54,66,376.47104220000006,conventional_hydroelectric
67,66,1805.4992951853387,conventional_hydroelectric
84,66,8422.4583222,conventional_hydroelectric
109,66,175.3214385546,conventional_hydroelectric
128,66,29.50992,conventional_hydroelectric
139,66,27.039225599999998,conventional_hydroelectric
110,66,28.499999999999996,conventional_steam_coal
41,66,7219.001999999975,conventional_steam_coal
3,66,0.0,conventional_steam_coal
36,66,0.0,conventional_steam_coal
85,66,0.0,conventional_steam_coal
28,66,74.364,geothermal
116,66,0.0,natural_gas_fired_combined_cycle
73,66,0.0,natural_gas_fired_combined_cycle
71,66,0.0,natural_gas_fired_combined_cycle
44,66,0.0,natural_gas_fired_combined_cycle
115,66,0.0,natural_gas_fired_combined_cycle
70,66,0.0,natural_gas_fired_combined_cycle
131,66,0.0,natural_gas_fired_combined_cycle
18,66,0.0,natural_gas_fired_combined_cycle
72,66,0.0,natural_gas_fired_combined_cycle
114,66,0.0,natural_gas_fired_combined_cycle
45,66,0.0,natural_gas_fired_combined_cycle
78,66,0.0,natural_gas_fired_combustion_turbine
75,66,0.0,natural_gas_fired_combustion_turbine
119,66,0.0,natural_gas_fired_combustion_turbine
117,66,0.0,natural_gas_fired_combustion_turbine
134,66,0.0,natural_gas_fired_combustion_turbine
103,66,0.0,natural_gas_fired_combustion_turbine
47,66,0.0,natural_gas_fired_combustion_turbine
8,66,0.0,natural_gas_fired_combustion_turbine
90,66,0.0,natural_gas_fired_combustion_turbine
60,66,0.0,natural_gas_fired_combustion_turbine
46,66,0.0,natural_gas_fired_combustion_turbine
37,66,0.0,natural_gas_fired_combustion_turbine
7,66,0.0,natural_gas_fired_combustion_turbine
133,66,0.0,natural_gas_fired_combustion_turbine
74,66,0.0,natural_gas_fired_combustion_turbine
20,66,0.0,natural_gas_fired_combustion_turbine
135,66,0.0,natural_gas_fired_combustion_turbine
142,66,0.0,natural_gas_fired_combustion_turbine
121,66,0.0,natural_gas_fired_combustion_turbine
91,66,0.0,natural_gas_fired_combustion_turbine
22,66,0.0,natural_gas_steam_turbine
123,66,0.0,natural_gas_steam_turbine
62,66,0.0,natural_gas_steam_turbine
49,66,0.0,natural_gas_steam_turbine
48,66,0.0,natural_gas_steam_turbine
21,66,0.0,natural_gas_steam_turbine
79,66,3702.9995000000067,nuclear
10,66,750.3382600000001,onshore_wind_turbine
23,66,1295.063,onshore_wind_turbine
31,66,503.46184,onshore_wind_turbine
38,66,1340.598,onshore_wind_turbine
50,66,3287.03592,onshore_wind_turbine
63,66,86.3422001008,onshore_wind_turbine
80,66,1262.9458799999998,onshore_wind_turbine
94,66,5983.7806,onshore_wind_turbine
105,66,779.271218544,onshore_wind_turbine
124,66,21885.987690366805,onshore_wind_turbine
136,66,851.7602100000001,onshore_wind_turbine
144,66,337.39523999999994,onshore_wind_turbine
11,66,19.125,small_hydroelectric
24,66,62.577,small_hydroelectric
32,66,192.0,small_hydroelectric
39,66,52.9,small_hydroelectric
51,66,25.641,small_hydroelectric
64,66,6.128,small_hydroelectric
81,66,241.672,small_hydroelectric
95,66,418.922,small_hydroelectric
106,66,31.614,small_hydroelectric
125,66,100.697,small_hydroelectric
137,66,36.822,small_hydroelectric
145,66,33.21,small_hydroelectric
12,66,0.0,solar_photovoltaic
25,66,0.0,solar_photovoltaic
33,66,236.6112,solar_photovoltaic
52,66,0.0,solar_photovoltaic
65,66,1793.5636564216,solar_photovoltaic
82,66,3556.61831,solar_photovoltaic
96,66,324.42143999999996,solar_photovoltaic
107,66,35.306187245,solar_photovoltaic
126,66,7209.200245226,solar_photovoltaic
138,66,0.0,solar_photovoltaic
26,67,11.235,biomass
13,67,15.682,biomass
108,67,137.081,biomass
40,67,5.952,biomass
97,67,178.173,biomass
1,67,16.294,biomass
66,67,228.795,biomass
2,67,484.2676524,conventional_hydroelectric
14,67,173.2968336,conventional_hydroelectric
27,67,361.6628796,conventional_hydroelectric
35,67,571.2047792,conventional_hydroelectric
54,67,375.63952140000004,conventional_hydroelectric
67,67,1804.149421336314,conventional_hydroelectric
84,67,8419.5530244,conventional_hydroelectric
109,67,174.8962021092,conventional_hydroelectric
128,67,29.479560000000003,conventional_hydroelectric
139,67,26.852908799999998,conventional_hydroelectric
110,67,50.0,conventional_steam_coal
41,67,7219.002,conventional_steam_coal
3,67,0.0,conventional_steam_coal
36,67,0.0,conventional_steam_coal
85,67,0.0,conventional_steam_coal
28,67,74.364,geothermal
116,67,0.0,natural_gas_fired_combined_cycle
73,67,0.0,natural_gas_fired_combined_cycle
71,67,0.0,natural_gas_fired_combined_cycle
44,67,0.0,natural_gas_fired_combined_cycle
115,67,0.0,natural_gas_fired_combined_cycle
70,67,0.0,natural_gas_fired_combined_cycle
131,67,0.0,natural_gas_fired_combined_cycle
18,67,0.0,natural_gas_fired_combined_cycle
72,67,0.0,natural_gas_fired_combined_cycle
114,67,0.0,natural_gas_fired_combined_cycle
45,67,0.0,natural_gas_fired_combined_cycle
78,67,0.0,natural_gas_fired_combustion_turbine
75,67,0.0,natural_gas_fired_combustion_turbine
119,67,0.0,natural_gas_fired_combustion_turbine
117,67,0.0,natural_gas_fired_combustion_turbine
134,67,0.0,natural_gas_fired_combustion_turbine
103,67,0.0,natural_gas_fired_combustion_turbine
47,67,0.0,natural_gas_fired_combustion_turbine
8,67,0.0,natural_gas_fired_combustion_turbine
90,67,0.0,natural_gas_fired_combustion_turbine
60,67,0.0,natural_gas_fired_combustion_turbine
46,67,0.0,natural_gas_fired_combustion_turbine
37,67,0.0,natural_gas_fired_combustion_turbine
7,67,0.0,natural_gas_fired_combustion_turbine
133,67,0.0,natural_gas_fired_combustion_turbine
74,67,0.0,natural_gas_fired_combustion_turbine
20,67,0.0,natural_gas_fired_combustion_turbine
135,67,0.0,natural_gas_fired_combustion_turbine
142,67,0.0,natural_gas_fired_combustion_turbine
121,67,0.0,natural_gas_fired_combustion_turbine
91,67,0.0,natural_gas_fired_combustion_turbine
22,67,0.0,natural_gas_steam_turbine
123,67,0.0,natural_gas_steam_turbine
62,67,0.0,natural_gas_steam_turbine
49,67,0.0,natural_gas_steam_turbine
48,67,0.0,natural_gas_steam_turbine
21,67,0.0,natural_gas_steam_turbine
79,67,5554.499250000003,nuclear
10,67,567.70672,onshore_wind_turbine
23,67,804.9888000000001,onshore_wind_turbine
31,67,904.8064200000001,onshore_wind_turbine
38,67,1465.00095,onshore_wind_turbine
50,67,3685.3824,onshore_wind_turbine
63,67,66.8861201232,onshore_wind_turbine
80,67,2384.6351199999995,onshore_wind_turbine
94,67,6965.7532,onshore_wind_turbine
105,67,1700.04730161,onshore_wind_turbine
124,67,24144.419876253603,onshore_wind_turbine
136,67,507.27852000000007,onshore_wind_turbine
144,67,689.9300099999999,onshore_wind_turbine
11,67,19.125,small_hydroelectric
24,67,62.577,small_hydroelectric
32,67,192.0,small_hydroelectric
39,67,52.9,small_hydroelectric
51,67,25.641,small_hydroelectric
64,67,6.128,small_hydroelectric
81,67,241.672,small_hydroelectric
95,67,418.922,small_hydroelectric
106,67,31.614,small_hydroelectric
125,67,100.697,small_hydroelectric
137,67,36.822,small_hydroelectric
145,67,33.21,small_hydroelectric
12,67,0.0,solar_photovoltaic
25,67,0.0,solar_photovoltaic
33,67,0.0,solar_photovoltaic
52,67,0.0,solar_photovoltaic
65,67,0.0,solar_photovoltaic
82,67,0.0,solar_photovoltaic
96,67,0.0,solar_photovoltaic
107,67,0.0,solar_photovoltaic
126,67,0.0,solar_photovoltaic
138,67,0.0,solar_photovoltaic
26,68,11.235,biomass
13,68,15.682,biomass
108,68,137.081,biomass
40,68,5.952,biomass
97,68,178.173,biomass
1,68,16.294,biomass
66,68,228.795,biomass
2,68,483.99140159999996,conventional_hydroelectric
14,68,173.343874,conventional_hydroelectric
27,68,361.23955200000006,conventional_hydroelectric
35,68,570.9550176,conventional_hydroelectric
54,68,374.8080006,conventional_hydroelectric
67,68,1802.799547487289,conventional_hydroelectric
84,68,8413.7424288,conventional_hydroelectric
109,68,174.4528429878,conventional_hydroelectric
128,68,29.449200000000005,conventional_hydroelectric
139,68,26.689881599999996,conventional_hydroelectric
110,68,50.0,conventional_steam_coal
41,68,7219.002,conventional_steam_coal
3,68,0.0,conventional_steam_coal
36,68,0.0,conventional_steam_coal
85,68,0.0,conventional_steam_coal
28,68,74.364,geothermal
116,68,0.0,natural_gas_fired_combined_cycle
73,68,0.0,natural_gas_fired_combined_cycle
71,68,0.0,natural_gas_fired_combined_cycle
44,68,0.0,natural_gas_fired_combined_cycle
115,68,0.0,natural_gas_fired_combined_cycle
70,68,0.0,natural_gas_fired_combined_cycle
131,68,0.0,natural_gas_fired_combined_cycle
18,68,0.0,natural_gas_fired_combined_cycle
72,68,0.0,natural_gas_fired_combined_cycle
114,68,0.0,natural_gas_fired_combined_cycle
45,68,0.0,natural_gas_fired_combined_cycle
78,68,0.0,natural_gas_fired_combustion_turbine
75,68,0.0,natural_gas_fired_combustion_turbine
119,68,0.0,natural_gas_fired_combustion_turbine
117,68,0.0,natural_gas_fired_combustion_turbine
134,68,0.0,natural_gas_fired_combustion_turbine
103,68,0.0,natural_gas_fired_combustion_turbine
47,68,0.0,natural_gas_fired_combustion_turbine
8,68,0.0,natural_gas_fired_combustion_turbine
90,68,0.0,natural_gas_fired_combustion_turbine
60,68,0.0,natural_gas_fired_combustion_turbine
46,68,0.0,natural_gas_fired_combustion_turbine
37,68,0.0,natural_gas_fired_combustion_turbine
7,68,0.0,natural_gas_fired_combustion_turbine
133,68,0.0,natural_gas_fired_combustion_turbine
74,68,0.0,natural_gas_fired_combustion_turbine
20,68,0.0,natural_gas_fired_combustion_turbine
135,68,0.0,natural_gas_fired_combustion_turbine
142,68,0.0,natural_gas_fired_combustion_turbine
121,68,0.0,natural_gas_fired_combustion_turbine
91,68,0.0,natural_gas_fired_combustion_turbine
22,68,0.0,natural_gas_steam_turbine
123,68,0.0,natural_gas_steam_turbine
62,68,0.0,natural_gas_steam_turbine
49,68,0.0,natural_gas_steam_turbine
48,68,0.0,natural_gas_steam_turbine
21,68,0.0,natural_gas_steam_turbine
79,68,7405.999,nuclear
10,68,519.7974600000001,onshore_wind_turbine
23,68,737.9064000000001,onshore_wind_turbine
31,68,1695.6214800000002,onshore_wind_turbine
38,68,1857.5235,onshore_wind_turbine
50,68,3314.81178,onshore_wind_turbine
63,68,72.683520336,onshore_wind_turbine
80,68,2051.9385599999996,onshore_wind_turbine
94,68,9341.612000000001,onshore_wind_turbine
105,68,1890.553141134,onshore_wind_turbine
124,68,24730.452051613003,onshore_wind_turbine
136,68,581.0317800000001,onshore_wind_turbine
144,68,1059.7671,onshore_wind_turbine
11,68,19.125,small_hydroelectric
24,68,62.577,small_hydroelectric
32,68,192.0,small_hydroelectric
39,68,52.9,small_hydroelectric
51,68,25.641,small_hydroelectric
64,68,6.128,small_hydroelectric
81,68,241.672,small_hydroelectric
95,68,418.922,small_hydroelectric
106,68,31.614,small_hydroelectric
125,68,100.697,small_hydroelectric
137,68,36.822,small_hydroelectric
145,68,33.21,small_hydroelectric
12,68,0.0,solar_photovoltaic
25,68,0.0,solar_photovoltaic
33,68,0.0,solar_photovoltaic
52,68,0.0,solar_photovoltaic
65,68,0.0,solar_photovoltaic
82,68,0.0,solar_photovoltaic
96,68,0.0,solar_photovoltaic
107,68,0.0,solar_photovoltaic
126,68,0.0,solar_photovoltaic
138,68,0.0,solar_photovoltaic
26,69,11.235,biomass
13,69,15.682,biomass
108,69,137.081,biomass
40,69,5.952,biomass
97,69,178.173,biomass
1,69,16.294,biomass
66,69,228.795,biomass
2,69,483.7151508,conventional_hydroelectric
14,69,173.39091439999999,conventional_hydroelectric
27,69,360.6751152,conventional_hydroelectric
35,69,570.9550176,conventional_hydroelectric
54,69,373.97647980000005,conventional_hydroelectric
67,69,1801.449673638264,conventional_hydroelectric
84,69,8410.837130999998,conventional_hydroelectric
109,69,174.0883552044,conventional_hydroelectric
128,69,29.43402,conventional_hydroelectric
139,69,26.526854399999998,conventional_hydroelectric
110,69,50.0,conventional_steam_coal
41,69,0.0,conventional_steam_coal
3,69,0.0,conventional_steam_coal
36,69,0.0,conventional_steam_coal
85,69,0.0,conventional_steam_coal
28,69,74.364,geothermal
116,69,0.0,natural_gas_fired_combined_cycle
73,69,0.0,natural_gas_fired_combined_cycle
71,69,0.0,natural_gas_fired_combined_cycle
44,69,0.0,natural_gas_fired_combined_cycle
115,69,0.0,natural_gas_fired_combined_cycle
70,69,0.0,natural_gas_fired_combined_cycle
131,69,0.0,natural_gas_fired_combined_cycle
18,69,0.0,natural_gas_fired_combined_cycle
72,69,0.0,natural_gas_fired_combined_cycle
114,69,0.0,natural_gas_fired_combined_cycle
45,69,0.0,natural_gas_fired_combined_cycle
78,69,0.0,natural_gas_fired_combustion_turbine
75,69,0.0,natural_gas_fired_combustion_turbine
119,69,0.0,natural_gas_fired_combustion_turbine
117,69,0.0,natural_gas_fired_combustion_turbine
134,69,0.0,natural_gas_fired_combustion_turbine
103,69,0.0,natural_gas_fired_combustion_turbine
47,69,0.0,natural_gas_fired_combustion_turbine
8,69,0.0,natural_gas_fired_combustion_turbine
90,69,0.0,natural_gas_fired_combustion_turbine
60,69,0.0,natural_gas_fired_combustion_turbine
46,69,0.0,natural_gas_fired_combustion_turbine
37,69,0.0,natural_gas_fired_combustion_turbine
7,69,0.0,natural_gas_fired_combustion_turbine
133,69,0.0,natural_gas_fired_combustion_turbine
74,69,0.0,natural_gas_fired_combustion_turbine
20,69,0.0,natural_gas_fired_combustion_turbine
135,69,0.0,natural_gas_fired_combustion_turbine
142,69,0.0,natural_gas_fired_combustion_turbine
121,69,0.0,natural_gas_fired_combustion_turbine
91,69,0.0,natural_gas_fired_combustion_turbine
22,69,0.0,natural_gas_steam_turbine
123,69,0.0,natural_gas_steam_turbine
62,69,0.0,natural_gas_steam_turbine
49,69,0.0,natural_gas_steam_turbine
48,69,0.0,natural_gas_steam_turbine
21,69,0.0,natural_gas_steam_turbine
79,69,7405.999,nuclear
10,69,527.7223,onshore_wind_turbine
23,69,378.2702,onshore_wind_turbine
31,69,1312.08805,onshore_wind_turbine
38,69,2505.1005,onshore_wind_turbine
50,69,3772.7747399999994,onshore_wind_turbine
63,69,13.398839725599998,onshore_wind_turbine
80,69,2214.56956,onshore_wind_turbine
94,69,7476.9674,onshore_wind_turbine
105,69,2245.6312214490003,onshore_wind_turbine
124,69,24759.041728575005,onshore_wind_turbine
136,69,799.5932700000002,onshore_wind_turbine
144,69,901.88343,onshore_wind_turbine
11,69,19.125,small_hydroelectric
24,69,62.577,small_hydroelectric
32,69,192.0,small_hydroelectric
39,69,52.9,small_hydroelectric
51,69,25.641,small_hydroelectric
64,69,6.128,small_hydroelectric
81,69,241.672,small_hydroelectric
95,69,418.922,small_hydroelectric
106,69,31.614,small_hydroelectric
125,69,100.697,small_hydroelectric
137,69,36.822,small_hydroelectric
145,69,33.21,small_hydroelectric
12,69,0.0,solar_photovoltaic
25,69,0.0,solar_photovoltaic
33,69,0.0,solar_photovoltaic
52,69,0.0,solar_photovoltaic
65,69,0.0,solar_photovoltaic
82,69,0.0,solar_photovoltaic
96,69,0.0,solar_photovoltaic
107,69,0.0,solar_photovoltaic
126,69,0.0,solar_photovoltaic
138,69,0.0,solar_photovoltaic
26,70,11.235,biomass
13,70,15.682,biomass
108,70,137.081,biomass
40,70,5.952,biomass
97,70,178.173,biomass
1,70,16.294,biomass
66,70,228.795,biomass
2,70,483.43889999999993,conventional_hydroelectric
14,70,173.4379548,conventional_hydroelectric
27,70,360.25178760000006,conventional_hydroelectric
35,70,570.705256,conventional_hydroelectric
54,70,373.14495900000003,conventional_hydroelectric
67,70,1800.827193215232,conventional_hydroelectric
84,70,8407.9318332,conventional_hydroelectric
109,70,173.7238660248,conventional_hydroelectric
128,70,29.403660000000002,conventional_hydroelectric
139,70,26.3405376,conventional_hydroelectric
110,70,50.0,conventional_steam_coal
41,70,0.0,conventional_steam_coal
3,70,0.0,conventional_steam_coal
36,70,0.0,conventional_steam_coal
85,70,0.0,conventional_steam_coal
28,70,74.364,geothermal
116,70,0.0,natural_gas_fired_combined_cycle
73,70,0.0,natural_gas_fired_combined_cycle
71,70,0.0,natural_gas_fired_combined_cycle
44,70,0.0,natural_gas_fired_combined_cycle
115,70,0.0,natural_gas_fired_combined_cycle
70,70,0.0,natural_gas_fired_combined_cycle
131,70,0.0,natural_gas_fired_combined_cycle
18,70,0.0,natural_gas_fired_combined_cycle
72,70,0.0,natural_gas_fired_combined_cycle
114,70,0.0,natural_gas_fired_combined_cycle
45,70,0.0,natural_gas_fired_combined_cycle
78,70,0.0,natural_gas_fired_combustion_turbine
75,70,0.0,natural_gas_fired_combustion_turbine
119,70,0.0,natural_gas_fired_combustion_turbine
117,70,0.0,natural_gas_fired_combustion_turbine
134,70,0.0,natural_gas_fired_combustion_turbine
103,70,0.0,natural_gas_fired_combustion_turbine
47,70,0.0,natural_gas_fired_combustion_turbine
8,70,0.0,natural_gas_fired_combustion_turbine
90,70,0.0,natural_gas_fired_combustion_turbine
60,70,0.0,natural_gas_fired_combustion_turbine
46,70,0.0,natural_gas_fired_combustion_turbine
37,70,0.0,natural_gas_fired_combustion_turbine
7,70,0.0,natural_gas_fired_combustion_turbine
133,70,0.0,natural_gas_fired_combustion_turbine
74,70,0.0,natural_gas_fired_combustion_turbine
20,70,0.0,natural_gas_fired_combustion_turbine
135,70,0.0,natural_gas_fired_combustion_turbine
142,70,0.0,natural_gas_fired_combustion_turbine
121,70,0.0,natural_gas_fired_combustion_turbine
91,70,0.0,natural_gas_fired_combustion_turbine
22,70,0.0,natural_gas_steam_turbine
123,70,0.0,natural_gas_steam_turbine
62,70,0.0,natural_gas_steam_turbine
49,70,0.0,natural_gas_steam_turbine
48,70,0.0,natural_gas_steam_turbine
21,70,0.0,natural_gas_steam_turbine
79,70,7405.999,nuclear
10,70,500.8859100000001,onshore_wind_turbine
23,70,119.25760000000001,onshore_wind_turbine
31,70,928.5546200000001,onshore_wind_turbine
38,70,2686.8765,onshore_wind_turbine
50,70,3291.77814,onshore_wind_turbine
63,70,4.5289997479999995,onshore_wind_turbine
80,70,2354.89688,onshore_wind_turbine
94,70,10283.1288,onshore_wind_turbine
105,70,2293.611601029,onshore_wind_turbine
124,70,24697.037247113003,onshore_wind_turbine
136,70,2128.0513800000003,onshore_wind_turbine
144,70,1511.79021,onshore_wind_turbine
11,70,19.125,small_hydroelectric
24,70,62.577,small_hydroelectric
32,70,192.0,small_hydroelectric
39,70,52.9,small_hydroelectric
51,70,25.641,small_hydroelectric
64,70,6.128,small_hydroelectric
81,70,241.672,small_hydroelectric
95,70,418.922,small_hydroelectric
106,70,31.614,small_hydroelectric
125,70,100.697,small_hydroelectric
137,70,36.822,small_hydroelectric
145,70,33.21,small_hydroelectric
12,70,0.0,solar_photovoltaic
25,70,0.0,solar_photovoltaic
33,70,0.0,solar_photovoltaic
52,70,0.0,solar_photovoltaic
65,70,0.0,solar_photovoltaic
82,70,0.0,solar_photovoltaic
96,70,0.0,solar_photovoltaic
107,70,0.0,solar_photovoltaic
126,70,0.0,solar_photovoltaic
138,70,0.0,solar_photovoltaic
26,71,11.235,biomass
13,71,15.682,biomass
108,71,137.081,biomass
40,71,5.952,biomass
97,71,178.173,biomass
1,71,16.294,biomass
66,71,228.795,biomass
2,71,482.8863984,conventional_hydroelectric
14,71,173.48499520000001,conventional_hydroelectric
27,71,359.82846,conventional_hydroelectric
35,71,570.705256,conventional_hydroelectric
54,71,372.2094981,conventional_hydroelectric
67,71,1799.477319366207,conventional_hydroelectric
84,71,8402.1212376,conventional_hydroelectric
109,71,173.29863097560002,conventional_hydroelectric
128,71,29.373300000000004,conventional_hydroelectric
139,71,26.1775104,conventional_hydroelectric
110,71,50.0,conventional_steam_coal
41,71,0.0,conventional_steam_coal
3,71,0.0,conventional_steam_coal
36,71,0.0,conventional_steam_coal
85,71,0.0,conventional_steam_coal
28,71,74.364,geothermal
116,71,0.0,natural_gas_fired_combined_cycle
73,71,0.0,natural_gas_fired_combined_cycle
71,71,0.0,natural_gas_fired_combined_cycle
44,71,0.0,natural_gas_fired_combined_cycle
115,71,0.0,natural_gas_fired_combined_cycle
70,71,0.0,natural_gas_fired_combined_cycle
131,71,0.0,natural_gas_fired_combined_cycle
18,71,0.0,natural_gas_fired_combined_cycle
72,71,0.0,natural_gas_fired_combined_cycle
114,71,0.0,natural_gas_fired_combined_cycle
45,71,0.0,natural_gas_fired_combined_cycle
78,71,0.0,natural_gas_fired_combustion_turbine
75,71,0.0,natural_gas_fired_combustion_turbine
119,71,0.0,natural_gas_fired_combustion_turbine
117,71,0.0,natural_gas_fired_combustion_turbine
134,71,0.0,natural_gas_fired_combustion_turbine
103,71,0.0,natural_gas_fired_combustion_turbine
47,71,0.0,natural_gas_fired_combustion_turbine
8,71,0.0,natural_gas_fired_combustion_turbine
90,71,0.0,natural_gas_fired_combustion_turbine
60,71,0.0,natural_gas_fired_combustion_turbine
46,71,0.0,natural_gas_fired_combustion_turbine
37,71,0.0,natural_gas_fired_combustion_turbine
7,71,0.0,natural_gas_fired_combustion_turbine
133,71,0.0,natural_gas_fired_combustion_turbine
74,71,0.0,natural_gas_fired_combustion_turbine
20,71,0.0,natural_gas_fired_combustion_turbine
135,71,0.0,natural_gas_fired_combustion_turbine
142,71,0.0,natural_gas_fired_combustion_turbine
121,71,0.0,natural_gas_fired_combustion_turbine
91,71,0.0,natural_gas_fired_combustion_turbine
22,71,0.0,natural_gas_steam_turbine
123,71,0.0,natural_gas_steam_turbine
62,71,0.0,natural_gas_steam_turbine
49,71,0.0,natural_gas_steam_turbine
48,71,0.0,natural_gas_steam_turbine
21,71,0.0,natural_gas_steam_turbine
79,71,7405.999,nuclear
10,71,494.40195000000006,onshore_wind_turbine
23,71,223.608,onshore_wind_turbine
31,71,964.17692,onshore_wind_turbine
38,71,2365.3602,onshore_wind_turbine
50,71,2742.3580799999995,onshore_wind_turbine
63,71,26.4031598656,onshore_wind_turbine
80,71,2157.8810399999998,onshore_wind_turbine
94,71,9323.223,onshore_wind_turbine
105,71,2335.493998866,onshore_wind_turbine
124,71,24683.097453953404,onshore_wind_turbine
136,71,2002.13118,onshore_wind_turbine
144,71,2069.7900299999997,onshore_wind_turbine
11,71,19.125,small_hydroelectric
24,71,62.577,small_hydroelectric
32,71,192.0,small_hydroelectric
39,71,52.9,small_hydroelectric
51,71,25.641,small_hydroelectric
64,71,6.128,small_hydroelectric
81,71,241.672,small_hydroelectric
95,71,418.922,small_hydroelectric
106,71,31.614,small_hydroelectric
125,71,100.697,small_hydroelectric
137,71,36.822,small_hydroelectric
145,71,33.21,small_hydroelectric
12,71,0.0,solar_photovoltaic
25,71,0.0,solar_photovoltaic
33,71,0.0,solar_photovoltaic
52,71,0.0,solar_photovoltaic
65,71,0.0,solar_photovoltaic
82,71,0.0,solar_photovoltaic
96,71,0.0,solar_photovoltaic
107,71,0.0,solar_photovoltaic
126,71,0.0,solar_photovoltaic
138,71,0.0,solar_photovoltaic
26,72,11.235,biomass
13,72,15.682,biomass
108,72,137.081,biomass
40,72,5.952,biomass
97,72,178.173,biomass
1,72,16.294,biomass
66,72,228.795,biomass
2,72,482.61014759999995,conventional_hydroelectric
14,72,173.579076,conventional_hydroelectric
27,72,359.2640232,conventional_hydroelectric
35,72,570.705256,conventional_hydroelectric
54,72,371.37797730000005,conventional_hydroelectric
67,72,1798.1274455171817,conventional_hydroelectric
84,72,8399.2159398,conventional_hydroelectric
109,72,172.855270458,conventional_hydroelectric
128,72,29.35812,conventional_hydroelectric
139,72,26.014483199999997,conventional_hydroelectric
110,72,21.5,conventional_steam_coal
41,72,0.0,conventional_steam_coal
3,72,0.0,conventional_steam_coal
36,72,0.0,conventional_steam_coal
85,72,0.0,conventional_steam_coal
28,72,74.364,geothermal
116,72,0.0,natural_gas_fired_combined_cycle
73,72,0.0,natural_gas_fired_combined_cycle
71,72,0.0,natural_gas_fired_combined_cycle
44,72,0.0,natural_gas_fired_combined_cycle
115,72,0.0,natural_gas_fired_combined_cycle
70,72,0.0,natural_gas_fired_combined_cycle
131,72,0.0,natural_gas_fired_combined_cycle
18,72,0.0,natural_gas_fired_combined_cycle
72,72,0.0,natural_gas_fired_combined_cycle
114,72,0.0,natural_gas_fired_combined_cycle
45,72,0.0,natural_gas_fired_combined_cycle
78,72,0.0,natural_gas_fired_combustion_turbine
75,72,0.0,natural_gas_fired_combustion_turbine
119,72,0.0,natural_gas_fired_combustion_turbine
117,72,0.0,natural_gas_fired_combustion_turbine
134,72,0.0,natural_gas_fired_combustion_turbine
103,72,0.0,natural_gas_fired_combustion_turbine
47,72,0.0,natural_gas_fired_combustion_turbine
8,72,0.0,natural_gas_fired_combustion_turbine
90,72,0.0,natural_gas_fired_combustion_turbine
60,72,0.0,natural_gas_fired_combustion_turbine
46,72,0.0,natural_gas_fired_combustion_turbine
37,72,0.0,natural_gas_fired_combustion_turbine
7,72,0.0,natural_gas_fired_combustion_turbine
133,72,0.0,natural_gas_fired_combustion_turbine
74,72,0.0,natural_gas_fired_combustion_turbine
20,72,0.0,natural_gas_fired_combustion_turbine
135,72,0.0,natural_gas_fired_combustion_turbine
142,72,0.0,natural_gas_fired_combustion_turbine
121,72,0.0,natural_gas_fired_combustion_turbine
91,72,0.0,natural_gas_fired_combustion_turbine
22,72,0.0,natural_gas_steam_turbine
123,72,0.0,natural_gas_steam_turbine
62,72,0.0,natural_gas_steam_turbine
49,72,0.0,natural_gas_steam_turbine
48,72,0.0,natural_gas_steam_turbine
21,72,0.0,natural_gas_steam_turbine
79,72,6103.211186677688,nuclear
10,72,407.58893,onshore_wind_turbine
23,72,495.6644,onshore_wind_turbine
31,72,1562.63156,onshore_wind_turbine
38,72,2736.8649,onshore_wind_turbine
50,72,2407.01538,onshore_wind_turbine
63,72,9.4989996808,onshore_wind_turbine
80,72,2434.8183999999997,onshore_wind_turbine
94,72,10367.7182,onshore_wind_turbine
105,72,2544.7346389709996,onshore_wind_turbine
124,72,24684.540705594,onshore_wind_turbine
136,72,1784.4691200000002,onshore_wind_turbine
144,72,2930.58045,onshore_wind_turbine
11,72,19.125,small_hydroelectric
24,72,62.577,small_hydroelectric
32,72,192.0,small_hydroelectric
39,72,52.9,small_hydroelectric
51,72,25.641,small_hydroelectric
64,72,6.128,small_hydroelectric
81,72,241.672,small_hydroelectric
95,72,418.922,small_hydroelectric
106,72,31.614,small_hydroelectric
125,72,100.697,small_hydroelectric
137,72,36.822,small_hydroelectric
145,72,33.21,small_hydroelectric
12,72,0.0,solar_photovoltaic
25,72,0.0,solar_photovoltaic
33,72,0.0,solar_photovoltaic
52,72,0.0,solar_photovoltaic
65,72,0.0,solar_photovoltaic
82,72,0.0,solar_photovoltaic
96,72,0.0,solar_photovoltaic
107,72,0.0,solar_photovoltaic
126,72,0.0,solar_photovoltaic
138,72,0.0,solar_photovoltaic
26,73,11.235,biomass
13,73,15.682,biomass
108,73,137.081,biomass
40,73,5.952,biomass
97,73,178.173,biomass
1,73,16.294,biomass
66,73,228.795,biomass
2,73,482.3338968,conventional_hydroelectric
14,73,173.6261164,conventional_hydroelectric
27,73,358.84069560000006,conventional_hydroelectric
35,73,570.4554944,conventional_hydroelectric
54,73,370.54645650000003,conventional_hydroelectric
67,73,1797.504972368157,conventional_hydroelectric
84,73,8393.405344199999,conventional_hydroelectric
109,73,172.4907826746,conventional_hydroelectric
128,73,29.327760000000005,conventional_hydroelectric
139,73,25.828166399999997,conventional_hydroelectric
110,73,0.0,conventional_steam_coal
41,73,0.0,conventional_steam_coal
3,73,0.0,conventional_steam_coal
36,73,0.0,conventional_steam_coal
85,73,0.0,conventional_steam_coal
28,73,74.364,geothermal
116,73,0.0,natural_gas_fired_combined_cycle
73,73,0.0,natural_gas_fired_combined_cycle
71,73,0.0,natural_gas_fired_combined_cycle
44,73,0.0,natural_gas_fired_combined_cycle
115,73,0.0,natural_gas_fired_combined_cycle
70,73,0.0,natural_gas_fired_combined_cycle
131,73,0.0,natural_gas_fired_combined_cycle
18,73,0.0,natural_gas_fired_combined_cycle
72,73,0.0,natural_gas_fired_combined_cycle
114,73,0.0,natural_gas_fired_combined_cycle
45,73,0.0,natural_gas_fired_combined_cycle
78,73,0.0,natural_gas_fired_combustion_turbine
75,73,0.0,natural_gas_fired_combustion_turbine
119,73,0.0,natural_gas_fired_combustion_turbine
117,73,0.0,natural_gas_fired_combustion_turbine
134,73,0.0,natural_gas_fired_combustion_turbine
103,73,0.0,natural_gas_fired_combustion_turbine
47,73,0.0,natural_gas_fired_combustion_turbine
8,73,0.0,natural_gas_fired_combustion_turbine
90,73,0.0,natural_gas_fired_combustion_turbine
60,73,0.0,natural_gas_fired_combustion_turbine
46,73,0.0,natural_gas_fired_combustion_turbine
37,73,0.0,natural_gas_fired_combustion_turbine
7,73,0.0,natural_gas_fired_combustion_turbine
133,73,0.0,natural_gas_fired_combustion_turbine
74,73,0.0,natural_gas_fired_combustion_turbine
20,73,0.0,natural_gas_fired_combustion_turbine
135,73,0.0,natural_gas_fired_combustion_turbine
142,73,0.0,natural_gas_fired_combustion_turbine
121,73,0.0,natural_gas_fired_combustion_turbine
91,73,0.0,natural_gas_fired_combustion_turbine
22,73,0.0,natural_gas_steam_turbine
123,73,0.0,natural_gas_steam_turbine
62,73,0.0,natural_gas_steam_turbine
49,73,0.0,natural_gas_steam_turbine
48,73,0.0,natural_gas_steam_turbine
21,73,0.0,natural_gas_steam_turbine
79,73,4830.408009706831,nuclear
10,73,253.77499,onshore_wind_turbine
23,73,624.239,onshore_wind_turbine
31,73,1084.10533,onshore_wind_turbine
38,73,3386.14605,onshore_wind_turbine
50,73,1957.1819399999997,onshore_wind_turbine
63,73,11.4169998544,onshore_wind_turbine
80,73,1193.2468799999997,onshore_wind_turbine
94,73,10536.896999999999,onshore_wind_turbine
105,73,2467.133899923,onshore_wind_turbine
124,73,23928.074035173006,onshore_wind_turbine
136,73,1922.98134,onshore_wind_turbine
144,73,3499.3942199999997,onshore_wind_turbine
11,73,19.125,small_hydroelectric
24,73,62.577,small_hydroelectric
32,73,192.0,small_hydroelectric
39,73,52.9,small_hydroelectric
51,73,25.641,small_hydroelectric
64,73,6.128,small_hydroelectric
81,73,241.672,small_hydroelectric
95,73,418.922,small_hydroelectric
106,73,31.614,small_hydroelectric
125,73,100.697,small_hydroelectric
137,73,36.822,small_hydroelectric
145,73,33.21,small_hydroelectric
12,73,0.0,solar_photovoltaic
25,73,0.0,solar_photovoltaic
33,73,0.0,solar_photovoltaic
52,73,0.0,solar_photovoltaic
65,73,0.0,solar_photovoltaic
82,73,0.0,solar_photovoltaic
96,73,0.0,solar_photovoltaic
107,73,0.0,solar_photovoltaic
126,73,0.0,solar_photovoltaic
138,73,0.0,solar_photovoltaic
26,74,11.235,biomass
13,74,15.682,biomass
108,74,137.081,biomass
40,74,5.952,biomass
97,74,178.173,biomass
1,74,16.294,biomass
66,74,228.795,biomass
2,74,482.0576459999999,conventional_hydroelectric
14,74,173.6731568,conventional_hydroelectric
27,74,358.27625880000005,conventional_hydroelectric
35,74,570.4554944,conventional_hydroelectric
54,74,369.71493570000007,conventional_hydroelectric
67,74,1796.1550985191318,conventional_hydroelectric
84,74,8390.5000464,conventional_hydroelectric
109,74,172.12629489120002,conventional_hydroelectric
128,74,29.31258,conventional_hydroelectric
139,74,25.6651392,conventional_hydroelectric
110,74,0.0,conventional_steam_coal
41,74,0.0,conventional_steam_coal
3,74,0.0,conventional_steam_coal
36,74,0.0,conventional_steam_coal
85,74,0.0,conventional_steam_coal
28,74,74.364,geothermal
116,74,0.0,natural_gas_fired_combined_cycle
73,74,0.0,natural_gas_fired_combined_cycle
71,74,0.0,natural_gas_fired_combined_cycle
44,74,0.0,natural_gas_fired_combined_cycle
115,74,0.0,natural_gas_fired_combined_cycle
70,74,0.0,natural_gas_fired_combined_cycle
131,74,0.0,natural_gas_fired_combined_cycle
18,74,0.0,natural_gas_fired_combined_cycle
72,74,0.0,natural_gas_fired_combined_cycle
114,74,0.0,natural_gas_fired_combined_cycle
45,74,0.0,natural_gas_fired_combined_cycle
78,74,0.0,natural_gas_fired_combustion_turbine
75,74,0.0,natural_gas_fired_combustion_turbine
119,74,0.0,natural_gas_fired_combustion_turbine
117,74,0.0,natural_gas_fired_combustion_turbine
134,74,0.0,natural_gas_fired_combustion_turbine
103,74,0.0,natural_gas_fired_combustion_turbine
47,74,0.0,natural_gas_fired_combustion_turbine
8,74,0.0,natural_gas_fired_combustion_turbine
90,74,0.0,natural_gas_fired_combustion_turbine
60,74,0.0,natural_gas_fired_combustion_turbine
46,74,0.0,natural_gas_fired_combustion_turbine
37,74,0.0,natural_gas_fired_combustion_turbine
7,74,0.0,natural_gas_fired_combustion_turbine
133,74,0.0,natural_gas_fired_combustion_turbine
74,74,0.0,natural_gas_fired_combustion_turbine
20,74,0.0,natural_gas_fired_combustion_turbine
135,74,0.0,natural_gas_fired_combustion_turbine
142,74,0.0,natural_gas_fired_combustion_turbine
121,74,0.0,natural_gas_fired_combustion_turbine
91,74,0.0,natural_gas_fired_combustion_turbine
22,74,0.0,natural_gas_steam_turbine
123,74,0.0,natural_gas_steam_turbine
62,74,0.0,natural_gas_steam_turbine
49,74,0.0,natural_gas_steam_turbine
48,74,0.0,natural_gas_steam_turbine
21,74,0.0,natural_gas_steam_turbine
79,74,2990.63530193965,nuclear
10,74,230.72091,onshore_wind_turbine
23,74,808.7156,onshore_wind_turbine
31,74,1408.26826,onshore_wind_turbine
38,74,3502.0282500000003,onshore_wind_turbine
50,74,2047.28412,onshore_wind_turbine
63,74,142.1711202016,onshore_wind_turbine
80,74,1004.5949199999999,onshore_wind_turbine
94,74,8352.2838,onshore_wind_turbine
105,74,2494.659858369,onshore_wind_turbine
124,74,24570.660878779403,onshore_wind_turbine
136,74,2191.91091,onshore_wind_turbine
144,74,3836.7894599999995,onshore_wind_turbine
11,74,19.125,small_hydroelectric
24,74,62.577,small_hydroelectric
32,74,192.0,small_hydroelectric
39,74,52.9,small_hydroelectric
51,74,25.641,small_hydroelectric
64,74,6.128,small_hydroelectric
81,74,241.672,small_hydroelectric
95,74,418.922,small_hydroelectric
106,74,31.614,small_hydroelectric
125,74,100.697,small_hydroelectric
137,74,36.822,small_hydroelectric
145,74,33.21,small_hydroelectric
12,74,0.0,solar_photovoltaic
25,74,0.0,solar_photovoltaic
33,74,0.0,solar_photovoltaic
52,74,0.0,solar_photovoltaic
65,74,0.0,solar_photovoltaic
82,74,0.0,solar_photovoltaic
96,74,0.0,solar_photovoltaic
107,74,0.0,solar_photovoltaic
126,74,0.0,solar_photovoltaic
138,74,0.0,solar_photovoltaic
26,75,11.235,biomass
13,75,15.682,biomass
108,75,137.081,biomass
40,75,5.952,biomass
97,75,178.173,biomass
1,75,16.294,biomass
66,75,228.795,biomass
2,75,481.78139519999996,conventional_hydroelectric
14,75,173.7201972,conventional_hydroelectric
27,75,357.8529312,conventional_hydroelectric
35,75,570.2057328,conventional_hydroelectric
54,75,368.8834149,conventional_hydroelectric
67,75,1794.8052246701068,conventional_hydroelectric
84,75,8387.5947486,conventional_hydroelectric
109,75,171.701059842,conventional_hydroelectric
128,75,29.28222,conventional_hydroelectric
139,75,25.502111999999997,conventional_hydroelectric
110,75,0.0,conventional_steam_coal
41,75,0.0,conventional_steam_coal
3,75,0.0,conventional_steam_coal
36,75,0.0,conventional_steam_coal
85,75,0.0,conventional_steam_coal
28,75,74.364,geothermal
116,75,0.0,natural_gas_fired_combined_cycle
73,75,0.0,natural_gas_fired_combined_cycle
71,75,0.0,natural_gas_fired_combined_cycle
44,75,0.0,natural_gas_fired_combined_cycle
115,75,0.0,natural_gas_fired_combined_cycle
70,75,0.0,natural_gas_fired_combined_cycle
131,75,0.0,natural_gas_fired_combined_cycle
18,75,0.0,natural_gas_fired_combined_cycle
72,75,0.0,natural_gas_fired_combined_cycle
114,75,0.0,natural_gas_fired_combined_cycle
45,75,0.0,natural_gas_fired_combined_cycle
78,75,0.0,natural_gas_fired_combustion_turbine
75,75,0.0,natural_gas_fired_combustion_turbine
119,75,0.0,natural_gas_fired_combustion_turbine
117,75,0.0,natural_gas_fired_combustion_turbine
134,75,0.0,natural_gas_fired_combustion_turbine
103,75,0.0,natural_gas_fired_combustion_turbine
47,75,0.0,natural_gas_fired_combustion_turbine
8,75,0.0,natural_gas_fired_combustion_turbine
90,75,0.0,natural_gas_fired_combustion_turbine
60,75,0.0,natural_gas_fired_combustion_turbine
46,75,0.0,natural_gas_fired_combustion_turbine
37,75,0.0,natural_gas_fired_combustion_turbine
7,75,0.0,natural_gas_fired_combustion_turbine
133,75,0.0,natural_gas_fired_combustion_turbine
74,75,0.0,natural_gas_fired_combustion_turbine
20,75,0.0,natural_gas_fired_combustion_turbine
135,75,0.0,natural_gas_fired_combustion_turbine
142,75,0.0,natural_gas_fired_combustion_turbine
121,75,0.0,natural_gas_fired_combustion_turbine
91,75,0.0,natural_gas_fired_combustion_turbine
22,75,0.0,natural_gas_steam_turbine
123,75,0.0,natural_gas_steam_turbine
62,75,0.0,natural_gas_steam_turbine
49,75,0.0,natural_gas_steam_turbine
48,75,0.0,natural_gas_steam_turbine
21,75,0.0,natural_gas_steam_turbine
79,75,3614.634501784669,nuclear
10,75,311.04997000000003,onshore_wind_turbine
23,75,1306.2433999999998,onshore_wind_turbine
31,75,1351.27258,onshore_wind_turbine
38,75,3535.5431999999996,onshore_wind_turbine
50,75,1529.7046799999998,onshore_wind_turbine
63,75,171.7013199216,onshore_wind_turbine
80,75,1658.8361999999997,onshore_wind_turbine
94,75,7153.321,onshore_wind_turbine
105,75,2386.4157808259997,onshore_wind_turbine
124,75,24807.559637722403,onshore_wind_turbine
136,75,2301.6413700000003,onshore_wind_turbine
144,75,4314.76605,onshore_wind_turbine
11,75,19.125,small_hydroelectric
24,75,62.577,small_hydroelectric
32,75,192.0,small_hydroelectric
39,75,52.9,small_hydroelectric
51,75,25.641,small_hydroelectric
64,75,6.128,small_hydroelectric
81,75,241.672,small_hydroelectric
95,75,418.922,small_hydroelectric
106,75,31.614,small_hydroelectric
125,75,100.697,small_hydroelectric
137,75,36.822,small_hydroelectric
145,75,33.21,small_hydroelectric
12,75,0.0,solar_photovoltaic
25,75,0.0,solar_photovoltaic
33,75,0.0,solar_photovoltaic
52,75,0.0,solar_photovoltaic
65,75,0.0,solar_photovoltaic
82,75,0.0,solar_photovoltaic
96,75,0.0,solar_photovoltaic
107,75,0.0,solar_photovoltaic
126,75,0.0,solar_photovoltaic
138,75,0.0,solar_photovoltaic
26,76,11.235,biomass
13,76,15.682,biomass
108,76,137.081,biomass
40,76,5.952,biomass
97,76,178.173,biomass
1,76,1.8190879838179867e-6,biomass
66,76,0.0,biomass
2,76,481.5051444,conventional_hydroelectric
14,76,173.76723760000002,conventional_hydroelectric
27,76,357.42960360000006,conventional_hydroelectric
35,76,570.2057328,conventional_hydroelectric
54,76,368.0518941,conventional_hydroelectric
67,76,1794.1827442470749,conventional_hydroelectric
84,76,8381.784152999999,conventional_hydroelectric
109,76,171.2576993244,conventional_hydroelectric
128,76,29.251860000000004,conventional_hydroelectric
139,76,25.3157952,conventional_hydroelectric
110,76,0.0,conventional_steam_coal
41,76,0.0,conventional_steam_coal
3,76,0.0,conventional_steam_coal
36,76,0.0,conventional_steam_coal
85,76,0.0,conventional_steam_coal
28,76,74.364,geothermal
116,76,0.0,natural_gas_fired_combined_cycle
73,76,0.0,natural_gas_fired_combined_cycle
71,76,0.0,natural_gas_fired_combined_cycle
44,76,0.0,natural_gas_fired_combined_cycle
115,76,0.0,natural_gas_fired_combined_cycle
70,76,0.0,natural_gas_fired_combined_cycle
131,76,0.0,natural_gas_fired_combined_cycle
18,76,0.0,natural_gas_fired_combined_cycle
72,76,0.0,natural_gas_fired_combined_cycle
114,76,0.0,natural_gas_fired_combined_cycle
45,76,0.0,natural_gas_fired_combined_cycle
78,76,0.0,natural_gas_fired_combustion_turbine
75,76,0.0,natural_gas_fired_combustion_turbine
119,76,0.0,natural_gas_fired_combustion_turbine
117,76,0.0,natural_gas_fired_combustion_turbine
134,76,0.0,natural_gas_fired_combustion_turbine
103,76,0.0,natural_gas_fired_combustion_turbine
47,76,0.0,natural_gas_fired_combustion_turbine
8,76,0.0,natural_gas_fired_combustion_turbine
90,76,0.0,natural_gas_fired_combustion_turbine
60,76,0.0,natural_gas_fired_combustion_turbine
46,76,0.0,natural_gas_fired_combustion_turbine
37,76,0.0,natural_gas_fired_combustion_turbine
7,76,0.0,natural_gas_fired_combustion_turbine
133,76,0.0,natural_gas_fired_combustion_turbine
74,76,0.0,natural_gas_fired_combustion_turbine
20,76,0.0,natural_gas_fired_combustion_turbine
135,76,0.0,natural_gas_fired_combustion_turbine
142,76,0.0,natural_gas_fired_combustion_turbine
121,76,0.0,natural_gas_fired_combustion_turbine
91,76,0.0,natural_gas_fired_combustion_turbine
22,76,0.0,natural_gas_steam_turbine
123,76,0.0,natural_gas_steam_turbine
62,76,0.0,natural_gas_steam_turbine
49,76,0.0,natural_gas_steam_turbine
48,76,0.0,natural_gas_steam_turbine
21,76,0.0,natural_gas_steam_turbine
79,76,1851.4997500000136,nuclear
10,76,217.21266000000003,onshore_wind_turbine
23,76,1660.2894,onshore_wind_turbine
31,76,1701.5585300000002,onshore_wind_turbine
38,76,4068.3740999999995,onshore_wind_turbine
50,76,1716.00618,onshore_wind_turbine
63,76,145.2488803304,onshore_wind_turbine
80,76,1972.9463599999997,onshore_wind_turbine
94,76,5432.1106,onshore_wind_turbine
105,76,2390.501401512,onshore_wind_turbine
124,76,24967.795517695806,onshore_wind_turbine
136,76,2041.7061000000003,onshore_wind_turbine
144,76,4293.13815,onshore_wind_turbine
11,76,19.125,small_hydroelectric
24,76,62.577,small_hydroelectric
32,76,192.0,small_hydroelectric
39,76,52.9,small_hydroelectric
51,76,25.641,small_hydroelectric
64,76,6.128,small_hydroelectric
81,76,241.672,small_hydroelectric
95,76,418.922,small_hydroelectric
106,76,31.614,small_hydroelectric
125,76,100.697,small_hydroelectric
137,76,36.822,small_hydroelectric
145,76,33.21,small_hydroelectric
12,76,0.0,solar_photovoltaic
25,76,0.0,solar_photovoltaic
33,76,0.0,solar_photovoltaic
52,76,0.0,solar_photovoltaic
65,76,0.0,solar_photovoltaic
82,76,0.0,solar_photovoltaic
96,76,0.0,solar_photovoltaic
107,76,0.0,solar_photovoltaic
126,76,0.0,solar_photovoltaic
138,76,0.0,solar_photovoltaic
26,77,11.235,biomass
13,77,15.682,biomass
108,77,137.081,biomass
40,77,5.952,biomass
97,77,178.173,biomass
1,77,16.294,biomass
66,77,228.795,biomass
2,77,481.22889359999994,conventional_hydroelectric
14,77,173.8613184,conventional_hydroelectric
27,77,356.86516680000005,conventional_hydroelectric
35,77,569.9559711999999,conventional_hydroelectric
54,77,367.2203733,conventional_hydroelectric
67,77,1792.8328703980499,conventional_hydroelectric
84,77,8378.878855199999,conventional_hydroelectric
109,77,170.893211541,conventional_hydroelectric
128,77,29.23668,conventional_hydroelectric
139,77,25.152768,conventional_hydroelectric
110,77,28.5,conventional_steam_coal
41,77,0.0,conventional_steam_coal
3,77,0.0,conventional_steam_coal
36,77,0.0,conventional_steam_coal
85,77,0.0,conventional_steam_coal
28,77,74.364,geothermal
116,77,0.0,natural_gas_fired_combined_cycle
73,77,0.0,natural_gas_fired_combined_cycle
71,77,0.0,natural_gas_fired_combined_cycle
44,77,0.0,natural_gas_fired_combined_cycle
115,77,0.0,natural_gas_fired_combined_cycle
70,77,0.0,natural_gas_fired_combined_cycle
131,77,0.0,natural_gas_fired_combined_cycle
18,77,0.0,natural_gas_fired_combined_cycle
72,77,0.0,natural_gas_fired_combined_cycle
114,77,0.0,natural_gas_fired_combined_cycle
45,77,0.0,natural_gas_fired_combined_cycle
78,77,0.0,natural_gas_fired_combustion_turbine
75,77,0.0,natural_gas_fired_combustion_turbine
119,77,0.0,natural_gas_fired_combustion_turbine
117,77,0.0,natural_gas_fired_combustion_turbine
134,77,0.0,natural_gas_fired_combustion_turbine
103,77,0.0,natural_gas_fired_combustion_turbine
47,77,0.0,natural_gas_fired_combustion_turbine
8,77,0.0,natural_gas_fired_combustion_turbine
90,77,0.0,natural_gas_fired_combustion_turbine
60,77,0.0,natural_gas_fired_combustion_turbine
46,77,0.0,natural_gas_fired_combustion_turbine
37,77,0.0,natural_gas_fired_combustion_turbine
7,77,0.0,natural_gas_fired_combustion_turbine
133,77,0.0,natural_gas_fired_combustion_turbine
74,77,0.0,natural_gas_fired_combustion_turbine
20,77,0.0,natural_gas_fired_combustion_turbine
135,77,0.0,natural_gas_fired_combustion_turbine
142,77,0.0,natural_gas_fired_combustion_turbine
121,77,0.0,natural_gas_fired_combustion_turbine
91,77,0.0,natural_gas_fired_combustion_turbine
22,77,0.0,natural_gas_steam_turbine
123,77,0.0,natural_gas_steam_turbine
62,77,0.0,natural_gas_steam_turbine
49,77,0.0,natural_gas_steam_turbine
48,77,0.0,natural_gas_steam_turbine
21,77,0.0,natural_gas_steam_turbine
79,77,3702.9995000000085,nuclear
10,77,137.78415,onshore_wind_turbine
23,77,1311.8336000000002,onshore_wind_turbine
31,77,2035.22074,onshore_wind_turbine
38,77,3754.24245,onshore_wind_turbine
50,77,1039.9010999999998,onshore_wind_turbine
63,77,135.1165199216,onshore_wind_turbine
80,77,1452.5271599999999,onshore_wind_turbine
94,77,4799.529,onshore_wind_turbine
105,77,2371.733558418,onshore_wind_turbine
124,77,25108.3172881464,onshore_wind_turbine
136,77,1313.1678000000002,onshore_wind_turbine
144,77,5227.46343,onshore_wind_turbine
11,77,19.125,small_hydroelectric
24,77,62.577,small_hydroelectric
32,77,192.0,small_hydroelectric
39,77,52.9,small_hydroelectric
51,77,25.641,small_hydroelectric
64,77,6.128,small_hydroelectric
81,77,241.672,small_hydroelectric
95,77,418.922,small_hydroelectric
106,77,31.614,small_hydroelectric
125,77,100.697,small_hydroelectric
137,77,36.822,small_hydroelectric
145,77,33.21,small_hydroelectric
12,77,0.0,solar_photovoltaic
25,77,0.0,solar_photovoltaic
33,77,0.0,solar_photovoltaic
52,77,0.0,solar_photovoltaic
65,77,0.0,solar_photovoltaic
82,77,0.0,solar_photovoltaic
96,77,0.0,solar_photovoltaic
107,77,0.0,solar_photovoltaic
126,77,0.0,solar_photovoltaic
138,77,0.0,solar_photovoltaic
26,78,11.235,biomass
13,78,15.682,biomass
108,78,137.081,biomass
40,78,5.952,biomass
97,78,178.173,biomass
1,78,16.294,biomass
66,78,228.795,biomass
2,78,480.9526428,conventional_hydroelectric
14,78,173.90835879999997,conventional_hydroelectric
27,78,356.4418392,conventional_hydroelectric
35,78,569.9559711999999,conventional_hydroelectric
54,78,366.3888525,conventional_hydroelectric
67,78,1791.4829965490248,conventional_hydroelectric
84,78,8375.9735574,conventional_hydroelectric
109,78,170.4679764918,conventional_hydroelectric
128,78,29.20632,conventional_hydroelectric
139,78,24.966451199999998,conventional_hydroelectric
110,78,28.5,conventional_steam_coal
41,78,0.0,conventional_steam_coal
3,78,0.0,conventional_steam_coal
36,78,0.0,conventional_steam_coal
85,78,0.0,conventional_steam_coal
28,78,74.364,geothermal
116,78,0.0,natural_gas_fired_combined_cycle
73,78,0.0,natural_gas_fired_combined_cycle
71,78,0.0,natural_gas_fired_combined_cycle
44,78,0.0,natural_gas_fired_combined_cycle
115,78,0.0,natural_gas_fired_combined_cycle
70,78,0.0,natural_gas_fired_combined_cycle
131,78,0.0,natural_gas_fired_combined_cycle
18,78,0.0,natural_gas_fired_combined_cycle
72,78,0.0,natural_gas_fired_combined_cycle
114,78,0.0,natural_gas_fired_combined_cycle
45,78,0.0,natural_gas_fired_combined_cycle
78,78,0.0,natural_gas_fired_combustion_turbine
75,78,0.0,natural_gas_fired_combustion_turbine
119,78,0.0,natural_gas_fired_combustion_turbine
117,78,0.0,natural_gas_fired_combustion_turbine
134,78,0.0,natural_gas_fired_combustion_turbine
103,78,0.0,natural_gas_fired_combustion_turbine
47,78,0.0,natural_gas_fired_combustion_turbine
8,78,0.0,natural_gas_fired_combustion_turbine
90,78,0.0,natural_gas_fired_combustion_turbine
60,78,0.0,natural_gas_fired_combustion_turbine
46,78,0.0,natural_gas_fired_combustion_turbine
37,78,0.0,natural_gas_fired_combustion_turbine
7,78,0.0,natural_gas_fired_combustion_turbine
133,78,0.0,natural_gas_fired_combustion_turbine
74,78,0.0,natural_gas_fired_combustion_turbine
20,78,0.0,natural_gas_fired_combustion_turbine
135,78,0.0,natural_gas_fired_combustion_turbine
142,78,0.0,natural_gas_fired_combustion_turbine
121,78,0.0,natural_gas_fired_combustion_turbine
91,78,0.0,natural_gas_fired_combustion_turbine
22,78,0.0,natural_gas_steam_turbine
123,78,0.0,natural_gas_steam_turbine
62,78,0.0,natural_gas_steam_turbine
49,78,0.0,natural_gas_steam_turbine
48,78,0.0,natural_gas_steam_turbine
21,78,0.0,natural_gas_steam_turbine
79,78,1851.4997499999981,nuclear
10,78,190.73649,onshore_wind_turbine
23,78,1390.0964,onshore_wind_turbine
31,78,3704.7192,onshore_wind_turbine
38,78,3920.6811000000002,onshore_wind_turbine
50,78,851.56722,onshore_wind_turbine
63,78,281.8678803864,onshore_wind_turbine
80,78,2053.7972,onshore_wind_turbine
94,78,5564.511399999999,onshore_wind_turbine
105,78,2361.241960413,onshore_wind_turbine
124,78,25251.670073953406,onshore_wind_turbine
136,78,862.5533700000001,onshore_wind_turbine
144,78,5132.30067,onshore_wind_turbine
11,78,19.125,small_hydroelectric
24,78,62.577,small_hydroelectric
32,78,192.0,small_hydroelectric
39,78,52.9,small_hydroelectric
51,78,25.641,small_hydroelectric
64,78,6.128,small_hydroelectric
81,78,241.672,small_hydroelectric
95,78,418.922,small_hydroelectric
106,78,31.614,small_hydroelectric
125,78,100.697,small_hydroelectric
137,78,36.822,small_hydroelectric
145,78,33.21,small_hydroelectric
12,78,0.0,solar_photovoltaic
25,78,0.0,solar_photovoltaic
33,78,0.0,solar_photovoltaic
52,78,0.0,solar_photovoltaic
65,78,0.0,solar_photovoltaic
82,78,0.0,solar_photovoltaic
96,78,0.0,solar_photovoltaic
107,78,0.0,solar_photovoltaic
126,78,0.0,solar_photovoltaic
138,78,0.0,solar_photovoltaic
26,79,0.0,biomass
13,79,0.0,biomass
108,79,0.0,biomass
40,79,0.0,biomass
97,79,0.0,biomass
1,79,0.0,biomass
66,79,0.0,biomass
2,79,251.66447879999947,conventional_hydroelectric
14,79,134.9589076,conventional_hydroelectric
27,79,239.32120319999908,conventional_hydroelectric
35,79,362.65384319999856,conventional_hydroelectric
54,79,280.1185694999993,conventional_hydroelectric
67,79,1790.1331227,conventional_hydroelectric
84,79,5964.57638339999,conventional_hydroelectric
109,79,170.1034887084,conventional_hydroelectric
128,79,16.60691999999994,conventional_hydroelectric
139,79,5.63608320000001,conventional_hydroelectric
110,79,0.0,conventional_steam_coal
41,79,0.0,conventional_steam_coal
3,79,0.0,conventional_steam_coal
36,79,0.0,conventional_steam_coal
85,79,0.0,conventional_steam_coal
28,79,0.0,geothermal
116,79,0.0,natural_gas_fired_combined_cycle
73,79,0.0,natural_gas_fired_combined_cycle
71,79,0.0,natural_gas_fired_combined_cycle
44,79,0.0,natural_gas_fired_combined_cycle
115,79,0.0,natural_gas_fired_combined_cycle
70,79,0.0,natural_gas_fired_combined_cycle
131,79,0.0,natural_gas_fired_combined_cycle
18,79,0.0,natural_gas_fired_combined_cycle
72,79,0.0,natural_gas_fired_combined_cycle
114,79,0.0,natural_gas_fired_combined_cycle
45,79,0.0,natural_gas_fired_combined_cycle
78,79,0.0,natural_gas_fired_combustion_turbine
75,79,0.0,natural_gas_fired_combustion_turbine
119,79,0.0,natural_gas_fired_combustion_turbine
117,79,0.0,natural_gas_fired_combustion_turbine
134,79,0.0,natural_gas_fired_combustion_turbine
103,79,0.0,natural_gas_fired_combustion_turbine
47,79,0.0,natural_gas_fired_combustion_turbine
8,79,0.0,natural_gas_fired_combustion_turbine
90,79,0.0,natural_gas_fired_combustion_turbine
60,79,0.0,natural_gas_fired_combustion_turbine
46,79,0.0,natural_gas_fired_combustion_turbine
37,79,0.0,natural_gas_fired_combustion_turbine
7,79,0.0,natural_gas_fired_combustion_turbine
133,79,0.0,natural_gas_fired_combustion_turbine
74,79,0.0,natural_gas_fired_combustion_turbine
20,79,0.0,natural_gas_fired_combustion_turbine
135,79,0.0,natural_gas_fired_combustion_turbine
142,79,0.0,natural_gas_fired_combustion_turbine
121,79,0.0,natural_gas_fired_combustion_turbine
91,79,0.0,natural_gas_fired_combustion_turbine
22,79,0.0,natural_gas_steam_turbine
123,79,0.0,natural_gas_steam_turbine
62,79,0.0,natural_gas_steam_turbine
49,79,0.0,natural_gas_steam_turbine
48,79,0.0,natural_gas_steam_turbine
21,79,0.0,natural_gas_steam_turbine
79,79,0.0,nuclear
10,79,0.0,onshore_wind_turbine
23,79,1585.7533999999998,onshore_wind_turbine
31,79,2390.25633,onshore_wind_turbine
38,79,4467.1452,onshore_wind_turbine
50,79,477.6092999999999,onshore_wind_turbine
63,79,0.0,onshore_wind_turbine
80,79,1614.2288399999998,onshore_wind_turbine
94,79,7293.0774,onshore_wind_turbine
105,79,2259.633041274,onshore_wind_turbine
124,79,25166.021217290803,onshore_wind_turbine
136,79,564.84204,onshore_wind_turbine
144,79,5186.37042,onshore_wind_turbine
11,79,19.125,small_hydroelectric
24,79,62.577,small_hydroelectric
32,79,192.0,small_hydroelectric
39,79,0.0,small_hydroelectric
51,79,25.641,small_hydroelectric
64,79,6.128,small_hydroelectric
81,79,241.672,small_hydroelectric
95,79,0.0,small_hydroelectric
106,79,0.0,small_hydroelectric
125,79,100.697,small_hydroelectric
137,79,0.0,small_hydroelectric
145,79,0.0,small_hydroelectric
12,79,1361.6114400000001,solar_photovoltaic
25,79,552.4681665670087,solar_photovoltaic
33,79,179.9231,solar_photovoltaic
52,79,1571.05214,solar_photovoltaic
65,79,2803.3275079103,solar_photovoltaic
82,79,0.0,solar_photovoltaic
96,79,0.0,solar_photovoltaic
107,79,1947.069117427,solar_photovoltaic
126,79,350.1471492225,solar_photovoltaic
138,79,1073.49011,solar_photovoltaic
26,80,0.0,biomass
13,80,0.0,biomass
108,80,0.0,biomass
40,80,0.0,biomass
97,80,0.0,biomass
1,80,0.0,biomass
66,80,0.0,biomass
2,80,480.40014119999995,conventional_hydroelectric
14,80,174.0024396,conventional_hydroelectric
27,80,355.45407480000006,conventional_hydroelectric
35,80,569.7062096,conventional_hydroelectric
54,80,364.7258109,conventional_hydroelectric
67,80,1186.3905417000008,conventional_hydroelectric
84,80,8367.257663999999,conventional_hydroelectric
109,80,169.6601281908,conventional_hydroelectric
128,80,29.160780000000003,conventional_hydroelectric
139,80,24.6403968,conventional_hydroelectric
110,80,0.0,conventional_steam_coal
41,80,0.0,conventional_steam_coal
3,80,0.0,conventional_steam_coal
36,80,0.0,conventional_steam_coal
85,80,0.0,conventional_steam_coal
28,80,0.0,geothermal
116,80,0.0,natural_gas_fired_combined_cycle
73,80,0.0,natural_gas_fired_combined_cycle
71,80,0.0,natural_gas_fired_combined_cycle
44,80,0.0,natural_gas_fired_combined_cycle
115,80,0.0,natural_gas_fired_combined_cycle
70,80,0.0,natural_gas_fired_combined_cycle
131,80,0.0,natural_gas_fired_combined_cycle
18,80,0.0,natural_gas_fired_combined_cycle
72,80,0.0,natural_gas_fired_combined_cycle
114,80,0.0,natural_gas_fired_combined_cycle
45,80,0.0,natural_gas_fired_combined_cycle
78,80,0.0,natural_gas_fired_combustion_turbine
75,80,0.0,natural_gas_fired_combustion_turbine
119,80,0.0,natural_gas_fired_combustion_turbine
117,80,0.0,natural_gas_fired_combustion_turbine
134,80,0.0,natural_gas_fired_combustion_turbine
103,80,0.0,natural_gas_fired_combustion_turbine
47,80,0.0,natural_gas_fired_combustion_turbine
8,80,0.0,natural_gas_fired_combustion_turbine
90,80,0.0,natural_gas_fired_combustion_turbine
60,80,0.0,natural_gas_fired_combustion_turbine
46,80,0.0,natural_gas_fired_combustion_turbine
37,80,0.0,natural_gas_fired_combustion_turbine
7,80,0.0,natural_gas_fired_combustion_turbine
133,80,0.0,natural_gas_fired_combustion_turbine
74,80,0.0,natural_gas_fired_combustion_turbine
20,80,0.0,natural_gas_fired_combustion_turbine
135,80,0.0,natural_gas_fired_combustion_turbine
142,80,0.0,natural_gas_fired_combustion_turbine
121,80,0.0,natural_gas_fired_combustion_turbine
91,80,0.0,natural_gas_fired_combustion_turbine
22,80,0.0,natural_gas_steam_turbine
123,80,0.0,natural_gas_steam_turbine
62,80,0.0,natural_gas_steam_turbine
49,80,0.0,natural_gas_steam_turbine
48,80,0.0,natural_gas_steam_turbine
21,80,0.0,natural_gas_steam_turbine
79,80,0.0,nuclear
10,80,181.01055000000002,onshore_wind_turbine
23,80,2118.6857999999997,onshore_wind_turbine
31,80,0.0,onshore_wind_turbine
38,80,4541.55975,onshore_wind_turbine
50,80,0.0,onshore_wind_turbine
63,80,210.15484036959998,onshore_wind_turbine
80,80,2168.10356,onshore_wind_turbine
94,80,8286.0834,onshore_wind_turbine
105,80,2156.8759784880003,onshore_wind_turbine
124,80,0.0,onshore_wind_turbine
136,80,287.8176,onshore_wind_turbine
144,80,5601.6260999999995,onshore_wind_turbine
11,80,0.0,small_hydroelectric
24,80,0.0,small_hydroelectric
32,80,192.0,small_hydroelectric
39,80,52.9,small_hydroelectric
51,80,25.641,small_hydroelectric
64,80,0.0,small_hydroelectric
81,80,0.0,small_hydroelectric
95,80,418.922,small_hydroelectric
106,80,0.0,small_hydroelectric
125,80,0.0,small_hydroelectric
137,80,0.0,small_hydroelectric
145,80,33.21,small_hydroelectric
12,80,5014.233,solar_photovoltaic
25,80,2025.2371999999998,solar_photovoltaic
33,80,782.54225,solar_photovoltaic
52,80,0.0,solar_photovoltaic
65,80,9225.288388299901,solar_photovoltaic
82,80,0.0,solar_photovoltaic
96,80,415.22418,solar_photovoltaic
107,80,7997.801554756999,solar_photovoltaic
126,80,14331.961557084178,solar_photovoltaic
138,80,0.0,solar_photovoltaic
26,81,0.0,biomass
13,81,0.0,biomass
108,81,0.0,biomass
40,81,0.0,biomass
97,81,0.0,biomass
1,81,0.0,biomass
66,81,0.0,biomass
2,81,251.11197719999996,conventional_hydroelectric
14,81,135.0529884,conventional_hydroelectric
27,81,238.3334387999998,conventional_hydroelectric
35,81,362.40408159999953,conventional_hydroelectric
54,81,278.4555279,conventional_hydroelectric
67,81,1183.0683208529247,conventional_hydroelectric
84,81,8364.352366199999,conventional_hydroelectric
109,81,169.29564040740001,conventional_hydroelectric
128,81,16.56138,conventional_hydroelectric
139,81,5.310028800000009,conventional_hydroelectric
110,81,0.0,conventional_steam_coal
41,81,0.0,conventional_steam_coal
3,81,0.0,conventional_steam_coal
36,81,0.0,conventional_steam_coal
85,81,0.0,conventional_steam_coal
28,81,0.0,geothermal
116,81,0.0,natural_gas_fired_combined_cycle
73,81,0.0,natural_gas_fired_combined_cycle
71,81,0.0,natural_gas_fired_combined_cycle
44,81,0.0,natural_gas_fired_combined_cycle
115,81,0.0,natural_gas_fired_combined_cycle
70,81,0.0,natural_gas_fired_combined_cycle
131,81,0.0,natural_gas_fired_combined_cycle
18,81,0.0,natural_gas_fired_combined_cycle
72,81,0.0,natural_gas_fired_combined_cycle
114,81,0.0,natural_gas_fired_combined_cycle
45,81,0.0,natural_gas_fired_combined_cycle
78,81,0.0,natural_gas_fired_combustion_turbine
75,81,0.0,natural_gas_fired_combustion_turbine
119,81,0.0,natural_gas_fired_combustion_turbine
117,81,0.0,natural_gas_fired_combustion_turbine
134,81,0.0,natural_gas_fired_combustion_turbine
103,81,0.0,natural_gas_fired_combustion_turbine
47,81,0.0,natural_gas_fired_combustion_turbine
8,81,0.0,natural_gas_fired_combustion_turbine
90,81,0.0,natural_gas_fired_combustion_turbine
60,81,0.0,natural_gas_fired_combustion_turbine
46,81,0.0,natural_gas_fired_combustion_turbine
37,81,0.0,natural_gas_fired_combustion_turbine
7,81,0.0,natural_gas_fired_combustion_turbine
133,81,0.0,natural_gas_fired_combustion_turbine
74,81,0.0,natural_gas_fired_combustion_turbine
20,81,0.0,natural_gas_fired_combustion_turbine
135,81,0.0,natural_gas_fired_combustion_turbine
142,81,0.0,natural_gas_fired_combustion_turbine
121,81,0.0,natural_gas_fired_combustion_turbine
91,81,0.0,natural_gas_fired_combustion_turbine
22,81,0.0,natural_gas_steam_turbine
123,81,0.0,natural_gas_steam_turbine
62,81,0.0,natural_gas_steam_turbine
49,81,0.0,natural_gas_steam_turbine
48,81,0.0,natural_gas_steam_turbine
21,81,0.0,natural_gas_steam_turbine
79,81,0.0,nuclear
10,81,0.0,onshore_wind_turbine
23,81,1913.7118,onshore_wind_turbine
31,81,0.0,onshore_wind_turbine
38,81,4569.3942,onshore_wind_turbine
50,81,0.0,onshore_wind_turbine
63,81,99.4593602184,onshore_wind_turbine
80,81,0.0,onshore_wind_turbine
94,81,0.0,onshore_wind_turbine
105,81,1357.249178964,onshore_wind_turbine
124,81,0.0,onshore_wind_turbine
136,81,20.686890000000002,onshore_wind_turbine
144,81,0.0,onshore_wind_turbine
11,81,19.125,small_hydroelectric
24,81,62.577,small_hydroelectric
32,81,0.0,small_hydroelectric
39,81,0.0,small_hydroelectric
51,81,0.0,small_hydroelectric
64,81,6.128,small_hydroelectric
81,81,241.672,small_hydroelectric
95,81,0.0,small_hydroelectric
106,81,31.614,small_hydroelectric
125,81,0.0,small_hydroelectric
137,81,0.0,small_hydroelectric
145,81,0.0,small_hydroelectric
12,81,7615.9843200000005,solar_photovoltaic
25,81,2602.5418999999997,solar_photovoltaic
33,81,0.0,solar_photovoltaic
52,81,0.0,solar_photovoltaic
65,81,0.0,solar_photovoltaic
82,81,10338.190030000002,solar_photovoltaic
96,81,0.0,solar_photovoltaic
107,81,12197.2668902805,solar_photovoltaic
126,81,21907.22514037679,solar_photovoltaic
138,81,3034.1734499999993,solar_photovoltaic
26,82,0.0,biomass
13,82,0.0,biomass
108,82,0.0,biomass
40,82,0.0,biomass
97,82,0.0,biomass
1,82,0.0,biomass
66,82,0.0,biomass
2,82,229.288164,conventional_hydroelectric
14,82,96.24465840000005,conventional_hydroelectric
27,82,234.24127200000038,conventional_hydroelectric
35,82,207.30212800000044,conventional_hydroelectric
54,82,275.85702540000005,conventional_hydroelectric
67,82,1182.4458404298898,conventional_hydroelectric
84,82,5952.955192200002,conventional_hydroelectric
109,82,168.870403962,conventional_hydroelectric
128,82,3.961980000000012,conventional_hydroelectric
139,82,24.2910528,conventional_hydroelectric
110,82,0.0,conventional_steam_coal
41,82,0.0,conventional_steam_coal
3,82,0.0,conventional_steam_coal
36,82,0.0,conventional_steam_coal
85,82,0.0,conventional_steam_coal
28,82,74.364,geothermal
116,82,0.0,natural_gas_fired_combined_cycle
73,82,0.0,natural_gas_fired_combined_cycle
71,82,0.0,natural_gas_fired_combined_cycle
44,82,0.0,natural_gas_fired_combined_cycle
115,82,0.0,natural_gas_fired_combined_cycle
70,82,0.0,natural_gas_fired_combined_cycle
131,82,0.0,natural_gas_fired_combined_cycle
18,82,0.0,natural_gas_fired_combined_cycle
72,82,0.0,natural_gas_fired_combined_cycle
114,82,0.0,natural_gas_fired_combined_cycle
45,82,0.0,natural_gas_fired_combined_cycle
78,82,0.0,natural_gas_fired_combustion_turbine
75,82,0.0,natural_gas_fired_combustion_turbine
119,82,0.0,natural_gas_fired_combustion_turbine
117,82,0.0,natural_gas_fired_combustion_turbine
134,82,0.0,natural_gas_fired_combustion_turbine
103,82,0.0,natural_gas_fired_combustion_turbine
47,82,0.0,natural_gas_fired_combustion_turbine
8,82,0.0,natural_gas_fired_combustion_turbine
90,82,0.0,natural_gas_fired_combustion_turbine
60,82,0.0,natural_gas_fired_combustion_turbine
46,82,0.0,natural_gas_fired_combustion_turbine
37,82,0.0,natural_gas_fired_combustion_turbine
7,82,0.0,natural_gas_fired_combustion_turbine
133,82,0.0,natural_gas_fired_combustion_turbine
74,82,0.0,natural_gas_fired_combustion_turbine
20,82,0.0,natural_gas_fired_combustion_turbine
135,82,0.0,natural_gas_fired_combustion_turbine
142,82,0.0,natural_gas_fired_combustion_turbine
121,82,0.0,natural_gas_fired_combustion_turbine
91,82,0.0,natural_gas_fired_combustion_turbine
22,82,0.0,natural_gas_steam_turbine
123,82,0.0,natural_gas_steam_turbine
62,82,0.0,natural_gas_steam_turbine
49,82,0.0,natural_gas_steam_turbine
48,82,0.0,natural_gas_steam_turbine
21,82,0.0,natural_gas_steam_turbine
79,82,0.0,nuclear
10,82,66.46059000000001,onshore_wind_turbine
23,82,1304.38,onshore_wind_turbine
31,82,840.68628,onshore_wind_turbine
38,82,4352.3991,onshore_wind_turbine
50,82,730.30188,onshore_wind_turbine
63,82,16.505719798399998,onshore_wind_turbine
80,82,78.06287999999999,onshore_wind_turbine
94,82,867.9608,onshore_wind_turbine
105,82,0.0,onshore_wind_turbine
124,82,5937.266924404201,onshore_wind_turbine
136,82,0.0,onshore_wind_turbine
144,82,4035.7661399999993,onshore_wind_turbine
11,82,19.125,small_hydroelectric
24,82,62.577,small_hydroelectric
32,82,0.0,small_hydroelectric
39,82,52.9,small_hydroelectric
51,82,0.0,small_hydroelectric
64,82,6.128,small_hydroelectric
81,82,0.0,small_hydroelectric
95,82,0.0,small_hydroelectric
106,82,0.0,small_hydroelectric
125,82,100.697,small_hydroelectric
137,82,36.822,small_hydroelectric
145,82,33.21,small_hydroelectric
12,82,9203.58936,solar_photovoltaic
25,82,0.0,solar_photovoltaic
33,82,1288.3339,solar_photovoltaic
52,82,4145.69764,solar_photovoltaic
65,82,0.0,solar_photovoltaic
82,82,9668.033244798522,solar_photovoltaic
96,82,0.0,solar_photovoltaic
107,82,14866.833315361999,solar_photovoltaic
126,82,30384.118748445002,solar_photovoltaic
138,82,3417.72585,solar_photovoltaic
26,83,0.0,biomass
13,83,0.0,biomass
108,83,0.0,biomass
40,83,0.0,biomass
97,83,0.0,biomass
1,83,0.0,biomass
66,83,0.0,biomass
2,83,250.0069739999998,conventional_hydroelectric
14,83,57.20112640000005,conventional_hydroelectric
27,83,234.24127200000015,conventional_hydroelectric
35,83,207.30212800000044,conventional_hydroelectric
54,83,362.1273084,conventional_hydroelectric
67,83,1786.1884214298927,conventional_hydroelectric
84,83,3541.5580181999885,conventional_hydroelectric
109,83,52.985803961999636,conventional_hydroelectric
128,83,12.599400000000012,conventional_hydroelectric
139,83,4.9606847999999495,conventional_hydroelectric
110,83,0.0,conventional_steam_coal
41,83,0.0,conventional_steam_coal
3,83,0.0,conventional_steam_coal
36,83,0.0,conventional_steam_coal
85,83,0.0,conventional_steam_coal
28,83,0.0,geothermal
116,83,0.0,natural_gas_fired_combined_cycle
73,83,0.0,natural_gas_fired_combined_cycle
71,83,0.0,natural_gas_fired_combined_cycle
44,83,0.0,natural_gas_fired_combined_cycle
115,83,0.0,natural_gas_fired_combined_cycle
70,83,0.0,natural_gas_fired_combined_cycle
131,83,0.0,natural_gas_fired_combined_cycle
18,83,0.0,natural_gas_fired_combined_cycle
72,83,0.0,natural_gas_fired_combined_cycle
114,83,0.0,natural_gas_fired_combined_cycle
45,83,0.0,natural_gas_fired_combined_cycle
78,83,0.0,natural_gas_fired_combustion_turbine
75,83,0.0,natural_gas_fired_combustion_turbine
119,83,0.0,natural_gas_fired_combustion_turbine
117,83,0.0,natural_gas_fired_combustion_turbine
134,83,0.0,natural_gas_fired_combustion_turbine
103,83,0.0,natural_gas_fired_combustion_turbine
47,83,0.0,natural_gas_fired_combustion_turbine
8,83,0.0,natural_gas_fired_combustion_turbine
90,83,0.0,natural_gas_fired_combustion_turbine
60,83,0.0,natural_gas_fired_combustion_turbine
46,83,0.0,natural_gas_fired_combustion_turbine
37,83,0.0,natural_gas_fired_combustion_turbine
7,83,0.0,natural_gas_fired_combustion_turbine
133,83,0.0,natural_gas_fired_combustion_turbine
74,83,0.0,natural_gas_fired_combustion_turbine
20,83,0.0,natural_gas_fired_combustion_turbine
135,83,0.0,natural_gas_fired_combustion_turbine
142,83,0.0,natural_gas_fired_combustion_turbine
121,83,0.0,natural_gas_fired_combustion_turbine
91,83,0.0,natural_gas_fired_combustion_turbine
22,83,0.0,natural_gas_steam_turbine
123,83,0.0,natural_gas_steam_turbine
62,83,0.0,natural_gas_steam_turbine
49,83,0.0,natural_gas_steam_turbine
48,83,0.0,natural_gas_steam_turbine
21,83,0.0,natural_gas_steam_turbine
79,83,0.0,nuclear
10,83,17.11045,onshore_wind_turbine
23,83,0.0,onshore_wind_turbine
31,83,0.0,onshore_wind_turbine
38,83,0.0,onshore_wind_turbine
50,83,0.0,onshore_wind_turbine
63,83,12.963720352799998,onshore_wind_turbine
80,83,0.0,onshore_wind_turbine
94,83,62.5226,onshore_wind_turbine
105,83,0.0,onshore_wind_turbine
124,83,0.0,onshore_wind_turbine
136,83,110.62989000000002,onshore_wind_turbine
144,83,0.0,onshore_wind_turbine
11,83,0.0,small_hydroelectric
24,83,62.577,small_hydroelectric
32,83,192.0,small_hydroelectric
39,83,52.9,small_hydroelectric
51,83,25.641,small_hydroelectric
64,83,0.0,small_hydroelectric
81,83,0.0,small_hydroelectric
95,83,418.922,small_hydroelectric
106,83,31.614,small_hydroelectric
125,83,0.0,small_hydroelectric
137,83,0.0,small_hydroelectric
145,83,0.0,small_hydroelectric
12,83,7845.328883137858,solar_photovoltaic
25,83,0.0,solar_photovoltaic
33,83,1342.2051999999999,solar_photovoltaic
52,83,0.0,solar_photovoltaic
65,83,18024.617944543003,solar_photovoltaic
82,83,14074.297580000002,solar_photovoltaic
96,83,1062.89162,solar_photovoltaic
107,83,15842.374524535999,solar_photovoltaic
126,83,32691.6371502385,solar_photovoltaic
138,83,3525.0291999999995,solar_photovoltaic
26,84,0.0,biomass
13,84,0.0,biomass
108,84,0.0,biomass
40,84,0.0,biomass
97,84,0.0,biomass
1,84,0.0,biomass
66,84,0.0,biomass
2,84,478.7426364000003,conventional_hydroelectric
14,84,96.24465840000005,conventional_hydroelectric
27,84,117.12063600000002,conventional_hydroelectric
35,84,207.30212800000044,conventional_hydroelectric
54,84,275.85702540000005,conventional_hydroelectric
67,84,1784.838547580868,conventional_hydroelectric
84,84,5952.955192199976,conventional_hydroelectric
109,84,115.88460000000002,conventional_hydroelectric
128,84,12.59940000000001,conventional_hydroelectric
139,84,19.33036800000004,conventional_hydroelectric
110,84,0.0,conventional_steam_coal
41,84,0.0,conventional_steam_coal
3,84,0.0,conventional_steam_coal
36,84,0.0,conventional_steam_coal
85,84,0.0,conventional_steam_coal
28,84,74.364,geothermal
116,84,0.0,natural_gas_fired_combined_cycle
73,84,0.0,natural_gas_fired_combined_cycle
71,84,0.0,natural_gas_fired_combined_cycle
44,84,0.0,natural_gas_fired_combined_cycle
115,84,0.0,natural_gas_fired_combined_cycle
70,84,0.0,natural_gas_fired_combined_cycle
131,84,0.0,natural_gas_fired_combined_cycle
18,84,0.0,natural_gas_fired_combined_cycle
72,84,0.0,natural_gas_fired_combined_cycle
114,84,0.0,natural_gas_fired_combined_cycle
45,84,0.0,natural_gas_fired_combined_cycle
78,84,0.0,natural_gas_fired_combustion_turbine
75,84,0.0,natural_gas_fired_combustion_turbine
119,84,0.0,natural_gas_fired_combustion_turbine
117,84,0.0,natural_gas_fired_combustion_turbine
134,84,0.0,natural_gas_fired_combustion_turbine
103,84,0.0,natural_gas_fired_combustion_turbine
47,84,0.0,natural_gas_fired_combustion_turbine
8,84,0.0,natural_gas_fired_combustion_turbine
90,84,0.0,natural_gas_fired_combustion_turbine
60,84,0.0,natural_gas_fired_combustion_turbine
46,84,0.0,natural_gas_fired_combustion_turbine
37,84,0.0,natural_gas_fired_combustion_turbine
7,84,0.0,natural_gas_fired_combustion_turbine
133,84,0.0,natural_gas_fired_combustion_turbine
74,84,0.0,natural_gas_fired_combustion_turbine
20,84,0.0,natural_gas_fired_combustion_turbine
135,84,0.0,natural_gas_fired_combustion_turbine
142,84,0.0,natural_gas_fired_combustion_turbine
121,84,0.0,natural_gas_fired_combustion_turbine
91,84,0.0,natural_gas_fired_combustion_turbine
22,84,0.0,natural_gas_steam_turbine
123,84,0.0,natural_gas_steam_turbine
62,84,0.0,natural_gas_steam_turbine
49,84,0.0,natural_gas_steam_turbine
48,84,0.0,natural_gas_steam_turbine
21,84,0.0,natural_gas_steam_turbine
79,84,0.0,nuclear
10,84,0.0,onshore_wind_turbine
23,84,0.0,onshore_wind_turbine
31,84,0.0,onshore_wind_turbine
38,84,3821.8403999999996,onshore_wind_turbine
50,84,299.43732,onshore_wind_turbine
63,84,7.3673598432,onshore_wind_turbine
80,84,0.0,onshore_wind_turbine
94,84,33.1002,onshore_wind_turbine
105,84,0.0,onshore_wind_turbine
124,84,334.309090962,onshore_wind_turbine
136,84,0.0,onshore_wind_turbine
144,84,0.0,onshore_wind_turbine
11,84,19.125,small_hydroelectric
24,84,0.0,small_hydroelectric
32,84,0.0,small_hydroelectric
39,84,0.0,small_hydroelectric
51,84,0.0,small_hydroelectric
64,84,6.128,small_hydroelectric
81,84,241.672,small_hydroelectric
95,84,418.922,small_hydroelectric
106,84,0.0,small_hydroelectric
125,84,0.0,small_hydroelectric
137,84,0.0,small_hydroelectric
145,84,0.0,small_hydroelectric
12,84,9921.119040000001,solar_photovoltaic
25,84,2909.6904199999994,solar_photovoltaic
33,84,0.0,solar_photovoltaic
52,84,4232.095139999999,solar_photovoltaic
65,84,18430.2136231479,solar_photovoltaic
82,84,14443.03091,solar_photovoltaic
96,84,1102.8565800000001,solar_photovoltaic
107,84,14497.75806406609,solar_photovoltaic
126,84,0.0,solar_photovoltaic
138,84,3600.8264599999993,solar_photovoltaic
26,85,0.0,biomass
13,85,0.0,biomass
108,85,0.0,biomass
40,85,0.0,biomass
97,85,0.0,biomass
1,85,0.0,biomass
66,85,0.0,biomass
2,85,249.45447240000024,conventional_hydroelectric
14,85,96.43281999999999,conventional_hydroelectric
27,85,116.83841759999979,conventional_hydroelectric
35,85,361.4050351999979,conventional_hydroelectric
54,85,358.8012252,conventional_hydroelectric
67,85,1181.0959665808655,conventional_hydroelectric
84,85,3541.558018199956,conventional_hydroelectric
109,85,0.0,conventional_hydroelectric
128,85,16.409580000000002,conventional_hydroelectric
139,85,0.0,conventional_hydroelectric
110,85,0.0,conventional_steam_coal
41,85,0.0,conventional_steam_coal
3,85,0.0,conventional_steam_coal
36,85,0.0,conventional_steam_coal
85,85,0.0,conventional_steam_coal
28,85,0.0,geothermal
116,85,0.0,natural_gas_fired_combined_cycle
73,85,0.0,natural_gas_fired_combined_cycle
71,85,0.0,natural_gas_fired_combined_cycle
44,85,0.0,natural_gas_fired_combined_cycle
115,85,0.0,natural_gas_fired_combined_cycle
70,85,0.0,natural_gas_fired_combined_cycle
131,85,0.0,natural_gas_fired_combined_cycle
18,85,0.0,natural_gas_fired_combined_cycle
72,85,0.0,natural_gas_fired_combined_cycle
114,85,0.0,natural_gas_fired_combined_cycle
45,85,0.0,natural_gas_fired_combined_cycle
78,85,0.0,natural_gas_fired_combustion_turbine
75,85,0.0,natural_gas_fired_combustion_turbine
119,85,0.0,natural_gas_fired_combustion_turbine
117,85,0.0,natural_gas_fired_combustion_turbine
134,85,0.0,natural_gas_fired_combustion_turbine
103,85,0.0,natural_gas_fired_combustion_turbine
47,85,0.0,natural_gas_fired_combustion_turbine
8,85,0.0,natural_gas_fired_combustion_turbine
90,85,0.0,natural_gas_fired_combustion_turbine
60,85,0.0,natural_gas_fired_combustion_turbine
46,85,0.0,natural_gas_fired_combustion_turbine
37,85,0.0,natural_gas_fired_combustion_turbine
7,85,0.0,natural_gas_fired_combustion_turbine
133,85,0.0,natural_gas_fired_combustion_turbine
74,85,0.0,natural_gas_fired_combustion_turbine
20,85,0.0,natural_gas_fired_combustion_turbine
135,85,0.0,natural_gas_fired_combustion_turbine
142,85,0.0,natural_gas_fired_combustion_turbine
121,85,0.0,natural_gas_fired_combustion_turbine
91,85,0.0,natural_gas_fired_combustion_turbine
22,85,0.0,natural_gas_steam_turbine
123,85,0.0,natural_gas_steam_turbine
62,85,0.0,natural_gas_steam_turbine
49,85,0.0,natural_gas_steam_turbine
48,85,0.0,natural_gas_steam_turbine
21,85,0.0,natural_gas_steam_turbine
79,85,0.0,nuclear
10,85,11.887260000000001,onshore_wind_turbine
23,85,1188.8491999999999,onshore_wind_turbine
31,85,434.59206,onshore_wind_turbine
38,85,3744.01755,onshore_wind_turbine
50,85,0.0,onshore_wind_turbine
63,85,0.0,onshore_wind_turbine
80,85,0.9293199999999999,onshore_wind_turbine
94,85,187.5678,onshore_wind_turbine
105,85,334.379638887,onshore_wind_turbine
124,85,191.06731077280003,onshore_wind_turbine
136,85,0.0,onshore_wind_turbine
144,85,6747.904799999999,onshore_wind_turbine
11,85,0.0,small_hydroelectric
24,85,0.0,small_hydroelectric
32,85,192.0,small_hydroelectric
39,85,0.0,small_hydroelectric
51,85,25.641,small_hydroelectric
64,85,0.0,small_hydroelectric
81,85,0.0,small_hydroelectric
95,85,0.0,small_hydroelectric
106,85,31.614,small_hydroelectric
125,85,100.697,small_hydroelectric
137,85,36.822,small_hydroelectric
145,85,33.21,small_hydroelectric
12,85,9899.932139999999,solar_photovoltaic
25,85,0.0,solar_photovoltaic
33,85,1365.26775,solar_photovoltaic
52,85,4488.52292,solar_photovoltaic
65,85,18495.6866569755,solar_photovoltaic
82,85,14271.345550000002,solar_photovoltaic
96,85,1113.7294,solar_photovoltaic
107,85,0.0,solar_photovoltaic
126,85,32208.28034818388,solar_photovoltaic
138,85,3591.2376499999996,solar_photovoltaic
26,86,0.0,biomass
13,86,0.0,biomass
108,86,0.0,biomass
40,86,0.0,biomass
97,86,0.0,biomass
1,86,0.0,biomass
66,86,0.0,biomass
2,86,478.1901347999999,conventional_hydroelectric
14,86,135.476352,conventional_hydroelectric
27,86,233.95905359999992,conventional_hydroelectric
35,86,361.65479679999953,conventional_hydroelectric
54,86,272.53094219999997,conventional_hydroelectric
67,86,1780.1664528847678,conventional_hydroelectric
84,86,5952.9551921999455,conventional_hydroelectric
109,86,51.0237450449996,conventional_hydroelectric
128,86,16.33368,conventional_hydroelectric
139,86,0.0,conventional_hydroelectric
110,86,0.0,conventional_steam_coal
41,86,0.0,conventional_steam_coal
3,86,0.0,conventional_steam_coal
36,86,0.0,conventional_steam_coal
85,86,0.0,conventional_steam_coal
28,86,74.364,geothermal
116,86,0.0,natural_gas_fired_combined_cycle
73,86,0.0,natural_gas_fired_combined_cycle
71,86,0.0,natural_gas_fired_combined_cycle
44,86,0.0,natural_gas_fired_combined_cycle
115,86,0.0,natural_gas_fired_combined_cycle
70,86,0.0,natural_gas_fired_combined_cycle
131,86,0.0,natural_gas_fired_combined_cycle
18,86,0.0,natural_gas_fired_combined_cycle
72,86,0.0,natural_gas_fired_combined_cycle
114,86,0.0,natural_gas_fired_combined_cycle
45,86,0.0,natural_gas_fired_combined_cycle
78,86,0.0,natural_gas_fired_combustion_turbine
75,86,0.0,natural_gas_fired_combustion_turbine
119,86,0.0,natural_gas_fired_combustion_turbine
117,86,0.0,natural_gas_fired_combustion_turbine
134,86,0.0,natural_gas_fired_combustion_turbine
103,86,0.0,natural_gas_fired_combustion_turbine
47,86,0.0,natural_gas_fired_combustion_turbine
8,86,0.0,natural_gas_fired_combustion_turbine
90,86,0.0,natural_gas_fired_combustion_turbine
60,86,0.0,natural_gas_fired_combustion_turbine
46,86,0.0,natural_gas_fired_combustion_turbine
37,86,0.0,natural_gas_fired_combustion_turbine
7,86,0.0,natural_gas_fired_combustion_turbine
133,86,0.0,natural_gas_fired_combustion_turbine
74,86,0.0,natural_gas_fired_combustion_turbine
20,86,0.0,natural_gas_fired_combustion_turbine
135,86,0.0,natural_gas_fired_combustion_turbine
142,86,0.0,natural_gas_fired_combustion_turbine
121,86,0.0,natural_gas_fired_combustion_turbine
91,86,0.0,natural_gas_fired_combustion_turbine
22,86,0.0,natural_gas_steam_turbine
123,86,0.0,natural_gas_steam_turbine
62,86,0.0,natural_gas_steam_turbine
49,86,0.0,natural_gas_steam_turbine
48,86,0.0,natural_gas_steam_turbine
21,86,0.0,natural_gas_steam_turbine
79,86,0.0,nuclear
10,86,41.06508,onshore_wind_turbine
23,86,1839.1758,onshore_wind_turbine
31,86,328.91257,onshore_wind_turbine
38,86,3105.52935,onshore_wind_turbine
50,86,184.26912,onshore_wind_turbine
63,86,0.0,onshore_wind_turbine
80,86,3.7172799999999997,onshore_wind_turbine
94,86,0.0,onshore_wind_turbine
105,86,0.0,onshore_wind_turbine
124,86,301.37617408360006,onshore_wind_turbine
136,86,210.46662000000003,onshore_wind_turbine
144,86,7368.050910834195,onshore_wind_turbine
11,86,19.125,small_hydroelectric
24,86,62.577,small_hydroelectric
32,86,192.0,small_hydroelectric
39,86,52.9,small_hydroelectric
51,86,0.0,small_hydroelectric
64,86,6.128,small_hydroelectric
81,86,0.0,small_hydroelectric
95,86,0.0,small_hydroelectric
106,86,31.614,small_hydroelectric
125,86,0.0,small_hydroelectric
137,86,0.0,small_hydroelectric
145,86,0.0,small_hydroelectric
12,86,9849.08358,solar_photovoltaic
25,86,2862.9829199999995,solar_photovoltaic
33,86,1349.4232499999998,solar_photovoltaic
52,86,0.0,solar_photovoltaic
65,86,16504.7934036335,solar_photovoltaic
82,86,11019.07856,solar_photovoltaic
96,86,843.67206,solar_photovoltaic
107,86,11829.235110055999,solar_photovoltaic
126,86,24930.293901863,solar_photovoltaic
138,86,3527.768859999999,solar_photovoltaic
26,87,0.0,biomass
13,87,0.0,biomass
108,87,0.0,biomass
40,87,0.0,biomass
97,87,0.0,biomass
1,87,0.0,biomass
66,87,0.0,biomass
2,87,248.9019707999998,conventional_hydroelectric
14,87,96.43281999999999,conventional_hydroelectric
27,87,116.83841759999973,conventional_hydroelectric
35,87,361.40503519999874,conventional_hydroelectric
54,87,358.8012252,conventional_hydroelectric
67,87,1176.4238718847673,conventional_hydroelectric
84,87,5923.902214199996,conventional_hydroelectric
109,87,166.908345045,conventional_hydroelectric
128,87,3.7342799999999894,conventional_hydroelectric
139,87,19.330368000000046,conventional_hydroelectric
110,87,0.0,conventional_steam_coal
41,87,0.0,conventional_steam_coal
3,87,0.0,conventional_steam_coal
36,87,0.0,conventional_steam_coal
85,87,0.0,conventional_steam_coal
28,87,74.364,geothermal
116,87,0.0,natural_gas_fired_combined_cycle
73,87,0.0,natural_gas_fired_combined_cycle
71,87,0.0,natural_gas_fired_combined_cycle
44,87,0.0,natural_gas_fired_combined_cycle
115,87,0.0,natural_gas_fired_combined_cycle
70,87,0.0,natural_gas_fired_combined_cycle
131,87,0.0,natural_gas_fired_combined_cycle
18,87,0.0,natural_gas_fired_combined_cycle
72,87,0.0,natural_gas_fired_combined_cycle
114,87,0.0,natural_gas_fired_combined_cycle
45,87,0.0,natural_gas_fired_combined_cycle
78,87,0.0,natural_gas_fired_combustion_turbine
75,87,0.0,natural_gas_fired_combustion_turbine
119,87,0.0,natural_gas_fired_combustion_turbine
117,87,0.0,natural_gas_fired_combustion_turbine
134,87,0.0,natural_gas_fired_combustion_turbine
103,87,0.0,natural_gas_fired_combustion_turbine
47,87,0.0,natural_gas_fired_combustion_turbine
8,87,0.0,natural_gas_fired_combustion_turbine
90,87,0.0,natural_gas_fired_combustion_turbine
60,87,0.0,natural_gas_fired_combustion_turbine
46,87,0.0,natural_gas_fired_combustion_turbine
37,87,0.0,natural_gas_fired_combustion_turbine
7,87,0.0,natural_gas_fired_combustion_turbine
133,87,0.0,natural_gas_fired_combustion_turbine
74,87,0.0,natural_gas_fired_combustion_turbine
20,87,0.0,natural_gas_fired_combustion_turbine
135,87,0.0,natural_gas_fired_combustion_turbine
142,87,0.0,natural_gas_fired_combustion_turbine
121,87,0.0,natural_gas_fired_combustion_turbine
91,87,0.0,natural_gas_fired_combustion_turbine
22,87,0.0,natural_gas_steam_turbine
123,87,0.0,natural_gas_steam_turbine
62,87,0.0,natural_gas_steam_turbine
49,87,0.0,natural_gas_steam_turbine
48,87,0.0,natural_gas_steam_turbine
21,87,0.0,natural_gas_steam_turbine
79,87,0.0,nuclear
10,87,92.93676,onshore_wind_turbine
23,87,0.0,onshore_wind_turbine
31,87,0.0,onshore_wind_turbine
38,87,3241.86135,onshore_wind_turbine
50,87,447.80106,onshore_wind_turbine
63,87,31.756759988800003,onshore_wind_turbine
80,87,0.0,onshore_wind_turbine
94,87,0.0,onshore_wind_turbine
105,87,873.072201666,onshore_wind_turbine
124,87,0.0,onshore_wind_turbine
136,87,0.0,onshore_wind_turbine
144,87,5454.556379999999,onshore_wind_turbine
11,87,0.0,small_hydroelectric
24,87,62.577,small_hydroelectric
32,87,192.0,small_hydroelectric
39,87,52.9,small_hydroelectric
51,87,25.641,small_hydroelectric
64,87,0.0,small_hydroelectric
81,87,241.672,small_hydroelectric
95,87,0.0,small_hydroelectric
106,87,0.0,small_hydroelectric
125,87,100.697,small_hydroelectric
137,87,0.0,small_hydroelectric
145,87,33.21,small_hydroelectric
12,87,0.0,solar_photovoltaic
25,87,2584.6062199999997,solar_photovoltaic
33,87,1301.3616,solar_photovoltaic
52,87,4221.727440000001,solar_photovoltaic
65,87,17065.1945090697,solar_photovoltaic
82,87,0.0,solar_photovoltaic
96,87,1057.7490699999998,solar_photovoltaic
107,87,14957.4919834585,solar_photovoltaic
126,87,23187.56378788726,solar_photovoltaic
138,87,3382.1102699999997,solar_photovoltaic
26,88,0.0,biomass
13,88,0.0,biomass
108,88,0.0,biomass
40,88,0.0,biomass
97,88,0.0,biomass
1,88,0.0,biomass
66,88,0.0,biomass
2,88,478.19013479999995,conventional_hydroelectric
14,88,135.476352,conventional_hydroelectric
27,88,233.95905359999946,conventional_hydroelectric
35,88,568.7071632000001,conventional_hydroelectric
54,88,272.53094219999997,conventional_hydroelectric
67,88,1780.166452884768,conventional_hydroelectric
84,88,8335.2993882,conventional_hydroelectric
109,88,166.4649859236,conventional_hydroelectric
128,88,16.333680000000008,conventional_hydroelectric
139,88,23.2663104,conventional_hydroelectric
110,88,0.0,conventional_steam_coal
41,88,0.0,conventional_steam_coal
3,88,0.0,conventional_steam_coal
36,88,0.0,conventional_steam_coal
85,88,0.0,conventional_steam_coal
28,88,0.0,geothermal
116,88,0.0,natural_gas_fired_combined_cycle
73,88,0.0,natural_gas_fired_combined_cycle
71,88,0.0,natural_gas_fired_combined_cycle
44,88,0.0,natural_gas_fired_combined_cycle
115,88,0.0,natural_gas_fired_combined_cycle
70,88,0.0,natural_gas_fired_combined_cycle
131,88,0.0,natural_gas_fired_combined_cycle
18,88,0.0,natural_gas_fired_combined_cycle
72,88,0.0,natural_gas_fired_combined_cycle
114,88,0.0,natural_gas_fired_combined_cycle
45,88,0.0,natural_gas_fired_combined_cycle
78,88,0.0,natural_gas_fired_combustion_turbine
75,88,0.0,natural_gas_fired_combustion_turbine
119,88,0.0,natural_gas_fired_combustion_turbine
117,88,0.0,natural_gas_fired_combustion_turbine
134,88,0.0,natural_gas_fired_combustion_turbine
103,88,0.0,natural_gas_fired_combustion_turbine
47,88,0.0,natural_gas_fired_combustion_turbine
8,88,0.0,natural_gas_fired_combustion_turbine
90,88,0.0,natural_gas_fired_combustion_turbine
60,88,0.0,natural_gas_fired_combustion_turbine
46,88,0.0,natural_gas_fired_combustion_turbine
37,88,0.0,natural_gas_fired_combustion_turbine
7,88,0.0,natural_gas_fired_combustion_turbine
133,88,0.0,natural_gas_fired_combustion_turbine
74,88,0.0,natural_gas_fired_combustion_turbine
20,88,0.0,natural_gas_fired_combustion_turbine
135,88,0.0,natural_gas_fired_combustion_turbine
142,88,0.0,natural_gas_fired_combustion_turbine
121,88,0.0,natural_gas_fired_combustion_turbine
91,88,0.0,natural_gas_fired_combustion_turbine
22,88,0.0,natural_gas_steam_turbine
123,88,0.0,natural_gas_steam_turbine
62,88,0.0,natural_gas_steam_turbine
49,88,0.0,natural_gas_steam_turbine
48,88,0.0,natural_gas_steam_turbine
21,88,0.0,natural_gas_steam_turbine
79,88,1851.4997499999981,nuclear
10,88,0.0,onshore_wind_turbine
23,88,696.9116,onshore_wind_turbine
31,88,0.0,onshore_wind_turbine
38,88,3607.1175,onshore_wind_turbine
50,88,678.1374599999999,onshore_wind_turbine
63,88,0.0,onshore_wind_turbine
80,88,1012.0294799999998,onshore_wind_turbine
94,88,0.0,onshore_wind_turbine
105,88,470.306901519,onshore_wind_turbine
124,88,623.1502927804002,onshore_wind_turbine
136,88,0.0794046036266991,onshore_wind_turbine
144,88,0.0,onshore_wind_turbine
11,88,19.125,small_hydroelectric
24,88,0.0,small_hydroelectric
32,88,0.0,small_hydroelectric
39,88,0.0,small_hydroelectric
51,88,0.0,small_hydroelectric
64,88,0.0,small_hydroelectric
81,88,241.672,small_hydroelectric
95,88,418.922,small_hydroelectric
106,88,31.614,small_hydroelectric
125,88,0.0,small_hydroelectric
137,88,36.822,small_hydroelectric
145,88,0.0,small_hydroelectric
12,88,7240.26996,solar_photovoltaic
25,88,1972.9247999999998,solar_photovoltaic
33,88,0.0,solar_photovoltaic
52,88,3151.08962,solar_photovoltaic
65,88,13271.4639386756,solar_photovoltaic
82,88,0.0,solar_photovoltaic
96,88,0.0,solar_photovoltaic
107,88,11236.723897889,solar_photovoltaic
126,88,27017.910901324,solar_photovoltaic
138,88,2837.83115,solar_photovoltaic
26,89,0.0,biomass
13,89,0.0,biomass
108,89,0.0,biomass
40,89,0.0,biomass
97,89,0.0,biomass
1,89,0.0,biomass
66,89,0.0,biomass
2,89,477.91388399999994,conventional_hydroelectric
14,89,174.519884,conventional_hydroelectric
27,89,351.0796896,conventional_hydroelectric
35,89,568.7071632000001,conventional_hydroelectric
54,89,357.138183599999,conventional_hydroelectric
67,89,1778.8165717617358,conventional_hydroelectric
84,89,8332.3940904,conventional_hydroelectric
109,89,166.0397494782,conventional_hydroelectric
128,89,28.93308,conventional_hydroelectric
139,89,23.079993599999998,conventional_hydroelectric
110,89,21.5,conventional_steam_coal
41,89,0.0,conventional_steam_coal
3,89,0.0,conventional_steam_coal
36,89,0.0,conventional_steam_coal
85,89,0.0,conventional_steam_coal
28,89,74.364,geothermal
116,89,0.0,natural_gas_fired_combined_cycle
73,89,0.0,natural_gas_fired_combined_cycle
71,89,0.0,natural_gas_fired_combined_cycle
44,89,0.0,natural_gas_fired_combined_cycle
115,89,0.0,natural_gas_fired_combined_cycle
70,89,0.0,natural_gas_fired_combined_cycle
131,89,0.0,natural_gas_fired_combined_cycle
18,89,0.0,natural_gas_fired_combined_cycle
72,89,0.0,natural_gas_fired_combined_cycle
114,89,0.0,natural_gas_fired_combined_cycle
45,89,0.0,natural_gas_fired_combined_cycle
78,89,0.0,natural_gas_fired_combustion_turbine
75,89,0.0,natural_gas_fired_combustion_turbine
119,89,0.0,natural_gas_fired_combustion_turbine
117,89,0.0,natural_gas_fired_combustion_turbine
134,89,0.0,natural_gas_fired_combustion_turbine
103,89,0.0,natural_gas_fired_combustion_turbine
47,89,0.0,natural_gas_fired_combustion_turbine
8,89,0.0,natural_gas_fired_combustion_turbine
90,89,0.0,natural_gas_fired_combustion_turbine
60,89,0.0,natural_gas_fired_combustion_turbine
46,89,0.0,natural_gas_fired_combustion_turbine
37,89,0.0,natural_gas_fired_combustion_turbine
7,89,0.0,natural_gas_fired_combustion_turbine
133,89,0.0,natural_gas_fired_combustion_turbine
74,89,0.0,natural_gas_fired_combustion_turbine
20,89,0.0,natural_gas_fired_combustion_turbine
135,89,0.0,natural_gas_fired_combustion_turbine
142,89,0.0,natural_gas_fired_combustion_turbine
121,89,0.0,natural_gas_fired_combustion_turbine
91,89,0.0,natural_gas_fired_combustion_turbine
22,89,0.0,natural_gas_steam_turbine
123,89,0.0,natural_gas_steam_turbine
62,89,0.0,natural_gas_steam_turbine
49,89,0.0,natural_gas_steam_turbine
48,89,0.0,natural_gas_steam_turbine
21,89,0.0,natural_gas_steam_turbine
79,89,3702.9994999999935,nuclear
10,89,264.7617,onshore_wind_turbine
23,89,495.6644,onshore_wind_turbine
31,89,185.23596,onshore_wind_turbine
38,89,3518.5017,onshore_wind_turbine
50,89,598.19718,onshore_wind_turbine
63,89,201.3253199552,onshore_wind_turbine
80,89,2001.7552799999999,onshore_wind_turbine
94,89,536.9588,onshore_wind_turbine
105,89,400.089901323,onshore_wind_turbine
124,89,1540.2231000464003,onshore_wind_turbine
136,89,366.0680100000001,onshore_wind_turbine
144,89,3014.9292599999994,onshore_wind_turbine
11,89,19.125,small_hydroelectric
24,89,62.577,small_hydroelectric
32,89,192.0,small_hydroelectric
39,89,52.9,small_hydroelectric
51,89,25.641,small_hydroelectric
64,89,6.128,small_hydroelectric
81,89,241.672,small_hydroelectric
95,89,418.922,small_hydroelectric
106,89,31.614,small_hydroelectric
125,89,100.697,small_hydroelectric
137,89,36.822,small_hydroelectric
145,89,33.21,small_hydroelectric
12,89,4415.34996,solar_photovoltaic
25,89,967.0320799999997,solar_photovoltaic
33,89,810.35815,solar_photovoltaic
52,89,1486.037,solar_photovoltaic
65,89,9337.317560627002,solar_photovoltaic
82,89,7917.03626,solar_photovoltaic
96,89,685.72231,solar_photovoltaic
107,89,7661.7883967555,solar_photovoltaic
126,89,19432.710447444,solar_photovoltaic
138,89,1903.1504799999998,solar_photovoltaic
26,90,11.235,biomass
13,90,15.682,biomass
108,90,137.081,biomass
40,90,5.952,biomass
97,90,178.173,biomass
1,90,16.294,biomass
66,90,228.795,biomass
2,90,477.6376332,conventional_hydroelectric
14,90,174.5669244,conventional_hydroelectric
27,90,350.656362,conventional_hydroelectric
35,90,568.4574016,conventional_hydroelectric
54,90,356.3066628,conventional_hydroelectric
67,90,1778.1940986127108,conventional_hydroelectric
84,90,8326.583494800001,conventional_hydroelectric
109,90,165.6752616948,conventional_hydroelectric
128,90,28.902720000000006,conventional_hydroelectric
139,90,22.9169664,conventional_hydroelectric
110,90,50.0,conventional_steam_coal
41,90,7219.002,conventional_steam_coal
3,90,8009.062589999994,conventional_steam_coal
36,90,1350.1595699999991,conventional_steam_coal
85,90,763.8,conventional_steam_coal
28,90,74.364,geothermal
116,90,36.16,natural_gas_fired_combined_cycle
73,90,412.6080000000022,natural_gas_fired_combined_cycle
71,90,0.0,natural_gas_fired_combined_cycle
44,90,0.0,natural_gas_fired_combined_cycle
115,90,0.0,natural_gas_fired_combined_cycle
70,90,0.0,natural_gas_fired_combined_cycle
131,90,0.0,natural_gas_fired_combined_cycle
18,90,0.0,natural_gas_fired_combined_cycle
72,90,0.0,natural_gas_fired_combined_cycle
114,90,0.0,natural_gas_fired_combined_cycle
45,90,0.0,natural_gas_fired_combined_cycle
78,90,257.0,natural_gas_fired_combustion_turbine
75,90,0.0,natural_gas_fired_combustion_turbine
119,90,0.0,natural_gas_fired_combustion_turbine
117,90,0.0,natural_gas_fired_combustion_turbine
134,90,0.0,natural_gas_fired_combustion_turbine
103,90,0.0,natural_gas_fired_combustion_turbine
47,90,0.0,natural_gas_fired_combustion_turbine
8,90,0.0,natural_gas_fired_combustion_turbine
90,90,0.0,natural_gas_fired_combustion_turbine
60,90,0.0,natural_gas_fired_combustion_turbine
46,90,0.0,natural_gas_fired_combustion_turbine
37,90,0.0,natural_gas_fired_combustion_turbine
7,90,0.0,natural_gas_fired_combustion_turbine
133,90,0.0,natural_gas_fired_combustion_turbine
74,90,0.0,natural_gas_fired_combustion_turbine
20,90,0.0,natural_gas_fired_combustion_turbine
135,90,0.0,natural_gas_fired_combustion_turbine
142,90,0.0,natural_gas_fired_combustion_turbine
121,90,0.0,natural_gas_fired_combustion_turbine
91,90,0.0,natural_gas_fired_combustion_turbine
22,90,0.0,natural_gas_steam_turbine
123,90,0.0,natural_gas_steam_turbine
62,90,0.0,natural_gas_steam_turbine
49,90,0.0,natural_gas_steam_turbine
48,90,0.0,natural_gas_steam_turbine
21,90,0.0,natural_gas_steam_turbine
79,90,5554.499249999988,nuclear
10,90,249.27224,onshore_wind_turbine
23,90,1075.1818,onshore_wind_turbine
31,90,460.71508,onshore_wind_turbine
38,90,3317.412,onshore_wind_turbine
50,90,1808.14074,onshore_wind_turbine
63,90,185.41992014,onshore_wind_turbine
80,90,2098.40456,onshore_wind_turbine
94,90,1136.4402,onshore_wind_turbine
105,90,237.530579454,onshore_wind_turbine
124,90,5396.1138827288005,onshore_wind_turbine
136,90,1057.7296800000001,onshore_wind_turbine
144,90,2138.9993099999997,onshore_wind_turbine
11,90,19.125,small_hydroelectric
24,90,62.577,small_hydroelectric
32,90,192.0,small_hydroelectric
39,90,52.9,small_hydroelectric
51,90,25.641,small_hydroelectric
64,90,6.128,small_hydroelectric
81,90,241.672,small_hydroelectric
95,90,418.922,small_hydroelectric
106,90,31.614,small_hydroelectric
125,90,100.697,small_hydroelectric
137,90,36.822,small_hydroelectric
145,90,33.21,small_hydroelectric
12,90,0.0,solar_photovoltaic
25,90,0.0,solar_photovoltaic
33,90,138.7274,solar_photovoltaic
52,90,0.0,solar_photovoltaic
65,90,2057.8868895858004,solar_photovoltaic
82,90,2553.8197299999997,solar_photovoltaic
96,90,302.38194,solar_photovoltaic
107,90,1068.6467464155,solar_photovoltaic
126,90,7690.2491481445,solar_photovoltaic
138,90,0.0,solar_photovoltaic
26,91,11.235,biomass
13,91,15.682,biomass
108,91,137.081,biomass
40,91,5.952,biomass
97,91,178.173,biomass
1,91,16.294,biomass
66,91,228.795,biomass
2,91,477.36138239999997,conventional_hydroelectric
14,91,174.6139648,conventional_hydroelectric
27,91,350.2330344,conventional_hydroelectric
35,91,568.4574016,conventional_hydroelectric
54,91,355.3712019,conventional_hydroelectric
67,91,1776.8442247636858,conventional_hydroelectric
84,91,8323.678197,conventional_hydroelectric
109,91,165.3107739114,conventional_hydroelectric
128,91,28.872360000000004,conventional_hydroelectric
139,91,22.753939199999998,conventional_hydroelectric
110,91,50.0,conventional_steam_coal
41,91,7219.002,conventional_steam_coal
3,91,14050.987,conventional_steam_coal
36,91,2368.701,conventional_steam_coal
85,91,1340.0,conventional_steam_coal
28,91,74.364,geothermal
116,91,56.5,natural_gas_fired_combined_cycle
73,91,644.7000003646704,natural_gas_fired_combined_cycle
71,91,0.0,natural_gas_fired_combined_cycle
44,91,0.0,natural_gas_fired_combined_cycle
115,91,0.0,natural_gas_fired_combined_cycle
70,91,0.0,natural_gas_fired_combined_cycle
131,91,0.0,natural_gas_fired_combined_cycle
18,91,0.0,natural_gas_fired_combined_cycle
72,91,0.0,natural_gas_fired_combined_cycle
114,91,0.0,natural_gas_fired_combined_cycle
45,91,0.0,natural_gas_fired_combined_cycle
78,91,257.0,natural_gas_fired_combustion_turbine
75,91,0.0,natural_gas_fired_combustion_turbine
119,91,0.0,natural_gas_fired_combustion_turbine
117,91,0.0,natural_gas_fired_combustion_turbine
134,91,0.0,natural_gas_fired_combustion_turbine
103,91,0.0,natural_gas_fired_combustion_turbine
47,91,0.0,natural_gas_fired_combustion_turbine
8,91,0.0,natural_gas_fired_combustion_turbine
90,91,0.0,natural_gas_fired_combustion_turbine
60,91,0.0,natural_gas_fired_combustion_turbine
46,91,0.0,natural_gas_fired_combustion_turbine
37,91,0.0,natural_gas_fired_combustion_turbine
7,91,0.0,natural_gas_fired_combustion_turbine
133,91,0.0,natural_gas_fired_combustion_turbine
74,91,0.0,natural_gas_fired_combustion_turbine
20,91,0.0,natural_gas_fired_combustion_turbine
135,91,0.0,natural_gas_fired_combustion_turbine
142,91,0.0,natural_gas_fired_combustion_turbine
121,91,0.0,natural_gas_fired_combustion_turbine
91,91,0.0,natural_gas_fired_combustion_turbine
22,91,0.0,natural_gas_steam_turbine
123,91,0.0,natural_gas_steam_turbine
62,91,0.0,natural_gas_steam_turbine
49,91,0.0,natural_gas_steam_turbine
48,91,0.0,natural_gas_steam_turbine
21,91,0.0,natural_gas_steam_turbine
79,91,7405.999,nuclear
10,91,272.14621000000005,onshore_wind_turbine
23,91,931.7,onshore_wind_turbine
31,91,957.0524600000001,onshore_wind_turbine
38,91,3302.6427000000003,onshore_wind_turbine
50,91,2287.78242,onshore_wind_turbine
63,91,120.569680308,onshore_wind_turbine
80,91,2398.5749199999996,onshore_wind_turbine
94,91,897.3832000000001,onshore_wind_turbine
105,91,67.17311970600001,onshore_wind_turbine
124,91,10000.526143715802,onshore_wind_turbine
136,91,1606.3819800000003,onshore_wind_turbine
144,91,3860.5801499999993,onshore_wind_turbine
11,91,19.125,small_hydroelectric
24,91,62.577,small_hydroelectric
32,91,192.0,small_hydroelectric
39,91,52.9,small_hydroelectric
51,91,25.641,small_hydroelectric
64,91,6.128,small_hydroelectric
81,91,241.672,small_hydroelectric
95,91,418.922,small_hydroelectric
106,91,31.614,small_hydroelectric
125,91,100.697,small_hydroelectric
137,91,36.822,small_hydroelectric
145,91,33.21,small_hydroelectric
12,91,0.0,solar_photovoltaic
25,91,0.0,solar_photovoltaic
33,91,0.0,solar_photovoltaic
52,91,0.0,solar_photovoltaic
65,91,0.0,solar_photovoltaic
82,91,0.0,solar_photovoltaic
96,91,0.0,solar_photovoltaic
107,91,0.0,solar_photovoltaic
126,91,0.0,solar_photovoltaic
138,91,0.0,solar_photovoltaic
26,92,11.235,biomass
13,92,15.682,biomass
108,92,137.081,biomass
40,92,5.952,biomass
97,92,178.173,biomass
1,92,16.294,biomass
66,92,228.795,biomass
2,92,477.08513159999995,conventional_hydroelectric
14,92,174.6610052,conventional_hydroelectric
27,92,349.6685976,conventional_hydroelectric
35,92,568.20764,conventional_hydroelectric
54,92,354.53968110000005,conventional_hydroelectric
67,92,1775.4943509146608,conventional_hydroelectric
84,92,8320.7728992,conventional_hydroelectric
109,92,164.8674133938,conventional_hydroelectric
128,92,28.85718,conventional_hydroelectric
139,92,22.567622399999998,conventional_hydroelectric
110,92,50.0,conventional_steam_coal
41,92,7219.002,conventional_steam_coal
3,92,14050.987,conventional_steam_coal
36,92,2368.701,conventional_steam_coal
85,92,763.8,conventional_steam_coal
28,92,74.364,geothermal
116,92,36.160000000000004,natural_gas_fired_combined_cycle
73,92,412.6079999999999,natural_gas_fired_combined_cycle
71,92,0.0,natural_gas_fired_combined_cycle
44,92,0.0,natural_gas_fired_combined_cycle
115,92,0.0,natural_gas_fired_combined_cycle
70,92,0.0,natural_gas_fired_combined_cycle
131,92,0.0,natural_gas_fired_combined_cycle
18,92,0.0,natural_gas_fired_combined_cycle
72,92,0.0,natural_gas_fired_combined_cycle
114,92,0.0,natural_gas_fired_combined_cycle
45,92,0.0,natural_gas_fired_combined_cycle
78,92,257.0,natural_gas_fired_combustion_turbine
75,92,0.0,natural_gas_fired_combustion_turbine
119,92,0.0,natural_gas_fired_combustion_turbine
117,92,0.0,natural_gas_fired_combustion_turbine
134,92,0.0,natural_gas_fired_combustion_turbine
103,92,0.0,natural_gas_fired_combustion_turbine
47,92,0.0,natural_gas_fired_combustion_turbine
8,92,0.0,natural_gas_fired_combustion_turbine
90,92,0.0,natural_gas_fired_combustion_turbine
60,92,0.0,natural_gas_fired_combustion_turbine
46,92,0.0,natural_gas_fired_combustion_turbine
37,92,0.0,natural_gas_fired_combustion_turbine
7,92,0.0,natural_gas_fired_combustion_turbine
133,92,0.0,natural_gas_fired_combustion_turbine
74,92,0.0,natural_gas_fired_combustion_turbine
20,92,0.0,natural_gas_fired_combustion_turbine
135,92,0.0,natural_gas_fired_combustion_turbine
142,92,0.0,natural_gas_fired_combustion_turbine
121,92,0.0,natural_gas_fired_combustion_turbine
91,92,0.0,natural_gas_fired_combustion_turbine
22,92,0.0,natural_gas_steam_turbine
123,92,0.0,natural_gas_steam_turbine
62,92,0.0,natural_gas_steam_turbine
49,92,0.0,natural_gas_steam_turbine
48,92,0.0,natural_gas_steam_turbine
21,92,0.0,natural_gas_steam_turbine
79,92,7405.999,nuclear
10,92,73.12466,onshore_wind_turbine
23,92,1332.331,onshore_wind_turbine
31,92,1125.66468,onshore_wind_turbine
38,92,3504.8685,onshore_wind_turbine
50,92,1989.70002,onshore_wind_turbine
63,92,216.8412403248,onshore_wind_turbine
80,92,1771.2839199999996,onshore_wind_turbine
94,92,235.3792,onshore_wind_turbine
105,92,1281.541799916,onshore_wind_turbine
124,92,16190.886174386002,onshore_wind_turbine
136,92,1670.2415100000003,onshore_wind_turbine
144,92,5006.85885,onshore_wind_turbine
11,92,19.125,small_hydroelectric
24,92,62.577,small_hydroelectric
32,92,192.0,small_hydroelectric
39,92,52.9,small_hydroelectric
51,92,25.641,small_hydroelectric
64,92,6.128,small_hydroelectric
81,92,241.672,small_hydroelectric
95,92,418.922,small_hydroelectric
106,92,31.614,small_hydroelectric
125,92,100.697,small_hydroelectric
137,92,36.822,small_hydroelectric
145,92,33.21,small_hydroelectric
12,92,0.0,solar_photovoltaic
25,92,0.0,solar_photovoltaic
33,92,0.0,solar_photovoltaic
52,92,0.0,solar_photovoltaic
65,92,0.0,solar_photovoltaic
82,92,0.0,solar_photovoltaic
96,92,0.0,solar_photovoltaic
107,92,0.0,solar_photovoltaic
126,92,0.0,solar_photovoltaic
138,92,0.0,solar_photovoltaic
26,93,11.235,biomass
13,93,15.682,biomass
108,93,137.081,biomass
40,93,5.952,biomass
97,93,178.173,biomass
1,93,16.294,biomass
66,93,228.795,biomass
2,93,476.8088808,conventional_hydroelectric
14,93,174.7080456,conventional_hydroelectric
27,93,349.24527,conventional_hydroelectric
35,93,568.20764,conventional_hydroelectric
54,93,353.70816030000003,conventional_hydroelectric
67,93,1774.19693720412,conventional_hydroelectric
84,93,8314.9623036,conventional_hydroelectric
109,93,164.4421783446,conventional_hydroelectric
128,93,28.826820000000005,conventional_hydroelectric
139,93,22.404595199999996,conventional_hydroelectric
110,93,50.0,conventional_steam_coal
41,93,0.0,conventional_steam_coal
3,93,6041.924409999979,conventional_steam_coal
36,93,1018.5414299999968,conventional_steam_coal
85,93,0.0,conventional_steam_coal
28,93,74.364,geothermal
116,93,0.0,natural_gas_fired_combined_cycle
73,93,0.0,natural_gas_fired_combined_cycle
71,93,0.0,natural_gas_fired_combined_cycle
44,93,0.0,natural_gas_fired_combined_cycle
115,93,0.0,natural_gas_fired_combined_cycle
70,93,0.0,natural_gas_fired_combined_cycle
131,93,0.0,natural_gas_fired_combined_cycle
18,93,0.0,natural_gas_fired_combined_cycle
72,93,0.0,natural_gas_fired_combined_cycle
114,93,0.0,natural_gas_fired_combined_cycle
45,93,0.0,natural_gas_fired_combined_cycle
78,93,0.0,natural_gas_fired_combustion_turbine
75,93,0.0,natural_gas_fired_combustion_turbine
119,93,0.0,natural_gas_fired_combustion_turbine
117,93,0.0,natural_gas_fired_combustion_turbine
134,93,0.0,natural_gas_fired_combustion_turbine
103,93,0.0,natural_gas_fired_combustion_turbine
47,93,0.0,natural_gas_fired_combustion_turbine
8,93,0.0,natural_gas_fired_combustion_turbine
90,93,0.0,natural_gas_fired_combustion_turbine
60,93,0.0,natural_gas_fired_combustion_turbine
46,93,0.0,natural_gas_fired_combustion_turbine
37,93,0.0,natural_gas_fired_combustion_turbine
7,93,0.0,natural_gas_fired_combustion_turbine
133,93,0.0,natural_gas_fired_combustion_turbine
74,93,0.0,natural_gas_fired_combustion_turbine
20,93,0.0,natural_gas_fired_combustion_turbine
135,93,0.0,natural_gas_fired_combustion_turbine
142,93,0.0,natural_gas_fired_combustion_turbine
121,93,0.0,natural_gas_fired_combustion_turbine
91,93,0.0,natural_gas_fired_combustion_turbine
22,93,0.0,natural_gas_steam_turbine
123,93,0.0,natural_gas_steam_turbine
62,93,0.0,natural_gas_steam_turbine
49,93,0.0,natural_gas_steam_turbine
48,93,0.0,natural_gas_steam_turbine
21,93,0.0,natural_gas_steam_turbine
79,93,7405.999,nuclear
10,93,75.64620000000001,onshore_wind_turbine
23,93,3650.4006,onshore_wind_turbine
31,93,452.40321000000006,onshore_wind_turbine
38,93,3474.7618500000003,onshore_wind_turbine
50,93,1632.6785999999997,onshore_wind_turbine
63,93,134.2535599944,onshore_wind_turbine
80,93,1979.4515999999996,onshore_wind_turbine
94,93,132.4008,onshore_wind_turbine
105,93,1388.310561204,onshore_wind_turbine
124,93,20042.739436566004,onshore_wind_turbine
136,93,1412.1051000000002,onshore_wind_turbine
144,93,7520.0208299999995,onshore_wind_turbine
11,93,19.125,small_hydroelectric
24,93,62.577,small_hydroelectric
32,93,192.0,small_hydroelectric
39,93,52.9,small_hydroelectric
51,93,25.641,small_hydroelectric
64,93,6.128,small_hydroelectric
81,93,241.672,small_hydroelectric
95,93,418.922,small_hydroelectric
106,93,31.614,small_hydroelectric
125,93,100.697,small_hydroelectric
137,93,36.822,small_hydroelectric
145,93,33.21,small_hydroelectric
12,93,0.0,solar_photovoltaic
25,93,0.0,solar_photovoltaic
33,93,0.0,solar_photovoltaic
52,93,0.0,solar_photovoltaic
65,93,0.0,solar_photovoltaic
82,93,0.0,solar_photovoltaic
96,93,0.0,solar_photovoltaic
107,93,0.0,solar_photovoltaic
126,93,0.0,solar_photovoltaic
138,93,0.0,solar_photovoltaic
26,94,11.235,biomass
13,94,15.682,biomass
108,94,137.081,biomass
40,94,5.952,biomass
97,94,178.173,biomass
1,94,16.294,biomass
66,94,228.795,biomass
2,94,476.5326299999999,conventional_hydroelectric
14,94,174.755086,conventional_hydroelectric
27,94,348.6808332,conventional_hydroelectric
35,94,567.9578784,conventional_hydroelectric
54,94,352.87663950000007,conventional_hydroelectric
67,94,1773.5220039166109,conventional_hydroelectric
84,94,8312.057005800001,conventional_hydroelectric
109,94,164.0776905612,conventional_hydroelectric
128,94,28.81164,conventional_hydroelectric
139,94,22.241567999999997,conventional_hydroelectric
110,94,50.0,conventional_steam_coal
41,94,3083.8332358719617,conventional_steam_coal
3,94,0.0,conventional_steam_coal
36,94,0.0,conventional_steam_coal
85,94,0.0,conventional_steam_coal
28,94,74.364,geothermal
116,94,0.0,natural_gas_fired_combined_cycle
73,94,0.0,natural_gas_fired_combined_cycle
71,94,0.0,natural_gas_fired_combined_cycle
44,94,0.0,natural_gas_fired_combined_cycle
115,94,0.0,natural_gas_fired_combined_cycle
70,94,0.0,natural_gas_fired_combined_cycle
131,94,0.0,natural_gas_fired_combined_cycle
18,94,0.0,natural_gas_fired_combined_cycle
72,94,0.0,natural_gas_fired_combined_cycle
114,94,0.0,natural_gas_fired_combined_cycle
45,94,0.0,natural_gas_fired_combined_cycle
78,94,0.0,natural_gas_fired_combustion_turbine
75,94,0.0,natural_gas_fired_combustion_turbine
119,94,0.0,natural_gas_fired_combustion_turbine
117,94,0.0,natural_gas_fired_combustion_turbine
134,94,0.0,natural_gas_fired_combustion_turbine
103,94,0.0,natural_gas_fired_combustion_turbine
47,94,0.0,natural_gas_fired_combustion_turbine
8,94,0.0,natural_gas_fired_combustion_turbine
90,94,0.0,natural_gas_fired_combustion_turbine
60,94,0.0,natural_gas_fired_combustion_turbine
46,94,0.0,natural_gas_fired_combustion_turbine
37,94,0.0,natural_gas_fired_combustion_turbine
7,94,0.0,natural_gas_fired_combustion_turbine
133,94,0.0,natural_gas_fired_combustion_turbine
74,94,0.0,natural_gas_fired_combustion_turbine
20,94,0.0,natural_gas_fired_combustion_turbine
135,94,0.0,natural_gas_fired_combustion_turbine
142,94,0.0,natural_gas_fired_combustion_turbine
121,94,0.0,natural_gas_fired_combustion_turbine
91,94,0.0,natural_gas_fired_combustion_turbine
22,94,0.0,natural_gas_steam_turbine
123,94,0.0,natural_gas_steam_turbine
62,94,0.0,natural_gas_steam_turbine
49,94,0.0,natural_gas_steam_turbine
48,94,0.0,natural_gas_steam_turbine
21,94,0.0,natural_gas_steam_turbine
79,94,7405.999,nuclear
10,94,25.575620000000004,onshore_wind_turbine
23,94,6426.866599999999,onshore_wind_turbine
31,94,78.36906,onshore_wind_turbine
38,94,3359.4477,onshore_wind_turbine
50,94,1749.2017199999998,onshore_wind_turbine
63,94,177.9458797984,onshore_wind_turbine
80,94,3118.7979199999995,onshore_wind_turbine
94,94,121.3674,onshore_wind_turbine
105,94,1660.694699832,onshore_wind_turbine
124,94,21722.629185749804,onshore_wind_turbine
136,94,1425.5965500000002,onshore_wind_turbine
144,94,11019.415049999998,onshore_wind_turbine
11,94,19.125,small_hydroelectric
24,94,62.577,small_hydroelectric
32,94,192.0,small_hydroelectric
39,94,52.9,small_hydroelectric
51,94,25.641,small_hydroelectric
64,94,6.128,small_hydroelectric
81,94,241.672,small_hydroelectric
95,94,418.922,small_hydroelectric
106,94,31.614,small_hydroelectric
125,94,100.697,small_hydroelectric
137,94,36.822,small_hydroelectric
145,94,33.21,small_hydroelectric
12,94,0.0,solar_photovoltaic
25,94,0.0,solar_photovoltaic
33,94,0.0,solar_photovoltaic
52,94,0.0,solar_photovoltaic
65,94,0.0,solar_photovoltaic
82,94,0.0,solar_photovoltaic
96,94,0.0,solar_photovoltaic
107,94,0.0,solar_photovoltaic
126,94,0.0,solar_photovoltaic
138,94,0.0,solar_photovoltaic
26,95,11.235,biomass
13,95,15.682,biomass
108,95,137.081,biomass
40,95,5.952,biomass
97,95,178.173,biomass
1,95,16.294,biomass
66,95,228.795,biomass
2,95,476.25637919999997,conventional_hydroelectric
14,95,174.84916679999998,conventional_hydroelectric
27,95,348.2575056,conventional_hydroelectric
35,95,567.9578784,conventional_hydroelectric
54,95,352.04511870000005,conventional_hydroelectric
67,95,1772.172130067586,conventional_hydroelectric
84,95,8309.151708,conventional_hydroelectric
109,95,163.7132027778,conventional_hydroelectric
128,95,28.781280000000002,conventional_hydroelectric
139,95,22.0552512,conventional_hydroelectric
110,95,28.5,conventional_steam_coal
41,95,0.0,conventional_steam_coal
3,95,0.0,conventional_steam_coal
36,95,0.0,conventional_steam_coal
85,95,0.0,conventional_steam_coal
28,95,74.364,geothermal
116,95,0.0,natural_gas_fired_combined_cycle
73,95,0.0,natural_gas_fired_combined_cycle
71,95,0.0,natural_gas_fired_combined_cycle
44,95,0.0,natural_gas_fired_combined_cycle
115,95,0.0,natural_gas_fired_combined_cycle
70,95,0.0,natural_gas_fired_combined_cycle
131,95,0.0,natural_gas_fired_combined_cycle
18,95,0.0,natural_gas_fired_combined_cycle
72,95,0.0,natural_gas_fired_combined_cycle
114,95,0.0,natural_gas_fired_combined_cycle
45,95,0.0,natural_gas_fired_combined_cycle
78,95,0.0,natural_gas_fired_combustion_turbine
75,95,0.0,natural_gas_fired_combustion_turbine
119,95,0.0,natural_gas_fired_combustion_turbine
117,95,0.0,natural_gas_fired_combustion_turbine
134,95,0.0,natural_gas_fired_combustion_turbine
103,95,0.0,natural_gas_fired_combustion_turbine
47,95,0.0,natural_gas_fired_combustion_turbine
8,95,0.0,natural_gas_fired_combustion_turbine
90,95,0.0,natural_gas_fired_combustion_turbine
60,95,0.0,natural_gas_fired_combustion_turbine
46,95,0.0,natural_gas_fired_combustion_turbine
37,95,0.0,natural_gas_fired_combustion_turbine
7,95,0.0,natural_gas_fired_combustion_turbine
133,95,0.0,natural_gas_fired_combustion_turbine
74,95,0.0,natural_gas_fired_combustion_turbine
20,95,0.0,natural_gas_fired_combustion_turbine
135,95,0.0,natural_gas_fired_combustion_turbine
142,95,0.0,natural_gas_fired_combustion_turbine
121,95,0.0,natural_gas_fired_combustion_turbine
91,95,0.0,natural_gas_fired_combustion_turbine
22,95,0.0,natural_gas_steam_turbine
123,95,0.0,natural_gas_steam_turbine
62,95,0.0,natural_gas_steam_turbine
49,95,0.0,natural_gas_steam_turbine
48,95,0.0,natural_gas_steam_turbine
21,95,0.0,natural_gas_steam_turbine
79,95,5554.49924999999,nuclear
10,95,24.85518,onshore_wind_turbine
23,95,9779.1232,onshore_wind_turbine
31,95,115.17877,onshore_wind_turbine
38,95,3141.88455,onshore_wind_turbine
50,95,1679.4233399999998,onshore_wind_turbine
63,95,129.9759997928,onshore_wind_turbine
80,95,4180.081359999999,onshore_wind_turbine
94,95,40.4558,onshore_wind_turbine
105,95,1566.084518313,onshore_wind_turbine
124,95,22728.812057828804,onshore_wind_turbine
136,95,1350.0444300000004,onshore_wind_turbine
144,95,11823.972929999998,onshore_wind_turbine
11,95,19.125,small_hydroelectric
24,95,62.577,small_hydroelectric
32,95,192.0,small_hydroelectric
39,95,52.9,small_hydroelectric
51,95,25.641,small_hydroelectric
64,95,6.128,small_hydroelectric
81,95,241.672,small_hydroelectric
95,95,418.922,small_hydroelectric
106,95,31.614,small_hydroelectric
125,95,100.697,small_hydroelectric
137,95,36.822,small_hydroelectric
145,95,33.21,small_hydroelectric
12,95,0.0,solar_photovoltaic
25,95,0.0,solar_photovoltaic
33,95,0.0,solar_photovoltaic
52,95,0.0,solar_photovoltaic
65,95,0.0,solar_photovoltaic
82,95,0.0,solar_photovoltaic
96,95,0.0,solar_photovoltaic
107,95,0.0,solar_photovoltaic
126,95,0.0,solar_photovoltaic
138,95,0.0,solar_photovoltaic
26,96,0.0,biomass
13,96,0.0,biomass
108,96,0.0,biomass
40,96,0.0,biomass
97,96,0.0,biomass
1,96,0.0,biomass
66,96,0.0,biomass
2,96,246.96821519999907,conventional_hydroelectric
14,96,174.89620720000002,conventional_hydroelectric
27,96,231.1368695999992,conventional_hydroelectric
35,96,567.7081168,conventional_hydroelectric
54,96,351.2135979,conventional_hydroelectric
67,96,1770.8222489445538,conventional_hydroelectric
84,96,8303.3411124,conventional_hydroelectric
109,96,163.2698422602,conventional_hydroelectric
128,96,28.750920000000004,conventional_hydroelectric
139,96,21.892224,conventional_hydroelectric
110,96,0.0,conventional_steam_coal
41,96,0.0,conventional_steam_coal
3,96,0.0,conventional_steam_coal
36,96,0.0,conventional_steam_coal
85,96,0.0,conventional_steam_coal
28,96,74.364,geothermal
116,96,0.0,natural_gas_fired_combined_cycle
73,96,0.0,natural_gas_fired_combined_cycle
71,96,0.0,natural_gas_fired_combined_cycle
44,96,0.0,natural_gas_fired_combined_cycle
115,96,0.0,natural_gas_fired_combined_cycle
70,96,0.0,natural_gas_fired_combined_cycle
131,96,0.0,natural_gas_fired_combined_cycle
18,96,0.0,natural_gas_fired_combined_cycle
72,96,0.0,natural_gas_fired_combined_cycle
114,96,0.0,natural_gas_fired_combined_cycle
45,96,0.0,natural_gas_fired_combined_cycle
78,96,0.0,natural_gas_fired_combustion_turbine
75,96,0.0,natural_gas_fired_combustion_turbine
119,96,0.0,natural_gas_fired_combustion_turbine
117,96,0.0,natural_gas_fired_combustion_turbine
134,96,0.0,natural_gas_fired_combustion_turbine
103,96,0.0,natural_gas_fired_combustion_turbine
47,96,0.0,natural_gas_fired_combustion_turbine
8,96,0.0,natural_gas_fired_combustion_turbine
90,96,0.0,natural_gas_fired_combustion_turbine
60,96,0.0,natural_gas_fired_combustion_turbine
46,96,0.0,natural_gas_fired_combustion_turbine
37,96,0.0,natural_gas_fired_combustion_turbine
7,96,0.0,natural_gas_fired_combustion_turbine
133,96,0.0,natural_gas_fired_combustion_turbine
74,96,0.0,natural_gas_fired_combustion_turbine
20,96,0.0,natural_gas_fired_combustion_turbine
135,96,0.0,natural_gas_fired_combustion_turbine
142,96,0.0,natural_gas_fired_combustion_turbine
121,96,0.0,natural_gas_fired_combustion_turbine
91,96,0.0,natural_gas_fired_combustion_turbine
22,96,0.0,natural_gas_steam_turbine
123,96,0.0,natural_gas_steam_turbine
62,96,0.0,natural_gas_steam_turbine
49,96,0.0,natural_gas_steam_turbine
48,96,0.0,natural_gas_steam_turbine
21,96,0.0,natural_gas_steam_turbine
79,96,3702.999499999975,nuclear
10,96,55.83410000000001,onshore_wind_turbine
23,96,11184.1268,onshore_wind_turbine
31,96,116.36618,onshore_wind_turbine
38,96,2956.1322,onshore_wind_turbine
50,96,736.39902,onshore_wind_turbine
63,96,0.0,onshore_wind_turbine
80,96,2640.19812,onshore_wind_turbine
94,96,253.7682,onshore_wind_turbine
105,96,1441.203821169,onshore_wind_turbine
124,96,20898.44569452628,onshore_wind_turbine
136,96,1233.1185300000002,onshore_wind_turbine
144,96,13264.391069999998,onshore_wind_turbine
11,96,19.125,small_hydroelectric
24,96,0.0,small_hydroelectric
32,96,0.0,small_hydroelectric
39,96,52.9,small_hydroelectric
51,96,25.641,small_hydroelectric
64,96,6.128,small_hydroelectric
81,96,241.672,small_hydroelectric
95,96,418.922,small_hydroelectric
106,96,31.614,small_hydroelectric
125,96,0.0,small_hydroelectric
137,96,0.0,small_hydroelectric
145,96,33.21,small_hydroelectric
12,96,0.0,solar_photovoltaic
25,96,0.0,solar_photovoltaic
33,96,0.0,solar_photovoltaic
52,96,0.0,solar_photovoltaic
65,96,0.0,solar_photovoltaic
82,96,0.0,solar_photovoltaic
96,96,0.0,solar_photovoltaic
107,96,0.0,solar_photovoltaic
126,96,0.0,solar_photovoltaic
138,96,0.0,solar_photovoltaic
