r_id,hour,gen,resource
26,1,0.0,biomass
13,1,0.0,biomass
108,1,0.0,biomass
40,1,0.0,biomass
97,1,0.0,biomass
1,1,0.0,biomass
66,1,0.0,biomass
2,1,458.5763280000006,conventional_hydroelectric
14,1,0.0,conventional_hydroelectric
27,1,471.7280555999994,conventional_hydroelectric
35,1,0.0,conventional_hydroelectric
54,1,345.0811320000007,conventional_hydroelectric
67,1,1378.0842739467569,conventional_hydroelectric
84,1,7629.312022799999,conventional_hydroelectric
109,1,106.8473687892,conventional_hydroelectric
128,1,25.19879999999999,conventional_hydroelectric
139,1,45.438009599999994,conventional_hydroelectric
110,1,0.0,conventional_steam_coal
41,1,0.0,conventional_steam_coal
3,1,0.0,conventional_steam_coal
36,1,0.0,conventional_steam_coal
85,1,0.0,conventional_steam_coal
28,1,74.364,geothermal
116,1,0.0,natural_gas_fired_combined_cycle
73,1,0.0,natural_gas_fired_combined_cycle
71,1,0.0,natural_gas_fired_combined_cycle
44,1,0.0,natural_gas_fired_combined_cycle
115,1,0.0,natural_gas_fired_combined_cycle
70,1,0.0,natural_gas_fired_combined_cycle
131,1,0.0,natural_gas_fired_combined_cycle
18,1,0.0,natural_gas_fired_combined_cycle
72,1,0.0,natural_gas_fired_combined_cycle
114,1,0.0,natural_gas_fired_combined_cycle
45,1,0.0,natural_gas_fired_combined_cycle
78,1,0.0,natural_gas_fired_combustion_turbine
75,1,0.0,natural_gas_fired_combustion_turbine
119,1,0.0,natural_gas_fired_combustion_turbine
117,1,0.0,natural_gas_fired_combustion_turbine
134,1,0.0,natural_gas_fired_combustion_turbine
103,1,0.0,natural_gas_fired_combustion_turbine
47,1,0.0,natural_gas_fired_combustion_turbine
8,1,0.0,natural_gas_fired_combustion_turbine
90,1,0.0,natural_gas_fired_combustion_turbine
60,1,0.0,natural_gas_fired_combustion_turbine
46,1,0.0,natural_gas_fired_combustion_turbine
37,1,0.0,natural_gas_fired_combustion_turbine
7,1,0.0,natural_gas_fired_combustion_turbine
133,1,0.0,natural_gas_fired_combustion_turbine
74,1,0.0,natural_gas_fired_combustion_turbine
20,1,0.0,natural_gas_fired_combustion_turbine
135,1,0.0,natural_gas_fired_combustion_turbine
142,1,0.0,natural_gas_fired_combustion_turbine
121,1,0.0,natural_gas_fired_combustion_turbine
91,1,0.0,natural_gas_fired_combustion_turbine
22,1,0.0,natural_gas_steam_turbine
123,1,0.0,natural_gas_steam_turbine
62,1,0.0,natural_gas_steam_turbine
49,1,0.0,natural_gas_steam_turbine
48,1,0.0,natural_gas_steam_turbine
21,1,0.0,natural_gas_steam_turbine
79,1,0.0,nuclear
10,1,919.6416600000001,onshore_wind_turbine
23,1,0.0,onshore_wind_turbine
31,1,9120.496210000001,onshore_wind_turbine
38,1,4144.4928,onshore_wind_turbine
50,1,3476.04726,onshore_wind_turbine
63,1,438.4696398712,onshore_wind_turbine
80,1,6673.4469199999985,onshore_wind_turbine
94,1,18819.302600000003,onshore_wind_turbine
105,1,2080.031518425,onshore_wind_turbine
124,1,20611.930580225602,onshore_wind_turbine
136,1,6629.698530000001,onshore_wind_turbine
144,1,8476.37188074231,onshore_wind_turbine
11,1,0.0,small_hydroelectric
24,1,0.0,small_hydroelectric
32,1,192.0,small_hydroelectric
39,1,0.0,small_hydroelectric
51,1,25.641,small_hydroelectric
64,1,6.128,small_hydroelectric
81,1,0.0,small_hydroelectric
95,1,0.0,small_hydroelectric
106,1,31.614,small_hydroelectric
125,1,100.697,small_hydroelectric
137,1,36.822,small_hydroelectric
145,1,0.0,small_hydroelectric
12,1,0.0,solar_photovoltaic
25,1,0.0,solar_photovoltaic
33,1,0.0,solar_photovoltaic
52,1,0.0,solar_photovoltaic
65,1,0.0,solar_photovoltaic
82,1,0.0,solar_photovoltaic
96,1,0.0,solar_photovoltaic
107,1,0.0,solar_photovoltaic
126,1,0.0,solar_photovoltaic
138,1,0.0,solar_photovoltaic
26,2,0.0,biomass
13,2,0.0,biomass
108,2,0.0,biomass
40,2,0.0,biomass
97,2,0.0,biomass
1,2,0.0,biomass
66,2,0.0,biomass
2,2,458.57632800000084,conventional_hydroelectric
14,2,39.04353200000013,conventional_hydroelectric
27,2,354.60741959999893,conventional_hydroelectric
35,2,207.3021279999997,conventional_hydroelectric
54,2,431.35141500000566,conventional_hydroelectric
67,2,774.3416929467573,conventional_hydroelectric
84,2,10040.709196800008,conventional_hydroelectric
109,2,0.0,conventional_hydroelectric
128,2,25.684559999999948,conventional_hydroelectric
139,2,26.107641599999926,conventional_hydroelectric
110,2,0.0,conventional_steam_coal
41,2,0.0,conventional_steam_coal
3,2,0.0,conventional_steam_coal
36,2,0.0,conventional_steam_coal
85,2,0.0,conventional_steam_coal
28,2,0.0,geothermal
116,2,0.0,natural_gas_fired_combined_cycle
73,2,0.0,natural_gas_fired_combined_cycle
71,2,0.0,natural_gas_fired_combined_cycle
44,2,0.0,natural_gas_fired_combined_cycle
115,2,0.0,natural_gas_fired_combined_cycle
70,2,0.0,natural_gas_fired_combined_cycle
131,2,0.0,natural_gas_fired_combined_cycle
18,2,0.0,natural_gas_fired_combined_cycle
72,2,0.0,natural_gas_fired_combined_cycle
114,2,0.0,natural_gas_fired_combined_cycle
45,2,0.0,natural_gas_fired_combined_cycle
78,2,0.0,natural_gas_fired_combustion_turbine
75,2,0.0,natural_gas_fired_combustion_turbine
119,2,0.0,natural_gas_fired_combustion_turbine
117,2,0.0,natural_gas_fired_combustion_turbine
134,2,0.0,natural_gas_fired_combustion_turbine
103,2,0.0,natural_gas_fired_combustion_turbine
47,2,0.0,natural_gas_fired_combustion_turbine
8,2,0.0,natural_gas_fired_combustion_turbine
90,2,0.0,natural_gas_fired_combustion_turbine
60,2,0.0,natural_gas_fired_combustion_turbine
46,2,0.0,natural_gas_fired_combustion_turbine
37,2,0.0,natural_gas_fired_combustion_turbine
7,2,0.0,natural_gas_fired_combustion_turbine
133,2,0.0,natural_gas_fired_combustion_turbine
74,2,0.0,natural_gas_fired_combustion_turbine
20,2,0.0,natural_gas_fired_combustion_turbine
135,2,0.0,natural_gas_fired_combustion_turbine
142,2,0.0,natural_gas_fired_combustion_turbine
121,2,0.0,natural_gas_fired_combustion_turbine
91,2,0.0,natural_gas_fired_combustion_turbine
22,2,0.0,natural_gas_steam_turbine
123,2,0.0,natural_gas_steam_turbine
62,2,0.0,natural_gas_steam_turbine
49,2,0.0,natural_gas_steam_turbine
48,2,0.0,natural_gas_steam_turbine
21,2,0.0,natural_gas_steam_turbine
79,2,0.0,nuclear
10,2,921.8029800000002,onshore_wind_turbine
23,2,10736.081115603833,onshore_wind_turbine
31,2,8669.28041,onshore_wind_turbine
38,2,3171.9912,onshore_wind_turbine
50,2,3970.5930599999992,onshore_wind_turbine
63,2,273.8355201904,onshore_wind_turbine
80,2,7314.67772,onshore_wind_turbine
94,2,0.0,onshore_wind_turbine
105,2,2512.814780259,onshore_wind_turbine
124,2,0.0,onshore_wind_turbine
136,2,6331.08777,onshore_wind_turbine
144,2,14579.36739,onshore_wind_turbine
11,2,0.0,small_hydroelectric
24,2,0.0,small_hydroelectric
32,2,0.0,small_hydroelectric
39,2,0.0,small_hydroelectric
51,2,0.0,small_hydroelectric
64,2,0.0,small_hydroelectric
81,2,0.0,small_hydroelectric
95,2,0.0,small_hydroelectric
106,2,0.0,small_hydroelectric
125,2,0.0,small_hydroelectric
137,2,0.0,small_hydroelectric
145,2,0.0,small_hydroelectric
12,2,0.0,solar_photovoltaic
25,2,0.0,solar_photovoltaic
33,2,0.0,solar_photovoltaic
52,2,0.0,solar_photovoltaic
65,2,0.0,solar_photovoltaic
82,2,0.0,solar_photovoltaic
96,2,0.0,solar_photovoltaic
107,2,0.0,solar_photovoltaic
126,2,0.0,solar_photovoltaic
138,2,0.0,solar_photovoltaic
26,3,0.0,biomass
13,3,0.0,biomass
108,3,0.0,biomass
40,3,0.0,biomass
97,3,0.0,biomass
1,3,0.0,biomass
66,3,0.0,biomass
2,3,625.4318111999995,conventional_hydroelectric
14,3,39.043532,conventional_hydroelectric
27,3,471.7280555999994,conventional_hydroelectric
35,3,0.0,conventional_hydroelectric
54,3,345.0811320000056,conventional_hydroelectric
67,3,603.742581,conventional_hydroelectric
84,3,12452.106370800013,conventional_hydroelectric
109,3,106.8473687892,conventional_hydroelectric
128,3,13.08515999999993,conventional_hydroelectric
139,3,6.77727359999983,conventional_hydroelectric
110,3,0.0,conventional_steam_coal
41,3,0.0,conventional_steam_coal
3,3,0.0,conventional_steam_coal
36,3,0.0,conventional_steam_coal
85,3,0.0,conventional_steam_coal
28,3,74.364,geothermal
116,3,0.0,natural_gas_fired_combined_cycle
73,3,0.0,natural_gas_fired_combined_cycle
71,3,0.0,natural_gas_fired_combined_cycle
44,3,0.0,natural_gas_fired_combined_cycle
115,3,0.0,natural_gas_fired_combined_cycle
70,3,0.0,natural_gas_fired_combined_cycle
131,3,0.0,natural_gas_fired_combined_cycle
18,3,0.0,natural_gas_fired_combined_cycle
72,3,0.0,natural_gas_fired_combined_cycle
114,3,0.0,natural_gas_fired_combined_cycle
45,3,0.0,natural_gas_fired_combined_cycle
78,3,0.0,natural_gas_fired_combustion_turbine
75,3,0.0,natural_gas_fired_combustion_turbine
119,3,0.0,natural_gas_fired_combustion_turbine
117,3,0.0,natural_gas_fired_combustion_turbine
134,3,0.0,natural_gas_fired_combustion_turbine
103,3,0.0,natural_gas_fired_combustion_turbine
47,3,0.0,natural_gas_fired_combustion_turbine
8,3,0.0,natural_gas_fired_combustion_turbine
90,3,0.0,natural_gas_fired_combustion_turbine
60,3,0.0,natural_gas_fired_combustion_turbine
46,3,0.0,natural_gas_fired_combustion_turbine
37,3,0.0,natural_gas_fired_combustion_turbine
7,3,0.0,natural_gas_fired_combustion_turbine
133,3,0.0,natural_gas_fired_combustion_turbine
74,3,0.0,natural_gas_fired_combustion_turbine
20,3,0.0,natural_gas_fired_combustion_turbine
135,3,0.0,natural_gas_fired_combustion_turbine
142,3,0.0,natural_gas_fired_combustion_turbine
121,3,0.0,natural_gas_fired_combustion_turbine
91,3,0.0,natural_gas_fired_combustion_turbine
22,3,0.0,natural_gas_steam_turbine
123,3,0.0,natural_gas_steam_turbine
62,3,0.0,natural_gas_steam_turbine
49,3,0.0,natural_gas_steam_turbine
48,3,0.0,natural_gas_steam_turbine
21,3,0.0,natural_gas_steam_turbine
79,3,0.0,nuclear
10,3,1025.18612,onshore_wind_turbine
23,3,10762.9984,onshore_wind_turbine
31,3,8270.31065,onshore_wind_turbine
38,3,3038.4994500000003,onshore_wind_turbine
50,3,3833.0686799999994,onshore_wind_turbine
63,3,193.359039692,onshore_wind_turbine
80,3,0.0,onshore_wind_turbine
94,3,23019.3502,onshore_wind_turbine
105,3,2703.255241386,onshore_wind_turbine
124,3,0.0,onshore_wind_turbine
136,3,0.0,onshore_wind_turbine
144,3,2179.746573932789,onshore_wind_turbine
11,3,19.125,small_hydroelectric
24,3,62.577,small_hydroelectric
32,3,192.0,small_hydroelectric
39,3,0.0,small_hydroelectric
51,3,25.641,small_hydroelectric
64,3,6.128,small_hydroelectric
81,3,241.672,small_hydroelectric
95,3,0.0,small_hydroelectric
106,3,31.614,small_hydroelectric
125,3,0.0,small_hydroelectric
137,3,36.822,small_hydroelectric
145,3,0.0,small_hydroelectric
12,3,0.0,solar_photovoltaic
25,3,0.0,solar_photovoltaic
33,3,0.0,solar_photovoltaic
52,3,0.0,solar_photovoltaic
65,3,0.0,solar_photovoltaic
82,3,0.0,solar_photovoltaic
96,3,0.0,solar_photovoltaic
107,3,0.0,solar_photovoltaic
126,3,0.0,solar_photovoltaic
138,3,0.0,solar_photovoltaic
26,4,0.0,biomass
13,4,0.0,biomass
108,4,0.0,biomass
40,4,0.0,biomass
97,4,0.0,biomass
1,4,0.0,biomass
66,4,0.0,biomass
2,4,396.14364719999895,conventional_hydroelectric
14,4,43.46532959999999,conventional_hydroelectric
27,4,588.8486915999996,conventional_hydroelectric
35,4,207.30212800000163,conventional_hydroelectric
54,4,431.35141500000583,conventional_hydroelectric
67,4,174.55089809968194,conventional_hydroelectric
84,4,12484.06464660001,conventional_hydroelectric
109,4,106.92624152340001,conventional_hydroelectric
128,4,25.684559999999948,conventional_hydroelectric
139,4,26.107641599999805,conventional_hydroelectric
110,4,0.0,conventional_steam_coal
41,4,0.0,conventional_steam_coal
3,4,0.0,conventional_steam_coal
36,4,0.0,conventional_steam_coal
85,4,0.0,conventional_steam_coal
28,4,0.0,geothermal
116,4,0.0,natural_gas_fired_combined_cycle
73,4,0.0,natural_gas_fired_combined_cycle
71,4,0.0,natural_gas_fired_combined_cycle
44,4,0.0,natural_gas_fired_combined_cycle
115,4,0.0,natural_gas_fired_combined_cycle
70,4,0.0,natural_gas_fired_combined_cycle
131,4,0.0,natural_gas_fired_combined_cycle
18,4,0.0,natural_gas_fired_combined_cycle
72,4,0.0,natural_gas_fired_combined_cycle
114,4,0.0,natural_gas_fired_combined_cycle
45,4,0.0,natural_gas_fired_combined_cycle
78,4,0.0,natural_gas_fired_combustion_turbine
75,4,0.0,natural_gas_fired_combustion_turbine
119,4,0.0,natural_gas_fired_combustion_turbine
117,4,0.0,natural_gas_fired_combustion_turbine
134,4,0.0,natural_gas_fired_combustion_turbine
103,4,0.0,natural_gas_fired_combustion_turbine
47,4,0.0,natural_gas_fired_combustion_turbine
8,4,0.0,natural_gas_fired_combustion_turbine
90,4,0.0,natural_gas_fired_combustion_turbine
60,4,0.0,natural_gas_fired_combustion_turbine
46,4,0.0,natural_gas_fired_combustion_turbine
37,4,0.0,natural_gas_fired_combustion_turbine
7,4,0.0,natural_gas_fired_combustion_turbine
133,4,0.0,natural_gas_fired_combustion_turbine
74,4,0.0,natural_gas_fired_combustion_turbine
20,4,0.0,natural_gas_fired_combustion_turbine
135,4,0.0,natural_gas_fired_combustion_turbine
142,4,0.0,natural_gas_fired_combustion_turbine
121,4,0.0,natural_gas_fired_combustion_turbine
91,4,0.0,natural_gas_fired_combustion_turbine
22,4,0.0,natural_gas_steam_turbine
123,4,0.0,natural_gas_steam_turbine
62,4,0.0,natural_gas_steam_turbine
49,4,0.0,natural_gas_steam_turbine
48,4,0.0,natural_gas_steam_turbine
21,4,0.0,natural_gas_steam_turbine
79,4,0.0,nuclear
10,4,1206.37678,onshore_wind_turbine
23,4,7705.159,onshore_wind_turbine
31,4,7555.4898299999995,onshore_wind_turbine
38,4,0.0,onshore_wind_turbine
50,4,2567.904293446899,onshore_wind_turbine
63,4,281.250199748,onshore_wind_turbine
80,4,0.0,onshore_wind_turbine
94,4,20286.7448,onshore_wind_turbine
105,4,0.0,onshore_wind_turbine
124,4,24700.744727582005,onshore_wind_turbine
136,4,0.0,onshore_wind_turbine
144,4,12490.112249999998,onshore_wind_turbine
11,4,19.125,small_hydroelectric
24,4,62.577,small_hydroelectric
32,4,0.0,small_hydroelectric
39,4,0.0,small_hydroelectric
51,4,25.641,small_hydroelectric
64,4,0.0,small_hydroelectric
81,4,0.0,small_hydroelectric
95,4,0.0,small_hydroelectric
106,4,31.614,small_hydroelectric
125,4,0.0,small_hydroelectric
137,4,0.0,small_hydroelectric
145,4,33.21,small_hydroelectric
12,4,0.0,solar_photovoltaic
25,4,0.0,solar_photovoltaic
33,4,0.0,solar_photovoltaic
52,4,0.0,solar_photovoltaic
65,4,0.0,solar_photovoltaic
82,4,0.0,solar_photovoltaic
96,4,0.0,solar_photovoltaic
107,4,0.0,solar_photovoltaic
126,4,0.0,solar_photovoltaic
138,4,0.0,solar_photovoltaic
26,5,0.0,biomass
13,5,0.0,biomass
108,5,0.0,biomass
40,5,0.0,biomass
97,5,0.0,biomass
1,5,0.0,biomass
66,5,0.0,biomass
2,5,396.69614879999915,conventional_hydroelectric
14,5,82.50886159999999,conventional_hydroelectric
27,5,705.9693275999999,conventional_hydroelectric
35,5,207.30212800000348,conventional_hydroelectric
54,5,517.6216980000062,conventional_hydroelectric
67,5,778.2934790996819,conventional_hydroelectric
84,5,10072.667472600007,conventional_hydroelectric
109,5,106.92624152340001,conventional_hydroelectric
128,5,38.28395999999998,conventional_hydroelectric
139,5,26.293958399999994,conventional_hydroelectric
110,5,0.0,conventional_steam_coal
41,5,0.0,conventional_steam_coal
3,5,0.0,conventional_steam_coal
36,5,0.0,conventional_steam_coal
85,5,0.0,conventional_steam_coal
28,5,74.364,geothermal
116,5,0.0,natural_gas_fired_combined_cycle
73,5,0.0,natural_gas_fired_combined_cycle
71,5,0.0,natural_gas_fired_combined_cycle
44,5,0.0,natural_gas_fired_combined_cycle
115,5,0.0,natural_gas_fired_combined_cycle
70,5,0.0,natural_gas_fired_combined_cycle
131,5,0.0,natural_gas_fired_combined_cycle
18,5,0.0,natural_gas_fired_combined_cycle
72,5,0.0,natural_gas_fired_combined_cycle
114,5,0.0,natural_gas_fired_combined_cycle
45,5,0.0,natural_gas_fired_combined_cycle
78,5,0.0,natural_gas_fired_combustion_turbine
75,5,0.0,natural_gas_fired_combustion_turbine
119,5,0.0,natural_gas_fired_combustion_turbine
117,5,0.0,natural_gas_fired_combustion_turbine
134,5,0.0,natural_gas_fired_combustion_turbine
103,5,0.0,natural_gas_fired_combustion_turbine
47,5,0.0,natural_gas_fired_combustion_turbine
8,5,0.0,natural_gas_fired_combustion_turbine
90,5,0.0,natural_gas_fired_combustion_turbine
60,5,0.0,natural_gas_fired_combustion_turbine
46,5,0.0,natural_gas_fired_combustion_turbine
37,5,0.0,natural_gas_fired_combustion_turbine
7,5,0.0,natural_gas_fired_combustion_turbine
133,5,0.0,natural_gas_fired_combustion_turbine
74,5,0.0,natural_gas_fired_combustion_turbine
20,5,0.0,natural_gas_fired_combustion_turbine
135,5,0.0,natural_gas_fired_combustion_turbine
142,5,0.0,natural_gas_fired_combustion_turbine
121,5,0.0,natural_gas_fired_combustion_turbine
91,5,0.0,natural_gas_fired_combustion_turbine
22,5,0.0,natural_gas_steam_turbine
123,5,0.0,natural_gas_steam_turbine
62,5,0.0,natural_gas_steam_turbine
49,5,0.0,natural_gas_steam_turbine
48,5,0.0,natural_gas_steam_turbine
21,5,0.0,natural_gas_steam_turbine
79,5,0.0,nuclear
10,5,1187.82545,onshore_wind_turbine
23,5,0.0,onshore_wind_turbine
31,5,8541.040130000001,onshore_wind_turbine
38,5,2255.1585,onshore_wind_turbine
50,5,0.0,onshore_wind_turbine
63,5,0.0,onshore_wind_turbine
80,5,6770.0962,onshore_wind_turbine
94,5,18374.40570268184,onshore_wind_turbine
105,5,0.0,onshore_wind_turbine
124,5,24532.040181695204,onshore_wind_turbine
136,5,0.0,onshore_wind_turbine
144,5,0.0,onshore_wind_turbine
11,5,0.0,small_hydroelectric
24,5,0.0,small_hydroelectric
32,5,0.0,small_hydroelectric
39,5,52.9,small_hydroelectric
51,5,0.0,small_hydroelectric
64,5,6.128,small_hydroelectric
81,5,241.672,small_hydroelectric
95,5,0.0,small_hydroelectric
106,5,0.0,small_hydroelectric
125,5,0.0,small_hydroelectric
137,5,0.0,small_hydroelectric
145,5,0.0,small_hydroelectric
12,5,0.0,solar_photovoltaic
25,5,0.0,solar_photovoltaic
33,5,0.0,solar_photovoltaic
52,5,0.0,solar_photovoltaic
65,5,0.0,solar_photovoltaic
82,5,0.0,solar_photovoltaic
96,5,0.0,solar_photovoltaic
107,5,0.0,solar_photovoltaic
126,5,0.0,solar_photovoltaic
138,5,0.0,solar_photovoltaic
26,6,0.0,biomass
13,6,0.0,biomass
108,6,0.0,biomass
40,6,0.0,biomass
97,6,0.0,biomass
1,6,0.0,biomass
66,6,0.0,biomass
2,6,625.9843127999998,conventional_hydroelectric
14,6,121.5523936,conventional_hydroelectric
27,6,823.0899636000001,conventional_hydroelectric
35,6,414.604256000004,conventional_hydroelectric
54,6,603.8919810000062,conventional_hydroelectric
67,6,1382.036060099682,conventional_hydroelectric
84,6,12484.064646600014,conventional_hydroelectric
109,6,106.92624152340001,conventional_hydroelectric
128,6,50.88336,conventional_hydroelectric
139,6,45.624326399999994,conventional_hydroelectric
110,6,0.0,conventional_steam_coal
41,6,0.0,conventional_steam_coal
3,6,0.0,conventional_steam_coal
36,6,0.0,conventional_steam_coal
85,6,0.0,conventional_steam_coal
28,6,0.0,geothermal
116,6,0.0,natural_gas_fired_combined_cycle
73,6,0.0,natural_gas_fired_combined_cycle
71,6,0.0,natural_gas_fired_combined_cycle
44,6,0.0,natural_gas_fired_combined_cycle
115,6,0.0,natural_gas_fired_combined_cycle
70,6,0.0,natural_gas_fired_combined_cycle
131,6,0.0,natural_gas_fired_combined_cycle
18,6,0.0,natural_gas_fired_combined_cycle
72,6,0.0,natural_gas_fired_combined_cycle
114,6,0.0,natural_gas_fired_combined_cycle
45,6,0.0,natural_gas_fired_combined_cycle
78,6,0.0,natural_gas_fired_combustion_turbine
75,6,0.0,natural_gas_fired_combustion_turbine
119,6,0.0,natural_gas_fired_combustion_turbine
117,6,0.0,natural_gas_fired_combustion_turbine
134,6,0.0,natural_gas_fired_combustion_turbine
103,6,0.0,natural_gas_fired_combustion_turbine
47,6,0.0,natural_gas_fired_combustion_turbine
8,6,0.0,natural_gas_fired_combustion_turbine
90,6,0.0,natural_gas_fired_combustion_turbine
60,6,0.0,natural_gas_fired_combustion_turbine
46,6,0.0,natural_gas_fired_combustion_turbine
37,6,0.0,natural_gas_fired_combustion_turbine
7,6,0.0,natural_gas_fired_combustion_turbine
133,6,0.0,natural_gas_fired_combustion_turbine
74,6,0.0,natural_gas_fired_combustion_turbine
20,6,0.0,natural_gas_fired_combustion_turbine
135,6,0.0,natural_gas_fired_combustion_turbine
142,6,0.0,natural_gas_fired_combustion_turbine
121,6,0.0,natural_gas_fired_combustion_turbine
91,6,0.0,natural_gas_fired_combustion_turbine
22,6,0.0,natural_gas_steam_turbine
123,6,0.0,natural_gas_steam_turbine
62,6,0.0,natural_gas_steam_turbine
49,6,0.0,natural_gas_steam_turbine
48,6,0.0,natural_gas_steam_turbine
21,6,0.0,natural_gas_steam_turbine
79,6,0.0,nuclear
10,6,1091.2864899999977,onshore_wind_turbine
23,6,11454.319800000001,onshore_wind_turbine
31,6,7753.787300000001,onshore_wind_turbine
38,6,3023.1621,onshore_wind_turbine
50,6,3679.96272,onshore_wind_turbine
63,6,131.6968802856,onshore_wind_turbine
80,6,5937.42548,onshore_wind_turbine
94,6,17605.6286,onshore_wind_turbine
105,6,2879.095381449,onshore_wind_turbine
124,6,0.0,onshore_wind_turbine
136,6,6358.9701000000005,onshore_wind_turbine
144,6,9498.97368,onshore_wind_turbine
11,6,19.125,small_hydroelectric
24,6,62.577,small_hydroelectric
32,6,192.0,small_hydroelectric
39,6,0.0,small_hydroelectric
51,6,25.641,small_hydroelectric
64,6,0.0,small_hydroelectric
81,6,241.672,small_hydroelectric
95,6,418.922,small_hydroelectric
106,6,0.0,small_hydroelectric
125,6,100.697,small_hydroelectric
137,6,36.822,small_hydroelectric
145,6,0.0,small_hydroelectric
12,6,0.0,solar_photovoltaic
25,6,0.0,solar_photovoltaic
33,6,0.0,solar_photovoltaic
52,6,0.0,solar_photovoltaic
65,6,0.0,solar_photovoltaic
82,6,0.0,solar_photovoltaic
96,6,0.0,solar_photovoltaic
107,6,0.0,solar_photovoltaic
126,6,0.0,solar_photovoltaic
138,6,0.0,solar_photovoltaic
26,7,0.0,biomass
13,7,0.0,biomass
108,7,0.0,biomass
40,7,0.0,biomass
97,7,0.0,biomass
1,7,0.0,biomass
66,7,0.0,biomass
2,7,855.2724767999999,conventional_hydroelectric
14,7,121.69351479999999,conventional_hydroelectric
27,7,823.7955096000001,conventional_hydroelectric
35,7,621.9063840000035,conventional_hydroelectric
54,7,517.6216980000054,conventional_hydroelectric
67,7,1383.490861499682,conventional_hydroelectric
84,7,14895.461820600001,conventional_hydroelectric
109,7,106.92624152340001,conventional_hydroelectric
128,7,50.91372,conventional_hydroelectric
139,7,45.6709056,conventional_hydroelectric
110,7,0.0,conventional_steam_coal
41,7,0.0,conventional_steam_coal
3,7,0.0,conventional_steam_coal
36,7,0.0,conventional_steam_coal
85,7,0.0,conventional_steam_coal
28,7,74.364,geothermal
116,7,0.0,natural_gas_fired_combined_cycle
73,7,0.0,natural_gas_fired_combined_cycle
71,7,0.0,natural_gas_fired_combined_cycle
44,7,0.0,natural_gas_fired_combined_cycle
115,7,0.0,natural_gas_fired_combined_cycle
70,7,0.0,natural_gas_fired_combined_cycle
131,7,0.0,natural_gas_fired_combined_cycle
18,7,0.0,natural_gas_fired_combined_cycle
72,7,0.0,natural_gas_fired_combined_cycle
114,7,0.0,natural_gas_fired_combined_cycle
45,7,0.0,natural_gas_fired_combined_cycle
78,7,0.0,natural_gas_fired_combustion_turbine
75,7,0.0,natural_gas_fired_combustion_turbine
119,7,0.0,natural_gas_fired_combustion_turbine
117,7,0.0,natural_gas_fired_combustion_turbine
134,7,0.0,natural_gas_fired_combustion_turbine
103,7,0.0,natural_gas_fired_combustion_turbine
47,7,0.0,natural_gas_fired_combustion_turbine
8,7,0.0,natural_gas_fired_combustion_turbine
90,7,0.0,natural_gas_fired_combustion_turbine
60,7,0.0,natural_gas_fired_combustion_turbine
46,7,0.0,natural_gas_fired_combustion_turbine
37,7,0.0,natural_gas_fired_combustion_turbine
7,7,0.0,natural_gas_fired_combustion_turbine
133,7,0.0,natural_gas_fired_combustion_turbine
74,7,0.0,natural_gas_fired_combustion_turbine
20,7,0.0,natural_gas_fired_combustion_turbine
135,7,0.0,natural_gas_fired_combustion_turbine
142,7,0.0,natural_gas_fired_combustion_turbine
121,7,0.0,natural_gas_fired_combustion_turbine
91,7,0.0,natural_gas_fired_combustion_turbine
22,7,0.0,natural_gas_steam_turbine
123,7,0.0,natural_gas_steam_turbine
62,7,0.0,natural_gas_steam_turbine
49,7,0.0,natural_gas_steam_turbine
48,7,0.0,natural_gas_steam_turbine
21,7,0.0,natural_gas_steam_turbine
79,7,0.0,nuclear
10,7,709.27318,onshore_wind_turbine
23,7,1136.674,onshore_wind_turbine
31,7,7314.4456,onshore_wind_turbine
38,7,2609.6216999999997,onshore_wind_turbine
50,7,1288.52892,onshore_wind_turbine
63,7,73.446519692,onshore_wind_turbine
80,7,7616.706719999999,onshore_wind_turbine
94,7,12765.6438,onshore_wind_turbine
105,7,2240.421120735,onshore_wind_turbine
124,7,18654.927704659403,onshore_wind_turbine
136,7,4480.060829999996,onshore_wind_turbine
144,7,7277.78835,onshore_wind_turbine
11,7,19.125,small_hydroelectric
24,7,62.577,small_hydroelectric
32,7,192.0,small_hydroelectric
39,7,52.9,small_hydroelectric
51,7,25.641,small_hydroelectric
64,7,6.128,small_hydroelectric
81,7,241.672,small_hydroelectric
95,7,418.922,small_hydroelectric
106,7,31.614,small_hydroelectric
125,7,100.697,small_hydroelectric
137,7,36.822,small_hydroelectric
145,7,33.21,small_hydroelectric
12,7,423.738,solar_photovoltaic
25,7,265.67225999999994,solar_photovoltaic
33,7,0.0,solar_photovoltaic
52,7,811.44532,solar_photovoltaic
65,7,0.0,solar_photovoltaic
82,7,0.0,solar_photovoltaic
96,7,0.0,solar_photovoltaic
107,7,0.0,solar_photovoltaic
126,7,0.0,solar_photovoltaic
138,7,53.42337,solar_photovoltaic
26,8,0.0,biomass
13,8,0.0,biomass
108,8,0.0,biomass
40,8,0.0,biomass
97,8,0.0,biomass
1,8,0.0,biomass
66,8,0.0,biomass
2,8,625.9843127999995,conventional_hydroelectric
14,8,82.64998280000003,conventional_hydroelectric
27,8,706.6748735999997,conventional_hydroelectric
35,8,414.6042560000016,conventional_hydroelectric
54,8,431.3514150000044,conventional_hydroelectric
67,8,779.7482804996804,conventional_hydroelectric
84,8,12484.064646600014,conventional_hydroelectric
109,8,0.0,conventional_hydroelectric
128,8,38.314319999999974,conventional_hydroelectric
139,8,26.34053759999999,conventional_hydroelectric
110,8,0.0,conventional_steam_coal
41,8,0.0,conventional_steam_coal
3,8,0.0,conventional_steam_coal
36,8,0.0,conventional_steam_coal
85,8,0.0,conventional_steam_coal
28,8,0.0,geothermal
116,8,0.0,natural_gas_fired_combined_cycle
73,8,0.0,natural_gas_fired_combined_cycle
71,8,0.0,natural_gas_fired_combined_cycle
44,8,0.0,natural_gas_fired_combined_cycle
115,8,0.0,natural_gas_fired_combined_cycle
70,8,0.0,natural_gas_fired_combined_cycle
131,8,0.0,natural_gas_fired_combined_cycle
18,8,0.0,natural_gas_fired_combined_cycle
72,8,0.0,natural_gas_fired_combined_cycle
114,8,0.0,natural_gas_fired_combined_cycle
45,8,0.0,natural_gas_fired_combined_cycle
78,8,0.0,natural_gas_fired_combustion_turbine
75,8,0.0,natural_gas_fired_combustion_turbine
119,8,0.0,natural_gas_fired_combustion_turbine
117,8,0.0,natural_gas_fired_combustion_turbine
134,8,0.0,natural_gas_fired_combustion_turbine
103,8,0.0,natural_gas_fired_combustion_turbine
47,8,0.0,natural_gas_fired_combustion_turbine
8,8,0.0,natural_gas_fired_combustion_turbine
90,8,0.0,natural_gas_fired_combustion_turbine
60,8,0.0,natural_gas_fired_combustion_turbine
46,8,0.0,natural_gas_fired_combustion_turbine
37,8,0.0,natural_gas_fired_combustion_turbine
7,8,0.0,natural_gas_fired_combustion_turbine
133,8,0.0,natural_gas_fired_combustion_turbine
74,8,0.0,natural_gas_fired_combustion_turbine
20,8,0.0,natural_gas_fired_combustion_turbine
135,8,0.0,natural_gas_fired_combustion_turbine
142,8,0.0,natural_gas_fired_combustion_turbine
121,8,0.0,natural_gas_fired_combustion_turbine
91,8,0.0,natural_gas_fired_combustion_turbine
22,8,0.0,natural_gas_steam_turbine
123,8,0.0,natural_gas_steam_turbine
62,8,0.0,natural_gas_steam_turbine
49,8,0.0,natural_gas_steam_turbine
48,8,0.0,natural_gas_steam_turbine
21,8,0.0,natural_gas_steam_turbine
79,8,0.0,nuclear
10,8,0.0,onshore_wind_turbine
23,8,11161.766,onshore_wind_turbine
31,8,7212.328340000001,onshore_wind_turbine
38,8,0.0,onshore_wind_turbine
50,8,0.0,onshore_wind_turbine
63,8,96.7878797424,onshore_wind_turbine
80,8,8362.021359999999,onshore_wind_turbine
94,8,4275.191043480898,onshore_wind_turbine
105,8,2738.430100371,onshore_wind_turbine
124,8,0.0,onshore_wind_turbine
136,8,6462.404550000001,onshore_wind_turbine
144,8,11735.298539999998,onshore_wind_turbine
11,8,19.125,small_hydroelectric
24,8,62.577,small_hydroelectric
32,8,0.0,small_hydroelectric
39,8,0.0,small_hydroelectric
51,8,25.641,small_hydroelectric
64,8,0.0,small_hydroelectric
81,8,241.672,small_hydroelectric
95,8,0.0,small_hydroelectric
106,8,31.614,small_hydroelectric
125,8,100.697,small_hydroelectric
137,8,0.0,small_hydroelectric
145,8,33.21,small_hydroelectric
12,8,4843.32534,solar_photovoltaic
25,8,0.0,solar_photovoltaic
33,8,0.0,solar_photovoltaic
52,8,0.0,solar_photovoltaic
65,8,0.0,solar_photovoltaic
82,8,0.0,solar_photovoltaic
96,8,238.17352999999997,solar_photovoltaic
107,8,7074.6147482395,solar_photovoltaic
126,8,10931.6185132665,solar_photovoltaic
138,8,0.0,solar_photovoltaic
26,9,0.0,biomass
13,9,0.0,biomass
108,9,0.0,biomass
40,9,0.0,biomass
97,9,0.0,biomass
1,9,0.0,biomass
66,9,0.0,biomass
2,9,396.6961487999994,conventional_hydroelectric
14,9,43.60645079999999,conventional_hydroelectric
27,9,589.5542375999994,conventional_hydroelectric
35,9,207.30212800000015,conventional_hydroelectric
54,9,345.08113200000366,conventional_hydroelectric
67,9,603.7425810000027,conventional_hydroelectric
84,9,10072.667472600011,conventional_hydroelectric
109,9,106.9869887892,conventional_hydroelectric
128,9,50.91371999999999,conventional_hydroelectric
139,9,7.0101695999999905,conventional_hydroelectric
110,9,0.0,conventional_steam_coal
41,9,0.0,conventional_steam_coal
3,9,0.0,conventional_steam_coal
36,9,0.0,conventional_steam_coal
85,9,0.0,conventional_steam_coal
28,9,0.0,geothermal
116,9,0.0,natural_gas_fired_combined_cycle
73,9,0.0,natural_gas_fired_combined_cycle
71,9,0.0,natural_gas_fired_combined_cycle
44,9,0.0,natural_gas_fired_combined_cycle
115,9,0.0,natural_gas_fired_combined_cycle
70,9,0.0,natural_gas_fired_combined_cycle
131,9,0.0,natural_gas_fired_combined_cycle
18,9,0.0,natural_gas_fired_combined_cycle
72,9,0.0,natural_gas_fired_combined_cycle
114,9,0.0,natural_gas_fired_combined_cycle
45,9,0.0,natural_gas_fired_combined_cycle
78,9,0.0,natural_gas_fired_combustion_turbine
75,9,0.0,natural_gas_fired_combustion_turbine
119,9,0.0,natural_gas_fired_combustion_turbine
117,9,0.0,natural_gas_fired_combustion_turbine
134,9,0.0,natural_gas_fired_combustion_turbine
103,9,0.0,natural_gas_fired_combustion_turbine
47,9,0.0,natural_gas_fired_combustion_turbine
8,9,0.0,natural_gas_fired_combustion_turbine
90,9,0.0,natural_gas_fired_combustion_turbine
60,9,0.0,natural_gas_fired_combustion_turbine
46,9,0.0,natural_gas_fired_combustion_turbine
37,9,0.0,natural_gas_fired_combustion_turbine
7,9,0.0,natural_gas_fired_combustion_turbine
133,9,0.0,natural_gas_fired_combustion_turbine
74,9,0.0,natural_gas_fired_combustion_turbine
20,9,0.0,natural_gas_fired_combustion_turbine
135,9,0.0,natural_gas_fired_combustion_turbine
142,9,0.0,natural_gas_fired_combustion_turbine
121,9,0.0,natural_gas_fired_combustion_turbine
91,9,0.0,natural_gas_fired_combustion_turbine
22,9,0.0,natural_gas_steam_turbine
123,9,0.0,natural_gas_steam_turbine
62,9,0.0,natural_gas_steam_turbine
49,9,0.0,natural_gas_steam_turbine
48,9,0.0,natural_gas_steam_turbine
21,9,0.0,natural_gas_steam_turbine
79,9,0.0,nuclear
10,9,1175.03764,onshore_wind_turbine
23,9,0.0,onshore_wind_turbine
31,9,6294.460410000001,onshore_wind_turbine
38,9,4006.8321594924823,onshore_wind_turbine
50,9,0.0,onshore_wind_turbine
63,9,0.0,onshore_wind_turbine
80,9,8747.68916,onshore_wind_turbine
94,9,9507.113,onshore_wind_turbine
105,9,2890.893881337,onshore_wind_turbine
124,9,0.0,onshore_wind_turbine
136,9,6615.307650000002,onshore_wind_turbine
144,9,11190.275459999999,onshore_wind_turbine
11,9,0.0,small_hydroelectric
24,9,62.577,small_hydroelectric
32,9,192.0,small_hydroelectric
39,9,52.9,small_hydroelectric
51,9,0.0,small_hydroelectric
64,9,0.0,small_hydroelectric
81,9,0.0,small_hydroelectric
95,9,0.0,small_hydroelectric
106,9,0.0,small_hydroelectric
125,9,0.0,small_hydroelectric
137,9,0.0,small_hydroelectric
145,9,0.0,small_hydroelectric
12,9,7871.63958,solar_photovoltaic
25,9,1792.8206799999998,solar_photovoltaic
33,9,720.7487,solar_photovoltaic
52,9,3748.96032,solar_photovoltaic
65,9,12035.4404899813,solar_photovoltaic
82,9,0.0,solar_photovoltaic
96,9,550.84057,solar_photovoltaic
107,9,0.0,solar_photovoltaic
126,9,0.0,solar_photovoltaic
138,9,1505.8997799999997,solar_photovoltaic
26,10,0.0,biomass
13,10,0.0,biomass
108,10,0.0,biomass
40,10,0.0,biomass
97,10,0.0,biomass
1,10,0.0,biomass
66,10,0.0,biomass
2,10,458.57632800000016,conventional_hydroelectric
14,10,5.50372679999991,conventional_hydroelectric
27,10,472.43360159999907,conventional_hydroelectric
35,10,0.0,conventional_hydroelectric
54,10,258.81084900000286,conventional_hydroelectric
67,10,0.0,conventional_hydroelectric
84,10,7661.270298600007,conventional_hydroelectric
109,10,106.9869887892,conventional_hydroelectric
128,10,38.31431999999997,conventional_hydroelectric
139,10,19.330368,conventional_hydroelectric
110,10,0.0,conventional_steam_coal
41,10,0.0,conventional_steam_coal
3,10,0.0,conventional_steam_coal
36,10,0.0,conventional_steam_coal
85,10,0.0,conventional_steam_coal
28,10,74.364,geothermal
116,10,0.0,natural_gas_fired_combined_cycle
73,10,0.0,natural_gas_fired_combined_cycle
71,10,0.0,natural_gas_fired_combined_cycle
44,10,0.0,natural_gas_fired_combined_cycle
115,10,0.0,natural_gas_fired_combined_cycle
70,10,0.0,natural_gas_fired_combined_cycle
131,10,0.0,natural_gas_fired_combined_cycle
18,10,0.0,natural_gas_fired_combined_cycle
72,10,0.0,natural_gas_fired_combined_cycle
114,10,0.0,natural_gas_fired_combined_cycle
45,10,0.0,natural_gas_fired_combined_cycle
78,10,0.0,natural_gas_fired_combustion_turbine
75,10,0.0,natural_gas_fired_combustion_turbine
119,10,0.0,natural_gas_fired_combustion_turbine
117,10,0.0,natural_gas_fired_combustion_turbine
134,10,0.0,natural_gas_fired_combustion_turbine
103,10,0.0,natural_gas_fired_combustion_turbine
47,10,0.0,natural_gas_fired_combustion_turbine
8,10,0.0,natural_gas_fired_combustion_turbine
90,10,0.0,natural_gas_fired_combustion_turbine
60,10,0.0,natural_gas_fired_combustion_turbine
46,10,0.0,natural_gas_fired_combustion_turbine
37,10,0.0,natural_gas_fired_combustion_turbine
7,10,0.0,natural_gas_fired_combustion_turbine
133,10,0.0,natural_gas_fired_combustion_turbine
74,10,0.0,natural_gas_fired_combustion_turbine
20,10,0.0,natural_gas_fired_combustion_turbine
135,10,0.0,natural_gas_fired_combustion_turbine
142,10,0.0,natural_gas_fired_combustion_turbine
121,10,0.0,natural_gas_fired_combustion_turbine
91,10,0.0,natural_gas_fired_combustion_turbine
22,10,0.0,natural_gas_steam_turbine
123,10,0.0,natural_gas_steam_turbine
62,10,0.0,natural_gas_steam_turbine
49,10,0.0,natural_gas_steam_turbine
48,10,0.0,natural_gas_steam_turbine
21,10,0.0,natural_gas_steam_turbine
79,10,0.0,nuclear
10,10,0.0,onshore_wind_turbine
23,10,9600.2368,onshore_wind_turbine
31,10,4950.31229,onshore_wind_turbine
38,10,0.0,onshore_wind_turbine
50,10,3597.3125999999997,onshore_wind_turbine
63,10,375.456760308,onshore_wind_turbine
80,10,7560.947519999999,onshore_wind_turbine
94,10,0.0,onshore_wind_turbine
105,10,0.0,onshore_wind_turbine
124,10,0.0,onshore_wind_turbine
136,10,0.0,onshore_wind_turbine
144,10,7697.369609999999,onshore_wind_turbine
11,10,19.125,small_hydroelectric
24,10,0.0,small_hydroelectric
32,10,0.0,small_hydroelectric
39,10,0.0,small_hydroelectric
51,10,0.0,small_hydroelectric
64,10,0.0,small_hydroelectric
81,10,0.0,small_hydroelectric
95,10,0.0,small_hydroelectric
106,10,0.0,small_hydroelectric
125,10,0.0,small_hydroelectric
137,10,36.822,small_hydroelectric
145,10,0.0,small_hydroelectric
12,10,0.0,solar_photovoltaic
25,10,1937.0534399999997,solar_photovoltaic
33,10,589.795747731293,solar_photovoltaic
52,10,0.0,solar_photovoltaic
65,10,0.0,solar_photovoltaic
82,10,0.0,solar_photovoltaic
96,10,789.0141,solar_photovoltaic
107,10,15161.8654641895,solar_photovoltaic
126,10,29536.782396982,solar_photovoltaic
138,10,0.0,solar_photovoltaic
26,11,0.0,biomass
13,11,0.0,biomass
108,11,0.0,biomass
40,11,0.0,biomass
97,11,0.0,biomass
1,11,0.0,biomass
66,11,0.0,biomass
2,11,229.28816399999988,conventional_hydroelectric
14,11,44.54725879999994,conventional_hydroelectric
27,11,355.31296559999873,conventional_hydroelectric
35,11,207.3021280000013,conventional_hydroelectric
54,11,172.5405660000017,conventional_hydroelectric
67,11,0.0,conventional_hydroelectric
84,11,5249.8731246000025,conventional_hydroelectric
109,11,0.0,conventional_hydroelectric
128,11,25.714919999999942,conventional_hydroelectric
139,11,19.330367999999986,conventional_hydroelectric
110,11,0.0,conventional_steam_coal
41,11,0.0,conventional_steam_coal
3,11,0.0,conventional_steam_coal
36,11,0.0,conventional_steam_coal
85,11,0.0,conventional_steam_coal
28,11,0.0,geothermal
116,11,0.0,natural_gas_fired_combined_cycle
73,11,0.0,natural_gas_fired_combined_cycle
71,11,0.0,natural_gas_fired_combined_cycle
44,11,0.0,natural_gas_fired_combined_cycle
115,11,0.0,natural_gas_fired_combined_cycle
70,11,0.0,natural_gas_fired_combined_cycle
131,11,0.0,natural_gas_fired_combined_cycle
18,11,0.0,natural_gas_fired_combined_cycle
72,11,0.0,natural_gas_fired_combined_cycle
114,11,0.0,natural_gas_fired_combined_cycle
45,11,0.0,natural_gas_fired_combined_cycle
78,11,0.0,natural_gas_fired_combustion_turbine
75,11,0.0,natural_gas_fired_combustion_turbine
119,11,0.0,natural_gas_fired_combustion_turbine
117,11,0.0,natural_gas_fired_combustion_turbine
134,11,0.0,natural_gas_fired_combustion_turbine
103,11,0.0,natural_gas_fired_combustion_turbine
47,11,0.0,natural_gas_fired_combustion_turbine
8,11,0.0,natural_gas_fired_combustion_turbine
90,11,0.0,natural_gas_fired_combustion_turbine
60,11,0.0,natural_gas_fired_combustion_turbine
46,11,0.0,natural_gas_fired_combustion_turbine
37,11,0.0,natural_gas_fired_combustion_turbine
7,11,0.0,natural_gas_fired_combustion_turbine
133,11,0.0,natural_gas_fired_combustion_turbine
74,11,0.0,natural_gas_fired_combustion_turbine
20,11,0.0,natural_gas_fired_combustion_turbine
135,11,0.0,natural_gas_fired_combustion_turbine
142,11,0.0,natural_gas_fired_combustion_turbine
121,11,0.0,natural_gas_fired_combustion_turbine
91,11,0.0,natural_gas_fired_combustion_turbine
22,11,0.0,natural_gas_steam_turbine
123,11,0.0,natural_gas_steam_turbine
62,11,0.0,natural_gas_steam_turbine
49,11,0.0,natural_gas_steam_turbine
48,11,0.0,natural_gas_steam_turbine
21,11,0.0,natural_gas_steam_turbine
79,11,0.0,nuclear
10,11,0.0,onshore_wind_turbine
23,11,0.0,onshore_wind_turbine
31,11,0.0,onshore_wind_turbine
38,11,4687.5486,onshore_wind_turbine
50,11,0.0,onshore_wind_turbine
63,11,458.71028010640003,onshore_wind_turbine
80,11,0.0,onshore_wind_turbine
94,11,4663.4504,onshore_wind_turbine
105,11,2787.155138439,onshore_wind_turbine
124,11,24918.223397513604,onshore_wind_turbine
136,11,0.0,onshore_wind_turbine
144,11,7390.25343,onshore_wind_turbine
11,11,0.0,small_hydroelectric
24,11,0.0,small_hydroelectric
32,11,0.0,small_hydroelectric
39,11,52.9,small_hydroelectric
51,11,25.641,small_hydroelectric
64,11,0.0,small_hydroelectric
81,11,0.0,small_hydroelectric
95,11,0.0,small_hydroelectric
106,11,31.614,small_hydroelectric
125,11,0.0,small_hydroelectric
137,11,36.822,small_hydroelectric
145,11,33.21,small_hydroelectric
12,11,10525.65192,solar_photovoltaic
25,11,0.0,solar_photovoltaic
33,11,0.0,solar_photovoltaic
52,11,0.0,solar_photovoltaic
65,11,16321.668009447501,solar_photovoltaic
82,11,0.0,solar_photovoltaic
96,11,907.1458199999998,solar_photovoltaic
107,11,9258.175759493468,solar_photovoltaic
126,11,0.0,solar_photovoltaic
138,11,2158.39547,solar_photovoltaic
26,12,0.0,biomass
13,12,0.0,biomass
108,12,0.0,biomass
40,12,0.0,biomass
97,12,0.0,biomass
1,12,0.0,biomass
66,12,0.0,biomass
2,12,168.5129879999992,conventional_hydroelectric
14,12,83.59079079999997,conventional_hydroelectric
27,12,238.19232959999835,conventional_hydroelectric
35,12,414.60425600000286,conventional_hydroelectric
54,12,86.27028300000083,conventional_hydroelectric
67,12,603.7425809999995,conventional_hydroelectric
84,12,5342.842654200037,conventional_hydroelectric
109,12,107.06586152340002,conventional_hydroelectric
128,12,13.434300000000265,conventional_hydroelectric
139,12,0.0,conventional_hydroelectric
110,12,0.0,conventional_steam_coal
41,12,0.0,conventional_steam_coal
3,12,0.0,conventional_steam_coal
36,12,0.0,conventional_steam_coal
85,12,0.0,conventional_steam_coal
28,12,0.0,geothermal
116,12,0.0,natural_gas_fired_combined_cycle
73,12,0.0,natural_gas_fired_combined_cycle
71,12,0.0,natural_gas_fired_combined_cycle
44,12,0.0,natural_gas_fired_combined_cycle
115,12,0.0,natural_gas_fired_combined_cycle
70,12,0.0,natural_gas_fired_combined_cycle
131,12,0.0,natural_gas_fired_combined_cycle
18,12,0.0,natural_gas_fired_combined_cycle
72,12,0.0,natural_gas_fired_combined_cycle
114,12,0.0,natural_gas_fired_combined_cycle
45,12,0.0,natural_gas_fired_combined_cycle
78,12,0.0,natural_gas_fired_combustion_turbine
75,12,0.0,natural_gas_fired_combustion_turbine
119,12,0.0,natural_gas_fired_combustion_turbine
117,12,0.0,natural_gas_fired_combustion_turbine
134,12,0.0,natural_gas_fired_combustion_turbine
103,12,0.0,natural_gas_fired_combustion_turbine
47,12,0.0,natural_gas_fired_combustion_turbine
8,12,0.0,natural_gas_fired_combustion_turbine
90,12,0.0,natural_gas_fired_combustion_turbine
60,12,0.0,natural_gas_fired_combustion_turbine
46,12,0.0,natural_gas_fired_combustion_turbine
37,12,0.0,natural_gas_fired_combustion_turbine
7,12,0.0,natural_gas_fired_combustion_turbine
133,12,0.0,natural_gas_fired_combustion_turbine
74,12,0.0,natural_gas_fired_combustion_turbine
20,12,0.0,natural_gas_fired_combustion_turbine
135,12,0.0,natural_gas_fired_combustion_turbine
142,12,0.0,natural_gas_fired_combustion_turbine
121,12,0.0,natural_gas_fired_combustion_turbine
91,12,0.0,natural_gas_fired_combustion_turbine
22,12,0.0,natural_gas_steam_turbine
123,12,0.0,natural_gas_steam_turbine
62,12,0.0,natural_gas_steam_turbine
49,12,0.0,natural_gas_steam_turbine
48,12,0.0,natural_gas_steam_turbine
21,12,0.0,natural_gas_steam_turbine
79,12,0.0,nuclear
10,12,0.0,onshore_wind_turbine
23,12,0.0,onshore_wind_turbine
31,12,0.0,onshore_wind_turbine
38,12,0.0,onshore_wind_turbine
50,12,4984.75068,onshore_wind_turbine
63,12,0.0,onshore_wind_turbine
80,12,6027.220349841339,onshore_wind_turbine
94,12,5821.9574,onshore_wind_turbine
105,12,2815.061199048,onshore_wind_turbine
124,12,25036.292116127606,onshore_wind_turbine
136,12,0.0,onshore_wind_turbine
144,12,0.0,onshore_wind_turbine
11,12,19.125,small_hydroelectric
24,12,0.0,small_hydroelectric
32,12,0.0,small_hydroelectric
39,12,52.9,small_hydroelectric
51,12,0.0,small_hydroelectric
64,12,6.128,small_hydroelectric
81,12,241.672,small_hydroelectric
95,12,0.0,small_hydroelectric
106,12,0.0,small_hydroelectric
125,12,100.697,small_hydroelectric
137,12,0.0,small_hydroelectric
145,12,0.0,small_hydroelectric
12,12,0.0,solar_photovoltaic
25,12,0.0,solar_photovoltaic
33,12,1358.0497,solar_photovoltaic
52,12,4407.654860000001,solar_photovoltaic
65,12,16568.675760859598,solar_photovoltaic
82,12,14240.13003,solar_photovoltaic
96,12,995.15689,solar_photovoltaic
107,12,0.0,solar_photovoltaic
126,12,0.0,solar_photovoltaic
138,12,0.0,solar_photovoltaic
26,13,0.0,biomass
13,13,0.0,biomass
108,13,0.0,biomass
40,13,0.0,biomass
97,13,0.0,biomass
1,13,0.0,biomass
66,13,0.0,biomass
2,13,397.8011519999994,conventional_hydroelectric
14,13,44.829501199999854,conventional_hydroelectric
27,13,121.07169359999793,conventional_hydroelectric
35,13,621.9063840000047,conventional_hydroelectric
54,13,0.0,conventional_hydroelectric
67,13,603.7425810000013,conventional_hydroelectric
84,13,2931.4454802000287,conventional_hydroelectric
109,13,107.06586152340002,conventional_hydroelectric
128,13,0.834900000000232,conventional_hydroelectric
139,13,19.330367999999986,conventional_hydroelectric
110,13,0.0,conventional_steam_coal
41,13,0.0,conventional_steam_coal
3,13,0.0,conventional_steam_coal
36,13,0.0,conventional_steam_coal
85,13,0.0,conventional_steam_coal
28,13,74.364,geothermal
116,13,0.0,natural_gas_fired_combined_cycle
73,13,0.0,natural_gas_fired_combined_cycle
71,13,0.0,natural_gas_fired_combined_cycle
44,13,0.0,natural_gas_fired_combined_cycle
115,13,0.0,natural_gas_fired_combined_cycle
70,13,0.0,natural_gas_fired_combined_cycle
131,13,0.0,natural_gas_fired_combined_cycle
18,13,0.0,natural_gas_fired_combined_cycle
72,13,0.0,natural_gas_fired_combined_cycle
114,13,0.0,natural_gas_fired_combined_cycle
45,13,0.0,natural_gas_fired_combined_cycle
78,13,0.0,natural_gas_fired_combustion_turbine
75,13,0.0,natural_gas_fired_combustion_turbine
119,13,0.0,natural_gas_fired_combustion_turbine
117,13,0.0,natural_gas_fired_combustion_turbine
134,13,0.0,natural_gas_fired_combustion_turbine
103,13,0.0,natural_gas_fired_combustion_turbine
47,13,0.0,natural_gas_fired_combustion_turbine
8,13,0.0,natural_gas_fired_combustion_turbine
90,13,0.0,natural_gas_fired_combustion_turbine
60,13,0.0,natural_gas_fired_combustion_turbine
46,13,0.0,natural_gas_fired_combustion_turbine
37,13,0.0,natural_gas_fired_combustion_turbine
7,13,0.0,natural_gas_fired_combustion_turbine
133,13,0.0,natural_gas_fired_combustion_turbine
74,13,0.0,natural_gas_fired_combustion_turbine
20,13,0.0,natural_gas_fired_combustion_turbine
135,13,0.0,natural_gas_fired_combustion_turbine
142,13,0.0,natural_gas_fired_combustion_turbine
121,13,0.0,natural_gas_fired_combustion_turbine
91,13,0.0,natural_gas_fired_combustion_turbine
22,13,0.0,natural_gas_steam_turbine
123,13,0.0,natural_gas_steam_turbine
62,13,0.0,natural_gas_steam_turbine
49,13,0.0,natural_gas_steam_turbine
48,13,0.0,natural_gas_steam_turbine
21,13,0.0,natural_gas_steam_turbine
79,13,0.0,nuclear
10,13,1317.3245400000003,onshore_wind_turbine
23,13,11851.224,onshore_wind_turbine
31,13,4951.4997,onshore_wind_turbine
38,13,0.0,onshore_wind_turbine
50,13,5169.69726,onshore_wind_turbine
63,13,458.51568010639994,onshore_wind_turbine
80,13,8675.2022,onshore_wind_turbine
94,13,4913.5408,onshore_wind_turbine
105,13,2902.851420084,onshore_wind_turbine
124,13,0.0,onshore_wind_turbine
136,13,0.0,onshore_wind_turbine
144,13,8871.76458,onshore_wind_turbine
11,13,0.0,small_hydroelectric
24,13,0.0,small_hydroelectric
32,13,0.0,small_hydroelectric
39,13,0.0,small_hydroelectric
51,13,25.641,small_hydroelectric
64,13,0.0,small_hydroelectric
81,13,241.672,small_hydroelectric
95,13,0.0,small_hydroelectric
106,13,0.0,small_hydroelectric
125,13,0.0,small_hydroelectric
137,13,36.822,small_hydroelectric
145,13,0.0,small_hydroelectric
12,13,0.0,solar_photovoltaic
25,13,0.0,solar_photovoltaic
33,13,1333.7548000000002,solar_photovoltaic
52,13,4482.3023,solar_photovoltaic
65,13,0.0,solar_photovoltaic
82,13,0.0,solar_photovoltaic
96,13,0.0,solar_photovoltaic
107,13,0.0,solar_photovoltaic
126,13,28987.522678286157,solar_photovoltaic
138,13,0.0,solar_photovoltaic
26,14,0.0,biomass
13,14,0.0,biomass
108,14,0.0,biomass
40,14,0.0,biomass
97,14,0.0,biomass
1,14,0.0,biomass
66,14,0.0,biomass
2,14,458.57632799999993,conventional_hydroelectric
14,14,39.043532000000056,conventional_hydroelectric
27,14,117.12063599999965,conventional_hydroelectric
35,14,414.60425600000514,conventional_hydroelectric
54,14,0.0,conventional_hydroelectric
67,14,0.0,conventional_hydroelectric
84,14,5342.8426542000325,conventional_hydroelectric
109,14,0.0,conventional_hydroelectric
128,14,13.434300000000249,conventional_hydroelectric
139,14,0.0,conventional_hydroelectric
110,14,0.0,conventional_steam_coal
41,14,0.0,conventional_steam_coal
3,14,0.0,conventional_steam_coal
36,14,0.0,conventional_steam_coal
85,14,0.0,conventional_steam_coal
28,14,0.0,geothermal
116,14,0.0,natural_gas_fired_combined_cycle
73,14,0.0,natural_gas_fired_combined_cycle
71,14,0.0,natural_gas_fired_combined_cycle
44,14,0.0,natural_gas_fired_combined_cycle
115,14,0.0,natural_gas_fired_combined_cycle
70,14,0.0,natural_gas_fired_combined_cycle
131,14,0.0,natural_gas_fired_combined_cycle
18,14,0.0,natural_gas_fired_combined_cycle
72,14,0.0,natural_gas_fired_combined_cycle
114,14,0.0,natural_gas_fired_combined_cycle
45,14,0.0,natural_gas_fired_combined_cycle
78,14,0.0,natural_gas_fired_combustion_turbine
75,14,0.0,natural_gas_fired_combustion_turbine
119,14,0.0,natural_gas_fired_combustion_turbine
117,14,0.0,natural_gas_fired_combustion_turbine
134,14,0.0,natural_gas_fired_combustion_turbine
103,14,0.0,natural_gas_fired_combustion_turbine
47,14,0.0,natural_gas_fired_combustion_turbine
8,14,0.0,natural_gas_fired_combustion_turbine
90,14,0.0,natural_gas_fired_combustion_turbine
60,14,0.0,natural_gas_fired_combustion_turbine
46,14,0.0,natural_gas_fired_combustion_turbine
37,14,0.0,natural_gas_fired_combustion_turbine
7,14,0.0,natural_gas_fired_combustion_turbine
133,14,0.0,natural_gas_fired_combustion_turbine
74,14,0.0,natural_gas_fired_combustion_turbine
20,14,0.0,natural_gas_fired_combustion_turbine
135,14,0.0,natural_gas_fired_combustion_turbine
142,14,0.0,natural_gas_fired_combustion_turbine
121,14,0.0,natural_gas_fired_combustion_turbine
91,14,0.0,natural_gas_fired_combustion_turbine
22,14,0.0,natural_gas_steam_turbine
123,14,0.0,natural_gas_steam_turbine
62,14,0.0,natural_gas_steam_turbine
49,14,0.0,natural_gas_steam_turbine
48,14,0.0,natural_gas_steam_turbine
21,14,0.0,natural_gas_steam_turbine
79,14,0.0,nuclear
10,14,0.0,onshore_wind_turbine
23,14,0.0,onshore_wind_turbine
31,14,0.0,onshore_wind_turbine
38,14,0.0,onshore_wind_turbine
50,14,0.0,onshore_wind_turbine
63,14,144.655839944,onshore_wind_turbine
80,14,6740.982071435578,onshore_wind_turbine
94,14,5229.8315999999995,onshore_wind_turbine
105,14,2882.7786394679997,onshore_wind_turbine
124,14,26184.835867821403,onshore_wind_turbine
136,14,5944.332870000001,onshore_wind_turbine
144,14,6966.346589999999,onshore_wind_turbine
11,14,19.125,small_hydroelectric
24,14,62.577,small_hydroelectric
32,14,192.0,small_hydroelectric
39,14,0.0,small_hydroelectric
51,14,0.0,small_hydroelectric
64,14,0.0,small_hydroelectric
81,14,0.0,small_hydroelectric
95,14,0.0,small_hydroelectric
106,14,0.0,small_hydroelectric
125,14,100.697,small_hydroelectric
137,14,0.0,small_hydroelectric
145,14,33.21,small_hydroelectric
12,14,10397.11806,solar_photovoltaic
25,14,0.0,solar_photovoltaic
33,14,0.0,solar_photovoltaic
52,14,0.0,solar_photovoltaic
65,14,0.0,solar_photovoltaic
82,14,0.0,solar_photovoltaic
96,14,0.0,solar_photovoltaic
107,14,14706.533875131,solar_photovoltaic
126,14,0.0,solar_photovoltaic
138,14,2551.0800699999995,solar_photovoltaic
26,15,0.0,biomass
13,15,0.0,biomass
108,15,0.0,biomass
40,15,0.0,biomass
97,15,0.0,biomass
1,15,0.0,biomass
66,15,0.0,biomass
2,15,397.8011520000013,conventional_hydroelectric
14,15,45.158783999999955,conventional_hydroelectric
27,15,0.0,conventional_hydroelectric
35,15,207.30212800000027,conventional_hydroelectric
54,15,86.27028299999972,conventional_hydroelectric
67,15,603.7425810000013,conventional_hydroelectric
84,15,7754.239828200036,conventional_hydroelectric
109,15,107.06586152340002,conventional_hydroelectric
128,15,0.834900000000216,conventional_hydroelectric
139,15,19.330367999999986,conventional_hydroelectric
110,15,0.0,conventional_steam_coal
41,15,0.0,conventional_steam_coal
3,15,0.0,conventional_steam_coal
36,15,0.0,conventional_steam_coal
85,15,0.0,conventional_steam_coal
28,15,0.0,geothermal
116,15,0.0,natural_gas_fired_combined_cycle
73,15,0.0,natural_gas_fired_combined_cycle
71,15,0.0,natural_gas_fired_combined_cycle
44,15,0.0,natural_gas_fired_combined_cycle
115,15,0.0,natural_gas_fired_combined_cycle
70,15,0.0,natural_gas_fired_combined_cycle
131,15,0.0,natural_gas_fired_combined_cycle
18,15,0.0,natural_gas_fired_combined_cycle
72,15,0.0,natural_gas_fired_combined_cycle
114,15,0.0,natural_gas_fired_combined_cycle
45,15,0.0,natural_gas_fired_combined_cycle
78,15,0.0,natural_gas_fired_combustion_turbine
75,15,0.0,natural_gas_fired_combustion_turbine
119,15,0.0,natural_gas_fired_combustion_turbine
117,15,0.0,natural_gas_fired_combustion_turbine
134,15,0.0,natural_gas_fired_combustion_turbine
103,15,0.0,natural_gas_fired_combustion_turbine
47,15,0.0,natural_gas_fired_combustion_turbine
8,15,0.0,natural_gas_fired_combustion_turbine
90,15,0.0,natural_gas_fired_combustion_turbine
60,15,0.0,natural_gas_fired_combustion_turbine
46,15,0.0,natural_gas_fired_combustion_turbine
37,15,0.0,natural_gas_fired_combustion_turbine
7,15,0.0,natural_gas_fired_combustion_turbine
133,15,0.0,natural_gas_fired_combustion_turbine
74,15,0.0,natural_gas_fired_combustion_turbine
20,15,0.0,natural_gas_fired_combustion_turbine
135,15,0.0,natural_gas_fired_combustion_turbine
142,15,0.0,natural_gas_fired_combustion_turbine
121,15,0.0,natural_gas_fired_combustion_turbine
91,15,0.0,natural_gas_fired_combustion_turbine
22,15,0.0,natural_gas_steam_turbine
123,15,0.0,natural_gas_steam_turbine
62,15,0.0,natural_gas_steam_turbine
49,15,0.0,natural_gas_steam_turbine
48,15,0.0,natural_gas_steam_turbine
21,15,0.0,natural_gas_steam_turbine
79,15,0.0,nuclear
10,15,1386.8470000000002,onshore_wind_turbine
23,15,10902.7534,onshore_wind_turbine
31,15,4487.22239,onshore_wind_turbine
38,15,0.0,onshore_wind_turbine
50,15,4883.809139999999,onshore_wind_turbine
63,15,442.61616032480003,onshore_wind_turbine
80,15,0.0,onshore_wind_turbine
94,15,13648.3158,onshore_wind_turbine
105,15,2994.6489984180002,onshore_wind_turbine
124,15,0.0,onshore_wind_turbine
136,15,2210.2055383157494,onshore_wind_turbine
144,15,6081.765479999999,onshore_wind_turbine
11,15,19.125,small_hydroelectric
24,15,0.0,small_hydroelectric
32,15,0.0,small_hydroelectric
39,15,0.0,small_hydroelectric
51,15,25.641,small_hydroelectric
64,15,0.0,small_hydroelectric
81,15,241.672,small_hydroelectric
95,15,0.0,small_hydroelectric
106,15,0.0,small_hydroelectric
125,15,100.697,small_hydroelectric
137,15,36.822,small_hydroelectric
145,15,33.21,small_hydroelectric
12,15,0.0,solar_photovoltaic
25,15,0.0,solar_photovoltaic
33,15,0.0,solar_photovoltaic
52,15,0.0,solar_photovoltaic
65,15,0.0,solar_photovoltaic
82,15,0.0,solar_photovoltaic
96,15,0.0,solar_photovoltaic
107,15,0.0,solar_photovoltaic
126,15,30816.670137218003,solar_photovoltaic
138,15,0.0,solar_photovoltaic
26,16,0.0,biomass
13,16,0.0,biomass
108,16,0.0,biomass
40,16,0.0,biomass
97,16,0.0,biomass
1,16,0.0,biomass
66,16,0.0,biomass
2,16,168.5129880000011,conventional_hydroelectric
14,16,6.726777200000029,conventional_hydroelectric
27,16,0.0,conventional_hydroelectric
35,16,405.86260000000163,conventional_hydroelectric
54,16,172.54056600000038,conventional_hydroelectric
67,16,0.0,conventional_hydroelectric
84,16,10165.637002200041,conventional_hydroelectric
109,16,107.06586152340002,conventional_hydroelectric
128,16,13.434300000000233,conventional_hydroelectric
139,16,0.0,conventional_hydroelectric
110,16,0.0,conventional_steam_coal
41,16,0.0,conventional_steam_coal
3,16,0.0,conventional_steam_coal
36,16,0.0,conventional_steam_coal
85,16,0.0,conventional_steam_coal
28,16,0.0,geothermal
116,16,0.0,natural_gas_fired_combined_cycle
73,16,0.0,natural_gas_fired_combined_cycle
71,16,0.0,natural_gas_fired_combined_cycle
44,16,0.0,natural_gas_fired_combined_cycle
115,16,0.0,natural_gas_fired_combined_cycle
70,16,0.0,natural_gas_fired_combined_cycle
131,16,0.0,natural_gas_fired_combined_cycle
18,16,0.0,natural_gas_fired_combined_cycle
72,16,0.0,natural_gas_fired_combined_cycle
114,16,0.0,natural_gas_fired_combined_cycle
45,16,0.0,natural_gas_fired_combined_cycle
78,16,0.0,natural_gas_fired_combustion_turbine
75,16,0.0,natural_gas_fired_combustion_turbine
119,16,0.0,natural_gas_fired_combustion_turbine
117,16,0.0,natural_gas_fired_combustion_turbine
134,16,0.0,natural_gas_fired_combustion_turbine
103,16,0.0,natural_gas_fired_combustion_turbine
47,16,0.0,natural_gas_fired_combustion_turbine
8,16,0.0,natural_gas_fired_combustion_turbine
90,16,0.0,natural_gas_fired_combustion_turbine
60,16,0.0,natural_gas_fired_combustion_turbine
46,16,0.0,natural_gas_fired_combustion_turbine
37,16,0.0,natural_gas_fired_combustion_turbine
7,16,0.0,natural_gas_fired_combustion_turbine
133,16,0.0,natural_gas_fired_combustion_turbine
74,16,0.0,natural_gas_fired_combustion_turbine
20,16,0.0,natural_gas_fired_combustion_turbine
135,16,0.0,natural_gas_fired_combustion_turbine
142,16,0.0,natural_gas_fired_combustion_turbine
121,16,0.0,natural_gas_fired_combustion_turbine
91,16,0.0,natural_gas_fired_combustion_turbine
22,16,0.0,natural_gas_steam_turbine
123,16,0.0,natural_gas_steam_turbine
62,16,0.0,natural_gas_steam_turbine
49,16,0.0,natural_gas_steam_turbine
48,16,0.0,natural_gas_steam_turbine
21,16,0.0,natural_gas_steam_turbine
79,16,0.0,nuclear
10,16,0.0,onshore_wind_turbine
23,16,0.0,onshore_wind_turbine
31,16,0.0,onshore_wind_turbine
38,16,4008.72885,onshore_wind_turbine
50,16,4851.29106,onshore_wind_turbine
63,16,341.00556015679996,onshore_wind_turbine
80,16,0.0,onshore_wind_turbine
94,16,10415.5296,onshore_wind_turbine
105,16,0.0,onshore_wind_turbine
124,16,25766.435868712004,onshore_wind_turbine
136,16,0.0,onshore_wind_turbine
144,16,9455.717879999998,onshore_wind_turbine
11,16,0.0,small_hydroelectric
24,16,0.0,small_hydroelectric
32,16,0.0,small_hydroelectric
39,16,0.0,small_hydroelectric
51,16,0.0,small_hydroelectric
64,16,0.0,small_hydroelectric
81,16,0.0,small_hydroelectric
95,16,0.0,small_hydroelectric
106,16,31.614,small_hydroelectric
125,16,0.0,small_hydroelectric
137,16,0.0,small_hydroelectric
145,16,0.0,small_hydroelectric
12,16,8510.0715,solar_photovoltaic
25,16,0.0,solar_photovoltaic
33,16,0.0,solar_photovoltaic
52,16,0.0,solar_photovoltaic
65,16,0.0,solar_photovoltaic
82,16,0.0,solar_photovoltaic
96,16,926.68751,solar_photovoltaic
107,16,0.0,solar_photovoltaic
126,16,29470.286836207746,solar_photovoltaic
138,16,2620.4847899999995,solar_photovoltaic
26,17,0.0,biomass
13,17,0.0,biomass
108,17,0.0,biomass
40,17,0.0,biomass
97,17,0.0,biomass
1,17,0.0,biomass
66,17,0.0,biomass
2,17,397.8011520000013,conventional_hydroelectric
14,17,45.770309200000035,conventional_hydroelectric
27,17,0.0,conventional_hydroelectric
35,17,198.56047200000154,conventional_hydroelectric
54,17,258.8108490000012,conventional_hydroelectric
67,17,603.7425810000016,conventional_hydroelectric
84,17,9645.588695999973,conventional_hydroelectric
109,17,107.1266087892,conventional_hydroelectric
128,17,26.033700000000252,conventional_hydroelectric
139,17,19.330368000000057,conventional_hydroelectric
110,17,0.0,conventional_steam_coal
41,17,0.0,conventional_steam_coal
3,17,0.0,conventional_steam_coal
36,17,0.0,conventional_steam_coal
85,17,0.0,conventional_steam_coal
28,17,0.0,geothermal
116,17,0.0,natural_gas_fired_combined_cycle
73,17,0.0,natural_gas_fired_combined_cycle
71,17,0.0,natural_gas_fired_combined_cycle
44,17,0.0,natural_gas_fired_combined_cycle
115,17,0.0,natural_gas_fired_combined_cycle
70,17,0.0,natural_gas_fired_combined_cycle
131,17,0.0,natural_gas_fired_combined_cycle
18,17,0.0,natural_gas_fired_combined_cycle
72,17,0.0,natural_gas_fired_combined_cycle
114,17,0.0,natural_gas_fired_combined_cycle
45,17,0.0,natural_gas_fired_combined_cycle
78,17,0.0,natural_gas_fired_combustion_turbine
75,17,0.0,natural_gas_fired_combustion_turbine
119,17,0.0,natural_gas_fired_combustion_turbine
117,17,0.0,natural_gas_fired_combustion_turbine
134,17,0.0,natural_gas_fired_combustion_turbine
103,17,0.0,natural_gas_fired_combustion_turbine
47,17,0.0,natural_gas_fired_combustion_turbine
8,17,0.0,natural_gas_fired_combustion_turbine
90,17,0.0,natural_gas_fired_combustion_turbine
60,17,0.0,natural_gas_fired_combustion_turbine
46,17,0.0,natural_gas_fired_combustion_turbine
37,17,0.0,natural_gas_fired_combustion_turbine
7,17,0.0,natural_gas_fired_combustion_turbine
133,17,0.0,natural_gas_fired_combustion_turbine
74,17,0.0,natural_gas_fired_combustion_turbine
20,17,0.0,natural_gas_fired_combustion_turbine
135,17,0.0,natural_gas_fired_combustion_turbine
142,17,0.0,natural_gas_fired_combustion_turbine
121,17,0.0,natural_gas_fired_combustion_turbine
91,17,0.0,natural_gas_fired_combustion_turbine
22,17,0.0,natural_gas_steam_turbine
123,17,0.0,natural_gas_steam_turbine
62,17,0.0,natural_gas_steam_turbine
49,17,0.0,natural_gas_steam_turbine
48,17,0.0,natural_gas_steam_turbine
21,17,0.0,natural_gas_steam_turbine
79,17,0.0,nuclear
10,17,0.0,onshore_wind_turbine
23,17,13075.4778,onshore_wind_turbine
31,17,4477.72311,onshore_wind_turbine
38,17,3521.34195,onshore_wind_turbine
50,17,3291.10068,onshore_wind_turbine
63,17,305.19160033599996,onshore_wind_turbine
80,17,0.0,onshore_wind_turbine
94,17,0.0,onshore_wind_turbine
105,17,3055.202779419,onshore_wind_turbine
124,17,0.0,onshore_wind_turbine
136,17,0.0,onshore_wind_turbine
144,17,11650.949729999998,onshore_wind_turbine
11,17,0.0,small_hydroelectric
24,17,62.577,small_hydroelectric
32,17,0.0,small_hydroelectric
39,17,0.0,small_hydroelectric
51,17,0.0,small_hydroelectric
64,17,0.0,small_hydroelectric
81,17,241.672,small_hydroelectric
95,17,0.0,small_hydroelectric
106,17,0.0,small_hydroelectric
125,17,0.0,small_hydroelectric
137,17,36.822,small_hydroelectric
145,17,0.0,small_hydroelectric
12,17,0.0,solar_photovoltaic
25,17,0.0,solar_photovoltaic
33,17,0.0,solar_photovoltaic
52,17,0.0,solar_photovoltaic
65,17,0.0,solar_photovoltaic
82,17,0.0,solar_photovoltaic
96,17,768.15004,solar_photovoltaic
107,17,10966.4172177315,solar_photovoltaic
126,17,24424.375993678503,solar_photovoltaic
138,17,1420.2717828457971,solar_photovoltaic
26,18,0.0,biomass
13,18,0.0,biomass
108,18,0.0,biomass
40,18,0.0,biomass
97,18,0.0,biomass
1,18,0.0,biomass
66,18,0.0,biomass
2,18,458.5763279999998,conventional_hydroelectric
14,18,6.726777200000029,conventional_hydroelectric
27,18,117.1206360000013,conventional_hydroelectric
35,18,405.8626000000008,conventional_hydroelectric
54,18,345.0811320000021,conventional_hydroelectric
67,18,0.0,conventional_hydroelectric
84,18,10165.637002199988,conventional_hydroelectric
109,18,107.1266087892,conventional_hydroelectric
128,18,13.434300000000222,conventional_hydroelectric
139,18,19.330368,conventional_hydroelectric
110,18,0.0,conventional_steam_coal
41,18,0.0,conventional_steam_coal
3,18,0.0,conventional_steam_coal
36,18,0.0,conventional_steam_coal
85,18,0.0,conventional_steam_coal
28,18,74.364,geothermal
116,18,0.0,natural_gas_fired_combined_cycle
73,18,0.0,natural_gas_fired_combined_cycle
71,18,0.0,natural_gas_fired_combined_cycle
44,18,0.0,natural_gas_fired_combined_cycle
115,18,0.0,natural_gas_fired_combined_cycle
70,18,0.0,natural_gas_fired_combined_cycle
131,18,0.0,natural_gas_fired_combined_cycle
18,18,0.0,natural_gas_fired_combined_cycle
72,18,0.0,natural_gas_fired_combined_cycle
114,18,0.0,natural_gas_fired_combined_cycle
45,18,0.0,natural_gas_fired_combined_cycle
78,18,0.0,natural_gas_fired_combustion_turbine
75,18,0.0,natural_gas_fired_combustion_turbine
119,18,0.0,natural_gas_fired_combustion_turbine
117,18,0.0,natural_gas_fired_combustion_turbine
134,18,0.0,natural_gas_fired_combustion_turbine
103,18,0.0,natural_gas_fired_combustion_turbine
47,18,0.0,natural_gas_fired_combustion_turbine
8,18,0.0,natural_gas_fired_combustion_turbine
90,18,0.0,natural_gas_fired_combustion_turbine
60,18,0.0,natural_gas_fired_combustion_turbine
46,18,0.0,natural_gas_fired_combustion_turbine
37,18,0.0,natural_gas_fired_combustion_turbine
7,18,0.0,natural_gas_fired_combustion_turbine
133,18,0.0,natural_gas_fired_combustion_turbine
74,18,0.0,natural_gas_fired_combustion_turbine
20,18,0.0,natural_gas_fired_combustion_turbine
135,18,0.0,natural_gas_fired_combustion_turbine
142,18,0.0,natural_gas_fired_combustion_turbine
121,18,0.0,natural_gas_fired_combustion_turbine
91,18,0.0,natural_gas_fired_combustion_turbine
22,18,0.0,natural_gas_steam_turbine
123,18,0.0,natural_gas_steam_turbine
62,18,0.0,natural_gas_steam_turbine
49,18,0.0,natural_gas_steam_turbine
48,18,0.0,natural_gas_steam_turbine
21,18,0.0,natural_gas_steam_turbine
79,18,0.0,nuclear
10,18,1400.71547,onshore_wind_turbine
23,18,13120.1994,onshore_wind_turbine
31,18,5010.8702,onshore_wind_turbine
38,18,0.0,onshore_wind_turbine
50,18,1794.6976771753925,onshore_wind_turbine
63,18,401.2372001736,onshore_wind_turbine
80,18,8458.670639999998,onshore_wind_turbine
94,18,15181.9584,onshore_wind_turbine
105,18,0.0,onshore_wind_turbine
124,18,0.0,onshore_wind_turbine
136,18,3142.6084200000005,onshore_wind_turbine
144,18,13214.646899999998,onshore_wind_turbine
11,18,0.0,small_hydroelectric
24,18,0.0,small_hydroelectric
32,18,0.0,small_hydroelectric
39,18,52.9,small_hydroelectric
51,18,0.0,small_hydroelectric
64,18,0.0,small_hydroelectric
81,18,0.0,small_hydroelectric
95,18,0.0,small_hydroelectric
106,18,0.0,small_hydroelectric
125,18,100.697,small_hydroelectric
137,18,0.0,small_hydroelectric
145,18,0.0,small_hydroelectric
12,18,0.0,solar_photovoltaic
25,18,0.0,solar_photovoltaic
33,18,0.0,solar_photovoltaic
52,18,0.0,solar_photovoltaic
65,18,5370.8777448123,solar_photovoltaic
82,18,7255.65743,solar_photovoltaic
96,18,500.29665,solar_photovoltaic
107,18,5984.4108056495,solar_photovoltaic
126,18,0.0,solar_photovoltaic
138,18,0.0,solar_photovoltaic
26,19,0.0,biomass
13,19,0.0,biomass
108,19,0.0,biomass
40,19,0.0,biomass
97,19,0.0,biomass
1,19,0.0,biomass
66,19,0.0,biomass
2,19,687.8644919999999,conventional_hydroelectric
14,19,39.04353199999993,conventional_hydroelectric
27,19,234.24127200000285,conventional_hydroelectric
35,19,613.1647280000003,conventional_hydroelectric
54,19,258.81084900000235,conventional_hydroelectric
67,19,603.7425809999995,conventional_hydroelectric
84,19,12577.034176199993,conventional_hydroelectric
109,19,107.1266087892,conventional_hydroelectric
128,19,0.8349000000001983,conventional_hydroelectric
139,19,19.330368,conventional_hydroelectric
110,19,0.0,conventional_steam_coal
41,19,0.0,conventional_steam_coal
3,19,0.0,conventional_steam_coal
36,19,0.0,conventional_steam_coal
85,19,0.0,conventional_steam_coal
28,19,74.364,geothermal
116,19,0.0,natural_gas_fired_combined_cycle
73,19,0.0,natural_gas_fired_combined_cycle
71,19,0.0,natural_gas_fired_combined_cycle
44,19,0.0,natural_gas_fired_combined_cycle
115,19,0.0,natural_gas_fired_combined_cycle
70,19,0.0,natural_gas_fired_combined_cycle
131,19,0.0,natural_gas_fired_combined_cycle
18,19,0.0,natural_gas_fired_combined_cycle
72,19,0.0,natural_gas_fired_combined_cycle
114,19,0.0,natural_gas_fired_combined_cycle
45,19,0.0,natural_gas_fired_combined_cycle
78,19,0.0,natural_gas_fired_combustion_turbine
75,19,0.0,natural_gas_fired_combustion_turbine
119,19,0.0,natural_gas_fired_combustion_turbine
117,19,0.0,natural_gas_fired_combustion_turbine
134,19,0.0,natural_gas_fired_combustion_turbine
103,19,0.0,natural_gas_fired_combustion_turbine
47,19,0.0,natural_gas_fired_combustion_turbine
8,19,0.0,natural_gas_fired_combustion_turbine
90,19,0.0,natural_gas_fired_combustion_turbine
60,19,0.0,natural_gas_fired_combustion_turbine
46,19,0.0,natural_gas_fired_combustion_turbine
37,19,0.0,natural_gas_fired_combustion_turbine
7,19,0.0,natural_gas_fired_combustion_turbine
133,19,0.0,natural_gas_fired_combustion_turbine
74,19,0.0,natural_gas_fired_combustion_turbine
20,19,0.0,natural_gas_fired_combustion_turbine
135,19,0.0,natural_gas_fired_combustion_turbine
142,19,0.0,natural_gas_fired_combustion_turbine
121,19,0.0,natural_gas_fired_combustion_turbine
91,19,0.0,natural_gas_fired_combustion_turbine
22,19,0.0,natural_gas_steam_turbine
123,19,0.0,natural_gas_steam_turbine
62,19,0.0,natural_gas_steam_turbine
49,19,0.0,natural_gas_steam_turbine
48,19,0.0,natural_gas_steam_turbine
21,19,0.0,natural_gas_steam_turbine
79,19,0.0,nuclear
10,19,1392.6105200000002,onshore_wind_turbine
23,19,12380.008025547406,onshore_wind_turbine
31,19,3937.45156,onshore_wind_turbine
38,19,1459.3204500000002,onshore_wind_turbine
50,19,2157.7101,onshore_wind_turbine
63,19,0.0,onshore_wind_turbine
80,19,5653.98288,onshore_wind_turbine
94,19,14347.0978,onshore_wind_turbine
105,19,0.0,onshore_wind_turbine
124,19,26691.127757463404,onshore_wind_turbine
136,19,3642.691500000001,onshore_wind_turbine
144,19,10759.880249999998,onshore_wind_turbine
11,19,19.125,small_hydroelectric
24,19,0.0,small_hydroelectric
32,19,192.0,small_hydroelectric
39,19,52.9,small_hydroelectric
51,19,0.0,small_hydroelectric
64,19,0.0,small_hydroelectric
81,19,241.672,small_hydroelectric
95,19,0.0,small_hydroelectric
106,19,0.0,small_hydroelectric
125,19,100.697,small_hydroelectric
137,19,36.822,small_hydroelectric
145,19,33.21,small_hydroelectric
12,19,0.0,solar_photovoltaic
25,19,0.0,solar_photovoltaic
33,19,0.0,solar_photovoltaic
52,19,0.0,solar_photovoltaic
65,19,0.0,solar_photovoltaic
82,19,0.0,solar_photovoltaic
96,19,0.0,solar_photovoltaic
107,19,0.0,solar_photovoltaic
126,19,0.0,solar_photovoltaic
138,19,0.0,solar_photovoltaic
26,20,0.0,biomass
13,20,0.0,biomass
108,20,0.0,biomass
40,20,0.0,biomass
97,20,0.0,biomass
1,20,0.0,biomass
66,20,0.0,biomass
2,20,857.2062324,conventional_hydroelectric
14,20,45.91143039999958,conventional_hydroelectric
27,20,117.12063600000042,conventional_hydroelectric
35,20,820.466856,conventional_hydroelectric
54,20,317.53700549999456,conventional_hydroelectric
67,20,603.742581,conventional_hydroelectric
84,20,12629.329536599977,conventional_hydroelectric
109,20,107.2054815234,conventional_hydroelectric
128,20,13.434300000000215,conventional_hydroelectric
139,20,19.33036800000002,conventional_hydroelectric
110,20,0.0,conventional_steam_coal
41,20,0.0,conventional_steam_coal
3,20,0.0,conventional_steam_coal
36,20,0.0,conventional_steam_coal
85,20,0.0,conventional_steam_coal
28,20,74.364,geothermal
116,20,0.0,natural_gas_fired_combined_cycle
73,20,0.0,natural_gas_fired_combined_cycle
71,20,0.0,natural_gas_fired_combined_cycle
44,20,0.0,natural_gas_fired_combined_cycle
115,20,0.0,natural_gas_fired_combined_cycle
70,20,0.0,natural_gas_fired_combined_cycle
131,20,0.0,natural_gas_fired_combined_cycle
18,20,0.0,natural_gas_fired_combined_cycle
72,20,0.0,natural_gas_fired_combined_cycle
114,20,0.0,natural_gas_fired_combined_cycle
45,20,0.0,natural_gas_fired_combined_cycle
78,20,0.0,natural_gas_fired_combustion_turbine
75,20,0.0,natural_gas_fired_combustion_turbine
119,20,0.0,natural_gas_fired_combustion_turbine
117,20,0.0,natural_gas_fired_combustion_turbine
134,20,0.0,natural_gas_fired_combustion_turbine
103,20,0.0,natural_gas_fired_combustion_turbine
47,20,0.0,natural_gas_fired_combustion_turbine
8,20,0.0,natural_gas_fired_combustion_turbine
90,20,0.0,natural_gas_fired_combustion_turbine
60,20,0.0,natural_gas_fired_combustion_turbine
46,20,0.0,natural_gas_fired_combustion_turbine
37,20,0.0,natural_gas_fired_combustion_turbine
7,20,0.0,natural_gas_fired_combustion_turbine
133,20,0.0,natural_gas_fired_combustion_turbine
74,20,0.0,natural_gas_fired_combustion_turbine
20,20,0.0,natural_gas_fired_combustion_turbine
135,20,0.0,natural_gas_fired_combustion_turbine
142,20,0.0,natural_gas_fired_combustion_turbine
121,20,0.0,natural_gas_fired_combustion_turbine
91,20,0.0,natural_gas_fired_combustion_turbine
22,20,0.0,natural_gas_steam_turbine
123,20,0.0,natural_gas_steam_turbine
62,20,0.0,natural_gas_steam_turbine
49,20,0.0,natural_gas_steam_turbine
48,20,0.0,natural_gas_steam_turbine
21,20,0.0,natural_gas_steam_turbine
79,20,0.0,nuclear
10,20,0.0,onshore_wind_turbine
23,20,14189.791,onshore_wind_turbine
31,20,4093.6904391284233,onshore_wind_turbine
38,20,857.7555,onshore_wind_turbine
50,20,3492.983759999999,onshore_wind_turbine
63,20,299.8038401288,onshore_wind_turbine
80,20,1580.7733199999998,onshore_wind_turbine
94,20,11776.3156,onshore_wind_turbine
105,20,1342.548479391,onshore_wind_turbine
124,20,26723.852683928406,onshore_wind_turbine
136,20,4036.6418400000002,onshore_wind_turbine
144,20,12976.739999999998,onshore_wind_turbine
11,20,19.125,small_hydroelectric
24,20,62.577,small_hydroelectric
32,20,192.0,small_hydroelectric
39,20,52.9,small_hydroelectric
51,20,25.641,small_hydroelectric
64,20,6.128,small_hydroelectric
81,20,241.672,small_hydroelectric
95,20,418.922,small_hydroelectric
106,20,31.614,small_hydroelectric
125,20,100.697,small_hydroelectric
137,20,36.822,small_hydroelectric
145,20,33.21,small_hydroelectric
12,20,0.0,solar_photovoltaic
25,20,0.0,solar_photovoltaic
33,20,0.0,solar_photovoltaic
52,20,0.0,solar_photovoltaic
65,20,0.0,solar_photovoltaic
82,20,0.0,solar_photovoltaic
96,20,0.0,solar_photovoltaic
107,20,0.0,solar_photovoltaic
126,20,0.0,solar_photovoltaic
138,20,0.0,solar_photovoltaic
26,21,0.0,biomass
13,21,0.0,biomass
108,21,0.0,biomass
40,21,0.0,biomass
97,21,0.0,biomass
1,21,0.0,biomass
66,21,0.0,biomass
2,21,857.4824831999999,conventional_hydroelectric
14,21,84.9549623999998,conventional_hydroelectric
27,21,0.0,conventional_hydroelectric
35,21,820.7166176,conventional_hydroelectric
54,21,317.12124510000086,conventional_hydroelectric
67,21,793.0584330844501,conventional_hydroelectric
84,21,15040.726710600002,conventional_hydroelectric
109,21,107.2054815234,conventional_hydroelectric
128,21,12.599400000000024,conventional_hydroelectric
139,21,26.946067199999977,conventional_hydroelectric
110,21,0.0,conventional_steam_coal
41,21,0.0,conventional_steam_coal
3,21,0.0,conventional_steam_coal
36,21,0.0,conventional_steam_coal
85,21,0.0,conventional_steam_coal
28,21,74.364,geothermal
116,21,0.0,natural_gas_fired_combined_cycle
73,21,0.0,natural_gas_fired_combined_cycle
71,21,0.0,natural_gas_fired_combined_cycle
44,21,0.0,natural_gas_fired_combined_cycle
115,21,0.0,natural_gas_fired_combined_cycle
70,21,0.0,natural_gas_fired_combined_cycle
131,21,0.0,natural_gas_fired_combined_cycle
18,21,0.0,natural_gas_fired_combined_cycle
72,21,0.0,natural_gas_fired_combined_cycle
114,21,0.0,natural_gas_fired_combined_cycle
45,21,0.0,natural_gas_fired_combined_cycle
78,21,0.0,natural_gas_fired_combustion_turbine
75,21,0.0,natural_gas_fired_combustion_turbine
119,21,0.0,natural_gas_fired_combustion_turbine
117,21,0.0,natural_gas_fired_combustion_turbine
134,21,0.0,natural_gas_fired_combustion_turbine
103,21,0.0,natural_gas_fired_combustion_turbine
47,21,0.0,natural_gas_fired_combustion_turbine
8,21,0.0,natural_gas_fired_combustion_turbine
90,21,0.0,natural_gas_fired_combustion_turbine
60,21,0.0,natural_gas_fired_combustion_turbine
46,21,0.0,natural_gas_fired_combustion_turbine
37,21,0.0,natural_gas_fired_combustion_turbine
7,21,0.0,natural_gas_fired_combustion_turbine
133,21,0.0,natural_gas_fired_combustion_turbine
74,21,0.0,natural_gas_fired_combustion_turbine
20,21,0.0,natural_gas_fired_combustion_turbine
135,21,0.0,natural_gas_fired_combustion_turbine
142,21,0.0,natural_gas_fired_combustion_turbine
121,21,0.0,natural_gas_fired_combustion_turbine
91,21,0.0,natural_gas_fired_combustion_turbine
22,21,0.0,natural_gas_steam_turbine
123,21,0.0,natural_gas_steam_turbine
62,21,0.0,natural_gas_steam_turbine
49,21,0.0,natural_gas_steam_turbine
48,21,0.0,natural_gas_steam_turbine
21,21,0.0,natural_gas_steam_turbine
79,21,0.0,nuclear
10,21,1389.1884300000002,onshore_wind_turbine
23,21,14014.6314,onshore_wind_turbine
31,21,7575.6758,onshore_wind_turbine
38,21,1024.19415,onshore_wind_turbine
50,21,1352.5106276834613,onshore_wind_turbine
63,21,0.0,onshore_wind_turbine
80,21,0.0,onshore_wind_turbine
94,21,0.0,onshore_wind_turbine
105,21,1350.012158607,onshore_wind_turbine
124,21,26556.348630011205,onshore_wind_turbine
136,21,4678.834860000001,onshore_wind_turbine
144,21,15152.506739999999,onshore_wind_turbine
11,21,19.125,small_hydroelectric
24,21,62.577,small_hydroelectric
32,21,192.0,small_hydroelectric
39,21,0.0,small_hydroelectric
51,21,0.0,small_hydroelectric
64,21,0.0,small_hydroelectric
81,21,241.672,small_hydroelectric
95,21,418.922,small_hydroelectric
106,21,31.614,small_hydroelectric
125,21,0.0,small_hydroelectric
137,21,36.822,small_hydroelectric
145,21,33.21,small_hydroelectric
12,21,0.0,solar_photovoltaic
25,21,0.0,solar_photovoltaic
33,21,0.0,solar_photovoltaic
52,21,0.0,solar_photovoltaic
65,21,0.0,solar_photovoltaic
82,21,0.0,solar_photovoltaic
96,21,0.0,solar_photovoltaic
107,21,0.0,solar_photovoltaic
126,21,0.0,solar_photovoltaic
138,21,0.0,solar_photovoltaic
26,22,0.0,biomass
13,22,0.0,biomass
108,22,0.0,biomass
40,22,0.0,biomass
97,22,0.0,biomass
1,22,0.0,biomass
66,22,0.0,biomass
2,22,628.1943192000005,conventional_hydroelectric
14,22,123.9984944,conventional_hydroelectric
27,22,117.12063599999959,conventional_hydroelectric
35,22,615.1628207999996,conventional_hydroelectric
54,22,317.5370054999945,conventional_hydroelectric
67,22,603.7425809999995,conventional_hydroelectric
84,22,12629.329536599975,conventional_hydroelectric
109,22,107.2054815234,conventional_hydroelectric
128,22,13.677179999999957,conventional_hydroelectric
139,22,38.660736000000014,conventional_hydroelectric
110,22,0.0,conventional_steam_coal
41,22,0.0,conventional_steam_coal
3,22,0.0,conventional_steam_coal
36,22,0.0,conventional_steam_coal
85,22,0.0,conventional_steam_coal
28,22,0.0,geothermal
116,22,0.0,natural_gas_fired_combined_cycle
73,22,0.0,natural_gas_fired_combined_cycle
71,22,0.0,natural_gas_fired_combined_cycle
44,22,0.0,natural_gas_fired_combined_cycle
115,22,0.0,natural_gas_fired_combined_cycle
70,22,0.0,natural_gas_fired_combined_cycle
131,22,0.0,natural_gas_fired_combined_cycle
18,22,0.0,natural_gas_fired_combined_cycle
72,22,0.0,natural_gas_fired_combined_cycle
114,22,0.0,natural_gas_fired_combined_cycle
45,22,0.0,natural_gas_fired_combined_cycle
78,22,0.0,natural_gas_fired_combustion_turbine
75,22,0.0,natural_gas_fired_combustion_turbine
119,22,0.0,natural_gas_fired_combustion_turbine
117,22,0.0,natural_gas_fired_combustion_turbine
134,22,0.0,natural_gas_fired_combustion_turbine
103,22,0.0,natural_gas_fired_combustion_turbine
47,22,0.0,natural_gas_fired_combustion_turbine
8,22,0.0,natural_gas_fired_combustion_turbine
90,22,0.0,natural_gas_fired_combustion_turbine
60,22,0.0,natural_gas_fired_combustion_turbine
46,22,0.0,natural_gas_fired_combustion_turbine
37,22,0.0,natural_gas_fired_combustion_turbine
7,22,0.0,natural_gas_fired_combustion_turbine
133,22,0.0,natural_gas_fired_combustion_turbine
74,22,0.0,natural_gas_fired_combustion_turbine
20,22,0.0,natural_gas_fired_combustion_turbine
135,22,0.0,natural_gas_fired_combustion_turbine
142,22,0.0,natural_gas_fired_combustion_turbine
121,22,0.0,natural_gas_fired_combustion_turbine
91,22,0.0,natural_gas_fired_combustion_turbine
22,22,0.0,natural_gas_steam_turbine
123,22,0.0,natural_gas_steam_turbine
62,22,0.0,natural_gas_steam_turbine
49,22,0.0,natural_gas_steam_turbine
48,22,0.0,natural_gas_steam_turbine
21,22,0.0,natural_gas_steam_turbine
79,22,0.0,nuclear
10,22,1414.4038300000002,onshore_wind_turbine
23,22,13297.2224,onshore_wind_turbine
31,22,8323.7441,onshore_wind_turbine
38,22,1337.1897,onshore_wind_turbine
50,22,3336.9717991306316,onshore_wind_turbine
63,22,627.46824,onshore_wind_turbine
80,22,3842.7381999999993,onshore_wind_turbine
94,22,0.0,onshore_wind_turbine
105,22,1355.952639846,onshore_wind_turbine
124,22,0.0,onshore_wind_turbine
136,22,5231.984310000001,onshore_wind_turbine
144,22,15751.599569999997,onshore_wind_turbine
11,22,0.0,small_hydroelectric
24,22,62.577,small_hydroelectric
32,22,0.0,small_hydroelectric
39,22,0.0,small_hydroelectric
51,22,25.641,small_hydroelectric
64,22,0.0,small_hydroelectric
81,22,0.0,small_hydroelectric
95,22,0.0,small_hydroelectric
106,22,0.0,small_hydroelectric
125,22,0.0,small_hydroelectric
137,22,0.0,small_hydroelectric
145,22,0.0,small_hydroelectric
12,22,0.0,solar_photovoltaic
25,22,0.0,solar_photovoltaic
33,22,0.0,solar_photovoltaic
52,22,0.0,solar_photovoltaic
65,22,0.0,solar_photovoltaic
82,22,0.0,solar_photovoltaic
96,22,0.0,solar_photovoltaic
107,22,0.0,solar_photovoltaic
126,22,0.0,solar_photovoltaic
138,22,0.0,solar_photovoltaic
26,23,0.0,biomass
13,23,0.0,biomass
108,23,0.0,biomass
40,23,0.0,biomass
97,23,0.0,biomass
1,23,0.0,biomass
66,23,0.0,biomass
2,23,398.9061552000009,conventional_hydroelectric
14,23,84.95496240000004,conventional_hydroelectric
27,23,234.24127199999896,conventional_hydroelectric
35,23,407.86069279999936,conventional_hydroelectric
54,23,317.1212451000011,conventional_hydroelectric
67,23,0.0,conventional_hydroelectric
84,23,12661.287812399994,conventional_hydroelectric
109,23,107.2054815234,conventional_hydroelectric
128,23,26.27657999999997,conventional_hydroelectric
139,23,19.330368,conventional_hydroelectric
110,23,0.0,conventional_steam_coal
41,23,0.0,conventional_steam_coal
3,23,0.0,conventional_steam_coal
36,23,0.0,conventional_steam_coal
85,23,0.0,conventional_steam_coal
28,23,0.0,geothermal
116,23,0.0,natural_gas_fired_combined_cycle
73,23,0.0,natural_gas_fired_combined_cycle
71,23,0.0,natural_gas_fired_combined_cycle
44,23,0.0,natural_gas_fired_combined_cycle
115,23,0.0,natural_gas_fired_combined_cycle
70,23,0.0,natural_gas_fired_combined_cycle
131,23,0.0,natural_gas_fired_combined_cycle
18,23,0.0,natural_gas_fired_combined_cycle
72,23,0.0,natural_gas_fired_combined_cycle
114,23,0.0,natural_gas_fired_combined_cycle
45,23,0.0,natural_gas_fired_combined_cycle
78,23,0.0,natural_gas_fired_combustion_turbine
75,23,0.0,natural_gas_fired_combustion_turbine
119,23,0.0,natural_gas_fired_combustion_turbine
117,23,0.0,natural_gas_fired_combustion_turbine
134,23,0.0,natural_gas_fired_combustion_turbine
103,23,0.0,natural_gas_fired_combustion_turbine
47,23,0.0,natural_gas_fired_combustion_turbine
8,23,0.0,natural_gas_fired_combustion_turbine
90,23,0.0,natural_gas_fired_combustion_turbine
60,23,0.0,natural_gas_fired_combustion_turbine
46,23,0.0,natural_gas_fired_combustion_turbine
37,23,0.0,natural_gas_fired_combustion_turbine
7,23,0.0,natural_gas_fired_combustion_turbine
133,23,0.0,natural_gas_fired_combustion_turbine
74,23,0.0,natural_gas_fired_combustion_turbine
20,23,0.0,natural_gas_fired_combustion_turbine
135,23,0.0,natural_gas_fired_combustion_turbine
142,23,0.0,natural_gas_fired_combustion_turbine
121,23,0.0,natural_gas_fired_combustion_turbine
91,23,0.0,natural_gas_fired_combustion_turbine
22,23,0.0,natural_gas_steam_turbine
123,23,0.0,natural_gas_steam_turbine
62,23,0.0,natural_gas_steam_turbine
49,23,0.0,natural_gas_steam_turbine
48,23,0.0,natural_gas_steam_turbine
21,23,0.0,natural_gas_steam_turbine
79,23,0.0,nuclear
10,23,1415.4844900000003,onshore_wind_turbine
23,23,14450.667,onshore_wind_turbine
31,23,6604.37442,onshore_wind_turbine
38,23,1977.3820500000002,onshore_wind_turbine
50,23,4223.9631,onshore_wind_turbine
63,23,637.5748400392,onshore_wind_turbine
80,23,4430.997759999999,onshore_wind_turbine
94,23,8657.5412,onshore_wind_turbine
105,23,1369.509121113,onshore_wind_turbine
124,23,0.0,onshore_wind_turbine
136,23,0.0,onshore_wind_turbine
144,23,4093.3883294243933,onshore_wind_turbine
11,23,19.125,small_hydroelectric
24,23,0.0,small_hydroelectric
32,23,192.0,small_hydroelectric
39,23,0.0,small_hydroelectric
51,23,0.0,small_hydroelectric
64,23,0.0,small_hydroelectric
81,23,0.0,small_hydroelectric
95,23,418.922,small_hydroelectric
106,23,31.614,small_hydroelectric
125,23,100.697,small_hydroelectric
137,23,36.822,small_hydroelectric
145,23,0.0,small_hydroelectric
12,23,0.0,solar_photovoltaic
25,23,0.0,solar_photovoltaic
33,23,0.0,solar_photovoltaic
52,23,0.0,solar_photovoltaic
65,23,0.0,solar_photovoltaic
82,23,0.0,solar_photovoltaic
96,23,0.0,solar_photovoltaic
107,23,0.0,solar_photovoltaic
126,23,0.0,solar_photovoltaic
138,23,0.0,solar_photovoltaic
26,24,0.0,biomass
13,24,0.0,biomass
108,24,0.0,biomass
40,24,0.0,biomass
97,24,0.0,biomass
1,24,0.0,biomass
66,24,0.0,biomass
2,24,169.61799119999893,conventional_hydroelectric
14,24,45.91143039999982,conventional_hydroelectric
27,24,351.3619079999981,conventional_hydroelectric
35,24,207.30212800000027,conventional_hydroelectric
54,24,317.5370054999944,conventional_hydroelectric
67,24,603.7425809999992,conventional_hydroelectric
84,24,10273.133020799974,conventional_hydroelectric
109,24,107.2054815234,conventional_hydroelectric
128,24,38.875979999999984,conventional_hydroelectric
139,24,19.330368,conventional_hydroelectric
110,24,0.0,conventional_steam_coal
41,24,0.0,conventional_steam_coal
3,24,0.0,conventional_steam_coal
36,24,0.0,conventional_steam_coal
85,24,0.0,conventional_steam_coal
28,24,0.0,geothermal
116,24,0.0,natural_gas_fired_combined_cycle
73,24,0.0,natural_gas_fired_combined_cycle
71,24,0.0,natural_gas_fired_combined_cycle
44,24,0.0,natural_gas_fired_combined_cycle
115,24,0.0,natural_gas_fired_combined_cycle
70,24,0.0,natural_gas_fired_combined_cycle
131,24,0.0,natural_gas_fired_combined_cycle
18,24,0.0,natural_gas_fired_combined_cycle
72,24,0.0,natural_gas_fired_combined_cycle
114,24,0.0,natural_gas_fired_combined_cycle
45,24,0.0,natural_gas_fired_combined_cycle
78,24,0.0,natural_gas_fired_combustion_turbine
75,24,0.0,natural_gas_fired_combustion_turbine
119,24,0.0,natural_gas_fired_combustion_turbine
117,24,0.0,natural_gas_fired_combustion_turbine
134,24,0.0,natural_gas_fired_combustion_turbine
103,24,0.0,natural_gas_fired_combustion_turbine
47,24,0.0,natural_gas_fired_combustion_turbine
8,24,0.0,natural_gas_fired_combustion_turbine
90,24,0.0,natural_gas_fired_combustion_turbine
60,24,0.0,natural_gas_fired_combustion_turbine
46,24,0.0,natural_gas_fired_combustion_turbine
37,24,0.0,natural_gas_fired_combustion_turbine
7,24,0.0,natural_gas_fired_combustion_turbine
133,24,0.0,natural_gas_fired_combustion_turbine
74,24,0.0,natural_gas_fired_combustion_turbine
20,24,0.0,natural_gas_fired_combustion_turbine
135,24,0.0,natural_gas_fired_combustion_turbine
142,24,0.0,natural_gas_fired_combustion_turbine
121,24,0.0,natural_gas_fired_combustion_turbine
91,24,0.0,natural_gas_fired_combustion_turbine
22,24,0.0,natural_gas_steam_turbine
123,24,0.0,natural_gas_steam_turbine
62,24,0.0,natural_gas_steam_turbine
49,24,0.0,natural_gas_steam_turbine
48,24,0.0,natural_gas_steam_turbine
21,24,0.0,natural_gas_steam_turbine
79,24,0.0,nuclear
10,24,0.0,onshore_wind_turbine
23,24,13820.447840974837,onshore_wind_turbine
31,24,0.0,onshore_wind_turbine
38,24,0.0,onshore_wind_turbine
50,24,4226.6729399999995,onshore_wind_turbine
63,24,618.9870403528,onshore_wind_turbine
80,24,5131.70504,onshore_wind_turbine
94,24,0.0,onshore_wind_turbine
105,24,3139.804078446,onshore_wind_turbine
124,24,24033.666305803003,onshore_wind_turbine
136,24,0.0,onshore_wind_turbine
144,24,14440.948829999998,onshore_wind_turbine
11,24,0.0,small_hydroelectric
24,24,0.0,small_hydroelectric
32,24,0.0,small_hydroelectric
39,24,52.9,small_hydroelectric
51,24,25.641,small_hydroelectric
64,24,6.128,small_hydroelectric
81,24,0.0,small_hydroelectric
95,24,0.0,small_hydroelectric
106,24,0.0,small_hydroelectric
125,24,0.0,small_hydroelectric
137,24,36.822,small_hydroelectric
145,24,0.0,small_hydroelectric
12,24,0.0,solar_photovoltaic
25,24,0.0,solar_photovoltaic
33,24,0.0,solar_photovoltaic
52,24,0.0,solar_photovoltaic
65,24,0.0,solar_photovoltaic
82,24,0.0,solar_photovoltaic
96,24,0.0,solar_photovoltaic
107,24,0.0,solar_photovoltaic
126,24,0.0,solar_photovoltaic
138,24,0.0,solar_photovoltaic
26,25,0.0,biomass
13,25,0.0,biomass
108,25,0.0,biomass
40,25,0.0,biomass
97,25,0.0,biomass
1,25,0.0,biomass
66,25,0.0,biomass
2,25,398.90615519999716,conventional_hydroelectric
14,25,84.9549623999998,conventional_hydroelectric
27,25,468.4825439999971,conventional_hydroelectric
35,25,0.0,conventional_hydroelectric
54,25,231.2667224999954,conventional_hydroelectric
67,25,0.0,conventional_hydroelectric
84,25,12684.530194800007,conventional_hydroelectric
109,25,107.26622878920001,conventional_hydroelectric
128,25,26.398019999999747,conventional_hydroelectric
139,25,0.0,conventional_hydroelectric
110,25,0.0,conventional_steam_coal
41,25,0.0,conventional_steam_coal
3,25,0.0,conventional_steam_coal
36,25,0.0,conventional_steam_coal
85,25,0.0,conventional_steam_coal
28,25,74.364,geothermal
116,25,0.0,natural_gas_fired_combined_cycle
73,25,0.0,natural_gas_fired_combined_cycle
71,25,0.0,natural_gas_fired_combined_cycle
44,25,0.0,natural_gas_fired_combined_cycle
115,25,0.0,natural_gas_fired_combined_cycle
70,25,0.0,natural_gas_fired_combined_cycle
131,25,0.0,natural_gas_fired_combined_cycle
18,25,0.0,natural_gas_fired_combined_cycle
72,25,0.0,natural_gas_fired_combined_cycle
114,25,0.0,natural_gas_fired_combined_cycle
45,25,0.0,natural_gas_fired_combined_cycle
78,25,0.0,natural_gas_fired_combustion_turbine
75,25,0.0,natural_gas_fired_combustion_turbine
119,25,0.0,natural_gas_fired_combustion_turbine
117,25,0.0,natural_gas_fired_combustion_turbine
134,25,0.0,natural_gas_fired_combustion_turbine
103,25,0.0,natural_gas_fired_combustion_turbine
47,25,0.0,natural_gas_fired_combustion_turbine
8,25,0.0,natural_gas_fired_combustion_turbine
90,25,0.0,natural_gas_fired_combustion_turbine
60,25,0.0,natural_gas_fired_combustion_turbine
46,25,0.0,natural_gas_fired_combustion_turbine
37,25,0.0,natural_gas_fired_combustion_turbine
7,25,0.0,natural_gas_fired_combustion_turbine
133,25,0.0,natural_gas_fired_combustion_turbine
74,25,0.0,natural_gas_fired_combustion_turbine
20,25,0.0,natural_gas_fired_combustion_turbine
135,25,0.0,natural_gas_fired_combustion_turbine
142,25,0.0,natural_gas_fired_combustion_turbine
121,25,0.0,natural_gas_fired_combustion_turbine
91,25,0.0,natural_gas_fired_combustion_turbine
22,25,0.0,natural_gas_steam_turbine
123,25,0.0,natural_gas_steam_turbine
62,25,0.0,natural_gas_steam_turbine
49,25,0.0,natural_gas_steam_turbine
48,25,0.0,natural_gas_steam_turbine
21,25,0.0,natural_gas_steam_turbine
79,25,0.0,nuclear
10,25,0.0,onshore_wind_turbine
23,25,13403.4362,onshore_wind_turbine
31,25,4508.59577,onshore_wind_turbine
38,25,1681.9960499999997,onshore_wind_turbine
50,25,0.0,onshore_wind_turbine
63,25,0.0,onshore_wind_turbine
80,25,3786.9789999999994,onshore_wind_turbine
94,25,8212.5274,onshore_wind_turbine
105,25,3053.77687986,onshore_wind_turbine
124,25,11739.799552450815,onshore_wind_turbine
136,25,0.0,onshore_wind_turbine
144,25,13320.623609999999,onshore_wind_turbine
11,25,19.125,small_hydroelectric
24,25,0.0,small_hydroelectric
32,25,192.0,small_hydroelectric
39,25,0.0,small_hydroelectric
51,25,0.0,small_hydroelectric
64,25,0.0,small_hydroelectric
81,25,241.672,small_hydroelectric
95,25,418.922,small_hydroelectric
106,25,0.0,small_hydroelectric
125,25,0.0,small_hydroelectric
137,25,0.0,small_hydroelectric
145,25,33.21,small_hydroelectric
12,25,0.0,solar_photovoltaic
25,25,0.0,solar_photovoltaic
33,25,0.0,solar_photovoltaic
52,25,0.0,solar_photovoltaic
65,25,0.0,solar_photovoltaic
82,25,0.0,solar_photovoltaic
96,25,0.0,solar_photovoltaic
107,25,0.0,solar_photovoltaic
126,25,0.0,solar_photovoltaic
138,25,0.0,solar_photovoltaic
26,26,0.0,biomass
13,26,0.0,biomass
108,26,0.0,biomass
40,26,0.0,biomass
97,26,0.0,biomass
1,26,0.0,biomass
66,26,0.0,biomass
2,26,628.1943191999976,conventional_hydroelectric
14,26,123.9984943999998,conventional_hydroelectric
27,26,585.6031799999976,conventional_hydroelectric
35,26,207.30212800000055,conventional_hydroelectric
54,26,317.53700549999667,conventional_hydroelectric
67,26,603.742581,conventional_hydroelectric
84,26,15095.927368799998,conventional_hydroelectric
109,26,107.26622878920001,conventional_hydroelectric
128,26,38.99741999999978,conventional_hydroelectric
139,26,19.330368000000007,conventional_hydroelectric
110,26,0.0,conventional_steam_coal
41,26,0.0,conventional_steam_coal
3,26,0.0,conventional_steam_coal
36,26,0.0,conventional_steam_coal
85,26,0.0,conventional_steam_coal
28,26,74.364,geothermal
116,26,0.0,natural_gas_fired_combined_cycle
73,26,0.0,natural_gas_fired_combined_cycle
71,26,0.0,natural_gas_fired_combined_cycle
44,26,0.0,natural_gas_fired_combined_cycle
115,26,0.0,natural_gas_fired_combined_cycle
70,26,0.0,natural_gas_fired_combined_cycle
131,26,0.0,natural_gas_fired_combined_cycle
18,26,0.0,natural_gas_fired_combined_cycle
72,26,0.0,natural_gas_fired_combined_cycle
114,26,0.0,natural_gas_fired_combined_cycle
45,26,0.0,natural_gas_fired_combined_cycle
78,26,0.0,natural_gas_fired_combustion_turbine
75,26,0.0,natural_gas_fired_combustion_turbine
119,26,0.0,natural_gas_fired_combustion_turbine
117,26,0.0,natural_gas_fired_combustion_turbine
134,26,0.0,natural_gas_fired_combustion_turbine
103,26,0.0,natural_gas_fired_combustion_turbine
47,26,0.0,natural_gas_fired_combustion_turbine
8,26,0.0,natural_gas_fired_combustion_turbine
90,26,0.0,natural_gas_fired_combustion_turbine
60,26,0.0,natural_gas_fired_combustion_turbine
46,26,0.0,natural_gas_fired_combustion_turbine
37,26,0.0,natural_gas_fired_combustion_turbine
7,26,0.0,natural_gas_fired_combustion_turbine
133,26,0.0,natural_gas_fired_combustion_turbine
74,26,0.0,natural_gas_fired_combustion_turbine
20,26,0.0,natural_gas_fired_combustion_turbine
135,26,0.0,natural_gas_fired_combustion_turbine
142,26,0.0,natural_gas_fired_combustion_turbine
121,26,0.0,natural_gas_fired_combustion_turbine
91,26,0.0,natural_gas_fired_combustion_turbine
22,26,0.0,natural_gas_steam_turbine
123,26,0.0,natural_gas_steam_turbine
62,26,0.0,natural_gas_steam_turbine
49,26,0.0,natural_gas_steam_turbine
48,26,0.0,natural_gas_steam_turbine
21,26,0.0,natural_gas_steam_turbine
79,26,0.0,nuclear
10,26,0.0,onshore_wind_turbine
23,26,11172.9464,onshore_wind_turbine
31,26,4456.349730000001,onshore_wind_turbine
38,26,2330.70915,onshore_wind_turbine
50,26,4236.8348399999995,onshore_wind_turbine
63,26,491.700439804,onshore_wind_turbine
80,26,2341.126045336605,onshore_wind_turbine
94,26,7892.558800000001,onshore_wind_turbine
105,26,0.0,onshore_wind_turbine
124,26,9135.997841170201,onshore_wind_turbine
136,26,0.0,onshore_wind_turbine
144,26,13262.228279999998,onshore_wind_turbine
11,26,0.0,small_hydroelectric
24,26,62.577,small_hydroelectric
32,26,0.0,small_hydroelectric
39,26,52.9,small_hydroelectric
51,26,0.0,small_hydroelectric
64,26,0.0,small_hydroelectric
81,26,0.0,small_hydroelectric
95,26,0.0,small_hydroelectric
106,26,0.0,small_hydroelectric
125,26,100.697,small_hydroelectric
137,26,0.0,small_hydroelectric
145,26,0.0,small_hydroelectric
12,26,0.0,solar_photovoltaic
25,26,0.0,solar_photovoltaic
33,26,0.0,solar_photovoltaic
52,26,0.0,solar_photovoltaic
65,26,0.0,solar_photovoltaic
82,26,0.0,solar_photovoltaic
96,26,0.0,solar_photovoltaic
107,26,0.0,solar_photovoltaic
126,26,0.0,solar_photovoltaic
138,26,0.0,solar_photovoltaic
26,27,0.0,biomass
13,27,0.0,biomass
108,27,0.0,biomass
40,27,0.0,biomass
97,27,0.0,biomass
1,27,0.0,biomass
66,27,0.0,biomass
2,27,857.482483199998,conventional_hydroelectric
14,27,84.9549623999998,conventional_hydroelectric
27,27,702.7238159999979,conventional_hydroelectric
35,27,414.60425600000076,conventional_hydroelectric
54,27,403.80728849999747,conventional_hydroelectric
67,27,1207.485162,conventional_hydroelectric
84,27,15104.643262200001,conventional_hydroelectric
109,27,107.26622878920001,conventional_hydroelectric
128,27,26.398019999999757,conventional_hydroelectric
139,27,38.660736000000014,conventional_hydroelectric
110,27,0.0,conventional_steam_coal
41,27,0.0,conventional_steam_coal
3,27,0.0,conventional_steam_coal
36,27,0.0,conventional_steam_coal
85,27,0.0,conventional_steam_coal
28,27,0.0,geothermal
116,27,0.0,natural_gas_fired_combined_cycle
73,27,0.0,natural_gas_fired_combined_cycle
71,27,0.0,natural_gas_fired_combined_cycle
44,27,0.0,natural_gas_fired_combined_cycle
115,27,0.0,natural_gas_fired_combined_cycle
70,27,0.0,natural_gas_fired_combined_cycle
131,27,0.0,natural_gas_fired_combined_cycle
18,27,0.0,natural_gas_fired_combined_cycle
72,27,0.0,natural_gas_fired_combined_cycle
114,27,0.0,natural_gas_fired_combined_cycle
45,27,0.0,natural_gas_fired_combined_cycle
78,27,0.0,natural_gas_fired_combustion_turbine
75,27,0.0,natural_gas_fired_combustion_turbine
119,27,0.0,natural_gas_fired_combustion_turbine
117,27,0.0,natural_gas_fired_combustion_turbine
134,27,0.0,natural_gas_fired_combustion_turbine
103,27,0.0,natural_gas_fired_combustion_turbine
47,27,0.0,natural_gas_fired_combustion_turbine
8,27,0.0,natural_gas_fired_combustion_turbine
90,27,0.0,natural_gas_fired_combustion_turbine
60,27,0.0,natural_gas_fired_combustion_turbine
46,27,0.0,natural_gas_fired_combustion_turbine
37,27,0.0,natural_gas_fired_combustion_turbine
7,27,0.0,natural_gas_fired_combustion_turbine
133,27,0.0,natural_gas_fired_combustion_turbine
74,27,0.0,natural_gas_fired_combustion_turbine
20,27,0.0,natural_gas_fired_combustion_turbine
135,27,0.0,natural_gas_fired_combustion_turbine
142,27,0.0,natural_gas_fired_combustion_turbine
121,27,0.0,natural_gas_fired_combustion_turbine
91,27,0.0,natural_gas_fired_combustion_turbine
22,27,0.0,natural_gas_steam_turbine
123,27,0.0,natural_gas_steam_turbine
62,27,0.0,natural_gas_steam_turbine
49,27,0.0,natural_gas_steam_turbine
48,27,0.0,natural_gas_steam_turbine
21,27,0.0,natural_gas_steam_turbine
79,27,0.0,nuclear
10,27,923.6040800000002,onshore_wind_turbine
23,27,3826.314331703401,onshore_wind_turbine
31,27,4159.49723,onshore_wind_turbine
38,27,3065.1978,onshore_wind_turbine
50,27,4196.8647,onshore_wind_turbine
63,27,613.7935999215999,onshore_wind_turbine
80,27,3697.7642799999994,onshore_wind_turbine
94,27,5682.201,onshore_wind_turbine
105,27,3006.412359573,onshore_wind_turbine
124,27,4600.830223712801,onshore_wind_turbine
136,27,5367.798240000001,onshore_wind_turbine
144,27,13991.08851,onshore_wind_turbine
11,27,19.125,small_hydroelectric
24,27,62.577,small_hydroelectric
32,27,192.0,small_hydroelectric
39,27,52.9,small_hydroelectric
51,27,25.641,small_hydroelectric
64,27,6.128,small_hydroelectric
81,27,241.672,small_hydroelectric
95,27,418.922,small_hydroelectric
106,27,31.614,small_hydroelectric
125,27,100.697,small_hydroelectric
137,27,36.822,small_hydroelectric
145,27,0.0,small_hydroelectric
12,27,0.0,solar_photovoltaic
25,27,0.0,solar_photovoltaic
33,27,0.0,solar_photovoltaic
52,27,0.0,solar_photovoltaic
65,27,0.0,solar_photovoltaic
82,27,0.0,solar_photovoltaic
96,27,0.0,solar_photovoltaic
107,27,0.0,solar_photovoltaic
126,27,0.0,solar_photovoltaic
138,27,0.0,solar_photovoltaic
26,28,0.0,biomass
13,28,0.0,biomass
108,28,0.0,biomass
40,28,0.0,biomass
97,28,0.0,biomass
1,28,0.0,biomass
66,28,0.0,biomass
2,28,629.2993223999981,conventional_hydroelectric
14,28,86.0368916,conventional_hydroelectric
27,28,722.9024315999997,conventional_hydroelectric
35,28,616.6613903999996,conventional_hydroelectric
54,28,490.07757149999816,conventional_hydroelectric
67,28,799.2973416143429,conventional_hydroelectric
84,28,12713.583172799988,conventional_hydroelectric
109,28,107.3451015234,conventional_hydroelectric
128,28,38.99741999999989,conventional_hydroelectric
139,28,27.22554240000001,conventional_hydroelectric
110,28,0.0,conventional_steam_coal
41,28,0.0,conventional_steam_coal
3,28,0.0,conventional_steam_coal
36,28,0.0,conventional_steam_coal
85,28,0.0,conventional_steam_coal
28,28,74.364,geothermal
116,28,0.0,natural_gas_fired_combined_cycle
73,28,0.0,natural_gas_fired_combined_cycle
71,28,0.0,natural_gas_fired_combined_cycle
44,28,0.0,natural_gas_fired_combined_cycle
115,28,0.0,natural_gas_fired_combined_cycle
70,28,0.0,natural_gas_fired_combined_cycle
131,28,0.0,natural_gas_fired_combined_cycle
18,28,0.0,natural_gas_fired_combined_cycle
72,28,0.0,natural_gas_fired_combined_cycle
114,28,0.0,natural_gas_fired_combined_cycle
45,28,0.0,natural_gas_fired_combined_cycle
78,28,0.0,natural_gas_fired_combustion_turbine
75,28,0.0,natural_gas_fired_combustion_turbine
119,28,0.0,natural_gas_fired_combustion_turbine
117,28,0.0,natural_gas_fired_combustion_turbine
134,28,0.0,natural_gas_fired_combustion_turbine
103,28,0.0,natural_gas_fired_combustion_turbine
47,28,0.0,natural_gas_fired_combustion_turbine
8,28,0.0,natural_gas_fired_combustion_turbine
90,28,0.0,natural_gas_fired_combustion_turbine
60,28,0.0,natural_gas_fired_combustion_turbine
46,28,0.0,natural_gas_fired_combustion_turbine
37,28,0.0,natural_gas_fired_combustion_turbine
7,28,0.0,natural_gas_fired_combustion_turbine
133,28,0.0,natural_gas_fired_combustion_turbine
74,28,0.0,natural_gas_fired_combustion_turbine
20,28,0.0,natural_gas_fired_combustion_turbine
135,28,0.0,natural_gas_fired_combustion_turbine
142,28,0.0,natural_gas_fired_combustion_turbine
121,28,0.0,natural_gas_fired_combustion_turbine
91,28,0.0,natural_gas_fired_combustion_turbine
22,28,0.0,natural_gas_steam_turbine
123,28,0.0,natural_gas_steam_turbine
62,28,0.0,natural_gas_steam_turbine
49,28,0.0,natural_gas_steam_turbine
48,28,0.0,natural_gas_steam_turbine
21,28,0.0,natural_gas_steam_turbine
79,28,0.0,nuclear
10,28,942.69574,onshore_wind_turbine
23,28,12553.7258,onshore_wind_turbine
31,28,3389.5503011986775,onshore_wind_turbine
38,28,3570.1942499999996,onshore_wind_turbine
50,28,3662.3487599999994,onshore_wind_turbine
63,28,0.0,onshore_wind_turbine
80,28,3741.4423199999997,onshore_wind_turbine
94,28,7068.7316,onshore_wind_turbine
105,28,0.0,onshore_wind_turbine
124,28,4136.6634329636,onshore_wind_turbine
136,28,5263.464360000001,onshore_wind_turbine
144,28,12782.088899999999,onshore_wind_turbine
11,28,0.0,small_hydroelectric
24,28,62.577,small_hydroelectric
32,28,192.0,small_hydroelectric
39,28,52.9,small_hydroelectric
51,28,0.0,small_hydroelectric
64,28,6.128,small_hydroelectric
81,28,241.672,small_hydroelectric
95,28,418.922,small_hydroelectric
106,28,31.614,small_hydroelectric
125,28,0.0,small_hydroelectric
137,28,36.822,small_hydroelectric
145,28,33.21,small_hydroelectric
12,28,0.0,solar_photovoltaic
25,28,0.0,solar_photovoltaic
33,28,0.0,solar_photovoltaic
52,28,0.0,solar_photovoltaic
65,28,0.0,solar_photovoltaic
82,28,0.0,solar_photovoltaic
96,28,0.0,solar_photovoltaic
107,28,0.0,solar_photovoltaic
126,28,0.0,solar_photovoltaic
138,28,0.0,solar_photovoltaic
26,29,0.0,biomass
13,29,0.0,biomass
108,29,0.0,biomass
40,29,0.0,biomass
97,29,0.0,biomass
1,29,0.0,biomass
66,29,0.0,biomass
2,29,858.5874864,conventional_hydroelectric
14,29,125.08042360000002,conventional_hydroelectric
27,29,840.0230676000001,conventional_hydroelectric
35,29,823.9635184000001,conventional_hydroelectric
54,29,576.347854499999,conventional_hydroelectric
67,29,1403.039922614343,conventional_hydroelectric
84,29,15124.980346799997,conventional_hydroelectric
109,29,0.0,conventional_hydroelectric
128,29,51.59682,conventional_hydroelectric
139,29,46.555910399999995,conventional_hydroelectric
110,29,0.0,conventional_steam_coal
41,29,0.0,conventional_steam_coal
3,29,0.0,conventional_steam_coal
36,29,0.0,conventional_steam_coal
85,29,0.0,conventional_steam_coal
28,29,74.364,geothermal
116,29,0.0,natural_gas_fired_combined_cycle
73,29,0.0,natural_gas_fired_combined_cycle
71,29,0.0,natural_gas_fired_combined_cycle
44,29,0.0,natural_gas_fired_combined_cycle
115,29,0.0,natural_gas_fired_combined_cycle
70,29,0.0,natural_gas_fired_combined_cycle
131,29,0.0,natural_gas_fired_combined_cycle
18,29,0.0,natural_gas_fired_combined_cycle
72,29,0.0,natural_gas_fired_combined_cycle
114,29,0.0,natural_gas_fired_combined_cycle
45,29,0.0,natural_gas_fired_combined_cycle
78,29,0.0,natural_gas_fired_combustion_turbine
75,29,0.0,natural_gas_fired_combustion_turbine
119,29,0.0,natural_gas_fired_combustion_turbine
117,29,0.0,natural_gas_fired_combustion_turbine
134,29,0.0,natural_gas_fired_combustion_turbine
103,29,0.0,natural_gas_fired_combustion_turbine
47,29,0.0,natural_gas_fired_combustion_turbine
8,29,0.0,natural_gas_fired_combustion_turbine
90,29,0.0,natural_gas_fired_combustion_turbine
60,29,0.0,natural_gas_fired_combustion_turbine
46,29,0.0,natural_gas_fired_combustion_turbine
37,29,0.0,natural_gas_fired_combustion_turbine
7,29,0.0,natural_gas_fired_combustion_turbine
133,29,0.0,natural_gas_fired_combustion_turbine
74,29,0.0,natural_gas_fired_combustion_turbine
20,29,0.0,natural_gas_fired_combustion_turbine
135,29,0.0,natural_gas_fired_combustion_turbine
142,29,0.0,natural_gas_fired_combustion_turbine
121,29,0.0,natural_gas_fired_combustion_turbine
91,29,0.0,natural_gas_fired_combustion_turbine
22,29,0.0,natural_gas_steam_turbine
123,29,0.0,natural_gas_steam_turbine
62,29,0.0,natural_gas_steam_turbine
49,29,0.0,natural_gas_steam_turbine
48,29,0.0,natural_gas_steam_turbine
21,29,0.0,natural_gas_steam_turbine
79,29,0.0,nuclear
10,29,851.7401900000001,onshore_wind_turbine
23,29,10971.6992,onshore_wind_turbine
31,29,915.6816142760745,onshore_wind_turbine
38,29,3853.08315,onshore_wind_turbine
50,29,3411.0110999999993,onshore_wind_turbine
63,29,587.4181596584,onshore_wind_turbine
80,29,5087.097679999999,onshore_wind_turbine
94,29,8550.885,onshore_wind_turbine
105,29,2533.702919454,onshore_wind_turbine
124,29,5271.4375762972,onshore_wind_turbine
136,29,4762.48185,onshore_wind_turbine
144,29,10733.92677,onshore_wind_turbine
11,29,19.125,small_hydroelectric
24,29,62.577,small_hydroelectric
32,29,192.0,small_hydroelectric
39,29,52.9,small_hydroelectric
51,29,25.641,small_hydroelectric
64,29,0.0,small_hydroelectric
81,29,0.0,small_hydroelectric
95,29,418.922,small_hydroelectric
106,29,31.614,small_hydroelectric
125,29,100.697,small_hydroelectric
137,29,36.822,small_hydroelectric
145,29,33.21,small_hydroelectric
12,29,0.0,solar_photovoltaic
25,29,0.0,solar_photovoltaic
33,29,0.0,solar_photovoltaic
52,29,0.0,solar_photovoltaic
65,29,0.0,solar_photovoltaic
82,29,0.0,solar_photovoltaic
96,29,0.0,solar_photovoltaic
107,29,0.0,solar_photovoltaic
126,29,0.0,solar_photovoltaic
138,29,0.0,solar_photovoltaic
26,30,11.235,biomass
13,30,15.682,biomass
108,30,137.081,biomass
40,30,5.952,biomass
97,30,178.173,biomass
1,30,16.294,biomass
66,30,228.795,biomass
2,30,858.8637372,conventional_hydroelectric
14,30,125.22154479999999,conventional_hydroelectric
27,30,840.7286136,conventional_hydroelectric
35,30,824.21328,conventional_hydroelectric
54,30,662.6181375,conventional_hydroelectric
67,30,1404.5471841528267,conventional_hydroelectric
84,30,15136.601538,conventional_hydroelectric
109,30,107.3451015234,conventional_hydroelectric
128,30,51.62718,conventional_hydroelectric
139,30,46.6024896,conventional_hydroelectric
110,30,28.5,conventional_steam_coal
41,30,0.0,conventional_steam_coal
3,30,0.0,conventional_steam_coal
36,30,0.0,conventional_steam_coal
85,30,0.0,conventional_steam_coal
28,30,74.364,geothermal
116,30,0.0,natural_gas_fired_combined_cycle
73,30,0.0,natural_gas_fired_combined_cycle
71,30,0.0,natural_gas_fired_combined_cycle
44,30,0.0,natural_gas_fired_combined_cycle
115,30,0.0,natural_gas_fired_combined_cycle
70,30,0.0,natural_gas_fired_combined_cycle
131,30,0.0,natural_gas_fired_combined_cycle
18,30,0.0,natural_gas_fired_combined_cycle
72,30,0.0,natural_gas_fired_combined_cycle
114,30,0.0,natural_gas_fired_combined_cycle
45,30,0.0,natural_gas_fired_combined_cycle
78,30,0.0,natural_gas_fired_combustion_turbine
75,30,0.0,natural_gas_fired_combustion_turbine
119,30,0.0,natural_gas_fired_combustion_turbine
117,30,0.0,natural_gas_fired_combustion_turbine
134,30,0.0,natural_gas_fired_combustion_turbine
103,30,0.0,natural_gas_fired_combustion_turbine
47,30,0.0,natural_gas_fired_combustion_turbine
8,30,0.0,natural_gas_fired_combustion_turbine
90,30,0.0,natural_gas_fired_combustion_turbine
60,30,0.0,natural_gas_fired_combustion_turbine
46,30,0.0,natural_gas_fired_combustion_turbine
37,30,0.0,natural_gas_fired_combustion_turbine
7,30,0.0,natural_gas_fired_combustion_turbine
133,30,0.0,natural_gas_fired_combustion_turbine
74,30,0.0,natural_gas_fired_combustion_turbine
20,30,0.0,natural_gas_fired_combustion_turbine
135,30,0.0,natural_gas_fired_combustion_turbine
142,30,0.0,natural_gas_fired_combustion_turbine
121,30,0.0,natural_gas_fired_combustion_turbine
91,30,0.0,natural_gas_fired_combustion_turbine
22,30,0.0,natural_gas_steam_turbine
123,30,0.0,natural_gas_steam_turbine
62,30,0.0,natural_gas_steam_turbine
49,30,0.0,natural_gas_steam_turbine
48,30,0.0,natural_gas_steam_turbine
21,30,0.0,natural_gas_steam_turbine
79,30,1851.4997499999968,nuclear
10,30,667.30755,onshore_wind_turbine
23,30,13023.302599999999,onshore_wind_turbine
31,30,3741.52891,onshore_wind_turbine
38,30,4117.79445,onshore_wind_turbine
50,30,4527.465179999999,onshore_wind_turbine
63,30,370.67240021279997,onshore_wind_turbine
80,30,4865.919519999999,onshore_wind_turbine
94,30,7436.5116,onshore_wind_turbine
105,30,1201.869758838,onshore_wind_turbine
124,30,6120.831696194601,onshore_wind_turbine
136,30,3832.47123,onshore_wind_turbine
144,30,9496.810889999999,onshore_wind_turbine
11,30,19.125,small_hydroelectric
24,30,62.577,small_hydroelectric
32,30,192.0,small_hydroelectric
39,30,52.9,small_hydroelectric
51,30,25.641,small_hydroelectric
64,30,6.128,small_hydroelectric
81,30,241.672,small_hydroelectric
95,30,418.922,small_hydroelectric
106,30,31.614,small_hydroelectric
125,30,100.697,small_hydroelectric
137,30,36.822,small_hydroelectric
145,30,33.21,small_hydroelectric
12,30,0.0,solar_photovoltaic
25,30,0.0,solar_photovoltaic
33,30,0.0,solar_photovoltaic
52,30,0.0,solar_photovoltaic
65,30,0.0,solar_photovoltaic
82,30,0.0,solar_photovoltaic
96,30,0.0,solar_photovoltaic
107,30,0.0,solar_photovoltaic
126,30,0.0,solar_photovoltaic
138,30,0.0,solar_photovoltaic
26,31,11.235,biomass
13,31,15.682,biomass
108,31,137.081,biomass
40,31,5.952,biomass
97,31,178.173,biomass
1,31,16.294,biomass
66,31,228.795,biomass
2,31,858.8637372,conventional_hydroelectric
14,31,125.362666,conventional_hydroelectric
27,31,841.5752688000001,conventional_hydroelectric
35,31,824.7128031999999,conventional_hydroelectric
54,31,662.8260177000001,conventional_hydroelectric
67,31,1405.327052265318,conventional_hydroelectric
84,31,15148.222729199999,conventional_hydroelectric
109,31,107.3451015234,conventional_hydroelectric
128,31,51.657540000000004,conventional_hydroelectric
139,31,46.6490688,conventional_hydroelectric
110,31,28.499999999999996,conventional_steam_coal
41,31,0.0,conventional_steam_coal
3,31,0.0,conventional_steam_coal
36,31,0.0,conventional_steam_coal
85,31,0.0,conventional_steam_coal
28,31,74.364,geothermal
116,31,0.0,natural_gas_fired_combined_cycle
73,31,0.0,natural_gas_fired_combined_cycle
71,31,0.0,natural_gas_fired_combined_cycle
44,31,0.0,natural_gas_fired_combined_cycle
115,31,0.0,natural_gas_fired_combined_cycle
70,31,0.0,natural_gas_fired_combined_cycle
131,31,0.0,natural_gas_fired_combined_cycle
18,31,0.0,natural_gas_fired_combined_cycle
72,31,0.0,natural_gas_fired_combined_cycle
114,31,0.0,natural_gas_fired_combined_cycle
45,31,0.0,natural_gas_fired_combined_cycle
78,31,0.0,natural_gas_fired_combustion_turbine
75,31,0.0,natural_gas_fired_combustion_turbine
119,31,0.0,natural_gas_fired_combustion_turbine
117,31,0.0,natural_gas_fired_combustion_turbine
134,31,0.0,natural_gas_fired_combustion_turbine
103,31,0.0,natural_gas_fired_combustion_turbine
47,31,0.0,natural_gas_fired_combustion_turbine
8,31,0.0,natural_gas_fired_combustion_turbine
90,31,0.0,natural_gas_fired_combustion_turbine
60,31,0.0,natural_gas_fired_combustion_turbine
46,31,0.0,natural_gas_fired_combustion_turbine
37,31,0.0,natural_gas_fired_combustion_turbine
7,31,0.0,natural_gas_fired_combustion_turbine
133,31,0.0,natural_gas_fired_combustion_turbine
74,31,0.0,natural_gas_fired_combustion_turbine
20,31,0.0,natural_gas_fired_combustion_turbine
135,31,0.0,natural_gas_fired_combustion_turbine
142,31,0.0,natural_gas_fired_combustion_turbine
121,31,0.0,natural_gas_fired_combustion_turbine
91,31,0.0,natural_gas_fired_combustion_turbine
22,31,0.0,natural_gas_steam_turbine
123,31,0.0,natural_gas_steam_turbine
62,31,0.0,natural_gas_steam_turbine
49,31,0.0,natural_gas_steam_turbine
48,31,0.0,natural_gas_steam_turbine
21,31,0.0,natural_gas_steam_turbine
79,31,1851.49975,nuclear
10,31,398.40332000000006,onshore_wind_turbine
23,31,13777.979599999999,onshore_wind_turbine
31,31,2740.54228,onshore_wind_turbine
38,31,4338.7659,onshore_wind_turbine
50,31,4356.74526,onshore_wind_turbine
63,31,404.2141598376,onshore_wind_turbine
80,31,4362.228079999999,onshore_wind_turbine
94,31,5005.4858,onshore_wind_turbine
105,31,562.182878481,onshore_wind_turbine
124,31,6718.615672245401,onshore_wind_turbine
136,31,3373.76193,onshore_wind_turbine
144,31,7435.672019999999,onshore_wind_turbine
11,31,19.125,small_hydroelectric
24,31,62.577,small_hydroelectric
32,31,192.0,small_hydroelectric
39,31,52.9,small_hydroelectric
51,31,25.641,small_hydroelectric
64,31,6.128,small_hydroelectric
81,31,241.672,small_hydroelectric
95,31,418.922,small_hydroelectric
106,31,31.614,small_hydroelectric
125,31,100.697,small_hydroelectric
137,31,36.822,small_hydroelectric
145,31,33.21,small_hydroelectric
12,31,467.52425999999997,solar_photovoltaic
25,31,721.1637999999999,solar_photovoltaic
33,31,0.0,solar_photovoltaic
52,31,1730.7147200000002,solar_photovoltaic
65,31,0.0,solar_photovoltaic
82,31,0.0,solar_photovoltaic
96,31,0.0,solar_photovoltaic
107,31,0.0,solar_photovoltaic
126,31,0.0,solar_photovoltaic
138,31,0.0,solar_photovoltaic
26,32,0.0,biomass
13,32,0.0,biomass
108,32,0.0,biomass
40,32,0.0,biomass
97,32,0.0,biomass
1,32,0.0,biomass
66,32,0.0,biomass
2,32,859.1399879999999,conventional_hydroelectric
14,32,125.50378719999999,conventional_hydroelectric
27,32,842.2808148,conventional_hydroelectric
35,32,825.2123264,conventional_hydroelectric
54,32,662.9299578000001,conventional_hydroelectric
67,32,1406.1069131038018,conventional_hydroelectric
84,32,15156.9386226,conventional_hydroelectric
109,32,107.4058487892,conventional_hydroelectric
128,32,51.687900000000006,conventional_hydroelectric
139,32,46.695648,conventional_hydroelectric
110,32,0.0,conventional_steam_coal
41,32,0.0,conventional_steam_coal
3,32,0.0,conventional_steam_coal
36,32,0.0,conventional_steam_coal
85,32,0.0,conventional_steam_coal
28,32,0.0,geothermal
116,32,0.0,natural_gas_fired_combined_cycle
73,32,0.0,natural_gas_fired_combined_cycle
71,32,0.0,natural_gas_fired_combined_cycle
44,32,0.0,natural_gas_fired_combined_cycle
115,32,0.0,natural_gas_fired_combined_cycle
70,32,0.0,natural_gas_fired_combined_cycle
131,32,0.0,natural_gas_fired_combined_cycle
18,32,0.0,natural_gas_fired_combined_cycle
72,32,0.0,natural_gas_fired_combined_cycle
114,32,0.0,natural_gas_fired_combined_cycle
45,32,0.0,natural_gas_fired_combined_cycle
78,32,0.0,natural_gas_fired_combustion_turbine
75,32,0.0,natural_gas_fired_combustion_turbine
119,32,0.0,natural_gas_fired_combustion_turbine
117,32,0.0,natural_gas_fired_combustion_turbine
134,32,0.0,natural_gas_fired_combustion_turbine
103,32,0.0,natural_gas_fired_combustion_turbine
47,32,0.0,natural_gas_fired_combustion_turbine
8,32,0.0,natural_gas_fired_combustion_turbine
90,32,0.0,natural_gas_fired_combustion_turbine
60,32,0.0,natural_gas_fired_combustion_turbine
46,32,0.0,natural_gas_fired_combustion_turbine
37,32,0.0,natural_gas_fired_combustion_turbine
7,32,0.0,natural_gas_fired_combustion_turbine
133,32,0.0,natural_gas_fired_combustion_turbine
74,32,0.0,natural_gas_fired_combustion_turbine
20,32,0.0,natural_gas_fired_combustion_turbine
135,32,0.0,natural_gas_fired_combustion_turbine
142,32,0.0,natural_gas_fired_combustion_turbine
121,32,0.0,natural_gas_fired_combustion_turbine
91,32,0.0,natural_gas_fired_combustion_turbine
22,32,0.0,natural_gas_steam_turbine
123,32,0.0,natural_gas_steam_turbine
62,32,0.0,natural_gas_steam_turbine
49,32,0.0,natural_gas_steam_turbine
48,32,0.0,natural_gas_steam_turbine
21,32,0.0,natural_gas_steam_turbine
79,32,0.0,nuclear
10,32,425.96015,onshore_wind_turbine
23,32,10274.7876,onshore_wind_turbine
31,32,1878.4826200000002,onshore_wind_turbine
38,32,3665.6266499999997,onshore_wind_turbine
50,32,4168.41138,onshore_wind_turbine
63,32,532.9189600392,onshore_wind_turbine
80,32,4194.021159999999,onshore_wind_turbine
94,32,3196.0082,onshore_wind_turbine
105,32,338.120160903,onshore_wind_turbine
124,32,4006.659452241601,onshore_wind_turbine
136,32,2561.57664,onshore_wind_turbine
144,32,9330.276059999998,onshore_wind_turbine
11,32,19.125,small_hydroelectric
24,32,62.577,small_hydroelectric
32,32,192.0,small_hydroelectric
39,32,52.9,small_hydroelectric
51,32,25.641,small_hydroelectric
64,32,0.0,small_hydroelectric
81,32,241.672,small_hydroelectric
95,32,418.922,small_hydroelectric
106,32,31.614,small_hydroelectric
125,32,100.697,small_hydroelectric
137,32,36.822,small_hydroelectric
145,32,33.21,small_hydroelectric
12,32,4947.84738,solar_photovoltaic
25,32,1610.4745999999998,solar_photovoltaic
33,32,641.7022499999999,solar_photovoltaic
52,32,2785.7998590527022,solar_photovoltaic
65,32,0.0,solar_photovoltaic
82,32,5332.00101,solar_photovoltaic
96,32,299.44334,solar_photovoltaic
107,32,0.0,solar_photovoltaic
126,32,12795.9462510705,solar_photovoltaic
138,32,1235.13005,solar_photovoltaic
26,33,0.0,biomass
13,33,0.0,biomass
108,33,0.0,biomass
40,33,0.0,biomass
97,33,0.0,biomass
1,33,0.0,biomass
66,33,0.0,biomass
2,33,687.8644920000006,conventional_hydroelectric
14,33,86.46025519999993,conventional_hydroelectric
27,33,842.9863608000002,conventional_hydroelectric
35,33,617.9101983999997,conventional_hydroelectric
54,33,577.9069559999998,conventional_hydroelectric
67,33,802.3643321038019,conventional_hydroelectric
84,33,12768.78383099999,conventional_hydroelectric
109,33,107.4058487892,conventional_hydroelectric
128,33,39.0885,conventional_hydroelectric
139,33,27.365279999999938,conventional_hydroelectric
110,33,0.0,conventional_steam_coal
41,33,0.0,conventional_steam_coal
3,33,0.0,conventional_steam_coal
36,33,0.0,conventional_steam_coal
85,33,0.0,conventional_steam_coal
28,33,74.364,geothermal
116,33,0.0,natural_gas_fired_combined_cycle
73,33,0.0,natural_gas_fired_combined_cycle
71,33,0.0,natural_gas_fired_combined_cycle
44,33,0.0,natural_gas_fired_combined_cycle
115,33,0.0,natural_gas_fired_combined_cycle
70,33,0.0,natural_gas_fired_combined_cycle
131,33,0.0,natural_gas_fired_combined_cycle
18,33,0.0,natural_gas_fired_combined_cycle
72,33,0.0,natural_gas_fired_combined_cycle
114,33,0.0,natural_gas_fired_combined_cycle
45,33,0.0,natural_gas_fired_combined_cycle
78,33,0.0,natural_gas_fired_combustion_turbine
75,33,0.0,natural_gas_fired_combustion_turbine
119,33,0.0,natural_gas_fired_combustion_turbine
117,33,0.0,natural_gas_fired_combustion_turbine
134,33,0.0,natural_gas_fired_combustion_turbine
103,33,0.0,natural_gas_fired_combustion_turbine
47,33,0.0,natural_gas_fired_combustion_turbine
8,33,0.0,natural_gas_fired_combustion_turbine
90,33,0.0,natural_gas_fired_combustion_turbine
60,33,0.0,natural_gas_fired_combustion_turbine
46,33,0.0,natural_gas_fired_combustion_turbine
37,33,0.0,natural_gas_fired_combustion_turbine
7,33,0.0,natural_gas_fired_combustion_turbine
133,33,0.0,natural_gas_fired_combustion_turbine
74,33,0.0,natural_gas_fired_combustion_turbine
20,33,0.0,natural_gas_fired_combustion_turbine
135,33,0.0,natural_gas_fired_combustion_turbine
142,33,0.0,natural_gas_fired_combustion_turbine
121,33,0.0,natural_gas_fired_combustion_turbine
91,33,0.0,natural_gas_fired_combustion_turbine
22,33,0.0,natural_gas_steam_turbine
123,33,0.0,natural_gas_steam_turbine
62,33,0.0,natural_gas_steam_turbine
49,33,0.0,natural_gas_steam_turbine
48,33,0.0,natural_gas_steam_turbine
21,33,0.0,natural_gas_steam_turbine
79,33,0.0,nuclear
10,33,651.8180900000001,onshore_wind_turbine
23,33,7628.759599999999,onshore_wind_turbine
31,33,1443.89056,onshore_wind_turbine
38,33,3047.58825,onshore_wind_turbine
50,33,3914.3638799999994,onshore_wind_turbine
63,33,533.1222399776,onshore_wind_turbine
80,33,1517.57956,onshore_wind_turbine
94,33,0.0,onshore_wind_turbine
105,33,267.665581218,onshore_wind_turbine
124,33,1567.9459567926003,onshore_wind_turbine
136,33,0.0,onshore_wind_turbine
144,33,8149.39272,onshore_wind_turbine
11,33,19.125,small_hydroelectric
24,33,62.577,small_hydroelectric
32,33,0.0,small_hydroelectric
39,33,0.0,small_hydroelectric
51,33,25.641,small_hydroelectric
64,33,6.128,small_hydroelectric
81,33,241.672,small_hydroelectric
95,33,418.922,small_hydroelectric
106,33,0.0,small_hydroelectric
125,33,0.0,small_hydroelectric
137,33,0.0,small_hydroelectric
145,33,33.21,small_hydroelectric
12,33,7764.29262,solar_photovoltaic
25,33,0.0,solar_photovoltaic
33,33,1043.9765,solar_photovoltaic
52,33,4683.43568,solar_photovoltaic
65,33,12374.4385909466,solar_photovoltaic
82,33,0.0,solar_photovoltaic
96,33,676.75958,solar_photovoltaic
107,33,0.0,solar_photovoltaic
126,33,19625.61043677217,solar_photovoltaic
138,33,1935.1131799999998,solar_photovoltaic
26,34,0.0,biomass
13,34,0.0,biomass
108,34,0.0,biomass
40,34,0.0,biomass
97,34,0.0,biomass
1,34,0.0,biomass
66,34,0.0,biomass
2,34,458.57632800000044,conventional_hydroelectric
14,34,48.028248399999924,conventional_hydroelectric
27,34,843.6919068000001,conventional_hydroelectric
35,34,410.6080703999994,conventional_hydroelectric
54,34,491.6366729999997,conventional_hydroelectric
67,34,198.6217511038019,conventional_hydroelectric
84,34,12777.499724399993,conventional_hydroelectric
109,34,107.4058487892,conventional_hydroelectric
128,34,51.687900000000056,conventional_hydroelectric
139,34,8.19793919999999,conventional_hydroelectric
110,34,0.0,conventional_steam_coal
41,34,0.0,conventional_steam_coal
3,34,0.0,conventional_steam_coal
36,34,0.0,conventional_steam_coal
85,34,0.0,conventional_steam_coal
28,34,0.0,geothermal
116,34,0.0,natural_gas_fired_combined_cycle
73,34,0.0,natural_gas_fired_combined_cycle
71,34,0.0,natural_gas_fired_combined_cycle
44,34,0.0,natural_gas_fired_combined_cycle
115,34,0.0,natural_gas_fired_combined_cycle
70,34,0.0,natural_gas_fired_combined_cycle
131,34,0.0,natural_gas_fired_combined_cycle
18,34,0.0,natural_gas_fired_combined_cycle
72,34,0.0,natural_gas_fired_combined_cycle
114,34,0.0,natural_gas_fired_combined_cycle
45,34,0.0,natural_gas_fired_combined_cycle
78,34,0.0,natural_gas_fired_combustion_turbine
75,34,0.0,natural_gas_fired_combustion_turbine
119,34,0.0,natural_gas_fired_combustion_turbine
117,34,0.0,natural_gas_fired_combustion_turbine
134,34,0.0,natural_gas_fired_combustion_turbine
103,34,0.0,natural_gas_fired_combustion_turbine
47,34,0.0,natural_gas_fired_combustion_turbine
8,34,0.0,natural_gas_fired_combustion_turbine
90,34,0.0,natural_gas_fired_combustion_turbine
60,34,0.0,natural_gas_fired_combustion_turbine
46,34,0.0,natural_gas_fired_combustion_turbine
37,34,0.0,natural_gas_fired_combustion_turbine
7,34,0.0,natural_gas_fired_combustion_turbine
133,34,0.0,natural_gas_fired_combustion_turbine
74,34,0.0,natural_gas_fired_combustion_turbine
20,34,0.0,natural_gas_fired_combustion_turbine
135,34,0.0,natural_gas_fired_combustion_turbine
142,34,0.0,natural_gas_fired_combustion_turbine
121,34,0.0,natural_gas_fired_combustion_turbine
91,34,0.0,natural_gas_fired_combustion_turbine
22,34,0.0,natural_gas_steam_turbine
123,34,0.0,natural_gas_steam_turbine
62,34,0.0,natural_gas_steam_turbine
49,34,0.0,natural_gas_steam_turbine
48,34,0.0,natural_gas_steam_turbine
21,34,0.0,natural_gas_steam_turbine
79,34,0.0,nuclear
10,34,0.0,onshore_wind_turbine
23,34,0.0,onshore_wind_turbine
31,34,2201.45814,onshore_wind_turbine
38,34,2693.12505,onshore_wind_turbine
50,34,4902.77802,onshore_wind_turbine
63,34,480.03899977599997,onshore_wind_turbine
80,34,6315.658719999999,onshore_wind_turbine
94,34,794.4048,onshore_wind_turbine
105,34,96.41982119699999,onshore_wind_turbine
124,34,662.7884183949955,onshore_wind_turbine
136,34,1904.9927400000001,onshore_wind_turbine
144,34,7312.392989999999,onshore_wind_turbine
11,34,19.125,small_hydroelectric
24,34,0.0,small_hydroelectric
32,34,192.0,small_hydroelectric
39,34,0.0,small_hydroelectric
51,34,0.0,small_hydroelectric
64,34,0.0,small_hydroelectric
81,34,0.0,small_hydroelectric
95,34,418.922,small_hydroelectric
106,34,31.614,small_hydroelectric
125,34,100.697,small_hydroelectric
137,34,36.822,small_hydroelectric
145,34,0.0,small_hydroelectric
12,34,9484.6689,solar_photovoltaic
25,34,0.0,solar_photovoltaic
33,34,1258.58145,solar_photovoltaic
52,34,5051.14344,solar_photovoltaic
65,34,0.0,solar_photovoltaic
82,34,0.0,solar_photovoltaic
96,34,0.0,solar_photovoltaic
107,34,0.0,solar_photovoltaic
126,34,30739.097200539,solar_photovoltaic
138,34,2537.3817699999995,solar_photovoltaic
26,35,0.0,biomass
13,35,0.0,biomass
108,35,0.0,biomass
40,35,0.0,biomass
97,35,0.0,biomass
1,35,0.0,biomass
66,35,0.0,biomass
2,35,229.28816400000028,conventional_hydroelectric
14,35,39.043532000000056,conventional_hydroelectric
27,35,729.534563999997,conventional_hydroelectric
35,35,203.3059423999992,conventional_hydroelectric
54,35,405.3663899999996,conventional_hydroelectric
67,35,603.7425810000016,conventional_hydroelectric
84,35,10386.439634999952,conventional_hydroelectric
109,35,107.4058487892,conventional_hydroelectric
128,35,39.08850000000004,conventional_hydroelectric
139,35,27.528307199999997,conventional_hydroelectric
110,35,0.0,conventional_steam_coal
41,35,0.0,conventional_steam_coal
3,35,0.0,conventional_steam_coal
36,35,0.0,conventional_steam_coal
85,35,0.0,conventional_steam_coal
28,35,74.364,geothermal
116,35,0.0,natural_gas_fired_combined_cycle
73,35,0.0,natural_gas_fired_combined_cycle
71,35,0.0,natural_gas_fired_combined_cycle
44,35,0.0,natural_gas_fired_combined_cycle
115,35,0.0,natural_gas_fired_combined_cycle
70,35,0.0,natural_gas_fired_combined_cycle
131,35,0.0,natural_gas_fired_combined_cycle
18,35,0.0,natural_gas_fired_combined_cycle
72,35,0.0,natural_gas_fired_combined_cycle
114,35,0.0,natural_gas_fired_combined_cycle
45,35,0.0,natural_gas_fired_combined_cycle
78,35,0.0,natural_gas_fired_combustion_turbine
75,35,0.0,natural_gas_fired_combustion_turbine
119,35,0.0,natural_gas_fired_combustion_turbine
117,35,0.0,natural_gas_fired_combustion_turbine
134,35,0.0,natural_gas_fired_combustion_turbine
103,35,0.0,natural_gas_fired_combustion_turbine
47,35,0.0,natural_gas_fired_combustion_turbine
8,35,0.0,natural_gas_fired_combustion_turbine
90,35,0.0,natural_gas_fired_combustion_turbine
60,35,0.0,natural_gas_fired_combustion_turbine
46,35,0.0,natural_gas_fired_combustion_turbine
37,35,0.0,natural_gas_fired_combustion_turbine
7,35,0.0,natural_gas_fired_combustion_turbine
133,35,0.0,natural_gas_fired_combustion_turbine
74,35,0.0,natural_gas_fired_combustion_turbine
20,35,0.0,natural_gas_fired_combustion_turbine
135,35,0.0,natural_gas_fired_combustion_turbine
142,35,0.0,natural_gas_fired_combustion_turbine
121,35,0.0,natural_gas_fired_combustion_turbine
91,35,0.0,natural_gas_fired_combustion_turbine
22,35,0.0,natural_gas_steam_turbine
123,35,0.0,natural_gas_steam_turbine
62,35,0.0,natural_gas_steam_turbine
49,35,0.0,natural_gas_steam_turbine
48,35,0.0,natural_gas_steam_turbine
21,35,0.0,natural_gas_steam_turbine
79,35,0.0,nuclear
10,35,804.0110400000001,onshore_wind_turbine
23,35,0.0,onshore_wind_turbine
31,35,2353.4466199999997,onshore_wind_turbine
38,35,0.0,onshore_wind_turbine
50,35,5119.5652199999995,onshore_wind_turbine
63,35,0.0,onshore_wind_turbine
80,35,4718.157639999999,onshore_wind_turbine
94,35,334.6798,onshore_wind_turbine
105,35,113.045658789,onshore_wind_turbine
124,35,0.0,onshore_wind_turbine
136,35,2796.3278700000005,onshore_wind_turbine
144,35,4554.8357399999995,onshore_wind_turbine
11,35,19.125,small_hydroelectric
24,35,62.577,small_hydroelectric
32,35,192.0,small_hydroelectric
39,35,52.9,small_hydroelectric
51,35,25.641,small_hydroelectric
64,35,6.128,small_hydroelectric
81,35,241.672,small_hydroelectric
95,35,0.0,small_hydroelectric
106,35,0.0,small_hydroelectric
125,35,0.0,small_hydroelectric
137,35,36.822,small_hydroelectric
145,35,33.21,small_hydroelectric
12,35,10227.62286,solar_photovoltaic
25,35,2410.1069999999995,solar_photovoltaic
33,35,0.0,solar_photovoltaic
52,35,0.0,solar_photovoltaic
65,35,0.0,solar_photovoltaic
82,35,4731.319968751719,solar_photovoltaic
96,35,1034.3872,solar_photovoltaic
107,35,17114.835580724,solar_photovoltaic
126,35,34114.334152325,solar_photovoltaic
138,35,2759.7508399999997,solar_photovoltaic
26,36,0.0,biomass
13,36,0.0,biomass
108,36,0.0,biomass
40,36,0.0,biomass
97,36,0.0,biomass
1,36,0.0,biomass
66,36,0.0,biomass
2,36,401.6686631999991,conventional_hydroelectric
14,36,48.35753119999994,conventional_hydroelectric
27,36,612.4139279999968,conventional_hydroelectric
35,36,0.0,conventional_hydroelectric
54,36,491.63667299999975,conventional_hydroelectric
67,36,0.0,conventional_hydroelectric
84,36,12797.836808999959,conventional_hydroelectric
109,36,107.4058487892,conventional_hydroelectric
128,36,26.489100000000008,conventional_hydroelectric
139,36,38.66073600000003,conventional_hydroelectric
110,36,0.0,conventional_steam_coal
41,36,0.0,conventional_steam_coal
3,36,0.0,conventional_steam_coal
36,36,0.0,conventional_steam_coal
85,36,0.0,conventional_steam_coal
28,36,74.364,geothermal
116,36,0.0,natural_gas_fired_combined_cycle
73,36,0.0,natural_gas_fired_combined_cycle
71,36,0.0,natural_gas_fired_combined_cycle
44,36,0.0,natural_gas_fired_combined_cycle
115,36,0.0,natural_gas_fired_combined_cycle
70,36,0.0,natural_gas_fired_combined_cycle
131,36,0.0,natural_gas_fired_combined_cycle
18,36,0.0,natural_gas_fired_combined_cycle
72,36,0.0,natural_gas_fired_combined_cycle
114,36,0.0,natural_gas_fired_combined_cycle
45,36,0.0,natural_gas_fired_combined_cycle
78,36,0.0,natural_gas_fired_combustion_turbine
75,36,0.0,natural_gas_fired_combustion_turbine
119,36,0.0,natural_gas_fired_combustion_turbine
117,36,0.0,natural_gas_fired_combustion_turbine
134,36,0.0,natural_gas_fired_combustion_turbine
103,36,0.0,natural_gas_fired_combustion_turbine
47,36,0.0,natural_gas_fired_combustion_turbine
8,36,0.0,natural_gas_fired_combustion_turbine
90,36,0.0,natural_gas_fired_combustion_turbine
60,36,0.0,natural_gas_fired_combustion_turbine
46,36,0.0,natural_gas_fired_combustion_turbine
37,36,0.0,natural_gas_fired_combustion_turbine
7,36,0.0,natural_gas_fired_combustion_turbine
133,36,0.0,natural_gas_fired_combustion_turbine
74,36,0.0,natural_gas_fired_combustion_turbine
20,36,0.0,natural_gas_fired_combustion_turbine
135,36,0.0,natural_gas_fired_combustion_turbine
142,36,0.0,natural_gas_fired_combustion_turbine
121,36,0.0,natural_gas_fired_combustion_turbine
91,36,0.0,natural_gas_fired_combustion_turbine
22,36,0.0,natural_gas_steam_turbine
123,36,0.0,natural_gas_steam_turbine
62,36,0.0,natural_gas_steam_turbine
49,36,0.0,natural_gas_steam_turbine
48,36,0.0,natural_gas_steam_turbine
21,36,0.0,natural_gas_steam_turbine
79,36,0.0,nuclear
10,36,815.659715877749,onshore_wind_turbine
23,36,2871.4993999999997,onshore_wind_turbine
31,36,2372.44518,onshore_wind_turbine
38,36,4117.2264,onshore_wind_turbine
50,36,5013.204,onshore_wind_turbine
63,36,0.0,onshore_wind_turbine
80,36,0.0,onshore_wind_turbine
94,36,853.2496,onshore_wind_turbine
105,36,947.320780644,onshore_wind_turbine
124,36,0.0,onshore_wind_turbine
136,36,0.0,onshore_wind_turbine
144,36,4286.64978,onshore_wind_turbine
11,36,0.0,small_hydroelectric
24,36,0.0,small_hydroelectric
32,36,192.0,small_hydroelectric
39,36,0.0,small_hydroelectric
51,36,0.0,small_hydroelectric
64,36,0.0,small_hydroelectric
81,36,0.0,small_hydroelectric
95,36,0.0,small_hydroelectric
106,36,0.0,small_hydroelectric
125,36,0.0,small_hydroelectric
137,36,0.0,small_hydroelectric
145,36,0.0,small_hydroelectric
12,36,0.0,solar_photovoltaic
25,36,0.0,solar_photovoltaic
33,36,1330.05775,solar_photovoltaic
52,36,0.0,solar_photovoltaic
65,36,18196.6427386926,solar_photovoltaic
82,36,14642.029849999999,solar_photovoltaic
96,36,0.0,solar_photovoltaic
107,36,16439.2242055965,solar_photovoltaic
126,36,0.0,solar_photovoltaic
138,36,2822.7630199999994,solar_photovoltaic
26,37,0.0,biomass
13,37,0.0,biomass
108,37,0.0,biomass
40,37,0.0,biomass
97,37,0.0,biomass
1,37,0.0,biomass
66,37,0.0,biomass
2,37,630.9568271999992,conventional_hydroelectric
14,37,9.92552439999941,conventional_hydroelectric
27,37,729.5345639999972,conventional_hydroelectric
35,37,207.30212800000163,conventional_hydroelectric
54,37,405.3663899999996,conventional_hydroelectric
67,37,0.0,conventional_hydroelectric
84,37,15209.233982999998,conventional_hydroelectric
109,37,0.0,conventional_hydroelectric
128,37,26.70161999999999,conventional_hydroelectric
139,37,19.33036800000002,conventional_hydroelectric
110,37,0.0,conventional_steam_coal
41,37,0.0,conventional_steam_coal
3,37,0.0,conventional_steam_coal
36,37,0.0,conventional_steam_coal
85,37,0.0,conventional_steam_coal
28,37,0.0,geothermal
116,37,0.0,natural_gas_fired_combined_cycle
73,37,0.0,natural_gas_fired_combined_cycle
71,37,0.0,natural_gas_fired_combined_cycle
44,37,0.0,natural_gas_fired_combined_cycle
115,37,0.0,natural_gas_fired_combined_cycle
70,37,0.0,natural_gas_fired_combined_cycle
131,37,0.0,natural_gas_fired_combined_cycle
18,37,0.0,natural_gas_fired_combined_cycle
72,37,0.0,natural_gas_fired_combined_cycle
114,37,0.0,natural_gas_fired_combined_cycle
45,37,0.0,natural_gas_fired_combined_cycle
78,37,0.0,natural_gas_fired_combustion_turbine
75,37,0.0,natural_gas_fired_combustion_turbine
119,37,0.0,natural_gas_fired_combustion_turbine
117,37,0.0,natural_gas_fired_combustion_turbine
134,37,0.0,natural_gas_fired_combustion_turbine
103,37,0.0,natural_gas_fired_combustion_turbine
47,37,0.0,natural_gas_fired_combustion_turbine
8,37,0.0,natural_gas_fired_combustion_turbine
90,37,0.0,natural_gas_fired_combustion_turbine
60,37,0.0,natural_gas_fired_combustion_turbine
46,37,0.0,natural_gas_fired_combustion_turbine
37,37,0.0,natural_gas_fired_combustion_turbine
7,37,0.0,natural_gas_fired_combustion_turbine
133,37,0.0,natural_gas_fired_combustion_turbine
74,37,0.0,natural_gas_fired_combustion_turbine
20,37,0.0,natural_gas_fired_combustion_turbine
135,37,0.0,natural_gas_fired_combustion_turbine
142,37,0.0,natural_gas_fired_combustion_turbine
121,37,0.0,natural_gas_fired_combustion_turbine
91,37,0.0,natural_gas_fired_combustion_turbine
22,37,0.0,natural_gas_steam_turbine
123,37,0.0,natural_gas_steam_turbine
62,37,0.0,natural_gas_steam_turbine
49,37,0.0,natural_gas_steam_turbine
48,37,0.0,natural_gas_steam_turbine
21,37,0.0,natural_gas_steam_turbine
79,37,0.0,nuclear
10,37,974.5752100000001,onshore_wind_turbine
23,37,0.0,onshore_wind_turbine
31,37,0.0,onshore_wind_turbine
38,37,4497.25185,onshore_wind_turbine
50,37,5054.52906,onshore_wind_turbine
63,37,164.41684021839998,onshore_wind_turbine
80,37,4376.167879999999,onshore_wind_turbine
94,37,0.0,onshore_wind_turbine
105,37,0.0,onshore_wind_turbine
124,37,0.0,onshore_wind_turbine
136,37,1996.7346000000002,onshore_wind_turbine
144,37,3337.1849699999993,onshore_wind_turbine
11,37,19.125,small_hydroelectric
24,37,62.577,small_hydroelectric
32,37,0.0,small_hydroelectric
39,37,0.0,small_hydroelectric
51,37,0.0,small_hydroelectric
64,37,6.128,small_hydroelectric
81,37,241.672,small_hydroelectric
95,37,0.0,small_hydroelectric
106,37,31.614,small_hydroelectric
125,37,0.0,small_hydroelectric
137,37,36.822,small_hydroelectric
145,37,33.21,small_hydroelectric
12,37,0.0,solar_photovoltaic
25,37,0.0,solar_photovoltaic
33,37,597.3447952521192,solar_photovoltaic
52,37,0.0,solar_photovoltaic
65,37,0.0,solar_photovoltaic
82,37,14774.69581,solar_photovoltaic
96,37,1090.5144599999999,solar_photovoltaic
107,37,16632.5931038715,solar_photovoltaic
126,37,33973.334096058,solar_photovoltaic
138,37,2956.5497499999997,solar_photovoltaic
26,38,0.0,biomass
13,38,0.0,biomass
108,38,0.0,biomass
40,38,0.0,biomass
97,38,0.0,biomass
1,38,0.0,biomass
66,38,0.0,biomass
2,38,401.6686631999991,conventional_hydroelectric
14,38,48.96905639999943,conventional_hydroelectric
27,38,846.6552,conventional_hydroelectric
35,38,413.6052095999979,conventional_hydroelectric
54,38,404.0151686999906,conventional_hydroelectric
67,38,603.7425810000016,conventional_hydroelectric
84,38,15220.8551742,conventional_hydroelectric
109,38,0.0,conventional_hydroelectric
128,38,26.73198000000001,conventional_hydroelectric
139,38,19.33036800000002,conventional_hydroelectric
110,38,0.0,conventional_steam_coal
41,38,0.0,conventional_steam_coal
3,38,0.0,conventional_steam_coal
36,38,0.0,conventional_steam_coal
85,38,0.0,conventional_steam_coal
28,38,74.364,geothermal
116,38,0.0,natural_gas_fired_combined_cycle
73,38,0.0,natural_gas_fired_combined_cycle
71,38,0.0,natural_gas_fired_combined_cycle
44,38,0.0,natural_gas_fired_combined_cycle
115,38,0.0,natural_gas_fired_combined_cycle
70,38,0.0,natural_gas_fired_combined_cycle
131,38,0.0,natural_gas_fired_combined_cycle
18,38,0.0,natural_gas_fired_combined_cycle
72,38,0.0,natural_gas_fired_combined_cycle
114,38,0.0,natural_gas_fired_combined_cycle
45,38,0.0,natural_gas_fired_combined_cycle
78,38,0.0,natural_gas_fired_combustion_turbine
75,38,0.0,natural_gas_fired_combustion_turbine
119,38,0.0,natural_gas_fired_combustion_turbine
117,38,0.0,natural_gas_fired_combustion_turbine
134,38,0.0,natural_gas_fired_combustion_turbine
103,38,0.0,natural_gas_fired_combustion_turbine
47,38,0.0,natural_gas_fired_combustion_turbine
8,38,0.0,natural_gas_fired_combustion_turbine
90,38,0.0,natural_gas_fired_combustion_turbine
60,38,0.0,natural_gas_fired_combustion_turbine
46,38,0.0,natural_gas_fired_combustion_turbine
37,38,0.0,natural_gas_fired_combustion_turbine
7,38,0.0,natural_gas_fired_combustion_turbine
133,38,0.0,natural_gas_fired_combustion_turbine
74,38,0.0,natural_gas_fired_combustion_turbine
20,38,0.0,natural_gas_fired_combustion_turbine
135,38,0.0,natural_gas_fired_combustion_turbine
142,38,0.0,natural_gas_fired_combustion_turbine
121,38,0.0,natural_gas_fired_combustion_turbine
91,38,0.0,natural_gas_fired_combustion_turbine
22,38,0.0,natural_gas_steam_turbine
123,38,0.0,natural_gas_steam_turbine
62,38,0.0,natural_gas_steam_turbine
49,38,0.0,natural_gas_steam_turbine
48,38,0.0,natural_gas_steam_turbine
21,38,0.0,natural_gas_steam_turbine
79,38,0.0,nuclear
10,38,554.19847,onshore_wind_turbine
23,38,2144.7734,onshore_wind_turbine
31,38,1688.49702,onshore_wind_turbine
38,38,0.0,onshore_wind_turbine
50,38,5196.79566,onshore_wind_turbine
63,38,0.0,onshore_wind_turbine
80,38,0.0,onshore_wind_turbine
94,38,809.116,onshore_wind_turbine
105,38,0.0,onshore_wind_turbine
124,38,1959.3093157022004,onshore_wind_turbine
136,38,2679.4019700000003,onshore_wind_turbine
144,38,0.0,onshore_wind_turbine
11,38,0.0,small_hydroelectric
24,38,0.0,small_hydroelectric
32,38,0.0,small_hydroelectric
39,38,52.9,small_hydroelectric
51,38,25.641,small_hydroelectric
64,38,0.0,small_hydroelectric
81,38,241.672,small_hydroelectric
95,38,0.0,small_hydroelectric
106,38,0.0,small_hydroelectric
125,38,100.697,small_hydroelectric
137,38,36.822,small_hydroelectric
145,38,0.0,small_hydroelectric
12,38,10349.094420000001,solar_photovoltaic
25,38,2151.5342799999994,solar_photovoltaic
33,38,0.0,solar_photovoltaic
52,38,0.0,solar_photovoltaic
65,38,0.0,solar_photovoltaic
82,38,15188.30145,solar_photovoltaic
96,38,1082.1394500000001,solar_photovoltaic
107,38,17340.909186363002,solar_photovoltaic
126,38,24628.0376368348,solar_photovoltaic
138,38,2716.3728899999996,solar_photovoltaic
26,39,0.0,biomass
13,39,0.0,biomass
108,39,0.0,biomass
40,39,0.0,biomass
97,39,0.0,biomass
1,39,0.0,biomass
66,39,0.0,biomass
2,39,229.2881640000004,conventional_hydroelectric
14,39,87.68330559999998,conventional_hydroelectric
27,39,732.497857200003,conventional_hydroelectric
35,39,620.9073375999983,conventional_hydroelectric
54,39,490.2854516999907,conventional_hydroelectric
67,39,603.7425810000016,conventional_hydroelectric
84,39,15232.4763654,conventional_hydroelectric
109,39,0.0,conventional_hydroelectric
128,39,39.331380000000024,conventional_hydroelectric
139,39,27.691334399999974,conventional_hydroelectric
110,39,0.0,conventional_steam_coal
41,39,0.0,conventional_steam_coal
3,39,0.0,conventional_steam_coal
36,39,0.0,conventional_steam_coal
85,39,0.0,conventional_steam_coal
28,39,0.0,geothermal
116,39,0.0,natural_gas_fired_combined_cycle
73,39,0.0,natural_gas_fired_combined_cycle
71,39,0.0,natural_gas_fired_combined_cycle
44,39,0.0,natural_gas_fired_combined_cycle
115,39,0.0,natural_gas_fired_combined_cycle
70,39,0.0,natural_gas_fired_combined_cycle
131,39,0.0,natural_gas_fired_combined_cycle
18,39,0.0,natural_gas_fired_combined_cycle
72,39,0.0,natural_gas_fired_combined_cycle
114,39,0.0,natural_gas_fired_combined_cycle
45,39,0.0,natural_gas_fired_combined_cycle
78,39,0.0,natural_gas_fired_combustion_turbine
75,39,0.0,natural_gas_fired_combustion_turbine
119,39,0.0,natural_gas_fired_combustion_turbine
117,39,0.0,natural_gas_fired_combustion_turbine
134,39,0.0,natural_gas_fired_combustion_turbine
103,39,0.0,natural_gas_fired_combustion_turbine
47,39,0.0,natural_gas_fired_combustion_turbine
8,39,0.0,natural_gas_fired_combustion_turbine
90,39,0.0,natural_gas_fired_combustion_turbine
60,39,0.0,natural_gas_fired_combustion_turbine
46,39,0.0,natural_gas_fired_combustion_turbine
37,39,0.0,natural_gas_fired_combustion_turbine
7,39,0.0,natural_gas_fired_combustion_turbine
133,39,0.0,natural_gas_fired_combustion_turbine
74,39,0.0,natural_gas_fired_combustion_turbine
20,39,0.0,natural_gas_fired_combustion_turbine
135,39,0.0,natural_gas_fired_combustion_turbine
142,39,0.0,natural_gas_fired_combustion_turbine
121,39,0.0,natural_gas_fired_combustion_turbine
91,39,0.0,natural_gas_fired_combustion_turbine
22,39,0.0,natural_gas_steam_turbine
123,39,0.0,natural_gas_steam_turbine
62,39,0.0,natural_gas_steam_turbine
49,39,0.0,natural_gas_steam_turbine
48,39,0.0,natural_gas_steam_turbine
21,39,0.0,natural_gas_steam_turbine
79,39,0.0,nuclear
10,39,499.26492,onshore_wind_turbine
23,39,0.0,onshore_wind_turbine
31,39,2150.39951,onshore_wind_turbine
38,39,0.0,onshore_wind_turbine
50,39,0.0,onshore_wind_turbine
63,39,147.0330400728,onshore_wind_turbine
80,39,0.0,onshore_wind_turbine
94,39,923.1278,onshore_wind_turbine
105,39,318.292100448,onshore_wind_turbine
124,39,0.0,onshore_wind_turbine
136,39,0.0,onshore_wind_turbine
144,39,1215.4879799999999,onshore_wind_turbine
11,39,19.125,small_hydroelectric
24,39,62.577,small_hydroelectric
32,39,192.0,small_hydroelectric
39,39,0.0,small_hydroelectric
51,39,0.0,small_hydroelectric
64,39,0.0,small_hydroelectric
81,39,0.0,small_hydroelectric
95,39,418.922,small_hydroelectric
106,39,0.0,small_hydroelectric
125,39,100.697,small_hydroelectric
137,39,36.822,small_hydroelectric
145,39,0.0,small_hydroelectric
12,39,10052.47782,solar_photovoltaic
25,39,2104.82678,solar_photovoltaic
33,39,1322.4876,solar_photovoltaic
52,39,4769.8331800000005,solar_photovoltaic
65,39,17965.44141812,solar_photovoltaic
82,39,15299.50674,solar_photovoltaic
96,39,1079.34778,solar_photovoltaic
107,39,0.0,solar_photovoltaic
126,39,26484.80558445922,solar_photovoltaic
138,39,2820.9365799999996,solar_photovoltaic
26,40,0.0,biomass
13,40,0.0,biomass
108,40,0.0,biomass
40,40,0.0,biomass
97,40,0.0,biomass
1,40,0.0,biomass
66,40,0.0,biomass
2,40,402.2211647999998,conventional_hydroelectric
14,40,48.96905639999983,conventional_hydroelectric
27,40,615.3772212000011,conventional_hydroelectric
35,40,828.2094656,conventional_hydroelectric
54,40,576.5557346999908,conventional_hydroelectric
67,40,0.0,conventional_hydroelectric
84,40,12821.079191400007,conventional_hydroelectric
109,40,107.5454687892,conventional_hydroelectric
128,40,51.930780000000006,conventional_hydroelectric
139,40,8.43083519999993,conventional_hydroelectric
110,40,0.0,conventional_steam_coal
41,40,0.0,conventional_steam_coal
3,40,0.0,conventional_steam_coal
36,40,0.0,conventional_steam_coal
85,40,0.0,conventional_steam_coal
28,40,0.0,geothermal
116,40,0.0,natural_gas_fired_combined_cycle
73,40,0.0,natural_gas_fired_combined_cycle
71,40,0.0,natural_gas_fired_combined_cycle
44,40,0.0,natural_gas_fired_combined_cycle
115,40,0.0,natural_gas_fired_combined_cycle
70,40,0.0,natural_gas_fired_combined_cycle
131,40,0.0,natural_gas_fired_combined_cycle
18,40,0.0,natural_gas_fired_combined_cycle
72,40,0.0,natural_gas_fired_combined_cycle
114,40,0.0,natural_gas_fired_combined_cycle
45,40,0.0,natural_gas_fired_combined_cycle
78,40,0.0,natural_gas_fired_combustion_turbine
75,40,0.0,natural_gas_fired_combustion_turbine
119,40,0.0,natural_gas_fired_combustion_turbine
117,40,0.0,natural_gas_fired_combustion_turbine
134,40,0.0,natural_gas_fired_combustion_turbine
103,40,0.0,natural_gas_fired_combustion_turbine
47,40,0.0,natural_gas_fired_combustion_turbine
8,40,0.0,natural_gas_fired_combustion_turbine
90,40,0.0,natural_gas_fired_combustion_turbine
60,40,0.0,natural_gas_fired_combustion_turbine
46,40,0.0,natural_gas_fired_combustion_turbine
37,40,0.0,natural_gas_fired_combustion_turbine
7,40,0.0,natural_gas_fired_combustion_turbine
133,40,0.0,natural_gas_fired_combustion_turbine
74,40,0.0,natural_gas_fired_combustion_turbine
20,40,0.0,natural_gas_fired_combustion_turbine
135,40,0.0,natural_gas_fired_combustion_turbine
142,40,0.0,natural_gas_fired_combustion_turbine
121,40,0.0,natural_gas_fired_combustion_turbine
91,40,0.0,natural_gas_fired_combustion_turbine
22,40,0.0,natural_gas_steam_turbine
123,40,0.0,natural_gas_steam_turbine
62,40,0.0,natural_gas_steam_turbine
49,40,0.0,natural_gas_steam_turbine
48,40,0.0,natural_gas_steam_turbine
21,40,0.0,natural_gas_steam_turbine
79,40,0.0,nuclear
10,40,0.0,onshore_wind_turbine
23,40,0.0,onshore_wind_turbine
31,40,0.0,onshore_wind_turbine
38,40,4272.8721,onshore_wind_turbine
50,40,4990.17036,onshore_wind_turbine
63,40,233.82127971999998,onshore_wind_turbine
80,40,939.5425199999999,onshore_wind_turbine
94,40,349.391,onshore_wind_turbine
105,40,434.92231910399994,onshore_wind_turbine
124,40,896.2570361976001,onshore_wind_turbine
136,40,2400.5786700000003,onshore_wind_turbine
144,40,0.0,onshore_wind_turbine
11,40,0.0,small_hydroelectric
24,40,0.0,small_hydroelectric
32,40,0.0,small_hydroelectric
39,40,0.0,small_hydroelectric
51,40,25.641,small_hydroelectric
64,40,6.128,small_hydroelectric
81,40,0.0,small_hydroelectric
95,40,0.0,small_hydroelectric
106,40,31.614,small_hydroelectric
125,40,0.0,small_hydroelectric
137,40,36.822,small_hydroelectric
145,40,33.21,small_hydroelectric
12,40,8771.3766,solar_photovoltaic
25,40,0.0,solar_photovoltaic
33,40,0.0,solar_photovoltaic
52,40,3831.9019200000002,solar_photovoltaic
65,40,0.0,solar_photovoltaic
82,40,0.0,solar_photovoltaic
96,40,922.13268,solar_photovoltaic
107,40,10464.427246489211,solar_photovoltaic
126,40,31977.5449504,solar_photovoltaic
138,40,0.0,solar_photovoltaic
26,41,0.0,biomass
13,41,0.0,biomass
108,41,0.0,biomass
40,41,0.0,biomass
97,41,0.0,biomass
1,41,0.0,biomass
66,41,0.0,biomass
2,41,631.5093288000003,conventional_hydroelectric
14,41,88.01258839999983,conventional_hydroelectric
27,41,732.4978572000003,conventional_hydroelectric
35,41,828.7089887999999,conventional_hydroelectric
54,41,578.1148361999999,conventional_hydroelectric
67,41,603.7425810000018,conventional_hydroelectric
84,41,15232.476365400027,conventional_hydroelectric
109,41,0.0,conventional_hydroelectric
128,41,39.331380000000024,conventional_hydroelectric
139,41,27.76120319999995,conventional_hydroelectric
110,41,0.0,conventional_steam_coal
41,41,0.0,conventional_steam_coal
3,41,0.0,conventional_steam_coal
36,41,0.0,conventional_steam_coal
85,41,0.0,conventional_steam_coal
28,41,74.364,geothermal
116,41,0.0,natural_gas_fired_combined_cycle
73,41,0.0,natural_gas_fired_combined_cycle
71,41,0.0,natural_gas_fired_combined_cycle
44,41,0.0,natural_gas_fired_combined_cycle
115,41,0.0,natural_gas_fired_combined_cycle
70,41,0.0,natural_gas_fired_combined_cycle
131,41,0.0,natural_gas_fired_combined_cycle
18,41,0.0,natural_gas_fired_combined_cycle
72,41,0.0,natural_gas_fired_combined_cycle
114,41,0.0,natural_gas_fired_combined_cycle
45,41,0.0,natural_gas_fired_combined_cycle
78,41,0.0,natural_gas_fired_combustion_turbine
75,41,0.0,natural_gas_fired_combustion_turbine
119,41,0.0,natural_gas_fired_combustion_turbine
117,41,0.0,natural_gas_fired_combustion_turbine
134,41,0.0,natural_gas_fired_combustion_turbine
103,41,0.0,natural_gas_fired_combustion_turbine
47,41,0.0,natural_gas_fired_combustion_turbine
8,41,0.0,natural_gas_fired_combustion_turbine
90,41,0.0,natural_gas_fired_combustion_turbine
60,41,0.0,natural_gas_fired_combustion_turbine
46,41,0.0,natural_gas_fired_combustion_turbine
37,41,0.0,natural_gas_fired_combustion_turbine
7,41,0.0,natural_gas_fired_combustion_turbine
133,41,0.0,natural_gas_fired_combustion_turbine
74,41,0.0,natural_gas_fired_combustion_turbine
20,41,0.0,natural_gas_fired_combustion_turbine
135,41,0.0,natural_gas_fired_combustion_turbine
142,41,0.0,natural_gas_fired_combustion_turbine
121,41,0.0,natural_gas_fired_combustion_turbine
91,41,0.0,natural_gas_fired_combustion_turbine
22,41,0.0,natural_gas_steam_turbine
123,41,0.0,natural_gas_steam_turbine
62,41,0.0,natural_gas_steam_turbine
49,41,0.0,natural_gas_steam_turbine
48,41,0.0,natural_gas_steam_turbine
21,41,0.0,natural_gas_steam_turbine
79,41,1851.499749999999,nuclear
10,41,0.0,onshore_wind_turbine
23,41,3078.3368,onshore_wind_turbine
31,41,0.0,onshore_wind_turbine
38,41,3788.8935,onshore_wind_turbine
50,41,4886.51898,onshore_wind_turbine
63,41,272.8703602352,onshore_wind_turbine
80,41,0.0,onshore_wind_turbine
94,41,0.0,onshore_wind_turbine
105,41,0.0,onshore_wind_turbine
124,41,0.0,onshore_wind_turbine
136,41,3282.0405060385547,onshore_wind_turbine
144,41,1756.1854799999996,onshore_wind_turbine
11,41,19.125,small_hydroelectric
24,41,62.577,small_hydroelectric
32,41,192.0,small_hydroelectric
39,41,0.0,small_hydroelectric
51,41,0.0,small_hydroelectric
64,41,6.128,small_hydroelectric
81,41,241.672,small_hydroelectric
95,41,418.922,small_hydroelectric
106,41,0.0,small_hydroelectric
125,41,0.0,small_hydroelectric
137,41,0.0,small_hydroelectric
145,41,0.0,small_hydroelectric
12,41,6437.99268,solar_photovoltaic
25,41,697.62322,solar_photovoltaic
33,41,956.6557,solar_photovoltaic
52,41,2358.30616,solar_photovoltaic
65,41,12041.0785616807,solar_photovoltaic
82,41,11996.51453,solar_photovoltaic
96,41,732.59298,solar_photovoltaic
107,41,11637.8371130455,solar_photovoltaic
126,41,0.0,solar_photovoltaic
138,41,1901.3240399999997,solar_photovoltaic
26,42,0.0,biomass
13,42,0.0,biomass
108,42,0.0,biomass
40,42,0.0,biomass
97,42,0.0,biomass
1,42,0.0,biomass
66,42,0.0,biomass
2,42,860.7974927999999,conventional_hydroelectric
14,42,127.0561204,conventional_hydroelectric
27,42,849.6184932,conventional_hydroelectric
35,42,828.9587503999999,conventional_hydroelectric
54,42,664.3851192000001,conventional_hydroelectric
67,42,1207.485162000003,conventional_hydroelectric
84,42,15264.4346412,conventional_hydroelectric
109,42,107.5454687892,conventional_hydroelectric
128,42,51.93078000000004,conventional_hydroelectric
139,42,47.0915712,conventional_hydroelectric
110,42,21.5,conventional_steam_coal
41,42,0.0,conventional_steam_coal
3,42,6041.924409999996,conventional_steam_coal
36,42,0.0,conventional_steam_coal
85,42,0.0,conventional_steam_coal
28,42,74.364,geothermal
116,42,0.0,natural_gas_fired_combined_cycle
73,42,0.0,natural_gas_fired_combined_cycle
71,42,0.0,natural_gas_fired_combined_cycle
44,42,0.0,natural_gas_fired_combined_cycle
115,42,0.0,natural_gas_fired_combined_cycle
70,42,0.0,natural_gas_fired_combined_cycle
131,42,0.0,natural_gas_fired_combined_cycle
18,42,0.0,natural_gas_fired_combined_cycle
72,42,0.0,natural_gas_fired_combined_cycle
114,42,0.0,natural_gas_fired_combined_cycle
45,42,0.0,natural_gas_fired_combined_cycle
78,42,0.0,natural_gas_fired_combustion_turbine
75,42,0.0,natural_gas_fired_combustion_turbine
119,42,0.0,natural_gas_fired_combustion_turbine
117,42,0.0,natural_gas_fired_combustion_turbine
134,42,0.0,natural_gas_fired_combustion_turbine
103,42,0.0,natural_gas_fired_combustion_turbine
47,42,0.0,natural_gas_fired_combustion_turbine
8,42,0.0,natural_gas_fired_combustion_turbine
90,42,0.0,natural_gas_fired_combustion_turbine
60,42,0.0,natural_gas_fired_combustion_turbine
46,42,0.0,natural_gas_fired_combustion_turbine
37,42,0.0,natural_gas_fired_combustion_turbine
7,42,0.0,natural_gas_fired_combustion_turbine
133,42,0.0,natural_gas_fired_combustion_turbine
74,42,0.0,natural_gas_fired_combustion_turbine
20,42,0.0,natural_gas_fired_combustion_turbine
135,42,0.0,natural_gas_fired_combustion_turbine
142,42,0.0,natural_gas_fired_combustion_turbine
121,42,0.0,natural_gas_fired_combustion_turbine
91,42,0.0,natural_gas_fired_combustion_turbine
22,42,0.0,natural_gas_steam_turbine
123,42,0.0,natural_gas_steam_turbine
62,42,0.0,natural_gas_steam_turbine
49,42,0.0,natural_gas_steam_turbine
48,42,0.0,natural_gas_steam_turbine
21,42,0.0,natural_gas_steam_turbine
79,42,3702.9995,nuclear
10,42,269.80478,onshore_wind_turbine
23,42,4772.1674,onshore_wind_turbine
31,42,2284.5768399999997,onshore_wind_turbine
38,42,3957.60435,onshore_wind_turbine
50,42,4765.25364,onshore_wind_turbine
63,42,345.7971998488,onshore_wind_turbine
80,42,582.68364,onshore_wind_turbine
94,42,474.4362,onshore_wind_turbine
105,42,278.19567867,onshore_wind_turbine
124,42,5235.325415658801,onshore_wind_turbine
136,42,2733.3677700000003,onshore_wind_turbine
144,42,3038.71995,onshore_wind_turbine
11,42,19.125,small_hydroelectric
24,42,62.577,small_hydroelectric
32,42,192.0,small_hydroelectric
39,42,52.9,small_hydroelectric
51,42,25.641,small_hydroelectric
64,42,6.128,small_hydroelectric
81,42,241.672,small_hydroelectric
95,42,418.922,small_hydroelectric
106,42,31.614,small_hydroelectric
125,42,100.697,small_hydroelectric
137,42,36.822,small_hydroelectric
145,42,33.21,small_hydroelectric
12,42,2799.4957199999985,solar_photovoltaic
25,42,3.7365999999999997,solar_photovoltaic
33,42,511.42524999999995,solar_photovoltaic
52,42,123.03004,solar_photovoltaic
65,42,6099.3429596253,solar_photovoltaic
82,42,7784.3703000000005,solar_photovoltaic
96,42,375.55307999999997,solar_photovoltaic
107,42,6072.8012825305,solar_photovoltaic
126,42,15809.427845287999,solar_photovoltaic
138,42,894.4989899999998,solar_photovoltaic
26,43,11.235,biomass
13,43,15.682,biomass
108,43,137.081,biomass
40,43,5.952,biomass
97,43,178.173,biomass
1,43,16.294,biomass
66,43,228.795,biomass
2,43,860.7974927999999,conventional_hydroelectric
14,43,127.19724159999998,conventional_hydroelectric
27,43,850.3240392000001,conventional_hydroelectric
35,43,829.4582736,conventional_hydroelectric
54,43,664.5929994,conventional_hydroelectric
67,43,1416.2451476481358,conventional_hydroelectric
84,43,15273.150534599998,conventional_hydroelectric
109,43,107.5454687892,conventional_hydroelectric
128,43,52.021860000000004,conventional_hydroelectric
139,43,47.138150399999994,conventional_hydroelectric
110,43,50.0,conventional_steam_coal
41,43,7219.002,conventional_steam_coal
3,43,14050.987,conventional_steam_coal
36,43,1350.1595699999998,conventional_steam_coal
85,43,763.8,conventional_steam_coal
28,43,74.364,geothermal
116,43,36.160000000000146,natural_gas_fired_combined_cycle
73,43,412.6080000000013,natural_gas_fired_combined_cycle
71,43,875.1330948004361,natural_gas_fired_combined_cycle
44,43,0.0,natural_gas_fired_combined_cycle
115,43,0.0,natural_gas_fired_combined_cycle
70,43,0.0,natural_gas_fired_combined_cycle
131,43,0.0,natural_gas_fired_combined_cycle
18,43,0.0,natural_gas_fired_combined_cycle
72,43,0.0,natural_gas_fired_combined_cycle
114,43,0.0,natural_gas_fired_combined_cycle
45,43,0.0,natural_gas_fired_combined_cycle
78,43,257.0,natural_gas_fired_combustion_turbine
75,43,0.0,natural_gas_fired_combustion_turbine
119,43,0.0,natural_gas_fired_combustion_turbine
117,43,0.0,natural_gas_fired_combustion_turbine
134,43,0.0,natural_gas_fired_combustion_turbine
103,43,0.0,natural_gas_fired_combustion_turbine
47,43,0.0,natural_gas_fired_combustion_turbine
8,43,0.0,natural_gas_fired_combustion_turbine
90,43,0.0,natural_gas_fired_combustion_turbine
60,43,0.0,natural_gas_fired_combustion_turbine
46,43,0.0,natural_gas_fired_combustion_turbine
37,43,0.0,natural_gas_fired_combustion_turbine
7,43,0.0,natural_gas_fired_combustion_turbine
133,43,0.0,natural_gas_fired_combustion_turbine
74,43,0.0,natural_gas_fired_combustion_turbine
20,43,0.0,natural_gas_fired_combustion_turbine
135,43,0.0,natural_gas_fired_combustion_turbine
142,43,0.0,natural_gas_fired_combustion_turbine
121,43,0.0,natural_gas_fired_combustion_turbine
91,43,0.0,natural_gas_fired_combustion_turbine
22,43,0.0,natural_gas_steam_turbine
123,43,0.0,natural_gas_steam_turbine
62,43,0.0,natural_gas_steam_turbine
49,43,0.0,natural_gas_steam_turbine
48,43,0.0,natural_gas_steam_turbine
21,43,0.0,natural_gas_steam_turbine
79,43,5554.499250000001,nuclear
10,43,112.74886000000001,onshore_wind_turbine
23,43,4505.7011999999995,onshore_wind_turbine
31,43,1515.13516,onshore_wind_turbine
38,43,4351.83105,onshore_wind_turbine
50,43,3450.9812399999996,onshore_wind_turbine
63,43,357.9237198656,onshore_wind_turbine
80,43,50.183279999999996,onshore_wind_turbine
94,43,647.2928,onshore_wind_turbine
105,43,309.666560868,onshore_wind_turbine
124,43,3941.2151064286004,onshore_wind_turbine
136,43,2604.7492800000005,onshore_wind_turbine
144,43,3114.4175999999993,onshore_wind_turbine
11,43,19.125,small_hydroelectric
24,43,62.577,small_hydroelectric
32,43,192.0,small_hydroelectric
39,43,52.9,small_hydroelectric
51,43,25.641,small_hydroelectric
64,43,6.128,small_hydroelectric
81,43,241.672,small_hydroelectric
95,43,418.922,small_hydroelectric
106,43,31.614,small_hydroelectric
125,43,100.697,small_hydroelectric
137,43,36.822,small_hydroelectric
145,43,33.21,small_hydroelectric
12,43,0.0,solar_photovoltaic
25,43,0.0,solar_photovoltaic
33,43,0.0,solar_photovoltaic
52,43,0.0,solar_photovoltaic
65,43,0.0,solar_photovoltaic
82,43,21.46067,solar_photovoltaic
96,43,1.4693,solar_photovoltaic
107,43,0.0,solar_photovoltaic
126,43,0.0,solar_photovoltaic
138,43,0.0,solar_photovoltaic
26,44,11.235,biomass
13,44,15.682,biomass
108,44,137.081,biomass
40,44,5.952,biomass
97,44,178.173,biomass
1,44,16.294,biomass
66,44,228.795,biomass
2,44,861.0737435999998,conventional_hydroelectric
14,44,127.3383628,conventional_hydroelectric
27,44,851.0295852,conventional_hydroelectric
35,44,829.7080351999999,conventional_hydroelectric
54,44,664.6969395,conventional_hydroelectric
67,44,1417.02500848662,conventional_hydroelectric
84,44,15284.7717258,conventional_hydroelectric
109,44,107.5454687892,conventional_hydroelectric
128,44,52.05222,conventional_hydroelectric
139,44,47.1847296,conventional_hydroelectric
110,44,50.0,conventional_steam_coal
41,44,7219.002,conventional_steam_coal
3,44,14050.987,conventional_steam_coal
36,44,2368.701,conventional_steam_coal
85,44,1340.0,conventional_steam_coal
28,44,74.364,geothermal
116,44,56.5,natural_gas_fired_combined_cycle
73,44,644.7,natural_gas_fired_combined_cycle
71,44,0.0,natural_gas_fired_combined_cycle
44,44,0.0,natural_gas_fired_combined_cycle
115,44,0.0,natural_gas_fired_combined_cycle
70,44,0.0,natural_gas_fired_combined_cycle
131,44,0.0,natural_gas_fired_combined_cycle
18,44,0.0,natural_gas_fired_combined_cycle
72,44,0.0,natural_gas_fired_combined_cycle
114,44,0.0,natural_gas_fired_combined_cycle
45,44,0.0,natural_gas_fired_combined_cycle
78,44,257.0,natural_gas_fired_combustion_turbine
75,44,0.0,natural_gas_fired_combustion_turbine
119,44,0.0,natural_gas_fired_combustion_turbine
117,44,0.0,natural_gas_fired_combustion_turbine
134,44,0.0,natural_gas_fired_combustion_turbine
103,44,0.0,natural_gas_fired_combustion_turbine
47,44,0.0,natural_gas_fired_combustion_turbine
8,44,0.0,natural_gas_fired_combustion_turbine
90,44,0.0,natural_gas_fired_combustion_turbine
60,44,0.0,natural_gas_fired_combustion_turbine
46,44,0.0,natural_gas_fired_combustion_turbine
37,44,0.0,natural_gas_fired_combustion_turbine
7,44,0.0,natural_gas_fired_combustion_turbine
133,44,0.0,natural_gas_fired_combustion_turbine
74,44,0.0,natural_gas_fired_combustion_turbine
20,44,0.0,natural_gas_fired_combustion_turbine
135,44,0.0,natural_gas_fired_combustion_turbine
142,44,0.0,natural_gas_fired_combustion_turbine
121,44,0.0,natural_gas_fired_combustion_turbine
91,44,0.0,natural_gas_fired_combustion_turbine
22,44,0.0,natural_gas_steam_turbine
123,44,0.0,natural_gas_steam_turbine
62,44,0.0,natural_gas_steam_turbine
49,44,0.0,natural_gas_steam_turbine
48,44,0.0,natural_gas_steam_turbine
21,44,0.0,natural_gas_steam_turbine
79,44,7405.999,nuclear
10,44,89.33456000000001,onshore_wind_turbine
23,44,4179.6062,onshore_wind_turbine
31,44,1265.77906,onshore_wind_turbine
38,44,4525.0863,onshore_wind_turbine
50,44,3116.9934599999997,onshore_wind_turbine
63,44,308.2237197592,onshore_wind_turbine
80,44,361.5054799999999,onshore_wind_turbine
94,44,327.3242,onshore_wind_turbine
105,44,176.001420525,onshore_wind_turbine
124,44,4329.179532262201,onshore_wind_turbine
136,44,2346.6128700000004,onshore_wind_turbine
144,44,2865.69675,onshore_wind_turbine
11,44,19.125,small_hydroelectric
24,44,62.577,small_hydroelectric
32,44,192.0,small_hydroelectric
39,44,52.9,small_hydroelectric
51,44,25.641,small_hydroelectric
64,44,6.128,small_hydroelectric
81,44,241.672,small_hydroelectric
95,44,418.922,small_hydroelectric
106,44,31.614,small_hydroelectric
125,44,100.697,small_hydroelectric
137,44,36.822,small_hydroelectric
145,44,33.21,small_hydroelectric
12,44,0.0,solar_photovoltaic
25,44,0.0,solar_photovoltaic
33,44,0.0,solar_photovoltaic
52,44,0.0,solar_photovoltaic
65,44,0.0,solar_photovoltaic
82,44,0.0,solar_photovoltaic
96,44,0.0,solar_photovoltaic
107,44,0.0,solar_photovoltaic
126,44,0.0,solar_photovoltaic
138,44,0.0,solar_photovoltaic
26,45,11.235,biomass
13,45,15.682,biomass
108,45,137.081,biomass
40,45,5.952,biomass
97,45,178.173,biomass
1,45,16.294,biomass
66,45,228.795,biomass
2,45,861.0737435999998,conventional_hydroelectric
14,45,127.47948400000001,conventional_hydroelectric
27,45,851.8762404,conventional_hydroelectric
35,45,830.2075583999999,conventional_hydroelectric
54,45,664.9048197000001,conventional_hydroelectric
67,45,1417.804876599111,conventional_hydroelectric
84,45,15293.4876192,conventional_hydroelectric
109,45,107.6243415234,conventional_hydroelectric
128,45,52.08258000000001,conventional_hydroelectric
139,45,47.208019199999995,conventional_hydroelectric
110,45,50.0,conventional_steam_coal
41,45,7219.002,conventional_steam_coal
3,45,14050.987,conventional_steam_coal
36,45,2368.701,conventional_steam_coal
85,45,1340.0,conventional_steam_coal
28,45,74.364,geothermal
116,45,56.5,natural_gas_fired_combined_cycle
73,45,412.6079999999999,natural_gas_fired_combined_cycle
71,45,0.0,natural_gas_fired_combined_cycle
44,45,0.0,natural_gas_fired_combined_cycle
115,45,0.0,natural_gas_fired_combined_cycle
70,45,0.0,natural_gas_fired_combined_cycle
131,45,0.0,natural_gas_fired_combined_cycle
18,45,0.0,natural_gas_fired_combined_cycle
72,45,0.0,natural_gas_fired_combined_cycle
114,45,0.0,natural_gas_fired_combined_cycle
45,45,0.0,natural_gas_fired_combined_cycle
78,45,257.0,natural_gas_fired_combustion_turbine
75,45,0.0,natural_gas_fired_combustion_turbine
119,45,0.0,natural_gas_fired_combustion_turbine
117,45,0.0,natural_gas_fired_combustion_turbine
134,45,0.0,natural_gas_fired_combustion_turbine
103,45,0.0,natural_gas_fired_combustion_turbine
47,45,0.0,natural_gas_fired_combustion_turbine
8,45,0.0,natural_gas_fired_combustion_turbine
90,45,0.0,natural_gas_fired_combustion_turbine
60,45,0.0,natural_gas_fired_combustion_turbine
46,45,0.0,natural_gas_fired_combustion_turbine
37,45,0.0,natural_gas_fired_combustion_turbine
7,45,0.0,natural_gas_fired_combustion_turbine
133,45,0.0,natural_gas_fired_combustion_turbine
74,45,0.0,natural_gas_fired_combustion_turbine
20,45,0.0,natural_gas_fired_combustion_turbine
135,45,0.0,natural_gas_fired_combustion_turbine
142,45,0.0,natural_gas_fired_combustion_turbine
121,45,0.0,natural_gas_fired_combustion_turbine
91,45,0.0,natural_gas_fired_combustion_turbine
22,45,0.0,natural_gas_steam_turbine
123,45,0.0,natural_gas_steam_turbine
62,45,0.0,natural_gas_steam_turbine
49,45,0.0,natural_gas_steam_turbine
48,45,0.0,natural_gas_steam_turbine
21,45,0.0,natural_gas_steam_turbine
79,45,7405.999,nuclear
10,45,56.73465,onshore_wind_turbine
23,45,4869.0642,onshore_wind_turbine
31,45,1707.4955800000002,onshore_wind_turbine
38,45,4661.4183,onshore_wind_turbine
50,45,2976.75924,onshore_wind_turbine
63,45,240.9355202296,onshore_wind_turbine
80,45,3447.7771999999995,onshore_wind_turbine
94,45,319.9686,onshore_wind_turbine
105,45,495.52705853699996,onshore_wind_turbine
124,45,2473.8356252918006,onshore_wind_turbine
136,45,1782.67026,onshore_wind_turbine
144,45,5307.48666,onshore_wind_turbine
11,45,19.125,small_hydroelectric
24,45,62.577,small_hydroelectric
32,45,192.0,small_hydroelectric
39,45,52.9,small_hydroelectric
51,45,25.641,small_hydroelectric
64,45,6.128,small_hydroelectric
81,45,241.672,small_hydroelectric
95,45,418.922,small_hydroelectric
106,45,31.614,small_hydroelectric
125,45,100.697,small_hydroelectric
137,45,36.822,small_hydroelectric
145,45,33.21,small_hydroelectric
12,45,0.0,solar_photovoltaic
25,45,0.0,solar_photovoltaic
33,45,0.0,solar_photovoltaic
52,45,0.0,solar_photovoltaic
65,45,0.0,solar_photovoltaic
82,45,0.0,solar_photovoltaic
96,45,0.0,solar_photovoltaic
107,45,0.0,solar_photovoltaic
126,45,0.0,solar_photovoltaic
138,45,0.0,solar_photovoltaic
26,46,11.235,biomass
13,46,15.682,biomass
108,46,137.081,biomass
40,46,5.952,biomass
97,46,178.173,biomass
1,46,16.294,biomass
66,46,228.795,biomass
2,46,861.3499944,conventional_hydroelectric
14,46,127.66764559999999,conventional_hydroelectric
27,46,852.5817864,conventional_hydroelectric
35,46,830.7070816,conventional_hydroelectric
54,46,665.0087598000001,conventional_hydroelectric
67,46,1418.6371975760787,conventional_hydroelectric
84,46,15305.108810400001,conventional_hydroelectric
109,46,107.6243415234,conventional_hydroelectric
128,46,52.11294,conventional_hydroelectric
139,46,47.2545984,conventional_hydroelectric
110,46,50.0,conventional_steam_coal
41,46,7219.002,conventional_steam_coal
3,46,14050.987,conventional_steam_coal
36,46,2368.701,conventional_steam_coal
85,46,763.8,conventional_steam_coal
28,46,74.364,geothermal
116,46,36.159999999999954,natural_gas_fired_combined_cycle
73,46,0.0,natural_gas_fired_combined_cycle
71,46,0.0,natural_gas_fired_combined_cycle
44,46,0.0,natural_gas_fired_combined_cycle
115,46,0.0,natural_gas_fired_combined_cycle
70,46,0.0,natural_gas_fired_combined_cycle
131,46,0.0,natural_gas_fired_combined_cycle
18,46,0.0,natural_gas_fired_combined_cycle
72,46,0.0,natural_gas_fired_combined_cycle
114,46,0.0,natural_gas_fired_combined_cycle
45,46,0.0,natural_gas_fired_combined_cycle
78,46,0.0,natural_gas_fired_combustion_turbine
75,46,0.0,natural_gas_fired_combustion_turbine
119,46,0.0,natural_gas_fired_combustion_turbine
117,46,0.0,natural_gas_fired_combustion_turbine
134,46,0.0,natural_gas_fired_combustion_turbine
103,46,0.0,natural_gas_fired_combustion_turbine
47,46,0.0,natural_gas_fired_combustion_turbine
8,46,0.0,natural_gas_fired_combustion_turbine
90,46,0.0,natural_gas_fired_combustion_turbine
60,46,0.0,natural_gas_fired_combustion_turbine
46,46,0.0,natural_gas_fired_combustion_turbine
37,46,0.0,natural_gas_fired_combustion_turbine
7,46,0.0,natural_gas_fired_combustion_turbine
133,46,0.0,natural_gas_fired_combustion_turbine
74,46,0.0,natural_gas_fired_combustion_turbine
20,46,0.0,natural_gas_fired_combustion_turbine
135,46,0.0,natural_gas_fired_combustion_turbine
142,46,0.0,natural_gas_fired_combustion_turbine
121,46,0.0,natural_gas_fired_combustion_turbine
91,46,0.0,natural_gas_fired_combustion_turbine
22,46,0.0,natural_gas_steam_turbine
123,46,0.0,natural_gas_steam_turbine
62,46,0.0,natural_gas_steam_turbine
49,46,0.0,natural_gas_steam_turbine
48,46,0.0,natural_gas_steam_turbine
21,46,0.0,natural_gas_steam_turbine
79,46,7405.999,nuclear
10,46,104.28369,onshore_wind_turbine
23,46,4280.2298,onshore_wind_turbine
31,46,1087.66756,onshore_wind_turbine
38,46,4789.7976,onshore_wind_turbine
50,46,1858.2727799999998,onshore_wind_turbine
63,46,350.5969598096,onshore_wind_turbine
80,46,3855.7486799999992,onshore_wind_turbine
94,46,246.4126,onshore_wind_turbine
105,46,776.902560945,onshore_wind_turbine
124,46,6666.5822875190015,onshore_wind_turbine
136,46,1732.3021800000001,onshore_wind_turbine
144,46,7342.67205,onshore_wind_turbine
11,46,19.125,small_hydroelectric
24,46,62.577,small_hydroelectric
32,46,192.0,small_hydroelectric
39,46,52.9,small_hydroelectric
51,46,25.641,small_hydroelectric
64,46,6.128,small_hydroelectric
81,46,241.672,small_hydroelectric
95,46,418.922,small_hydroelectric
106,46,31.614,small_hydroelectric
125,46,100.697,small_hydroelectric
137,46,36.822,small_hydroelectric
145,46,33.21,small_hydroelectric
12,46,0.0,solar_photovoltaic
25,46,0.0,solar_photovoltaic
33,46,0.0,solar_photovoltaic
52,46,0.0,solar_photovoltaic
65,46,0.0,solar_photovoltaic
82,46,0.0,solar_photovoltaic
96,46,0.0,solar_photovoltaic
107,46,0.0,solar_photovoltaic
126,46,0.0,solar_photovoltaic
138,46,0.0,solar_photovoltaic
26,47,11.235,biomass
13,47,15.682,biomass
108,47,137.081,biomass
40,47,5.952,biomass
97,47,178.173,biomass
1,47,16.294,biomass
66,47,228.795,biomass
2,47,861.3499944,conventional_hydroelectric
14,47,127.8087668,conventional_hydroelectric
27,47,853.2873324000001,conventional_hydroelectric
35,47,830.9568432,conventional_hydroelectric
54,47,665.2166400000001,conventional_hydroelectric
67,47,1420.091998976079,conventional_hydroelectric
84,47,15316.730001599999,conventional_hydroelectric
109,47,107.6243415234,conventional_hydroelectric
128,47,52.14330000000001,conventional_hydroelectric
139,47,47.301177599999995,conventional_hydroelectric
110,47,50.0,conventional_steam_coal
41,47,0.0,conventional_steam_coal
3,47,6041.924409999921,conventional_steam_coal
36,47,1018.5414299999984,conventional_steam_coal
85,47,0.0,conventional_steam_coal
28,47,74.364,geothermal
116,47,0.0,natural_gas_fired_combined_cycle
73,47,0.0,natural_gas_fired_combined_cycle
71,47,0.0,natural_gas_fired_combined_cycle
44,47,0.0,natural_gas_fired_combined_cycle
115,47,0.0,natural_gas_fired_combined_cycle
70,47,0.0,natural_gas_fired_combined_cycle
131,47,0.0,natural_gas_fired_combined_cycle
18,47,0.0,natural_gas_fired_combined_cycle
72,47,0.0,natural_gas_fired_combined_cycle
114,47,0.0,natural_gas_fired_combined_cycle
45,47,0.0,natural_gas_fired_combined_cycle
78,47,0.0,natural_gas_fired_combustion_turbine
75,47,0.0,natural_gas_fired_combustion_turbine
119,47,0.0,natural_gas_fired_combustion_turbine
117,47,0.0,natural_gas_fired_combustion_turbine
134,47,0.0,natural_gas_fired_combustion_turbine
103,47,0.0,natural_gas_fired_combustion_turbine
47,47,0.0,natural_gas_fired_combustion_turbine
8,47,0.0,natural_gas_fired_combustion_turbine
90,47,0.0,natural_gas_fired_combustion_turbine
60,47,0.0,natural_gas_fired_combustion_turbine
46,47,0.0,natural_gas_fired_combustion_turbine
37,47,0.0,natural_gas_fired_combustion_turbine
7,47,0.0,natural_gas_fired_combustion_turbine
133,47,0.0,natural_gas_fired_combustion_turbine
74,47,0.0,natural_gas_fired_combustion_turbine
20,47,0.0,natural_gas_fired_combustion_turbine
135,47,0.0,natural_gas_fired_combustion_turbine
142,47,0.0,natural_gas_fired_combustion_turbine
121,47,0.0,natural_gas_fired_combustion_turbine
91,47,0.0,natural_gas_fired_combustion_turbine
22,47,0.0,natural_gas_steam_turbine
123,47,0.0,natural_gas_steam_turbine
62,47,0.0,natural_gas_steam_turbine
49,47,0.0,natural_gas_steam_turbine
48,47,0.0,natural_gas_steam_turbine
21,47,0.0,natural_gas_steam_turbine
79,47,7405.999,nuclear
10,47,162.27911,onshore_wind_turbine
23,47,6130.586,onshore_wind_turbine
31,47,1094.79202,onshore_wind_turbine
38,47,4871.5968,onshore_wind_turbine
50,47,1616.4195599999998,onshore_wind_turbine
63,47,420.89207961920005,onshore_wind_turbine
80,47,1617.9461199999998,onshore_wind_turbine
94,47,327.3242,onshore_wind_turbine
105,47,716.918018628,onshore_wind_turbine
124,47,14564.303025610801,onshore_wind_turbine
136,47,1305.9723600000002,onshore_wind_turbine
144,47,8289.974069999998,onshore_wind_turbine
11,47,19.125,small_hydroelectric
24,47,62.577,small_hydroelectric
32,47,192.0,small_hydroelectric
39,47,52.9,small_hydroelectric
51,47,25.641,small_hydroelectric
64,47,6.128,small_hydroelectric
81,47,241.672,small_hydroelectric
95,47,418.922,small_hydroelectric
106,47,31.614,small_hydroelectric
125,47,100.697,small_hydroelectric
137,47,36.822,small_hydroelectric
145,47,33.21,small_hydroelectric
12,47,0.0,solar_photovoltaic
25,47,0.0,solar_photovoltaic
33,47,0.0,solar_photovoltaic
52,47,0.0,solar_photovoltaic
65,47,0.0,solar_photovoltaic
82,47,0.0,solar_photovoltaic
96,47,0.0,solar_photovoltaic
107,47,0.0,solar_photovoltaic
126,47,0.0,solar_photovoltaic
138,47,0.0,solar_photovoltaic
26,48,11.235,biomass
13,48,15.682,biomass
108,48,137.081,biomass
40,48,5.952,biomass
97,48,178.173,biomass
1,48,16.294,biomass
66,48,228.795,biomass
2,48,861.6262452,conventional_hydroelectric
14,48,127.949888,conventional_hydroelectric
27,48,853.9928784,conventional_hydroelectric
35,48,831.4563664,conventional_hydroelectric
54,48,665.3205801,conventional_hydroelectric
67,48,1420.8718670885698,conventional_hydroelectric
84,48,15325.445894999999,conventional_hydroelectric
109,48,107.68508878920001,conventional_hydroelectric
128,48,52.173660000000005,conventional_hydroelectric
139,48,47.324467199999994,conventional_hydroelectric
110,48,50.0,conventional_steam_coal
41,48,0.0,conventional_steam_coal
3,48,0.0,conventional_steam_coal
36,48,0.0,conventional_steam_coal
85,48,0.0,conventional_steam_coal
28,48,74.364,geothermal
116,48,0.0,natural_gas_fired_combined_cycle
73,48,0.0,natural_gas_fired_combined_cycle
71,48,0.0,natural_gas_fired_combined_cycle
44,48,0.0,natural_gas_fired_combined_cycle
115,48,0.0,natural_gas_fired_combined_cycle
70,48,0.0,natural_gas_fired_combined_cycle
131,48,0.0,natural_gas_fired_combined_cycle
18,48,0.0,natural_gas_fired_combined_cycle
72,48,0.0,natural_gas_fired_combined_cycle
114,48,0.0,natural_gas_fired_combined_cycle
45,48,0.0,natural_gas_fired_combined_cycle
78,48,0.0,natural_gas_fired_combustion_turbine
75,48,0.0,natural_gas_fired_combustion_turbine
119,48,0.0,natural_gas_fired_combustion_turbine
117,48,0.0,natural_gas_fired_combustion_turbine
134,48,0.0,natural_gas_fired_combustion_turbine
103,48,0.0,natural_gas_fired_combustion_turbine
47,48,0.0,natural_gas_fired_combustion_turbine
8,48,0.0,natural_gas_fired_combustion_turbine
90,48,0.0,natural_gas_fired_combustion_turbine
60,48,0.0,natural_gas_fired_combustion_turbine
46,48,0.0,natural_gas_fired_combustion_turbine
37,48,0.0,natural_gas_fired_combustion_turbine
7,48,0.0,natural_gas_fired_combustion_turbine
133,48,0.0,natural_gas_fired_combustion_turbine
74,48,0.0,natural_gas_fired_combustion_turbine
20,48,0.0,natural_gas_fired_combustion_turbine
135,48,0.0,natural_gas_fired_combustion_turbine
142,48,0.0,natural_gas_fired_combustion_turbine
121,48,0.0,natural_gas_fired_combustion_turbine
91,48,0.0,natural_gas_fired_combustion_turbine
22,48,0.0,natural_gas_steam_turbine
123,48,0.0,natural_gas_steam_turbine
62,48,0.0,natural_gas_steam_turbine
49,48,0.0,natural_gas_steam_turbine
48,48,0.0,natural_gas_steam_turbine
21,48,0.0,natural_gas_steam_turbine
79,48,7405.999,nuclear
10,48,154.35427,onshore_wind_turbine
23,48,6100.7716,onshore_wind_turbine
31,48,743.31866,onshore_wind_turbine
38,48,4754.01045,onshore_wind_turbine
50,48,3001.8252599999996,onshore_wind_turbine
63,48,386.2359197424,onshore_wind_turbine
80,48,820.5895599999999,onshore_wind_turbine
94,48,474.4362,onshore_wind_turbine
105,48,564.360019335,onshore_wind_turbine
124,48,21546.468569040804,onshore_wind_turbine
136,48,1208.83392,onshore_wind_turbine
144,48,8709.55533,onshore_wind_turbine
11,48,19.125,small_hydroelectric
24,48,62.577,small_hydroelectric
32,48,192.0,small_hydroelectric
39,48,52.9,small_hydroelectric
51,48,25.641,small_hydroelectric
64,48,6.128,small_hydroelectric
81,48,241.672,small_hydroelectric
95,48,418.922,small_hydroelectric
106,48,31.614,small_hydroelectric
125,48,100.697,small_hydroelectric
137,48,36.822,small_hydroelectric
145,48,33.21,small_hydroelectric
12,48,0.0,solar_photovoltaic
25,48,0.0,solar_photovoltaic
33,48,0.0,solar_photovoltaic
52,48,0.0,solar_photovoltaic
65,48,0.0,solar_photovoltaic
82,48,0.0,solar_photovoltaic
96,48,0.0,solar_photovoltaic
107,48,0.0,solar_photovoltaic
126,48,0.0,solar_photovoltaic
138,48,0.0,solar_photovoltaic
26,49,11.235,biomass
13,49,15.682,biomass
108,49,137.081,biomass
40,49,5.952,biomass
97,49,178.173,biomass
1,49,16.294,biomass
66,49,228.795,biomass
2,49,861.6262452,conventional_hydroelectric
14,49,128.0910092,conventional_hydroelectric
27,49,854.6984244000001,conventional_hydroelectric
35,49,831.706128,conventional_hydroelectric
54,49,665.4245202000001,conventional_hydroelectric
67,49,1421.7041953395449,conventional_hydroelectric
84,49,15337.0670862,conventional_hydroelectric
109,49,107.68508878920001,conventional_hydroelectric
128,49,52.20402,conventional_hydroelectric
139,49,47.3710464,conventional_hydroelectric
110,49,21.5,conventional_steam_coal
41,49,0.0,conventional_steam_coal
3,49,0.0,conventional_steam_coal
36,49,0.0,conventional_steam_coal
85,49,0.0,conventional_steam_coal
28,49,74.364,geothermal
116,49,0.0,natural_gas_fired_combined_cycle
73,49,0.0,natural_gas_fired_combined_cycle
71,49,0.0,natural_gas_fired_combined_cycle
44,49,0.0,natural_gas_fired_combined_cycle
115,49,0.0,natural_gas_fired_combined_cycle
70,49,0.0,natural_gas_fired_combined_cycle
131,49,0.0,natural_gas_fired_combined_cycle
18,49,0.0,natural_gas_fired_combined_cycle
72,49,0.0,natural_gas_fired_combined_cycle
114,49,0.0,natural_gas_fired_combined_cycle
45,49,0.0,natural_gas_fired_combined_cycle
78,49,0.0,natural_gas_fired_combustion_turbine
75,49,0.0,natural_gas_fired_combustion_turbine
119,49,0.0,natural_gas_fired_combustion_turbine
117,49,0.0,natural_gas_fired_combustion_turbine
134,49,0.0,natural_gas_fired_combustion_turbine
103,49,0.0,natural_gas_fired_combustion_turbine
47,49,0.0,natural_gas_fired_combustion_turbine
8,49,0.0,natural_gas_fired_combustion_turbine
90,49,0.0,natural_gas_fired_combustion_turbine
60,49,0.0,natural_gas_fired_combustion_turbine
46,49,0.0,natural_gas_fired_combustion_turbine
37,49,0.0,natural_gas_fired_combustion_turbine
7,49,0.0,natural_gas_fired_combustion_turbine
133,49,0.0,natural_gas_fired_combustion_turbine
74,49,0.0,natural_gas_fired_combustion_turbine
20,49,0.0,natural_gas_fired_combustion_turbine
135,49,0.0,natural_gas_fired_combustion_turbine
142,49,0.0,natural_gas_fired_combustion_turbine
121,49,0.0,natural_gas_fired_combustion_turbine
91,49,0.0,natural_gas_fired_combustion_turbine
22,49,0.0,natural_gas_steam_turbine
123,49,0.0,natural_gas_steam_turbine
62,49,0.0,natural_gas_steam_turbine
49,49,0.0,natural_gas_steam_turbine
48,49,0.0,natural_gas_steam_turbine
21,49,0.0,natural_gas_steam_turbine
79,49,7062.060337972551,nuclear
10,49,146.60954,onshore_wind_turbine
23,49,4611.915,onshore_wind_turbine
31,49,958.23987,onshore_wind_turbine
38,49,4779.572700000001,onshore_wind_turbine
50,49,3762.61284,onshore_wind_turbine
63,49,190.0079996696,onshore_wind_turbine
80,49,1919.0457999999996,onshore_wind_turbine
94,49,1449.0531999999998,onshore_wind_turbine
105,49,444.55347965699997,onshore_wind_turbine
124,49,20757.8205097186,onshore_wind_turbine
136,49,1352.7427200000002,onshore_wind_turbine
144,49,7855.25328,onshore_wind_turbine
11,49,19.125,small_hydroelectric
24,49,62.577,small_hydroelectric
32,49,192.0,small_hydroelectric
39,49,52.9,small_hydroelectric
51,49,25.641,small_hydroelectric
64,49,6.128,small_hydroelectric
81,49,241.672,small_hydroelectric
95,49,418.922,small_hydroelectric
106,49,31.614,small_hydroelectric
125,49,100.697,small_hydroelectric
137,49,36.822,small_hydroelectric
145,49,33.21,small_hydroelectric
12,49,0.0,solar_photovoltaic
25,49,0.0,solar_photovoltaic
33,49,0.0,solar_photovoltaic
52,49,0.0,solar_photovoltaic
65,49,0.0,solar_photovoltaic
82,49,0.0,solar_photovoltaic
96,49,0.0,solar_photovoltaic
107,49,0.0,solar_photovoltaic
126,49,0.0,solar_photovoltaic
138,49,0.0,solar_photovoltaic
26,50,11.235,biomass
13,50,15.682,biomass
108,50,137.081,biomass
40,50,5.952,biomass
97,50,178.173,biomass
1,50,16.294,biomass
66,50,228.795,biomass
2,50,861.9024959999999,conventional_hydroelectric
14,50,128.23213040000002,conventional_hydroelectric
27,50,855.5450796,conventional_hydroelectric
35,50,832.2056512,conventional_hydroelectric
54,50,665.6324004,conventional_hydroelectric
67,50,1422.4840561780288,conventional_hydroelectric
84,50,15348.688277399999,conventional_hydroelectric
109,50,107.68508878920001,conventional_hydroelectric
128,50,52.23438000000001,conventional_hydroelectric
139,50,47.4176256,conventional_hydroelectric
110,50,28.499999999999996,conventional_steam_coal
41,50,0.0,conventional_steam_coal
3,50,0.0,conventional_steam_coal
36,50,0.0,conventional_steam_coal
85,50,0.0,conventional_steam_coal
28,50,74.364,geothermal
116,50,0.0,natural_gas_fired_combined_cycle
73,50,0.0,natural_gas_fired_combined_cycle
71,50,0.0,natural_gas_fired_combined_cycle
44,50,0.0,natural_gas_fired_combined_cycle
115,50,0.0,natural_gas_fired_combined_cycle
70,50,0.0,natural_gas_fired_combined_cycle
131,50,0.0,natural_gas_fired_combined_cycle
18,50,0.0,natural_gas_fired_combined_cycle
72,50,0.0,natural_gas_fired_combined_cycle
114,50,0.0,natural_gas_fired_combined_cycle
45,50,0.0,natural_gas_fired_combined_cycle
78,50,0.0,natural_gas_fired_combustion_turbine
75,50,0.0,natural_gas_fired_combustion_turbine
119,50,0.0,natural_gas_fired_combustion_turbine
117,50,0.0,natural_gas_fired_combustion_turbine
134,50,0.0,natural_gas_fired_combustion_turbine
103,50,0.0,natural_gas_fired_combustion_turbine
47,50,0.0,natural_gas_fired_combustion_turbine
8,50,0.0,natural_gas_fired_combustion_turbine
90,50,0.0,natural_gas_fired_combustion_turbine
60,50,0.0,natural_gas_fired_combustion_turbine
46,50,0.0,natural_gas_fired_combustion_turbine
37,50,0.0,natural_gas_fired_combustion_turbine
7,50,0.0,natural_gas_fired_combustion_turbine
133,50,0.0,natural_gas_fired_combustion_turbine
74,50,0.0,natural_gas_fired_combustion_turbine
20,50,0.0,natural_gas_fired_combustion_turbine
135,50,0.0,natural_gas_fired_combustion_turbine
142,50,0.0,natural_gas_fired_combustion_turbine
121,50,0.0,natural_gas_fired_combustion_turbine
91,50,0.0,natural_gas_fired_combustion_turbine
22,50,0.0,natural_gas_steam_turbine
123,50,0.0,natural_gas_steam_turbine
62,50,0.0,natural_gas_steam_turbine
49,50,0.0,natural_gas_steam_turbine
48,50,0.0,natural_gas_steam_turbine
21,50,0.0,natural_gas_steam_turbine
79,50,7405.999,nuclear
10,50,257.37719000000004,onshore_wind_turbine
23,50,3870.2817999999997,onshore_wind_turbine
31,50,1687.30961,onshore_wind_turbine
38,50,4719.92745,onshore_wind_turbine
50,50,4281.5472,onshore_wind_turbine
63,50,216.4478400784,onshore_wind_turbine
80,50,1226.7024,onshore_wind_turbine
94,50,1430.6642,onshore_wind_turbine
105,50,509.455801428,onshore_wind_turbine
124,50,18986.283194817403,onshore_wind_turbine
136,50,1224.1242300000001,onshore_wind_turbine
144,50,8305.113599999999,onshore_wind_turbine
11,50,19.125,small_hydroelectric
24,50,62.577,small_hydroelectric
32,50,192.0,small_hydroelectric
39,50,52.9,small_hydroelectric
51,50,25.641,small_hydroelectric
64,50,6.128,small_hydroelectric
81,50,241.672,small_hydroelectric
95,50,418.922,small_hydroelectric
106,50,31.614,small_hydroelectric
125,50,100.697,small_hydroelectric
137,50,36.822,small_hydroelectric
145,50,33.21,small_hydroelectric
12,50,0.0,solar_photovoltaic
25,50,0.0,solar_photovoltaic
33,50,0.0,solar_photovoltaic
52,50,0.0,solar_photovoltaic
65,50,0.0,solar_photovoltaic
82,50,0.0,solar_photovoltaic
96,50,0.0,solar_photovoltaic
107,50,0.0,solar_photovoltaic
126,50,0.0,solar_photovoltaic
138,50,0.0,solar_photovoltaic
26,51,0.0,biomass
13,51,0.0,biomass
108,51,0.0,biomass
40,51,0.0,biomass
97,51,0.0,biomass
1,51,0.0,biomass
66,51,0.0,biomass
2,51,862.1787467999999,conventional_hydroelectric
14,51,128.42029200000002,conventional_hydroelectric
27,51,856.2506256,conventional_hydroelectric
35,51,832.4554128,conventional_hydroelectric
54,51,665.7363405,conventional_hydroelectric
67,51,1423.26392429052,conventional_hydroelectric
84,51,15357.404170799999,conventional_hydroelectric
109,51,107.68508878920001,conventional_hydroelectric
128,51,52.26474,conventional_hydroelectric
139,51,47.4642048,conventional_hydroelectric
110,51,0.0,conventional_steam_coal
41,51,0.0,conventional_steam_coal
3,51,0.0,conventional_steam_coal
36,51,0.0,conventional_steam_coal
85,51,0.0,conventional_steam_coal
28,51,74.364,geothermal
116,51,0.0,natural_gas_fired_combined_cycle
73,51,0.0,natural_gas_fired_combined_cycle
71,51,0.0,natural_gas_fired_combined_cycle
44,51,0.0,natural_gas_fired_combined_cycle
115,51,0.0,natural_gas_fired_combined_cycle
70,51,0.0,natural_gas_fired_combined_cycle
131,51,0.0,natural_gas_fired_combined_cycle
18,51,0.0,natural_gas_fired_combined_cycle
72,51,0.0,natural_gas_fired_combined_cycle
114,51,0.0,natural_gas_fired_combined_cycle
45,51,0.0,natural_gas_fired_combined_cycle
78,51,0.0,natural_gas_fired_combustion_turbine
75,51,0.0,natural_gas_fired_combustion_turbine
119,51,0.0,natural_gas_fired_combustion_turbine
117,51,0.0,natural_gas_fired_combustion_turbine
134,51,0.0,natural_gas_fired_combustion_turbine
103,51,0.0,natural_gas_fired_combustion_turbine
47,51,0.0,natural_gas_fired_combustion_turbine
8,51,0.0,natural_gas_fired_combustion_turbine
90,51,0.0,natural_gas_fired_combustion_turbine
60,51,0.0,natural_gas_fired_combustion_turbine
46,51,0.0,natural_gas_fired_combustion_turbine
37,51,0.0,natural_gas_fired_combustion_turbine
7,51,0.0,natural_gas_fired_combustion_turbine
133,51,0.0,natural_gas_fired_combustion_turbine
74,51,0.0,natural_gas_fired_combustion_turbine
20,51,0.0,natural_gas_fired_combustion_turbine
135,51,0.0,natural_gas_fired_combustion_turbine
142,51,0.0,natural_gas_fired_combustion_turbine
121,51,0.0,natural_gas_fired_combustion_turbine
91,51,0.0,natural_gas_fired_combustion_turbine
22,51,0.0,natural_gas_steam_turbine
123,51,0.0,natural_gas_steam_turbine
62,51,0.0,natural_gas_steam_turbine
49,51,0.0,natural_gas_steam_turbine
48,51,0.0,natural_gas_steam_turbine
21,51,0.0,natural_gas_steam_turbine
79,51,5554.499249999992,nuclear
10,51,297.36161000000004,onshore_wind_turbine
23,51,5852.9394,onshore_wind_turbine
31,51,1630.31393,onshore_wind_turbine
38,51,4848.306750000001,onshore_wind_turbine
50,51,4465.81632,onshore_wind_turbine
63,51,277.2453597704,onshore_wind_turbine
80,51,1037.12112,onshore_wind_turbine
94,51,1713.8548,onshore_wind_turbine
105,51,483.66401874,onshore_wind_turbine
124,51,19881.042086813603,onshore_wind_turbine
136,51,1221.42594,onshore_wind_turbine
144,51,8205.625259999999,onshore_wind_turbine
11,51,19.125,small_hydroelectric
24,51,62.577,small_hydroelectric
32,51,192.0,small_hydroelectric
39,51,52.9,small_hydroelectric
51,51,25.641,small_hydroelectric
64,51,6.128,small_hydroelectric
81,51,241.672,small_hydroelectric
95,51,418.922,small_hydroelectric
106,51,31.614,small_hydroelectric
125,51,100.697,small_hydroelectric
137,51,36.822,small_hydroelectric
145,51,33.21,small_hydroelectric
12,51,0.0,solar_photovoltaic
25,51,0.0,solar_photovoltaic
33,51,0.0,solar_photovoltaic
52,51,0.0,solar_photovoltaic
65,51,0.0,solar_photovoltaic
82,51,0.0,solar_photovoltaic
96,51,0.0,solar_photovoltaic
107,51,0.0,solar_photovoltaic
126,51,0.0,solar_photovoltaic
138,51,0.0,solar_photovoltaic
26,52,11.235,biomass
13,52,15.681999999999997,biomass
108,52,137.081,biomass
40,52,5.952,biomass
97,52,178.17299999999992,biomass
1,52,16.294,biomass
66,52,228.79499999999993,biomass
2,52,862.1787467999999,conventional_hydroelectric
14,52,128.5614132,conventional_hydroelectric
27,52,856.9561716,conventional_hydroelectric
35,52,832.9549360000001,conventional_hydroelectric
54,52,665.9442207000001,conventional_hydroelectric
67,52,1424.096245267488,conventional_hydroelectric
84,52,15369.025362,conventional_hydroelectric
109,52,107.68508878920001,conventional_hydroelectric
128,52,52.2951,conventional_hydroelectric
139,52,47.487494399999996,conventional_hydroelectric
110,52,21.5,conventional_steam_coal
41,52,0.0,conventional_steam_coal
3,52,0.0,conventional_steam_coal
36,52,0.0,conventional_steam_coal
85,52,0.0,conventional_steam_coal
28,52,74.364,geothermal
116,52,0.0,natural_gas_fired_combined_cycle
73,52,0.0,natural_gas_fired_combined_cycle
71,52,0.0,natural_gas_fired_combined_cycle
44,52,0.0,natural_gas_fired_combined_cycle
115,52,0.0,natural_gas_fired_combined_cycle
70,52,0.0,natural_gas_fired_combined_cycle
131,52,0.0,natural_gas_fired_combined_cycle
18,52,0.0,natural_gas_fired_combined_cycle
72,52,0.0,natural_gas_fired_combined_cycle
114,52,0.0,natural_gas_fired_combined_cycle
45,52,0.0,natural_gas_fired_combined_cycle
78,52,0.0,natural_gas_fired_combustion_turbine
75,52,0.0,natural_gas_fired_combustion_turbine
119,52,0.0,natural_gas_fired_combustion_turbine
117,52,0.0,natural_gas_fired_combustion_turbine
134,52,0.0,natural_gas_fired_combustion_turbine
103,52,0.0,natural_gas_fired_combustion_turbine
47,52,0.0,natural_gas_fired_combustion_turbine
8,52,0.0,natural_gas_fired_combustion_turbine
90,52,0.0,natural_gas_fired_combustion_turbine
60,52,0.0,natural_gas_fired_combustion_turbine
46,52,0.0,natural_gas_fired_combustion_turbine
37,52,0.0,natural_gas_fired_combustion_turbine
7,52,0.0,natural_gas_fired_combustion_turbine
133,52,0.0,natural_gas_fired_combustion_turbine
74,52,0.0,natural_gas_fired_combustion_turbine
20,52,0.0,natural_gas_fired_combustion_turbine
135,52,0.0,natural_gas_fired_combustion_turbine
142,52,0.0,natural_gas_fired_combustion_turbine
121,52,0.0,natural_gas_fired_combustion_turbine
91,52,0.0,natural_gas_fired_combustion_turbine
22,52,0.0,natural_gas_steam_turbine
123,52,0.0,natural_gas_steam_turbine
62,52,0.0,natural_gas_steam_turbine
49,52,0.0,natural_gas_steam_turbine
48,52,0.0,natural_gas_steam_turbine
21,52,0.0,natural_gas_steam_turbine
79,52,7405.999000034242,nuclear
10,52,180.47022,onshore_wind_turbine
23,52,9242.464,onshore_wind_turbine
31,52,1593.5042200000003,onshore_wind_turbine
38,52,4913.6325,onshore_wind_turbine
50,52,4682.60352,onshore_wind_turbine
63,52,154.1338399496,onshore_wind_turbine
80,52,1009.2415199999999,onshore_wind_turbine
94,52,1949.234,onshore_wind_turbine
105,52,612.791201169,onshore_wind_turbine
124,52,16103.114636686001,onshore_wind_turbine
136,52,940.8037800000001,onshore_wind_turbine
144,52,8222.92758,onshore_wind_turbine
11,52,19.125,small_hydroelectric
24,52,62.577,small_hydroelectric
32,52,192.0,small_hydroelectric
39,52,52.9,small_hydroelectric
51,52,25.641,small_hydroelectric
64,52,6.128,small_hydroelectric
81,52,241.672,small_hydroelectric
95,52,418.922,small_hydroelectric
106,52,31.614,small_hydroelectric
125,52,100.697,small_hydroelectric
137,52,36.822,small_hydroelectric
145,52,33.21,small_hydroelectric
12,52,0.0,solar_photovoltaic
25,52,0.0,solar_photovoltaic
33,52,0.0,solar_photovoltaic
52,52,0.0,solar_photovoltaic
65,52,0.0,solar_photovoltaic
82,52,0.0,solar_photovoltaic
96,52,0.0,solar_photovoltaic
107,52,0.0,solar_photovoltaic
126,52,0.0,solar_photovoltaic
138,52,0.0,solar_photovoltaic
26,53,11.235,biomass
13,53,15.682,biomass
108,53,137.081,biomass
40,53,5.952,biomass
97,53,178.173,biomass
1,53,16.294,biomass
66,53,228.795,biomass
2,53,862.4549975999998,conventional_hydroelectric
14,53,128.7025344,conventional_hydroelectric
27,53,857.6617176000001,conventional_hydroelectric
35,53,833.4544592,conventional_hydroelectric
54,53,666.0481608000001,conventional_hydroelectric
67,53,1425.5510466674878,conventional_hydroelectric
84,53,15377.7412554,conventional_hydroelectric
109,53,107.76396152340001,conventional_hydroelectric
128,53,52.32546000000001,conventional_hydroelectric
139,53,47.5340736,conventional_hydroelectric
110,53,50.0,conventional_steam_coal
41,53,0.0,conventional_steam_coal
3,53,0.0,conventional_steam_coal
36,53,0.0,conventional_steam_coal
85,53,0.0,conventional_steam_coal
28,53,74.364,geothermal
116,53,0.0,natural_gas_fired_combined_cycle
73,53,0.0,natural_gas_fired_combined_cycle
71,53,0.0,natural_gas_fired_combined_cycle
44,53,0.0,natural_gas_fired_combined_cycle
115,53,0.0,natural_gas_fired_combined_cycle
70,53,0.0,natural_gas_fired_combined_cycle
131,53,0.0,natural_gas_fired_combined_cycle
18,53,0.0,natural_gas_fired_combined_cycle
72,53,0.0,natural_gas_fired_combined_cycle
114,53,0.0,natural_gas_fired_combined_cycle
45,53,0.0,natural_gas_fired_combined_cycle
78,53,0.0,natural_gas_fired_combustion_turbine
75,53,0.0,natural_gas_fired_combustion_turbine
119,53,0.0,natural_gas_fired_combustion_turbine
117,53,0.0,natural_gas_fired_combustion_turbine
134,53,0.0,natural_gas_fired_combustion_turbine
103,53,0.0,natural_gas_fired_combustion_turbine
47,53,0.0,natural_gas_fired_combustion_turbine
8,53,0.0,natural_gas_fired_combustion_turbine
90,53,0.0,natural_gas_fired_combustion_turbine
60,53,0.0,natural_gas_fired_combustion_turbine
46,53,0.0,natural_gas_fired_combustion_turbine
37,53,0.0,natural_gas_fired_combustion_turbine
7,53,0.0,natural_gas_fired_combustion_turbine
133,53,0.0,natural_gas_fired_combustion_turbine
74,53,0.0,natural_gas_fired_combustion_turbine
20,53,0.0,natural_gas_fired_combustion_turbine
135,53,0.0,natural_gas_fired_combustion_turbine
142,53,0.0,natural_gas_fired_combustion_turbine
121,53,0.0,natural_gas_fired_combustion_turbine
91,53,0.0,natural_gas_fired_combustion_turbine
22,53,0.0,natural_gas_steam_turbine
123,53,0.0,natural_gas_steam_turbine
62,53,0.0,natural_gas_steam_turbine
49,53,0.0,natural_gas_steam_turbine
48,53,0.0,natural_gas_steam_turbine
21,53,0.0,natural_gas_steam_turbine
79,53,7405.999,nuclear
10,53,168.04263,onshore_wind_turbine
23,53,9117.6162,onshore_wind_turbine
31,53,1030.67188,onshore_wind_turbine
38,53,4507.47675,onshore_wind_turbine
50,53,5222.53914,onshore_wind_turbine
63,53,330.5344003696,onshore_wind_turbine
80,53,62.26443999999999,onshore_wind_turbine
94,53,5178.3424,onshore_wind_turbine
105,53,334.905621057,onshore_wind_turbine
124,53,11225.928708671603,onshore_wind_turbine
136,53,1154.86812,onshore_wind_turbine
144,53,7615.18359,onshore_wind_turbine
11,53,19.125,small_hydroelectric
24,53,62.577,small_hydroelectric
32,53,192.0,small_hydroelectric
39,53,52.9,small_hydroelectric
51,53,25.641,small_hydroelectric
64,53,6.128,small_hydroelectric
81,53,241.672,small_hydroelectric
95,53,418.922,small_hydroelectric
106,53,31.614,small_hydroelectric
125,53,100.697,small_hydroelectric
137,53,36.822,small_hydroelectric
145,53,33.21,small_hydroelectric
12,53,0.0,solar_photovoltaic
25,53,0.0,solar_photovoltaic
33,53,0.0,solar_photovoltaic
52,53,0.0,solar_photovoltaic
65,53,0.0,solar_photovoltaic
82,53,0.0,solar_photovoltaic
96,53,0.0,solar_photovoltaic
107,53,0.0,solar_photovoltaic
126,53,0.0,solar_photovoltaic
138,53,0.0,solar_photovoltaic
26,54,11.235,biomass
13,54,15.682,biomass
108,54,137.081,biomass
40,54,5.952,biomass
97,54,178.173,biomass
1,54,16.294,biomass
66,54,228.795,biomass
2,54,862.4549975999998,conventional_hydroelectric
14,54,128.7025344,conventional_hydroelectric
27,54,857.6617176000001,conventional_hydroelectric
35,54,833.4544592,conventional_hydroelectric
54,54,666.0481608000001,conventional_hydroelectric
67,54,1425.5510466674878,conventional_hydroelectric
84,54,15377.7412554,conventional_hydroelectric
109,54,107.76396152340001,conventional_hydroelectric
128,54,52.32546000000001,conventional_hydroelectric
139,54,47.5340736,conventional_hydroelectric
110,54,50.0,conventional_steam_coal
41,54,0.0,conventional_steam_coal
3,54,0.0,conventional_steam_coal
36,54,0.0,conventional_steam_coal
85,54,0.0,conventional_steam_coal
28,54,74.364,geothermal
116,54,0.0,natural_gas_fired_combined_cycle
73,54,0.0,natural_gas_fired_combined_cycle
71,54,0.0,natural_gas_fired_combined_cycle
44,54,0.0,natural_gas_fired_combined_cycle
115,54,0.0,natural_gas_fired_combined_cycle
70,54,0.0,natural_gas_fired_combined_cycle
131,54,0.0,natural_gas_fired_combined_cycle
18,54,0.0,natural_gas_fired_combined_cycle
72,54,0.0,natural_gas_fired_combined_cycle
114,54,0.0,natural_gas_fired_combined_cycle
45,54,0.0,natural_gas_fired_combined_cycle
78,54,0.0,natural_gas_fired_combustion_turbine
75,54,0.0,natural_gas_fired_combustion_turbine
119,54,0.0,natural_gas_fired_combustion_turbine
117,54,0.0,natural_gas_fired_combustion_turbine
134,54,0.0,natural_gas_fired_combustion_turbine
103,54,0.0,natural_gas_fired_combustion_turbine
47,54,0.0,natural_gas_fired_combustion_turbine
8,54,0.0,natural_gas_fired_combustion_turbine
90,54,0.0,natural_gas_fired_combustion_turbine
60,54,0.0,natural_gas_fired_combustion_turbine
46,54,0.0,natural_gas_fired_combustion_turbine
37,54,0.0,natural_gas_fired_combustion_turbine
7,54,0.0,natural_gas_fired_combustion_turbine
133,54,0.0,natural_gas_fired_combustion_turbine
74,54,0.0,natural_gas_fired_combustion_turbine
20,54,0.0,natural_gas_fired_combustion_turbine
135,54,0.0,natural_gas_fired_combustion_turbine
142,54,0.0,natural_gas_fired_combustion_turbine
121,54,0.0,natural_gas_fired_combustion_turbine
91,54,0.0,natural_gas_fired_combustion_turbine
22,54,0.0,natural_gas_steam_turbine
123,54,0.0,natural_gas_steam_turbine
62,54,0.0,natural_gas_steam_turbine
49,54,0.0,natural_gas_steam_turbine
48,54,0.0,natural_gas_steam_turbine
21,54,0.0,natural_gas_steam_turbine
79,54,7405.999,nuclear
10,54,166.60175,onshore_wind_turbine
23,54,7058.559200000001,onshore_wind_turbine
31,54,958.23987,onshore_wind_turbine
38,54,4259.80695,onshore_wind_turbine
50,54,5009.8167,onshore_wind_turbine
63,54,515.6236398432,onshore_wind_turbine
80,54,161.70167999999998,onshore_wind_turbine
94,54,4942.9632,onshore_wind_turbine
105,54,467.182661421,onshore_wind_turbine
124,54,17803.378456386603,onshore_wind_turbine
136,54,1174.65558,onshore_wind_turbine
144,54,8125.602029999999,onshore_wind_turbine
11,54,19.125,small_hydroelectric
24,54,62.577,small_hydroelectric
32,54,192.0,small_hydroelectric
39,54,52.9,small_hydroelectric
51,54,25.641,small_hydroelectric
64,54,6.128,small_hydroelectric
81,54,241.672,small_hydroelectric
95,54,418.922,small_hydroelectric
106,54,31.614,small_hydroelectric
125,54,100.697,small_hydroelectric
137,54,36.822,small_hydroelectric
145,54,33.21,small_hydroelectric
12,54,0.0,solar_photovoltaic
25,54,0.0,solar_photovoltaic
33,54,0.0,solar_photovoltaic
52,54,0.0,solar_photovoltaic
65,54,0.0,solar_photovoltaic
82,54,0.0,solar_photovoltaic
96,54,0.0,solar_photovoltaic
107,54,0.0,solar_photovoltaic
126,54,0.0,solar_photovoltaic
138,54,0.0,solar_photovoltaic
26,55,11.235,biomass
13,55,15.682,biomass
108,55,137.081,biomass
40,55,5.952,biomass
97,55,178.173,biomass
1,55,16.294,biomass
66,55,228.795,biomass
2,55,862.4549975999998,conventional_hydroelectric
14,55,128.7025344,conventional_hydroelectric
27,55,857.6617176000001,conventional_hydroelectric
35,55,833.4544592,conventional_hydroelectric
54,55,666.0481608000001,conventional_hydroelectric
67,55,1425.5510466674878,conventional_hydroelectric
84,55,15377.7412554,conventional_hydroelectric
109,55,107.76396152340001,conventional_hydroelectric
128,55,52.32546000000001,conventional_hydroelectric
139,55,47.5340736,conventional_hydroelectric
110,55,50.0,conventional_steam_coal
41,55,7219.002,conventional_steam_coal
3,55,8009.062589999999,conventional_steam_coal
36,55,1350.1595699999998,conventional_steam_coal
85,55,763.8,conventional_steam_coal
28,55,74.364,geothermal
116,55,36.160000000000004,natural_gas_fired_combined_cycle
73,55,412.60800000000006,natural_gas_fired_combined_cycle
71,55,0.0,natural_gas_fired_combined_cycle
44,55,0.0,natural_gas_fired_combined_cycle
115,55,0.0,natural_gas_fired_combined_cycle
70,55,0.0,natural_gas_fired_combined_cycle
131,55,0.0,natural_gas_fired_combined_cycle
18,55,0.0,natural_gas_fired_combined_cycle
72,55,0.0,natural_gas_fired_combined_cycle
114,55,0.0,natural_gas_fired_combined_cycle
45,55,0.0,natural_gas_fired_combined_cycle
78,55,257.0,natural_gas_fired_combustion_turbine
75,55,0.0,natural_gas_fired_combustion_turbine
119,55,0.0,natural_gas_fired_combustion_turbine
117,55,0.0,natural_gas_fired_combustion_turbine
134,55,0.0,natural_gas_fired_combustion_turbine
103,55,0.0,natural_gas_fired_combustion_turbine
47,55,0.0,natural_gas_fired_combustion_turbine
8,55,0.0,natural_gas_fired_combustion_turbine
90,55,0.0,natural_gas_fired_combustion_turbine
60,55,0.0,natural_gas_fired_combustion_turbine
46,55,0.0,natural_gas_fired_combustion_turbine
37,55,0.0,natural_gas_fired_combustion_turbine
7,55,0.0,natural_gas_fired_combustion_turbine
133,55,0.0,natural_gas_fired_combustion_turbine
74,55,0.0,natural_gas_fired_combustion_turbine
20,55,0.0,natural_gas_fired_combustion_turbine
135,55,0.0,natural_gas_fired_combustion_turbine
142,55,0.0,natural_gas_fired_combustion_turbine
121,55,0.0,natural_gas_fired_combustion_turbine
91,55,0.0,natural_gas_fired_combustion_turbine
22,55,0.0,natural_gas_steam_turbine
123,55,0.0,natural_gas_steam_turbine
62,55,0.0,natural_gas_steam_turbine
49,55,0.0,natural_gas_steam_turbine
48,55,0.0,natural_gas_steam_turbine
21,55,0.0,natural_gas_steam_turbine
79,55,5554.499249999991,nuclear
10,55,85.73236000000001,onshore_wind_turbine
23,55,5724.364799999999,onshore_wind_turbine
31,55,713.63341,onshore_wind_turbine
38,55,3271.39995,onshore_wind_turbine
50,55,3383.9127,onshore_wind_turbine
63,55,137.7857601624,onshore_wind_turbine
80,55,229.54203999999996,onshore_wind_turbine
94,55,1033.4618,onshore_wind_turbine
105,55,650.390440014,onshore_wind_turbine
124,55,9055.471883350201,onshore_wind_turbine
136,55,128.61849,onshore_wind_turbine
144,55,4232.58003,onshore_wind_turbine
11,55,19.125,small_hydroelectric
24,55,62.577,small_hydroelectric
32,55,192.0,small_hydroelectric
39,55,52.9,small_hydroelectric
51,55,25.641,small_hydroelectric
64,55,6.128,small_hydroelectric
81,55,241.672,small_hydroelectric
95,55,418.922,small_hydroelectric
106,55,31.614,small_hydroelectric
125,55,100.697,small_hydroelectric
137,55,36.822,small_hydroelectric
145,55,33.21,small_hydroelectric
12,55,793.8025200000001,solar_photovoltaic
25,55,885.9478599999999,solar_photovoltaic
33,55,0.0,solar_photovoltaic
52,55,1501.93414,solar_photovoltaic
65,55,139.2532278018,solar_photovoltaic
82,55,0.0,solar_photovoltaic
96,55,0.0,solar_photovoltaic
107,55,0.0,solar_photovoltaic
126,55,0.0,solar_photovoltaic
138,55,387.20527999999996,solar_photovoltaic
26,56,0.0,biomass
13,56,0.0,biomass
108,56,0.0,biomass
40,56,0.0,biomass
97,56,0.0,biomass
1,56,0.0,biomass
66,56,0.0,biomass
2,56,862.4549975999998,conventional_hydroelectric
14,56,128.7025344,conventional_hydroelectric
27,56,857.6617176000001,conventional_hydroelectric
35,56,626.1523312000005,conventional_hydroelectric
54,56,579.7778778000004,conventional_hydroelectric
67,56,821.8084656674878,conventional_hydroelectric
84,56,15377.7412554,conventional_hydroelectric
109,56,107.76396152340001,conventional_hydroelectric
128,56,52.32546000000001,conventional_hydroelectric
139,56,47.5340736,conventional_hydroelectric
110,56,21.5,conventional_steam_coal
41,56,0.0,conventional_steam_coal
3,56,0.0,conventional_steam_coal
36,56,0.0,conventional_steam_coal
85,56,0.0,conventional_steam_coal
28,56,74.364,geothermal
116,56,0.0,natural_gas_fired_combined_cycle
73,56,0.0,natural_gas_fired_combined_cycle
71,56,0.0,natural_gas_fired_combined_cycle
44,56,0.0,natural_gas_fired_combined_cycle
115,56,0.0,natural_gas_fired_combined_cycle
70,56,0.0,natural_gas_fired_combined_cycle
131,56,0.0,natural_gas_fired_combined_cycle
18,56,0.0,natural_gas_fired_combined_cycle
72,56,0.0,natural_gas_fired_combined_cycle
114,56,0.0,natural_gas_fired_combined_cycle
45,56,0.0,natural_gas_fired_combined_cycle
78,56,0.0,natural_gas_fired_combustion_turbine
75,56,0.0,natural_gas_fired_combustion_turbine
119,56,0.0,natural_gas_fired_combustion_turbine
117,56,0.0,natural_gas_fired_combustion_turbine
134,56,0.0,natural_gas_fired_combustion_turbine
103,56,0.0,natural_gas_fired_combustion_turbine
47,56,0.0,natural_gas_fired_combustion_turbine
8,56,0.0,natural_gas_fired_combustion_turbine
90,56,0.0,natural_gas_fired_combustion_turbine
60,56,0.0,natural_gas_fired_combustion_turbine
46,56,0.0,natural_gas_fired_combustion_turbine
37,56,0.0,natural_gas_fired_combustion_turbine
7,56,0.0,natural_gas_fired_combustion_turbine
133,56,0.0,natural_gas_fired_combustion_turbine
74,56,0.0,natural_gas_fired_combustion_turbine
20,56,0.0,natural_gas_fired_combustion_turbine
135,56,0.0,natural_gas_fired_combustion_turbine
142,56,0.0,natural_gas_fired_combustion_turbine
121,56,0.0,natural_gas_fired_combustion_turbine
91,56,0.0,natural_gas_fired_combustion_turbine
22,56,0.0,natural_gas_steam_turbine
123,56,0.0,natural_gas_steam_turbine
62,56,0.0,natural_gas_steam_turbine
49,56,0.0,natural_gas_steam_turbine
48,56,0.0,natural_gas_steam_turbine
21,56,0.0,natural_gas_steam_turbine
79,56,3702.99949999999,nuclear
10,56,112.20853000000001,onshore_wind_turbine
23,56,5428.0842,onshore_wind_turbine
31,56,644.76363,onshore_wind_turbine
38,56,3981.46245,onshore_wind_turbine
50,56,3474.69234,onshore_wind_turbine
63,56,302.2174397984,onshore_wind_turbine
80,56,404.2541999999999,onshore_wind_turbine
94,56,834.8606000000001,onshore_wind_turbine
105,56,669.165278397,onshore_wind_turbine
124,56,9319.191909566001,onshore_wind_turbine
136,56,288.71703,onshore_wind_turbine
144,56,4745.16126,onshore_wind_turbine
11,56,19.125,small_hydroelectric
24,56,62.577,small_hydroelectric
32,56,192.0,small_hydroelectric
39,56,52.9,small_hydroelectric
51,56,25.641,small_hydroelectric
64,56,6.128,small_hydroelectric
81,56,241.672,small_hydroelectric
95,56,418.922,small_hydroelectric
106,56,31.614,small_hydroelectric
125,56,100.697,small_hydroelectric
137,56,36.822,small_hydroelectric
145,56,33.21,small_hydroelectric
12,56,5001.5208600000005,solar_photovoltaic
25,56,1798.7992399999998,solar_photovoltaic
33,56,657.8988499999999,solar_photovoltaic
52,56,2964.47102,solar_photovoltaic
65,56,7462.2843333829005,solar_photovoltaic
82,56,5214.94281,solar_photovoltaic
96,56,301.64729,solar_photovoltaic
107,56,7104.3769973505,solar_photovoltaic
126,56,12639.982654943,solar_photovoltaic
138,56,2012.73688,solar_photovoltaic
26,57,0.0,biomass
13,57,0.0,biomass
108,57,0.0,biomass
40,57,0.0,biomass
97,57,0.0,biomass
1,57,0.0,biomass
66,57,0.0,biomass
2,57,633.1668335999993,conventional_hydroelectric
14,57,128.7025344,conventional_hydroelectric
27,57,740.5410816000004,conventional_hydroelectric
35,57,418.85020320000126,conventional_hydroelectric
54,57,666.0481608000001,conventional_hydroelectric
67,57,603.742581,conventional_hydroelectric
84,57,12966.34408139999,conventional_hydroelectric
109,57,0.0,conventional_hydroelectric
128,57,39.726060000000025,conventional_hydroelectric
139,57,28.203705600000017,conventional_hydroelectric
110,57,0.0,conventional_steam_coal
41,57,0.0,conventional_steam_coal
3,57,0.0,conventional_steam_coal
36,57,0.0,conventional_steam_coal
85,57,0.0,conventional_steam_coal
28,57,0.0,geothermal
116,57,0.0,natural_gas_fired_combined_cycle
73,57,0.0,natural_gas_fired_combined_cycle
71,57,0.0,natural_gas_fired_combined_cycle
44,57,0.0,natural_gas_fired_combined_cycle
115,57,0.0,natural_gas_fired_combined_cycle
70,57,0.0,natural_gas_fired_combined_cycle
131,57,0.0,natural_gas_fired_combined_cycle
18,57,0.0,natural_gas_fired_combined_cycle
72,57,0.0,natural_gas_fired_combined_cycle
114,57,0.0,natural_gas_fired_combined_cycle
45,57,0.0,natural_gas_fired_combined_cycle
78,57,0.0,natural_gas_fired_combustion_turbine
75,57,0.0,natural_gas_fired_combustion_turbine
119,57,0.0,natural_gas_fired_combustion_turbine
117,57,0.0,natural_gas_fired_combustion_turbine
134,57,0.0,natural_gas_fired_combustion_turbine
103,57,0.0,natural_gas_fired_combustion_turbine
47,57,0.0,natural_gas_fired_combustion_turbine
8,57,0.0,natural_gas_fired_combustion_turbine
90,57,0.0,natural_gas_fired_combustion_turbine
60,57,0.0,natural_gas_fired_combustion_turbine
46,57,0.0,natural_gas_fired_combustion_turbine
37,57,0.0,natural_gas_fired_combustion_turbine
7,57,0.0,natural_gas_fired_combustion_turbine
133,57,0.0,natural_gas_fired_combustion_turbine
74,57,0.0,natural_gas_fired_combustion_turbine
20,57,0.0,natural_gas_fired_combustion_turbine
135,57,0.0,natural_gas_fired_combustion_turbine
142,57,0.0,natural_gas_fired_combustion_turbine
121,57,0.0,natural_gas_fired_combustion_turbine
91,57,0.0,natural_gas_fired_combustion_turbine
22,57,0.0,natural_gas_steam_turbine
123,57,0.0,natural_gas_steam_turbine
62,57,0.0,natural_gas_steam_turbine
49,57,0.0,natural_gas_steam_turbine
48,57,0.0,natural_gas_steam_turbine
21,57,0.0,natural_gas_steam_turbine
79,57,1851.49975,nuclear
10,57,0.0,onshore_wind_turbine
23,57,6143.6298,onshore_wind_turbine
31,57,0.0,onshore_wind_turbine
38,57,2764.3126048363265,onshore_wind_turbine
50,57,3539.0510399999994,onshore_wind_turbine
63,57,0.0,onshore_wind_turbine
80,57,0.0,onshore_wind_turbine
94,57,0.0,onshore_wind_turbine
105,57,0.0,onshore_wind_turbine
124,57,9696.552039281802,onshore_wind_turbine
136,57,227.55579000000003,onshore_wind_turbine
144,57,7148.020949999999,onshore_wind_turbine
11,57,0.0,small_hydroelectric
24,57,62.577,small_hydroelectric
32,57,0.0,small_hydroelectric
39,57,0.0,small_hydroelectric
51,57,0.0,small_hydroelectric
64,57,0.0,small_hydroelectric
81,57,0.0,small_hydroelectric
95,57,0.0,small_hydroelectric
106,57,0.0,small_hydroelectric
125,57,0.0,small_hydroelectric
137,57,0.0,small_hydroelectric
145,57,33.21,small_hydroelectric
12,57,7728.98112,solar_photovoltaic
25,57,2113.0472999999997,solar_photovoltaic
33,57,1034.99795,solar_photovoltaic
52,57,0.0,solar_photovoltaic
65,57,12739.4622542054,solar_photovoltaic
82,57,9899.22178,solar_photovoltaic
96,57,661.3319299999999,solar_photovoltaic
107,57,11551.3582200765,solar_photovoltaic
126,57,0.0,solar_photovoltaic
138,57,0.0,solar_photovoltaic
26,58,0.0,biomass
13,58,0.0,biomass
108,58,0.0,biomass
40,58,0.0,biomass
97,58,0.0,biomass
1,58,0.0,biomass
66,58,0.0,biomass
2,58,403.8786695999989,conventional_hydroelectric
14,58,89.65900239999985,conventional_hydroelectric
27,58,623.4204456,conventional_hydroelectric
35,58,211.54807520000182,conventional_hydroelectric
54,58,579.7778778000004,conventional_hydroelectric
67,58,603.742581,conventional_hydroelectric
84,58,12966.344081399991,conventional_hydroelectric
109,58,107.76396152340001,conventional_hydroelectric
128,58,27.126659999999994,conventional_hydroelectric
139,58,47.5340736,conventional_hydroelectric
110,58,0.0,conventional_steam_coal
41,58,0.0,conventional_steam_coal
3,58,0.0,conventional_steam_coal
36,58,0.0,conventional_steam_coal
85,58,0.0,conventional_steam_coal
28,58,0.0,geothermal
116,58,0.0,natural_gas_fired_combined_cycle
73,58,0.0,natural_gas_fired_combined_cycle
71,58,0.0,natural_gas_fired_combined_cycle
44,58,0.0,natural_gas_fired_combined_cycle
115,58,0.0,natural_gas_fired_combined_cycle
70,58,0.0,natural_gas_fired_combined_cycle
131,58,0.0,natural_gas_fired_combined_cycle
18,58,0.0,natural_gas_fired_combined_cycle
72,58,0.0,natural_gas_fired_combined_cycle
114,58,0.0,natural_gas_fired_combined_cycle
45,58,0.0,natural_gas_fired_combined_cycle
78,58,0.0,natural_gas_fired_combustion_turbine
75,58,0.0,natural_gas_fired_combustion_turbine
119,58,0.0,natural_gas_fired_combustion_turbine
117,58,0.0,natural_gas_fired_combustion_turbine
134,58,0.0,natural_gas_fired_combustion_turbine
103,58,0.0,natural_gas_fired_combustion_turbine
47,58,0.0,natural_gas_fired_combustion_turbine
8,58,0.0,natural_gas_fired_combustion_turbine
90,58,0.0,natural_gas_fired_combustion_turbine
60,58,0.0,natural_gas_fired_combustion_turbine
46,58,0.0,natural_gas_fired_combustion_turbine
37,58,0.0,natural_gas_fired_combustion_turbine
7,58,0.0,natural_gas_fired_combustion_turbine
133,58,0.0,natural_gas_fired_combustion_turbine
74,58,0.0,natural_gas_fired_combustion_turbine
20,58,0.0,natural_gas_fired_combustion_turbine
135,58,0.0,natural_gas_fired_combustion_turbine
142,58,0.0,natural_gas_fired_combustion_turbine
121,58,0.0,natural_gas_fired_combustion_turbine
91,58,0.0,natural_gas_fired_combustion_turbine
22,58,0.0,natural_gas_steam_turbine
123,58,0.0,natural_gas_steam_turbine
62,58,0.0,natural_gas_steam_turbine
49,58,0.0,natural_gas_steam_turbine
48,58,0.0,natural_gas_steam_turbine
21,58,0.0,natural_gas_steam_turbine
79,58,0.0,nuclear
10,58,344.91065000000003,onshore_wind_turbine
23,58,8471.0164,onshore_wind_turbine
31,58,1306.151,onshore_wind_turbine
38,58,4572.23445,onshore_wind_turbine
50,58,4689.37812,onshore_wind_turbine
63,58,0.0,onshore_wind_turbine
80,58,0.0,onshore_wind_turbine
94,58,1666.0434,onshore_wind_turbine
105,58,0.0,onshore_wind_turbine
124,58,6216.046117404201,onshore_wind_turbine
136,58,0.0,onshore_wind_turbine
144,58,8398.152892306092,onshore_wind_turbine
11,58,19.125,small_hydroelectric
24,58,0.0,small_hydroelectric
32,58,0.0,small_hydroelectric
39,58,0.0,small_hydroelectric
51,58,25.641,small_hydroelectric
64,58,0.0,small_hydroelectric
81,58,0.0,small_hydroelectric
95,58,0.0,small_hydroelectric
106,58,0.0,small_hydroelectric
125,58,0.0,small_hydroelectric
137,58,36.822,small_hydroelectric
145,58,33.21,small_hydroelectric
12,58,0.0,solar_photovoltaic
25,58,2175.44852,solar_photovoltaic
33,58,1224.9559,solar_photovoltaic
52,58,3861.62266,solar_photovoltaic
65,58,16027.1649921663,solar_photovoltaic
82,58,12712.52052,solar_photovoltaic
96,58,871.5887599999999,solar_photovoltaic
107,58,0.0,solar_photovoltaic
126,58,0.0,solar_photovoltaic
138,58,3249.23676,solar_photovoltaic
26,59,0.0,biomass
13,59,0.0,biomass
108,59,0.0,biomass
40,59,0.0,biomass
97,59,0.0,biomass
1,59,0.0,biomass
66,59,0.0,biomass
2,59,403.8786695999989,conventional_hydroelectric
14,59,78.08706399999996,conventional_hydroelectric
27,59,623.4204455999993,conventional_hydroelectric
35,59,4.24594720000016,conventional_hydroelectric
54,59,493.50759479999965,conventional_hydroelectric
67,59,603.742581,conventional_hydroelectric
84,59,10554.946907399943,conventional_hydroelectric
109,59,107.76396152340001,conventional_hydroelectric
128,59,27.126659999999784,conventional_hydroelectric
139,59,28.203705599999918,conventional_hydroelectric
110,59,0.0,conventional_steam_coal
41,59,0.0,conventional_steam_coal
3,59,0.0,conventional_steam_coal
36,59,0.0,conventional_steam_coal
85,59,0.0,conventional_steam_coal
28,59,74.364,geothermal
116,59,0.0,natural_gas_fired_combined_cycle
73,59,0.0,natural_gas_fired_combined_cycle
71,59,0.0,natural_gas_fired_combined_cycle
44,59,0.0,natural_gas_fired_combined_cycle
115,59,0.0,natural_gas_fired_combined_cycle
70,59,0.0,natural_gas_fired_combined_cycle
131,59,0.0,natural_gas_fired_combined_cycle
18,59,0.0,natural_gas_fired_combined_cycle
72,59,0.0,natural_gas_fired_combined_cycle
114,59,0.0,natural_gas_fired_combined_cycle
45,59,0.0,natural_gas_fired_combined_cycle
78,59,0.0,natural_gas_fired_combustion_turbine
75,59,0.0,natural_gas_fired_combustion_turbine
119,59,0.0,natural_gas_fired_combustion_turbine
117,59,0.0,natural_gas_fired_combustion_turbine
134,59,0.0,natural_gas_fired_combustion_turbine
103,59,0.0,natural_gas_fired_combustion_turbine
47,59,0.0,natural_gas_fired_combustion_turbine
8,59,0.0,natural_gas_fired_combustion_turbine
90,59,0.0,natural_gas_fired_combustion_turbine
60,59,0.0,natural_gas_fired_combustion_turbine
46,59,0.0,natural_gas_fired_combustion_turbine
37,59,0.0,natural_gas_fired_combustion_turbine
7,59,0.0,natural_gas_fired_combustion_turbine
133,59,0.0,natural_gas_fired_combustion_turbine
74,59,0.0,natural_gas_fired_combustion_turbine
20,59,0.0,natural_gas_fired_combustion_turbine
135,59,0.0,natural_gas_fired_combustion_turbine
142,59,0.0,natural_gas_fired_combustion_turbine
121,59,0.0,natural_gas_fired_combustion_turbine
91,59,0.0,natural_gas_fired_combustion_turbine
22,59,0.0,natural_gas_steam_turbine
123,59,0.0,natural_gas_steam_turbine
62,59,0.0,natural_gas_steam_turbine
49,59,0.0,natural_gas_steam_turbine
48,59,0.0,natural_gas_steam_turbine
21,59,0.0,natural_gas_steam_turbine
79,59,0.0,nuclear
10,59,0.0,onshore_wind_turbine
23,59,4980.8682,onshore_wind_turbine
31,59,1151.7877,onshore_wind_turbine
38,59,0.0,onshore_wind_turbine
50,59,3635.2492196751555,onshore_wind_turbine
63,59,44.515239613599995,onshore_wind_turbine
80,59,0.0,onshore_wind_turbine
94,59,2445.737,onshore_wind_turbine
105,59,1056.0345602310001,onshore_wind_turbine
124,59,8035.161321233201,onshore_wind_turbine
136,59,0.0,onshore_wind_turbine
144,59,7204.253489999999,onshore_wind_turbine
11,59,19.125,small_hydroelectric
24,59,0.0,small_hydroelectric
32,59,192.0,small_hydroelectric
39,59,52.9,small_hydroelectric
51,59,0.0,small_hydroelectric
64,59,6.128,small_hydroelectric
81,59,0.0,small_hydroelectric
95,59,0.0,small_hydroelectric
106,59,0.0,small_hydroelectric
125,59,100.697,small_hydroelectric
137,59,0.0,small_hydroelectric
145,59,0.0,small_hydroelectric
12,59,10173.949380000002,solar_photovoltaic
25,59,2398.5235399999997,solar_photovoltaic
33,59,1294.8477500000001,solar_photovoltaic
52,59,3892.7257600000003,solar_photovoltaic
65,59,0.0,solar_photovoltaic
82,59,14082.10146,solar_photovoltaic
96,59,0.0,solar_photovoltaic
107,59,0.0,solar_photovoltaic
126,59,32021.5240000845,solar_photovoltaic
138,59,3356.0834999999997,solar_photovoltaic
26,60,0.0,biomass
13,60,0.0,biomass
108,60,0.0,biomass
40,60,0.0,biomass
97,60,0.0,biomass
1,60,0.0,biomass
66,60,0.0,biomass
2,60,403.8786695999989,conventional_hydroelectric
14,60,50.61547039999944,conventional_hydroelectric
27,60,740.5410815999995,conventional_hydroelectric
35,60,211.54807519999946,conventional_hydroelectric
54,60,493.5075948000004,conventional_hydroelectric
67,60,603.742581,conventional_hydroelectric
84,60,12966.344081399991,conventional_hydroelectric
109,60,0.0,conventional_hydroelectric
128,60,39.72605999999992,conventional_hydroelectric
139,60,19.330368000000014,conventional_hydroelectric
110,60,0.0,conventional_steam_coal
41,60,0.0,conventional_steam_coal
3,60,0.0,conventional_steam_coal
36,60,0.0,conventional_steam_coal
85,60,0.0,conventional_steam_coal
28,60,0.0,geothermal
116,60,0.0,natural_gas_fired_combined_cycle
73,60,0.0,natural_gas_fired_combined_cycle
71,60,0.0,natural_gas_fired_combined_cycle
44,60,0.0,natural_gas_fired_combined_cycle
115,60,0.0,natural_gas_fired_combined_cycle
70,60,0.0,natural_gas_fired_combined_cycle
131,60,0.0,natural_gas_fired_combined_cycle
18,60,0.0,natural_gas_fired_combined_cycle
72,60,0.0,natural_gas_fired_combined_cycle
114,60,0.0,natural_gas_fired_combined_cycle
45,60,0.0,natural_gas_fired_combined_cycle
78,60,0.0,natural_gas_fired_combustion_turbine
75,60,0.0,natural_gas_fired_combustion_turbine
119,60,0.0,natural_gas_fired_combustion_turbine
117,60,0.0,natural_gas_fired_combustion_turbine
134,60,0.0,natural_gas_fired_combustion_turbine
103,60,0.0,natural_gas_fired_combustion_turbine
47,60,0.0,natural_gas_fired_combustion_turbine
8,60,0.0,natural_gas_fired_combustion_turbine
90,60,0.0,natural_gas_fired_combustion_turbine
60,60,0.0,natural_gas_fired_combustion_turbine
46,60,0.0,natural_gas_fired_combustion_turbine
37,60,0.0,natural_gas_fired_combustion_turbine
7,60,0.0,natural_gas_fired_combustion_turbine
133,60,0.0,natural_gas_fired_combustion_turbine
74,60,0.0,natural_gas_fired_combustion_turbine
20,60,0.0,natural_gas_fired_combustion_turbine
135,60,0.0,natural_gas_fired_combustion_turbine
142,60,0.0,natural_gas_fired_combustion_turbine
121,60,0.0,natural_gas_fired_combustion_turbine
91,60,0.0,natural_gas_fired_combustion_turbine
22,60,0.0,natural_gas_steam_turbine
123,60,0.0,natural_gas_steam_turbine
62,60,0.0,natural_gas_steam_turbine
49,60,0.0,natural_gas_steam_turbine
48,60,0.0,natural_gas_steam_turbine
21,60,0.0,natural_gas_steam_turbine
79,60,0.0,nuclear
10,60,740.43221,onshore_wind_turbine
23,60,3456.607,onshore_wind_turbine
31,60,1372.64596,onshore_wind_turbine
38,60,0.0,onshore_wind_turbine
50,60,0.0,onshore_wind_turbine
63,60,55.416759636,onshore_wind_turbine
80,60,0.0,onshore_wind_turbine
94,60,1695.4658000000002,onshore_wind_turbine
105,60,1581.915580854,onshore_wind_turbine
124,60,8757.9905805546,onshore_wind_turbine
136,60,0.0,onshore_wind_turbine
144,60,0.0,onshore_wind_turbine
11,60,19.125,small_hydroelectric
24,60,0.0,small_hydroelectric
32,60,0.0,small_hydroelectric
39,60,0.0,small_hydroelectric
51,60,0.0,small_hydroelectric
64,60,0.0,small_hydroelectric
81,60,241.672,small_hydroelectric
95,60,0.0,small_hydroelectric
106,60,0.0,small_hydroelectric
125,60,0.0,small_hydroelectric
137,60,0.0,small_hydroelectric
145,60,33.21,small_hydroelectric
12,60,10395.7056,solar_photovoltaic
25,60,2521.8313399999997,solar_photovoltaic
33,60,1339.56445,solar_photovoltaic
52,60,0.0,solar_photovoltaic
65,60,0.0,solar_photovoltaic
82,60,14610.814330000001,solar_photovoltaic
96,60,0.0,solar_photovoltaic
107,60,16187.631662457501,solar_photovoltaic
126,60,29668.620424497887,solar_photovoltaic
138,60,0.0,solar_photovoltaic
26,61,0.0,biomass
13,61,0.0,biomass
108,61,0.0,biomass
40,61,0.0,biomass
97,61,0.0,biomass
1,61,0.0,biomass
66,61,0.0,biomass
2,61,403.8786695999989,conventional_hydroelectric
14,61,11.57193839999944,conventional_hydroelectric
27,61,623.4204455999993,conventional_hydroelectric
35,61,418.8502031999987,conventional_hydroelectric
54,61,493.50759479999994,conventional_hydroelectric
67,61,218.0658846674878,conventional_hydroelectric
84,61,10554.946907399984,conventional_hydroelectric
109,61,107.76396152340001,conventional_hydroelectric
128,61,52.32546000000001,conventional_hydroelectric
139,61,8.873337599999978,conventional_hydroelectric
110,61,0.0,conventional_steam_coal
41,61,0.0,conventional_steam_coal
3,61,0.0,conventional_steam_coal
36,61,0.0,conventional_steam_coal
85,61,0.0,conventional_steam_coal
28,61,0.0,geothermal
116,61,0.0,natural_gas_fired_combined_cycle
73,61,0.0,natural_gas_fired_combined_cycle
71,61,0.0,natural_gas_fired_combined_cycle
44,61,0.0,natural_gas_fired_combined_cycle
115,61,0.0,natural_gas_fired_combined_cycle
70,61,0.0,natural_gas_fired_combined_cycle
131,61,0.0,natural_gas_fired_combined_cycle
18,61,0.0,natural_gas_fired_combined_cycle
72,61,0.0,natural_gas_fired_combined_cycle
114,61,0.0,natural_gas_fired_combined_cycle
45,61,0.0,natural_gas_fired_combined_cycle
78,61,0.0,natural_gas_fired_combustion_turbine
75,61,0.0,natural_gas_fired_combustion_turbine
119,61,0.0,natural_gas_fired_combustion_turbine
117,61,0.0,natural_gas_fired_combustion_turbine
134,61,0.0,natural_gas_fired_combustion_turbine
103,61,0.0,natural_gas_fired_combustion_turbine
47,61,0.0,natural_gas_fired_combustion_turbine
8,61,0.0,natural_gas_fired_combustion_turbine
90,61,0.0,natural_gas_fired_combustion_turbine
60,61,0.0,natural_gas_fired_combustion_turbine
46,61,0.0,natural_gas_fired_combustion_turbine
37,61,0.0,natural_gas_fired_combustion_turbine
7,61,0.0,natural_gas_fired_combustion_turbine
133,61,0.0,natural_gas_fired_combustion_turbine
74,61,0.0,natural_gas_fired_combustion_turbine
20,61,0.0,natural_gas_fired_combustion_turbine
135,61,0.0,natural_gas_fired_combustion_turbine
142,61,0.0,natural_gas_fired_combustion_turbine
121,61,0.0,natural_gas_fired_combustion_turbine
91,61,0.0,natural_gas_fired_combustion_turbine
22,61,0.0,natural_gas_steam_turbine
123,61,0.0,natural_gas_steam_turbine
62,61,0.0,natural_gas_steam_turbine
49,61,0.0,natural_gas_steam_turbine
48,61,0.0,natural_gas_steam_turbine
21,61,0.0,natural_gas_steam_turbine
79,61,0.0,nuclear
10,61,266.2985362517536,onshore_wind_turbine
23,61,1613.7043999999999,onshore_wind_turbine
31,61,0.0,onshore_wind_turbine
38,61,4958.50845,onshore_wind_turbine
50,61,0.0,onshore_wind_turbine
63,61,0.0,onshore_wind_turbine
80,61,0.0,onshore_wind_turbine
94,61,0.0,onshore_wind_turbine
105,61,0.0,onshore_wind_turbine
124,61,0.0,onshore_wind_turbine
136,61,0.0,onshore_wind_turbine
144,61,0.0,onshore_wind_turbine
11,61,0.0,small_hydroelectric
24,61,62.577,small_hydroelectric
32,61,192.0,small_hydroelectric
39,61,0.0,small_hydroelectric
51,61,0.0,small_hydroelectric
64,61,6.128,small_hydroelectric
81,61,0.0,small_hydroelectric
95,61,0.0,small_hydroelectric
106,61,0.0,small_hydroelectric
125,61,0.0,small_hydroelectric
137,61,0.0,small_hydroelectric
145,61,0.0,small_hydroelectric
12,61,0.0,solar_photovoltaic
25,61,0.0,solar_photovoltaic
33,61,0.0,solar_photovoltaic
52,61,0.0,solar_photovoltaic
65,61,17836.580372181903,solar_photovoltaic
82,61,14653.73567,solar_photovoltaic
96,61,1008.23366,solar_photovoltaic
107,61,0.0,solar_photovoltaic
126,61,33264.0957487755,solar_photovoltaic
138,61,0.0,solar_photovoltaic
26,62,0.0,biomass
13,62,0.0,biomass
108,62,0.0,biomass
40,62,0.0,biomass
97,62,0.0,biomass
1,62,0.0,biomass
66,62,0.0,biomass
2,62,403.8786695999947,conventional_hydroelectric
14,62,50.61547039999944,conventional_hydroelectric
27,62,623.4204455999934,conventional_hydroelectric
35,62,211.54807519999616,conventional_hydroelectric
54,62,579.7778777999999,conventional_hydroelectric
67,62,0.0,conventional_hydroelectric
84,62,12966.344081400004,conventional_hydroelectric
109,62,0.0,conventional_hydroelectric
128,62,39.72606000000014,conventional_hydroelectric
139,62,0.0,conventional_hydroelectric
110,62,0.0,conventional_steam_coal
41,62,0.0,conventional_steam_coal
3,62,0.0,conventional_steam_coal
36,62,0.0,conventional_steam_coal
85,62,0.0,conventional_steam_coal
28,62,0.0,geothermal
116,62,0.0,natural_gas_fired_combined_cycle
73,62,0.0,natural_gas_fired_combined_cycle
71,62,0.0,natural_gas_fired_combined_cycle
44,62,0.0,natural_gas_fired_combined_cycle
115,62,0.0,natural_gas_fired_combined_cycle
70,62,0.0,natural_gas_fired_combined_cycle
131,62,0.0,natural_gas_fired_combined_cycle
18,62,0.0,natural_gas_fired_combined_cycle
72,62,0.0,natural_gas_fired_combined_cycle
114,62,0.0,natural_gas_fired_combined_cycle
45,62,0.0,natural_gas_fired_combined_cycle
78,62,0.0,natural_gas_fired_combustion_turbine
75,62,0.0,natural_gas_fired_combustion_turbine
119,62,0.0,natural_gas_fired_combustion_turbine
117,62,0.0,natural_gas_fired_combustion_turbine
134,62,0.0,natural_gas_fired_combustion_turbine
103,62,0.0,natural_gas_fired_combustion_turbine
47,62,0.0,natural_gas_fired_combustion_turbine
8,62,0.0,natural_gas_fired_combustion_turbine
90,62,0.0,natural_gas_fired_combustion_turbine
60,62,0.0,natural_gas_fired_combustion_turbine
46,62,0.0,natural_gas_fired_combustion_turbine
37,62,0.0,natural_gas_fired_combustion_turbine
7,62,0.0,natural_gas_fired_combustion_turbine
133,62,0.0,natural_gas_fired_combustion_turbine
74,62,0.0,natural_gas_fired_combustion_turbine
20,62,0.0,natural_gas_fired_combustion_turbine
135,62,0.0,natural_gas_fired_combustion_turbine
142,62,0.0,natural_gas_fired_combustion_turbine
121,62,0.0,natural_gas_fired_combustion_turbine
91,62,0.0,natural_gas_fired_combustion_turbine
22,62,0.0,natural_gas_steam_turbine
123,62,0.0,natural_gas_steam_turbine
62,62,0.0,natural_gas_steam_turbine
49,62,0.0,natural_gas_steam_turbine
48,62,0.0,natural_gas_steam_turbine
21,62,0.0,natural_gas_steam_turbine
79,62,0.0,nuclear
10,62,493.68151000000006,onshore_wind_turbine
23,62,0.0,onshore_wind_turbine
31,62,0.0,onshore_wind_turbine
38,62,0.0,onshore_wind_turbine
50,62,0.0,onshore_wind_turbine
63,62,0.0,onshore_wind_turbine
80,62,26.020959999999995,onshore_wind_turbine
94,62,3203.3638,onshore_wind_turbine
105,62,970.484058978,onshore_wind_turbine
124,62,0.0,onshore_wind_turbine
136,62,0.0,onshore_wind_turbine
144,62,0.0,onshore_wind_turbine
11,62,0.0,small_hydroelectric
24,62,0.0,small_hydroelectric
32,62,0.0,small_hydroelectric
39,62,52.9,small_hydroelectric
51,62,0.0,small_hydroelectric
64,62,0.0,small_hydroelectric
81,62,0.0,small_hydroelectric
95,62,0.0,small_hydroelectric
106,62,0.0,small_hydroelectric
125,62,0.0,small_hydroelectric
137,62,36.822,small_hydroelectric
145,62,5.343423710006618,small_hydroelectric
12,62,10788.369480000001,solar_photovoltaic
25,62,2553.2187799999997,solar_photovoltaic
33,62,1366.32405,solar_photovoltaic
52,62,4073.8149200000003,solar_photovoltaic
65,62,0.0,solar_photovoltaic
82,62,15184.399510000001,solar_photovoltaic
96,62,1007.7928699999999,solar_photovoltaic
107,62,16707.940409468,solar_photovoltaic
126,62,34425.463797844,solar_photovoltaic
138,62,0.0,solar_photovoltaic
26,63,0.0,biomass
13,63,0.0,biomass
108,63,0.0,biomass
40,63,0.0,biomass
97,63,0.0,biomass
1,63,0.0,biomass
66,63,0.0,biomass
2,63,174.59050559999503,conventional_hydroelectric
14,63,11.571938399999652,conventional_hydroelectric
27,63,506.2998095999948,conventional_hydroelectric
35,63,418.8502031999954,conventional_hydroelectric
54,63,579.7778777999962,conventional_hydroelectric
67,63,603.7425809999995,conventional_hydroelectric
84,63,15377.7412554,conventional_hydroelectric
109,63,107.76396152340001,conventional_hydroelectric
128,63,27.126660000000054,conventional_hydroelectric
139,63,19.330367999999986,conventional_hydroelectric
110,63,0.0,conventional_steam_coal
41,63,0.0,conventional_steam_coal
3,63,0.0,conventional_steam_coal
36,63,0.0,conventional_steam_coal
85,63,0.0,conventional_steam_coal
28,63,74.364,geothermal
116,63,0.0,natural_gas_fired_combined_cycle
73,63,0.0,natural_gas_fired_combined_cycle
71,63,0.0,natural_gas_fired_combined_cycle
44,63,0.0,natural_gas_fired_combined_cycle
115,63,0.0,natural_gas_fired_combined_cycle
70,63,0.0,natural_gas_fired_combined_cycle
131,63,0.0,natural_gas_fired_combined_cycle
18,63,0.0,natural_gas_fired_combined_cycle
72,63,0.0,natural_gas_fired_combined_cycle
114,63,0.0,natural_gas_fired_combined_cycle
45,63,0.0,natural_gas_fired_combined_cycle
78,63,0.0,natural_gas_fired_combustion_turbine
75,63,0.0,natural_gas_fired_combustion_turbine
119,63,0.0,natural_gas_fired_combustion_turbine
117,63,0.0,natural_gas_fired_combustion_turbine
134,63,0.0,natural_gas_fired_combustion_turbine
103,63,0.0,natural_gas_fired_combustion_turbine
47,63,0.0,natural_gas_fired_combustion_turbine
8,63,0.0,natural_gas_fired_combustion_turbine
90,63,0.0,natural_gas_fired_combustion_turbine
60,63,0.0,natural_gas_fired_combustion_turbine
46,63,0.0,natural_gas_fired_combustion_turbine
37,63,0.0,natural_gas_fired_combustion_turbine
7,63,0.0,natural_gas_fired_combustion_turbine
133,63,0.0,natural_gas_fired_combustion_turbine
74,63,0.0,natural_gas_fired_combustion_turbine
20,63,0.0,natural_gas_fired_combustion_turbine
135,63,0.0,natural_gas_fired_combustion_turbine
142,63,0.0,natural_gas_fired_combustion_turbine
121,63,0.0,natural_gas_fired_combustion_turbine
91,63,0.0,natural_gas_fired_combustion_turbine
22,63,0.0,natural_gas_steam_turbine
123,63,0.0,natural_gas_steam_turbine
62,63,0.0,natural_gas_steam_turbine
49,63,0.0,natural_gas_steam_turbine
48,63,0.0,natural_gas_steam_turbine
21,63,0.0,natural_gas_steam_turbine
79,63,0.0,nuclear
10,63,0.0,onshore_wind_turbine
23,63,0.0,onshore_wind_turbine
31,63,0.0,onshore_wind_turbine
38,63,0.0,onshore_wind_turbine
50,63,5298.4146599999995,onshore_wind_turbine
63,63,0.0,onshore_wind_turbine
80,63,0.0,onshore_wind_turbine
94,63,550.6087228938268,onshore_wind_turbine
105,63,0.0,onshore_wind_turbine
124,63,8300.481358430801,onshore_wind_turbine
136,63,723.1417200000001,onshore_wind_turbine
144,63,4710.556619999999,onshore_wind_turbine
11,63,0.0,small_hydroelectric
24,63,0.0,small_hydroelectric
32,63,0.0,small_hydroelectric
39,63,52.9,small_hydroelectric
51,63,25.641,small_hydroelectric
64,63,0.0,small_hydroelectric
81,63,241.672,small_hydroelectric
95,63,0.0,small_hydroelectric
106,63,31.614,small_hydroelectric
125,63,0.0,small_hydroelectric
137,63,0.0,small_hydroelectric
145,63,0.0,small_hydroelectric
12,63,0.0,solar_photovoltaic
25,63,0.0,solar_photovoltaic
33,63,0.0,solar_photovoltaic
52,63,0.0,solar_photovoltaic
65,63,0.0,solar_photovoltaic
82,63,14398.1586,solar_photovoltaic
96,63,0.0,solar_photovoltaic
107,63,0.0,solar_photovoltaic
126,63,32741.482898152,solar_photovoltaic
138,63,0.0,solar_photovoltaic
26,64,0.0,biomass
13,64,0.0,biomass
108,64,0.0,biomass
40,64,0.0,biomass
97,64,0.0,biomass
1,64,0.0,biomass
66,64,0.0,biomass
2,64,403.8786695999956,conventional_hydroelectric
14,64,50.61547039999965,conventional_hydroelectric
27,64,623.4204455999952,conventional_hydroelectric
35,64,626.1523312000002,conventional_hydroelectric
54,64,493.50759479999715,conventional_hydroelectric
67,64,821.8084656674878,conventional_hydroelectric
84,64,15377.7412554,conventional_hydroelectric
109,64,107.76396152340001,conventional_hydroelectric
128,64,39.726060000000025,conventional_hydroelectric
139,64,28.203705599999985,conventional_hydroelectric
110,64,0.0,conventional_steam_coal
41,64,0.0,conventional_steam_coal
3,64,0.0,conventional_steam_coal
36,64,0.0,conventional_steam_coal
85,64,0.0,conventional_steam_coal
28,64,0.0,geothermal
116,64,0.0,natural_gas_fired_combined_cycle
73,64,0.0,natural_gas_fired_combined_cycle
71,64,0.0,natural_gas_fired_combined_cycle
44,64,0.0,natural_gas_fired_combined_cycle
115,64,0.0,natural_gas_fired_combined_cycle
70,64,0.0,natural_gas_fired_combined_cycle
131,64,0.0,natural_gas_fired_combined_cycle
18,64,0.0,natural_gas_fired_combined_cycle
72,64,0.0,natural_gas_fired_combined_cycle
114,64,0.0,natural_gas_fired_combined_cycle
45,64,0.0,natural_gas_fired_combined_cycle
78,64,0.0,natural_gas_fired_combustion_turbine
75,64,0.0,natural_gas_fired_combustion_turbine
119,64,0.0,natural_gas_fired_combustion_turbine
117,64,0.0,natural_gas_fired_combustion_turbine
134,64,0.0,natural_gas_fired_combustion_turbine
103,64,0.0,natural_gas_fired_combustion_turbine
47,64,0.0,natural_gas_fired_combustion_turbine
8,64,0.0,natural_gas_fired_combustion_turbine
90,64,0.0,natural_gas_fired_combustion_turbine
60,64,0.0,natural_gas_fired_combustion_turbine
46,64,0.0,natural_gas_fired_combustion_turbine
37,64,0.0,natural_gas_fired_combustion_turbine
7,64,0.0,natural_gas_fired_combustion_turbine
133,64,0.0,natural_gas_fired_combustion_turbine
74,64,0.0,natural_gas_fired_combustion_turbine
20,64,0.0,natural_gas_fired_combustion_turbine
135,64,0.0,natural_gas_fired_combustion_turbine
142,64,0.0,natural_gas_fired_combustion_turbine
121,64,0.0,natural_gas_fired_combustion_turbine
91,64,0.0,natural_gas_fired_combustion_turbine
22,64,0.0,natural_gas_steam_turbine
123,64,0.0,natural_gas_steam_turbine
62,64,0.0,natural_gas_steam_turbine
49,64,0.0,natural_gas_steam_turbine
48,64,0.0,natural_gas_steam_turbine
21,64,0.0,natural_gas_steam_turbine
79,64,1851.4997500000113,nuclear
10,64,352.83549,onshore_wind_turbine
23,64,0.0,onshore_wind_turbine
31,64,0.0,onshore_wind_turbine
38,64,4737.536999999999,onshore_wind_turbine
50,64,5150.72838,onshore_wind_turbine
63,64,46.3190002464,onshore_wind_turbine
80,64,402.39555999999993,onshore_wind_turbine
94,64,3148.1967999999997,onshore_wind_turbine
105,64,1028.464638642,onshore_wind_turbine
124,64,4056.6968493898003,onshore_wind_turbine
136,64,456.01101000000006,onshore_wind_turbine
144,64,4154.71959,onshore_wind_turbine
11,64,19.125,small_hydroelectric
24,64,62.577,small_hydroelectric
32,64,0.0,small_hydroelectric
39,64,0.0,small_hydroelectric
51,64,0.0,small_hydroelectric
64,64,6.128,small_hydroelectric
81,64,0.0,small_hydroelectric
95,64,0.0,small_hydroelectric
106,64,0.0,small_hydroelectric
125,64,100.697,small_hydroelectric
137,64,36.822,small_hydroelectric
145,64,33.21,small_hydroelectric
12,64,8683.80408,solar_photovoltaic
25,64,1539.1362021589257,solar_photovoltaic
33,64,0.0,solar_photovoltaic
52,64,3149.70726,solar_photovoltaic
65,64,15666.958651466499,solar_photovoltaic
82,64,13545.584710000001,solar_photovoltaic
96,64,819.4286099999999,solar_photovoltaic
107,64,14078.934668305501,solar_photovoltaic
126,64,0.0,solar_photovoltaic
138,64,2983.4897399999995,solar_photovoltaic
26,65,0.0,biomass
13,65,0.0,biomass
108,65,0.0,biomass
40,65,0.0,biomass
97,65,0.0,biomass
1,65,0.0,biomass
66,65,0.0,biomass
2,65,633.1668335999977,conventional_hydroelectric
14,65,89.65900239999976,conventional_hydroelectric
27,65,740.5410815999978,conventional_hydroelectric
35,65,833.4544592,conventional_hydroelectric
54,65,579.7778777999986,conventional_hydroelectric
67,65,1425.5510466674878,conventional_hydroelectric
84,65,15377.7412554,conventional_hydroelectric
109,65,107.76396152340001,conventional_hydroelectric
128,65,52.32546000000001,conventional_hydroelectric
139,65,47.5340736,conventional_hydroelectric
110,65,0.0,conventional_steam_coal
41,65,0.0,conventional_steam_coal
3,65,0.0,conventional_steam_coal
36,65,0.0,conventional_steam_coal
85,65,0.0,conventional_steam_coal
28,65,0.0,geothermal
116,65,0.0,natural_gas_fired_combined_cycle
73,65,0.0,natural_gas_fired_combined_cycle
71,65,0.0,natural_gas_fired_combined_cycle
44,65,0.0,natural_gas_fired_combined_cycle
115,65,0.0,natural_gas_fired_combined_cycle
70,65,0.0,natural_gas_fired_combined_cycle
131,65,0.0,natural_gas_fired_combined_cycle
18,65,0.0,natural_gas_fired_combined_cycle
72,65,0.0,natural_gas_fired_combined_cycle
114,65,0.0,natural_gas_fired_combined_cycle
45,65,0.0,natural_gas_fired_combined_cycle
78,65,0.0,natural_gas_fired_combustion_turbine
75,65,0.0,natural_gas_fired_combustion_turbine
119,65,0.0,natural_gas_fired_combustion_turbine
117,65,0.0,natural_gas_fired_combustion_turbine
134,65,0.0,natural_gas_fired_combustion_turbine
103,65,0.0,natural_gas_fired_combustion_turbine
47,65,0.0,natural_gas_fired_combustion_turbine
8,65,0.0,natural_gas_fired_combustion_turbine
90,65,0.0,natural_gas_fired_combustion_turbine
60,65,0.0,natural_gas_fired_combustion_turbine
46,65,0.0,natural_gas_fired_combustion_turbine
37,65,0.0,natural_gas_fired_combustion_turbine
7,65,0.0,natural_gas_fired_combustion_turbine
133,65,0.0,natural_gas_fired_combustion_turbine
74,65,0.0,natural_gas_fired_combustion_turbine
20,65,0.0,natural_gas_fired_combustion_turbine
135,65,0.0,natural_gas_fired_combustion_turbine
142,65,0.0,natural_gas_fired_combustion_turbine
121,65,0.0,natural_gas_fired_combustion_turbine
91,65,0.0,natural_gas_fired_combustion_turbine
22,65,0.0,natural_gas_steam_turbine
123,65,0.0,natural_gas_steam_turbine
62,65,0.0,natural_gas_steam_turbine
49,65,0.0,natural_gas_steam_turbine
48,65,0.0,natural_gas_steam_turbine
21,65,0.0,natural_gas_steam_turbine
79,65,3702.9995000000113,nuclear
10,65,398.94365000000005,onshore_wind_turbine
23,65,320.5048,onshore_wind_turbine
31,65,705.32154,onshore_wind_turbine
38,65,4450.1037,onshore_wind_turbine
50,65,4763.221259999999,onshore_wind_turbine
63,65,59.3950001288,onshore_wind_turbine
80,65,666.3224399999999,onshore_wind_turbine
94,65,2305.9806000000003,onshore_wind_turbine
105,65,1015.6012995660001,onshore_wind_turbine
124,65,1656.1324632006003,onshore_wind_turbine
136,65,395.74920000000003,onshore_wind_turbine
144,65,0.0,onshore_wind_turbine
11,65,0.0,small_hydroelectric
24,65,62.577,small_hydroelectric
32,65,192.0,small_hydroelectric
39,65,52.9,small_hydroelectric
51,65,25.641,small_hydroelectric
64,65,6.128,small_hydroelectric
81,65,241.672,small_hydroelectric
95,65,418.922,small_hydroelectric
106,65,31.614,small_hydroelectric
125,65,100.697,small_hydroelectric
137,65,0.0,small_hydroelectric
145,65,33.21,small_hydroelectric
12,65,6299.5716,solar_photovoltaic
25,65,1313.4148999999998,solar_photovoltaic
33,65,967.9228999999999,solar_photovoltaic
52,65,1902.81854,solar_photovoltaic
65,65,11841.1444215736,solar_photovoltaic
82,65,11128.33288,solar_photovoltaic
96,65,683.2245,solar_photovoltaic
107,65,0.0,solar_photovoltaic
126,65,7374.238063740131,solar_photovoltaic
138,65,2287.6160999999997,solar_photovoltaic
26,66,11.235,biomass
13,66,15.682,biomass
108,66,137.081,biomass
40,66,5.952,biomass
97,66,178.173,biomass
1,66,16.294,biomass
66,66,228.795,biomass
2,66,862.4549975999998,conventional_hydroelectric
14,66,128.7025344,conventional_hydroelectric
27,66,857.6617176000001,conventional_hydroelectric
35,66,833.4544592,conventional_hydroelectric
54,66,666.0481608000001,conventional_hydroelectric
67,66,1425.5510466674878,conventional_hydroelectric
84,66,15377.7412554,conventional_hydroelectric
109,66,107.76396152340001,conventional_hydroelectric
128,66,52.32546000000001,conventional_hydroelectric
139,66,47.5340736,conventional_hydroelectric
110,66,28.5,conventional_steam_coal
41,66,0.0,conventional_steam_coal
3,66,6041.924409999984,conventional_steam_coal
36,66,1018.5414299999953,conventional_steam_coal
85,66,0.0,conventional_steam_coal
28,66,74.364,geothermal
116,66,0.0,natural_gas_fired_combined_cycle
73,66,0.0,natural_gas_fired_combined_cycle
71,66,0.0,natural_gas_fired_combined_cycle
44,66,0.0,natural_gas_fired_combined_cycle
115,66,0.0,natural_gas_fired_combined_cycle
70,66,0.0,natural_gas_fired_combined_cycle
131,66,0.0,natural_gas_fired_combined_cycle
18,66,0.0,natural_gas_fired_combined_cycle
72,66,0.0,natural_gas_fired_combined_cycle
114,66,0.0,natural_gas_fired_combined_cycle
45,66,0.0,natural_gas_fired_combined_cycle
78,66,0.0,natural_gas_fired_combustion_turbine
75,66,0.0,natural_gas_fired_combustion_turbine
119,66,0.0,natural_gas_fired_combustion_turbine
117,66,0.0,natural_gas_fired_combustion_turbine
134,66,0.0,natural_gas_fired_combustion_turbine
103,66,0.0,natural_gas_fired_combustion_turbine
47,66,0.0,natural_gas_fired_combustion_turbine
8,66,0.0,natural_gas_fired_combustion_turbine
90,66,0.0,natural_gas_fired_combustion_turbine
60,66,0.0,natural_gas_fired_combustion_turbine
46,66,0.0,natural_gas_fired_combustion_turbine
37,66,0.0,natural_gas_fired_combustion_turbine
7,66,0.0,natural_gas_fired_combustion_turbine
133,66,0.0,natural_gas_fired_combustion_turbine
74,66,0.0,natural_gas_fired_combustion_turbine
20,66,0.0,natural_gas_fired_combustion_turbine
135,66,0.0,natural_gas_fired_combustion_turbine
142,66,0.0,natural_gas_fired_combustion_turbine
121,66,0.0,natural_gas_fired_combustion_turbine
91,66,0.0,natural_gas_fired_combustion_turbine
22,66,0.0,natural_gas_steam_turbine
123,66,0.0,natural_gas_steam_turbine
62,66,0.0,natural_gas_steam_turbine
49,66,0.0,natural_gas_steam_turbine
48,66,0.0,natural_gas_steam_turbine
21,66,0.0,natural_gas_steam_turbine
79,66,5554.499250000001,nuclear
10,66,398.76354000000003,onshore_wind_turbine
23,66,13.0438,onshore_wind_turbine
31,66,630.51471,onshore_wind_turbine
38,66,4204.706099999999,onshore_wind_turbine
50,66,4670.40924,onshore_wind_turbine
63,66,46.114039742399996,onshore_wind_turbine
80,66,929.3199999999999,onshore_wind_turbine
94,66,1482.1534000000001,onshore_wind_turbine
105,66,252.851198901,onshore_wind_turbine
124,66,1076.3058561178002,onshore_wind_turbine
136,66,351.6771300000001,onshore_wind_turbine
144,66,841.3253099999998,onshore_wind_turbine
11,66,19.125,small_hydroelectric
24,66,62.577,small_hydroelectric
32,66,192.0,small_hydroelectric
39,66,52.9,small_hydroelectric
51,66,25.641,small_hydroelectric
64,66,6.128,small_hydroelectric
81,66,241.672,small_hydroelectric
95,66,418.922,small_hydroelectric
106,66,31.614,small_hydroelectric
125,66,100.697,small_hydroelectric
137,66,36.822,small_hydroelectric
145,66,33.21,small_hydroelectric
12,66,2572.08966,solar_photovoltaic
25,66,0.37365999999999994,solar_photovoltaic
33,66,520.93195,solar_photovoltaic
52,66,10.367700000000001,solar_photovoltaic
65,66,5802.998045222,solar_photovoltaic
82,66,6918.139620000001,solar_photovoltaic
96,66,432.26806,solar_photovoltaic
107,66,5238.698841159,solar_photovoltaic
126,66,13956.296399468501,solar_photovoltaic
138,66,1076.22977,solar_photovoltaic
26,67,11.235,biomass
13,67,15.682,biomass
108,67,137.081,biomass
40,67,5.952,biomass
97,67,178.173,biomass
1,67,16.294,biomass
66,67,228.795,biomass
2,67,862.4549975999998,conventional_hydroelectric
14,67,128.7025344,conventional_hydroelectric
27,67,857.6617176000001,conventional_hydroelectric
35,67,833.4544592,conventional_hydroelectric
54,67,666.0481608000001,conventional_hydroelectric
67,67,1425.5510466674878,conventional_hydroelectric
84,67,15377.7412554,conventional_hydroelectric
109,67,107.76396152340001,conventional_hydroelectric
128,67,52.32546000000001,conventional_hydroelectric
139,67,47.5340736,conventional_hydroelectric
110,67,50.0,conventional_steam_coal
41,67,7219.002,conventional_steam_coal
3,67,14050.987,conventional_steam_coal
36,67,2368.701,conventional_steam_coal
85,67,763.8,conventional_steam_coal
28,67,74.364,geothermal
116,67,36.16000000000006,natural_gas_fired_combined_cycle
73,67,412.6080000000011,natural_gas_fired_combined_cycle
71,67,0.0,natural_gas_fired_combined_cycle
44,67,0.0,natural_gas_fired_combined_cycle
115,67,0.0,natural_gas_fired_combined_cycle
70,67,0.0,natural_gas_fired_combined_cycle
131,67,0.0,natural_gas_fired_combined_cycle
18,67,0.0,natural_gas_fired_combined_cycle
72,67,0.0,natural_gas_fired_combined_cycle
114,67,0.0,natural_gas_fired_combined_cycle
45,67,0.0,natural_gas_fired_combined_cycle
78,67,257.0,natural_gas_fired_combustion_turbine
75,67,0.0,natural_gas_fired_combustion_turbine
119,67,0.0,natural_gas_fired_combustion_turbine
117,67,0.0,natural_gas_fired_combustion_turbine
134,67,0.0,natural_gas_fired_combustion_turbine
103,67,0.0,natural_gas_fired_combustion_turbine
47,67,0.0,natural_gas_fired_combustion_turbine
8,67,0.0,natural_gas_fired_combustion_turbine
90,67,0.0,natural_gas_fired_combustion_turbine
60,67,0.0,natural_gas_fired_combustion_turbine
46,67,0.0,natural_gas_fired_combustion_turbine
37,67,0.0,natural_gas_fired_combustion_turbine
7,67,0.0,natural_gas_fired_combustion_turbine
133,67,0.0,natural_gas_fired_combustion_turbine
74,67,0.0,natural_gas_fired_combustion_turbine
20,67,0.0,natural_gas_fired_combustion_turbine
135,67,0.0,natural_gas_fired_combustion_turbine
142,67,0.0,natural_gas_fired_combustion_turbine
121,67,0.0,natural_gas_fired_combustion_turbine
91,67,0.0,natural_gas_fired_combustion_turbine
22,67,0.0,natural_gas_steam_turbine
123,67,0.0,natural_gas_steam_turbine
62,67,0.0,natural_gas_steam_turbine
49,67,0.0,natural_gas_steam_turbine
48,67,0.0,natural_gas_steam_turbine
21,67,0.0,natural_gas_steam_turbine
79,67,7405.999,nuclear
10,67,555.63935,onshore_wind_turbine
23,67,247.8322,onshore_wind_turbine
31,67,5110.61264,onshore_wind_turbine
38,67,3459.99255,onshore_wind_turbine
50,67,4340.48622,onshore_wind_turbine
63,67,70.82404027439999,onshore_wind_turbine
80,67,1504.5690799999998,onshore_wind_turbine
94,67,4468.527,onshore_wind_turbine
105,67,359.322878481,onshore_wind_turbine
124,67,910.0651050722001,onshore_wind_turbine
136,67,872.4471000000001,onshore_wind_turbine
144,67,2671.0456499999996,onshore_wind_turbine
11,67,19.125,small_hydroelectric
24,67,62.577,small_hydroelectric
32,67,192.0,small_hydroelectric
39,67,52.9,small_hydroelectric
51,67,25.641,small_hydroelectric
64,67,6.128,small_hydroelectric
81,67,241.672,small_hydroelectric
95,67,418.922,small_hydroelectric
106,67,31.614,small_hydroelectric
125,67,100.697,small_hydroelectric
137,67,36.822,small_hydroelectric
145,67,33.21,small_hydroelectric
12,67,0.0,solar_photovoltaic
25,67,0.0,solar_photovoltaic
33,67,0.0,solar_photovoltaic
52,67,0.0,solar_photovoltaic
65,67,0.0,solar_photovoltaic
82,67,23.41164,solar_photovoltaic
96,67,0.29386,solar_photovoltaic
107,67,0.0,solar_photovoltaic
126,67,0.0,solar_photovoltaic
138,67,0.0,solar_photovoltaic
26,68,11.235,biomass
13,68,15.682,biomass
108,68,137.081,biomass
40,68,5.952,biomass
97,68,178.173,biomass
1,68,16.294,biomass
66,68,228.795,biomass
2,68,862.4549975999998,conventional_hydroelectric
14,68,128.7025344,conventional_hydroelectric
27,68,857.6617176000001,conventional_hydroelectric
35,68,833.4544592,conventional_hydroelectric
54,68,666.0481608000001,conventional_hydroelectric
67,68,1425.5510466674878,conventional_hydroelectric
84,68,15377.7412554,conventional_hydroelectric
109,68,107.76396152340001,conventional_hydroelectric
128,68,52.32546000000001,conventional_hydroelectric
139,68,47.5340736,conventional_hydroelectric
110,68,50.0,conventional_steam_coal
41,68,7219.002,conventional_steam_coal
3,68,14050.987,conventional_steam_coal
36,68,2368.701,conventional_steam_coal
85,68,1340.0,conventional_steam_coal
28,68,74.364,geothermal
116,68,56.5,natural_gas_fired_combined_cycle
73,68,644.7,natural_gas_fired_combined_cycle
71,68,0.0,natural_gas_fired_combined_cycle
44,68,0.0,natural_gas_fired_combined_cycle
115,68,0.0,natural_gas_fired_combined_cycle
70,68,0.0,natural_gas_fired_combined_cycle
131,68,0.0,natural_gas_fired_combined_cycle
18,68,0.0,natural_gas_fired_combined_cycle
72,68,0.0,natural_gas_fired_combined_cycle
114,68,0.0,natural_gas_fired_combined_cycle
45,68,0.0,natural_gas_fired_combined_cycle
78,68,257.0,natural_gas_fired_combustion_turbine
75,68,0.0,natural_gas_fired_combustion_turbine
119,68,0.0,natural_gas_fired_combustion_turbine
117,68,0.0,natural_gas_fired_combustion_turbine
134,68,0.0,natural_gas_fired_combustion_turbine
103,68,0.0,natural_gas_fired_combustion_turbine
47,68,0.0,natural_gas_fired_combustion_turbine
8,68,0.0,natural_gas_fired_combustion_turbine
90,68,0.0,natural_gas_fired_combustion_turbine
60,68,0.0,natural_gas_fired_combustion_turbine
46,68,0.0,natural_gas_fired_combustion_turbine
37,68,0.0,natural_gas_fired_combustion_turbine
7,68,0.0,natural_gas_fired_combustion_turbine
133,68,0.0,natural_gas_fired_combustion_turbine
74,68,0.0,natural_gas_fired_combustion_turbine
20,68,0.0,natural_gas_fired_combustion_turbine
135,68,0.0,natural_gas_fired_combustion_turbine
142,68,0.0,natural_gas_fired_combustion_turbine
121,68,0.0,natural_gas_fired_combustion_turbine
91,68,0.0,natural_gas_fired_combustion_turbine
22,68,0.0,natural_gas_steam_turbine
123,68,0.0,natural_gas_steam_turbine
62,68,0.0,natural_gas_steam_turbine
49,68,0.0,natural_gas_steam_turbine
48,68,0.0,natural_gas_steam_turbine
21,68,0.0,natural_gas_steam_turbine
79,68,7405.999,nuclear
10,68,521.5985600000001,onshore_wind_turbine
23,68,190.0668,onshore_wind_turbine
31,68,7008.093819999999,onshore_wind_turbine
38,68,2794.23795,onshore_wind_turbine
50,68,4028.8546199999996,onshore_wind_turbine
63,68,47.2628803024,onshore_wind_turbine
80,68,977.6446399999999,onshore_wind_turbine
94,68,4597.25,onshore_wind_turbine
105,68,749.7190403220001,onshore_wind_turbine
124,68,1194.3831182052002,onshore_wind_turbine
136,68,391.25205,onshore_wind_turbine
144,68,2597.51079,onshore_wind_turbine
11,68,19.125,small_hydroelectric
24,68,62.577,small_hydroelectric
32,68,192.0,small_hydroelectric
39,68,52.9,small_hydroelectric
51,68,25.641,small_hydroelectric
64,68,6.128,small_hydroelectric
81,68,241.672,small_hydroelectric
95,68,418.922,small_hydroelectric
106,68,31.614,small_hydroelectric
125,68,100.697,small_hydroelectric
137,68,36.822,small_hydroelectric
145,68,33.21,small_hydroelectric
12,68,0.0,solar_photovoltaic
25,68,0.0,solar_photovoltaic
33,68,0.0,solar_photovoltaic
52,68,0.0,solar_photovoltaic
65,68,0.0,solar_photovoltaic
82,68,0.0,solar_photovoltaic
96,68,0.0,solar_photovoltaic
107,68,0.0,solar_photovoltaic
126,68,0.0,solar_photovoltaic
138,68,0.0,solar_photovoltaic
26,69,11.235,biomass
13,69,15.682,biomass
108,69,137.081,biomass
40,69,5.952,biomass
97,69,178.173,biomass
1,69,16.294,biomass
66,69,228.795,biomass
2,69,862.4549975999998,conventional_hydroelectric
14,69,128.7025344,conventional_hydroelectric
27,69,857.6617176000001,conventional_hydroelectric
35,69,833.4544592,conventional_hydroelectric
54,69,666.0481608000001,conventional_hydroelectric
67,69,1425.5510466674878,conventional_hydroelectric
84,69,15377.7412554,conventional_hydroelectric
109,69,107.76396152340001,conventional_hydroelectric
128,69,52.32546000000001,conventional_hydroelectric
139,69,47.5340736,conventional_hydroelectric
110,69,50.0,conventional_steam_coal
41,69,7219.002,conventional_steam_coal
3,69,14050.987,conventional_steam_coal
36,69,2368.701,conventional_steam_coal
85,69,1340.0,conventional_steam_coal
28,69,74.364,geothermal
116,69,56.5,natural_gas_fired_combined_cycle
73,69,644.7,natural_gas_fired_combined_cycle
71,69,0.0,natural_gas_fired_combined_cycle
44,69,0.0,natural_gas_fired_combined_cycle
115,69,0.0,natural_gas_fired_combined_cycle
70,69,0.0,natural_gas_fired_combined_cycle
131,69,0.0,natural_gas_fired_combined_cycle
18,69,0.0,natural_gas_fired_combined_cycle
72,69,0.0,natural_gas_fired_combined_cycle
114,69,0.0,natural_gas_fired_combined_cycle
45,69,0.0,natural_gas_fired_combined_cycle
78,69,257.0,natural_gas_fired_combustion_turbine
75,69,0.0,natural_gas_fired_combustion_turbine
119,69,0.0,natural_gas_fired_combustion_turbine
117,69,0.0,natural_gas_fired_combustion_turbine
134,69,0.0,natural_gas_fired_combustion_turbine
103,69,0.0,natural_gas_fired_combustion_turbine
47,69,0.0,natural_gas_fired_combustion_turbine
8,69,0.0,natural_gas_fired_combustion_turbine
90,69,0.0,natural_gas_fired_combustion_turbine
60,69,0.0,natural_gas_fired_combustion_turbine
46,69,0.0,natural_gas_fired_combustion_turbine
37,69,0.0,natural_gas_fired_combustion_turbine
7,69,0.0,natural_gas_fired_combustion_turbine
133,69,0.0,natural_gas_fired_combustion_turbine
74,69,0.0,natural_gas_fired_combustion_turbine
20,69,0.0,natural_gas_fired_combustion_turbine
135,69,0.0,natural_gas_fired_combustion_turbine
142,69,0.0,natural_gas_fired_combustion_turbine
121,69,0.0,natural_gas_fired_combustion_turbine
91,69,0.0,natural_gas_fired_combustion_turbine
22,69,0.0,natural_gas_steam_turbine
123,69,0.0,natural_gas_steam_turbine
62,69,0.0,natural_gas_steam_turbine
49,69,0.0,natural_gas_steam_turbine
48,69,0.0,natural_gas_steam_turbine
21,69,0.0,natural_gas_steam_turbine
79,69,7405.999,nuclear
10,69,536.00736,onshore_wind_turbine
23,69,78.2628,onshore_wind_turbine
31,69,7556.67724,onshore_wind_turbine
38,69,3483.85065,onshore_wind_turbine
50,69,2706.4527,onshore_wind_turbine
63,69,41.7830003472,onshore_wind_turbine
80,69,550.15744,onshore_wind_turbine
94,69,3310.02,onshore_wind_turbine
105,69,646.750719132,onshore_wind_turbine
124,69,1057.0401152234,onshore_wind_turbine
136,69,349.87827000000004,onshore_wind_turbine
144,69,4111.46379,onshore_wind_turbine
11,69,19.125,small_hydroelectric
24,69,62.577,small_hydroelectric
32,69,192.0,small_hydroelectric
39,69,52.9,small_hydroelectric
51,69,25.641,small_hydroelectric
64,69,6.128,small_hydroelectric
81,69,241.672,small_hydroelectric
95,69,418.922,small_hydroelectric
106,69,31.614,small_hydroelectric
125,69,100.697,small_hydroelectric
137,69,36.822,small_hydroelectric
145,69,33.21,small_hydroelectric
12,69,0.0,solar_photovoltaic
25,69,0.0,solar_photovoltaic
33,69,0.0,solar_photovoltaic
52,69,0.0,solar_photovoltaic
65,69,0.0,solar_photovoltaic
82,69,0.0,solar_photovoltaic
96,69,0.0,solar_photovoltaic
107,69,0.0,solar_photovoltaic
126,69,0.0,solar_photovoltaic
138,69,0.0,solar_photovoltaic
26,70,11.235,biomass
13,70,15.682,biomass
108,70,137.081,biomass
40,70,5.952,biomass
97,70,178.173,biomass
1,70,16.294,biomass
66,70,228.795,biomass
2,70,862.4549975999998,conventional_hydroelectric
14,70,128.7025344,conventional_hydroelectric
27,70,857.6617176000001,conventional_hydroelectric
35,70,833.4544592,conventional_hydroelectric
54,70,666.0481608000001,conventional_hydroelectric
67,70,1425.5510466674878,conventional_hydroelectric
84,70,15377.7412554,conventional_hydroelectric
109,70,107.76396152340001,conventional_hydroelectric
128,70,52.32546000000001,conventional_hydroelectric
139,70,47.5340736,conventional_hydroelectric
110,70,50.0,conventional_steam_coal
41,70,7219.002,conventional_steam_coal
3,70,14050.987,conventional_steam_coal
36,70,2368.701,conventional_steam_coal
85,70,1340.0,conventional_steam_coal
28,70,74.364,geothermal
116,70,56.5,natural_gas_fired_combined_cycle
73,70,412.60799999999966,natural_gas_fired_combined_cycle
71,70,0.0,natural_gas_fired_combined_cycle
44,70,0.0,natural_gas_fired_combined_cycle
115,70,0.0,natural_gas_fired_combined_cycle
70,70,0.0,natural_gas_fired_combined_cycle
131,70,0.0,natural_gas_fired_combined_cycle
18,70,0.0,natural_gas_fired_combined_cycle
72,70,0.0,natural_gas_fired_combined_cycle
114,70,0.0,natural_gas_fired_combined_cycle
45,70,0.0,natural_gas_fired_combined_cycle
78,70,257.0,natural_gas_fired_combustion_turbine
75,70,0.0,natural_gas_fired_combustion_turbine
119,70,0.0,natural_gas_fired_combustion_turbine
117,70,0.0,natural_gas_fired_combustion_turbine
134,70,0.0,natural_gas_fired_combustion_turbine
103,70,0.0,natural_gas_fired_combustion_turbine
47,70,0.0,natural_gas_fired_combustion_turbine
8,70,0.0,natural_gas_fired_combustion_turbine
90,70,0.0,natural_gas_fired_combustion_turbine
60,70,0.0,natural_gas_fired_combustion_turbine
46,70,0.0,natural_gas_fired_combustion_turbine
37,70,0.0,natural_gas_fired_combustion_turbine
7,70,0.0,natural_gas_fired_combustion_turbine
133,70,0.0,natural_gas_fired_combustion_turbine
74,70,0.0,natural_gas_fired_combustion_turbine
20,70,0.0,natural_gas_fired_combustion_turbine
135,70,0.0,natural_gas_fired_combustion_turbine
142,70,0.0,natural_gas_fired_combustion_turbine
121,70,0.0,natural_gas_fired_combustion_turbine
91,70,0.0,natural_gas_fired_combustion_turbine
22,70,0.0,natural_gas_steam_turbine
123,70,0.0,natural_gas_steam_turbine
62,70,0.0,natural_gas_steam_turbine
49,70,0.0,natural_gas_steam_turbine
48,70,0.0,natural_gas_steam_turbine
21,70,0.0,natural_gas_steam_turbine
79,70,7405.999,nuclear
10,70,557.08023,onshore_wind_turbine
23,70,266.4662,onshore_wind_turbine
31,70,7925.96175,onshore_wind_turbine
38,70,3616.77435,onshore_wind_turbine
50,70,1831.8518399999996,onshore_wind_turbine
63,70,48.125000336,onshore_wind_turbine
80,70,718.3643599999998,onshore_wind_turbine
94,70,2475.1594,onshore_wind_turbine
105,70,532.815360336,onshore_wind_turbine
124,70,1174.6696635828002,onshore_wind_turbine
136,70,287.8176,onshore_wind_turbine
144,70,4265.021879999999,onshore_wind_turbine
11,70,19.125,small_hydroelectric
24,70,62.577,small_hydroelectric
32,70,192.0,small_hydroelectric
39,70,52.9,small_hydroelectric
51,70,25.641,small_hydroelectric
64,70,6.128,small_hydroelectric
81,70,241.672,small_hydroelectric
95,70,418.922,small_hydroelectric
106,70,31.614,small_hydroelectric
125,70,100.697,small_hydroelectric
137,70,36.822,small_hydroelectric
145,70,33.21,small_hydroelectric
12,70,0.0,solar_photovoltaic
25,70,0.0,solar_photovoltaic
33,70,0.0,solar_photovoltaic
52,70,0.0,solar_photovoltaic
65,70,0.0,solar_photovoltaic
82,70,0.0,solar_photovoltaic
96,70,0.0,solar_photovoltaic
107,70,0.0,solar_photovoltaic
126,70,0.0,solar_photovoltaic
138,70,0.0,solar_photovoltaic
26,71,11.235,biomass
13,71,15.682,biomass
108,71,137.081,biomass
40,71,5.952,biomass
97,71,178.173,biomass
1,71,16.294,biomass
66,71,228.795,biomass
2,71,862.4549975999998,conventional_hydroelectric
14,71,128.7025344,conventional_hydroelectric
27,71,857.6617176000001,conventional_hydroelectric
35,71,833.4544592,conventional_hydroelectric
54,71,666.0481608000001,conventional_hydroelectric
67,71,1425.5510466674878,conventional_hydroelectric
84,71,15377.7412554,conventional_hydroelectric
109,71,107.76396152340001,conventional_hydroelectric
128,71,52.32546000000001,conventional_hydroelectric
139,71,47.5340736,conventional_hydroelectric
110,71,50.0,conventional_steam_coal
41,71,7219.002,conventional_steam_coal
3,71,8009.062589999999,conventional_steam_coal
36,71,1350.1595699999998,conventional_steam_coal
85,71,576.2,conventional_steam_coal
28,71,74.364,geothermal
116,71,20.339999999999947,natural_gas_fired_combined_cycle
73,71,0.0,natural_gas_fired_combined_cycle
71,71,0.0,natural_gas_fired_combined_cycle
44,71,0.0,natural_gas_fired_combined_cycle
115,71,0.0,natural_gas_fired_combined_cycle
70,71,0.0,natural_gas_fired_combined_cycle
131,71,0.0,natural_gas_fired_combined_cycle
18,71,0.0,natural_gas_fired_combined_cycle
72,71,0.0,natural_gas_fired_combined_cycle
114,71,0.0,natural_gas_fired_combined_cycle
45,71,0.0,natural_gas_fired_combined_cycle
78,71,0.0,natural_gas_fired_combustion_turbine
75,71,0.0,natural_gas_fired_combustion_turbine
119,71,0.0,natural_gas_fired_combustion_turbine
117,71,0.0,natural_gas_fired_combustion_turbine
134,71,0.0,natural_gas_fired_combustion_turbine
103,71,0.0,natural_gas_fired_combustion_turbine
47,71,0.0,natural_gas_fired_combustion_turbine
8,71,0.0,natural_gas_fired_combustion_turbine
90,71,0.0,natural_gas_fired_combustion_turbine
60,71,0.0,natural_gas_fired_combustion_turbine
46,71,0.0,natural_gas_fired_combustion_turbine
37,71,0.0,natural_gas_fired_combustion_turbine
7,71,0.0,natural_gas_fired_combustion_turbine
133,71,0.0,natural_gas_fired_combustion_turbine
74,71,0.0,natural_gas_fired_combustion_turbine
20,71,0.0,natural_gas_fired_combustion_turbine
135,71,0.0,natural_gas_fired_combustion_turbine
142,71,0.0,natural_gas_fired_combustion_turbine
121,71,0.0,natural_gas_fired_combustion_turbine
91,71,0.0,natural_gas_fired_combustion_turbine
22,71,0.0,natural_gas_steam_turbine
123,71,0.0,natural_gas_steam_turbine
62,71,0.0,natural_gas_steam_turbine
49,71,0.0,natural_gas_steam_turbine
48,71,0.0,natural_gas_steam_turbine
21,71,0.0,natural_gas_steam_turbine
79,71,7405.999,nuclear
10,71,390.8387,onshore_wind_turbine
23,71,788.2181999999999,onshore_wind_turbine
31,71,8043.51534,onshore_wind_turbine
38,71,4355.23935,onshore_wind_turbine
50,71,1463.9910599999998,onshore_wind_turbine
63,71,52.3529998096,onshore_wind_turbine
80,71,615.2098399999999,onshore_wind_turbine
94,71,2169.902,onshore_wind_turbine
105,71,370.44224028,onshore_wind_turbine
124,71,1192.1249323214004,onshore_wind_turbine
136,71,243.74553000000003,onshore_wind_turbine
144,71,5214.48669,onshore_wind_turbine
11,71,19.125,small_hydroelectric
24,71,62.577,small_hydroelectric
32,71,192.0,small_hydroelectric
39,71,52.9,small_hydroelectric
51,71,25.641,small_hydroelectric
64,71,6.128,small_hydroelectric
81,71,241.672,small_hydroelectric
95,71,418.922,small_hydroelectric
106,71,31.614,small_hydroelectric
125,71,100.697,small_hydroelectric
137,71,36.822,small_hydroelectric
145,71,33.21,small_hydroelectric
12,71,0.0,solar_photovoltaic
25,71,0.0,solar_photovoltaic
33,71,0.0,solar_photovoltaic
52,71,0.0,solar_photovoltaic
65,71,0.0,solar_photovoltaic
82,71,0.0,solar_photovoltaic
96,71,0.0,solar_photovoltaic
107,71,0.0,solar_photovoltaic
126,71,0.0,solar_photovoltaic
138,71,0.0,solar_photovoltaic
26,72,11.235,biomass
13,72,15.682,biomass
108,72,137.081,biomass
40,72,5.952,biomass
97,72,178.173,biomass
1,72,16.294,biomass
66,72,228.795,biomass
2,72,862.4549975999998,conventional_hydroelectric
14,72,128.7025344,conventional_hydroelectric
27,72,857.6617176000001,conventional_hydroelectric
35,72,833.4544592,conventional_hydroelectric
54,72,666.0481608000001,conventional_hydroelectric
67,72,1425.5510466674878,conventional_hydroelectric
84,72,15377.7412554,conventional_hydroelectric
109,72,107.76396152340001,conventional_hydroelectric
128,72,52.32546000000001,conventional_hydroelectric
139,72,47.5340736,conventional_hydroelectric
110,72,50.0,conventional_steam_coal
41,72,0.0,conventional_steam_coal
3,72,0.0,conventional_steam_coal
36,72,0.0,conventional_steam_coal
85,72,0.0,conventional_steam_coal
28,72,74.364,geothermal
116,72,0.0,natural_gas_fired_combined_cycle
73,72,0.0,natural_gas_fired_combined_cycle
71,72,0.0,natural_gas_fired_combined_cycle
44,72,0.0,natural_gas_fired_combined_cycle
115,72,0.0,natural_gas_fired_combined_cycle
70,72,0.0,natural_gas_fired_combined_cycle
131,72,0.0,natural_gas_fired_combined_cycle
18,72,0.0,natural_gas_fired_combined_cycle
72,72,0.0,natural_gas_fired_combined_cycle
114,72,0.0,natural_gas_fired_combined_cycle
45,72,0.0,natural_gas_fired_combined_cycle
78,72,0.0,natural_gas_fired_combustion_turbine
75,72,0.0,natural_gas_fired_combustion_turbine
119,72,0.0,natural_gas_fired_combustion_turbine
117,72,0.0,natural_gas_fired_combustion_turbine
134,72,0.0,natural_gas_fired_combustion_turbine
103,72,0.0,natural_gas_fired_combustion_turbine
47,72,0.0,natural_gas_fired_combustion_turbine
8,72,0.0,natural_gas_fired_combustion_turbine
90,72,0.0,natural_gas_fired_combustion_turbine
60,72,0.0,natural_gas_fired_combustion_turbine
46,72,0.0,natural_gas_fired_combustion_turbine
37,72,0.0,natural_gas_fired_combustion_turbine
7,72,0.0,natural_gas_fired_combustion_turbine
133,72,0.0,natural_gas_fired_combustion_turbine
74,72,0.0,natural_gas_fired_combustion_turbine
20,72,0.0,natural_gas_fired_combustion_turbine
135,72,0.0,natural_gas_fired_combustion_turbine
142,72,0.0,natural_gas_fired_combustion_turbine
121,72,0.0,natural_gas_fired_combustion_turbine
91,72,0.0,natural_gas_fired_combustion_turbine
22,72,0.0,natural_gas_steam_turbine
123,72,0.0,natural_gas_steam_turbine
62,72,0.0,natural_gas_steam_turbine
49,72,0.0,natural_gas_steam_turbine
48,72,0.0,natural_gas_steam_turbine
21,72,0.0,natural_gas_steam_turbine
79,72,7405.999,nuclear
10,72,338.6068,onshore_wind_turbine
23,72,1075.1818,onshore_wind_turbine
31,72,9046.87679,onshore_wind_turbine
38,72,4449.53565,onshore_wind_turbine
50,72,1096.1302799999999,onshore_wind_turbine
63,72,58.202479652799994,onshore_wind_turbine
80,72,1168.1552399999998,onshore_wind_turbine
94,72,2353.792,onshore_wind_turbine
105,72,404.714240406,onshore_wind_turbine
124,72,3570.6730554726005,onshore_wind_turbine
136,72,180.78543000000002,onshore_wind_turbine
144,72,6499.183949999999,onshore_wind_turbine
11,72,19.125,small_hydroelectric
24,72,62.577,small_hydroelectric
32,72,192.0,small_hydroelectric
39,72,52.9,small_hydroelectric
51,72,25.641,small_hydroelectric
64,72,6.128,small_hydroelectric
81,72,241.672,small_hydroelectric
95,72,418.922,small_hydroelectric
106,72,31.614,small_hydroelectric
125,72,100.697,small_hydroelectric
137,72,36.822,small_hydroelectric
145,72,33.21,small_hydroelectric
12,72,0.0,solar_photovoltaic
25,72,0.0,solar_photovoltaic
33,72,0.0,solar_photovoltaic
52,72,0.0,solar_photovoltaic
65,72,0.0,solar_photovoltaic
82,72,0.0,solar_photovoltaic
96,72,0.0,solar_photovoltaic
107,72,0.0,solar_photovoltaic
126,72,0.0,solar_photovoltaic
138,72,0.0,solar_photovoltaic
26,73,11.235,biomass
13,73,15.682,biomass
108,73,137.081,biomass
40,73,5.952,biomass
97,73,178.173,biomass
1,73,16.294,biomass
66,73,228.795,biomass
2,73,862.4549975999998,conventional_hydroelectric
14,73,128.7025344,conventional_hydroelectric
27,73,857.6617176000001,conventional_hydroelectric
35,73,833.4544592,conventional_hydroelectric
54,73,666.0481608000001,conventional_hydroelectric
67,73,1425.5510466674878,conventional_hydroelectric
84,73,15377.7412554,conventional_hydroelectric
109,73,107.76396152340001,conventional_hydroelectric
128,73,52.32546000000001,conventional_hydroelectric
139,73,47.5340736,conventional_hydroelectric
110,73,50.0,conventional_steam_coal
41,73,0.0,conventional_steam_coal
3,73,0.0,conventional_steam_coal
36,73,0.0,conventional_steam_coal
85,73,0.0,conventional_steam_coal
28,73,74.364,geothermal
116,73,0.0,natural_gas_fired_combined_cycle
73,73,0.0,natural_gas_fired_combined_cycle
71,73,0.0,natural_gas_fired_combined_cycle
44,73,0.0,natural_gas_fired_combined_cycle
115,73,0.0,natural_gas_fired_combined_cycle
70,73,0.0,natural_gas_fired_combined_cycle
131,73,0.0,natural_gas_fired_combined_cycle
18,73,0.0,natural_gas_fired_combined_cycle
72,73,0.0,natural_gas_fired_combined_cycle
114,73,0.0,natural_gas_fired_combined_cycle
45,73,0.0,natural_gas_fired_combined_cycle
78,73,0.0,natural_gas_fired_combustion_turbine
75,73,0.0,natural_gas_fired_combustion_turbine
119,73,0.0,natural_gas_fired_combustion_turbine
117,73,0.0,natural_gas_fired_combustion_turbine
134,73,0.0,natural_gas_fired_combustion_turbine
103,73,0.0,natural_gas_fired_combustion_turbine
47,73,0.0,natural_gas_fired_combustion_turbine
8,73,0.0,natural_gas_fired_combustion_turbine
90,73,0.0,natural_gas_fired_combustion_turbine
60,73,0.0,natural_gas_fired_combustion_turbine
46,73,0.0,natural_gas_fired_combustion_turbine
37,73,0.0,natural_gas_fired_combustion_turbine
7,73,0.0,natural_gas_fired_combustion_turbine
133,73,0.0,natural_gas_fired_combustion_turbine
74,73,0.0,natural_gas_fired_combustion_turbine
20,73,0.0,natural_gas_fired_combustion_turbine
135,73,0.0,natural_gas_fired_combustion_turbine
142,73,0.0,natural_gas_fired_combustion_turbine
121,73,0.0,natural_gas_fired_combustion_turbine
91,73,0.0,natural_gas_fired_combustion_turbine
22,73,0.0,natural_gas_steam_turbine
123,73,0.0,natural_gas_steam_turbine
62,73,0.0,natural_gas_steam_turbine
49,73,0.0,natural_gas_steam_turbine
48,73,0.0,natural_gas_steam_turbine
21,73,0.0,natural_gas_steam_turbine
79,73,7405.999,nuclear
10,73,364.90286000000003,onshore_wind_turbine
23,73,1168.3518000000001,onshore_wind_turbine
31,73,9528.96525,onshore_wind_turbine
38,73,3863.30805,onshore_wind_turbine
50,73,712.68792,onshore_wind_turbine
63,73,64.0687597032,onshore_wind_turbine
80,73,791.7806399999998,onshore_wind_turbine
94,73,3574.8215999999998,onshore_wind_turbine
105,73,212.119740798,onshore_wind_turbine
124,73,9192.384259550801,onshore_wind_turbine
136,73,91.74186000000002,onshore_wind_turbine
144,73,8523.55539,onshore_wind_turbine
11,73,19.125,small_hydroelectric
24,73,62.577,small_hydroelectric
32,73,192.0,small_hydroelectric
39,73,52.9,small_hydroelectric
51,73,25.641,small_hydroelectric
64,73,6.128,small_hydroelectric
81,73,241.672,small_hydroelectric
95,73,418.922,small_hydroelectric
106,73,31.614,small_hydroelectric
125,73,100.697,small_hydroelectric
137,73,36.822,small_hydroelectric
145,73,33.21,small_hydroelectric
12,73,0.0,solar_photovoltaic
25,73,0.0,solar_photovoltaic
33,73,0.0,solar_photovoltaic
52,73,0.0,solar_photovoltaic
65,73,0.0,solar_photovoltaic
82,73,0.0,solar_photovoltaic
96,73,0.0,solar_photovoltaic
107,73,0.0,solar_photovoltaic
126,73,0.0,solar_photovoltaic
138,73,0.0,solar_photovoltaic
26,74,11.235,biomass
13,74,15.682,biomass
108,74,137.081,biomass
40,74,5.952,biomass
97,74,178.17299999999977,biomass
1,74,16.294,biomass
66,74,228.795,biomass
2,74,862.4549975999998,conventional_hydroelectric
14,74,128.7025344,conventional_hydroelectric
27,74,857.6617176000001,conventional_hydroelectric
35,74,833.4544592,conventional_hydroelectric
54,74,666.0481608000001,conventional_hydroelectric
67,74,1425.5510466674878,conventional_hydroelectric
84,74,15377.7412554,conventional_hydroelectric
109,74,107.76396152340001,conventional_hydroelectric
128,74,52.32546000000001,conventional_hydroelectric
139,74,47.5340736,conventional_hydroelectric
110,74,28.499999999999996,conventional_steam_coal
41,74,0.0,conventional_steam_coal
3,74,0.0,conventional_steam_coal
36,74,0.0,conventional_steam_coal
85,74,0.0,conventional_steam_coal
28,74,74.364,geothermal
116,74,0.0,natural_gas_fired_combined_cycle
73,74,0.0,natural_gas_fired_combined_cycle
71,74,0.0,natural_gas_fired_combined_cycle
44,74,0.0,natural_gas_fired_combined_cycle
115,74,0.0,natural_gas_fired_combined_cycle
70,74,0.0,natural_gas_fired_combined_cycle
131,74,0.0,natural_gas_fired_combined_cycle
18,74,0.0,natural_gas_fired_combined_cycle
72,74,0.0,natural_gas_fired_combined_cycle
114,74,0.0,natural_gas_fired_combined_cycle
45,74,0.0,natural_gas_fired_combined_cycle
78,74,0.0,natural_gas_fired_combustion_turbine
75,74,0.0,natural_gas_fired_combustion_turbine
119,74,0.0,natural_gas_fired_combustion_turbine
117,74,0.0,natural_gas_fired_combustion_turbine
134,74,0.0,natural_gas_fired_combustion_turbine
103,74,0.0,natural_gas_fired_combustion_turbine
47,74,0.0,natural_gas_fired_combustion_turbine
8,74,0.0,natural_gas_fired_combustion_turbine
90,74,0.0,natural_gas_fired_combustion_turbine
60,74,0.0,natural_gas_fired_combustion_turbine
46,74,0.0,natural_gas_fired_combustion_turbine
37,74,0.0,natural_gas_fired_combustion_turbine
7,74,0.0,natural_gas_fired_combustion_turbine
133,74,0.0,natural_gas_fired_combustion_turbine
74,74,0.0,natural_gas_fired_combustion_turbine
20,74,0.0,natural_gas_fired_combustion_turbine
135,74,0.0,natural_gas_fired_combustion_turbine
142,74,0.0,natural_gas_fired_combustion_turbine
121,74,0.0,natural_gas_fired_combustion_turbine
91,74,0.0,natural_gas_fired_combustion_turbine
22,74,0.0,natural_gas_steam_turbine
123,74,0.0,natural_gas_steam_turbine
62,74,0.0,natural_gas_steam_turbine
49,74,0.0,natural_gas_steam_turbine
48,74,0.0,natural_gas_steam_turbine
21,74,0.0,natural_gas_steam_turbine
79,74,7405.998999999998,nuclear
10,74,355.53714,onshore_wind_turbine
23,74,782.628,onshore_wind_turbine
31,74,9346.10411,onshore_wind_turbine
38,74,4498.956,onshore_wind_turbine
50,74,1090.7105999999999,onshore_wind_turbine
63,74,55.8809997312,onshore_wind_turbine
80,74,246.26979999999998,onshore_wind_turbine
94,74,4446.4601999999995,onshore_wind_turbine
105,74,279.926081232,onshore_wind_turbine
124,74,14480.033389190601,onshore_wind_turbine
136,74,114.22761000000001,onshore_wind_turbine
144,74,7628.16033,onshore_wind_turbine
11,74,19.125,small_hydroelectric
24,74,62.577,small_hydroelectric
32,74,192.0,small_hydroelectric
39,74,52.9,small_hydroelectric
51,74,25.641,small_hydroelectric
64,74,6.128,small_hydroelectric
81,74,241.672,small_hydroelectric
95,74,418.922,small_hydroelectric
106,74,31.614,small_hydroelectric
125,74,100.697,small_hydroelectric
137,74,36.822,small_hydroelectric
145,74,33.21,small_hydroelectric
12,74,0.0,solar_photovoltaic
25,74,0.0,solar_photovoltaic
33,74,0.0,solar_photovoltaic
52,74,0.0,solar_photovoltaic
65,74,0.0,solar_photovoltaic
82,74,0.0,solar_photovoltaic
96,74,0.0,solar_photovoltaic
107,74,0.0,solar_photovoltaic
126,74,0.0,solar_photovoltaic
138,74,0.0,solar_photovoltaic
26,75,0.0,biomass
13,75,0.0,biomass
108,75,0.0,biomass
40,75,0.0,biomass
97,75,0.0,biomass
1,75,0.0,biomass
66,75,0.0,biomass
2,75,862.4549975999998,conventional_hydroelectric
14,75,128.7025344,conventional_hydroelectric
27,75,857.6617176000001,conventional_hydroelectric
35,75,833.4544592,conventional_hydroelectric
54,75,666.0481608000001,conventional_hydroelectric
67,75,1425.5510466674878,conventional_hydroelectric
84,75,15377.7412554,conventional_hydroelectric
109,75,107.76396152340001,conventional_hydroelectric
128,75,52.32546000000001,conventional_hydroelectric
139,75,47.5340736,conventional_hydroelectric
110,75,0.0,conventional_steam_coal
41,75,0.0,conventional_steam_coal
3,75,0.0,conventional_steam_coal
36,75,0.0,conventional_steam_coal
85,75,0.0,conventional_steam_coal
28,75,74.364,geothermal
116,75,0.0,natural_gas_fired_combined_cycle
73,75,0.0,natural_gas_fired_combined_cycle
71,75,0.0,natural_gas_fired_combined_cycle
44,75,0.0,natural_gas_fired_combined_cycle
115,75,0.0,natural_gas_fired_combined_cycle
70,75,0.0,natural_gas_fired_combined_cycle
131,75,0.0,natural_gas_fired_combined_cycle
18,75,0.0,natural_gas_fired_combined_cycle
72,75,0.0,natural_gas_fired_combined_cycle
114,75,0.0,natural_gas_fired_combined_cycle
45,75,0.0,natural_gas_fired_combined_cycle
78,75,0.0,natural_gas_fired_combustion_turbine
75,75,0.0,natural_gas_fired_combustion_turbine
119,75,0.0,natural_gas_fired_combustion_turbine
117,75,0.0,natural_gas_fired_combustion_turbine
134,75,0.0,natural_gas_fired_combustion_turbine
103,75,0.0,natural_gas_fired_combustion_turbine
47,75,0.0,natural_gas_fired_combustion_turbine
8,75,0.0,natural_gas_fired_combustion_turbine
90,75,0.0,natural_gas_fired_combustion_turbine
60,75,0.0,natural_gas_fired_combustion_turbine
46,75,0.0,natural_gas_fired_combustion_turbine
37,75,0.0,natural_gas_fired_combustion_turbine
7,75,0.0,natural_gas_fired_combustion_turbine
133,75,0.0,natural_gas_fired_combustion_turbine
74,75,0.0,natural_gas_fired_combustion_turbine
20,75,0.0,natural_gas_fired_combustion_turbine
135,75,0.0,natural_gas_fired_combustion_turbine
142,75,0.0,natural_gas_fired_combustion_turbine
121,75,0.0,natural_gas_fired_combustion_turbine
91,75,0.0,natural_gas_fired_combustion_turbine
22,75,0.0,natural_gas_steam_turbine
123,75,0.0,natural_gas_steam_turbine
62,75,0.0,natural_gas_steam_turbine
49,75,0.0,natural_gas_steam_turbine
48,75,0.0,natural_gas_steam_turbine
21,75,0.0,natural_gas_steam_turbine
79,75,5554.499249999998,nuclear
10,75,405.42761,onshore_wind_turbine
23,75,560.8833999999999,onshore_wind_turbine
31,75,9305.73217,onshore_wind_turbine
38,75,4587.00375,onshore_wind_turbine
50,75,1722.1033199999997,onshore_wind_turbine
63,75,63.083999636,onshore_wind_turbine
80,75,2.7879599999999995,onshore_wind_turbine
94,75,6711.985,onshore_wind_turbine
105,75,159.576759195,onshore_wind_turbine
124,75,16524.024779724,onshore_wind_turbine
136,75,190.67916000000002,onshore_wind_turbine
144,75,7976.369519999999,onshore_wind_turbine
11,75,19.125,small_hydroelectric
24,75,62.577,small_hydroelectric
32,75,192.0,small_hydroelectric
39,75,52.9,small_hydroelectric
51,75,25.641,small_hydroelectric
64,75,6.128,small_hydroelectric
81,75,241.672,small_hydroelectric
95,75,418.922,small_hydroelectric
106,75,31.614,small_hydroelectric
125,75,100.697,small_hydroelectric
137,75,36.822,small_hydroelectric
145,75,33.21,small_hydroelectric
12,75,0.0,solar_photovoltaic
25,75,0.0,solar_photovoltaic
33,75,0.0,solar_photovoltaic
52,75,0.0,solar_photovoltaic
65,75,0.0,solar_photovoltaic
82,75,0.0,solar_photovoltaic
96,75,0.0,solar_photovoltaic
107,75,0.0,solar_photovoltaic
126,75,0.0,solar_photovoltaic
138,75,0.0,solar_photovoltaic
26,76,0.0,biomass
13,76,0.0,biomass
108,76,0.0,biomass
40,76,0.0,biomass
97,76,0.0,biomass
1,76,0.0,biomass
66,76,0.0,biomass
2,76,862.4549975999998,conventional_hydroelectric
14,76,128.7025344,conventional_hydroelectric
27,76,857.6617176000001,conventional_hydroelectric
35,76,833.4544592,conventional_hydroelectric
54,76,666.0481608000001,conventional_hydroelectric
67,76,1425.5510466674878,conventional_hydroelectric
84,76,15377.7412554,conventional_hydroelectric
109,76,107.76396152340001,conventional_hydroelectric
128,76,52.32546000000001,conventional_hydroelectric
139,76,47.5340736,conventional_hydroelectric
110,76,0.0,conventional_steam_coal
41,76,0.0,conventional_steam_coal
3,76,0.0,conventional_steam_coal
36,76,0.0,conventional_steam_coal
85,76,0.0,conventional_steam_coal
28,76,74.364,geothermal
116,76,0.0,natural_gas_fired_combined_cycle
73,76,0.0,natural_gas_fired_combined_cycle
71,76,0.0,natural_gas_fired_combined_cycle
44,76,0.0,natural_gas_fired_combined_cycle
115,76,0.0,natural_gas_fired_combined_cycle
70,76,0.0,natural_gas_fired_combined_cycle
131,76,0.0,natural_gas_fired_combined_cycle
18,76,0.0,natural_gas_fired_combined_cycle
72,76,0.0,natural_gas_fired_combined_cycle
114,76,0.0,natural_gas_fired_combined_cycle
45,76,0.0,natural_gas_fired_combined_cycle
78,76,0.0,natural_gas_fired_combustion_turbine
75,76,0.0,natural_gas_fired_combustion_turbine
119,76,0.0,natural_gas_fired_combustion_turbine
117,76,0.0,natural_gas_fired_combustion_turbine
134,76,0.0,natural_gas_fired_combustion_turbine
103,76,0.0,natural_gas_fired_combustion_turbine
47,76,0.0,natural_gas_fired_combustion_turbine
8,76,0.0,natural_gas_fired_combustion_turbine
90,76,0.0,natural_gas_fired_combustion_turbine
60,76,0.0,natural_gas_fired_combustion_turbine
46,76,0.0,natural_gas_fired_combustion_turbine
37,76,0.0,natural_gas_fired_combustion_turbine
7,76,0.0,natural_gas_fired_combustion_turbine
133,76,0.0,natural_gas_fired_combustion_turbine
74,76,0.0,natural_gas_fired_combustion_turbine
20,76,0.0,natural_gas_fired_combustion_turbine
135,76,0.0,natural_gas_fired_combustion_turbine
142,76,0.0,natural_gas_fired_combustion_turbine
121,76,0.0,natural_gas_fired_combustion_turbine
91,76,0.0,natural_gas_fired_combustion_turbine
22,76,0.0,natural_gas_steam_turbine
123,76,0.0,natural_gas_steam_turbine
62,76,0.0,natural_gas_steam_turbine
49,76,0.0,natural_gas_steam_turbine
48,76,0.0,natural_gas_steam_turbine
21,76,0.0,natural_gas_steam_turbine
79,76,5554.499249999998,nuclear
10,76,651.4578700000001,onshore_wind_turbine
23,76,847.847,onshore_wind_turbine
31,76,9324.730730000001,onshore_wind_turbine
38,76,4554.6249,onshore_wind_turbine
50,76,1535.1243599999998,onshore_wind_turbine
63,76,95.3173202352,onshore_wind_turbine
80,76,2.7879599999999995,onshore_wind_turbine
94,76,9054.7436,onshore_wind_turbine
105,76,165.42344135099998,onshore_wind_turbine
124,76,16911.630528515805,onshore_wind_turbine
136,76,200.57289000000003,onshore_wind_turbine
144,76,8073.69507,onshore_wind_turbine
11,76,19.125,small_hydroelectric
24,76,62.577,small_hydroelectric
32,76,192.0,small_hydroelectric
39,76,52.9,small_hydroelectric
51,76,25.641,small_hydroelectric
64,76,6.128,small_hydroelectric
81,76,241.672,small_hydroelectric
95,76,418.922,small_hydroelectric
106,76,31.614,small_hydroelectric
125,76,100.697,small_hydroelectric
137,76,36.822,small_hydroelectric
145,76,33.21,small_hydroelectric
12,76,0.0,solar_photovoltaic
25,76,0.0,solar_photovoltaic
33,76,0.0,solar_photovoltaic
52,76,0.0,solar_photovoltaic
65,76,0.0,solar_photovoltaic
82,76,0.0,solar_photovoltaic
96,76,0.0,solar_photovoltaic
107,76,0.0,solar_photovoltaic
126,76,0.0,solar_photovoltaic
138,76,0.0,solar_photovoltaic
26,77,11.235,biomass
13,77,15.682,biomass
108,77,137.081,biomass
40,77,5.952,biomass
97,77,178.173,biomass
1,77,16.294,biomass
66,77,228.795,biomass
2,77,862.4549975999998,conventional_hydroelectric
14,77,128.7025344,conventional_hydroelectric
27,77,857.6617176000001,conventional_hydroelectric
35,77,833.4544592,conventional_hydroelectric
54,77,666.0481608000001,conventional_hydroelectric
67,77,1425.5510466674878,conventional_hydroelectric
84,77,15377.7412554,conventional_hydroelectric
109,77,107.76396152340001,conventional_hydroelectric
128,77,52.32546000000001,conventional_hydroelectric
139,77,47.5340736,conventional_hydroelectric
110,77,28.499999999999996,conventional_steam_coal
41,77,0.0,conventional_steam_coal
3,77,0.0,conventional_steam_coal
36,77,0.0,conventional_steam_coal
85,77,0.0,conventional_steam_coal
28,77,74.364,geothermal
116,77,0.0,natural_gas_fired_combined_cycle
73,77,0.0,natural_gas_fired_combined_cycle
71,77,0.0,natural_gas_fired_combined_cycle
44,77,0.0,natural_gas_fired_combined_cycle
115,77,0.0,natural_gas_fired_combined_cycle
70,77,0.0,natural_gas_fired_combined_cycle
131,77,0.0,natural_gas_fired_combined_cycle
18,77,0.0,natural_gas_fired_combined_cycle
72,77,0.0,natural_gas_fired_combined_cycle
114,77,0.0,natural_gas_fired_combined_cycle
45,77,0.0,natural_gas_fired_combined_cycle
78,77,0.0,natural_gas_fired_combustion_turbine
75,77,0.0,natural_gas_fired_combustion_turbine
119,77,0.0,natural_gas_fired_combustion_turbine
117,77,0.0,natural_gas_fired_combustion_turbine
134,77,0.0,natural_gas_fired_combustion_turbine
103,77,0.0,natural_gas_fired_combustion_turbine
47,77,0.0,natural_gas_fired_combustion_turbine
8,77,0.0,natural_gas_fired_combustion_turbine
90,77,0.0,natural_gas_fired_combustion_turbine
60,77,0.0,natural_gas_fired_combustion_turbine
46,77,0.0,natural_gas_fired_combustion_turbine
37,77,0.0,natural_gas_fired_combustion_turbine
7,77,0.0,natural_gas_fired_combustion_turbine
133,77,0.0,natural_gas_fired_combustion_turbine
74,77,0.0,natural_gas_fired_combustion_turbine
20,77,0.0,natural_gas_fired_combustion_turbine
135,77,0.0,natural_gas_fired_combustion_turbine
142,77,0.0,natural_gas_fired_combustion_turbine
121,77,0.0,natural_gas_fired_combustion_turbine
91,77,0.0,natural_gas_fired_combustion_turbine
22,77,0.0,natural_gas_steam_turbine
123,77,0.0,natural_gas_steam_turbine
62,77,0.0,natural_gas_steam_turbine
49,77,0.0,natural_gas_steam_turbine
48,77,0.0,natural_gas_steam_turbine
21,77,0.0,natural_gas_steam_turbine
79,77,7405.998999999998,nuclear
10,77,637.7695100000001,onshore_wind_turbine
23,77,1183.259,onshore_wind_turbine
31,77,8383.114599999999,onshore_wind_turbine
38,77,4497.25185,onshore_wind_turbine
50,77,909.15132,onshore_wind_turbine
63,77,78.9084801008,onshore_wind_turbine
80,77,4.646599999999999,onshore_wind_turbine
94,77,10562.6416,onshore_wind_turbine
105,77,305.10102075599997,onshore_wind_turbine
124,77,9866.307015642002,onshore_wind_turbine
136,77,589.12665,onshore_wind_turbine
144,77,8590.601879999998,onshore_wind_turbine
11,77,19.125,small_hydroelectric
24,77,62.577,small_hydroelectric
32,77,192.0,small_hydroelectric
39,77,52.9,small_hydroelectric
51,77,25.641,small_hydroelectric
64,77,6.128,small_hydroelectric
81,77,241.672,small_hydroelectric
95,77,418.922,small_hydroelectric
106,77,31.614,small_hydroelectric
125,77,100.697,small_hydroelectric
137,77,36.822,small_hydroelectric
145,77,33.21,small_hydroelectric
12,77,0.0,solar_photovoltaic
25,77,0.0,solar_photovoltaic
33,77,0.0,solar_photovoltaic
52,77,0.0,solar_photovoltaic
65,77,0.0,solar_photovoltaic
82,77,0.0,solar_photovoltaic
96,77,0.0,solar_photovoltaic
107,77,0.0,solar_photovoltaic
126,77,0.0,solar_photovoltaic
138,77,0.0,solar_photovoltaic
26,78,11.235,biomass
13,78,15.682,biomass
108,78,137.081,biomass
40,78,5.952,biomass
97,78,178.173,biomass
1,78,16.294,biomass
66,78,228.795,biomass
2,78,862.4549975999998,conventional_hydroelectric
14,78,128.7025344,conventional_hydroelectric
27,78,857.6617176000001,conventional_hydroelectric
35,78,833.4544592,conventional_hydroelectric
54,78,666.0481608000001,conventional_hydroelectric
67,78,1425.5510466674878,conventional_hydroelectric
84,78,15377.7412554,conventional_hydroelectric
109,78,107.76396152340001,conventional_hydroelectric
128,78,52.32546000000001,conventional_hydroelectric
139,78,47.5340736,conventional_hydroelectric
110,78,50.0,conventional_steam_coal
41,78,0.0,conventional_steam_coal
3,78,0.0,conventional_steam_coal
36,78,0.0,conventional_steam_coal
85,78,0.0,conventional_steam_coal
28,78,74.364,geothermal
116,78,0.0,natural_gas_fired_combined_cycle
73,78,0.0,natural_gas_fired_combined_cycle
71,78,0.0,natural_gas_fired_combined_cycle
44,78,0.0,natural_gas_fired_combined_cycle
115,78,0.0,natural_gas_fired_combined_cycle
70,78,0.0,natural_gas_fired_combined_cycle
131,78,0.0,natural_gas_fired_combined_cycle
18,78,0.0,natural_gas_fired_combined_cycle
72,78,0.0,natural_gas_fired_combined_cycle
114,78,0.0,natural_gas_fired_combined_cycle
45,78,0.0,natural_gas_fired_combined_cycle
78,78,0.0,natural_gas_fired_combustion_turbine
75,78,0.0,natural_gas_fired_combustion_turbine
119,78,0.0,natural_gas_fired_combustion_turbine
117,78,0.0,natural_gas_fired_combustion_turbine
134,78,0.0,natural_gas_fired_combustion_turbine
103,78,0.0,natural_gas_fired_combustion_turbine
47,78,0.0,natural_gas_fired_combustion_turbine
8,78,0.0,natural_gas_fired_combustion_turbine
90,78,0.0,natural_gas_fired_combustion_turbine
60,78,0.0,natural_gas_fired_combustion_turbine
46,78,0.0,natural_gas_fired_combustion_turbine
37,78,0.0,natural_gas_fired_combustion_turbine
7,78,0.0,natural_gas_fired_combustion_turbine
133,78,0.0,natural_gas_fired_combustion_turbine
74,78,0.0,natural_gas_fired_combustion_turbine
20,78,0.0,natural_gas_fired_combustion_turbine
135,78,0.0,natural_gas_fired_combustion_turbine
142,78,0.0,natural_gas_fired_combustion_turbine
121,78,0.0,natural_gas_fired_combustion_turbine
91,78,0.0,natural_gas_fired_combustion_turbine
22,78,0.0,natural_gas_steam_turbine
123,78,0.0,natural_gas_steam_turbine
62,78,0.0,natural_gas_steam_turbine
49,78,0.0,natural_gas_steam_turbine
48,78,0.0,natural_gas_steam_turbine
21,78,0.0,natural_gas_steam_turbine
79,78,5554.499250000009,nuclear
10,78,444.87170000000003,onshore_wind_turbine
23,78,2323.6598,onshore_wind_turbine
31,78,7817.90744,onshore_wind_turbine
38,78,4722.1996500000005,onshore_wind_turbine
50,78,656.4587399999999,onshore_wind_turbine
63,78,91.5166000896,onshore_wind_turbine
80,78,13.010479999999998,onshore_wind_turbine
94,78,10713.4314,onshore_wind_turbine
105,78,485.83584128099994,onshore_wind_turbine
124,78,10517.953036945202,onshore_wind_turbine
136,78,793.29726,onshore_wind_turbine
144,78,8648.99721,onshore_wind_turbine
11,78,19.125,small_hydroelectric
24,78,62.577,small_hydroelectric
32,78,192.0,small_hydroelectric
39,78,52.9,small_hydroelectric
51,78,25.641,small_hydroelectric
64,78,6.128,small_hydroelectric
81,78,241.672,small_hydroelectric
95,78,418.922,small_hydroelectric
106,78,31.614,small_hydroelectric
125,78,100.697,small_hydroelectric
137,78,36.822,small_hydroelectric
145,78,33.21,small_hydroelectric
12,78,0.0,solar_photovoltaic
25,78,0.0,solar_photovoltaic
33,78,0.0,solar_photovoltaic
52,78,0.0,solar_photovoltaic
65,78,0.0,solar_photovoltaic
82,78,0.0,solar_photovoltaic
96,78,0.0,solar_photovoltaic
107,78,0.0,solar_photovoltaic
126,78,0.0,solar_photovoltaic
138,78,0.0,solar_photovoltaic
26,79,11.235,biomass
13,79,15.682,biomass
108,79,137.081,biomass
40,79,5.952,biomass
97,79,178.173,biomass
1,79,16.294,biomass
66,79,228.795,biomass
2,79,862.4549975999998,conventional_hydroelectric
14,79,128.7025344,conventional_hydroelectric
27,79,857.6617176000001,conventional_hydroelectric
35,79,833.4544592,conventional_hydroelectric
54,79,666.0481608000001,conventional_hydroelectric
67,79,1425.5510466674878,conventional_hydroelectric
84,79,15377.7412554,conventional_hydroelectric
109,79,107.76396152340001,conventional_hydroelectric
128,79,52.32546000000001,conventional_hydroelectric
139,79,47.5340736,conventional_hydroelectric
110,79,28.499999999999996,conventional_steam_coal
41,79,813.4289937321313,conventional_steam_coal
3,79,0.0,conventional_steam_coal
36,79,0.0,conventional_steam_coal
85,79,0.0,conventional_steam_coal
28,79,74.364,geothermal
116,79,0.0,natural_gas_fired_combined_cycle
73,79,0.0,natural_gas_fired_combined_cycle
71,79,0.0,natural_gas_fired_combined_cycle
44,79,0.0,natural_gas_fired_combined_cycle
115,79,0.0,natural_gas_fired_combined_cycle
70,79,0.0,natural_gas_fired_combined_cycle
131,79,0.0,natural_gas_fired_combined_cycle
18,79,0.0,natural_gas_fired_combined_cycle
72,79,0.0,natural_gas_fired_combined_cycle
114,79,0.0,natural_gas_fired_combined_cycle
45,79,0.0,natural_gas_fired_combined_cycle
78,79,0.0,natural_gas_fired_combustion_turbine
75,79,0.0,natural_gas_fired_combustion_turbine
119,79,0.0,natural_gas_fired_combustion_turbine
117,79,0.0,natural_gas_fired_combustion_turbine
134,79,0.0,natural_gas_fired_combustion_turbine
103,79,0.0,natural_gas_fired_combustion_turbine
47,79,0.0,natural_gas_fired_combustion_turbine
8,79,0.0,natural_gas_fired_combustion_turbine
90,79,0.0,natural_gas_fired_combustion_turbine
60,79,0.0,natural_gas_fired_combustion_turbine
46,79,0.0,natural_gas_fired_combustion_turbine
37,79,0.0,natural_gas_fired_combustion_turbine
7,79,0.0,natural_gas_fired_combustion_turbine
133,79,0.0,natural_gas_fired_combustion_turbine
74,79,0.0,natural_gas_fired_combustion_turbine
20,79,0.0,natural_gas_fired_combustion_turbine
135,79,0.0,natural_gas_fired_combustion_turbine
142,79,0.0,natural_gas_fired_combustion_turbine
121,79,0.0,natural_gas_fired_combustion_turbine
91,79,0.0,natural_gas_fired_combustion_turbine
22,79,0.0,natural_gas_steam_turbine
123,79,0.0,natural_gas_steam_turbine
62,79,0.0,natural_gas_steam_turbine
49,79,0.0,natural_gas_steam_turbine
48,79,0.0,natural_gas_steam_turbine
21,79,0.0,natural_gas_steam_turbine
79,79,3702.999500000009,nuclear
10,79,579.41387,onshore_wind_turbine
23,79,5869.71,onshore_wind_turbine
31,79,7635.0463,onshore_wind_turbine
38,79,4805.7029999999995,onshore_wind_turbine
50,79,875.9557799999999,onshore_wind_turbine
63,79,116.141759692,onshore_wind_turbine
80,79,13.939799999999998,onshore_wind_turbine
94,79,12019.0504,onshore_wind_turbine
105,79,389.604040875,onshore_wind_turbine
124,79,6509.7551343594005,onshore_wind_turbine
136,79,381.35832000000005,onshore_wind_turbine
144,79,9786.624749999999,onshore_wind_turbine
11,79,19.125,small_hydroelectric
24,79,62.577,small_hydroelectric
32,79,192.0,small_hydroelectric
39,79,52.9,small_hydroelectric
51,79,25.641,small_hydroelectric
64,79,6.128,small_hydroelectric
81,79,241.672,small_hydroelectric
95,79,418.922,small_hydroelectric
106,79,31.614,small_hydroelectric
125,79,100.697,small_hydroelectric
137,79,36.822,small_hydroelectric
145,79,33.21,small_hydroelectric
12,79,997.1967599999999,solar_photovoltaic
25,79,1102.2969999999998,solar_photovoltaic
33,79,0.0,solar_photovoltaic
52,79,1237.9033800000002,solar_photovoltaic
65,79,248.8295568164,solar_photovoltaic
82,79,0.0,solar_photovoltaic
96,79,0.0,solar_photovoltaic
107,79,0.0,solar_photovoltaic
126,79,0.0,solar_photovoltaic
138,79,659.8014499999998,solar_photovoltaic
26,80,0.0,biomass
13,80,0.0,biomass
108,80,0.0,biomass
40,80,0.0,biomass
97,80,0.0,biomass
1,80,0.0,biomass
66,80,0.0,biomass
2,80,633.1668335999977,conventional_hydroelectric
14,80,89.65900239999985,conventional_hydroelectric
27,80,857.6617176000001,conventional_hydroelectric
35,80,626.1523311999993,conventional_hydroelectric
54,80,579.777877799999,conventional_hydroelectric
67,80,1425.5510466674878,conventional_hydroelectric
84,80,12966.34408139998,conventional_hydroelectric
109,80,107.76396152340001,conventional_hydroelectric
128,80,39.726059999999976,conventional_hydroelectric
139,80,47.5340736,conventional_hydroelectric
110,80,0.0,conventional_steam_coal
41,80,0.0,conventional_steam_coal
3,80,0.0,conventional_steam_coal
36,80,0.0,conventional_steam_coal
85,80,0.0,conventional_steam_coal
28,80,74.364,geothermal
116,80,0.0,natural_gas_fired_combined_cycle
73,80,0.0,natural_gas_fired_combined_cycle
71,80,0.0,natural_gas_fired_combined_cycle
44,80,0.0,natural_gas_fired_combined_cycle
115,80,0.0,natural_gas_fired_combined_cycle
70,80,0.0,natural_gas_fired_combined_cycle
131,80,0.0,natural_gas_fired_combined_cycle
18,80,0.0,natural_gas_fired_combined_cycle
72,80,0.0,natural_gas_fired_combined_cycle
114,80,0.0,natural_gas_fired_combined_cycle
45,80,0.0,natural_gas_fired_combined_cycle
78,80,0.0,natural_gas_fired_combustion_turbine
75,80,0.0,natural_gas_fired_combustion_turbine
119,80,0.0,natural_gas_fired_combustion_turbine
117,80,0.0,natural_gas_fired_combustion_turbine
134,80,0.0,natural_gas_fired_combustion_turbine
103,80,0.0,natural_gas_fired_combustion_turbine
47,80,0.0,natural_gas_fired_combustion_turbine
8,80,0.0,natural_gas_fired_combustion_turbine
90,80,0.0,natural_gas_fired_combustion_turbine
60,80,0.0,natural_gas_fired_combustion_turbine
46,80,0.0,natural_gas_fired_combustion_turbine
37,80,0.0,natural_gas_fired_combustion_turbine
7,80,0.0,natural_gas_fired_combustion_turbine
133,80,0.0,natural_gas_fired_combustion_turbine
74,80,0.0,natural_gas_fired_combustion_turbine
20,80,0.0,natural_gas_fired_combustion_turbine
135,80,0.0,natural_gas_fired_combustion_turbine
142,80,0.0,natural_gas_fired_combustion_turbine
121,80,0.0,natural_gas_fired_combustion_turbine
91,80,0.0,natural_gas_fired_combustion_turbine
22,80,0.0,natural_gas_steam_turbine
123,80,0.0,natural_gas_steam_turbine
62,80,0.0,natural_gas_steam_turbine
49,80,0.0,natural_gas_steam_turbine
48,80,0.0,natural_gas_steam_turbine
21,80,0.0,natural_gas_steam_turbine
79,80,1851.499750000007,nuclear
10,80,498.36437000000006,onshore_wind_turbine
23,80,5657.2824,onshore_wind_turbine
31,80,7669.48119,onshore_wind_turbine
38,80,4820.4723,onshore_wind_turbine
50,80,0.0,onshore_wind_turbine
63,80,134.6757999608,onshore_wind_turbine
80,80,13.939799999999998,onshore_wind_turbine
94,80,14869.3454,onshore_wind_turbine
105,80,0.0,onshore_wind_turbine
124,80,7406.1543434802015,onshore_wind_turbine
136,80,0.0,onshore_wind_turbine
144,80,8471.64843,onshore_wind_turbine
11,80,0.0,small_hydroelectric
24,80,62.577,small_hydroelectric
32,80,0.0,small_hydroelectric
39,80,52.9,small_hydroelectric
51,80,25.641,small_hydroelectric
64,80,0.0,small_hydroelectric
81,80,0.0,small_hydroelectric
95,80,0.0,small_hydroelectric
106,80,31.614,small_hydroelectric
125,80,0.0,small_hydroelectric
137,80,0.0,small_hydroelectric
145,80,0.0,small_hydroelectric
12,80,5207.74002,solar_photovoltaic
25,80,2011.7854399999997,solar_photovoltaic
33,80,649.2724000000001,solar_photovoltaic
52,80,0.0,solar_photovoltaic
65,80,0.0,solar_photovoltaic
82,80,5298.83452,solar_photovoltaic
96,80,0.0,solar_photovoltaic
107,80,0.0,solar_photovoltaic
126,80,5542.591770768119,solar_photovoltaic
138,80,2028.7182299999997,solar_photovoltaic
26,81,0.0,biomass
13,81,0.0,biomass
108,81,0.0,biomass
40,81,0.0,biomass
97,81,0.0,biomass
1,81,0.0,biomass
66,81,0.0,biomass
2,81,403.8786695999958,conventional_hydroelectric
14,81,50.61547039999985,conventional_hydroelectric
27,81,740.5410816000006,conventional_hydroelectric
35,81,418.85020319999853,conventional_hydroelectric
54,81,666.0481608000001,conventional_hydroelectric
67,81,1425.5510466674878,conventional_hydroelectric
84,81,12966.34408139999,conventional_hydroelectric
109,81,107.76396152340001,conventional_hydroelectric
128,81,27.12665999999996,conventional_hydroelectric
139,81,28.20370559999993,conventional_hydroelectric
110,81,0.0,conventional_steam_coal
41,81,0.0,conventional_steam_coal
3,81,0.0,conventional_steam_coal
36,81,0.0,conventional_steam_coal
85,81,0.0,conventional_steam_coal
28,81,74.364,geothermal
116,81,0.0,natural_gas_fired_combined_cycle
73,81,0.0,natural_gas_fired_combined_cycle
71,81,0.0,natural_gas_fired_combined_cycle
44,81,0.0,natural_gas_fired_combined_cycle
115,81,0.0,natural_gas_fired_combined_cycle
70,81,0.0,natural_gas_fired_combined_cycle
131,81,0.0,natural_gas_fired_combined_cycle
18,81,0.0,natural_gas_fired_combined_cycle
72,81,0.0,natural_gas_fired_combined_cycle
114,81,0.0,natural_gas_fired_combined_cycle
45,81,0.0,natural_gas_fired_combined_cycle
78,81,0.0,natural_gas_fired_combustion_turbine
75,81,0.0,natural_gas_fired_combustion_turbine
119,81,0.0,natural_gas_fired_combustion_turbine
117,81,0.0,natural_gas_fired_combustion_turbine
134,81,0.0,natural_gas_fired_combustion_turbine
103,81,0.0,natural_gas_fired_combustion_turbine
47,81,0.0,natural_gas_fired_combustion_turbine
8,81,0.0,natural_gas_fired_combustion_turbine
90,81,0.0,natural_gas_fired_combustion_turbine
60,81,0.0,natural_gas_fired_combustion_turbine
46,81,0.0,natural_gas_fired_combustion_turbine
37,81,0.0,natural_gas_fired_combustion_turbine
7,81,0.0,natural_gas_fired_combustion_turbine
133,81,0.0,natural_gas_fired_combustion_turbine
74,81,0.0,natural_gas_fired_combustion_turbine
20,81,0.0,natural_gas_fired_combustion_turbine
135,81,0.0,natural_gas_fired_combustion_turbine
142,81,0.0,natural_gas_fired_combustion_turbine
121,81,0.0,natural_gas_fired_combustion_turbine
91,81,0.0,natural_gas_fired_combustion_turbine
22,81,0.0,natural_gas_steam_turbine
123,81,0.0,natural_gas_steam_turbine
62,81,0.0,natural_gas_steam_turbine
49,81,0.0,natural_gas_steam_turbine
48,81,0.0,natural_gas_steam_turbine
21,81,0.0,natural_gas_steam_turbine
79,81,0.0,nuclear
10,81,500.70580000000007,onshore_wind_turbine
23,81,4185.1964,onshore_wind_turbine
31,81,0.0,onshore_wind_turbine
38,81,4724.47185,onshore_wind_turbine
50,81,1333.24128,onshore_wind_turbine
63,81,65.6661602688,onshore_wind_turbine
80,81,0.0,onshore_wind_turbine
94,81,15752.0174,onshore_wind_turbine
105,81,0.0,onshore_wind_turbine
124,81,0.0,onshore_wind_turbine
136,81,0.0,onshore_wind_turbine
144,81,1996.4154230215745,onshore_wind_turbine
11,81,0.0,small_hydroelectric
24,81,0.0,small_hydroelectric
32,81,0.0,small_hydroelectric
39,81,0.0,small_hydroelectric
51,81,0.0,small_hydroelectric
64,81,0.0,small_hydroelectric
81,81,0.0,small_hydroelectric
95,81,0.0,small_hydroelectric
106,81,0.0,small_hydroelectric
125,81,100.697,small_hydroelectric
137,81,0.0,small_hydroelectric
145,81,0.0,small_hydroelectric
12,81,0.0,solar_photovoltaic
25,81,2659.7118799999994,solar_photovoltaic
33,81,0.0,solar_photovoltaic
52,81,0.0,solar_photovoltaic
65,81,13275.6164820755,solar_photovoltaic
82,81,10238.690560000001,solar_photovoltaic
96,81,0.0,solar_photovoltaic
107,81,12296.344630136,solar_photovoltaic
126,81,23517.055503403,solar_photovoltaic
138,81,0.0,solar_photovoltaic
26,82,0.0,biomass
13,82,0.0,biomass
108,82,0.0,biomass
40,82,0.0,biomass
97,82,0.0,biomass
1,82,0.0,biomass
66,82,0.0,biomass
2,82,458.5763280000003,conventional_hydroelectric
14,82,11.571938399999553,conventional_hydroelectric
27,82,623.4204455999993,conventional_hydroelectric
35,82,414.6042560000009,conventional_hydroelectric
54,82,579.7778778000006,conventional_hydroelectric
67,82,821.8084656674858,conventional_hydroelectric
84,82,10554.946907399983,conventional_hydroelectric
109,82,0.0,conventional_hydroelectric
128,82,25.19880000000005,conventional_hydroelectric
139,82,8.873337599999918,conventional_hydroelectric
110,82,0.0,conventional_steam_coal
41,82,0.0,conventional_steam_coal
3,82,0.0,conventional_steam_coal
36,82,0.0,conventional_steam_coal
85,82,0.0,conventional_steam_coal
28,82,0.0,geothermal
116,82,0.0,natural_gas_fired_combined_cycle
73,82,0.0,natural_gas_fired_combined_cycle
71,82,0.0,natural_gas_fired_combined_cycle
44,82,0.0,natural_gas_fired_combined_cycle
115,82,0.0,natural_gas_fired_combined_cycle
70,82,0.0,natural_gas_fired_combined_cycle
131,82,0.0,natural_gas_fired_combined_cycle
18,82,0.0,natural_gas_fired_combined_cycle
72,82,0.0,natural_gas_fired_combined_cycle
114,82,0.0,natural_gas_fired_combined_cycle
45,82,0.0,natural_gas_fired_combined_cycle
78,82,0.0,natural_gas_fired_combustion_turbine
75,82,0.0,natural_gas_fired_combustion_turbine
119,82,0.0,natural_gas_fired_combustion_turbine
117,82,0.0,natural_gas_fired_combustion_turbine
134,82,0.0,natural_gas_fired_combustion_turbine
103,82,0.0,natural_gas_fired_combustion_turbine
47,82,0.0,natural_gas_fired_combustion_turbine
8,82,0.0,natural_gas_fired_combustion_turbine
90,82,0.0,natural_gas_fired_combustion_turbine
60,82,0.0,natural_gas_fired_combustion_turbine
46,82,0.0,natural_gas_fired_combustion_turbine
37,82,0.0,natural_gas_fired_combustion_turbine
7,82,0.0,natural_gas_fired_combustion_turbine
133,82,0.0,natural_gas_fired_combustion_turbine
74,82,0.0,natural_gas_fired_combustion_turbine
20,82,0.0,natural_gas_fired_combustion_turbine
135,82,0.0,natural_gas_fired_combustion_turbine
142,82,0.0,natural_gas_fired_combustion_turbine
121,82,0.0,natural_gas_fired_combustion_turbine
91,82,0.0,natural_gas_fired_combustion_turbine
22,82,0.0,natural_gas_steam_turbine
123,82,0.0,natural_gas_steam_turbine
62,82,0.0,natural_gas_steam_turbine
49,82,0.0,natural_gas_steam_turbine
48,82,0.0,natural_gas_steam_turbine
21,82,0.0,natural_gas_steam_turbine
79,82,0.0,nuclear
10,82,0.0,onshore_wind_turbine
23,82,4280.2298,onshore_wind_turbine
31,82,4949.12488,onshore_wind_turbine
38,82,0.0,onshore_wind_turbine
50,82,2442.2432999999996,onshore_wind_turbine
63,82,8.120000251999999,onshore_wind_turbine
80,82,0.0,onshore_wind_turbine
94,82,10474.3744,onshore_wind_turbine
105,82,510.571879671,onshore_wind_turbine
124,82,0.0,onshore_wind_turbine
136,82,0.0,onshore_wind_turbine
144,82,0.0,onshore_wind_turbine
11,82,0.0,small_hydroelectric
24,82,0.0,small_hydroelectric
32,82,192.0,small_hydroelectric
39,82,52.9,small_hydroelectric
51,82,25.641,small_hydroelectric
64,82,6.128,small_hydroelectric
81,82,241.672,small_hydroelectric
95,82,0.0,small_hydroelectric
106,82,31.614,small_hydroelectric
125,82,0.0,small_hydroelectric
137,82,36.822,small_hydroelectric
145,82,0.0,small_hydroelectric
12,82,0.0,solar_photovoltaic
25,82,2600.745680575019,solar_photovoltaic
33,82,1230.41345,solar_photovoltaic
52,82,4089.02088,solar_photovoltaic
65,82,16930.988473811998,solar_photovoltaic
82,82,13436.330390000001,solar_photovoltaic
96,82,0.0,solar_photovoltaic
107,82,0.0,solar_photovoltaic
126,82,30495.514849222498,solar_photovoltaic
138,82,3272.9804799999997,solar_photovoltaic
26,83,0.0,biomass
13,83,0.0,biomass
108,83,0.0,biomass
40,83,0.0,biomass
97,83,0.0,biomass
1,83,0.0,biomass
66,83,0.0,biomass
2,83,403.8786695999993,conventional_hydroelectric
14,83,50.61547039999937,conventional_hydroelectric
27,83,506.299809599998,conventional_hydroelectric
35,83,414.6042560000009,conventional_hydroelectric
54,83,493.50759480000113,conventional_hydroelectric
67,83,603.7425810000025,conventional_hydroelectric
84,83,12966.344081399973,conventional_hydroelectric
109,83,107.76396152340001,conventional_hydroelectric
128,83,27.126659999999994,conventional_hydroelectric
139,83,19.330368000000043,conventional_hydroelectric
110,83,0.0,conventional_steam_coal
41,83,0.0,conventional_steam_coal
3,83,0.0,conventional_steam_coal
36,83,0.0,conventional_steam_coal
85,83,0.0,conventional_steam_coal
28,83,0.0,geothermal
116,83,0.0,natural_gas_fired_combined_cycle
73,83,0.0,natural_gas_fired_combined_cycle
71,83,0.0,natural_gas_fired_combined_cycle
44,83,0.0,natural_gas_fired_combined_cycle
115,83,0.0,natural_gas_fired_combined_cycle
70,83,0.0,natural_gas_fired_combined_cycle
131,83,0.0,natural_gas_fired_combined_cycle
18,83,0.0,natural_gas_fired_combined_cycle
72,83,0.0,natural_gas_fired_combined_cycle
114,83,0.0,natural_gas_fired_combined_cycle
45,83,0.0,natural_gas_fired_combined_cycle
78,83,0.0,natural_gas_fired_combustion_turbine
75,83,0.0,natural_gas_fired_combustion_turbine
119,83,0.0,natural_gas_fired_combustion_turbine
117,83,0.0,natural_gas_fired_combustion_turbine
134,83,0.0,natural_gas_fired_combustion_turbine
103,83,0.0,natural_gas_fired_combustion_turbine
47,83,0.0,natural_gas_fired_combustion_turbine
8,83,0.0,natural_gas_fired_combustion_turbine
90,83,0.0,natural_gas_fired_combustion_turbine
60,83,0.0,natural_gas_fired_combustion_turbine
46,83,0.0,natural_gas_fired_combustion_turbine
37,83,0.0,natural_gas_fired_combustion_turbine
7,83,0.0,natural_gas_fired_combustion_turbine
133,83,0.0,natural_gas_fired_combustion_turbine
74,83,0.0,natural_gas_fired_combustion_turbine
20,83,0.0,natural_gas_fired_combustion_turbine
135,83,0.0,natural_gas_fired_combustion_turbine
142,83,0.0,natural_gas_fired_combustion_turbine
121,83,0.0,natural_gas_fired_combustion_turbine
91,83,0.0,natural_gas_fired_combustion_turbine
22,83,0.0,natural_gas_steam_turbine
123,83,0.0,natural_gas_steam_turbine
62,83,0.0,natural_gas_steam_turbine
49,83,0.0,natural_gas_steam_turbine
48,83,0.0,natural_gas_steam_turbine
21,83,0.0,natural_gas_steam_turbine
79,83,0.0,nuclear
10,83,949.9001400000001,onshore_wind_turbine
23,83,3497.6018,onshore_wind_turbine
31,83,4874.31805,onshore_wind_turbine
38,83,4850.57895,onshore_wind_turbine
50,83,1967.3438399999998,onshore_wind_turbine
63,83,4.802000196,onshore_wind_turbine
80,83,0.0,onshore_wind_turbine
94,83,7653.5018,onshore_wind_turbine
105,83,0.0,onshore_wind_turbine
124,83,0.0,onshore_wind_turbine
136,83,0.0,onshore_wind_turbine
144,83,5000.37048,onshore_wind_turbine
11,83,19.125,small_hydroelectric
24,83,0.0,small_hydroelectric
32,83,0.0,small_hydroelectric
39,83,0.0,small_hydroelectric
51,83,0.0,small_hydroelectric
64,83,0.0,small_hydroelectric
81,83,0.0,small_hydroelectric
95,83,0.0,small_hydroelectric
106,83,0.0,small_hydroelectric
125,83,0.0,small_hydroelectric
137,83,0.0,small_hydroelectric
145,83,0.0,small_hydroelectric
12,83,0.0,solar_photovoltaic
25,83,2981.0594799999994,solar_photovoltaic
33,83,0.0,solar_photovoltaic
52,83,0.0,solar_photovoltaic
65,83,0.0,solar_photovoltaic
82,83,0.0,solar_photovoltaic
96,83,0.0,solar_photovoltaic
107,83,16635.6228482325,solar_photovoltaic
126,83,24290.55171924813,solar_photovoltaic
138,83,0.0,solar_photovoltaic
26,84,0.0,biomass
13,84,0.0,biomass
108,84,0.0,biomass
40,84,0.0,biomass
97,84,0.0,biomass
1,84,0.0,biomass
66,84,0.0,biomass
2,84,174.590505599999,conventional_hydroelectric
14,84,50.61547039999999,conventional_hydroelectric
27,84,506.29980959999364,conventional_hydroelectric
35,84,414.6042560000009,conventional_hydroelectric
54,84,407.2373118000015,conventional_hydroelectric
67,84,0.0,conventional_hydroelectric
84,84,15377.7412554,conventional_hydroelectric
109,84,107.76396152340001,conventional_hydroelectric
128,84,14.527259999999977,conventional_hydroelectric
139,84,0.0,conventional_hydroelectric
110,84,0.0,conventional_steam_coal
41,84,0.0,conventional_steam_coal
3,84,0.0,conventional_steam_coal
36,84,0.0,conventional_steam_coal
85,84,0.0,conventional_steam_coal
28,84,74.364,geothermal
116,84,0.0,natural_gas_fired_combined_cycle
73,84,0.0,natural_gas_fired_combined_cycle
71,84,0.0,natural_gas_fired_combined_cycle
44,84,0.0,natural_gas_fired_combined_cycle
115,84,0.0,natural_gas_fired_combined_cycle
70,84,0.0,natural_gas_fired_combined_cycle
131,84,0.0,natural_gas_fired_combined_cycle
18,84,0.0,natural_gas_fired_combined_cycle
72,84,0.0,natural_gas_fired_combined_cycle
114,84,0.0,natural_gas_fired_combined_cycle
45,84,0.0,natural_gas_fired_combined_cycle
78,84,0.0,natural_gas_fired_combustion_turbine
75,84,0.0,natural_gas_fired_combustion_turbine
119,84,0.0,natural_gas_fired_combustion_turbine
117,84,0.0,natural_gas_fired_combustion_turbine
134,84,0.0,natural_gas_fired_combustion_turbine
103,84,0.0,natural_gas_fired_combustion_turbine
47,84,0.0,natural_gas_fired_combustion_turbine
8,84,0.0,natural_gas_fired_combustion_turbine
90,84,0.0,natural_gas_fired_combustion_turbine
60,84,0.0,natural_gas_fired_combustion_turbine
46,84,0.0,natural_gas_fired_combustion_turbine
37,84,0.0,natural_gas_fired_combustion_turbine
7,84,0.0,natural_gas_fired_combustion_turbine
133,84,0.0,natural_gas_fired_combustion_turbine
74,84,0.0,natural_gas_fired_combustion_turbine
20,84,0.0,natural_gas_fired_combustion_turbine
135,84,0.0,natural_gas_fired_combustion_turbine
142,84,0.0,natural_gas_fired_combustion_turbine
121,84,0.0,natural_gas_fired_combustion_turbine
91,84,0.0,natural_gas_fired_combustion_turbine
22,84,0.0,natural_gas_steam_turbine
123,84,0.0,natural_gas_steam_turbine
62,84,0.0,natural_gas_steam_turbine
49,84,0.0,natural_gas_steam_turbine
48,84,0.0,natural_gas_steam_turbine
21,84,0.0,natural_gas_steam_turbine
79,84,0.0,nuclear
10,84,914.5985800000001,onshore_wind_turbine
23,84,2713.1104,onshore_wind_turbine
31,84,4439.72599,onshore_wind_turbine
38,84,0.0,onshore_wind_turbine
50,84,2811.459,onshore_wind_turbine
63,84,12.529999764799998,onshore_wind_turbine
80,84,0.0,onshore_wind_turbine
94,84,0.0,onshore_wind_turbine
105,84,0.0,onshore_wind_turbine
124,84,1800.8650943822001,onshore_wind_turbine
136,84,0.0,onshore_wind_turbine
144,84,0.0,onshore_wind_turbine
11,84,0.0,small_hydroelectric
24,84,0.0,small_hydroelectric
32,84,0.0,small_hydroelectric
39,84,0.0,small_hydroelectric
51,84,25.641,small_hydroelectric
64,84,6.128,small_hydroelectric
81,84,0.0,small_hydroelectric
95,84,0.0,small_hydroelectric
106,84,31.614,small_hydroelectric
125,84,100.697,small_hydroelectric
137,84,0.0,small_hydroelectric
145,84,0.0,small_hydroelectric
12,84,10767.18258,solar_photovoltaic
25,84,0.0,solar_photovoltaic
33,84,0.0,solar_photovoltaic
52,84,4221.727440000001,solar_photovoltaic
65,84,19230.761133684802,solar_photovoltaic
82,84,5358.5387309032885,solar_photovoltaic
96,84,1040.55826,solar_photovoltaic
107,84,16902.0826109415,solar_photovoltaic
126,84,0.0,solar_photovoltaic
138,84,0.0,solar_photovoltaic
26,85,0.0,biomass
13,85,0.0,biomass
108,85,0.0,biomass
40,85,0.0,biomass
97,85,0.0,biomass
1,85,0.0,biomass
66,85,0.0,biomass
2,85,403.8786695999993,conventional_hydroelectric
14,85,50.61547039999999,conventional_hydroelectric
27,85,623.4204455999993,conventional_hydroelectric
35,85,418.8502031999991,conventional_hydroelectric
54,85,320.9670288000027,conventional_hydroelectric
67,85,0.0,conventional_hydroelectric
84,85,12966.344081400011,conventional_hydroelectric
109,85,107.76396152340001,conventional_hydroelectric
128,85,12.599400000000024,conventional_hydroelectric
139,85,19.330368000000043,conventional_hydroelectric
110,85,0.0,conventional_steam_coal
41,85,0.0,conventional_steam_coal
3,85,0.0,conventional_steam_coal
36,85,0.0,conventional_steam_coal
85,85,0.0,conventional_steam_coal
28,85,0.0,geothermal
116,85,0.0,natural_gas_fired_combined_cycle
73,85,0.0,natural_gas_fired_combined_cycle
71,85,0.0,natural_gas_fired_combined_cycle
44,85,0.0,natural_gas_fired_combined_cycle
115,85,0.0,natural_gas_fired_combined_cycle
70,85,0.0,natural_gas_fired_combined_cycle
131,85,0.0,natural_gas_fired_combined_cycle
18,85,0.0,natural_gas_fired_combined_cycle
72,85,0.0,natural_gas_fired_combined_cycle
114,85,0.0,natural_gas_fired_combined_cycle
45,85,0.0,natural_gas_fired_combined_cycle
78,85,0.0,natural_gas_fired_combustion_turbine
75,85,0.0,natural_gas_fired_combustion_turbine
119,85,0.0,natural_gas_fired_combustion_turbine
117,85,0.0,natural_gas_fired_combustion_turbine
134,85,0.0,natural_gas_fired_combustion_turbine
103,85,0.0,natural_gas_fired_combustion_turbine
47,85,0.0,natural_gas_fired_combustion_turbine
8,85,0.0,natural_gas_fired_combustion_turbine
90,85,0.0,natural_gas_fired_combustion_turbine
60,85,0.0,natural_gas_fired_combustion_turbine
46,85,0.0,natural_gas_fired_combustion_turbine
37,85,0.0,natural_gas_fired_combustion_turbine
7,85,0.0,natural_gas_fired_combustion_turbine
133,85,0.0,natural_gas_fired_combustion_turbine
74,85,0.0,natural_gas_fired_combustion_turbine
20,85,0.0,natural_gas_fired_combustion_turbine
135,85,0.0,natural_gas_fired_combustion_turbine
142,85,0.0,natural_gas_fired_combustion_turbine
121,85,0.0,natural_gas_fired_combustion_turbine
91,85,0.0,natural_gas_fired_combustion_turbine
22,85,0.0,natural_gas_steam_turbine
123,85,0.0,natural_gas_steam_turbine
62,85,0.0,natural_gas_steam_turbine
49,85,0.0,natural_gas_steam_turbine
48,85,0.0,natural_gas_steam_turbine
21,85,0.0,natural_gas_steam_turbine
79,85,0.0,nuclear
10,85,1101.3726500000002,onshore_wind_turbine
23,85,3706.3026,onshore_wind_turbine
31,85,4979.99754,onshore_wind_turbine
38,85,4854.5553,onshore_wind_turbine
50,85,0.0,onshore_wind_turbine
63,85,22.2193999776,onshore_wind_turbine
80,85,364.2934399999999,onshore_wind_turbine
94,85,0.0,onshore_wind_turbine
105,85,935.2018194330001,onshore_wind_turbine
124,85,0.0,onshore_wind_turbine
136,85,160.09854,onshore_wind_turbine
144,85,0.0,onshore_wind_turbine
11,85,19.125,small_hydroelectric
24,85,0.0,small_hydroelectric
32,85,0.0,small_hydroelectric
39,85,0.0,small_hydroelectric
51,85,0.0,small_hydroelectric
64,85,0.0,small_hydroelectric
81,85,241.672,small_hydroelectric
95,85,0.0,small_hydroelectric
106,85,0.0,small_hydroelectric
125,85,0.0,small_hydroelectric
137,85,0.0,small_hydroelectric
145,85,0.0,small_hydroelectric
12,85,10448.500161827484,solar_photovoltaic
25,85,0.0,solar_photovoltaic
33,85,1357.52155,solar_photovoltaic
52,85,4197.53614,solar_photovoltaic
65,85,0.0,solar_photovoltaic
82,85,0.0,solar_photovoltaic
96,85,1055.69205,solar_photovoltaic
107,85,0.0,solar_photovoltaic
126,85,34893.857800238504,solar_photovoltaic
138,85,3475.7153199999993,solar_photovoltaic
26,86,0.0,biomass
13,86,0.0,biomass
108,86,0.0,biomass
40,86,0.0,biomass
97,86,0.0,biomass
1,86,0.0,biomass
66,86,0.0,biomass
2,86,174.590505599999,conventional_hydroelectric
14,86,39.043532,conventional_hydroelectric
27,86,506.299809599999,conventional_hydroelectric
35,86,211.54807519999872,conventional_hydroelectric
54,86,407.23731180000414,conventional_hydroelectric
67,86,0.0,conventional_hydroelectric
84,86,15377.7412554,conventional_hydroelectric
109,86,107.76396152340001,conventional_hydroelectric
128,86,14.527259999999977,conventional_hydroelectric
139,86,0.0,conventional_hydroelectric
110,86,0.0,conventional_steam_coal
41,86,0.0,conventional_steam_coal
3,86,0.0,conventional_steam_coal
36,86,0.0,conventional_steam_coal
85,86,0.0,conventional_steam_coal
28,86,0.0,geothermal
116,86,0.0,natural_gas_fired_combined_cycle
73,86,0.0,natural_gas_fired_combined_cycle
71,86,0.0,natural_gas_fired_combined_cycle
44,86,0.0,natural_gas_fired_combined_cycle
115,86,0.0,natural_gas_fired_combined_cycle
70,86,0.0,natural_gas_fired_combined_cycle
131,86,0.0,natural_gas_fired_combined_cycle
18,86,0.0,natural_gas_fired_combined_cycle
72,86,0.0,natural_gas_fired_combined_cycle
114,86,0.0,natural_gas_fired_combined_cycle
45,86,0.0,natural_gas_fired_combined_cycle
78,86,0.0,natural_gas_fired_combustion_turbine
75,86,0.0,natural_gas_fired_combustion_turbine
119,86,0.0,natural_gas_fired_combustion_turbine
117,86,0.0,natural_gas_fired_combustion_turbine
134,86,0.0,natural_gas_fired_combustion_turbine
103,86,0.0,natural_gas_fired_combustion_turbine
47,86,0.0,natural_gas_fired_combustion_turbine
8,86,0.0,natural_gas_fired_combustion_turbine
90,86,0.0,natural_gas_fired_combustion_turbine
60,86,0.0,natural_gas_fired_combustion_turbine
46,86,0.0,natural_gas_fired_combustion_turbine
37,86,0.0,natural_gas_fired_combustion_turbine
7,86,0.0,natural_gas_fired_combustion_turbine
133,86,0.0,natural_gas_fired_combustion_turbine
74,86,0.0,natural_gas_fired_combustion_turbine
20,86,0.0,natural_gas_fired_combustion_turbine
135,86,0.0,natural_gas_fired_combustion_turbine
142,86,0.0,natural_gas_fired_combustion_turbine
121,86,0.0,natural_gas_fired_combustion_turbine
91,86,0.0,natural_gas_fired_combustion_turbine
22,86,0.0,natural_gas_steam_turbine
123,86,0.0,natural_gas_steam_turbine
62,86,0.0,natural_gas_steam_turbine
49,86,0.0,natural_gas_steam_turbine
48,86,0.0,natural_gas_steam_turbine
21,86,0.0,natural_gas_steam_turbine
79,86,0.0,nuclear
10,86,0.0,onshore_wind_turbine
23,86,0.0,onshore_wind_turbine
31,86,0.0,onshore_wind_turbine
38,86,0.0,onshore_wind_turbine
50,86,665.94318,onshore_wind_turbine
63,86,0.0,onshore_wind_turbine
80,86,0.0,onshore_wind_turbine
94,86,5715.301200000001,onshore_wind_turbine
105,86,0.0,onshore_wind_turbine
124,86,5086.647307249201,onshore_wind_turbine
136,86,442.51956000000007,onshore_wind_turbine
144,86,5737.881869999999,onshore_wind_turbine
11,86,0.0,small_hydroelectric
24,86,0.0,small_hydroelectric
32,86,0.0,small_hydroelectric
39,86,52.9,small_hydroelectric
51,86,0.0,small_hydroelectric
64,86,6.128,small_hydroelectric
81,86,241.672,small_hydroelectric
95,86,418.922,small_hydroelectric
106,86,0.0,small_hydroelectric
125,86,100.697,small_hydroelectric
137,86,0.0,small_hydroelectric
145,86,0.0,small_hydroelectric
12,86,0.0,solar_photovoltaic
25,86,2854.38874,solar_photovoltaic
33,86,1357.87365,solar_photovoltaic
52,86,4162.28596,solar_photovoltaic
65,86,19641.9444819157,solar_photovoltaic
82,86,0.0,solar_photovoltaic
96,86,0.0,solar_photovoltaic
107,86,0.0,solar_photovoltaic
126,86,22914.447149711697,solar_photovoltaic
138,86,0.0,solar_photovoltaic
26,87,0.0,biomass
13,87,0.0,biomass
108,87,0.0,biomass
40,87,0.0,biomass
97,87,0.0,biomass
1,87,0.0,biomass
66,87,0.0,biomass
2,87,229.2881640000004,conventional_hydroelectric
14,87,50.61547039999999,conventional_hydroelectric
27,87,623.4204456,conventional_hydroelectric
35,87,418.85020319999444,conventional_hydroelectric
54,87,493.50759480000545,conventional_hydroelectric
67,87,603.7425810000011,conventional_hydroelectric
84,87,12966.344081399959,conventional_hydroelectric
109,87,107.76396152340001,conventional_hydroelectric
128,87,25.19880000000005,conventional_hydroelectric
139,87,19.330367999999986,conventional_hydroelectric
110,87,0.0,conventional_steam_coal
41,87,0.0,conventional_steam_coal
3,87,0.0,conventional_steam_coal
36,87,0.0,conventional_steam_coal
85,87,0.0,conventional_steam_coal
28,87,74.364,geothermal
116,87,0.0,natural_gas_fired_combined_cycle
73,87,0.0,natural_gas_fired_combined_cycle
71,87,0.0,natural_gas_fired_combined_cycle
44,87,0.0,natural_gas_fired_combined_cycle
115,87,0.0,natural_gas_fired_combined_cycle
70,87,0.0,natural_gas_fired_combined_cycle
131,87,0.0,natural_gas_fired_combined_cycle
18,87,0.0,natural_gas_fired_combined_cycle
72,87,0.0,natural_gas_fired_combined_cycle
114,87,0.0,natural_gas_fired_combined_cycle
45,87,0.0,natural_gas_fired_combined_cycle
78,87,0.0,natural_gas_fired_combustion_turbine
75,87,0.0,natural_gas_fired_combustion_turbine
119,87,0.0,natural_gas_fired_combustion_turbine
117,87,0.0,natural_gas_fired_combustion_turbine
134,87,0.0,natural_gas_fired_combustion_turbine
103,87,0.0,natural_gas_fired_combustion_turbine
47,87,0.0,natural_gas_fired_combustion_turbine
8,87,0.0,natural_gas_fired_combustion_turbine
90,87,0.0,natural_gas_fired_combustion_turbine
60,87,0.0,natural_gas_fired_combustion_turbine
46,87,0.0,natural_gas_fired_combustion_turbine
37,87,0.0,natural_gas_fired_combustion_turbine
7,87,0.0,natural_gas_fired_combustion_turbine
133,87,0.0,natural_gas_fired_combustion_turbine
74,87,0.0,natural_gas_fired_combustion_turbine
20,87,0.0,natural_gas_fired_combustion_turbine
135,87,0.0,natural_gas_fired_combustion_turbine
142,87,0.0,natural_gas_fired_combustion_turbine
121,87,0.0,natural_gas_fired_combustion_turbine
91,87,0.0,natural_gas_fired_combustion_turbine
22,87,0.0,natural_gas_steam_turbine
123,87,0.0,natural_gas_steam_turbine
62,87,0.0,natural_gas_steam_turbine
49,87,0.0,natural_gas_steam_turbine
48,87,0.0,natural_gas_steam_turbine
21,87,0.0,natural_gas_steam_turbine
79,87,0.0,nuclear
10,87,820.94138,onshore_wind_turbine
23,87,0.0,onshore_wind_turbine
31,87,4680.77022,onshore_wind_turbine
38,87,0.0,onshore_wind_turbine
50,87,0.0,onshore_wind_turbine
63,87,128.8064397816,onshore_wind_turbine
80,87,0.0,onshore_wind_turbine
94,87,9319.5452,onshore_wind_turbine
105,87,0.0,onshore_wind_turbine
124,87,7392.001052790201,onshore_wind_turbine
136,87,0.0,onshore_wind_turbine
144,87,5482.6726499999995,onshore_wind_turbine
11,87,19.125,small_hydroelectric
24,87,62.577,small_hydroelectric
32,87,192.0,small_hydroelectric
39,87,52.9,small_hydroelectric
51,87,25.641,small_hydroelectric
64,87,0.0,small_hydroelectric
81,87,241.672,small_hydroelectric
95,87,418.922,small_hydroelectric
106,87,0.0,small_hydroelectric
125,87,100.697,small_hydroelectric
137,87,36.822,small_hydroelectric
145,87,33.21,small_hydroelectric
12,87,10178.18676,solar_photovoltaic
25,87,0.0,solar_photovoltaic
33,87,0.0,solar_photovoltaic
52,87,3825.6813,solar_photovoltaic
65,87,0.0,solar_photovoltaic
82,87,0.0,solar_photovoltaic
96,87,0.0,solar_photovoltaic
107,87,0.0,solar_photovoltaic
126,87,26976.971827504858,solar_photovoltaic
138,87,0.0,solar_photovoltaic
26,88,0.0,biomass
13,88,0.0,biomass
108,88,0.0,biomass
40,88,0.0,biomass
97,88,0.0,biomass
1,88,0.0,biomass
66,88,0.0,biomass
2,88,174.590505599999,conventional_hydroelectric
14,88,11.571938399999993,conventional_hydroelectric
27,88,506.2998095999997,conventional_hydroelectric
35,88,626.1523311999996,conventional_hydroelectric
54,88,579.7778778000069,conventional_hydroelectric
67,88,821.8084656674878,conventional_hydroelectric
84,88,10554.946907399924,conventional_hydroelectric
109,88,107.76396152340001,conventional_hydroelectric
128,88,14.527259999999934,conventional_hydroelectric
139,88,0.0,conventional_hydroelectric
110,88,0.0,conventional_steam_coal
41,88,0.0,conventional_steam_coal
3,88,0.0,conventional_steam_coal
36,88,0.0,conventional_steam_coal
85,88,0.0,conventional_steam_coal
28,88,74.364,geothermal
116,88,0.0,natural_gas_fired_combined_cycle
73,88,0.0,natural_gas_fired_combined_cycle
71,88,0.0,natural_gas_fired_combined_cycle
44,88,0.0,natural_gas_fired_combined_cycle
115,88,0.0,natural_gas_fired_combined_cycle
70,88,0.0,natural_gas_fired_combined_cycle
131,88,0.0,natural_gas_fired_combined_cycle
18,88,0.0,natural_gas_fired_combined_cycle
72,88,0.0,natural_gas_fired_combined_cycle
114,88,0.0,natural_gas_fired_combined_cycle
45,88,0.0,natural_gas_fired_combined_cycle
78,88,0.0,natural_gas_fired_combustion_turbine
75,88,0.0,natural_gas_fired_combustion_turbine
119,88,0.0,natural_gas_fired_combustion_turbine
117,88,0.0,natural_gas_fired_combustion_turbine
134,88,0.0,natural_gas_fired_combustion_turbine
103,88,0.0,natural_gas_fired_combustion_turbine
47,88,0.0,natural_gas_fired_combustion_turbine
8,88,0.0,natural_gas_fired_combustion_turbine
90,88,0.0,natural_gas_fired_combustion_turbine
60,88,0.0,natural_gas_fired_combustion_turbine
46,88,0.0,natural_gas_fired_combustion_turbine
37,88,0.0,natural_gas_fired_combustion_turbine
7,88,0.0,natural_gas_fired_combustion_turbine
133,88,0.0,natural_gas_fired_combustion_turbine
74,88,0.0,natural_gas_fired_combustion_turbine
20,88,0.0,natural_gas_fired_combustion_turbine
135,88,0.0,natural_gas_fired_combustion_turbine
142,88,0.0,natural_gas_fired_combustion_turbine
121,88,0.0,natural_gas_fired_combustion_turbine
91,88,0.0,natural_gas_fired_combustion_turbine
22,88,0.0,natural_gas_steam_turbine
123,88,0.0,natural_gas_steam_turbine
62,88,0.0,natural_gas_steam_turbine
49,88,0.0,natural_gas_steam_turbine
48,88,0.0,natural_gas_steam_turbine
21,88,0.0,natural_gas_steam_turbine
79,88,0.0,nuclear
10,88,565.72551,onshore_wind_turbine
23,88,4764.7137999999995,onshore_wind_turbine
31,88,5160.48386,onshore_wind_turbine
38,88,4429.0858499999995,onshore_wind_turbine
50,88,470.8347,onshore_wind_turbine
63,88,148.3246796696,onshore_wind_turbine
80,88,91.07335999999998,onshore_wind_turbine
94,88,6112.503599999999,onshore_wind_turbine
105,88,541.723281036,onshore_wind_turbine
124,88,2823.2087947910004,onshore_wind_turbine
136,88,0.0,onshore_wind_turbine
144,88,0.0,onshore_wind_turbine
11,88,0.0,small_hydroelectric
24,88,25.77953071507134,small_hydroelectric
32,88,0.0,small_hydroelectric
39,88,52.9,small_hydroelectric
51,88,0.0,small_hydroelectric
64,88,0.0,small_hydroelectric
81,88,241.672,small_hydroelectric
95,88,0.0,small_hydroelectric
106,88,0.0,small_hydroelectric
125,88,100.697,small_hydroelectric
137,88,0.0,small_hydroelectric
145,88,0.0,small_hydroelectric
12,88,8611.76862,solar_photovoltaic
25,88,0.0,solar_photovoltaic
33,88,1242.03275,solar_photovoltaic
52,88,3128.2806800000003,solar_photovoltaic
65,88,0.0,solar_photovoltaic
82,88,14275.247490000002,solar_photovoltaic
96,88,982.6678399999998,solar_photovoltaic
107,88,14914.1990265975,solar_photovoltaic
126,88,0.0,solar_photovoltaic
138,88,3076.6381799999995,solar_photovoltaic
26,89,0.0,biomass
13,89,0.0,biomass
108,89,0.0,biomass
40,89,0.0,biomass
97,89,0.0,biomass
1,89,0.0,biomass
66,89,0.0,biomass
2,89,403.8786695999993,conventional_hydroelectric
14,89,50.61547039999999,conventional_hydroelectric
27,89,623.4204456,conventional_hydroelectric
35,89,418.8502031999992,conventional_hydroelectric
54,89,493.50759479999914,conventional_hydroelectric
67,89,218.0658846674878,conventional_hydroelectric
84,89,10554.946907399972,conventional_hydroelectric
109,89,0.0,conventional_hydroelectric
128,89,27.12665999999995,conventional_hydroelectric
139,89,19.330367999999986,conventional_hydroelectric
110,89,0.0,conventional_steam_coal
41,89,0.0,conventional_steam_coal
3,89,0.0,conventional_steam_coal
36,89,0.0,conventional_steam_coal
85,89,0.0,conventional_steam_coal
28,89,0.0,geothermal
116,89,0.0,natural_gas_fired_combined_cycle
73,89,0.0,natural_gas_fired_combined_cycle
71,89,0.0,natural_gas_fired_combined_cycle
44,89,0.0,natural_gas_fired_combined_cycle
115,89,0.0,natural_gas_fired_combined_cycle
70,89,0.0,natural_gas_fired_combined_cycle
131,89,0.0,natural_gas_fired_combined_cycle
18,89,0.0,natural_gas_fired_combined_cycle
72,89,0.0,natural_gas_fired_combined_cycle
114,89,0.0,natural_gas_fired_combined_cycle
45,89,0.0,natural_gas_fired_combined_cycle
78,89,0.0,natural_gas_fired_combustion_turbine
75,89,0.0,natural_gas_fired_combustion_turbine
119,89,0.0,natural_gas_fired_combustion_turbine
117,89,0.0,natural_gas_fired_combustion_turbine
134,89,0.0,natural_gas_fired_combustion_turbine
103,89,0.0,natural_gas_fired_combustion_turbine
47,89,0.0,natural_gas_fired_combustion_turbine
8,89,0.0,natural_gas_fired_combustion_turbine
90,89,0.0,natural_gas_fired_combustion_turbine
60,89,0.0,natural_gas_fired_combustion_turbine
46,89,0.0,natural_gas_fired_combustion_turbine
37,89,0.0,natural_gas_fired_combustion_turbine
7,89,0.0,natural_gas_fired_combustion_turbine
133,89,0.0,natural_gas_fired_combustion_turbine
74,89,0.0,natural_gas_fired_combustion_turbine
20,89,0.0,natural_gas_fired_combustion_turbine
135,89,0.0,natural_gas_fired_combustion_turbine
142,89,0.0,natural_gas_fired_combustion_turbine
121,89,0.0,natural_gas_fired_combustion_turbine
91,89,0.0,natural_gas_fired_combustion_turbine
22,89,0.0,natural_gas_steam_turbine
123,89,0.0,natural_gas_steam_turbine
62,89,0.0,natural_gas_steam_turbine
49,89,0.0,natural_gas_steam_turbine
48,89,0.0,natural_gas_steam_turbine
21,89,0.0,natural_gas_steam_turbine
79,89,0.0,nuclear
10,89,0.0,onshore_wind_turbine
23,89,5333.0508,onshore_wind_turbine
31,89,0.0,onshore_wind_turbine
38,89,0.0,onshore_wind_turbine
50,89,0.0,onshore_wind_turbine
63,89,0.0,onshore_wind_turbine
80,89,0.0,onshore_wind_turbine
94,89,6667.8514,onshore_wind_turbine
105,89,0.0,onshore_wind_turbine
124,89,610.8202745722001,onshore_wind_turbine
136,89,0.0,onshore_wind_turbine
144,89,945.9200712023485,onshore_wind_turbine
11,89,0.0,small_hydroelectric
24,89,62.577,small_hydroelectric
32,89,0.0,small_hydroelectric
39,89,52.9,small_hydroelectric
51,89,0.0,small_hydroelectric
64,89,0.0,small_hydroelectric
81,89,0.0,small_hydroelectric
95,89,0.0,small_hydroelectric
106,89,0.0,small_hydroelectric
125,89,100.697,small_hydroelectric
137,89,0.0,small_hydroelectric
145,89,0.0,small_hydroelectric
12,89,6284.034540000001,solar_photovoltaic
25,89,0.0,solar_photovoltaic
33,89,0.0,solar_photovoltaic
52,89,1714.1264,solar_photovoltaic
65,89,12799.85089866,solar_photovoltaic
82,89,0.0,solar_photovoltaic
96,89,813.8452699999999,solar_photovoltaic
107,89,11552.345700882,solar_photovoltaic
126,89,25827.136701016,solar_photovoltaic
138,89,0.0,solar_photovoltaic
26,90,0.0,biomass
13,90,0.0,biomass
108,90,0.0,biomass
40,90,0.0,biomass
97,90,0.0,biomass
1,90,0.0,biomass
66,90,0.0,biomass
2,90,633.1668335999982,conventional_hydroelectric
14,90,89.65900239999971,conventional_hydroelectric
27,90,740.5410816000003,conventional_hydroelectric
35,90,626.1523311999986,conventional_hydroelectric
54,90,579.7778777999993,conventional_hydroelectric
67,90,821.8084656674847,conventional_hydroelectric
84,90,12966.344081399977,conventional_hydroelectric
109,90,0.0,conventional_hydroelectric
128,90,39.72605999999997,conventional_hydroelectric
139,90,28.20370559999989,conventional_hydroelectric
110,90,0.0,conventional_steam_coal
41,90,0.0,conventional_steam_coal
3,90,0.0,conventional_steam_coal
36,90,0.0,conventional_steam_coal
85,90,0.0,conventional_steam_coal
28,90,74.364,geothermal
116,90,0.0,natural_gas_fired_combined_cycle
73,90,0.0,natural_gas_fired_combined_cycle
71,90,0.0,natural_gas_fired_combined_cycle
44,90,0.0,natural_gas_fired_combined_cycle
115,90,0.0,natural_gas_fired_combined_cycle
70,90,0.0,natural_gas_fired_combined_cycle
131,90,0.0,natural_gas_fired_combined_cycle
18,90,0.0,natural_gas_fired_combined_cycle
72,90,0.0,natural_gas_fired_combined_cycle
114,90,0.0,natural_gas_fired_combined_cycle
45,90,0.0,natural_gas_fired_combined_cycle
78,90,0.0,natural_gas_fired_combustion_turbine
75,90,0.0,natural_gas_fired_combustion_turbine
119,90,0.0,natural_gas_fired_combustion_turbine
117,90,0.0,natural_gas_fired_combustion_turbine
134,90,0.0,natural_gas_fired_combustion_turbine
103,90,0.0,natural_gas_fired_combustion_turbine
47,90,0.0,natural_gas_fired_combustion_turbine
8,90,0.0,natural_gas_fired_combustion_turbine
90,90,0.0,natural_gas_fired_combustion_turbine
60,90,0.0,natural_gas_fired_combustion_turbine
46,90,0.0,natural_gas_fired_combustion_turbine
37,90,0.0,natural_gas_fired_combustion_turbine
7,90,0.0,natural_gas_fired_combustion_turbine
133,90,0.0,natural_gas_fired_combustion_turbine
74,90,0.0,natural_gas_fired_combustion_turbine
20,90,0.0,natural_gas_fired_combustion_turbine
135,90,0.0,natural_gas_fired_combustion_turbine
142,90,0.0,natural_gas_fired_combustion_turbine
121,90,0.0,natural_gas_fired_combustion_turbine
91,90,0.0,natural_gas_fired_combustion_turbine
22,90,0.0,natural_gas_steam_turbine
123,90,0.0,natural_gas_steam_turbine
62,90,0.0,natural_gas_steam_turbine
49,90,0.0,natural_gas_steam_turbine
48,90,0.0,natural_gas_steam_turbine
21,90,0.0,natural_gas_steam_turbine
79,90,0.0,nuclear
10,90,0.0,onshore_wind_turbine
23,90,6786.5028,onshore_wind_turbine
31,90,3752.2156,onshore_wind_turbine
38,90,2893.061042949642,onshore_wind_turbine
50,90,0.0,onshore_wind_turbine
63,90,0.0,onshore_wind_turbine
80,90,16.727759999999996,onshore_wind_turbine
94,90,6980.4644,onshore_wind_turbine
105,90,457.416960735,onshore_wind_turbine
124,90,865.6183842614001,onshore_wind_turbine
136,90,0.0,onshore_wind_turbine
144,90,8445.69495,onshore_wind_turbine
11,90,19.125,small_hydroelectric
24,90,62.577,small_hydroelectric
32,90,0.0,small_hydroelectric
39,90,0.0,small_hydroelectric
51,90,25.641,small_hydroelectric
64,90,6.128,small_hydroelectric
81,90,0.0,small_hydroelectric
95,90,418.922,small_hydroelectric
106,90,31.614,small_hydroelectric
125,90,100.697,small_hydroelectric
137,90,36.822,small_hydroelectric
145,90,33.21,small_hydroelectric
12,90,2596.10148,solar_photovoltaic
25,90,0.0,solar_photovoltaic
33,90,598.04185,solar_photovoltaic
52,90,0.0,solar_photovoltaic
65,90,6683.844870409001,solar_photovoltaic
82,90,7671.21404,solar_photovoltaic
96,90,0.0,solar_photovoltaic
107,90,6024.9835118235,solar_photovoltaic
126,90,15658.470850554,solar_photovoltaic
138,90,1160.7026199999998,solar_photovoltaic
26,91,11.235,biomass
13,91,15.682,biomass
108,91,137.081,biomass
40,91,5.952,biomass
97,91,178.173,biomass
1,91,16.294,biomass
66,91,228.795,biomass
2,91,862.4549975999998,conventional_hydroelectric
14,91,128.7025344,conventional_hydroelectric
27,91,857.6617176000001,conventional_hydroelectric
35,91,833.4544592,conventional_hydroelectric
54,91,666.0481608000001,conventional_hydroelectric
67,91,1425.5510466674878,conventional_hydroelectric
84,91,15377.7412554,conventional_hydroelectric
109,91,107.76396152340001,conventional_hydroelectric
128,91,52.32546000000001,conventional_hydroelectric
139,91,47.5340736,conventional_hydroelectric
110,91,28.499999999999996,conventional_steam_coal
41,91,2167.492212413388,conventional_steam_coal
3,91,0.0,conventional_steam_coal
36,91,0.0,conventional_steam_coal
85,91,0.0,conventional_steam_coal
28,91,74.364,geothermal
116,91,0.0,natural_gas_fired_combined_cycle
73,91,0.0,natural_gas_fired_combined_cycle
71,91,0.0,natural_gas_fired_combined_cycle
44,91,0.0,natural_gas_fired_combined_cycle
115,91,0.0,natural_gas_fired_combined_cycle
70,91,0.0,natural_gas_fired_combined_cycle
131,91,0.0,natural_gas_fired_combined_cycle
18,91,0.0,natural_gas_fired_combined_cycle
72,91,0.0,natural_gas_fired_combined_cycle
114,91,0.0,natural_gas_fired_combined_cycle
45,91,0.0,natural_gas_fired_combined_cycle
78,91,0.0,natural_gas_fired_combustion_turbine
75,91,0.0,natural_gas_fired_combustion_turbine
119,91,0.0,natural_gas_fired_combustion_turbine
117,91,0.0,natural_gas_fired_combustion_turbine
134,91,0.0,natural_gas_fired_combustion_turbine
103,91,0.0,natural_gas_fired_combustion_turbine
47,91,0.0,natural_gas_fired_combustion_turbine
8,91,0.0,natural_gas_fired_combustion_turbine
90,91,0.0,natural_gas_fired_combustion_turbine
60,91,0.0,natural_gas_fired_combustion_turbine
46,91,0.0,natural_gas_fired_combustion_turbine
37,91,0.0,natural_gas_fired_combustion_turbine
7,91,0.0,natural_gas_fired_combustion_turbine
133,91,0.0,natural_gas_fired_combustion_turbine
74,91,0.0,natural_gas_fired_combustion_turbine
20,91,0.0,natural_gas_fired_combustion_turbine
135,91,0.0,natural_gas_fired_combustion_turbine
142,91,0.0,natural_gas_fired_combustion_turbine
121,91,0.0,natural_gas_fired_combustion_turbine
91,91,0.0,natural_gas_fired_combustion_turbine
22,91,0.0,natural_gas_steam_turbine
123,91,0.0,natural_gas_steam_turbine
62,91,0.0,natural_gas_steam_turbine
49,91,0.0,natural_gas_steam_turbine
48,91,0.0,natural_gas_steam_turbine
21,91,0.0,natural_gas_steam_turbine
79,91,1851.4997500000009,nuclear
10,91,415.87399000000005,onshore_wind_turbine
23,91,8290.2666,onshore_wind_turbine
31,91,6091.4133,onshore_wind_turbine
38,91,2626.09515,onshore_wind_turbine
50,91,957.9284399999999,onshore_wind_turbine
63,91,167.47780014,onshore_wind_turbine
80,91,1999.8966399999997,onshore_wind_turbine
94,91,8580.3074,onshore_wind_turbine
105,91,188.267519475,onshore_wind_turbine
124,91,4500.8548849726,onshore_wind_turbine
136,91,908.4243000000001,onshore_wind_turbine
144,91,10950.205769999999,onshore_wind_turbine
11,91,19.125,small_hydroelectric
24,91,62.577,small_hydroelectric
32,91,192.0,small_hydroelectric
39,91,52.9,small_hydroelectric
51,91,25.641,small_hydroelectric
64,91,6.128,small_hydroelectric
81,91,241.672,small_hydroelectric
95,91,418.922,small_hydroelectric
106,91,31.614,small_hydroelectric
125,91,100.697,small_hydroelectric
137,91,36.822,small_hydroelectric
145,91,33.21,small_hydroelectric
12,91,0.0,solar_photovoltaic
25,91,0.0,solar_photovoltaic
33,91,0.0,solar_photovoltaic
52,91,0.0,solar_photovoltaic
65,91,11.867516208100001,solar_photovoltaic
82,91,40.970369999999996,solar_photovoltaic
96,91,11.7544,solar_photovoltaic
107,91,0.0,solar_photovoltaic
126,91,0.0,solar_photovoltaic
138,91,0.0,solar_photovoltaic
26,92,11.235,biomass
13,92,15.682,biomass
108,92,137.081,biomass
40,92,5.952,biomass
97,92,178.173,biomass
1,92,16.294,biomass
66,92,228.795,biomass
2,92,862.4549975999998,conventional_hydroelectric
14,92,128.7025344,conventional_hydroelectric
27,92,857.6617176000001,conventional_hydroelectric
35,92,833.4544592,conventional_hydroelectric
54,92,666.0481608000001,conventional_hydroelectric
67,92,1425.5510466674878,conventional_hydroelectric
84,92,15377.7412554,conventional_hydroelectric
109,92,107.76396152340001,conventional_hydroelectric
128,92,52.32546000000001,conventional_hydroelectric
139,92,47.5340736,conventional_hydroelectric
110,92,0.0,conventional_steam_coal
41,92,0.0,conventional_steam_coal
3,92,0.0,conventional_steam_coal
36,92,0.0,conventional_steam_coal
85,92,0.0,conventional_steam_coal
28,92,74.364,geothermal
116,92,0.0,natural_gas_fired_combined_cycle
73,92,0.0,natural_gas_fired_combined_cycle
71,92,0.0,natural_gas_fired_combined_cycle
44,92,0.0,natural_gas_fired_combined_cycle
115,92,0.0,natural_gas_fired_combined_cycle
70,92,0.0,natural_gas_fired_combined_cycle
131,92,0.0,natural_gas_fired_combined_cycle
18,92,0.0,natural_gas_fired_combined_cycle
72,92,0.0,natural_gas_fired_combined_cycle
114,92,0.0,natural_gas_fired_combined_cycle
45,92,0.0,natural_gas_fired_combined_cycle
78,92,0.0,natural_gas_fired_combustion_turbine
75,92,0.0,natural_gas_fired_combustion_turbine
119,92,0.0,natural_gas_fired_combustion_turbine
117,92,0.0,natural_gas_fired_combustion_turbine
134,92,0.0,natural_gas_fired_combustion_turbine
103,92,0.0,natural_gas_fired_combustion_turbine
47,92,0.0,natural_gas_fired_combustion_turbine
8,92,0.0,natural_gas_fired_combustion_turbine
90,92,0.0,natural_gas_fired_combustion_turbine
60,92,0.0,natural_gas_fired_combustion_turbine
46,92,0.0,natural_gas_fired_combustion_turbine
37,92,0.0,natural_gas_fired_combustion_turbine
7,92,0.0,natural_gas_fired_combustion_turbine
133,92,0.0,natural_gas_fired_combustion_turbine
74,92,0.0,natural_gas_fired_combustion_turbine
20,92,0.0,natural_gas_fired_combustion_turbine
135,92,0.0,natural_gas_fired_combustion_turbine
142,92,0.0,natural_gas_fired_combustion_turbine
121,92,0.0,natural_gas_fired_combustion_turbine
91,92,0.0,natural_gas_fired_combustion_turbine
22,92,0.0,natural_gas_steam_turbine
123,92,0.0,natural_gas_steam_turbine
62,92,0.0,natural_gas_steam_turbine
49,92,0.0,natural_gas_steam_turbine
48,92,0.0,natural_gas_steam_turbine
21,92,0.0,natural_gas_steam_turbine
79,92,0.0,nuclear
10,92,518.7168,onshore_wind_turbine
23,92,9618.8708,onshore_wind_turbine
31,92,6894.10246,onshore_wind_turbine
38,92,2568.15405,onshore_wind_turbine
50,92,729.62442,onshore_wind_turbine
63,92,241.226440224,onshore_wind_turbine
80,92,2990.5517599999994,onshore_wind_turbine
94,92,14097.007399999999,onshore_wind_turbine
105,92,132.915860028,onshore_wind_turbine
124,92,11899.570274345602,onshore_wind_turbine
136,92,966.8872500000001,onshore_wind_turbine
144,92,12474.972719999998,onshore_wind_turbine
11,92,19.125,small_hydroelectric
24,92,62.577,small_hydroelectric
32,92,192.0,small_hydroelectric
39,92,52.9,small_hydroelectric
51,92,25.641,small_hydroelectric
64,92,6.128,small_hydroelectric
81,92,241.672,small_hydroelectric
95,92,418.922,small_hydroelectric
106,92,31.614,small_hydroelectric
125,92,100.697,small_hydroelectric
137,92,36.822,small_hydroelectric
145,92,33.21,small_hydroelectric
12,92,0.0,solar_photovoltaic
25,92,0.0,solar_photovoltaic
33,92,0.0,solar_photovoltaic
52,92,0.0,solar_photovoltaic
65,92,0.0,solar_photovoltaic
82,92,0.0,solar_photovoltaic
96,92,0.0,solar_photovoltaic
107,92,0.0,solar_photovoltaic
126,92,0.0,solar_photovoltaic
138,92,0.0,solar_photovoltaic
26,93,11.235,biomass
13,93,15.682,biomass
108,93,137.081,biomass
40,93,5.952,biomass
97,93,178.173,biomass
1,93,16.294,biomass
66,93,228.795,biomass
2,93,862.4549975999998,conventional_hydroelectric
14,93,128.7025344,conventional_hydroelectric
27,93,857.6617176000001,conventional_hydroelectric
35,93,833.4544592,conventional_hydroelectric
54,93,666.0481608000001,conventional_hydroelectric
67,93,1425.5510466674878,conventional_hydroelectric
84,93,15377.7412554,conventional_hydroelectric
109,93,107.76396152340001,conventional_hydroelectric
128,93,52.32546000000001,conventional_hydroelectric
139,93,47.5340736,conventional_hydroelectric
110,93,28.5,conventional_steam_coal
41,93,0.0,conventional_steam_coal
3,93,0.0,conventional_steam_coal
36,93,0.0,conventional_steam_coal
85,93,0.0,conventional_steam_coal
28,93,74.364,geothermal
116,93,0.0,natural_gas_fired_combined_cycle
73,93,0.0,natural_gas_fired_combined_cycle
71,93,0.0,natural_gas_fired_combined_cycle
44,93,0.0,natural_gas_fired_combined_cycle
115,93,0.0,natural_gas_fired_combined_cycle
70,93,0.0,natural_gas_fired_combined_cycle
131,93,0.0,natural_gas_fired_combined_cycle
18,93,0.0,natural_gas_fired_combined_cycle
72,93,0.0,natural_gas_fired_combined_cycle
114,93,0.0,natural_gas_fired_combined_cycle
45,93,0.0,natural_gas_fired_combined_cycle
78,93,0.0,natural_gas_fired_combustion_turbine
75,93,0.0,natural_gas_fired_combustion_turbine
119,93,0.0,natural_gas_fired_combustion_turbine
117,93,0.0,natural_gas_fired_combustion_turbine
134,93,0.0,natural_gas_fired_combustion_turbine
103,93,0.0,natural_gas_fired_combustion_turbine
47,93,0.0,natural_gas_fired_combustion_turbine
8,93,0.0,natural_gas_fired_combustion_turbine
90,93,0.0,natural_gas_fired_combustion_turbine
60,93,0.0,natural_gas_fired_combustion_turbine
46,93,0.0,natural_gas_fired_combustion_turbine
37,93,0.0,natural_gas_fired_combustion_turbine
7,93,0.0,natural_gas_fired_combustion_turbine
133,93,0.0,natural_gas_fired_combustion_turbine
74,93,0.0,natural_gas_fired_combustion_turbine
20,93,0.0,natural_gas_fired_combustion_turbine
135,93,0.0,natural_gas_fired_combustion_turbine
142,93,0.0,natural_gas_fired_combustion_turbine
121,93,0.0,natural_gas_fired_combustion_turbine
91,93,0.0,natural_gas_fired_combustion_turbine
22,93,0.0,natural_gas_steam_turbine
123,93,0.0,natural_gas_steam_turbine
62,93,0.0,natural_gas_steam_turbine
49,93,0.0,natural_gas_steam_turbine
48,93,0.0,natural_gas_steam_turbine
21,93,0.0,natural_gas_steam_turbine
79,93,1851.4997499999997,nuclear
10,93,547.71451,onshore_wind_turbine
23,93,10155.53,onshore_wind_turbine
31,93,6061.72805,onshore_wind_turbine
38,93,3663.9225,onshore_wind_turbine
50,93,413.92805999999996,onshore_wind_turbine
63,93,310.4054799944,onshore_wind_turbine
80,93,1358.66584,onshore_wind_turbine
94,93,8389.0618,onshore_wind_turbine
105,93,71.55791832,onshore_wind_turbine
124,93,12873.699224955802,onshore_wind_turbine
136,93,966.8872500000001,onshore_wind_turbine
144,93,10943.7174,onshore_wind_turbine
11,93,19.125,small_hydroelectric
24,93,62.577,small_hydroelectric
32,93,192.0,small_hydroelectric
39,93,52.9,small_hydroelectric
51,93,25.641,small_hydroelectric
64,93,6.128,small_hydroelectric
81,93,241.672,small_hydroelectric
95,93,418.922,small_hydroelectric
106,93,31.614,small_hydroelectric
125,93,100.697,small_hydroelectric
137,93,36.822,small_hydroelectric
145,93,33.21,small_hydroelectric
12,93,0.0,solar_photovoltaic
25,93,0.0,solar_photovoltaic
33,93,0.0,solar_photovoltaic
52,93,0.0,solar_photovoltaic
65,93,0.0,solar_photovoltaic
82,93,0.0,solar_photovoltaic
96,93,0.0,solar_photovoltaic
107,93,0.0,solar_photovoltaic
126,93,0.0,solar_photovoltaic
138,93,0.0,solar_photovoltaic
26,94,0.0,biomass
13,94,0.0,biomass
108,94,0.0,biomass
40,94,0.0,biomass
97,94,0.0,biomass
1,94,0.0,biomass
66,94,0.0,biomass
2,94,633.1668335999977,conventional_hydroelectric
14,94,128.7025344,conventional_hydroelectric
27,94,740.5410816000006,conventional_hydroelectric
35,94,626.1523311999983,conventional_hydroelectric
54,94,579.7778778000005,conventional_hydroelectric
67,94,1425.5510466674878,conventional_hydroelectric
84,94,12966.344081398262,conventional_hydroelectric
109,94,107.76396152340001,conventional_hydroelectric
128,94,39.72606000000003,conventional_hydroelectric
139,94,47.5340736,conventional_hydroelectric
110,94,0.0,conventional_steam_coal
41,94,0.0,conventional_steam_coal
3,94,0.0,conventional_steam_coal
36,94,0.0,conventional_steam_coal
85,94,0.0,conventional_steam_coal
28,94,0.0,geothermal
116,94,0.0,natural_gas_fired_combined_cycle
73,94,0.0,natural_gas_fired_combined_cycle
71,94,0.0,natural_gas_fired_combined_cycle
44,94,0.0,natural_gas_fired_combined_cycle
115,94,0.0,natural_gas_fired_combined_cycle
70,94,0.0,natural_gas_fired_combined_cycle
131,94,0.0,natural_gas_fired_combined_cycle
18,94,0.0,natural_gas_fired_combined_cycle
72,94,0.0,natural_gas_fired_combined_cycle
114,94,0.0,natural_gas_fired_combined_cycle
45,94,0.0,natural_gas_fired_combined_cycle
78,94,0.0,natural_gas_fired_combustion_turbine
75,94,0.0,natural_gas_fired_combustion_turbine
119,94,0.0,natural_gas_fired_combustion_turbine
117,94,0.0,natural_gas_fired_combustion_turbine
134,94,0.0,natural_gas_fired_combustion_turbine
103,94,0.0,natural_gas_fired_combustion_turbine
47,94,0.0,natural_gas_fired_combustion_turbine
8,94,0.0,natural_gas_fired_combustion_turbine
90,94,0.0,natural_gas_fired_combustion_turbine
60,94,0.0,natural_gas_fired_combustion_turbine
46,94,0.0,natural_gas_fired_combustion_turbine
37,94,0.0,natural_gas_fired_combustion_turbine
7,94,0.0,natural_gas_fired_combustion_turbine
133,94,0.0,natural_gas_fired_combustion_turbine
74,94,0.0,natural_gas_fired_combustion_turbine
20,94,0.0,natural_gas_fired_combustion_turbine
135,94,0.0,natural_gas_fired_combustion_turbine
142,94,0.0,natural_gas_fired_combustion_turbine
121,94,0.0,natural_gas_fired_combustion_turbine
91,94,0.0,natural_gas_fired_combustion_turbine
22,94,0.0,natural_gas_steam_turbine
123,94,0.0,natural_gas_steam_turbine
62,94,0.0,natural_gas_steam_turbine
49,94,0.0,natural_gas_steam_turbine
48,94,0.0,natural_gas_steam_turbine
21,94,0.0,natural_gas_steam_turbine
79,94,0.0,nuclear
10,94,403.98673,onshore_wind_turbine
23,94,11867.976013831649,onshore_wind_turbine
31,94,6826.42009,onshore_wind_turbine
38,94,4000.2081000000003,onshore_wind_turbine
50,94,621.23082,onshore_wind_turbine
63,94,0.0,onshore_wind_turbine
80,94,1972.9463599999997,onshore_wind_turbine
94,94,6388.3386,onshore_wind_turbine
105,94,114.392321232,onshore_wind_turbine
124,94,20038.377383147203,onshore_wind_turbine
136,94,783.40353,onshore_wind_turbine
144,94,12518.228519999999,onshore_wind_turbine
11,94,19.125,small_hydroelectric
24,94,62.577,small_hydroelectric
32,94,192.0,small_hydroelectric
39,94,52.9,small_hydroelectric
51,94,25.641,small_hydroelectric
64,94,6.128,small_hydroelectric
81,94,241.672,small_hydroelectric
95,94,418.922,small_hydroelectric
106,94,31.614,small_hydroelectric
125,94,100.697,small_hydroelectric
137,94,36.822,small_hydroelectric
145,94,33.21,small_hydroelectric
12,94,0.0,solar_photovoltaic
25,94,0.0,solar_photovoltaic
33,94,0.0,solar_photovoltaic
52,94,0.0,solar_photovoltaic
65,94,0.0,solar_photovoltaic
82,94,0.0,solar_photovoltaic
96,94,0.0,solar_photovoltaic
107,94,0.0,solar_photovoltaic
126,94,0.0,solar_photovoltaic
138,94,0.0,solar_photovoltaic
26,95,0.0,biomass
13,95,0.0,biomass
108,95,0.0,biomass
40,95,0.0,biomass
97,95,0.0,biomass
1,95,0.0,biomass
66,95,0.0,biomass
2,95,633.1668335999984,conventional_hydroelectric
14,95,89.65900240000003,conventional_hydroelectric
27,95,857.6617176000001,conventional_hydroelectric
35,95,626.1523311999995,conventional_hydroelectric
54,95,666.0481608000001,conventional_hydroelectric
67,95,1425.5510466674878,conventional_hydroelectric
84,95,12966.34408139999,conventional_hydroelectric
109,95,0.0,conventional_hydroelectric
128,95,52.32546000000001,conventional_hydroelectric
139,95,47.5340736,conventional_hydroelectric
110,95,0.0,conventional_steam_coal
41,95,0.0,conventional_steam_coal
3,95,0.0,conventional_steam_coal
36,95,0.0,conventional_steam_coal
85,95,0.0,conventional_steam_coal
28,95,0.0,geothermal
116,95,0.0,natural_gas_fired_combined_cycle
73,95,0.0,natural_gas_fired_combined_cycle
71,95,0.0,natural_gas_fired_combined_cycle
44,95,0.0,natural_gas_fired_combined_cycle
115,95,0.0,natural_gas_fired_combined_cycle
70,95,0.0,natural_gas_fired_combined_cycle
131,95,0.0,natural_gas_fired_combined_cycle
18,95,0.0,natural_gas_fired_combined_cycle
72,95,0.0,natural_gas_fired_combined_cycle
114,95,0.0,natural_gas_fired_combined_cycle
45,95,0.0,natural_gas_fired_combined_cycle
78,95,0.0,natural_gas_fired_combustion_turbine
75,95,0.0,natural_gas_fired_combustion_turbine
119,95,0.0,natural_gas_fired_combustion_turbine
117,95,0.0,natural_gas_fired_combustion_turbine
134,95,0.0,natural_gas_fired_combustion_turbine
103,95,0.0,natural_gas_fired_combustion_turbine
47,95,0.0,natural_gas_fired_combustion_turbine
8,95,0.0,natural_gas_fired_combustion_turbine
90,95,0.0,natural_gas_fired_combustion_turbine
60,95,0.0,natural_gas_fired_combustion_turbine
46,95,0.0,natural_gas_fired_combustion_turbine
37,95,0.0,natural_gas_fired_combustion_turbine
7,95,0.0,natural_gas_fired_combustion_turbine
133,95,0.0,natural_gas_fired_combustion_turbine
74,95,0.0,natural_gas_fired_combustion_turbine
20,95,0.0,natural_gas_fired_combustion_turbine
135,95,0.0,natural_gas_fired_combustion_turbine
142,95,0.0,natural_gas_fired_combustion_turbine
121,95,0.0,natural_gas_fired_combustion_turbine
91,95,0.0,natural_gas_fired_combustion_turbine
22,95,0.0,natural_gas_steam_turbine
123,95,0.0,natural_gas_steam_turbine
62,95,0.0,natural_gas_steam_turbine
49,95,0.0,natural_gas_steam_turbine
48,95,0.0,natural_gas_steam_turbine
21,95,0.0,natural_gas_steam_turbine
79,95,0.0,nuclear
10,95,0.0,onshore_wind_turbine
23,95,12987.898,onshore_wind_turbine
31,95,7665.91896,onshore_wind_turbine
38,95,3345.8145,onshore_wind_turbine
50,95,571.0987799999999,onshore_wind_turbine
63,95,0.0,onshore_wind_turbine
80,95,1191.8176198809197,onshore_wind_turbine
94,95,0.0,onshore_wind_turbine
105,95,177.910738845,onshore_wind_turbine
124,95,23413.020114006602,onshore_wind_turbine
136,95,0.0,onshore_wind_turbine
144,95,11730.97296,onshore_wind_turbine
11,95,0.0,small_hydroelectric
24,95,0.0,small_hydroelectric
32,95,0.0,small_hydroelectric
39,95,0.0,small_hydroelectric
51,95,0.0,small_hydroelectric
64,95,0.0,small_hydroelectric
81,95,241.672,small_hydroelectric
95,95,0.0,small_hydroelectric
106,95,0.0,small_hydroelectric
125,95,0.0,small_hydroelectric
137,95,0.0,small_hydroelectric
145,95,0.0,small_hydroelectric
12,95,0.0,solar_photovoltaic
25,95,0.0,solar_photovoltaic
33,95,0.0,solar_photovoltaic
52,95,0.0,solar_photovoltaic
65,95,0.0,solar_photovoltaic
82,95,0.0,solar_photovoltaic
96,95,0.0,solar_photovoltaic
107,95,0.0,solar_photovoltaic
126,95,0.0,solar_photovoltaic
138,95,0.0,solar_photovoltaic
26,96,0.0,biomass
13,96,0.0,biomass
108,96,0.0,biomass
40,96,0.0,biomass
97,96,0.0,biomass
1,96,0.0,biomass
66,96,0.0,biomass
2,96,862.4549975999998,conventional_hydroelectric
14,96,128.7025344,conventional_hydroelectric
27,96,857.6617176000001,conventional_hydroelectric
35,96,626.1523311999971,conventional_hydroelectric
54,96,579.7778777999991,conventional_hydroelectric
67,96,1425.5510466674878,conventional_hydroelectric
84,96,12966.344081396566,conventional_hydroelectric
109,96,107.76396152340001,conventional_hydroelectric
128,96,52.32546000000001,conventional_hydroelectric
139,96,47.5340736,conventional_hydroelectric
110,96,0.0,conventional_steam_coal
41,96,0.0,conventional_steam_coal
3,96,0.0,conventional_steam_coal
36,96,0.0,conventional_steam_coal
85,96,0.0,conventional_steam_coal
28,96,74.364,geothermal
116,96,0.0,natural_gas_fired_combined_cycle
73,96,0.0,natural_gas_fired_combined_cycle
71,96,0.0,natural_gas_fired_combined_cycle
44,96,0.0,natural_gas_fired_combined_cycle
115,96,0.0,natural_gas_fired_combined_cycle
70,96,0.0,natural_gas_fired_combined_cycle
131,96,0.0,natural_gas_fired_combined_cycle
18,96,0.0,natural_gas_fired_combined_cycle
72,96,0.0,natural_gas_fired_combined_cycle
114,96,0.0,natural_gas_fired_combined_cycle
45,96,0.0,natural_gas_fired_combined_cycle
78,96,0.0,natural_gas_fired_combustion_turbine
75,96,0.0,natural_gas_fired_combustion_turbine
119,96,0.0,natural_gas_fired_combustion_turbine
117,96,0.0,natural_gas_fired_combustion_turbine
134,96,0.0,natural_gas_fired_combustion_turbine
103,96,0.0,natural_gas_fired_combustion_turbine
47,96,0.0,natural_gas_fired_combustion_turbine
8,96,0.0,natural_gas_fired_combustion_turbine
90,96,0.0,natural_gas_fired_combustion_turbine
60,96,0.0,natural_gas_fired_combustion_turbine
46,96,0.0,natural_gas_fired_combustion_turbine
37,96,0.0,natural_gas_fired_combustion_turbine
7,96,0.0,natural_gas_fired_combustion_turbine
133,96,0.0,natural_gas_fired_combustion_turbine
74,96,0.0,natural_gas_fired_combustion_turbine
20,96,0.0,natural_gas_fired_combustion_turbine
135,96,0.0,natural_gas_fired_combustion_turbine
142,96,0.0,natural_gas_fired_combustion_turbine
121,96,0.0,natural_gas_fired_combustion_turbine
91,96,0.0,natural_gas_fired_combustion_turbine
22,96,0.0,natural_gas_steam_turbine
123,96,0.0,natural_gas_steam_turbine
62,96,0.0,natural_gas_steam_turbine
49,96,0.0,natural_gas_steam_turbine
48,96,0.0,natural_gas_steam_turbine
21,96,0.0,natural_gas_steam_turbine
79,96,0.0,nuclear
10,96,0.0,onshore_wind_turbine
23,96,0.0,onshore_wind_turbine
31,96,7283.57294,onshore_wind_turbine
38,96,0.0,onshore_wind_turbine
50,96,0.0,onshore_wind_turbine
63,96,165.1403599048,onshore_wind_turbine
80,96,1758.27344,onshore_wind_turbine
94,96,10367.7182,onshore_wind_turbine
105,96,582.561981078,onshore_wind_turbine
124,96,22897.11070722974,onshore_wind_turbine
136,96,1256.5037100000002,onshore_wind_turbine
144,96,11663.926469999999,onshore_wind_turbine
11,96,19.125,small_hydroelectric
24,96,62.577,small_hydroelectric
32,96,0.0,small_hydroelectric
39,96,0.0,small_hydroelectric
51,96,0.0,small_hydroelectric
64,96,0.0,small_hydroelectric
81,96,0.0,small_hydroelectric
95,96,0.0,small_hydroelectric
106,96,31.614,small_hydroelectric
125,96,100.697,small_hydroelectric
137,96,0.0,small_hydroelectric
145,96,0.0,small_hydroelectric
12,96,0.0,solar_photovoltaic
25,96,0.0,solar_photovoltaic
33,96,0.0,solar_photovoltaic
52,96,0.0,solar_photovoltaic
65,96,0.0,solar_photovoltaic
82,96,0.0,solar_photovoltaic
96,96,0.0,solar_photovoltaic
107,96,0.0,solar_photovoltaic
126,96,0.0,solar_photovoltaic
138,96,0.0,solar_photovoltaic
