r_id,hour,gen,resource
26,1,0.0,biomass
13,1,0.0,biomass
108,1,0.0,biomass
40,1,0.0,biomass
97,1,0.0,biomass
1,1,0.0,biomass
66,1,0.0,biomass
2,1,0.0,conventional_hydroelectric
14,1,0.0,conventional_hydroelectric
27,1,0.0,conventional_hydroelectric
35,1,0.0,conventional_hydroelectric
54,1,0.0,conventional_hydroelectric
67,1,0.0,conventional_hydroelectric
84,1,0.0,conventional_hydroelectric
109,1,0.0,conventional_hydroelectric
128,1,0.0,conventional_hydroelectric
139,1,0.0,conventional_hydroelectric
110,1,0.0,conventional_steam_coal
41,1,0.0,conventional_steam_coal
3,1,0.0,conventional_steam_coal
36,1,0.0,conventional_steam_coal
85,1,0.0,conventional_steam_coal
28,1,0.0,geothermal
116,1,0.0,natural_gas_fired_combined_cycle
73,1,0.0,natural_gas_fired_combined_cycle
71,1,0.0,natural_gas_fired_combined_cycle
44,1,0.0,natural_gas_fired_combined_cycle
115,1,0.0,natural_gas_fired_combined_cycle
70,1,0.0,natural_gas_fired_combined_cycle
131,1,0.0,natural_gas_fired_combined_cycle
18,1,0.0,natural_gas_fired_combined_cycle
72,1,0.0,natural_gas_fired_combined_cycle
114,1,0.0,natural_gas_fired_combined_cycle
45,1,0.0,natural_gas_fired_combined_cycle
78,1,0.0,natural_gas_fired_combustion_turbine
75,1,0.0,natural_gas_fired_combustion_turbine
119,1,0.0,natural_gas_fired_combustion_turbine
117,1,0.0,natural_gas_fired_combustion_turbine
134,1,0.0,natural_gas_fired_combustion_turbine
103,1,0.0,natural_gas_fired_combustion_turbine
47,1,0.0,natural_gas_fired_combustion_turbine
8,1,0.0,natural_gas_fired_combustion_turbine
90,1,0.0,natural_gas_fired_combustion_turbine
60,1,0.0,natural_gas_fired_combustion_turbine
46,1,0.0,natural_gas_fired_combustion_turbine
37,1,0.0,natural_gas_fired_combustion_turbine
7,1,0.0,natural_gas_fired_combustion_turbine
133,1,0.0,natural_gas_fired_combustion_turbine
74,1,0.0,natural_gas_fired_combustion_turbine
20,1,0.0,natural_gas_fired_combustion_turbine
135,1,0.0,natural_gas_fired_combustion_turbine
142,1,0.0,natural_gas_fired_combustion_turbine
121,1,0.0,natural_gas_fired_combustion_turbine
91,1,0.0,natural_gas_fired_combustion_turbine
22,1,0.0,natural_gas_steam_turbine
123,1,0.0,natural_gas_steam_turbine
62,1,0.0,natural_gas_steam_turbine
49,1,0.0,natural_gas_steam_turbine
48,1,0.0,natural_gas_steam_turbine
21,1,0.0,natural_gas_steam_turbine
79,1,0.0,nuclear
10,1,0.0,onshore_wind_turbine
23,1,11047.400702715991,onshore_wind_turbine
31,1,8973.257370000001,onshore_wind_turbine
38,1,3379.3294499999997,onshore_wind_turbine
50,1,0.0,onshore_wind_turbine
63,1,0.0,onshore_wind_turbine
80,1,0.0,onshore_wind_turbine
94,1,20404.4344,onshore_wind_turbine
105,1,0.0,onshore_wind_turbine
124,1,26151.530997284004,onshore_wind_turbine
136,1,0.0,onshore_wind_turbine
144,1,0.0,onshore_wind_turbine
11,1,0.0,small_hydroelectric
24,1,0.0,small_hydroelectric
32,1,0.0,small_hydroelectric
39,1,0.0,small_hydroelectric
51,1,0.0,small_hydroelectric
64,1,0.0,small_hydroelectric
81,1,0.0,small_hydroelectric
95,1,0.0,small_hydroelectric
106,1,0.0,small_hydroelectric
125,1,0.0,small_hydroelectric
137,1,0.0,small_hydroelectric
145,1,0.0,small_hydroelectric
12,1,0.0,solar_photovoltaic
25,1,0.0,solar_photovoltaic
33,1,0.0,solar_photovoltaic
52,1,0.0,solar_photovoltaic
65,1,0.0,solar_photovoltaic
82,1,0.0,solar_photovoltaic
96,1,0.0,solar_photovoltaic
107,1,0.0,solar_photovoltaic
126,1,0.0,solar_photovoltaic
138,1,0.0,solar_photovoltaic
26,2,0.0,biomass
13,2,0.0,biomass
108,2,0.0,biomass
40,2,0.0,biomass
97,2,0.0,biomass
1,2,0.0,biomass
66,2,0.0,biomass
2,2,0.0,conventional_hydroelectric
14,2,0.0,conventional_hydroelectric
27,2,0.0,conventional_hydroelectric
35,2,0.0,conventional_hydroelectric
54,2,0.0,conventional_hydroelectric
67,2,0.0,conventional_hydroelectric
84,2,0.0,conventional_hydroelectric
109,2,0.0,conventional_hydroelectric
128,2,0.0,conventional_hydroelectric
139,2,0.0,conventional_hydroelectric
110,2,0.0,conventional_steam_coal
41,2,0.0,conventional_steam_coal
3,2,0.0,conventional_steam_coal
36,2,0.0,conventional_steam_coal
85,2,0.0,conventional_steam_coal
28,2,0.0,geothermal
116,2,0.0,natural_gas_fired_combined_cycle
73,2,0.0,natural_gas_fired_combined_cycle
71,2,0.0,natural_gas_fired_combined_cycle
44,2,0.0,natural_gas_fired_combined_cycle
115,2,0.0,natural_gas_fired_combined_cycle
70,2,0.0,natural_gas_fired_combined_cycle
131,2,0.0,natural_gas_fired_combined_cycle
18,2,0.0,natural_gas_fired_combined_cycle
72,2,0.0,natural_gas_fired_combined_cycle
114,2,0.0,natural_gas_fired_combined_cycle
45,2,0.0,natural_gas_fired_combined_cycle
78,2,0.0,natural_gas_fired_combustion_turbine
75,2,0.0,natural_gas_fired_combustion_turbine
119,2,0.0,natural_gas_fired_combustion_turbine
117,2,0.0,natural_gas_fired_combustion_turbine
134,2,0.0,natural_gas_fired_combustion_turbine
103,2,0.0,natural_gas_fired_combustion_turbine
47,2,0.0,natural_gas_fired_combustion_turbine
8,2,0.0,natural_gas_fired_combustion_turbine
90,2,0.0,natural_gas_fired_combustion_turbine
60,2,0.0,natural_gas_fired_combustion_turbine
46,2,0.0,natural_gas_fired_combustion_turbine
37,2,0.0,natural_gas_fired_combustion_turbine
7,2,0.0,natural_gas_fired_combustion_turbine
133,2,0.0,natural_gas_fired_combustion_turbine
74,2,0.0,natural_gas_fired_combustion_turbine
20,2,0.0,natural_gas_fired_combustion_turbine
135,2,0.0,natural_gas_fired_combustion_turbine
142,2,0.0,natural_gas_fired_combustion_turbine
121,2,0.0,natural_gas_fired_combustion_turbine
91,2,0.0,natural_gas_fired_combustion_turbine
22,2,0.0,natural_gas_steam_turbine
123,2,0.0,natural_gas_steam_turbine
62,2,0.0,natural_gas_steam_turbine
49,2,0.0,natural_gas_steam_turbine
48,2,0.0,natural_gas_steam_turbine
21,2,0.0,natural_gas_steam_turbine
79,2,0.0,nuclear
10,2,0.0,onshore_wind_turbine
23,2,0.0,onshore_wind_turbine
31,2,8959.00845,onshore_wind_turbine
38,2,0.0,onshore_wind_turbine
50,2,3942.8171999999995,onshore_wind_turbine
63,2,0.0,onshore_wind_turbine
80,2,0.0,onshore_wind_turbine
94,2,21996.9218,onshore_wind_turbine
105,2,2782.9569608819997,onshore_wind_turbine
124,2,25945.523443686005,onshore_wind_turbine
136,2,4794.861330000001,onshore_wind_turbine
144,2,4988.755874973897,onshore_wind_turbine
11,2,0.0,small_hydroelectric
24,2,0.0,small_hydroelectric
32,2,0.0,small_hydroelectric
39,2,0.0,small_hydroelectric
51,2,0.0,small_hydroelectric
64,2,0.0,small_hydroelectric
81,2,0.0,small_hydroelectric
95,2,0.0,small_hydroelectric
106,2,0.0,small_hydroelectric
125,2,0.0,small_hydroelectric
137,2,0.0,small_hydroelectric
145,2,0.0,small_hydroelectric
12,2,0.0,solar_photovoltaic
25,2,0.0,solar_photovoltaic
33,2,0.0,solar_photovoltaic
52,2,0.0,solar_photovoltaic
65,2,0.0,solar_photovoltaic
82,2,0.0,solar_photovoltaic
96,2,0.0,solar_photovoltaic
107,2,0.0,solar_photovoltaic
126,2,0.0,solar_photovoltaic
138,2,0.0,solar_photovoltaic
26,3,0.0,biomass
13,3,0.0,biomass
108,3,0.0,biomass
40,3,0.0,biomass
97,3,0.0,biomass
1,3,0.0,biomass
66,3,0.0,biomass
2,3,0.0,conventional_hydroelectric
14,3,0.0,conventional_hydroelectric
27,3,0.0,conventional_hydroelectric
35,3,0.0,conventional_hydroelectric
54,3,0.0,conventional_hydroelectric
67,3,0.0,conventional_hydroelectric
84,3,0.0,conventional_hydroelectric
109,3,0.0,conventional_hydroelectric
128,3,0.0,conventional_hydroelectric
139,3,0.0,conventional_hydroelectric
110,3,0.0,conventional_steam_coal
41,3,0.0,conventional_steam_coal
3,3,0.0,conventional_steam_coal
36,3,0.0,conventional_steam_coal
85,3,0.0,conventional_steam_coal
28,3,0.0,geothermal
116,3,0.0,natural_gas_fired_combined_cycle
73,3,0.0,natural_gas_fired_combined_cycle
71,3,0.0,natural_gas_fired_combined_cycle
44,3,0.0,natural_gas_fired_combined_cycle
115,3,0.0,natural_gas_fired_combined_cycle
70,3,0.0,natural_gas_fired_combined_cycle
131,3,0.0,natural_gas_fired_combined_cycle
18,3,0.0,natural_gas_fired_combined_cycle
72,3,0.0,natural_gas_fired_combined_cycle
114,3,0.0,natural_gas_fired_combined_cycle
45,3,0.0,natural_gas_fired_combined_cycle
78,3,0.0,natural_gas_fired_combustion_turbine
75,3,0.0,natural_gas_fired_combustion_turbine
119,3,0.0,natural_gas_fired_combustion_turbine
117,3,0.0,natural_gas_fired_combustion_turbine
134,3,0.0,natural_gas_fired_combustion_turbine
103,3,0.0,natural_gas_fired_combustion_turbine
47,3,0.0,natural_gas_fired_combustion_turbine
8,3,0.0,natural_gas_fired_combustion_turbine
90,3,0.0,natural_gas_fired_combustion_turbine
60,3,0.0,natural_gas_fired_combustion_turbine
46,3,0.0,natural_gas_fired_combustion_turbine
37,3,0.0,natural_gas_fired_combustion_turbine
7,3,0.0,natural_gas_fired_combustion_turbine
133,3,0.0,natural_gas_fired_combustion_turbine
74,3,0.0,natural_gas_fired_combustion_turbine
20,3,0.0,natural_gas_fired_combustion_turbine
135,3,0.0,natural_gas_fired_combustion_turbine
142,3,0.0,natural_gas_fired_combustion_turbine
121,3,0.0,natural_gas_fired_combustion_turbine
91,3,0.0,natural_gas_fired_combustion_turbine
22,3,0.0,natural_gas_steam_turbine
123,3,0.0,natural_gas_steam_turbine
62,3,0.0,natural_gas_steam_turbine
49,3,0.0,natural_gas_steam_turbine
48,3,0.0,natural_gas_steam_turbine
21,3,0.0,natural_gas_steam_turbine
79,3,0.0,nuclear
10,3,0.0,onshore_wind_turbine
23,3,0.0,onshore_wind_turbine
31,3,0.0,onshore_wind_turbine
38,3,3829.7931000000003,onshore_wind_turbine
50,3,3882.52326,onshore_wind_turbine
63,3,0.0,onshore_wind_turbine
80,3,0.0,onshore_wind_turbine
94,3,17561.495,onshore_wind_turbine
105,3,2439.9408584039998,onshore_wind_turbine
124,3,25591.077534761203,onshore_wind_turbine
136,3,4578.0987000000005,onshore_wind_turbine
144,3,9400.75706683479,onshore_wind_turbine
11,3,0.0,small_hydroelectric
24,3,0.0,small_hydroelectric
32,3,0.0,small_hydroelectric
39,3,0.0,small_hydroelectric
51,3,0.0,small_hydroelectric
64,3,0.0,small_hydroelectric
81,3,0.0,small_hydroelectric
95,3,0.0,small_hydroelectric
106,3,0.0,small_hydroelectric
125,3,0.0,small_hydroelectric
137,3,0.0,small_hydroelectric
145,3,0.0,small_hydroelectric
12,3,0.0,solar_photovoltaic
25,3,0.0,solar_photovoltaic
33,3,0.0,solar_photovoltaic
52,3,0.0,solar_photovoltaic
65,3,0.0,solar_photovoltaic
82,3,0.0,solar_photovoltaic
96,3,0.0,solar_photovoltaic
107,3,0.0,solar_photovoltaic
126,3,0.0,solar_photovoltaic
138,3,0.0,solar_photovoltaic
26,4,0.0,biomass
13,4,0.0,biomass
108,4,0.0,biomass
40,4,0.0,biomass
97,4,0.0,biomass
1,4,0.0,biomass
66,4,0.0,biomass
2,4,0.0,conventional_hydroelectric
14,4,0.0,conventional_hydroelectric
27,4,0.0,conventional_hydroelectric
35,4,0.0,conventional_hydroelectric
54,4,0.0,conventional_hydroelectric
67,4,0.0,conventional_hydroelectric
84,4,0.0,conventional_hydroelectric
109,4,0.0,conventional_hydroelectric
128,4,0.0,conventional_hydroelectric
139,4,0.0,conventional_hydroelectric
110,4,0.0,conventional_steam_coal
41,4,0.0,conventional_steam_coal
3,4,0.0,conventional_steam_coal
36,4,0.0,conventional_steam_coal
85,4,0.0,conventional_steam_coal
28,4,0.0,geothermal
116,4,0.0,natural_gas_fired_combined_cycle
73,4,0.0,natural_gas_fired_combined_cycle
71,4,0.0,natural_gas_fired_combined_cycle
44,4,0.0,natural_gas_fired_combined_cycle
115,4,0.0,natural_gas_fired_combined_cycle
70,4,0.0,natural_gas_fired_combined_cycle
131,4,0.0,natural_gas_fired_combined_cycle
18,4,0.0,natural_gas_fired_combined_cycle
72,4,0.0,natural_gas_fired_combined_cycle
114,4,0.0,natural_gas_fired_combined_cycle
45,4,0.0,natural_gas_fired_combined_cycle
78,4,0.0,natural_gas_fired_combustion_turbine
75,4,0.0,natural_gas_fired_combustion_turbine
119,4,0.0,natural_gas_fired_combustion_turbine
117,4,0.0,natural_gas_fired_combustion_turbine
134,4,0.0,natural_gas_fired_combustion_turbine
103,4,0.0,natural_gas_fired_combustion_turbine
47,4,0.0,natural_gas_fired_combustion_turbine
8,4,0.0,natural_gas_fired_combustion_turbine
90,4,0.0,natural_gas_fired_combustion_turbine
60,4,0.0,natural_gas_fired_combustion_turbine
46,4,0.0,natural_gas_fired_combustion_turbine
37,4,0.0,natural_gas_fired_combustion_turbine
7,4,0.0,natural_gas_fired_combustion_turbine
133,4,0.0,natural_gas_fired_combustion_turbine
74,4,0.0,natural_gas_fired_combustion_turbine
20,4,0.0,natural_gas_fired_combustion_turbine
135,4,0.0,natural_gas_fired_combustion_turbine
142,4,0.0,natural_gas_fired_combustion_turbine
121,4,0.0,natural_gas_fired_combustion_turbine
91,4,0.0,natural_gas_fired_combustion_turbine
22,4,0.0,natural_gas_steam_turbine
123,4,0.0,natural_gas_steam_turbine
62,4,0.0,natural_gas_steam_turbine
49,4,0.0,natural_gas_steam_turbine
48,4,0.0,natural_gas_steam_turbine
21,4,0.0,natural_gas_steam_turbine
79,4,0.0,nuclear
10,4,627.50324,onshore_wind_turbine
23,4,8929.4128,onshore_wind_turbine
31,4,9316.41886,onshore_wind_turbine
38,4,4594.3884,onshore_wind_turbine
50,4,4556.59596,onshore_wind_turbine
63,4,0.0,onshore_wind_turbine
80,4,1465.4323794680113,onshore_wind_turbine
94,4,18973.770200000003,onshore_wind_turbine
105,4,2287.446560532,onshore_wind_turbine
124,4,0.0,onshore_wind_turbine
136,4,5006.22738,onshore_wind_turbine
144,4,12273.83325,onshore_wind_turbine
11,4,0.0,small_hydroelectric
24,4,0.0,small_hydroelectric
32,4,0.0,small_hydroelectric
39,4,0.0,small_hydroelectric
51,4,0.0,small_hydroelectric
64,4,0.0,small_hydroelectric
81,4,0.0,small_hydroelectric
95,4,0.0,small_hydroelectric
106,4,0.0,small_hydroelectric
125,4,0.0,small_hydroelectric
137,4,0.0,small_hydroelectric
145,4,0.0,small_hydroelectric
12,4,0.0,solar_photovoltaic
25,4,0.0,solar_photovoltaic
33,4,0.0,solar_photovoltaic
52,4,0.0,solar_photovoltaic
65,4,0.0,solar_photovoltaic
82,4,0.0,solar_photovoltaic
96,4,0.0,solar_photovoltaic
107,4,0.0,solar_photovoltaic
126,4,0.0,solar_photovoltaic
138,4,0.0,solar_photovoltaic
26,5,0.0,biomass
13,5,0.0,biomass
108,5,0.0,biomass
40,5,0.0,biomass
97,5,0.0,biomass
1,5,0.0,biomass
66,5,0.0,biomass
2,5,0.0,conventional_hydroelectric
14,5,0.0,conventional_hydroelectric
27,5,0.0,conventional_hydroelectric
35,5,0.0,conventional_hydroelectric
54,5,0.0,conventional_hydroelectric
67,5,0.0,conventional_hydroelectric
84,5,0.0,conventional_hydroelectric
109,5,0.0,conventional_hydroelectric
128,5,0.0,conventional_hydroelectric
139,5,0.0,conventional_hydroelectric
110,5,0.0,conventional_steam_coal
41,5,0.0,conventional_steam_coal
3,5,0.0,conventional_steam_coal
36,5,0.0,conventional_steam_coal
85,5,0.0,conventional_steam_coal
28,5,74.364,geothermal
116,5,0.0,natural_gas_fired_combined_cycle
73,5,0.0,natural_gas_fired_combined_cycle
71,5,0.0,natural_gas_fired_combined_cycle
44,5,0.0,natural_gas_fired_combined_cycle
115,5,0.0,natural_gas_fired_combined_cycle
70,5,0.0,natural_gas_fired_combined_cycle
131,5,0.0,natural_gas_fired_combined_cycle
18,5,0.0,natural_gas_fired_combined_cycle
72,5,0.0,natural_gas_fired_combined_cycle
114,5,0.0,natural_gas_fired_combined_cycle
45,5,0.0,natural_gas_fired_combined_cycle
78,5,0.0,natural_gas_fired_combustion_turbine
75,5,0.0,natural_gas_fired_combustion_turbine
119,5,0.0,natural_gas_fired_combustion_turbine
117,5,0.0,natural_gas_fired_combustion_turbine
134,5,0.0,natural_gas_fired_combustion_turbine
103,5,0.0,natural_gas_fired_combustion_turbine
47,5,0.0,natural_gas_fired_combustion_turbine
8,5,0.0,natural_gas_fired_combustion_turbine
90,5,0.0,natural_gas_fired_combustion_turbine
60,5,0.0,natural_gas_fired_combustion_turbine
46,5,0.0,natural_gas_fired_combustion_turbine
37,5,0.0,natural_gas_fired_combustion_turbine
7,5,0.0,natural_gas_fired_combustion_turbine
133,5,0.0,natural_gas_fired_combustion_turbine
74,5,0.0,natural_gas_fired_combustion_turbine
20,5,0.0,natural_gas_fired_combustion_turbine
135,5,0.0,natural_gas_fired_combustion_turbine
142,5,0.0,natural_gas_fired_combustion_turbine
121,5,0.0,natural_gas_fired_combustion_turbine
91,5,0.0,natural_gas_fired_combustion_turbine
22,5,0.0,natural_gas_steam_turbine
123,5,0.0,natural_gas_steam_turbine
62,5,0.0,natural_gas_steam_turbine
49,5,0.0,natural_gas_steam_turbine
48,5,0.0,natural_gas_steam_turbine
21,5,0.0,natural_gas_steam_turbine
79,5,0.0,nuclear
10,5,0.0,onshore_wind_turbine
23,5,11925.76,onshore_wind_turbine
31,5,9045.68938,onshore_wind_turbine
38,5,4782.981,onshore_wind_turbine
50,5,0.0,onshore_wind_turbine
63,5,0.0,onshore_wind_turbine
80,5,1010.1708399999999,onshore_wind_turbine
94,5,21066.4384,onshore_wind_turbine
105,5,0.0,onshore_wind_turbine
124,5,22321.802652072005,onshore_wind_turbine
136,5,0.0,onshore_wind_turbine
144,5,0.0,onshore_wind_turbine
11,5,0.0,small_hydroelectric
24,5,56.847997928001774,small_hydroelectric
32,5,192.0,small_hydroelectric
39,5,52.9,small_hydroelectric
51,5,25.641,small_hydroelectric
64,5,6.128,small_hydroelectric
81,5,241.672,small_hydroelectric
95,5,418.922,small_hydroelectric
106,5,31.614,small_hydroelectric
125,5,100.697,small_hydroelectric
137,5,36.822,small_hydroelectric
145,5,0.0,small_hydroelectric
12,5,0.0,solar_photovoltaic
25,5,0.0,solar_photovoltaic
33,5,0.0,solar_photovoltaic
52,5,0.0,solar_photovoltaic
65,5,0.0,solar_photovoltaic
82,5,0.0,solar_photovoltaic
96,5,0.0,solar_photovoltaic
107,5,0.0,solar_photovoltaic
126,5,0.0,solar_photovoltaic
138,5,0.0,solar_photovoltaic
26,6,0.0,biomass
13,6,0.0,biomass
108,6,0.0,biomass
40,6,0.0,biomass
97,6,0.0,biomass
1,6,0.0,biomass
66,6,0.0,biomass
2,6,0.0,conventional_hydroelectric
14,6,0.0,conventional_hydroelectric
27,6,0.0,conventional_hydroelectric
35,6,0.0,conventional_hydroelectric
54,6,0.0,conventional_hydroelectric
67,6,0.0,conventional_hydroelectric
84,6,0.0,conventional_hydroelectric
109,6,0.0,conventional_hydroelectric
128,6,0.0,conventional_hydroelectric
139,6,0.0,conventional_hydroelectric
110,6,0.0,conventional_steam_coal
41,6,0.0,conventional_steam_coal
3,6,0.0,conventional_steam_coal
36,6,0.0,conventional_steam_coal
85,6,0.0,conventional_steam_coal
28,6,0.0,geothermal
116,6,0.0,natural_gas_fired_combined_cycle
73,6,0.0,natural_gas_fired_combined_cycle
71,6,0.0,natural_gas_fired_combined_cycle
44,6,0.0,natural_gas_fired_combined_cycle
115,6,0.0,natural_gas_fired_combined_cycle
70,6,0.0,natural_gas_fired_combined_cycle
131,6,0.0,natural_gas_fired_combined_cycle
18,6,0.0,natural_gas_fired_combined_cycle
72,6,0.0,natural_gas_fired_combined_cycle
114,6,0.0,natural_gas_fired_combined_cycle
45,6,0.0,natural_gas_fired_combined_cycle
78,6,0.0,natural_gas_fired_combustion_turbine
75,6,0.0,natural_gas_fired_combustion_turbine
119,6,0.0,natural_gas_fired_combustion_turbine
117,6,0.0,natural_gas_fired_combustion_turbine
134,6,0.0,natural_gas_fired_combustion_turbine
103,6,0.0,natural_gas_fired_combustion_turbine
47,6,0.0,natural_gas_fired_combustion_turbine
8,6,0.0,natural_gas_fired_combustion_turbine
90,6,0.0,natural_gas_fired_combustion_turbine
60,6,0.0,natural_gas_fired_combustion_turbine
46,6,0.0,natural_gas_fired_combustion_turbine
37,6,0.0,natural_gas_fired_combustion_turbine
7,6,0.0,natural_gas_fired_combustion_turbine
133,6,0.0,natural_gas_fired_combustion_turbine
74,6,0.0,natural_gas_fired_combustion_turbine
20,6,0.0,natural_gas_fired_combustion_turbine
135,6,0.0,natural_gas_fired_combustion_turbine
142,6,0.0,natural_gas_fired_combustion_turbine
121,6,0.0,natural_gas_fired_combustion_turbine
91,6,0.0,natural_gas_fired_combustion_turbine
22,6,0.0,natural_gas_steam_turbine
123,6,0.0,natural_gas_steam_turbine
62,6,0.0,natural_gas_steam_turbine
49,6,0.0,natural_gas_steam_turbine
48,6,0.0,natural_gas_steam_turbine
21,6,0.0,natural_gas_steam_turbine
79,6,0.0,nuclear
10,6,234.14300000000003,onshore_wind_turbine
23,6,10548.707400000001,onshore_wind_turbine
31,6,9011.254490000001,onshore_wind_turbine
38,6,4639.2643499999995,onshore_wind_turbine
50,6,0.0,onshore_wind_turbine
63,6,0.0,onshore_wind_turbine
80,6,1386.5454399999999,onshore_wind_turbine
94,6,21632.8196,onshore_wind_turbine
105,6,2342.6013815399997,onshore_wind_turbine
124,6,10664.371679438402,onshore_wind_turbine
136,6,4742.694390000001,onshore_wind_turbine
144,6,10861.531379999999,onshore_wind_turbine
11,6,0.0,small_hydroelectric
24,6,0.0,small_hydroelectric
32,6,0.0,small_hydroelectric
39,6,0.0,small_hydroelectric
51,6,0.0,small_hydroelectric
64,6,0.0,small_hydroelectric
81,6,0.0,small_hydroelectric
95,6,0.0,small_hydroelectric
106,6,0.0,small_hydroelectric
125,6,0.0,small_hydroelectric
137,6,0.0,small_hydroelectric
145,6,0.0,small_hydroelectric
12,6,0.0,solar_photovoltaic
25,6,0.0,solar_photovoltaic
33,6,0.0,solar_photovoltaic
52,6,0.0,solar_photovoltaic
65,6,645.0992690216008,solar_photovoltaic
82,6,0.0,solar_photovoltaic
96,6,0.0,solar_photovoltaic
107,6,0.0,solar_photovoltaic
126,6,0.0,solar_photovoltaic
138,6,0.0,solar_photovoltaic
26,7,0.0,biomass
13,7,0.0,biomass
108,7,0.0,biomass
40,7,0.0,biomass
97,7,0.0,biomass
1,7,0.0,biomass
66,7,0.0,biomass
2,7,0.0,conventional_hydroelectric
14,7,0.0,conventional_hydroelectric
27,7,0.0,conventional_hydroelectric
35,7,0.0,conventional_hydroelectric
54,7,0.0,conventional_hydroelectric
67,7,0.0,conventional_hydroelectric
84,7,0.0,conventional_hydroelectric
109,7,0.0,conventional_hydroelectric
128,7,0.0,conventional_hydroelectric
139,7,0.0,conventional_hydroelectric
110,7,0.0,conventional_steam_coal
41,7,0.0,conventional_steam_coal
3,7,0.0,conventional_steam_coal
36,7,0.0,conventional_steam_coal
85,7,0.0,conventional_steam_coal
28,7,74.364,geothermal
116,7,0.0,natural_gas_fired_combined_cycle
73,7,0.0,natural_gas_fired_combined_cycle
71,7,0.0,natural_gas_fired_combined_cycle
44,7,0.0,natural_gas_fired_combined_cycle
115,7,0.0,natural_gas_fired_combined_cycle
70,7,0.0,natural_gas_fired_combined_cycle
131,7,0.0,natural_gas_fired_combined_cycle
18,7,0.0,natural_gas_fired_combined_cycle
72,7,0.0,natural_gas_fired_combined_cycle
114,7,0.0,natural_gas_fired_combined_cycle
45,7,0.0,natural_gas_fired_combined_cycle
78,7,0.0,natural_gas_fired_combustion_turbine
75,7,0.0,natural_gas_fired_combustion_turbine
119,7,0.0,natural_gas_fired_combustion_turbine
117,7,0.0,natural_gas_fired_combustion_turbine
134,7,0.0,natural_gas_fired_combustion_turbine
103,7,0.0,natural_gas_fired_combustion_turbine
47,7,0.0,natural_gas_fired_combustion_turbine
8,7,0.0,natural_gas_fired_combustion_turbine
90,7,0.0,natural_gas_fired_combustion_turbine
60,7,0.0,natural_gas_fired_combustion_turbine
46,7,0.0,natural_gas_fired_combustion_turbine
37,7,0.0,natural_gas_fired_combustion_turbine
7,7,0.0,natural_gas_fired_combustion_turbine
133,7,0.0,natural_gas_fired_combustion_turbine
74,7,0.0,natural_gas_fired_combustion_turbine
20,7,0.0,natural_gas_fired_combustion_turbine
135,7,0.0,natural_gas_fired_combustion_turbine
142,7,0.0,natural_gas_fired_combustion_turbine
121,7,0.0,natural_gas_fired_combustion_turbine
91,7,0.0,natural_gas_fired_combustion_turbine
22,7,0.0,natural_gas_steam_turbine
123,7,0.0,natural_gas_steam_turbine
62,7,0.0,natural_gas_steam_turbine
49,7,0.0,natural_gas_steam_turbine
48,7,0.0,natural_gas_steam_turbine
21,7,0.0,natural_gas_steam_turbine
79,7,0.0,nuclear
10,7,0.0,onshore_wind_turbine
23,7,8512.011199999999,onshore_wind_turbine
31,7,0.0,onshore_wind_turbine
38,7,0.0,onshore_wind_turbine
50,7,4891.93866,onshore_wind_turbine
63,7,128.14955969759998,onshore_wind_turbine
80,7,0.0,onshore_wind_turbine
94,7,20658.2026,onshore_wind_turbine
105,7,2000.028240777,onshore_wind_turbine
124,7,3405.6022839916004,onshore_wind_turbine
136,7,4846.12884,onshore_wind_turbine
144,7,12003.4845,onshore_wind_turbine
11,7,0.0,small_hydroelectric
24,7,62.577,small_hydroelectric
32,7,174.65362924748885,small_hydroelectric
39,7,52.9,small_hydroelectric
51,7,25.641,small_hydroelectric
64,7,0.0,small_hydroelectric
81,7,241.672,small_hydroelectric
95,7,0.0,small_hydroelectric
106,7,0.0,small_hydroelectric
125,7,0.0,small_hydroelectric
137,7,0.0,small_hydroelectric
145,7,0.0,small_hydroelectric
12,7,0.0,solar_photovoltaic
25,7,0.0,solar_photovoltaic
33,7,0.0,solar_photovoltaic
52,7,3342.54648,solar_photovoltaic
65,7,7204.7190506997995,solar_photovoltaic
82,7,5501.7354,solar_photovoltaic
96,7,376.87545,solar_photovoltaic
107,7,6431.3987455865,solar_photovoltaic
126,7,0.0,solar_photovoltaic
138,7,1970.7287599999997,solar_photovoltaic
26,8,0.0,biomass
13,8,0.0,biomass
108,8,0.0,biomass
40,8,0.0,biomass
97,8,0.0,biomass
1,8,0.0,biomass
66,8,0.0,biomass
2,8,0.0,conventional_hydroelectric
14,8,0.0,conventional_hydroelectric
27,8,0.0,conventional_hydroelectric
35,8,0.0,conventional_hydroelectric
54,8,0.0,conventional_hydroelectric
67,8,0.0,conventional_hydroelectric
84,8,0.0,conventional_hydroelectric
109,8,0.0,conventional_hydroelectric
128,8,0.0,conventional_hydroelectric
139,8,0.0,conventional_hydroelectric
110,8,0.0,conventional_steam_coal
41,8,0.0,conventional_steam_coal
3,8,0.0,conventional_steam_coal
36,8,0.0,conventional_steam_coal
85,8,0.0,conventional_steam_coal
28,8,0.0,geothermal
116,8,0.0,natural_gas_fired_combined_cycle
73,8,0.0,natural_gas_fired_combined_cycle
71,8,0.0,natural_gas_fired_combined_cycle
44,8,0.0,natural_gas_fired_combined_cycle
115,8,0.0,natural_gas_fired_combined_cycle
70,8,0.0,natural_gas_fired_combined_cycle
131,8,0.0,natural_gas_fired_combined_cycle
18,8,0.0,natural_gas_fired_combined_cycle
72,8,0.0,natural_gas_fired_combined_cycle
114,8,0.0,natural_gas_fired_combined_cycle
45,8,0.0,natural_gas_fired_combined_cycle
78,8,0.0,natural_gas_fired_combustion_turbine
75,8,0.0,natural_gas_fired_combustion_turbine
119,8,0.0,natural_gas_fired_combustion_turbine
117,8,0.0,natural_gas_fired_combustion_turbine
134,8,0.0,natural_gas_fired_combustion_turbine
103,8,0.0,natural_gas_fired_combustion_turbine
47,8,0.0,natural_gas_fired_combustion_turbine
8,8,0.0,natural_gas_fired_combustion_turbine
90,8,0.0,natural_gas_fired_combustion_turbine
60,8,0.0,natural_gas_fired_combustion_turbine
46,8,0.0,natural_gas_fired_combustion_turbine
37,8,0.0,natural_gas_fired_combustion_turbine
7,8,0.0,natural_gas_fired_combustion_turbine
133,8,0.0,natural_gas_fired_combustion_turbine
74,8,0.0,natural_gas_fired_combustion_turbine
20,8,0.0,natural_gas_fired_combustion_turbine
135,8,0.0,natural_gas_fired_combustion_turbine
142,8,0.0,natural_gas_fired_combustion_turbine
121,8,0.0,natural_gas_fired_combustion_turbine
91,8,0.0,natural_gas_fired_combustion_turbine
22,8,0.0,natural_gas_steam_turbine
123,8,0.0,natural_gas_steam_turbine
62,8,0.0,natural_gas_steam_turbine
49,8,0.0,natural_gas_steam_turbine
48,8,0.0,natural_gas_steam_turbine
21,8,0.0,natural_gas_steam_turbine
79,8,0.0,nuclear
10,8,0.0,onshore_wind_turbine
23,8,0.0,onshore_wind_turbine
31,8,0.0,onshore_wind_turbine
38,8,0.0,onshore_wind_turbine
50,8,0.0,onshore_wind_turbine
63,8,0.0,onshore_wind_turbine
80,8,0.0,onshore_wind_turbine
94,8,13446.0368,onshore_wind_turbine
105,8,0.0,onshore_wind_turbine
124,8,0.0,onshore_wind_turbine
136,8,0.0,onshore_wind_turbine
144,8,13283.856179999999,onshore_wind_turbine
11,8,0.0,small_hydroelectric
24,8,0.0,small_hydroelectric
32,8,0.0,small_hydroelectric
39,8,0.0,small_hydroelectric
51,8,0.0,small_hydroelectric
64,8,0.0,small_hydroelectric
81,8,0.0,small_hydroelectric
95,8,0.0,small_hydroelectric
106,8,0.0,small_hydroelectric
125,8,0.0,small_hydroelectric
137,8,0.0,small_hydroelectric
145,8,0.0,small_hydroelectric
12,8,5076.009291360797,solar_photovoltaic
25,8,0.0,solar_photovoltaic
33,8,0.0,solar_photovoltaic
52,8,0.0,solar_photovoltaic
65,8,11713.9351666022,solar_photovoltaic
82,8,9770.457760000001,solar_photovoltaic
96,8,0.0,solar_photovoltaic
107,8,10790.9810325835,solar_photovoltaic
126,8,21340.1395994535,solar_photovoltaic
138,8,0.0,solar_photovoltaic
26,9,0.0,biomass
13,9,0.0,biomass
108,9,0.0,biomass
40,9,0.0,biomass
97,9,0.0,biomass
1,9,0.0,biomass
66,9,0.0,biomass
2,9,0.0,conventional_hydroelectric
14,9,0.0,conventional_hydroelectric
27,9,0.0,conventional_hydroelectric
35,9,0.0,conventional_hydroelectric
54,9,0.0,conventional_hydroelectric
67,9,0.0,conventional_hydroelectric
84,9,0.0,conventional_hydroelectric
109,9,0.0,conventional_hydroelectric
128,9,0.0,conventional_hydroelectric
139,9,0.0,conventional_hydroelectric
110,9,0.0,conventional_steam_coal
41,9,0.0,conventional_steam_coal
3,9,0.0,conventional_steam_coal
36,9,0.0,conventional_steam_coal
85,9,0.0,conventional_steam_coal
28,9,0.0,geothermal
116,9,0.0,natural_gas_fired_combined_cycle
73,9,0.0,natural_gas_fired_combined_cycle
71,9,0.0,natural_gas_fired_combined_cycle
44,9,0.0,natural_gas_fired_combined_cycle
115,9,0.0,natural_gas_fired_combined_cycle
70,9,0.0,natural_gas_fired_combined_cycle
131,9,0.0,natural_gas_fired_combined_cycle
18,9,0.0,natural_gas_fired_combined_cycle
72,9,0.0,natural_gas_fired_combined_cycle
114,9,0.0,natural_gas_fired_combined_cycle
45,9,0.0,natural_gas_fired_combined_cycle
78,9,0.0,natural_gas_fired_combustion_turbine
75,9,0.0,natural_gas_fired_combustion_turbine
119,9,0.0,natural_gas_fired_combustion_turbine
117,9,0.0,natural_gas_fired_combustion_turbine
134,9,0.0,natural_gas_fired_combustion_turbine
103,9,0.0,natural_gas_fired_combustion_turbine
47,9,0.0,natural_gas_fired_combustion_turbine
8,9,0.0,natural_gas_fired_combustion_turbine
90,9,0.0,natural_gas_fired_combustion_turbine
60,9,0.0,natural_gas_fired_combustion_turbine
46,9,0.0,natural_gas_fired_combustion_turbine
37,9,0.0,natural_gas_fired_combustion_turbine
7,9,0.0,natural_gas_fired_combustion_turbine
133,9,0.0,natural_gas_fired_combustion_turbine
74,9,0.0,natural_gas_fired_combustion_turbine
20,9,0.0,natural_gas_fired_combustion_turbine
135,9,0.0,natural_gas_fired_combustion_turbine
142,9,0.0,natural_gas_fired_combustion_turbine
121,9,0.0,natural_gas_fired_combustion_turbine
91,9,0.0,natural_gas_fired_combustion_turbine
22,9,0.0,natural_gas_steam_turbine
123,9,0.0,natural_gas_steam_turbine
62,9,0.0,natural_gas_steam_turbine
49,9,0.0,natural_gas_steam_turbine
48,9,0.0,natural_gas_steam_turbine
21,9,0.0,natural_gas_steam_turbine
79,9,0.0,nuclear
10,9,0.0,onshore_wind_turbine
23,9,12160.5484,onshore_wind_turbine
31,9,8351.054530000001,onshore_wind_turbine
38,9,0.0,onshore_wind_turbine
50,9,4900.74564,onshore_wind_turbine
63,9,0.0,onshore_wind_turbine
80,9,0.0,onshore_wind_turbine
94,9,17381.2828,onshore_wind_turbine
105,9,0.0,onshore_wind_turbine
124,9,0.0,onshore_wind_turbine
136,9,0.0,onshore_wind_turbine
144,9,0.0,onshore_wind_turbine
11,9,0.0,small_hydroelectric
24,9,0.0,small_hydroelectric
32,9,192.0,small_hydroelectric
39,9,52.9,small_hydroelectric
51,9,0.0,small_hydroelectric
64,9,0.0,small_hydroelectric
81,9,241.672,small_hydroelectric
95,9,418.922,small_hydroelectric
106,9,0.0,small_hydroelectric
125,9,0.0,small_hydroelectric
137,9,0.0,small_hydroelectric
145,9,0.0,small_hydroelectric
12,9,0.0,solar_photovoltaic
25,9,0.0,solar_photovoltaic
33,9,0.0,solar_photovoltaic
52,9,0.0,solar_photovoltaic
65,9,0.0,solar_photovoltaic
82,9,12587.658440000001,solar_photovoltaic
96,9,0.0,solar_photovoltaic
107,9,0.0,solar_photovoltaic
126,9,27921.08857,solar_photovoltaic
138,9,2850.1596199999994,solar_photovoltaic
26,10,0.0,biomass
13,10,0.0,biomass
108,10,0.0,biomass
40,10,0.0,biomass
97,10,0.0,biomass
1,10,0.0,biomass
66,10,0.0,biomass
2,10,0.0,conventional_hydroelectric
14,10,0.0,conventional_hydroelectric
27,10,0.0,conventional_hydroelectric
35,10,0.0,conventional_hydroelectric
54,10,0.0,conventional_hydroelectric
67,10,0.0,conventional_hydroelectric
84,10,0.0,conventional_hydroelectric
109,10,0.0,conventional_hydroelectric
128,10,0.0,conventional_hydroelectric
139,10,0.0,conventional_hydroelectric
110,10,0.0,conventional_steam_coal
41,10,0.0,conventional_steam_coal
3,10,0.0,conventional_steam_coal
36,10,0.0,conventional_steam_coal
85,10,0.0,conventional_steam_coal
28,10,74.364,geothermal
116,10,0.0,natural_gas_fired_combined_cycle
73,10,0.0,natural_gas_fired_combined_cycle
71,10,0.0,natural_gas_fired_combined_cycle
44,10,0.0,natural_gas_fired_combined_cycle
115,10,0.0,natural_gas_fired_combined_cycle
70,10,0.0,natural_gas_fired_combined_cycle
131,10,0.0,natural_gas_fired_combined_cycle
18,10,0.0,natural_gas_fired_combined_cycle
72,10,0.0,natural_gas_fired_combined_cycle
114,10,0.0,natural_gas_fired_combined_cycle
45,10,0.0,natural_gas_fired_combined_cycle
78,10,0.0,natural_gas_fired_combustion_turbine
75,10,0.0,natural_gas_fired_combustion_turbine
119,10,0.0,natural_gas_fired_combustion_turbine
117,10,0.0,natural_gas_fired_combustion_turbine
134,10,0.0,natural_gas_fired_combustion_turbine
103,10,0.0,natural_gas_fired_combustion_turbine
47,10,0.0,natural_gas_fired_combustion_turbine
8,10,0.0,natural_gas_fired_combustion_turbine
90,10,0.0,natural_gas_fired_combustion_turbine
60,10,0.0,natural_gas_fired_combustion_turbine
46,10,0.0,natural_gas_fired_combustion_turbine
37,10,0.0,natural_gas_fired_combustion_turbine
7,10,0.0,natural_gas_fired_combustion_turbine
133,10,0.0,natural_gas_fired_combustion_turbine
74,10,0.0,natural_gas_fired_combustion_turbine
20,10,0.0,natural_gas_fired_combustion_turbine
135,10,0.0,natural_gas_fired_combustion_turbine
142,10,0.0,natural_gas_fired_combustion_turbine
121,10,0.0,natural_gas_fired_combustion_turbine
91,10,0.0,natural_gas_fired_combustion_turbine
22,10,0.0,natural_gas_steam_turbine
123,10,0.0,natural_gas_steam_turbine
62,10,0.0,natural_gas_steam_turbine
49,10,0.0,natural_gas_steam_turbine
48,10,0.0,natural_gas_steam_turbine
21,10,0.0,natural_gas_steam_turbine
79,10,0.0,nuclear
10,10,0.0,onshore_wind_turbine
23,10,12464.2826,onshore_wind_turbine
31,10,7830.779577662208,onshore_wind_turbine
38,10,4959.64455,onshore_wind_turbine
50,10,4543.724219999999,onshore_wind_turbine
63,10,0.0,onshore_wind_turbine
80,10,0.0,onshore_wind_turbine
94,10,12276.4964,onshore_wind_turbine
105,10,0.7616006790000001,onshore_wind_turbine
124,10,2315.9580416588,onshore_wind_turbine
136,10,4624.869060000001,onshore_wind_turbine
144,10,17752.180319999996,onshore_wind_turbine
11,10,0.0,small_hydroelectric
24,10,0.0,small_hydroelectric
32,10,0.0,small_hydroelectric
39,10,0.0,small_hydroelectric
51,10,0.0,small_hydroelectric
64,10,0.0,small_hydroelectric
81,10,0.0,small_hydroelectric
95,10,418.922,small_hydroelectric
106,10,31.614,small_hydroelectric
125,10,100.697,small_hydroelectric
137,10,0.0,small_hydroelectric
145,10,33.21,small_hydroelectric
12,10,9760.0986,solar_photovoltaic
25,10,2546.4928999999997,solar_photovoltaic
33,10,0.0,solar_photovoltaic
52,10,5297.8947,solar_photovoltaic
65,10,0.0,solar_photovoltaic
82,10,0.0,solar_photovoltaic
96,10,0.0,solar_photovoltaic
107,10,0.0,solar_photovoltaic
126,10,0.0,solar_photovoltaic
138,10,2984.4029599999994,solar_photovoltaic
26,11,0.0,biomass
13,11,0.0,biomass
108,11,0.0,biomass
40,11,0.0,biomass
97,11,0.0,biomass
1,11,0.0,biomass
66,11,0.0,biomass
2,11,0.0,conventional_hydroelectric
14,11,0.0,conventional_hydroelectric
27,11,0.0,conventional_hydroelectric
35,11,0.0,conventional_hydroelectric
54,11,0.0,conventional_hydroelectric
67,11,0.0,conventional_hydroelectric
84,11,0.0,conventional_hydroelectric
109,11,0.0,conventional_hydroelectric
128,11,0.0,conventional_hydroelectric
139,11,0.0,conventional_hydroelectric
110,11,0.0,conventional_steam_coal
41,11,0.0,conventional_steam_coal
3,11,0.0,conventional_steam_coal
36,11,0.0,conventional_steam_coal
85,11,0.0,conventional_steam_coal
28,11,0.0,geothermal
116,11,0.0,natural_gas_fired_combined_cycle
73,11,0.0,natural_gas_fired_combined_cycle
71,11,0.0,natural_gas_fired_combined_cycle
44,11,0.0,natural_gas_fired_combined_cycle
115,11,0.0,natural_gas_fired_combined_cycle
70,11,0.0,natural_gas_fired_combined_cycle
131,11,0.0,natural_gas_fired_combined_cycle
18,11,0.0,natural_gas_fired_combined_cycle
72,11,0.0,natural_gas_fired_combined_cycle
114,11,0.0,natural_gas_fired_combined_cycle
45,11,0.0,natural_gas_fired_combined_cycle
78,11,0.0,natural_gas_fired_combustion_turbine
75,11,0.0,natural_gas_fired_combustion_turbine
119,11,0.0,natural_gas_fired_combustion_turbine
117,11,0.0,natural_gas_fired_combustion_turbine
134,11,0.0,natural_gas_fired_combustion_turbine
103,11,0.0,natural_gas_fired_combustion_turbine
47,11,0.0,natural_gas_fired_combustion_turbine
8,11,0.0,natural_gas_fired_combustion_turbine
90,11,0.0,natural_gas_fired_combustion_turbine
60,11,0.0,natural_gas_fired_combustion_turbine
46,11,0.0,natural_gas_fired_combustion_turbine
37,11,0.0,natural_gas_fired_combustion_turbine
7,11,0.0,natural_gas_fired_combustion_turbine
133,11,0.0,natural_gas_fired_combustion_turbine
74,11,0.0,natural_gas_fired_combustion_turbine
20,11,0.0,natural_gas_fired_combustion_turbine
135,11,0.0,natural_gas_fired_combustion_turbine
142,11,0.0,natural_gas_fired_combustion_turbine
121,11,0.0,natural_gas_fired_combustion_turbine
91,11,0.0,natural_gas_fired_combustion_turbine
22,11,0.0,natural_gas_steam_turbine
123,11,0.0,natural_gas_steam_turbine
62,11,0.0,natural_gas_steam_turbine
49,11,0.0,natural_gas_steam_turbine
48,11,0.0,natural_gas_steam_turbine
21,11,0.0,natural_gas_steam_turbine
79,11,0.0,nuclear
10,11,0.0,onshore_wind_turbine
23,11,8116.9704,onshore_wind_turbine
31,11,5870.55504,onshore_wind_turbine
38,11,4908.52005,onshore_wind_turbine
50,11,3785.9646985353033,onshore_wind_turbine
63,11,0.0,onshore_wind_turbine
80,11,0.0,onshore_wind_turbine
94,11,12688.41,onshore_wind_turbine
105,11,0.0,onshore_wind_turbine
124,11,2982.5137933822,onshore_wind_turbine
136,11,0.0,onshore_wind_turbine
144,11,17486.15715,onshore_wind_turbine
11,11,0.0,small_hydroelectric
24,11,0.0,small_hydroelectric
32,11,0.0,small_hydroelectric
39,11,0.0,small_hydroelectric
51,11,0.0,small_hydroelectric
64,11,0.0,small_hydroelectric
81,11,0.0,small_hydroelectric
95,11,418.922,small_hydroelectric
106,11,0.0,small_hydroelectric
125,11,0.0,small_hydroelectric
137,11,0.0,small_hydroelectric
145,11,0.0,small_hydroelectric
12,11,0.0,solar_photovoltaic
25,11,0.0,solar_photovoltaic
33,11,0.0,solar_photovoltaic
52,11,0.0,solar_photovoltaic
65,11,0.0,solar_photovoltaic
82,11,0.0,solar_photovoltaic
96,11,0.0,solar_photovoltaic
107,11,0.0,solar_photovoltaic
126,11,32593.6658480825,solar_photovoltaic
138,11,0.0,solar_photovoltaic
26,12,0.0,biomass
13,12,0.0,biomass
108,12,0.0,biomass
40,12,0.0,biomass
97,12,0.0,biomass
1,12,0.0,biomass
66,12,0.0,biomass
2,12,0.0,conventional_hydroelectric
14,12,0.0,conventional_hydroelectric
27,12,0.0,conventional_hydroelectric
35,12,0.0,conventional_hydroelectric
54,12,0.0,conventional_hydroelectric
67,12,0.0,conventional_hydroelectric
84,12,0.0,conventional_hydroelectric
109,12,0.0,conventional_hydroelectric
128,12,0.0,conventional_hydroelectric
139,12,0.0,conventional_hydroelectric
110,12,0.0,conventional_steam_coal
41,12,0.0,conventional_steam_coal
3,12,0.0,conventional_steam_coal
36,12,0.0,conventional_steam_coal
85,12,0.0,conventional_steam_coal
28,12,0.0,geothermal
116,12,0.0,natural_gas_fired_combined_cycle
73,12,0.0,natural_gas_fired_combined_cycle
71,12,0.0,natural_gas_fired_combined_cycle
44,12,0.0,natural_gas_fired_combined_cycle
115,12,0.0,natural_gas_fired_combined_cycle
70,12,0.0,natural_gas_fired_combined_cycle
131,12,0.0,natural_gas_fired_combined_cycle
18,12,0.0,natural_gas_fired_combined_cycle
72,12,0.0,natural_gas_fired_combined_cycle
114,12,0.0,natural_gas_fired_combined_cycle
45,12,0.0,natural_gas_fired_combined_cycle
78,12,0.0,natural_gas_fired_combustion_turbine
75,12,0.0,natural_gas_fired_combustion_turbine
119,12,0.0,natural_gas_fired_combustion_turbine
117,12,0.0,natural_gas_fired_combustion_turbine
134,12,0.0,natural_gas_fired_combustion_turbine
103,12,0.0,natural_gas_fired_combustion_turbine
47,12,0.0,natural_gas_fired_combustion_turbine
8,12,0.0,natural_gas_fired_combustion_turbine
90,12,0.0,natural_gas_fired_combustion_turbine
60,12,0.0,natural_gas_fired_combustion_turbine
46,12,0.0,natural_gas_fired_combustion_turbine
37,12,0.0,natural_gas_fired_combustion_turbine
7,12,0.0,natural_gas_fired_combustion_turbine
133,12,0.0,natural_gas_fired_combustion_turbine
74,12,0.0,natural_gas_fired_combustion_turbine
20,12,0.0,natural_gas_fired_combustion_turbine
135,12,0.0,natural_gas_fired_combustion_turbine
142,12,0.0,natural_gas_fired_combustion_turbine
121,12,0.0,natural_gas_fired_combustion_turbine
91,12,0.0,natural_gas_fired_combustion_turbine
22,12,0.0,natural_gas_steam_turbine
123,12,0.0,natural_gas_steam_turbine
62,12,0.0,natural_gas_steam_turbine
49,12,0.0,natural_gas_steam_turbine
48,12,0.0,natural_gas_steam_turbine
21,12,0.0,natural_gas_steam_turbine
79,12,0.0,nuclear
10,12,0.0,onshore_wind_turbine
23,12,0.0,onshore_wind_turbine
31,12,0.0,onshore_wind_turbine
38,12,0.0,onshore_wind_turbine
50,12,0.0,onshore_wind_turbine
63,12,0.0,onshore_wind_turbine
80,12,0.0,onshore_wind_turbine
94,12,15759.373,onshore_wind_turbine
105,12,0.0,onshore_wind_turbine
124,12,1050.3178602994,onshore_wind_turbine
136,12,4686.0303,onshore_wind_turbine
144,12,16899.255470653105,onshore_wind_turbine
11,12,0.0,small_hydroelectric
24,12,0.0,small_hydroelectric
32,12,0.0,small_hydroelectric
39,12,0.0,small_hydroelectric
51,12,0.0,small_hydroelectric
64,12,0.0,small_hydroelectric
81,12,0.0,small_hydroelectric
95,12,0.0,small_hydroelectric
106,12,0.0,small_hydroelectric
125,12,0.0,small_hydroelectric
137,12,0.0,small_hydroelectric
145,12,0.0,small_hydroelectric
12,12,0.0,solar_photovoltaic
25,12,0.0,solar_photovoltaic
33,12,1178.30265,solar_photovoltaic
52,12,0.0,solar_photovoltaic
65,12,0.0,solar_photovoltaic
82,12,0.0,solar_photovoltaic
96,12,0.0,solar_photovoltaic
107,12,16439.462132827997,solar_photovoltaic
126,12,33004.294196219504,solar_photovoltaic
138,12,0.0,solar_photovoltaic
26,13,0.0,biomass
13,13,0.0,biomass
108,13,0.0,biomass
40,13,0.0,biomass
97,13,0.0,biomass
1,13,0.0,biomass
66,13,0.0,biomass
2,13,0.0,conventional_hydroelectric
14,13,0.0,conventional_hydroelectric
27,13,0.0,conventional_hydroelectric
35,13,0.0,conventional_hydroelectric
54,13,0.0,conventional_hydroelectric
67,13,0.0,conventional_hydroelectric
84,13,0.0,conventional_hydroelectric
109,13,0.0,conventional_hydroelectric
128,13,0.0,conventional_hydroelectric
139,13,0.0,conventional_hydroelectric
110,13,0.0,conventional_steam_coal
41,13,0.0,conventional_steam_coal
3,13,0.0,conventional_steam_coal
36,13,0.0,conventional_steam_coal
85,13,0.0,conventional_steam_coal
28,13,0.0,geothermal
116,13,0.0,natural_gas_fired_combined_cycle
73,13,0.0,natural_gas_fired_combined_cycle
71,13,0.0,natural_gas_fired_combined_cycle
44,13,0.0,natural_gas_fired_combined_cycle
115,13,0.0,natural_gas_fired_combined_cycle
70,13,0.0,natural_gas_fired_combined_cycle
131,13,0.0,natural_gas_fired_combined_cycle
18,13,0.0,natural_gas_fired_combined_cycle
72,13,0.0,natural_gas_fired_combined_cycle
114,13,0.0,natural_gas_fired_combined_cycle
45,13,0.0,natural_gas_fired_combined_cycle
78,13,0.0,natural_gas_fired_combustion_turbine
75,13,0.0,natural_gas_fired_combustion_turbine
119,13,0.0,natural_gas_fired_combustion_turbine
117,13,0.0,natural_gas_fired_combustion_turbine
134,13,0.0,natural_gas_fired_combustion_turbine
103,13,0.0,natural_gas_fired_combustion_turbine
47,13,0.0,natural_gas_fired_combustion_turbine
8,13,0.0,natural_gas_fired_combustion_turbine
90,13,0.0,natural_gas_fired_combustion_turbine
60,13,0.0,natural_gas_fired_combustion_turbine
46,13,0.0,natural_gas_fired_combustion_turbine
37,13,0.0,natural_gas_fired_combustion_turbine
7,13,0.0,natural_gas_fired_combustion_turbine
133,13,0.0,natural_gas_fired_combustion_turbine
74,13,0.0,natural_gas_fired_combustion_turbine
20,13,0.0,natural_gas_fired_combustion_turbine
135,13,0.0,natural_gas_fired_combustion_turbine
142,13,0.0,natural_gas_fired_combustion_turbine
121,13,0.0,natural_gas_fired_combustion_turbine
91,13,0.0,natural_gas_fired_combustion_turbine
22,13,0.0,natural_gas_steam_turbine
123,13,0.0,natural_gas_steam_turbine
62,13,0.0,natural_gas_steam_turbine
49,13,0.0,natural_gas_steam_turbine
48,13,0.0,natural_gas_steam_turbine
21,13,0.0,natural_gas_steam_turbine
79,13,0.0,nuclear
10,13,0.0,onshore_wind_turbine
23,13,0.0,onshore_wind_turbine
31,13,0.0,onshore_wind_turbine
38,13,0.0,onshore_wind_turbine
50,13,0.0,onshore_wind_turbine
63,13,0.0,onshore_wind_turbine
80,13,0.0,onshore_wind_turbine
94,13,20923.0042,onshore_wind_turbine
105,13,0.0,onshore_wind_turbine
124,13,987.9925371778002,onshore_wind_turbine
136,13,4650.9525300000005,onshore_wind_turbine
144,13,17746.374065209195,onshore_wind_turbine
11,13,0.0,small_hydroelectric
24,13,0.0,small_hydroelectric
32,13,0.0,small_hydroelectric
39,13,0.0,small_hydroelectric
51,13,0.0,small_hydroelectric
64,13,0.0,small_hydroelectric
81,13,0.0,small_hydroelectric
95,13,0.0,small_hydroelectric
106,13,0.0,small_hydroelectric
125,13,0.0,small_hydroelectric
137,13,0.0,small_hydroelectric
145,13,0.0,small_hydroelectric
12,13,10423.9548,solar_photovoltaic
25,13,0.0,solar_photovoltaic
33,13,1246.7861,solar_photovoltaic
52,13,0.0,solar_photovoltaic
65,13,0.0,solar_photovoltaic
82,13,0.0,solar_photovoltaic
96,13,0.0,solar_photovoltaic
107,13,0.0,solar_photovoltaic
126,13,32982.926897613004,solar_photovoltaic
138,13,0.0,solar_photovoltaic
26,14,0.0,biomass
13,14,0.0,biomass
108,14,0.0,biomass
40,14,0.0,biomass
97,14,0.0,biomass
1,14,0.0,biomass
66,14,0.0,biomass
2,14,0.0,conventional_hydroelectric
14,14,0.0,conventional_hydroelectric
27,14,53.19816840000016,conventional_hydroelectric
35,14,0.0,conventional_hydroelectric
54,14,0.0,conventional_hydroelectric
67,14,0.0,conventional_hydroelectric
84,14,0.0,conventional_hydroelectric
109,14,0.0,conventional_hydroelectric
128,14,0.0,conventional_hydroelectric
139,14,0.0,conventional_hydroelectric
110,14,0.0,conventional_steam_coal
41,14,0.0,conventional_steam_coal
3,14,0.0,conventional_steam_coal
36,14,0.0,conventional_steam_coal
85,14,0.0,conventional_steam_coal
28,14,0.0,geothermal
116,14,0.0,natural_gas_fired_combined_cycle
73,14,0.0,natural_gas_fired_combined_cycle
71,14,0.0,natural_gas_fired_combined_cycle
44,14,0.0,natural_gas_fired_combined_cycle
115,14,0.0,natural_gas_fired_combined_cycle
70,14,0.0,natural_gas_fired_combined_cycle
131,14,0.0,natural_gas_fired_combined_cycle
18,14,0.0,natural_gas_fired_combined_cycle
72,14,0.0,natural_gas_fired_combined_cycle
114,14,0.0,natural_gas_fired_combined_cycle
45,14,0.0,natural_gas_fired_combined_cycle
78,14,0.0,natural_gas_fired_combustion_turbine
75,14,0.0,natural_gas_fired_combustion_turbine
119,14,0.0,natural_gas_fired_combustion_turbine
117,14,0.0,natural_gas_fired_combustion_turbine
134,14,0.0,natural_gas_fired_combustion_turbine
103,14,0.0,natural_gas_fired_combustion_turbine
47,14,0.0,natural_gas_fired_combustion_turbine
8,14,0.0,natural_gas_fired_combustion_turbine
90,14,0.0,natural_gas_fired_combustion_turbine
60,14,0.0,natural_gas_fired_combustion_turbine
46,14,0.0,natural_gas_fired_combustion_turbine
37,14,0.0,natural_gas_fired_combustion_turbine
7,14,0.0,natural_gas_fired_combustion_turbine
133,14,0.0,natural_gas_fired_combustion_turbine
74,14,0.0,natural_gas_fired_combustion_turbine
20,14,0.0,natural_gas_fired_combustion_turbine
135,14,0.0,natural_gas_fired_combustion_turbine
142,14,0.0,natural_gas_fired_combustion_turbine
121,14,0.0,natural_gas_fired_combustion_turbine
91,14,0.0,natural_gas_fired_combustion_turbine
22,14,0.0,natural_gas_steam_turbine
123,14,0.0,natural_gas_steam_turbine
62,14,0.0,natural_gas_steam_turbine
49,14,0.0,natural_gas_steam_turbine
48,14,0.0,natural_gas_steam_turbine
21,14,0.0,natural_gas_steam_turbine
79,14,0.0,nuclear
10,14,0.0,onshore_wind_turbine
23,14,6834.9512,onshore_wind_turbine
31,14,0.0,onshore_wind_turbine
38,14,4829.5611,onshore_wind_turbine
50,14,0.0,onshore_wind_turbine
63,14,0.0,onshore_wind_turbine
80,14,0.0,onshore_wind_turbine
94,14,19297.4166,onshore_wind_turbine
105,14,683.6061413580001,onshore_wind_turbine
124,14,970.6269302576001,onshore_wind_turbine
136,14,4243.510740000001,onshore_wind_turbine
144,14,16268.506379999997,onshore_wind_turbine
11,14,0.0,small_hydroelectric
24,14,0.0,small_hydroelectric
32,14,192.0,small_hydroelectric
39,14,52.9,small_hydroelectric
51,14,0.0,small_hydroelectric
64,14,0.0,small_hydroelectric
81,14,241.672,small_hydroelectric
95,14,418.922,small_hydroelectric
106,14,14.300190397210457,small_hydroelectric
125,14,0.0,small_hydroelectric
137,14,0.0,small_hydroelectric
145,14,0.0,small_hydroelectric
12,14,0.0,solar_photovoltaic
25,14,2737.0595,solar_photovoltaic
33,14,0.0,solar_photovoltaic
52,14,0.0,solar_photovoltaic
65,14,17120.0771095872,solar_photovoltaic
82,14,15123.91944,solar_photovoltaic
96,14,0.0,solar_photovoltaic
107,14,0.0,solar_photovoltaic
126,14,0.0,solar_photovoltaic
138,14,0.0,solar_photovoltaic
26,15,0.0,biomass
13,15,0.0,biomass
108,15,0.0,biomass
40,15,0.0,biomass
97,15,0.0,biomass
1,15,0.0,biomass
66,15,0.0,biomass
2,15,0.0,conventional_hydroelectric
14,15,0.0,conventional_hydroelectric
27,15,170.31880440000018,conventional_hydroelectric
35,15,0.0,conventional_hydroelectric
54,15,0.0,conventional_hydroelectric
67,15,0.0,conventional_hydroelectric
84,15,0.0,conventional_hydroelectric
109,15,0.0,conventional_hydroelectric
128,15,0.0,conventional_hydroelectric
139,15,0.0,conventional_hydroelectric
110,15,0.0,conventional_steam_coal
41,15,0.0,conventional_steam_coal
3,15,0.0,conventional_steam_coal
36,15,0.0,conventional_steam_coal
85,15,0.0,conventional_steam_coal
28,15,74.364,geothermal
116,15,0.0,natural_gas_fired_combined_cycle
73,15,0.0,natural_gas_fired_combined_cycle
71,15,0.0,natural_gas_fired_combined_cycle
44,15,0.0,natural_gas_fired_combined_cycle
115,15,0.0,natural_gas_fired_combined_cycle
70,15,0.0,natural_gas_fired_combined_cycle
131,15,0.0,natural_gas_fired_combined_cycle
18,15,0.0,natural_gas_fired_combined_cycle
72,15,0.0,natural_gas_fired_combined_cycle
114,15,0.0,natural_gas_fired_combined_cycle
45,15,0.0,natural_gas_fired_combined_cycle
78,15,0.0,natural_gas_fired_combustion_turbine
75,15,0.0,natural_gas_fired_combustion_turbine
119,15,0.0,natural_gas_fired_combustion_turbine
117,15,0.0,natural_gas_fired_combustion_turbine
134,15,0.0,natural_gas_fired_combustion_turbine
103,15,0.0,natural_gas_fired_combustion_turbine
47,15,0.0,natural_gas_fired_combustion_turbine
8,15,0.0,natural_gas_fired_combustion_turbine
90,15,0.0,natural_gas_fired_combustion_turbine
60,15,0.0,natural_gas_fired_combustion_turbine
46,15,0.0,natural_gas_fired_combustion_turbine
37,15,0.0,natural_gas_fired_combustion_turbine
7,15,0.0,natural_gas_fired_combustion_turbine
133,15,0.0,natural_gas_fired_combustion_turbine
74,15,0.0,natural_gas_fired_combustion_turbine
20,15,0.0,natural_gas_fired_combustion_turbine
135,15,0.0,natural_gas_fired_combustion_turbine
142,15,0.0,natural_gas_fired_combustion_turbine
121,15,0.0,natural_gas_fired_combustion_turbine
91,15,0.0,natural_gas_fired_combustion_turbine
22,15,0.0,natural_gas_steam_turbine
123,15,0.0,natural_gas_steam_turbine
62,15,0.0,natural_gas_steam_turbine
49,15,0.0,natural_gas_steam_turbine
48,15,0.0,natural_gas_steam_turbine
21,15,0.0,natural_gas_steam_turbine
79,15,0.0,nuclear
10,15,108.24611000000002,onshore_wind_turbine
23,15,5634.9216,onshore_wind_turbine
31,15,0.0,onshore_wind_turbine
38,15,4671.6432,onshore_wind_turbine
50,15,4719.18636,onshore_wind_turbine
63,15,0.0,onshore_wind_turbine
80,15,48.324639999999995,onshore_wind_turbine
94,15,22066.8,onshore_wind_turbine
105,15,557.141479524,onshore_wind_turbine
124,15,986.0106299582001,onshore_wind_turbine
136,15,4180.55064,onshore_wind_turbine
144,15,13861.321109999999,onshore_wind_turbine
11,15,0.0,small_hydroelectric
24,15,62.577,small_hydroelectric
32,15,0.0,small_hydroelectric
39,15,52.9,small_hydroelectric
51,15,0.0,small_hydroelectric
64,15,0.0,small_hydroelectric
81,15,241.672,small_hydroelectric
95,15,418.922,small_hydroelectric
106,15,18.130171420301423,small_hydroelectric
125,15,100.697,small_hydroelectric
137,15,0.0,small_hydroelectric
145,15,0.0,small_hydroelectric
12,15,10032.70338,solar_photovoltaic
25,15,0.0,solar_photovoltaic
33,15,0.0,solar_photovoltaic
52,15,5099.526040000001,solar_photovoltaic
65,15,0.0,solar_photovoltaic
82,15,0.0,solar_photovoltaic
96,15,0.0,solar_photovoltaic
107,15,15777.2744446975,solar_photovoltaic
126,15,0.0,solar_photovoltaic
138,15,0.0,solar_photovoltaic
26,16,0.0,biomass
13,16,0.0,biomass
108,16,0.0,biomass
40,16,0.0,biomass
97,16,0.0,biomass
1,16,0.0,biomass
66,16,0.0,biomass
2,16,0.0,conventional_hydroelectric
14,16,0.0,conventional_hydroelectric
27,16,287.4394404000002,conventional_hydroelectric
35,16,0.0,conventional_hydroelectric
54,16,33.5670617076936,conventional_hydroelectric
67,16,0.0,conventional_hydroelectric
84,16,0.0,conventional_hydroelectric
109,16,0.0,conventional_hydroelectric
128,16,0.0,conventional_hydroelectric
139,16,19.330368,conventional_hydroelectric
110,16,0.0,conventional_steam_coal
41,16,0.0,conventional_steam_coal
3,16,0.0,conventional_steam_coal
36,16,0.0,conventional_steam_coal
85,16,0.0,conventional_steam_coal
28,16,0.0,geothermal
116,16,0.0,natural_gas_fired_combined_cycle
73,16,0.0,natural_gas_fired_combined_cycle
71,16,0.0,natural_gas_fired_combined_cycle
44,16,0.0,natural_gas_fired_combined_cycle
115,16,0.0,natural_gas_fired_combined_cycle
70,16,0.0,natural_gas_fired_combined_cycle
131,16,0.0,natural_gas_fired_combined_cycle
18,16,0.0,natural_gas_fired_combined_cycle
72,16,0.0,natural_gas_fired_combined_cycle
114,16,0.0,natural_gas_fired_combined_cycle
45,16,0.0,natural_gas_fired_combined_cycle
78,16,0.0,natural_gas_fired_combustion_turbine
75,16,0.0,natural_gas_fired_combustion_turbine
119,16,0.0,natural_gas_fired_combustion_turbine
117,16,0.0,natural_gas_fired_combustion_turbine
134,16,0.0,natural_gas_fired_combustion_turbine
103,16,0.0,natural_gas_fired_combustion_turbine
47,16,0.0,natural_gas_fired_combustion_turbine
8,16,0.0,natural_gas_fired_combustion_turbine
90,16,0.0,natural_gas_fired_combustion_turbine
60,16,0.0,natural_gas_fired_combustion_turbine
46,16,0.0,natural_gas_fired_combustion_turbine
37,16,0.0,natural_gas_fired_combustion_turbine
7,16,0.0,natural_gas_fired_combustion_turbine
133,16,0.0,natural_gas_fired_combustion_turbine
74,16,0.0,natural_gas_fired_combustion_turbine
20,16,0.0,natural_gas_fired_combustion_turbine
135,16,0.0,natural_gas_fired_combustion_turbine
142,16,0.0,natural_gas_fired_combustion_turbine
121,16,0.0,natural_gas_fired_combustion_turbine
91,16,0.0,natural_gas_fired_combustion_turbine
22,16,0.0,natural_gas_steam_turbine
123,16,0.0,natural_gas_steam_turbine
62,16,0.0,natural_gas_steam_turbine
49,16,0.0,natural_gas_steam_turbine
48,16,0.0,natural_gas_steam_turbine
21,16,0.0,natural_gas_steam_turbine
79,16,0.0,nuclear
10,16,0.0,onshore_wind_turbine
23,16,0.0,onshore_wind_turbine
31,16,0.0,onshore_wind_turbine
38,16,4857.9636,onshore_wind_turbine
50,16,4516.625819999999,onshore_wind_turbine
63,16,0.0,onshore_wind_turbine
80,16,0.0,onshore_wind_turbine
94,16,12144.0956,onshore_wind_turbine
105,16,0.0,onshore_wind_turbine
124,16,0.0,onshore_wind_turbine
136,16,3177.6861900000004,onshore_wind_turbine
144,16,15364.460159999999,onshore_wind_turbine
11,16,0.0,small_hydroelectric
24,16,62.577,small_hydroelectric
32,16,192.0,small_hydroelectric
39,16,33.5692710497932,small_hydroelectric
51,16,0.0,small_hydroelectric
64,16,0.0,small_hydroelectric
81,16,0.0,small_hydroelectric
95,16,0.0,small_hydroelectric
106,16,0.0,small_hydroelectric
125,16,0.0,small_hydroelectric
137,16,0.0,small_hydroelectric
145,16,0.0,small_hydroelectric
12,16,0.0,solar_photovoltaic
25,16,0.0,solar_photovoltaic
33,16,0.0,solar_photovoltaic
52,16,0.0,solar_photovoltaic
65,16,0.0,solar_photovoltaic
82,16,0.0,solar_photovoltaic
96,16,0.0,solar_photovoltaic
107,16,14673.349389058501,solar_photovoltaic
126,16,30075.122399784,solar_photovoltaic
138,16,3214.5343999999996,solar_photovoltaic
26,17,0.0,biomass
13,17,0.0,biomass
108,17,0.0,biomass
40,17,0.0,biomass
97,17,0.0,biomass
1,17,0.0,biomass
66,17,0.0,biomass
2,17,0.0,conventional_hydroelectric
14,17,0.0,conventional_hydroelectric
27,17,404.5600764000002,conventional_hydroelectric
35,17,0.0,conventional_hydroelectric
54,17,119.8373447076936,conventional_hydroelectric
67,17,0.0,conventional_hydroelectric
84,17,0.0,conventional_hydroelectric
109,17,0.0,conventional_hydroelectric
128,17,12.599400000000001,conventional_hydroelectric
139,17,38.660736,conventional_hydroelectric
110,17,0.0,conventional_steam_coal
41,17,0.0,conventional_steam_coal
3,17,0.0,conventional_steam_coal
36,17,0.0,conventional_steam_coal
85,17,0.0,conventional_steam_coal
28,17,0.0,geothermal
116,17,0.0,natural_gas_fired_combined_cycle
73,17,0.0,natural_gas_fired_combined_cycle
71,17,0.0,natural_gas_fired_combined_cycle
44,17,0.0,natural_gas_fired_combined_cycle
115,17,0.0,natural_gas_fired_combined_cycle
70,17,0.0,natural_gas_fired_combined_cycle
131,17,0.0,natural_gas_fired_combined_cycle
18,17,0.0,natural_gas_fired_combined_cycle
72,17,0.0,natural_gas_fired_combined_cycle
114,17,0.0,natural_gas_fired_combined_cycle
45,17,0.0,natural_gas_fired_combined_cycle
78,17,0.0,natural_gas_fired_combustion_turbine
75,17,0.0,natural_gas_fired_combustion_turbine
119,17,0.0,natural_gas_fired_combustion_turbine
117,17,0.0,natural_gas_fired_combustion_turbine
134,17,0.0,natural_gas_fired_combustion_turbine
103,17,0.0,natural_gas_fired_combustion_turbine
47,17,0.0,natural_gas_fired_combustion_turbine
8,17,0.0,natural_gas_fired_combustion_turbine
90,17,0.0,natural_gas_fired_combustion_turbine
60,17,0.0,natural_gas_fired_combustion_turbine
46,17,0.0,natural_gas_fired_combustion_turbine
37,17,0.0,natural_gas_fired_combustion_turbine
7,17,0.0,natural_gas_fired_combustion_turbine
133,17,0.0,natural_gas_fired_combustion_turbine
74,17,0.0,natural_gas_fired_combustion_turbine
20,17,0.0,natural_gas_fired_combustion_turbine
135,17,0.0,natural_gas_fired_combustion_turbine
142,17,0.0,natural_gas_fired_combustion_turbine
121,17,0.0,natural_gas_fired_combustion_turbine
91,17,0.0,natural_gas_fired_combustion_turbine
22,17,0.0,natural_gas_steam_turbine
123,17,0.0,natural_gas_steam_turbine
62,17,0.0,natural_gas_steam_turbine
49,17,0.0,natural_gas_steam_turbine
48,17,0.0,natural_gas_steam_turbine
21,17,0.0,natural_gas_steam_turbine
79,17,0.0,nuclear
10,17,0.0,onshore_wind_turbine
23,17,0.0,onshore_wind_turbine
31,17,0.0,onshore_wind_turbine
38,17,0.0,onshore_wind_turbine
50,17,0.0,onshore_wind_turbine
63,17,0.0,onshore_wind_turbine
80,17,0.0,onshore_wind_turbine
94,17,0.0,onshore_wind_turbine
105,17,0.0,onshore_wind_turbine
124,17,16057.7102133448,onshore_wind_turbine
136,17,0.0,onshore_wind_turbine
144,17,12797.22843,onshore_wind_turbine
11,17,0.0,small_hydroelectric
24,17,0.0,small_hydroelectric
32,17,0.0,small_hydroelectric
39,17,0.0,small_hydroelectric
51,17,0.0,small_hydroelectric
64,17,0.0,small_hydroelectric
81,17,0.0,small_hydroelectric
95,17,0.0,small_hydroelectric
106,17,0.0,small_hydroelectric
125,17,0.0,small_hydroelectric
137,17,0.0,small_hydroelectric
145,17,0.0,small_hydroelectric
12,17,7332.07986,solar_photovoltaic
25,17,0.0,solar_photovoltaic
33,17,0.0,solar_photovoltaic
52,17,0.0,solar_photovoltaic
65,17,0.0,solar_photovoltaic
82,17,9844.217203593482,solar_photovoltaic
96,17,0.0,solar_photovoltaic
107,17,12026.244437879,solar_photovoltaic
126,17,26637.135698075,solar_photovoltaic
138,17,2919.1077299999997,solar_photovoltaic
26,18,0.0,biomass
13,18,0.0,biomass
108,18,0.0,biomass
40,18,0.0,biomass
97,18,0.0,biomass
1,18,0.0,biomass
66,18,0.0,biomass
2,18,187.850544,conventional_hydroelectric
14,18,38.432006799999996,conventional_hydroelectric
27,18,521.6807124000002,conventional_hydroelectric
35,18,0.0,conventional_hydroelectric
54,18,206.1076277076936,conventional_hydroelectric
67,18,603.742581,conventional_hydroelectric
84,18,2139.781859897917,conventional_hydroelectric
109,18,0.0,conventional_hydroelectric
128,18,25.198800000000002,conventional_hydroelectric
139,18,57.991104,conventional_hydroelectric
110,18,0.0,conventional_steam_coal
41,18,0.0,conventional_steam_coal
3,18,0.0,conventional_steam_coal
36,18,0.0,conventional_steam_coal
85,18,0.0,conventional_steam_coal
28,18,0.0,geothermal
116,18,0.0,natural_gas_fired_combined_cycle
73,18,0.0,natural_gas_fired_combined_cycle
71,18,0.0,natural_gas_fired_combined_cycle
44,18,0.0,natural_gas_fired_combined_cycle
115,18,0.0,natural_gas_fired_combined_cycle
70,18,0.0,natural_gas_fired_combined_cycle
131,18,0.0,natural_gas_fired_combined_cycle
18,18,0.0,natural_gas_fired_combined_cycle
72,18,0.0,natural_gas_fired_combined_cycle
114,18,0.0,natural_gas_fired_combined_cycle
45,18,0.0,natural_gas_fired_combined_cycle
78,18,0.0,natural_gas_fired_combustion_turbine
75,18,0.0,natural_gas_fired_combustion_turbine
119,18,0.0,natural_gas_fired_combustion_turbine
117,18,0.0,natural_gas_fired_combustion_turbine
134,18,0.0,natural_gas_fired_combustion_turbine
103,18,0.0,natural_gas_fired_combustion_turbine
47,18,0.0,natural_gas_fired_combustion_turbine
8,18,0.0,natural_gas_fired_combustion_turbine
90,18,0.0,natural_gas_fired_combustion_turbine
60,18,0.0,natural_gas_fired_combustion_turbine
46,18,0.0,natural_gas_fired_combustion_turbine
37,18,0.0,natural_gas_fired_combustion_turbine
7,18,0.0,natural_gas_fired_combustion_turbine
133,18,0.0,natural_gas_fired_combustion_turbine
74,18,0.0,natural_gas_fired_combustion_turbine
20,18,0.0,natural_gas_fired_combustion_turbine
135,18,0.0,natural_gas_fired_combustion_turbine
142,18,0.0,natural_gas_fired_combustion_turbine
121,18,0.0,natural_gas_fired_combustion_turbine
91,18,0.0,natural_gas_fired_combustion_turbine
22,18,0.0,natural_gas_steam_turbine
123,18,0.0,natural_gas_steam_turbine
62,18,0.0,natural_gas_steam_turbine
49,18,0.0,natural_gas_steam_turbine
48,18,0.0,natural_gas_steam_turbine
21,18,0.0,natural_gas_steam_turbine
79,18,0.0,nuclear
10,18,0.0,onshore_wind_turbine
23,18,10086.5842,onshore_wind_turbine
31,18,4889.75438,onshore_wind_turbine
38,18,4878.4134,onshore_wind_turbine
50,18,4066.7923799999994,onshore_wind_turbine
63,18,0.0,onshore_wind_turbine
80,18,0.0,onshore_wind_turbine
94,18,26237.4252,onshore_wind_turbine
105,18,0.0,onshore_wind_turbine
124,18,0.0,onshore_wind_turbine
136,18,3050.8665600000004,onshore_wind_turbine
144,18,13544.351303569798,onshore_wind_turbine
11,18,19.125,small_hydroelectric
24,18,0.0,small_hydroelectric
32,18,192.0,small_hydroelectric
39,18,0.0,small_hydroelectric
51,18,0.0,small_hydroelectric
64,18,0.0,small_hydroelectric
81,18,0.0,small_hydroelectric
95,18,0.0,small_hydroelectric
106,18,0.0,small_hydroelectric
125,18,0.0,small_hydroelectric
137,18,0.0,small_hydroelectric
145,18,0.0,small_hydroelectric
12,18,0.0,solar_photovoltaic
25,18,0.0,solar_photovoltaic
33,18,0.0,solar_photovoltaic
52,18,0.0,solar_photovoltaic
65,18,8165.6220906246,solar_photovoltaic
82,18,8297.475410000001,solar_photovoltaic
96,18,0.0,solar_photovoltaic
107,18,0.0,solar_photovoltaic
126,18,0.0,solar_photovoltaic
138,18,0.0,solar_photovoltaic
26,19,0.0,biomass
13,19,0.0,biomass
108,19,0.0,biomass
40,19,0.0,biomass
97,19,0.0,biomass
1,19,0.0,biomass
66,19,0.0,biomass
2,19,417.138708,conventional_hydroelectric
14,19,77.4755388,conventional_hydroelectric
27,19,638.8013484000002,conventional_hydroelectric
35,19,0.0,conventional_hydroelectric
54,19,292.3779107076936,conventional_hydroelectric
67,19,1207.485162,conventional_hydroelectric
84,19,4551.179033897917,conventional_hydroelectric
109,19,115.8846,conventional_hydroelectric
128,19,37.7982,conventional_hydroelectric
139,19,77.321472,conventional_hydroelectric
110,19,0.0,conventional_steam_coal
41,19,0.0,conventional_steam_coal
3,19,0.0,conventional_steam_coal
36,19,0.0,conventional_steam_coal
85,19,0.0,conventional_steam_coal
28,19,0.0,geothermal
116,19,0.0,natural_gas_fired_combined_cycle
73,19,0.0,natural_gas_fired_combined_cycle
71,19,0.0,natural_gas_fired_combined_cycle
44,19,0.0,natural_gas_fired_combined_cycle
115,19,0.0,natural_gas_fired_combined_cycle
70,19,0.0,natural_gas_fired_combined_cycle
131,19,0.0,natural_gas_fired_combined_cycle
18,19,0.0,natural_gas_fired_combined_cycle
72,19,0.0,natural_gas_fired_combined_cycle
114,19,0.0,natural_gas_fired_combined_cycle
45,19,0.0,natural_gas_fired_combined_cycle
78,19,0.0,natural_gas_fired_combustion_turbine
75,19,0.0,natural_gas_fired_combustion_turbine
119,19,0.0,natural_gas_fired_combustion_turbine
117,19,0.0,natural_gas_fired_combustion_turbine
134,19,0.0,natural_gas_fired_combustion_turbine
103,19,0.0,natural_gas_fired_combustion_turbine
47,19,0.0,natural_gas_fired_combustion_turbine
8,19,0.0,natural_gas_fired_combustion_turbine
90,19,0.0,natural_gas_fired_combustion_turbine
60,19,0.0,natural_gas_fired_combustion_turbine
46,19,0.0,natural_gas_fired_combustion_turbine
37,19,0.0,natural_gas_fired_combustion_turbine
7,19,0.0,natural_gas_fired_combustion_turbine
133,19,0.0,natural_gas_fired_combustion_turbine
74,19,0.0,natural_gas_fired_combustion_turbine
20,19,0.0,natural_gas_fired_combustion_turbine
135,19,0.0,natural_gas_fired_combustion_turbine
142,19,0.0,natural_gas_fired_combustion_turbine
121,19,0.0,natural_gas_fired_combustion_turbine
91,19,0.0,natural_gas_fired_combustion_turbine
22,19,0.0,natural_gas_steam_turbine
123,19,0.0,natural_gas_steam_turbine
62,19,0.0,natural_gas_steam_turbine
49,19,0.0,natural_gas_steam_turbine
48,19,0.0,natural_gas_steam_turbine
21,19,0.0,natural_gas_steam_turbine
79,19,0.0,nuclear
10,19,0.0,onshore_wind_turbine
23,19,5631.1948,onshore_wind_turbine
31,19,5735.1903,onshore_wind_turbine
38,19,2772.4337942819784,onshore_wind_turbine
50,19,0.0,onshore_wind_turbine
63,19,0.0,onshore_wind_turbine
80,19,0.0,onshore_wind_turbine
94,19,26715.539200000003,onshore_wind_turbine
105,19,0.0,onshore_wind_turbine
124,19,22756.320791912403,onshore_wind_turbine
136,19,3214.5628200000006,onshore_wind_turbine
144,19,12632.856389999997,onshore_wind_turbine
11,19,0.0,small_hydroelectric
24,19,0.0,small_hydroelectric
32,19,0.0,small_hydroelectric
39,19,0.0,small_hydroelectric
51,19,0.0,small_hydroelectric
64,19,0.0,small_hydroelectric
81,19,0.0,small_hydroelectric
95,19,0.0,small_hydroelectric
106,19,0.0,small_hydroelectric
125,19,0.0,small_hydroelectric
137,19,0.0,small_hydroelectric
145,19,0.0,small_hydroelectric
12,19,0.0,solar_photovoltaic
25,19,0.0,solar_photovoltaic
33,19,0.0,solar_photovoltaic
52,19,0.0,solar_photovoltaic
65,19,0.0,solar_photovoltaic
82,19,0.0,solar_photovoltaic
96,19,0.0,solar_photovoltaic
107,19,0.0,solar_photovoltaic
126,19,0.0,solar_photovoltaic
138,19,0.0,solar_photovoltaic
26,20,0.0,biomass
13,20,0.0,biomass
108,20,0.0,biomass
40,20,0.0,biomass
97,20,0.0,biomass
1,20,0.0,biomass
66,20,0.0,biomass
2,20,646.426872,conventional_hydroelectric
14,20,116.5190708,conventional_hydroelectric
27,20,755.9219844000002,conventional_hydroelectric
35,20,207.302128,conventional_hydroelectric
54,20,378.6481937076936,conventional_hydroelectric
67,20,1811.227743,conventional_hydroelectric
84,20,6962.576207897918,conventional_hydroelectric
109,20,231.7692,conventional_hydroelectric
128,20,50.397600000000004,conventional_hydroelectric
139,20,96.65183999999999,conventional_hydroelectric
110,20,0.0,conventional_steam_coal
41,20,0.0,conventional_steam_coal
3,20,0.0,conventional_steam_coal
36,20,0.0,conventional_steam_coal
85,20,0.0,conventional_steam_coal
28,20,74.364,geothermal
116,20,0.0,natural_gas_fired_combined_cycle
73,20,0.0,natural_gas_fired_combined_cycle
71,20,0.0,natural_gas_fired_combined_cycle
44,20,0.0,natural_gas_fired_combined_cycle
115,20,0.0,natural_gas_fired_combined_cycle
70,20,0.0,natural_gas_fired_combined_cycle
131,20,0.0,natural_gas_fired_combined_cycle
18,20,0.0,natural_gas_fired_combined_cycle
72,20,0.0,natural_gas_fired_combined_cycle
114,20,0.0,natural_gas_fired_combined_cycle
45,20,0.0,natural_gas_fired_combined_cycle
78,20,0.0,natural_gas_fired_combustion_turbine
75,20,0.0,natural_gas_fired_combustion_turbine
119,20,0.0,natural_gas_fired_combustion_turbine
117,20,0.0,natural_gas_fired_combustion_turbine
134,20,0.0,natural_gas_fired_combustion_turbine
103,20,0.0,natural_gas_fired_combustion_turbine
47,20,0.0,natural_gas_fired_combustion_turbine
8,20,0.0,natural_gas_fired_combustion_turbine
90,20,0.0,natural_gas_fired_combustion_turbine
60,20,0.0,natural_gas_fired_combustion_turbine
46,20,0.0,natural_gas_fired_combustion_turbine
37,20,0.0,natural_gas_fired_combustion_turbine
7,20,0.0,natural_gas_fired_combustion_turbine
133,20,0.0,natural_gas_fired_combustion_turbine
74,20,0.0,natural_gas_fired_combustion_turbine
20,20,0.0,natural_gas_fired_combustion_turbine
135,20,0.0,natural_gas_fired_combustion_turbine
142,20,0.0,natural_gas_fired_combustion_turbine
121,20,0.0,natural_gas_fired_combustion_turbine
91,20,0.0,natural_gas_fired_combustion_turbine
22,20,0.0,natural_gas_steam_turbine
123,20,0.0,natural_gas_steam_turbine
62,20,0.0,natural_gas_steam_turbine
49,20,0.0,natural_gas_steam_turbine
48,20,0.0,natural_gas_steam_turbine
21,20,0.0,natural_gas_steam_turbine
79,20,0.0,nuclear
10,20,173.98626000000002,onshore_wind_turbine
23,20,3369.0272,onshore_wind_turbine
31,20,3171.57211,onshore_wind_turbine
38,20,4564.28175,onshore_wind_turbine
50,20,3144.76932,onshore_wind_turbine
63,20,13.888000296800001,onshore_wind_turbine
80,20,1948.7840399999998,onshore_wind_turbine
94,20,19764.497199999998,onshore_wind_turbine
105,20,140.59135889400002,onshore_wind_turbine
124,20,23566.1353810036,onshore_wind_turbine
136,20,2861.98626,onshore_wind_turbine
144,20,12879.41445,onshore_wind_turbine
11,20,19.125,small_hydroelectric
24,20,62.577,small_hydroelectric
32,20,192.0,small_hydroelectric
39,20,52.9,small_hydroelectric
51,20,25.641,small_hydroelectric
64,20,6.128,small_hydroelectric
81,20,241.672,small_hydroelectric
95,20,418.922,small_hydroelectric
106,20,31.614,small_hydroelectric
125,20,100.697,small_hydroelectric
137,20,36.822,small_hydroelectric
145,20,33.21,small_hydroelectric
12,20,0.0,solar_photovoltaic
25,20,0.0,solar_photovoltaic
33,20,0.0,solar_photovoltaic
52,20,0.0,solar_photovoltaic
65,20,0.0,solar_photovoltaic
82,20,0.0,solar_photovoltaic
96,20,0.0,solar_photovoltaic
107,20,0.0,solar_photovoltaic
126,20,0.0,solar_photovoltaic
138,20,0.0,solar_photovoltaic
26,21,0.0,biomass
13,21,0.0,biomass
108,21,0.0,biomass
40,21,0.0,biomass
97,21,0.0,biomass
1,21,0.0,biomass
66,21,0.0,biomass
2,21,875.7150359999999,conventional_hydroelectric
14,21,116.660192,conventional_hydroelectric
27,21,873.0426204000001,conventional_hydroelectric
35,21,414.604256,conventional_hydroelectric
54,21,464.9184767076936,conventional_hydroelectric
67,21,2414.970324,conventional_hydroelectric
84,21,9373.973381897918,conventional_hydroelectric
109,21,262.2652545084,conventional_hydroelectric
128,21,62.99700000000001,conventional_hydroelectric
139,21,106.73623679999999,conventional_hydroelectric
110,21,0.0,conventional_steam_coal
41,21,0.0,conventional_steam_coal
3,21,0.0,conventional_steam_coal
36,21,0.0,conventional_steam_coal
85,21,0.0,conventional_steam_coal
28,21,74.364,geothermal
116,21,0.0,natural_gas_fired_combined_cycle
73,21,0.0,natural_gas_fired_combined_cycle
71,21,0.0,natural_gas_fired_combined_cycle
44,21,0.0,natural_gas_fired_combined_cycle
115,21,0.0,natural_gas_fired_combined_cycle
70,21,0.0,natural_gas_fired_combined_cycle
131,21,0.0,natural_gas_fired_combined_cycle
18,21,0.0,natural_gas_fired_combined_cycle
72,21,0.0,natural_gas_fired_combined_cycle
114,21,0.0,natural_gas_fired_combined_cycle
45,21,0.0,natural_gas_fired_combined_cycle
78,21,0.0,natural_gas_fired_combustion_turbine
75,21,0.0,natural_gas_fired_combustion_turbine
119,21,0.0,natural_gas_fired_combustion_turbine
117,21,0.0,natural_gas_fired_combustion_turbine
134,21,0.0,natural_gas_fired_combustion_turbine
103,21,0.0,natural_gas_fired_combustion_turbine
47,21,0.0,natural_gas_fired_combustion_turbine
8,21,0.0,natural_gas_fired_combustion_turbine
90,21,0.0,natural_gas_fired_combustion_turbine
60,21,0.0,natural_gas_fired_combustion_turbine
46,21,0.0,natural_gas_fired_combustion_turbine
37,21,0.0,natural_gas_fired_combustion_turbine
7,21,0.0,natural_gas_fired_combustion_turbine
133,21,0.0,natural_gas_fired_combustion_turbine
74,21,0.0,natural_gas_fired_combustion_turbine
20,21,0.0,natural_gas_fired_combustion_turbine
135,21,0.0,natural_gas_fired_combustion_turbine
142,21,0.0,natural_gas_fired_combustion_turbine
121,21,0.0,natural_gas_fired_combustion_turbine
91,21,0.0,natural_gas_fired_combustion_turbine
22,21,0.0,natural_gas_steam_turbine
123,21,0.0,natural_gas_steam_turbine
62,21,0.0,natural_gas_steam_turbine
49,21,0.0,natural_gas_steam_turbine
48,21,0.0,natural_gas_steam_turbine
21,21,0.0,natural_gas_steam_turbine
79,21,0.0,nuclear
10,21,121.57425000000002,onshore_wind_turbine
23,21,3642.947,onshore_wind_turbine
31,21,3106.26456,onshore_wind_turbine
38,21,4591.5481500000005,onshore_wind_turbine
50,21,2493.0528,onshore_wind_turbine
63,21,42.408240027999994,onshore_wind_turbine
80,21,3649.4396399999996,onshore_wind_turbine
94,21,13523.270600000002,onshore_wind_turbine
105,21,1284.257520546,onshore_wind_turbine
124,21,22995.661346996803,onshore_wind_turbine
136,21,2211.6983700000005,onshore_wind_turbine
144,21,12660.97266,onshore_wind_turbine
11,21,19.125,small_hydroelectric
24,21,62.577,small_hydroelectric
32,21,192.0,small_hydroelectric
39,21,52.9,small_hydroelectric
51,21,25.641,small_hydroelectric
64,21,6.128,small_hydroelectric
81,21,241.672,small_hydroelectric
95,21,418.922,small_hydroelectric
106,21,31.614,small_hydroelectric
125,21,100.697,small_hydroelectric
137,21,36.822,small_hydroelectric
145,21,33.21,small_hydroelectric
12,21,0.0,solar_photovoltaic
25,21,0.0,solar_photovoltaic
33,21,0.0,solar_photovoltaic
52,21,0.0,solar_photovoltaic
65,21,0.0,solar_photovoltaic
82,21,0.0,solar_photovoltaic
96,21,0.0,solar_photovoltaic
107,21,0.0,solar_photovoltaic
126,21,0.0,solar_photovoltaic
138,21,0.0,solar_photovoltaic
26,22,0.0,biomass
13,22,0.0,biomass
108,22,0.0,biomass
40,22,0.0,biomass
97,22,0.0,biomass
1,22,0.0,biomass
66,22,0.0,biomass
2,22,875.4387852,conventional_hydroelectric
14,22,116.8013132,conventional_hydroelectric
27,22,873.1837296000001,conventional_hydroelectric
35,22,621.906384,conventional_hydroelectric
54,22,551.1887597076936,conventional_hydroelectric
67,22,1811.227743,conventional_hydroelectric
84,22,7009.896300195513,conventional_hydroelectric
109,22,262.8908582196,conventional_hydroelectric
128,22,69.02346,conventional_hydroelectric
139,22,106.899264,conventional_hydroelectric
110,22,0.0,conventional_steam_coal
41,22,0.0,conventional_steam_coal
3,22,0.0,conventional_steam_coal
36,22,0.0,conventional_steam_coal
85,22,0.0,conventional_steam_coal
28,22,74.364,geothermal
116,22,0.0,natural_gas_fired_combined_cycle
73,22,0.0,natural_gas_fired_combined_cycle
71,22,0.0,natural_gas_fired_combined_cycle
44,22,0.0,natural_gas_fired_combined_cycle
115,22,0.0,natural_gas_fired_combined_cycle
70,22,0.0,natural_gas_fired_combined_cycle
131,22,0.0,natural_gas_fired_combined_cycle
18,22,0.0,natural_gas_fired_combined_cycle
72,22,0.0,natural_gas_fired_combined_cycle
114,22,0.0,natural_gas_fired_combined_cycle
45,22,0.0,natural_gas_fired_combined_cycle
78,22,0.0,natural_gas_fired_combustion_turbine
75,22,0.0,natural_gas_fired_combustion_turbine
119,22,0.0,natural_gas_fired_combustion_turbine
117,22,0.0,natural_gas_fired_combustion_turbine
134,22,0.0,natural_gas_fired_combustion_turbine
103,22,0.0,natural_gas_fired_combustion_turbine
47,22,0.0,natural_gas_fired_combustion_turbine
8,22,0.0,natural_gas_fired_combustion_turbine
90,22,0.0,natural_gas_fired_combustion_turbine
60,22,0.0,natural_gas_fired_combustion_turbine
46,22,0.0,natural_gas_fired_combustion_turbine
37,22,0.0,natural_gas_fired_combustion_turbine
7,22,0.0,natural_gas_fired_combustion_turbine
133,22,0.0,natural_gas_fired_combustion_turbine
74,22,0.0,natural_gas_fired_combustion_turbine
20,22,0.0,natural_gas_fired_combustion_turbine
135,22,0.0,natural_gas_fired_combustion_turbine
142,22,0.0,natural_gas_fired_combustion_turbine
121,22,0.0,natural_gas_fired_combustion_turbine
91,22,0.0,natural_gas_fired_combustion_turbine
22,22,0.0,natural_gas_steam_turbine
123,22,0.0,natural_gas_steam_turbine
62,22,0.0,natural_gas_steam_turbine
49,22,0.0,natural_gas_steam_turbine
48,22,0.0,natural_gas_steam_turbine
21,22,0.0,natural_gas_steam_turbine
79,22,0.0,nuclear
10,22,211.62925,onshore_wind_turbine
23,22,2042.2864,onshore_wind_turbine
31,22,4408.85333,onshore_wind_turbine
38,22,4606.31745,onshore_wind_turbine
50,22,2045.9291999999998,onshore_wind_turbine
63,22,94.1735198152,onshore_wind_turbine
80,22,2760.0803999999994,onshore_wind_turbine
94,22,11971.239,onshore_wind_turbine
105,22,1097.200020399,onshore_wind_turbine
124,22,23386.248827541604,onshore_wind_turbine
136,22,3002.29734,onshore_wind_turbine
144,22,13182.205049999999,onshore_wind_turbine
11,22,19.125,small_hydroelectric
24,22,62.577,small_hydroelectric
32,22,192.0,small_hydroelectric
39,22,52.9,small_hydroelectric
51,22,25.641,small_hydroelectric
64,22,6.128,small_hydroelectric
81,22,241.672,small_hydroelectric
95,22,418.922,small_hydroelectric
106,22,31.614,small_hydroelectric
125,22,100.697,small_hydroelectric
137,22,36.822,small_hydroelectric
145,22,33.21,small_hydroelectric
12,22,0.0,solar_photovoltaic
25,22,0.0,solar_photovoltaic
33,22,0.0,solar_photovoltaic
52,22,0.0,solar_photovoltaic
65,22,0.0,solar_photovoltaic
82,22,0.0,solar_photovoltaic
96,22,0.0,solar_photovoltaic
107,22,0.0,solar_photovoltaic
126,22,0.0,solar_photovoltaic
138,22,0.0,solar_photovoltaic
26,23,0.0,biomass
13,23,0.0,biomass
108,23,0.0,biomass
40,23,0.0,biomass
97,23,0.0,biomass
1,23,0.0,biomass
66,23,0.0,biomass
2,23,875.1625344,conventional_hydroelectric
14,23,78.6045084,conventional_hydroelectric
27,23,756.0630936000001,conventional_hydroelectric
35,23,414.604256,conventional_hydroelectric
54,23,464.91847670769357,conventional_hydroelectric
67,23,1207.485162,conventional_hydroelectric
84,23,4598.499126195512,conventional_hydroelectric
109,23,231.7692,conventional_hydroelectric
128,23,69.00828,conventional_hydroelectric
139,23,107.06229119999999,conventional_hydroelectric
110,23,0.0,conventional_steam_coal
41,23,0.0,conventional_steam_coal
3,23,0.0,conventional_steam_coal
36,23,0.0,conventional_steam_coal
85,23,0.0,conventional_steam_coal
28,23,74.364,geothermal
116,23,0.0,natural_gas_fired_combined_cycle
73,23,0.0,natural_gas_fired_combined_cycle
71,23,0.0,natural_gas_fired_combined_cycle
44,23,0.0,natural_gas_fired_combined_cycle
115,23,0.0,natural_gas_fired_combined_cycle
70,23,0.0,natural_gas_fired_combined_cycle
131,23,0.0,natural_gas_fired_combined_cycle
18,23,0.0,natural_gas_fired_combined_cycle
72,23,0.0,natural_gas_fired_combined_cycle
114,23,0.0,natural_gas_fired_combined_cycle
45,23,0.0,natural_gas_fired_combined_cycle
78,23,0.0,natural_gas_fired_combustion_turbine
75,23,0.0,natural_gas_fired_combustion_turbine
119,23,0.0,natural_gas_fired_combustion_turbine
117,23,0.0,natural_gas_fired_combustion_turbine
134,23,0.0,natural_gas_fired_combustion_turbine
103,23,0.0,natural_gas_fired_combustion_turbine
47,23,0.0,natural_gas_fired_combustion_turbine
8,23,0.0,natural_gas_fired_combustion_turbine
90,23,0.0,natural_gas_fired_combustion_turbine
60,23,0.0,natural_gas_fired_combustion_turbine
46,23,0.0,natural_gas_fired_combustion_turbine
37,23,0.0,natural_gas_fired_combustion_turbine
7,23,0.0,natural_gas_fired_combustion_turbine
133,23,0.0,natural_gas_fired_combustion_turbine
74,23,0.0,natural_gas_fired_combustion_turbine
20,23,0.0,natural_gas_fired_combustion_turbine
135,23,0.0,natural_gas_fired_combustion_turbine
142,23,0.0,natural_gas_fired_combustion_turbine
121,23,0.0,natural_gas_fired_combustion_turbine
91,23,0.0,natural_gas_fired_combustion_turbine
22,23,0.0,natural_gas_steam_turbine
123,23,0.0,natural_gas_steam_turbine
62,23,0.0,natural_gas_steam_turbine
49,23,0.0,natural_gas_steam_turbine
48,23,0.0,natural_gas_steam_turbine
21,23,0.0,natural_gas_steam_turbine
79,23,0.0,nuclear
10,23,196.86023,onshore_wind_turbine
23,23,2843.5484,onshore_wind_turbine
31,23,5515.519450000001,onshore_wind_turbine
38,23,4651.1934,onshore_wind_turbine
50,23,2224.1011799999997,onshore_wind_turbine
63,23,144.4718798936,onshore_wind_turbine
80,23,2145.7998799999996,onshore_wind_turbine
94,23,10257.384199999999,onshore_wind_turbine
105,23,1221.322900203,onshore_wind_turbine
124,23,23246.873311400203,onshore_wind_turbine
136,23,2267.4630300000003,onshore_wind_turbine
144,23,14549.088329999997,onshore_wind_turbine
11,23,19.125,small_hydroelectric
24,23,62.577,small_hydroelectric
32,23,192.0,small_hydroelectric
39,23,52.9,small_hydroelectric
51,23,25.641,small_hydroelectric
64,23,6.128,small_hydroelectric
81,23,241.672,small_hydroelectric
95,23,418.922,small_hydroelectric
106,23,31.614,small_hydroelectric
125,23,100.697,small_hydroelectric
137,23,36.822,small_hydroelectric
145,23,33.21,small_hydroelectric
12,23,0.0,solar_photovoltaic
25,23,0.0,solar_photovoltaic
33,23,0.0,solar_photovoltaic
52,23,0.0,solar_photovoltaic
65,23,0.0,solar_photovoltaic
82,23,0.0,solar_photovoltaic
96,23,0.0,solar_photovoltaic
107,23,0.0,solar_photovoltaic
126,23,0.0,solar_photovoltaic
138,23,0.0,solar_photovoltaic
26,24,0.0,biomass
13,24,0.0,biomass
108,24,0.0,biomass
40,24,0.0,biomass
97,24,0.0,biomass
1,24,0.0,biomass
66,24,0.0,biomass
2,24,645.8743704000001,conventional_hydroelectric
14,24,39.5609764,conventional_hydroelectric
27,24,638.9424576000001,conventional_hydroelectric
35,24,207.302128,conventional_hydroelectric
54,24,378.64819370769357,conventional_hydroelectric
67,24,603.742581,conventional_hydroelectric
84,24,2187.101952195512,conventional_hydroelectric
109,24,115.8846,conventional_hydroelectric
128,24,69.00828,conventional_hydroelectric
139,24,87.73192319999998,conventional_hydroelectric
110,24,0.0,conventional_steam_coal
41,24,0.0,conventional_steam_coal
3,24,0.0,conventional_steam_coal
36,24,0.0,conventional_steam_coal
85,24,0.0,conventional_steam_coal
28,24,74.364,geothermal
116,24,0.0,natural_gas_fired_combined_cycle
73,24,0.0,natural_gas_fired_combined_cycle
71,24,0.0,natural_gas_fired_combined_cycle
44,24,0.0,natural_gas_fired_combined_cycle
115,24,0.0,natural_gas_fired_combined_cycle
70,24,0.0,natural_gas_fired_combined_cycle
131,24,0.0,natural_gas_fired_combined_cycle
18,24,0.0,natural_gas_fired_combined_cycle
72,24,0.0,natural_gas_fired_combined_cycle
114,24,0.0,natural_gas_fired_combined_cycle
45,24,0.0,natural_gas_fired_combined_cycle
78,24,0.0,natural_gas_fired_combustion_turbine
75,24,0.0,natural_gas_fired_combustion_turbine
119,24,0.0,natural_gas_fired_combustion_turbine
117,24,0.0,natural_gas_fired_combustion_turbine
134,24,0.0,natural_gas_fired_combustion_turbine
103,24,0.0,natural_gas_fired_combustion_turbine
47,24,0.0,natural_gas_fired_combustion_turbine
8,24,0.0,natural_gas_fired_combustion_turbine
90,24,0.0,natural_gas_fired_combustion_turbine
60,24,0.0,natural_gas_fired_combustion_turbine
46,24,0.0,natural_gas_fired_combustion_turbine
37,24,0.0,natural_gas_fired_combustion_turbine
7,24,0.0,natural_gas_fired_combustion_turbine
133,24,0.0,natural_gas_fired_combustion_turbine
74,24,0.0,natural_gas_fired_combustion_turbine
20,24,0.0,natural_gas_fired_combustion_turbine
135,24,0.0,natural_gas_fired_combustion_turbine
142,24,0.0,natural_gas_fired_combustion_turbine
121,24,0.0,natural_gas_fired_combustion_turbine
91,24,0.0,natural_gas_fired_combustion_turbine
22,24,0.0,natural_gas_steam_turbine
123,24,0.0,natural_gas_steam_turbine
62,24,0.0,natural_gas_steam_turbine
49,24,0.0,natural_gas_steam_turbine
48,24,0.0,natural_gas_steam_turbine
21,24,0.0,natural_gas_steam_turbine
79,24,0.0,nuclear
10,24,273.58709000000005,onshore_wind_turbine
23,24,5264.105,onshore_wind_turbine
31,24,5015.61984,onshore_wind_turbine
38,24,4716.51915,onshore_wind_turbine
50,24,2484.92328,onshore_wind_turbine
63,24,194.91136,onshore_wind_turbine
80,24,1275.0270399999997,onshore_wind_turbine
94,24,8628.1188,onshore_wind_turbine
105,24,1690.235118936,onshore_wind_turbine
124,24,24852.507178730004,onshore_wind_turbine
136,24,2203.6035,onshore_wind_turbine
144,24,16080.343649999999,onshore_wind_turbine
11,24,19.125,small_hydroelectric
24,24,62.577,small_hydroelectric
32,24,192.0,small_hydroelectric
39,24,52.9,small_hydroelectric
51,24,25.641,small_hydroelectric
64,24,6.128,small_hydroelectric
81,24,241.672,small_hydroelectric
95,24,418.922,small_hydroelectric
106,24,31.614,small_hydroelectric
125,24,100.697,small_hydroelectric
137,24,36.822,small_hydroelectric
145,24,33.21,small_hydroelectric
12,24,0.0,solar_photovoltaic
25,24,0.0,solar_photovoltaic
33,24,0.0,solar_photovoltaic
52,24,0.0,solar_photovoltaic
65,24,0.0,solar_photovoltaic
82,24,0.0,solar_photovoltaic
96,24,0.0,solar_photovoltaic
107,24,0.0,solar_photovoltaic
126,24,0.0,solar_photovoltaic
138,24,0.0,solar_photovoltaic
26,25,0.0,biomass
13,25,0.0,biomass
108,25,0.0,biomass
40,25,0.0,biomass
97,25,0.0,biomass
1,25,0.0,biomass
66,25,0.0,biomass
2,25,416.5862064000001,conventional_hydroelectric
14,25,0.5174444000000022,conventional_hydroelectric
27,25,521.8218216000001,conventional_hydroelectric
35,25,0.0,conventional_hydroelectric
54,25,292.37791070769356,conventional_hydroelectric
67,25,0.0,conventional_hydroelectric
84,25,0.0,conventional_hydroelectric
109,25,0.0,conventional_hydroelectric
128,25,68.99310000000001,conventional_hydroelectric
139,25,68.40155519999999,conventional_hydroelectric
110,25,0.0,conventional_steam_coal
41,25,0.0,conventional_steam_coal
3,25,0.0,conventional_steam_coal
36,25,0.0,conventional_steam_coal
85,25,0.0,conventional_steam_coal
28,25,74.364,geothermal
116,25,0.0,natural_gas_fired_combined_cycle
73,25,0.0,natural_gas_fired_combined_cycle
71,25,0.0,natural_gas_fired_combined_cycle
44,25,0.0,natural_gas_fired_combined_cycle
115,25,0.0,natural_gas_fired_combined_cycle
70,25,0.0,natural_gas_fired_combined_cycle
131,25,0.0,natural_gas_fired_combined_cycle
18,25,0.0,natural_gas_fired_combined_cycle
72,25,0.0,natural_gas_fired_combined_cycle
114,25,0.0,natural_gas_fired_combined_cycle
45,25,0.0,natural_gas_fired_combined_cycle
78,25,0.0,natural_gas_fired_combustion_turbine
75,25,0.0,natural_gas_fired_combustion_turbine
119,25,0.0,natural_gas_fired_combustion_turbine
117,25,0.0,natural_gas_fired_combustion_turbine
134,25,0.0,natural_gas_fired_combustion_turbine
103,25,0.0,natural_gas_fired_combustion_turbine
47,25,0.0,natural_gas_fired_combustion_turbine
8,25,0.0,natural_gas_fired_combustion_turbine
90,25,0.0,natural_gas_fired_combustion_turbine
60,25,0.0,natural_gas_fired_combustion_turbine
46,25,0.0,natural_gas_fired_combustion_turbine
37,25,0.0,natural_gas_fired_combustion_turbine
7,25,0.0,natural_gas_fired_combustion_turbine
133,25,0.0,natural_gas_fired_combustion_turbine
74,25,0.0,natural_gas_fired_combustion_turbine
20,25,0.0,natural_gas_fired_combustion_turbine
135,25,0.0,natural_gas_fired_combustion_turbine
142,25,0.0,natural_gas_fired_combustion_turbine
121,25,0.0,natural_gas_fired_combustion_turbine
91,25,0.0,natural_gas_fired_combustion_turbine
22,25,0.0,natural_gas_steam_turbine
123,25,0.0,natural_gas_steam_turbine
62,25,0.0,natural_gas_steam_turbine
49,25,0.0,natural_gas_steam_turbine
48,25,0.0,natural_gas_steam_turbine
21,25,0.0,natural_gas_steam_turbine
79,25,0.0,nuclear
10,25,360.40011000000004,onshore_wind_turbine
23,25,3437.973,onshore_wind_turbine
31,25,5358.78133,onshore_wind_turbine
38,25,4521.10995,onshore_wind_turbine
50,25,2046.6066599999997,onshore_wind_turbine
63,25,181.45931974799998,onshore_wind_turbine
80,25,2248.9543999999996,onshore_wind_turbine
94,25,7219.5214,onshore_wind_turbine
105,25,1743.129778635,onshore_wind_turbine
124,25,23342.819643343206,onshore_wind_turbine
136,25,2396.0815200000006,onshore_wind_turbine
144,25,16227.413369999998,onshore_wind_turbine
11,25,19.125,small_hydroelectric
24,25,62.577,small_hydroelectric
32,25,192.0,small_hydroelectric
39,25,52.9,small_hydroelectric
51,25,25.641,small_hydroelectric
64,25,6.128,small_hydroelectric
81,25,241.672,small_hydroelectric
95,25,418.922,small_hydroelectric
106,25,31.614,small_hydroelectric
125,25,100.697,small_hydroelectric
137,25,36.822,small_hydroelectric
145,25,33.21,small_hydroelectric
12,25,0.0,solar_photovoltaic
25,25,0.0,solar_photovoltaic
33,25,0.0,solar_photovoltaic
52,25,0.0,solar_photovoltaic
65,25,0.0,solar_photovoltaic
82,25,0.0,solar_photovoltaic
96,25,0.0,solar_photovoltaic
107,25,0.0,solar_photovoltaic
126,25,0.0,solar_photovoltaic
138,25,0.0,solar_photovoltaic
26,26,0.0,biomass
13,26,0.0,biomass
108,26,0.0,biomass
40,26,0.0,biomass
97,26,0.0,biomass
1,26,0.0,biomass
66,26,0.0,biomass
2,26,645.3218688,conventional_hydroelectric
14,26,39.5609764,conventional_hydroelectric
27,26,468.4825440000001,conventional_hydroelectric
35,26,0.0,conventional_hydroelectric
54,26,206.10762770769355,conventional_hydroelectric
67,26,0.0,conventional_hydroelectric
84,26,0.0,conventional_hydroelectric
109,26,0.0,conventional_hydroelectric
128,26,68.99310000000001,conventional_hydroelectric
139,26,87.73192319999998,conventional_hydroelectric
110,26,0.0,conventional_steam_coal
41,26,0.0,conventional_steam_coal
3,26,0.0,conventional_steam_coal
36,26,0.0,conventional_steam_coal
85,26,0.0,conventional_steam_coal
28,26,72.86444442950148,geothermal
116,26,0.0,natural_gas_fired_combined_cycle
73,26,0.0,natural_gas_fired_combined_cycle
71,26,0.0,natural_gas_fired_combined_cycle
44,26,0.0,natural_gas_fired_combined_cycle
115,26,0.0,natural_gas_fired_combined_cycle
70,26,0.0,natural_gas_fired_combined_cycle
131,26,0.0,natural_gas_fired_combined_cycle
18,26,0.0,natural_gas_fired_combined_cycle
72,26,0.0,natural_gas_fired_combined_cycle
114,26,0.0,natural_gas_fired_combined_cycle
45,26,0.0,natural_gas_fired_combined_cycle
78,26,0.0,natural_gas_fired_combustion_turbine
75,26,0.0,natural_gas_fired_combustion_turbine
119,26,0.0,natural_gas_fired_combustion_turbine
117,26,0.0,natural_gas_fired_combustion_turbine
134,26,0.0,natural_gas_fired_combustion_turbine
103,26,0.0,natural_gas_fired_combustion_turbine
47,26,0.0,natural_gas_fired_combustion_turbine
8,26,0.0,natural_gas_fired_combustion_turbine
90,26,0.0,natural_gas_fired_combustion_turbine
60,26,0.0,natural_gas_fired_combustion_turbine
46,26,0.0,natural_gas_fired_combustion_turbine
37,26,0.0,natural_gas_fired_combustion_turbine
7,26,0.0,natural_gas_fired_combustion_turbine
133,26,0.0,natural_gas_fired_combustion_turbine
74,26,0.0,natural_gas_fired_combustion_turbine
20,26,0.0,natural_gas_fired_combustion_turbine
135,26,0.0,natural_gas_fired_combustion_turbine
142,26,0.0,natural_gas_fired_combustion_turbine
121,26,0.0,natural_gas_fired_combustion_turbine
91,26,0.0,natural_gas_fired_combustion_turbine
22,26,0.0,natural_gas_steam_turbine
123,26,0.0,natural_gas_steam_turbine
62,26,0.0,natural_gas_steam_turbine
49,26,0.0,natural_gas_steam_turbine
48,26,0.0,natural_gas_steam_turbine
21,26,0.0,natural_gas_steam_turbine
79,26,0.0,nuclear
10,26,412.63201000000004,onshore_wind_turbine
23,26,4343.5854,onshore_wind_turbine
31,26,4885.00474,onshore_wind_turbine
38,26,4467.71325,onshore_wind_turbine
50,26,1171.3283399999998,onshore_wind_turbine
63,26,202.82808031359997,onshore_wind_turbine
80,26,2496.15352,onshore_wind_turbine
94,26,5899.191199999999,onshore_wind_turbine
105,26,1539.847819692,onshore_wind_turbine
124,26,23419.733825457206,onshore_wind_turbine
136,26,2761.2501,onshore_wind_turbine
144,26,14916.762629999997,onshore_wind_turbine
11,26,0.0,small_hydroelectric
24,26,0.0,small_hydroelectric
32,26,0.0,small_hydroelectric
39,26,0.0,small_hydroelectric
51,26,0.0,small_hydroelectric
64,26,0.0,small_hydroelectric
81,26,0.0,small_hydroelectric
95,26,0.0,small_hydroelectric
106,26,0.0,small_hydroelectric
125,26,0.0,small_hydroelectric
137,26,0.0,small_hydroelectric
145,26,0.0,small_hydroelectric
12,26,0.0,solar_photovoltaic
25,26,0.0,solar_photovoltaic
33,26,0.0,solar_photovoltaic
52,26,0.0,solar_photovoltaic
65,26,0.0,solar_photovoltaic
82,26,0.0,solar_photovoltaic
96,26,0.0,solar_photovoltaic
107,26,0.0,solar_photovoltaic
126,26,0.0,solar_photovoltaic
138,26,0.0,solar_photovoltaic
26,27,0.0,biomass
13,27,0.0,biomass
108,27,0.0,biomass
40,27,0.0,biomass
97,27,0.0,biomass
1,27,0.0,biomass
66,27,0.0,biomass
2,27,874.6100327999999,conventional_hydroelectric
14,27,78.6045084,conventional_hydroelectric
27,27,585.6031800000001,conventional_hydroelectric
35,27,207.302128,conventional_hydroelectric
54,27,292.37791070769356,conventional_hydroelectric
67,27,0.0,conventional_hydroelectric
84,27,1912.7913285863056,conventional_hydroelectric
109,27,88.24338575019564,conventional_hydroelectric
128,27,56.39370000000001,conventional_hydroelectric
139,27,107.06229119999998,conventional_hydroelectric
110,27,0.0,conventional_steam_coal
41,27,0.0,conventional_steam_coal
3,27,0.0,conventional_steam_coal
36,27,0.0,conventional_steam_coal
85,27,0.0,conventional_steam_coal
28,27,74.364,geothermal
116,27,0.0,natural_gas_fired_combined_cycle
73,27,0.0,natural_gas_fired_combined_cycle
71,27,0.0,natural_gas_fired_combined_cycle
44,27,0.0,natural_gas_fired_combined_cycle
115,27,0.0,natural_gas_fired_combined_cycle
70,27,0.0,natural_gas_fired_combined_cycle
131,27,0.0,natural_gas_fired_combined_cycle
18,27,0.0,natural_gas_fired_combined_cycle
72,27,0.0,natural_gas_fired_combined_cycle
114,27,0.0,natural_gas_fired_combined_cycle
45,27,0.0,natural_gas_fired_combined_cycle
78,27,0.0,natural_gas_fired_combustion_turbine
75,27,0.0,natural_gas_fired_combustion_turbine
119,27,0.0,natural_gas_fired_combustion_turbine
117,27,0.0,natural_gas_fired_combustion_turbine
134,27,0.0,natural_gas_fired_combustion_turbine
103,27,0.0,natural_gas_fired_combustion_turbine
47,27,0.0,natural_gas_fired_combustion_turbine
8,27,0.0,natural_gas_fired_combustion_turbine
90,27,0.0,natural_gas_fired_combustion_turbine
60,27,0.0,natural_gas_fired_combustion_turbine
46,27,0.0,natural_gas_fired_combustion_turbine
37,27,0.0,natural_gas_fired_combustion_turbine
7,27,0.0,natural_gas_fired_combustion_turbine
133,27,0.0,natural_gas_fired_combustion_turbine
74,27,0.0,natural_gas_fired_combustion_turbine
20,27,0.0,natural_gas_fired_combustion_turbine
135,27,0.0,natural_gas_fired_combustion_turbine
142,27,0.0,natural_gas_fired_combustion_turbine
121,27,0.0,natural_gas_fired_combustion_turbine
91,27,0.0,natural_gas_fired_combustion_turbine
22,27,0.0,natural_gas_steam_turbine
123,27,0.0,natural_gas_steam_turbine
62,27,0.0,natural_gas_steam_turbine
49,27,0.0,natural_gas_steam_turbine
48,27,0.0,natural_gas_steam_turbine
21,27,0.0,natural_gas_steam_turbine
79,27,0.0,nuclear
10,27,464.86391000000003,onshore_wind_turbine
23,27,3847.921,onshore_wind_turbine
31,27,3672.6591300000005,onshore_wind_turbine
38,27,4509.74895,onshore_wind_turbine
50,27,1357.6298399999998,onshore_wind_turbine
63,27,313.5896396192,onshore_wind_turbine
80,27,1927.4096799999998,onshore_wind_turbine
94,27,6859.097,onshore_wind_turbine
105,27,1780.4739413160003,onshore_wind_turbine
124,27,23903.340173620603,onshore_wind_turbine
136,27,2073.1861500000005,onshore_wind_turbine
144,27,10682.01981,onshore_wind_turbine
11,27,19.125,small_hydroelectric
24,27,62.577,small_hydroelectric
32,27,192.0,small_hydroelectric
39,27,52.9,small_hydroelectric
51,27,25.641,small_hydroelectric
64,27,6.128,small_hydroelectric
81,27,241.672,small_hydroelectric
95,27,418.922,small_hydroelectric
106,27,31.614,small_hydroelectric
125,27,100.697,small_hydroelectric
137,27,36.822,small_hydroelectric
145,27,33.21,small_hydroelectric
12,27,0.0,solar_photovoltaic
25,27,0.0,solar_photovoltaic
33,27,0.0,solar_photovoltaic
52,27,0.0,solar_photovoltaic
65,27,0.0,solar_photovoltaic
82,27,0.0,solar_photovoltaic
96,27,0.0,solar_photovoltaic
107,27,0.0,solar_photovoltaic
126,27,0.0,solar_photovoltaic
138,27,0.0,solar_photovoltaic
26,28,0.0,biomass
13,28,0.0,biomass
108,28,0.0,biomass
40,28,0.0,biomass
97,28,0.0,biomass
1,28,0.0,biomass
66,28,0.0,biomass
2,28,645.3218688,conventional_hydroelectric
14,28,117.6480404,conventional_hydroelectric
27,28,702.723816,conventional_hydroelectric
35,28,414.604256,conventional_hydroelectric
54,28,206.10762770769355,conventional_hydroelectric
67,28,0.0,conventional_hydroelectric
84,28,4324.188502586306,conventional_hydroelectric
109,28,150.76625693220004,conventional_hydroelectric
128,28,68.97792000000001,conventional_hydroelectric
139,28,107.8774272,conventional_hydroelectric
110,28,0.0,conventional_steam_coal
41,28,0.0,conventional_steam_coal
3,28,0.0,conventional_steam_coal
36,28,0.0,conventional_steam_coal
85,28,0.0,conventional_steam_coal
28,28,74.364,geothermal
116,28,0.0,natural_gas_fired_combined_cycle
73,28,0.0,natural_gas_fired_combined_cycle
71,28,0.0,natural_gas_fired_combined_cycle
44,28,0.0,natural_gas_fired_combined_cycle
115,28,0.0,natural_gas_fired_combined_cycle
70,28,0.0,natural_gas_fired_combined_cycle
131,28,0.0,natural_gas_fired_combined_cycle
18,28,0.0,natural_gas_fired_combined_cycle
72,28,0.0,natural_gas_fired_combined_cycle
114,28,0.0,natural_gas_fired_combined_cycle
45,28,0.0,natural_gas_fired_combined_cycle
78,28,0.0,natural_gas_fired_combustion_turbine
75,28,0.0,natural_gas_fired_combustion_turbine
119,28,0.0,natural_gas_fired_combustion_turbine
117,28,0.0,natural_gas_fired_combustion_turbine
134,28,0.0,natural_gas_fired_combustion_turbine
103,28,0.0,natural_gas_fired_combustion_turbine
47,28,0.0,natural_gas_fired_combustion_turbine
8,28,0.0,natural_gas_fired_combustion_turbine
90,28,0.0,natural_gas_fired_combustion_turbine
60,28,0.0,natural_gas_fired_combustion_turbine
46,28,0.0,natural_gas_fired_combustion_turbine
37,28,0.0,natural_gas_fired_combustion_turbine
7,28,0.0,natural_gas_fired_combustion_turbine
133,28,0.0,natural_gas_fired_combustion_turbine
74,28,0.0,natural_gas_fired_combustion_turbine
20,28,0.0,natural_gas_fired_combustion_turbine
135,28,0.0,natural_gas_fired_combustion_turbine
142,28,0.0,natural_gas_fired_combustion_turbine
121,28,0.0,natural_gas_fired_combustion_turbine
91,28,0.0,natural_gas_fired_combustion_turbine
22,28,0.0,natural_gas_steam_turbine
123,28,0.0,natural_gas_steam_turbine
62,28,0.0,natural_gas_steam_turbine
49,28,0.0,natural_gas_steam_turbine
48,28,0.0,natural_gas_steam_turbine
21,28,0.0,natural_gas_steam_turbine
79,28,0.0,nuclear
10,28,468.46611,onshore_wind_turbine
23,28,3348.5298,onshore_wind_turbine
31,28,2389.06892,onshore_wind_turbine
38,28,4464.304950000001,onshore_wind_turbine
50,28,1217.3956199999998,onshore_wind_turbine
63,28,421.6604001176,onshore_wind_turbine
80,28,1191.38824,onshore_wind_turbine
94,28,5917.580199999999,onshore_wind_turbine
105,28,1691.0999009729999,onshore_wind_turbine
124,28,22999.642903283202,onshore_wind_turbine
136,28,1665.7443600000001,onshore_wind_turbine
144,28,12866.437709999998,onshore_wind_turbine
11,28,19.125,small_hydroelectric
24,28,62.577,small_hydroelectric
32,28,192.0,small_hydroelectric
39,28,52.9,small_hydroelectric
51,28,25.641,small_hydroelectric
64,28,6.128,small_hydroelectric
81,28,241.672,small_hydroelectric
95,28,418.922,small_hydroelectric
106,28,31.614,small_hydroelectric
125,28,100.697,small_hydroelectric
137,28,36.822,small_hydroelectric
145,28,33.21,small_hydroelectric
12,28,0.0,solar_photovoltaic
25,28,0.0,solar_photovoltaic
33,28,0.0,solar_photovoltaic
52,28,0.0,solar_photovoltaic
65,28,0.0,solar_photovoltaic
82,28,0.0,solar_photovoltaic
96,28,0.0,solar_photovoltaic
107,28,0.0,solar_photovoltaic
126,28,0.0,solar_photovoltaic
138,28,0.0,solar_photovoltaic
26,29,0.0,biomass
13,29,0.0,biomass
108,29,0.0,biomass
40,29,0.0,biomass
97,29,0.0,biomass
1,29,0.0,biomass
66,29,0.0,biomass
2,29,874.3337819999999,conventional_hydroelectric
14,29,117.7891616,conventional_hydroelectric
27,29,819.844452,conventional_hydroelectric
35,29,621.906384,conventional_hydroelectric
54,29,292.37791070769356,conventional_hydroelectric
67,29,603.742581,conventional_hydroelectric
84,29,6665.710376266905,conventional_hydroelectric
109,29,266.65085693220004,conventional_hydroelectric
128,29,68.96274,conventional_hydroelectric
139,29,108.04045439999999,conventional_hydroelectric
110,29,0.0,conventional_steam_coal
41,29,0.0,conventional_steam_coal
3,29,0.0,conventional_steam_coal
36,29,0.0,conventional_steam_coal
85,29,0.0,conventional_steam_coal
28,29,74.364,geothermal
116,29,0.0,natural_gas_fired_combined_cycle
73,29,0.0,natural_gas_fired_combined_cycle
71,29,0.0,natural_gas_fired_combined_cycle
44,29,0.0,natural_gas_fired_combined_cycle
115,29,0.0,natural_gas_fired_combined_cycle
70,29,0.0,natural_gas_fired_combined_cycle
131,29,0.0,natural_gas_fired_combined_cycle
18,29,0.0,natural_gas_fired_combined_cycle
72,29,0.0,natural_gas_fired_combined_cycle
114,29,0.0,natural_gas_fired_combined_cycle
45,29,0.0,natural_gas_fired_combined_cycle
78,29,0.0,natural_gas_fired_combustion_turbine
75,29,0.0,natural_gas_fired_combustion_turbine
119,29,0.0,natural_gas_fired_combustion_turbine
117,29,0.0,natural_gas_fired_combustion_turbine
134,29,0.0,natural_gas_fired_combustion_turbine
103,29,0.0,natural_gas_fired_combustion_turbine
47,29,0.0,natural_gas_fired_combustion_turbine
8,29,0.0,natural_gas_fired_combustion_turbine
90,29,0.0,natural_gas_fired_combustion_turbine
60,29,0.0,natural_gas_fired_combustion_turbine
46,29,0.0,natural_gas_fired_combustion_turbine
37,29,0.0,natural_gas_fired_combustion_turbine
7,29,0.0,natural_gas_fired_combustion_turbine
133,29,0.0,natural_gas_fired_combustion_turbine
74,29,0.0,natural_gas_fired_combustion_turbine
20,29,0.0,natural_gas_fired_combustion_turbine
135,29,0.0,natural_gas_fired_combustion_turbine
142,29,0.0,natural_gas_fired_combustion_turbine
121,29,0.0,natural_gas_fired_combustion_turbine
91,29,0.0,natural_gas_fired_combustion_turbine
22,29,0.0,natural_gas_steam_turbine
123,29,0.0,natural_gas_steam_turbine
62,29,0.0,natural_gas_steam_turbine
49,29,0.0,natural_gas_steam_turbine
48,29,0.0,natural_gas_steam_turbine
21,29,0.0,natural_gas_steam_turbine
79,29,0.0,nuclear
10,29,264.58159,onshore_wind_turbine
23,29,2060.9204,onshore_wind_turbine
31,29,2347.5095699999997,onshore_wind_turbine
38,29,4533.6070500000005,onshore_wind_turbine
50,29,2120.4498,onshore_wind_turbine
63,29,375.6174796696,onshore_wind_turbine
80,29,1222.9851199999998,onshore_wind_turbine
94,29,5564.511399999999,onshore_wind_turbine
105,29,1435.511278803,onshore_wind_turbine
124,29,23218.522732620604,onshore_wind_turbine
136,29,1008.2610300000001,onshore_wind_turbine
144,29,11668.25205,onshore_wind_turbine
11,29,19.125,small_hydroelectric
24,29,62.577,small_hydroelectric
32,29,192.0,small_hydroelectric
39,29,52.9,small_hydroelectric
51,29,25.641,small_hydroelectric
64,29,6.128,small_hydroelectric
81,29,241.672,small_hydroelectric
95,29,418.922,small_hydroelectric
106,29,31.614,small_hydroelectric
125,29,100.697,small_hydroelectric
137,29,36.822,small_hydroelectric
145,29,33.21,small_hydroelectric
12,29,0.0,solar_photovoltaic
25,29,0.0,solar_photovoltaic
33,29,0.0,solar_photovoltaic
52,29,0.0,solar_photovoltaic
65,29,0.0,solar_photovoltaic
82,29,0.0,solar_photovoltaic
96,29,0.0,solar_photovoltaic
107,29,0.0,solar_photovoltaic
126,29,0.0,solar_photovoltaic
138,29,0.0,solar_photovoltaic
26,30,0.0,biomass
13,30,0.0,biomass
108,30,0.0,biomass
40,30,0.0,biomass
97,30,0.0,biomass
1,30,0.0,biomass
66,30,0.0,biomass
2,30,645.0456179999999,conventional_hydroelectric
14,30,117.93028279999999,conventional_hydroelectric
27,30,702.723816,conventional_hydroelectric
35,30,414.60425599999996,conventional_hydroelectric
54,30,258.810849,conventional_hydroelectric
67,30,1207.485162,conventional_hydroelectric
84,30,4254.313202266904,conventional_hydroelectric
109,30,150.76625693220004,conventional_hydroelectric
128,30,56.363339999999994,conventional_hydroelectric
139,30,88.7100864,conventional_hydroelectric
110,30,0.0,conventional_steam_coal
41,30,0.0,conventional_steam_coal
3,30,0.0,conventional_steam_coal
36,30,0.0,conventional_steam_coal
85,30,0.0,conventional_steam_coal
28,30,74.364,geothermal
116,30,0.0,natural_gas_fired_combined_cycle
73,30,0.0,natural_gas_fired_combined_cycle
71,30,0.0,natural_gas_fired_combined_cycle
44,30,0.0,natural_gas_fired_combined_cycle
115,30,0.0,natural_gas_fired_combined_cycle
70,30,0.0,natural_gas_fired_combined_cycle
131,30,0.0,natural_gas_fired_combined_cycle
18,30,0.0,natural_gas_fired_combined_cycle
72,30,0.0,natural_gas_fired_combined_cycle
114,30,0.0,natural_gas_fired_combined_cycle
45,30,0.0,natural_gas_fired_combined_cycle
78,30,0.0,natural_gas_fired_combustion_turbine
75,30,0.0,natural_gas_fired_combustion_turbine
119,30,0.0,natural_gas_fired_combustion_turbine
117,30,0.0,natural_gas_fired_combustion_turbine
134,30,0.0,natural_gas_fired_combustion_turbine
103,30,0.0,natural_gas_fired_combustion_turbine
47,30,0.0,natural_gas_fired_combustion_turbine
8,30,0.0,natural_gas_fired_combustion_turbine
90,30,0.0,natural_gas_fired_combustion_turbine
60,30,0.0,natural_gas_fired_combustion_turbine
46,30,0.0,natural_gas_fired_combustion_turbine
37,30,0.0,natural_gas_fired_combustion_turbine
7,30,0.0,natural_gas_fired_combustion_turbine
133,30,0.0,natural_gas_fired_combustion_turbine
74,30,0.0,natural_gas_fired_combustion_turbine
20,30,0.0,natural_gas_fired_combustion_turbine
135,30,0.0,natural_gas_fired_combustion_turbine
142,30,0.0,natural_gas_fired_combustion_turbine
121,30,0.0,natural_gas_fired_combustion_turbine
91,30,0.0,natural_gas_fired_combustion_turbine
22,30,0.0,natural_gas_steam_turbine
123,30,0.0,natural_gas_steam_turbine
62,30,0.0,natural_gas_steam_turbine
49,30,0.0,natural_gas_steam_turbine
48,30,0.0,natural_gas_steam_turbine
21,30,0.0,natural_gas_steam_turbine
79,30,0.0,nuclear
10,30,260.07884,onshore_wind_turbine
23,30,4133.0212,onshore_wind_turbine
31,30,2769.04012,onshore_wind_turbine
38,30,4267.75965,onshore_wind_turbine
50,30,2120.4498,onshore_wind_turbine
63,30,497.79296025759993,onshore_wind_turbine
80,30,1102.1735199999998,onshore_wind_turbine
94,30,2861.3284,onshore_wind_turbine
105,30,371.045779209,onshore_wind_turbine
124,30,21931.6098978592,onshore_wind_turbine
136,30,721.34286,onshore_wind_turbine
144,30,13420.11195,onshore_wind_turbine
11,30,19.125,small_hydroelectric
24,30,62.577,small_hydroelectric
32,30,192.0,small_hydroelectric
39,30,52.9,small_hydroelectric
51,30,25.641,small_hydroelectric
64,30,6.128,small_hydroelectric
81,30,241.672,small_hydroelectric
95,30,418.922,small_hydroelectric
106,30,31.614,small_hydroelectric
125,30,100.697,small_hydroelectric
137,30,36.822,small_hydroelectric
145,30,33.21,small_hydroelectric
12,30,1312.17534,solar_photovoltaic
25,30,1107.5282399999999,solar_photovoltaic
33,30,139.95975,solar_photovoltaic
52,30,1677.49386,solar_photovoltaic
65,30,543.3159132751,solar_photovoltaic
82,30,0.0,solar_photovoltaic
96,30,11.7544,solar_photovoltaic
107,30,0.0,solar_photovoltaic
126,30,0.0,solar_photovoltaic
138,30,970.7528599999999,solar_photovoltaic
26,31,0.0,biomass
13,31,0.0,biomass
108,31,0.0,biomass
40,31,0.0,biomass
97,31,0.0,biomass
1,31,0.0,biomass
66,31,0.0,biomass
2,31,415.7574539999999,conventional_hydroelectric
14,31,78.88675079999999,conventional_hydroelectric
27,31,585.6031800000001,conventional_hydroelectric
35,31,207.30212799999995,conventional_hydroelectric
54,31,172.540566,conventional_hydroelectric
67,31,603.742581,conventional_hydroelectric
84,31,1842.916028266904,conventional_hydroelectric
109,31,34.88165693220003,conventional_hydroelectric
128,31,43.76393999999999,conventional_hydroelectric
139,31,69.3797184,conventional_hydroelectric
110,31,0.0,conventional_steam_coal
41,31,0.0,conventional_steam_coal
3,31,0.0,conventional_steam_coal
36,31,0.0,conventional_steam_coal
85,31,0.0,conventional_steam_coal
28,31,0.0,geothermal
116,31,0.0,natural_gas_fired_combined_cycle
73,31,0.0,natural_gas_fired_combined_cycle
71,31,0.0,natural_gas_fired_combined_cycle
44,31,0.0,natural_gas_fired_combined_cycle
115,31,0.0,natural_gas_fired_combined_cycle
70,31,0.0,natural_gas_fired_combined_cycle
131,31,0.0,natural_gas_fired_combined_cycle
18,31,0.0,natural_gas_fired_combined_cycle
72,31,0.0,natural_gas_fired_combined_cycle
114,31,0.0,natural_gas_fired_combined_cycle
45,31,0.0,natural_gas_fired_combined_cycle
78,31,0.0,natural_gas_fired_combustion_turbine
75,31,0.0,natural_gas_fired_combustion_turbine
119,31,0.0,natural_gas_fired_combustion_turbine
117,31,0.0,natural_gas_fired_combustion_turbine
134,31,0.0,natural_gas_fired_combustion_turbine
103,31,0.0,natural_gas_fired_combustion_turbine
47,31,0.0,natural_gas_fired_combustion_turbine
8,31,0.0,natural_gas_fired_combustion_turbine
90,31,0.0,natural_gas_fired_combustion_turbine
60,31,0.0,natural_gas_fired_combustion_turbine
46,31,0.0,natural_gas_fired_combustion_turbine
37,31,0.0,natural_gas_fired_combustion_turbine
7,31,0.0,natural_gas_fired_combustion_turbine
133,31,0.0,natural_gas_fired_combustion_turbine
74,31,0.0,natural_gas_fired_combustion_turbine
20,31,0.0,natural_gas_fired_combustion_turbine
135,31,0.0,natural_gas_fired_combustion_turbine
142,31,0.0,natural_gas_fired_combustion_turbine
121,31,0.0,natural_gas_fired_combustion_turbine
91,31,0.0,natural_gas_fired_combustion_turbine
22,31,0.0,natural_gas_steam_turbine
123,31,0.0,natural_gas_steam_turbine
62,31,0.0,natural_gas_steam_turbine
49,31,0.0,natural_gas_steam_turbine
48,31,0.0,natural_gas_steam_turbine
21,31,0.0,natural_gas_steam_turbine
79,31,0.0,nuclear
10,31,346.89186,onshore_wind_turbine
23,31,1857.8098,onshore_wind_turbine
31,31,3121.7008900000005,onshore_wind_turbine
38,31,4337.06175,onshore_wind_turbine
50,31,2282.3627399999996,onshore_wind_turbine
63,31,425.9203202184,onshore_wind_turbine
80,31,2802.8291199999994,onshore_wind_turbine
94,31,3632.8864596489016,onshore_wind_turbine
105,31,246.68097871199998,onshore_wind_turbine
124,31,18117.972812693602,onshore_wind_turbine
136,31,0.0,onshore_wind_turbine
144,31,13577.99562,onshore_wind_turbine
11,31,0.0,small_hydroelectric
24,31,0.0,small_hydroelectric
32,31,0.0,small_hydroelectric
39,31,0.0,small_hydroelectric
51,31,0.0,small_hydroelectric
64,31,0.0,small_hydroelectric
81,31,0.0,small_hydroelectric
95,31,0.0,small_hydroelectric
106,31,0.0,small_hydroelectric
125,31,0.0,small_hydroelectric
137,31,0.0,small_hydroelectric
145,31,0.0,small_hydroelectric
12,31,4461.96114,solar_photovoltaic
25,31,0.0,solar_photovoltaic
33,31,0.0,solar_photovoltaic
52,31,0.0,solar_photovoltaic
65,31,0.0,solar_photovoltaic
82,31,0.0,solar_photovoltaic
96,31,0.0,solar_photovoltaic
107,31,0.0,solar_photovoltaic
126,31,12603.159855328,solar_photovoltaic
138,31,0.0,solar_photovoltaic
26,32,0.0,biomass
13,32,0.0,biomass
108,32,0.0,biomass
40,32,0.0,biomass
97,32,0.0,biomass
1,32,0.0,biomass
66,32,0.0,biomass
2,32,186.4692899999999,conventional_hydroelectric
14,32,39.84321879999999,conventional_hydroelectric
27,32,468.4825440000001,conventional_hydroelectric
35,32,0.0,conventional_hydroelectric
54,32,86.270283,conventional_hydroelectric
67,32,0.0,conventional_hydroelectric
84,32,0.0,conventional_hydroelectric
109,32,0.0,conventional_hydroelectric
128,32,31.164539999999988,conventional_hydroelectric
139,32,50.0493504,conventional_hydroelectric
110,32,0.0,conventional_steam_coal
41,32,0.0,conventional_steam_coal
3,32,0.0,conventional_steam_coal
36,32,0.0,conventional_steam_coal
85,32,0.0,conventional_steam_coal
28,32,0.0,geothermal
116,32,0.0,natural_gas_fired_combined_cycle
73,32,0.0,natural_gas_fired_combined_cycle
71,32,0.0,natural_gas_fired_combined_cycle
44,32,0.0,natural_gas_fired_combined_cycle
115,32,0.0,natural_gas_fired_combined_cycle
70,32,0.0,natural_gas_fired_combined_cycle
131,32,0.0,natural_gas_fired_combined_cycle
18,32,0.0,natural_gas_fired_combined_cycle
72,32,0.0,natural_gas_fired_combined_cycle
114,32,0.0,natural_gas_fired_combined_cycle
45,32,0.0,natural_gas_fired_combined_cycle
78,32,0.0,natural_gas_fired_combustion_turbine
75,32,0.0,natural_gas_fired_combustion_turbine
119,32,0.0,natural_gas_fired_combustion_turbine
117,32,0.0,natural_gas_fired_combustion_turbine
134,32,0.0,natural_gas_fired_combustion_turbine
103,32,0.0,natural_gas_fired_combustion_turbine
47,32,0.0,natural_gas_fired_combustion_turbine
8,32,0.0,natural_gas_fired_combustion_turbine
90,32,0.0,natural_gas_fired_combustion_turbine
60,32,0.0,natural_gas_fired_combustion_turbine
46,32,0.0,natural_gas_fired_combustion_turbine
37,32,0.0,natural_gas_fired_combustion_turbine
7,32,0.0,natural_gas_fired_combustion_turbine
133,32,0.0,natural_gas_fired_combustion_turbine
74,32,0.0,natural_gas_fired_combustion_turbine
20,32,0.0,natural_gas_fired_combustion_turbine
135,32,0.0,natural_gas_fired_combustion_turbine
142,32,0.0,natural_gas_fired_combustion_turbine
121,32,0.0,natural_gas_fired_combustion_turbine
91,32,0.0,natural_gas_fired_combustion_turbine
22,32,0.0,natural_gas_steam_turbine
123,32,0.0,natural_gas_steam_turbine
62,32,0.0,natural_gas_steam_turbine
49,32,0.0,natural_gas_steam_turbine
48,32,0.0,natural_gas_steam_turbine
21,32,0.0,natural_gas_steam_turbine
79,32,0.0,nuclear
10,32,0.0,onshore_wind_turbine
23,32,2927.4013999999997,onshore_wind_turbine
31,32,1680.1851499999998,onshore_wind_turbine
38,32,4469.4174,onshore_wind_turbine
50,32,1867.75722,onshore_wind_turbine
63,32,0.0,onshore_wind_turbine
80,32,2507.3053599999994,onshore_wind_turbine
94,32,2180.9354,onshore_wind_turbine
105,32,0.0,onshore_wind_turbine
124,32,14596.282194682006,onshore_wind_turbine
136,32,0.0,onshore_wind_turbine
144,32,14129.507069999998,onshore_wind_turbine
11,32,0.0,small_hydroelectric
24,32,0.0,small_hydroelectric
32,32,0.0,small_hydroelectric
39,32,0.0,small_hydroelectric
51,32,0.0,small_hydroelectric
64,32,0.0,small_hydroelectric
81,32,0.0,small_hydroelectric
95,32,0.0,small_hydroelectric
106,32,0.0,small_hydroelectric
125,32,0.0,small_hydroelectric
137,32,0.0,small_hydroelectric
145,32,0.0,small_hydroelectric
12,32,7141.397760000001,solar_photovoltaic
25,32,0.0,solar_photovoltaic
33,32,0.0,solar_photovoltaic
52,32,0.0,solar_photovoltaic
65,32,0.0,solar_photovoltaic
82,32,9616.33113,solar_photovoltaic
96,32,0.0,solar_photovoltaic
107,32,10618.507199118001,solar_photovoltaic
126,32,0.0,solar_photovoltaic
138,32,2989.88228,solar_photovoltaic
26,33,0.0,biomass
13,33,0.0,biomass
108,33,0.0,biomass
40,33,0.0,biomass
97,33,0.0,biomass
1,33,0.0,biomass
66,33,0.0,biomass
2,33,0.0,conventional_hydroelectric
14,33,0.7996867999999893,conventional_hydroelectric
27,33,351.3619080000001,conventional_hydroelectric
35,33,0.0,conventional_hydroelectric
54,33,0.0,conventional_hydroelectric
67,33,0.0,conventional_hydroelectric
84,33,0.0,conventional_hydroelectric
109,33,0.0,conventional_hydroelectric
128,33,18.565139999999985,conventional_hydroelectric
139,33,30.7189824,conventional_hydroelectric
110,33,0.0,conventional_steam_coal
41,33,0.0,conventional_steam_coal
3,33,0.0,conventional_steam_coal
36,33,0.0,conventional_steam_coal
85,33,0.0,conventional_steam_coal
28,33,74.364,geothermal
116,33,0.0,natural_gas_fired_combined_cycle
73,33,0.0,natural_gas_fired_combined_cycle
71,33,0.0,natural_gas_fired_combined_cycle
44,33,0.0,natural_gas_fired_combined_cycle
115,33,0.0,natural_gas_fired_combined_cycle
70,33,0.0,natural_gas_fired_combined_cycle
131,33,0.0,natural_gas_fired_combined_cycle
18,33,0.0,natural_gas_fired_combined_cycle
72,33,0.0,natural_gas_fired_combined_cycle
114,33,0.0,natural_gas_fired_combined_cycle
45,33,0.0,natural_gas_fired_combined_cycle
78,33,0.0,natural_gas_fired_combustion_turbine
75,33,0.0,natural_gas_fired_combustion_turbine
119,33,0.0,natural_gas_fired_combustion_turbine
117,33,0.0,natural_gas_fired_combustion_turbine
134,33,0.0,natural_gas_fired_combustion_turbine
103,33,0.0,natural_gas_fired_combustion_turbine
47,33,0.0,natural_gas_fired_combustion_turbine
8,33,0.0,natural_gas_fired_combustion_turbine
90,33,0.0,natural_gas_fired_combustion_turbine
60,33,0.0,natural_gas_fired_combustion_turbine
46,33,0.0,natural_gas_fired_combustion_turbine
37,33,0.0,natural_gas_fired_combustion_turbine
7,33,0.0,natural_gas_fired_combustion_turbine
133,33,0.0,natural_gas_fired_combustion_turbine
74,33,0.0,natural_gas_fired_combustion_turbine
20,33,0.0,natural_gas_fired_combustion_turbine
135,33,0.0,natural_gas_fired_combustion_turbine
142,33,0.0,natural_gas_fired_combustion_turbine
121,33,0.0,natural_gas_fired_combustion_turbine
91,33,0.0,natural_gas_fired_combustion_turbine
22,33,0.0,natural_gas_steam_turbine
123,33,0.0,natural_gas_steam_turbine
62,33,0.0,natural_gas_steam_turbine
49,33,0.0,natural_gas_steam_turbine
48,33,0.0,natural_gas_steam_turbine
21,33,0.0,natural_gas_steam_turbine
79,33,0.0,nuclear
10,33,63.57883,onshore_wind_turbine
23,33,2865.9092,onshore_wind_turbine
31,33,1187.41,onshore_wind_turbine
38,33,4296.7302,onshore_wind_turbine
50,33,1274.30226,onshore_wind_turbine
63,33,165.1879598432,onshore_wind_turbine
80,33,341.98975999999993,onshore_wind_turbine
94,33,1066.5620000000001,onshore_wind_turbine
105,33,0.0,onshore_wind_turbine
124,33,5566.872434415601,onshore_wind_turbine
136,33,466.92224807180753,onshore_wind_turbine
144,33,12554.995949999999,onshore_wind_turbine
11,33,0.0,small_hydroelectric
24,33,0.0,small_hydroelectric
32,33,0.0,small_hydroelectric
39,33,0.0,small_hydroelectric
51,33,0.0,small_hydroelectric
64,33,0.0,small_hydroelectric
81,33,0.0,small_hydroelectric
95,33,418.922,small_hydroelectric
106,33,0.0,small_hydroelectric
125,33,0.0,small_hydroelectric
137,33,0.0,small_hydroelectric
145,33,0.0,small_hydroelectric
12,33,8938.04688,solar_photovoltaic
25,33,0.0,solar_photovoltaic
33,33,0.0,solar_photovoltaic
52,33,0.0,solar_photovoltaic
65,33,15504.213071554901,solar_photovoltaic
82,33,12538.88419,solar_photovoltaic
96,33,0.0,solar_photovoltaic
107,33,0.0,solar_photovoltaic
126,33,27898.1326489145,solar_photovoltaic
138,33,3357.4533299999994,solar_photovoltaic
26,34,0.0,biomass
13,34,0.0,biomass
108,34,0.0,biomass
40,34,0.0,biomass
97,34,0.0,biomass
1,34,0.0,biomass
66,34,0.0,biomass
2,34,0.0,conventional_hydroelectric
14,34,0.0,conventional_hydroelectric
27,34,234.24127200000004,conventional_hydroelectric
35,34,0.0,conventional_hydroelectric
54,34,0.0,conventional_hydroelectric
67,34,0.0,conventional_hydroelectric
84,34,0.0,conventional_hydroelectric
109,34,0.0,conventional_hydroelectric
128,34,5.965739999999984,conventional_hydroelectric
139,34,11.388614400000002,conventional_hydroelectric
110,34,0.0,conventional_steam_coal
41,34,0.0,conventional_steam_coal
3,34,0.0,conventional_steam_coal
36,34,0.0,conventional_steam_coal
85,34,0.0,conventional_steam_coal
28,34,0.0,geothermal
116,34,0.0,natural_gas_fired_combined_cycle
73,34,0.0,natural_gas_fired_combined_cycle
71,34,0.0,natural_gas_fired_combined_cycle
44,34,0.0,natural_gas_fired_combined_cycle
115,34,0.0,natural_gas_fired_combined_cycle
70,34,0.0,natural_gas_fired_combined_cycle
131,34,0.0,natural_gas_fired_combined_cycle
18,34,0.0,natural_gas_fired_combined_cycle
72,34,0.0,natural_gas_fired_combined_cycle
114,34,0.0,natural_gas_fired_combined_cycle
45,34,0.0,natural_gas_fired_combined_cycle
78,34,0.0,natural_gas_fired_combustion_turbine
75,34,0.0,natural_gas_fired_combustion_turbine
119,34,0.0,natural_gas_fired_combustion_turbine
117,34,0.0,natural_gas_fired_combustion_turbine
134,34,0.0,natural_gas_fired_combustion_turbine
103,34,0.0,natural_gas_fired_combustion_turbine
47,34,0.0,natural_gas_fired_combustion_turbine
8,34,0.0,natural_gas_fired_combustion_turbine
90,34,0.0,natural_gas_fired_combustion_turbine
60,34,0.0,natural_gas_fired_combustion_turbine
46,34,0.0,natural_gas_fired_combustion_turbine
37,34,0.0,natural_gas_fired_combustion_turbine
7,34,0.0,natural_gas_fired_combustion_turbine
133,34,0.0,natural_gas_fired_combustion_turbine
74,34,0.0,natural_gas_fired_combustion_turbine
20,34,0.0,natural_gas_fired_combustion_turbine
135,34,0.0,natural_gas_fired_combustion_turbine
142,34,0.0,natural_gas_fired_combustion_turbine
121,34,0.0,natural_gas_fired_combustion_turbine
91,34,0.0,natural_gas_fired_combustion_turbine
22,34,0.0,natural_gas_steam_turbine
123,34,0.0,natural_gas_steam_turbine
62,34,0.0,natural_gas_steam_turbine
49,34,0.0,natural_gas_steam_turbine
48,34,0.0,natural_gas_steam_turbine
21,34,0.0,natural_gas_steam_turbine
79,34,0.0,nuclear
10,34,0.0,onshore_wind_turbine
23,34,0.0,onshore_wind_turbine
31,34,1946.16499,onshore_wind_turbine
38,34,4203.57,onshore_wind_turbine
50,34,974.18748,onshore_wind_turbine
63,34,0.0,onshore_wind_turbine
80,34,82.70947999999999,onshore_wind_turbine
94,34,827.505,onshore_wind_turbine
105,34,132.290479839,onshore_wind_turbine
124,34,1596.3874476550002,onshore_wind_turbine
136,34,429.9275400000001,onshore_wind_turbine
144,34,11190.118720530503,onshore_wind_turbine
11,34,0.0,small_hydroelectric
24,34,0.0,small_hydroelectric
32,34,0.0,small_hydroelectric
39,34,0.0,small_hydroelectric
51,34,0.0,small_hydroelectric
64,34,0.0,small_hydroelectric
81,34,0.0,small_hydroelectric
95,34,0.0,small_hydroelectric
106,34,0.0,small_hydroelectric
125,34,0.0,small_hydroelectric
137,34,0.0,small_hydroelectric
145,34,0.0,small_hydroelectric
12,34,9740.32416,solar_photovoltaic
25,34,0.0,solar_photovoltaic
33,34,0.0,solar_photovoltaic
52,34,0.0,solar_photovoltaic
65,34,17349.020358032998,solar_photovoltaic
82,34,13808.96566,solar_photovoltaic
96,34,0.0,solar_photovoltaic
107,34,15197.2589375425,solar_photovoltaic
126,34,0.0,solar_photovoltaic
138,34,3469.7793899999997,solar_photovoltaic
26,35,0.0,biomass
13,35,0.0,biomass
108,35,0.0,biomass
40,35,0.0,biomass
97,35,0.0,biomass
1,35,0.0,biomass
66,35,0.0,biomass
2,35,0.0,conventional_hydroelectric
14,35,0.0,conventional_hydroelectric
27,35,117.12063600000002,conventional_hydroelectric
35,35,0.0,conventional_hydroelectric
54,35,0.0,conventional_hydroelectric
67,35,0.0,conventional_hydroelectric
84,35,0.0,conventional_hydroelectric
109,35,0.0,conventional_hydroelectric
128,35,0.0,conventional_hydroelectric
139,35,0.0,conventional_hydroelectric
110,35,0.0,conventional_steam_coal
41,35,0.0,conventional_steam_coal
3,35,0.0,conventional_steam_coal
36,35,0.0,conventional_steam_coal
85,35,0.0,conventional_steam_coal
28,35,0.0,geothermal
116,35,0.0,natural_gas_fired_combined_cycle
73,35,0.0,natural_gas_fired_combined_cycle
71,35,0.0,natural_gas_fired_combined_cycle
44,35,0.0,natural_gas_fired_combined_cycle
115,35,0.0,natural_gas_fired_combined_cycle
70,35,0.0,natural_gas_fired_combined_cycle
131,35,0.0,natural_gas_fired_combined_cycle
18,35,0.0,natural_gas_fired_combined_cycle
72,35,0.0,natural_gas_fired_combined_cycle
114,35,0.0,natural_gas_fired_combined_cycle
45,35,0.0,natural_gas_fired_combined_cycle
78,35,0.0,natural_gas_fired_combustion_turbine
75,35,0.0,natural_gas_fired_combustion_turbine
119,35,0.0,natural_gas_fired_combustion_turbine
117,35,0.0,natural_gas_fired_combustion_turbine
134,35,0.0,natural_gas_fired_combustion_turbine
103,35,0.0,natural_gas_fired_combustion_turbine
47,35,0.0,natural_gas_fired_combustion_turbine
8,35,0.0,natural_gas_fired_combustion_turbine
90,35,0.0,natural_gas_fired_combustion_turbine
60,35,0.0,natural_gas_fired_combustion_turbine
46,35,0.0,natural_gas_fired_combustion_turbine
37,35,0.0,natural_gas_fired_combustion_turbine
7,35,0.0,natural_gas_fired_combustion_turbine
133,35,0.0,natural_gas_fired_combustion_turbine
74,35,0.0,natural_gas_fired_combustion_turbine
20,35,0.0,natural_gas_fired_combustion_turbine
135,35,0.0,natural_gas_fired_combustion_turbine
142,35,0.0,natural_gas_fired_combustion_turbine
121,35,0.0,natural_gas_fired_combustion_turbine
91,35,0.0,natural_gas_fired_combustion_turbine
22,35,0.0,natural_gas_steam_turbine
123,35,0.0,natural_gas_steam_turbine
62,35,0.0,natural_gas_steam_turbine
49,35,0.0,natural_gas_steam_turbine
48,35,0.0,natural_gas_steam_turbine
21,35,0.0,natural_gas_steam_turbine
79,35,0.0,nuclear
10,35,0.0,onshore_wind_turbine
23,35,2804.417,onshore_wind_turbine
31,35,2139.71282,onshore_wind_turbine
38,35,3083.3754,onshore_wind_turbine
50,35,0.0,onshore_wind_turbine
63,35,0.0,onshore_wind_turbine
80,35,0.0,onshore_wind_turbine
94,35,0.0,onshore_wind_turbine
105,35,740.051060679,onshore_wind_turbine
124,35,1281.3868149544,onshore_wind_turbine
136,35,292.31475000000006,onshore_wind_turbine
144,35,9167.796548827677,onshore_wind_turbine
11,35,0.0,small_hydroelectric
24,35,0.0,small_hydroelectric
32,35,0.0,small_hydroelectric
39,35,0.0,small_hydroelectric
51,35,0.0,small_hydroelectric
64,35,0.0,small_hydroelectric
81,35,0.0,small_hydroelectric
95,35,0.0,small_hydroelectric
106,35,0.0,small_hydroelectric
125,35,0.0,small_hydroelectric
137,35,0.0,small_hydroelectric
145,35,0.0,small_hydroelectric
12,35,10244.57238,solar_photovoltaic
25,35,0.0,solar_photovoltaic
33,35,0.0,solar_photovoltaic
52,35,0.0,solar_photovoltaic
65,35,18552.0650784784,solar_photovoltaic
82,35,14363.04114,solar_photovoltaic
96,35,0.0,solar_photovoltaic
107,35,16089.680181060501,solar_photovoltaic
126,35,0.0,solar_photovoltaic
138,35,3565.66749,solar_photovoltaic
26,36,0.0,biomass
13,36,0.0,biomass
108,36,0.0,biomass
40,36,0.0,biomass
97,36,0.0,biomass
1,36,0.0,biomass
66,36,0.0,biomass
2,36,0.0,conventional_hydroelectric
14,36,0.0,conventional_hydroelectric
27,36,0.0,conventional_hydroelectric
35,36,0.0,conventional_hydroelectric
54,36,86.270283,conventional_hydroelectric
67,36,0.0,conventional_hydroelectric
84,36,0.0,conventional_hydroelectric
109,36,0.0,conventional_hydroelectric
128,36,0.0,conventional_hydroelectric
139,36,0.0,conventional_hydroelectric
110,36,0.0,conventional_steam_coal
41,36,0.0,conventional_steam_coal
3,36,0.0,conventional_steam_coal
36,36,0.0,conventional_steam_coal
85,36,0.0,conventional_steam_coal
28,36,0.0,geothermal
116,36,0.0,natural_gas_fired_combined_cycle
73,36,0.0,natural_gas_fired_combined_cycle
71,36,0.0,natural_gas_fired_combined_cycle
44,36,0.0,natural_gas_fired_combined_cycle
115,36,0.0,natural_gas_fired_combined_cycle
70,36,0.0,natural_gas_fired_combined_cycle
131,36,0.0,natural_gas_fired_combined_cycle
18,36,0.0,natural_gas_fired_combined_cycle
72,36,0.0,natural_gas_fired_combined_cycle
114,36,0.0,natural_gas_fired_combined_cycle
45,36,0.0,natural_gas_fired_combined_cycle
78,36,0.0,natural_gas_fired_combustion_turbine
75,36,0.0,natural_gas_fired_combustion_turbine
119,36,0.0,natural_gas_fired_combustion_turbine
117,36,0.0,natural_gas_fired_combustion_turbine
134,36,0.0,natural_gas_fired_combustion_turbine
103,36,0.0,natural_gas_fired_combustion_turbine
47,36,0.0,natural_gas_fired_combustion_turbine
8,36,0.0,natural_gas_fired_combustion_turbine
90,36,0.0,natural_gas_fired_combustion_turbine
60,36,0.0,natural_gas_fired_combustion_turbine
46,36,0.0,natural_gas_fired_combustion_turbine
37,36,0.0,natural_gas_fired_combustion_turbine
7,36,0.0,natural_gas_fired_combustion_turbine
133,36,0.0,natural_gas_fired_combustion_turbine
74,36,0.0,natural_gas_fired_combustion_turbine
20,36,0.0,natural_gas_fired_combustion_turbine
135,36,0.0,natural_gas_fired_combustion_turbine
142,36,0.0,natural_gas_fired_combustion_turbine
121,36,0.0,natural_gas_fired_combustion_turbine
91,36,0.0,natural_gas_fired_combustion_turbine
22,36,0.0,natural_gas_steam_turbine
123,36,0.0,natural_gas_steam_turbine
62,36,0.0,natural_gas_steam_turbine
49,36,0.0,natural_gas_steam_turbine
48,36,0.0,natural_gas_steam_turbine
21,36,0.0,natural_gas_steam_turbine
79,36,0.0,nuclear
10,36,0.0,onshore_wind_turbine
23,36,4332.405000000001,onshore_wind_turbine
31,36,0.0,onshore_wind_turbine
38,36,3085.0795500000004,onshore_wind_turbine
50,36,0.0,onshore_wind_turbine
63,36,0.0,onshore_wind_turbine
80,36,0.0,onshore_wind_turbine
94,36,3858.0121999999997,onshore_wind_turbine
105,36,938.4170591459999,onshore_wind_turbine
124,36,2298.3490499354007,onshore_wind_turbine
136,36,657.48333,onshore_wind_turbine
144,36,7824.475087183588,onshore_wind_turbine
11,36,0.0,small_hydroelectric
24,36,0.0,small_hydroelectric
32,36,0.0,small_hydroelectric
39,36,0.0,small_hydroelectric
51,36,0.0,small_hydroelectric
64,36,0.0,small_hydroelectric
81,36,0.0,small_hydroelectric
95,36,0.0,small_hydroelectric
106,36,0.0,small_hydroelectric
125,36,0.0,small_hydroelectric
137,36,0.0,small_hydroelectric
145,36,0.0,small_hydroelectric
12,36,10323.67014,solar_photovoltaic
25,36,0.0,solar_photovoltaic
33,36,0.0,solar_photovoltaic
52,36,0.0,solar_photovoltaic
65,36,0.0,solar_photovoltaic
82,36,0.0,solar_photovoltaic
96,36,0.0,solar_photovoltaic
107,36,16309.289783122002,solar_photovoltaic
126,36,33215.896347613,solar_photovoltaic
138,36,0.0,solar_photovoltaic
26,37,0.0,biomass
13,37,0.0,biomass
108,37,0.0,biomass
40,37,0.0,biomass
97,37,0.0,biomass
1,37,0.0,biomass
66,37,0.0,biomass
2,37,0.0,conventional_hydroelectric
14,37,0.0,conventional_hydroelectric
27,37,0.0,conventional_hydroelectric
35,37,0.0,conventional_hydroelectric
54,37,172.540566,conventional_hydroelectric
67,37,0.0,conventional_hydroelectric
84,37,653.9038866924175,conventional_hydroelectric
109,37,0.0,conventional_hydroelectric
128,37,0.0,conventional_hydroelectric
139,37,0.0,conventional_hydroelectric
110,37,0.0,conventional_steam_coal
41,37,0.0,conventional_steam_coal
3,37,0.0,conventional_steam_coal
36,37,0.0,conventional_steam_coal
85,37,0.0,conventional_steam_coal
28,37,0.0,geothermal
116,37,0.0,natural_gas_fired_combined_cycle
73,37,0.0,natural_gas_fired_combined_cycle
71,37,0.0,natural_gas_fired_combined_cycle
44,37,0.0,natural_gas_fired_combined_cycle
115,37,0.0,natural_gas_fired_combined_cycle
70,37,0.0,natural_gas_fired_combined_cycle
131,37,0.0,natural_gas_fired_combined_cycle
18,37,0.0,natural_gas_fired_combined_cycle
72,37,0.0,natural_gas_fired_combined_cycle
114,37,0.0,natural_gas_fired_combined_cycle
45,37,0.0,natural_gas_fired_combined_cycle
78,37,0.0,natural_gas_fired_combustion_turbine
75,37,0.0,natural_gas_fired_combustion_turbine
119,37,0.0,natural_gas_fired_combustion_turbine
117,37,0.0,natural_gas_fired_combustion_turbine
134,37,0.0,natural_gas_fired_combustion_turbine
103,37,0.0,natural_gas_fired_combustion_turbine
47,37,0.0,natural_gas_fired_combustion_turbine
8,37,0.0,natural_gas_fired_combustion_turbine
90,37,0.0,natural_gas_fired_combustion_turbine
60,37,0.0,natural_gas_fired_combustion_turbine
46,37,0.0,natural_gas_fired_combustion_turbine
37,37,0.0,natural_gas_fired_combustion_turbine
7,37,0.0,natural_gas_fired_combustion_turbine
133,37,0.0,natural_gas_fired_combustion_turbine
74,37,0.0,natural_gas_fired_combustion_turbine
20,37,0.0,natural_gas_fired_combustion_turbine
135,37,0.0,natural_gas_fired_combustion_turbine
142,37,0.0,natural_gas_fired_combustion_turbine
121,37,0.0,natural_gas_fired_combustion_turbine
91,37,0.0,natural_gas_fired_combustion_turbine
22,37,0.0,natural_gas_steam_turbine
123,37,0.0,natural_gas_steam_turbine
62,37,0.0,natural_gas_steam_turbine
49,37,0.0,natural_gas_steam_turbine
48,37,0.0,natural_gas_steam_turbine
21,37,0.0,natural_gas_steam_turbine
79,37,0.0,nuclear
10,37,0.0,onshore_wind_turbine
23,37,0.0,onshore_wind_turbine
31,37,0.0,onshore_wind_turbine
38,37,0.0,onshore_wind_turbine
50,37,0.0,onshore_wind_turbine
63,37,0.0,onshore_wind_turbine
80,37,0.0,onshore_wind_turbine
94,37,4376.581999999999,onshore_wind_turbine
105,37,0.0,onshore_wind_turbine
124,37,0.0,onshore_wind_turbine
136,37,0.0,onshore_wind_turbine
144,37,7420.53249,onshore_wind_turbine
11,37,0.0,small_hydroelectric
24,37,0.0,small_hydroelectric
32,37,0.0,small_hydroelectric
39,37,0.0,small_hydroelectric
51,37,0.0,small_hydroelectric
64,37,0.0,small_hydroelectric
81,37,0.0,small_hydroelectric
95,37,0.0,small_hydroelectric
106,37,0.0,small_hydroelectric
125,37,0.0,small_hydroelectric
137,37,0.0,small_hydroelectric
145,37,0.0,small_hydroelectric
12,37,0.0,solar_photovoltaic
25,37,0.0,solar_photovoltaic
33,37,0.0,solar_photovoltaic
52,37,4912.90744,solar_photovoltaic
65,37,18837.7909276396,solar_photovoltaic
82,37,13661.352880993996,solar_photovoltaic
96,37,0.0,solar_photovoltaic
107,37,16295.1919198215,solar_photovoltaic
126,37,33236.511198852495,solar_photovoltaic
138,37,3618.6342499999996,solar_photovoltaic
26,38,0.0,biomass
13,38,0.0,biomass
108,38,0.0,biomass
40,38,0.0,biomass
97,38,0.0,biomass
1,38,0.0,biomass
66,38,0.0,biomass
2,38,0.0,conventional_hydroelectric
14,38,0.0,conventional_hydroelectric
27,38,117.12063600000002,conventional_hydroelectric
35,38,207.302128,conventional_hydroelectric
54,38,258.810849,conventional_hydroelectric
67,38,0.0,conventional_hydroelectric
84,38,3065.3010606924176,conventional_hydroelectric
109,38,0.0,conventional_hydroelectric
128,38,0.0,conventional_hydroelectric
139,38,0.0,conventional_hydroelectric
110,38,0.0,conventional_steam_coal
41,38,0.0,conventional_steam_coal
3,38,0.0,conventional_steam_coal
36,38,0.0,conventional_steam_coal
85,38,0.0,conventional_steam_coal
28,38,0.0,geothermal
116,38,0.0,natural_gas_fired_combined_cycle
73,38,0.0,natural_gas_fired_combined_cycle
71,38,0.0,natural_gas_fired_combined_cycle
44,38,0.0,natural_gas_fired_combined_cycle
115,38,0.0,natural_gas_fired_combined_cycle
70,38,0.0,natural_gas_fired_combined_cycle
131,38,0.0,natural_gas_fired_combined_cycle
18,38,0.0,natural_gas_fired_combined_cycle
72,38,0.0,natural_gas_fired_combined_cycle
114,38,0.0,natural_gas_fired_combined_cycle
45,38,0.0,natural_gas_fired_combined_cycle
78,38,0.0,natural_gas_fired_combustion_turbine
75,38,0.0,natural_gas_fired_combustion_turbine
119,38,0.0,natural_gas_fired_combustion_turbine
117,38,0.0,natural_gas_fired_combustion_turbine
134,38,0.0,natural_gas_fired_combustion_turbine
103,38,0.0,natural_gas_fired_combustion_turbine
47,38,0.0,natural_gas_fired_combustion_turbine
8,38,0.0,natural_gas_fired_combustion_turbine
90,38,0.0,natural_gas_fired_combustion_turbine
60,38,0.0,natural_gas_fired_combustion_turbine
46,38,0.0,natural_gas_fired_combustion_turbine
37,38,0.0,natural_gas_fired_combustion_turbine
7,38,0.0,natural_gas_fired_combustion_turbine
133,38,0.0,natural_gas_fired_combustion_turbine
74,38,0.0,natural_gas_fired_combustion_turbine
20,38,0.0,natural_gas_fired_combustion_turbine
135,38,0.0,natural_gas_fired_combustion_turbine
142,38,0.0,natural_gas_fired_combustion_turbine
121,38,0.0,natural_gas_fired_combustion_turbine
91,38,0.0,natural_gas_fired_combustion_turbine
22,38,0.0,natural_gas_steam_turbine
123,38,0.0,natural_gas_steam_turbine
62,38,0.0,natural_gas_steam_turbine
49,38,0.0,natural_gas_steam_turbine
48,38,0.0,natural_gas_steam_turbine
21,38,0.0,natural_gas_steam_turbine
79,38,0.0,nuclear
10,38,0.0,onshore_wind_turbine
23,38,5936.7924,onshore_wind_turbine
31,38,0.0,onshore_wind_turbine
38,38,3427.6137000000003,onshore_wind_turbine
50,38,0.0,onshore_wind_turbine
63,38,0.0,onshore_wind_turbine
80,38,0.0,onshore_wind_turbine
94,38,2681.1162000000004,onshore_wind_turbine
105,38,0.0,onshore_wind_turbine
124,38,1654.7361560114002,onshore_wind_turbine
136,38,0.0,onshore_wind_turbine
144,38,6531.682033537667,onshore_wind_turbine
11,38,0.0,small_hydroelectric
24,38,0.0,small_hydroelectric
32,38,0.0,small_hydroelectric
39,38,0.0,small_hydroelectric
51,38,0.0,small_hydroelectric
64,38,0.0,small_hydroelectric
81,38,0.0,small_hydroelectric
95,38,0.0,small_hydroelectric
106,38,0.0,small_hydroelectric
125,38,0.0,small_hydroelectric
137,38,0.0,small_hydroelectric
145,38,0.0,small_hydroelectric
12,38,10531.30176,solar_photovoltaic
25,38,0.0,solar_photovoltaic
33,38,0.0,solar_photovoltaic
52,38,0.0,solar_photovoltaic
65,38,0.0,solar_photovoltaic
82,38,14928.82244,solar_photovoltaic
96,38,0.0,solar_photovoltaic
107,38,0.0,solar_photovoltaic
126,38,33940.884396758505,solar_photovoltaic
138,38,0.0,solar_photovoltaic
26,39,0.0,biomass
13,39,0.0,biomass
108,39,0.0,biomass
40,39,0.0,biomass
97,39,0.0,biomass
1,39,0.0,biomass
66,39,0.0,biomass
2,39,0.0,conventional_hydroelectric
14,39,0.0,conventional_hydroelectric
27,39,234.24127200000004,conventional_hydroelectric
35,39,414.604256,conventional_hydroelectric
54,39,345.081132,conventional_hydroelectric
67,39,0.0,conventional_hydroelectric
84,39,5476.698234692418,conventional_hydroelectric
109,39,0.0,conventional_hydroelectric
128,39,5.8594799999999925,conventional_hydroelectric
139,39,13.857311999999986,conventional_hydroelectric
110,39,0.0,conventional_steam_coal
41,39,0.0,conventional_steam_coal
3,39,0.0,conventional_steam_coal
36,39,0.0,conventional_steam_coal
85,39,0.0,conventional_steam_coal
28,39,0.0,geothermal
116,39,0.0,natural_gas_fired_combined_cycle
73,39,0.0,natural_gas_fired_combined_cycle
71,39,0.0,natural_gas_fired_combined_cycle
44,39,0.0,natural_gas_fired_combined_cycle
115,39,0.0,natural_gas_fired_combined_cycle
70,39,0.0,natural_gas_fired_combined_cycle
131,39,0.0,natural_gas_fired_combined_cycle
18,39,0.0,natural_gas_fired_combined_cycle
72,39,0.0,natural_gas_fired_combined_cycle
114,39,0.0,natural_gas_fired_combined_cycle
45,39,0.0,natural_gas_fired_combined_cycle
78,39,0.0,natural_gas_fired_combustion_turbine
75,39,0.0,natural_gas_fired_combustion_turbine
119,39,0.0,natural_gas_fired_combustion_turbine
117,39,0.0,natural_gas_fired_combustion_turbine
134,39,0.0,natural_gas_fired_combustion_turbine
103,39,0.0,natural_gas_fired_combustion_turbine
47,39,0.0,natural_gas_fired_combustion_turbine
8,39,0.0,natural_gas_fired_combustion_turbine
90,39,0.0,natural_gas_fired_combustion_turbine
60,39,0.0,natural_gas_fired_combustion_turbine
46,39,0.0,natural_gas_fired_combustion_turbine
37,39,0.0,natural_gas_fired_combustion_turbine
7,39,0.0,natural_gas_fired_combustion_turbine
133,39,0.0,natural_gas_fired_combustion_turbine
74,39,0.0,natural_gas_fired_combustion_turbine
20,39,0.0,natural_gas_fired_combustion_turbine
135,39,0.0,natural_gas_fired_combustion_turbine
142,39,0.0,natural_gas_fired_combustion_turbine
121,39,0.0,natural_gas_fired_combustion_turbine
91,39,0.0,natural_gas_fired_combustion_turbine
22,39,0.0,natural_gas_steam_turbine
123,39,0.0,natural_gas_steam_turbine
62,39,0.0,natural_gas_steam_turbine
49,39,0.0,natural_gas_steam_turbine
48,39,0.0,natural_gas_steam_turbine
21,39,0.0,natural_gas_steam_turbine
79,39,0.0,nuclear
10,39,0.0,onshore_wind_turbine
23,39,5862.2564,onshore_wind_turbine
31,39,0.0,onshore_wind_turbine
38,39,3325.3647,onshore_wind_turbine
50,39,0.0,onshore_wind_turbine
63,39,0.0,onshore_wind_turbine
80,39,848.46916,onshore_wind_turbine
94,39,2938.5622,onshore_wind_turbine
105,39,885.593099538,onshore_wind_turbine
124,39,1792.1865626588003,onshore_wind_turbine
136,39,0.0,onshore_wind_turbine
144,39,5727.067919999999,onshore_wind_turbine
11,39,0.0,small_hydroelectric
24,39,0.0,small_hydroelectric
32,39,0.0,small_hydroelectric
39,39,52.9,small_hydroelectric
51,39,25.641,small_hydroelectric
64,39,0.0,small_hydroelectric
81,39,235.49561740678033,small_hydroelectric
95,39,0.0,small_hydroelectric
106,39,0.0,small_hydroelectric
125,39,0.0,small_hydroelectric
137,39,0.0,small_hydroelectric
145,39,0.0,small_hydroelectric
12,39,0.0,solar_photovoltaic
25,39,0.0,solar_photovoltaic
33,39,0.0,solar_photovoltaic
52,39,4763.6125600000005,solar_photovoltaic
65,39,17962.3258443125,solar_photovoltaic
82,39,0.0,solar_photovoltaic
96,39,0.0,solar_photovoltaic
107,39,0.0,solar_photovoltaic
126,39,32326.928399391498,solar_photovoltaic
138,39,0.0,solar_photovoltaic
26,40,0.0,biomass
13,40,0.0,biomass
108,40,0.0,biomass
40,40,0.0,biomass
97,40,0.0,biomass
1,40,0.0,biomass
66,40,0.0,biomass
2,40,0.0,conventional_hydroelectric
14,40,0.0,conventional_hydroelectric
27,40,351.3619080000001,conventional_hydroelectric
35,40,621.906384,conventional_hydroelectric
54,40,431.35141500000003,conventional_hydroelectric
67,40,128.01524191899307,conventional_hydroelectric
84,40,7888.095408692418,conventional_hydroelectric
109,40,0.0,conventional_hydroelectric
128,40,18.458879999999994,conventional_hydroelectric
139,40,33.187679999999986,conventional_hydroelectric
110,40,0.0,conventional_steam_coal
41,40,0.0,conventional_steam_coal
3,40,0.0,conventional_steam_coal
36,40,0.0,conventional_steam_coal
85,40,0.0,conventional_steam_coal
28,40,0.0,geothermal
116,40,0.0,natural_gas_fired_combined_cycle
73,40,0.0,natural_gas_fired_combined_cycle
71,40,0.0,natural_gas_fired_combined_cycle
44,40,0.0,natural_gas_fired_combined_cycle
115,40,0.0,natural_gas_fired_combined_cycle
70,40,0.0,natural_gas_fired_combined_cycle
131,40,0.0,natural_gas_fired_combined_cycle
18,40,0.0,natural_gas_fired_combined_cycle
72,40,0.0,natural_gas_fired_combined_cycle
114,40,0.0,natural_gas_fired_combined_cycle
45,40,0.0,natural_gas_fired_combined_cycle
78,40,0.0,natural_gas_fired_combustion_turbine
75,40,0.0,natural_gas_fired_combustion_turbine
119,40,0.0,natural_gas_fired_combustion_turbine
117,40,0.0,natural_gas_fired_combustion_turbine
134,40,0.0,natural_gas_fired_combustion_turbine
103,40,0.0,natural_gas_fired_combustion_turbine
47,40,0.0,natural_gas_fired_combustion_turbine
8,40,0.0,natural_gas_fired_combustion_turbine
90,40,0.0,natural_gas_fired_combustion_turbine
60,40,0.0,natural_gas_fired_combustion_turbine
46,40,0.0,natural_gas_fired_combustion_turbine
37,40,0.0,natural_gas_fired_combustion_turbine
7,40,0.0,natural_gas_fired_combustion_turbine
133,40,0.0,natural_gas_fired_combustion_turbine
74,40,0.0,natural_gas_fired_combustion_turbine
20,40,0.0,natural_gas_fired_combustion_turbine
135,40,0.0,natural_gas_fired_combustion_turbine
142,40,0.0,natural_gas_fired_combustion_turbine
121,40,0.0,natural_gas_fired_combustion_turbine
91,40,0.0,natural_gas_fired_combustion_turbine
22,40,0.0,natural_gas_steam_turbine
123,40,0.0,natural_gas_steam_turbine
62,40,0.0,natural_gas_steam_turbine
49,40,0.0,natural_gas_steam_turbine
48,40,0.0,natural_gas_steam_turbine
21,40,0.0,natural_gas_steam_turbine
79,40,0.0,nuclear
10,40,0.0,onshore_wind_turbine
23,40,5353.5482,onshore_wind_turbine
31,40,869.18412,onshore_wind_turbine
38,40,2320.48425,onshore_wind_turbine
50,40,1586.6113199999998,onshore_wind_turbine
63,40,0.0,onshore_wind_turbine
80,40,4770.199559999999,onshore_wind_turbine
94,40,2041.179,onshore_wind_turbine
105,40,506.587621365,onshore_wind_turbine
124,40,3486.227697367801,onshore_wind_turbine
136,40,461.40759,onshore_wind_turbine
144,40,5508.626129999999,onshore_wind_turbine
11,40,0.0,small_hydroelectric
24,40,0.0,small_hydroelectric
32,40,192.0,small_hydroelectric
39,40,0.0,small_hydroelectric
51,40,0.0,small_hydroelectric
64,40,0.0,small_hydroelectric
81,40,241.672,small_hydroelectric
95,40,356.67248372527365,small_hydroelectric
106,40,0.0,small_hydroelectric
125,40,0.0,small_hydroelectric
137,40,0.0,small_hydroelectric
145,40,0.0,small_hydroelectric
12,40,9110.367,solar_photovoltaic
25,40,0.0,solar_photovoltaic
33,40,0.0,solar_photovoltaic
52,40,3979.12326,solar_photovoltaic
65,40,0.0,solar_photovoltaic
82,40,0.0,solar_photovoltaic
96,40,0.0,solar_photovoltaic
107,40,0.0,solar_photovoltaic
126,40,30507.4460499305,solar_photovoltaic
138,40,2966.1385599999994,solar_photovoltaic
26,41,0.0,biomass
13,41,0.0,biomass
108,41,0.0,biomass
40,41,0.0,biomass
97,41,0.0,biomass
1,41,0.0,biomass
66,41,0.0,biomass
2,41,183.98303279999993,conventional_hydroelectric
14,41,2.775383600000012,conventional_hydroelectric
27,41,468.4825440000001,conventional_hydroelectric
35,41,829.208512,conventional_hydroelectric
54,41,517.621698,conventional_hydroelectric
67,41,731.757822918993,conventional_hydroelectric
84,41,10299.492582692417,conventional_hydroelectric
109,41,0.0,conventional_hydroelectric
128,41,31.058279999999996,conventional_hydroelectric
139,41,52.518047999999986,conventional_hydroelectric
110,41,0.0,conventional_steam_coal
41,41,0.0,conventional_steam_coal
3,41,0.0,conventional_steam_coal
36,41,0.0,conventional_steam_coal
85,41,0.0,conventional_steam_coal
28,41,0.0,geothermal
116,41,0.0,natural_gas_fired_combined_cycle
73,41,0.0,natural_gas_fired_combined_cycle
71,41,0.0,natural_gas_fired_combined_cycle
44,41,0.0,natural_gas_fired_combined_cycle
115,41,0.0,natural_gas_fired_combined_cycle
70,41,0.0,natural_gas_fired_combined_cycle
131,41,0.0,natural_gas_fired_combined_cycle
18,41,0.0,natural_gas_fired_combined_cycle
72,41,0.0,natural_gas_fired_combined_cycle
114,41,0.0,natural_gas_fired_combined_cycle
45,41,0.0,natural_gas_fired_combined_cycle
78,41,0.0,natural_gas_fired_combustion_turbine
75,41,0.0,natural_gas_fired_combustion_turbine
119,41,0.0,natural_gas_fired_combustion_turbine
117,41,0.0,natural_gas_fired_combustion_turbine
134,41,0.0,natural_gas_fired_combustion_turbine
103,41,0.0,natural_gas_fired_combustion_turbine
47,41,0.0,natural_gas_fired_combustion_turbine
8,41,0.0,natural_gas_fired_combustion_turbine
90,41,0.0,natural_gas_fired_combustion_turbine
60,41,0.0,natural_gas_fired_combustion_turbine
46,41,0.0,natural_gas_fired_combustion_turbine
37,41,0.0,natural_gas_fired_combustion_turbine
7,41,0.0,natural_gas_fired_combustion_turbine
133,41,0.0,natural_gas_fired_combustion_turbine
74,41,0.0,natural_gas_fired_combustion_turbine
20,41,0.0,natural_gas_fired_combustion_turbine
135,41,0.0,natural_gas_fired_combustion_turbine
142,41,0.0,natural_gas_fired_combustion_turbine
121,41,0.0,natural_gas_fired_combustion_turbine
91,41,0.0,natural_gas_fired_combustion_turbine
22,41,0.0,natural_gas_steam_turbine
123,41,0.0,natural_gas_steam_turbine
62,41,0.0,natural_gas_steam_turbine
49,41,0.0,natural_gas_steam_turbine
48,41,0.0,natural_gas_steam_turbine
21,41,0.0,natural_gas_steam_turbine
79,41,0.0,nuclear
10,41,0.0,onshore_wind_turbine
23,41,6670.972,onshore_wind_turbine
31,41,0.0,onshore_wind_turbine
38,41,1670.067,onshore_wind_turbine
50,41,2454.43758,onshore_wind_turbine
63,41,0.0,onshore_wind_turbine
80,41,4113.170319999999,onshore_wind_turbine
94,41,5119.4976,onshore_wind_turbine
105,41,0.0,onshore_wind_turbine
124,41,14247.307060232402,onshore_wind_turbine
136,41,489.28992000000005,onshore_wind_turbine
144,41,5869.812059999999,onshore_wind_turbine
11,41,0.0,small_hydroelectric
24,41,0.0,small_hydroelectric
32,41,0.0,small_hydroelectric
39,41,0.0,small_hydroelectric
51,41,0.0,small_hydroelectric
64,41,0.0,small_hydroelectric
81,41,241.672,small_hydroelectric
95,41,418.922,small_hydroelectric
106,41,31.614,small_hydroelectric
125,41,70.02973512521797,small_hydroelectric
137,41,0.0,small_hydroelectric
145,41,0.0,small_hydroelectric
12,41,0.0,solar_photovoltaic
25,41,0.0,solar_photovoltaic
33,41,0.0,solar_photovoltaic
52,41,0.0,solar_photovoltaic
65,41,0.0,solar_photovoltaic
82,41,0.0,solar_photovoltaic
96,41,0.0,solar_photovoltaic
107,41,0.0,solar_photovoltaic
126,41,27283.754450630997,solar_photovoltaic
138,41,2507.2455099999997,solar_photovoltaic
26,42,0.0,biomass
13,42,0.0,biomass
108,42,0.0,biomass
40,42,0.0,biomass
97,42,0.0,biomass
1,42,0.0,biomass
66,42,0.0,biomass
2,42,413.2711967999999,conventional_hydroelectric
14,42,41.81891560000001,conventional_hydroelectric
27,42,585.6031800000001,conventional_hydroelectric
35,42,1036.51064,conventional_hydroelectric
54,42,603.891981,conventional_hydroelectric
67,42,1335.500403918993,conventional_hydroelectric
84,42,12710.889756692417,conventional_hydroelectric
109,42,42.88763806860004,conventional_hydroelectric
128,42,43.65768,conventional_hydroelectric
139,42,71.84841599999999,conventional_hydroelectric
110,42,0.0,conventional_steam_coal
41,42,0.0,conventional_steam_coal
3,42,0.0,conventional_steam_coal
36,42,0.0,conventional_steam_coal
85,42,0.0,conventional_steam_coal
28,42,0.0,geothermal
116,42,0.0,natural_gas_fired_combined_cycle
73,42,0.0,natural_gas_fired_combined_cycle
71,42,0.0,natural_gas_fired_combined_cycle
44,42,0.0,natural_gas_fired_combined_cycle
115,42,0.0,natural_gas_fired_combined_cycle
70,42,0.0,natural_gas_fired_combined_cycle
131,42,0.0,natural_gas_fired_combined_cycle
18,42,0.0,natural_gas_fired_combined_cycle
72,42,0.0,natural_gas_fired_combined_cycle
114,42,0.0,natural_gas_fired_combined_cycle
45,42,0.0,natural_gas_fired_combined_cycle
78,42,0.0,natural_gas_fired_combustion_turbine
75,42,0.0,natural_gas_fired_combustion_turbine
119,42,0.0,natural_gas_fired_combustion_turbine
117,42,0.0,natural_gas_fired_combustion_turbine
134,42,0.0,natural_gas_fired_combustion_turbine
103,42,0.0,natural_gas_fired_combustion_turbine
47,42,0.0,natural_gas_fired_combustion_turbine
8,42,0.0,natural_gas_fired_combustion_turbine
90,42,0.0,natural_gas_fired_combustion_turbine
60,42,0.0,natural_gas_fired_combustion_turbine
46,42,0.0,natural_gas_fired_combustion_turbine
37,42,0.0,natural_gas_fired_combustion_turbine
7,42,0.0,natural_gas_fired_combustion_turbine
133,42,0.0,natural_gas_fired_combustion_turbine
74,42,0.0,natural_gas_fired_combustion_turbine
20,42,0.0,natural_gas_fired_combustion_turbine
135,42,0.0,natural_gas_fired_combustion_turbine
142,42,0.0,natural_gas_fired_combustion_turbine
121,42,0.0,natural_gas_fired_combustion_turbine
91,42,0.0,natural_gas_fired_combustion_turbine
22,42,0.0,natural_gas_steam_turbine
123,42,0.0,natural_gas_steam_turbine
62,42,0.0,natural_gas_steam_turbine
49,42,0.0,natural_gas_steam_turbine
48,42,0.0,natural_gas_steam_turbine
21,42,0.0,natural_gas_steam_turbine
79,42,0.0,nuclear
10,42,0.0,onshore_wind_turbine
23,42,8854.8768,onshore_wind_turbine
31,42,0.0,onshore_wind_turbine
38,42,0.0,onshore_wind_turbine
50,42,3482.8218599999996,onshore_wind_turbine
63,42,0.0,onshore_wind_turbine
80,42,5254.375279999999,onshore_wind_turbine
94,42,6627.3956,onshore_wind_turbine
105,42,0.0,onshore_wind_turbine
124,42,18971.021425664003,onshore_wind_turbine
136,42,0.0,onshore_wind_turbine
144,42,4094.1614699999996,onshore_wind_turbine
11,42,0.0,small_hydroelectric
24,42,0.0,small_hydroelectric
32,42,0.0,small_hydroelectric
39,42,0.0,small_hydroelectric
51,42,0.0,small_hydroelectric
64,42,0.0,small_hydroelectric
81,42,0.0,small_hydroelectric
95,42,418.922,small_hydroelectric
106,42,0.0,small_hydroelectric
125,42,0.0,small_hydroelectric
137,42,0.0,small_hydroelectric
145,42,33.17436856599352,small_hydroelectric
12,42,0.0,solar_photovoltaic
25,42,0.0,solar_photovoltaic
33,42,0.0,solar_photovoltaic
52,42,0.0,solar_photovoltaic
65,42,0.0,solar_photovoltaic
82,42,0.0,solar_photovoltaic
96,42,0.0,solar_photovoltaic
107,42,0.0,solar_photovoltaic
126,42,19724.435847689998,solar_photovoltaic
138,42,0.0,solar_photovoltaic
26,43,0.0,biomass
13,43,0.0,biomass
108,43,0.0,biomass
40,43,0.0,biomass
97,43,0.0,biomass
1,43,0.0,biomass
66,43,0.0,biomass
2,43,642.5593607999999,conventional_hydroelectric
14,43,80.86244760000001,conventional_hydroelectric
27,43,702.723816,conventional_hydroelectric
35,43,1243.812768,conventional_hydroelectric
54,43,690.162264,conventional_hydroelectric
67,43,1939.242984918993,conventional_hydroelectric
84,43,15122.286930692417,conventional_hydroelectric
109,43,158.77223806860005,conventional_hydroelectric
128,43,56.25708,conventional_hydroelectric
139,43,91.17878399999998,conventional_hydroelectric
110,43,0.0,conventional_steam_coal
41,43,0.0,conventional_steam_coal
3,43,0.0,conventional_steam_coal
36,43,0.0,conventional_steam_coal
85,43,0.0,conventional_steam_coal
28,43,74.364,geothermal
116,43,0.0,natural_gas_fired_combined_cycle
73,43,0.0,natural_gas_fired_combined_cycle
71,43,0.0,natural_gas_fired_combined_cycle
44,43,0.0,natural_gas_fired_combined_cycle
115,43,0.0,natural_gas_fired_combined_cycle
70,43,0.0,natural_gas_fired_combined_cycle
131,43,0.0,natural_gas_fired_combined_cycle
18,43,0.0,natural_gas_fired_combined_cycle
72,43,0.0,natural_gas_fired_combined_cycle
114,43,0.0,natural_gas_fired_combined_cycle
45,43,0.0,natural_gas_fired_combined_cycle
78,43,0.0,natural_gas_fired_combustion_turbine
75,43,0.0,natural_gas_fired_combustion_turbine
119,43,0.0,natural_gas_fired_combustion_turbine
117,43,0.0,natural_gas_fired_combustion_turbine
134,43,0.0,natural_gas_fired_combustion_turbine
103,43,0.0,natural_gas_fired_combustion_turbine
47,43,0.0,natural_gas_fired_combustion_turbine
8,43,0.0,natural_gas_fired_combustion_turbine
90,43,0.0,natural_gas_fired_combustion_turbine
60,43,0.0,natural_gas_fired_combustion_turbine
46,43,0.0,natural_gas_fired_combustion_turbine
37,43,0.0,natural_gas_fired_combustion_turbine
7,43,0.0,natural_gas_fired_combustion_turbine
133,43,0.0,natural_gas_fired_combustion_turbine
74,43,0.0,natural_gas_fired_combustion_turbine
20,43,0.0,natural_gas_fired_combustion_turbine
135,43,0.0,natural_gas_fired_combustion_turbine
142,43,0.0,natural_gas_fired_combustion_turbine
121,43,0.0,natural_gas_fired_combustion_turbine
91,43,0.0,natural_gas_fired_combustion_turbine
22,43,0.0,natural_gas_steam_turbine
123,43,0.0,natural_gas_steam_turbine
62,43,0.0,natural_gas_steam_turbine
49,43,0.0,natural_gas_steam_turbine
48,43,0.0,natural_gas_steam_turbine
21,43,0.0,natural_gas_steam_turbine
79,43,0.0,nuclear
10,43,232.34190000000004,onshore_wind_turbine
23,43,10619.516599999999,onshore_wind_turbine
31,43,2219.26929,onshore_wind_turbine
38,43,1246.3017,onshore_wind_turbine
50,43,2314.88082,onshore_wind_turbine
63,43,28.896839770399996,onshore_wind_turbine
80,43,3207.0833199999997,onshore_wind_turbine
94,43,7289.3996,onshore_wind_turbine
105,43,463.58087874,onshore_wind_turbine
124,43,20621.144731171604,onshore_wind_turbine
136,43,762.7166400000001,onshore_wind_turbine
144,43,2238.4876499999996,onshore_wind_turbine
11,43,19.125,small_hydroelectric
24,43,62.577,small_hydroelectric
32,43,192.0,small_hydroelectric
39,43,52.9,small_hydroelectric
51,43,25.641,small_hydroelectric
64,43,6.128,small_hydroelectric
81,43,241.672,small_hydroelectric
95,43,418.922,small_hydroelectric
106,43,31.614,small_hydroelectric
125,43,100.697,small_hydroelectric
137,43,36.822,small_hydroelectric
145,43,33.21,small_hydroelectric
12,43,502.83576,solar_photovoltaic
25,43,0.0,solar_photovoltaic
33,43,528.32605,solar_photovoltaic
52,43,0.0,solar_photovoltaic
65,43,4047.489385814,solar_photovoltaic
82,43,5267.619000000001,solar_photovoltaic
96,43,329.85785,solar_photovoltaic
107,43,3045.668359468,solar_photovoltaic
126,43,10116.450099938,solar_photovoltaic
138,43,721.4437999999999,solar_photovoltaic
26,44,0.0,biomass
13,44,0.0,biomass
108,44,0.0,biomass
40,44,0.0,biomass
97,44,0.0,biomass
1,44,0.0,biomass
66,44,0.0,biomass
2,44,871.8475248,conventional_hydroelectric
14,44,119.90597960000001,conventional_hydroelectric
27,44,819.844452,conventional_hydroelectric
35,44,1451.114896,conventional_hydroelectric
54,44,776.4325470000001,conventional_hydroelectric
67,44,2542.985565918993,conventional_hydroelectric
84,44,17533.684104692416,conventional_hydroelectric
109,44,274.65683806860005,conventional_hydroelectric
128,44,68.85648,conventional_hydroelectric
139,44,110.50915199999999,conventional_hydroelectric
110,44,0.0,conventional_steam_coal
41,44,0.0,conventional_steam_coal
3,44,0.0,conventional_steam_coal
36,44,0.0,conventional_steam_coal
85,44,0.0,conventional_steam_coal
28,44,74.364,geothermal
116,44,0.0,natural_gas_fired_combined_cycle
73,44,0.0,natural_gas_fired_combined_cycle
71,44,0.0,natural_gas_fired_combined_cycle
44,44,0.0,natural_gas_fired_combined_cycle
115,44,0.0,natural_gas_fired_combined_cycle
70,44,0.0,natural_gas_fired_combined_cycle
131,44,0.0,natural_gas_fired_combined_cycle
18,44,0.0,natural_gas_fired_combined_cycle
72,44,0.0,natural_gas_fired_combined_cycle
114,44,0.0,natural_gas_fired_combined_cycle
45,44,0.0,natural_gas_fired_combined_cycle
78,44,0.0,natural_gas_fired_combustion_turbine
75,44,0.0,natural_gas_fired_combustion_turbine
119,44,0.0,natural_gas_fired_combustion_turbine
117,44,0.0,natural_gas_fired_combustion_turbine
134,44,0.0,natural_gas_fired_combustion_turbine
103,44,0.0,natural_gas_fired_combustion_turbine
47,44,0.0,natural_gas_fired_combustion_turbine
8,44,0.0,natural_gas_fired_combustion_turbine
90,44,0.0,natural_gas_fired_combustion_turbine
60,44,0.0,natural_gas_fired_combustion_turbine
46,44,0.0,natural_gas_fired_combustion_turbine
37,44,0.0,natural_gas_fired_combustion_turbine
7,44,0.0,natural_gas_fired_combustion_turbine
133,44,0.0,natural_gas_fired_combustion_turbine
74,44,0.0,natural_gas_fired_combustion_turbine
20,44,0.0,natural_gas_fired_combustion_turbine
135,44,0.0,natural_gas_fired_combustion_turbine
142,44,0.0,natural_gas_fired_combustion_turbine
121,44,0.0,natural_gas_fired_combustion_turbine
91,44,0.0,natural_gas_fired_combustion_turbine
22,44,0.0,natural_gas_steam_turbine
123,44,0.0,natural_gas_steam_turbine
62,44,0.0,natural_gas_steam_turbine
49,44,0.0,natural_gas_steam_turbine
48,44,0.0,natural_gas_steam_turbine
21,44,0.0,natural_gas_steam_turbine
79,44,0.0,nuclear
10,44,200.28232,onshore_wind_turbine
23,44,9602.100199999999,onshore_wind_turbine
31,44,1693.24666,onshore_wind_turbine
38,44,1042.37175,onshore_wind_turbine
50,44,1800.0112199999999,onshore_wind_turbine
63,44,68.11784004479999,onshore_wind_turbine
80,44,3320.4603599999996,onshore_wind_turbine
94,44,11588.7478,onshore_wind_turbine
105,44,907.9337400000001,onshore_wind_turbine
124,44,22621.6629698752,onshore_wind_turbine
136,44,259.93527,onshore_wind_turbine
144,44,6767.369909999999,onshore_wind_turbine
11,44,19.125,small_hydroelectric
24,44,62.577,small_hydroelectric
32,44,192.0,small_hydroelectric
39,44,52.9,small_hydroelectric
51,44,25.641,small_hydroelectric
64,44,6.128,small_hydroelectric
81,44,241.672,small_hydroelectric
95,44,418.922,small_hydroelectric
106,44,31.614,small_hydroelectric
125,44,100.697,small_hydroelectric
137,44,36.822,small_hydroelectric
145,44,33.21,small_hydroelectric
12,44,0.0,solar_photovoltaic
25,44,0.0,solar_photovoltaic
33,44,0.0,solar_photovoltaic
52,44,0.0,solar_photovoltaic
65,44,0.0,solar_photovoltaic
82,44,0.0,solar_photovoltaic
96,44,0.0,solar_photovoltaic
107,44,0.0,solar_photovoltaic
126,44,0.0,solar_photovoltaic
138,44,0.0,solar_photovoltaic
26,45,0.0,biomass
13,45,0.0,biomass
108,45,0.0,biomass
40,45,0.0,biomass
97,45,0.0,biomass
1,45,0.0,biomass
66,45,0.0,biomass
2,45,871.8475248,conventional_hydroelectric
14,45,120.0471008,conventional_hydroelectric
27,45,875.4414768,conventional_hydroelectric
35,45,1505.5629248,conventional_hydroelectric
54,45,862.7028300000002,conventional_hydroelectric
67,45,2545.115307880509,conventional_hydroelectric
84,45,17626.4417526,conventional_hydroelectric
109,45,275.1428217798,conventional_hydroelectric
128,45,68.8413,conventional_hydroelectric
139,45,110.6721792,conventional_hydroelectric
110,45,0.0,conventional_steam_coal
41,45,0.0,conventional_steam_coal
3,45,0.0,conventional_steam_coal
36,45,0.0,conventional_steam_coal
85,45,0.0,conventional_steam_coal
28,45,74.364,geothermal
116,45,0.0,natural_gas_fired_combined_cycle
73,45,0.0,natural_gas_fired_combined_cycle
71,45,0.0,natural_gas_fired_combined_cycle
44,45,0.0,natural_gas_fired_combined_cycle
115,45,0.0,natural_gas_fired_combined_cycle
70,45,0.0,natural_gas_fired_combined_cycle
131,45,0.0,natural_gas_fired_combined_cycle
18,45,0.0,natural_gas_fired_combined_cycle
72,45,0.0,natural_gas_fired_combined_cycle
114,45,0.0,natural_gas_fired_combined_cycle
45,45,0.0,natural_gas_fired_combined_cycle
78,45,0.0,natural_gas_fired_combustion_turbine
75,45,0.0,natural_gas_fired_combustion_turbine
119,45,0.0,natural_gas_fired_combustion_turbine
117,45,0.0,natural_gas_fired_combustion_turbine
134,45,0.0,natural_gas_fired_combustion_turbine
103,45,0.0,natural_gas_fired_combustion_turbine
47,45,0.0,natural_gas_fired_combustion_turbine
8,45,0.0,natural_gas_fired_combustion_turbine
90,45,0.0,natural_gas_fired_combustion_turbine
60,45,0.0,natural_gas_fired_combustion_turbine
46,45,0.0,natural_gas_fired_combustion_turbine
37,45,0.0,natural_gas_fired_combustion_turbine
7,45,0.0,natural_gas_fired_combustion_turbine
133,45,0.0,natural_gas_fired_combustion_turbine
74,45,0.0,natural_gas_fired_combustion_turbine
20,45,0.0,natural_gas_fired_combustion_turbine
135,45,0.0,natural_gas_fired_combustion_turbine
142,45,0.0,natural_gas_fired_combustion_turbine
121,45,0.0,natural_gas_fired_combustion_turbine
91,45,0.0,natural_gas_fired_combustion_turbine
22,45,0.0,natural_gas_steam_turbine
123,45,0.0,natural_gas_steam_turbine
62,45,0.0,natural_gas_steam_turbine
49,45,0.0,natural_gas_steam_turbine
48,45,0.0,natural_gas_steam_turbine
21,45,0.0,natural_gas_steam_turbine
79,45,0.0,nuclear
10,45,279.53072000000003,onshore_wind_turbine
23,45,7543.0432,onshore_wind_turbine
31,45,1445.07797,onshore_wind_turbine
38,45,914.5605,onshore_wind_turbine
50,45,2644.80384,onshore_wind_turbine
63,45,130.4514402856,onshore_wind_turbine
80,45,3024.9365999999995,onshore_wind_turbine
94,45,10555.286,onshore_wind_turbine
105,45,903.636161043,onshore_wind_turbine
124,45,23701.586793484603,onshore_wind_turbine
136,45,216.76263000000003,onshore_wind_turbine
144,45,4163.37075,onshore_wind_turbine
11,45,19.125,small_hydroelectric
24,45,62.577,small_hydroelectric
32,45,192.0,small_hydroelectric
39,45,52.9,small_hydroelectric
51,45,25.641,small_hydroelectric
64,45,6.128,small_hydroelectric
81,45,241.672,small_hydroelectric
95,45,418.922,small_hydroelectric
106,45,31.614,small_hydroelectric
125,45,100.697,small_hydroelectric
137,45,36.822,small_hydroelectric
145,45,33.21,small_hydroelectric
12,45,0.0,solar_photovoltaic
25,45,0.0,solar_photovoltaic
33,45,0.0,solar_photovoltaic
52,45,0.0,solar_photovoltaic
65,45,0.0,solar_photovoltaic
82,45,0.0,solar_photovoltaic
96,45,0.0,solar_photovoltaic
107,45,0.0,solar_photovoltaic
126,45,0.0,solar_photovoltaic
138,45,0.0,solar_photovoltaic
26,46,0.0,biomass
13,46,0.0,biomass
108,46,0.0,biomass
40,46,0.0,biomass
97,46,0.0,biomass
1,46,0.0,biomass
66,46,0.0,biomass
2,46,871.5712739999999,conventional_hydroelectric
14,46,120.188222,conventional_hydroelectric
27,46,875.4414768,conventional_hydroelectric
35,46,1505.5629248,conventional_hydroelectric
54,46,948.9731130000002,conventional_hydroelectric
67,46,2547.2975099805085,conventional_hydroelectric
84,46,17629.3470504,conventional_hydroelectric
109,46,275.70767682900004,conventional_hydroelectric
128,46,68.8413,conventional_hydroelectric
139,46,110.83520639999999,conventional_hydroelectric
110,46,0.0,conventional_steam_coal
41,46,0.0,conventional_steam_coal
3,46,0.0,conventional_steam_coal
36,46,0.0,conventional_steam_coal
85,46,0.0,conventional_steam_coal
28,46,74.364,geothermal
116,46,0.0,natural_gas_fired_combined_cycle
73,46,0.0,natural_gas_fired_combined_cycle
71,46,0.0,natural_gas_fired_combined_cycle
44,46,0.0,natural_gas_fired_combined_cycle
115,46,0.0,natural_gas_fired_combined_cycle
70,46,0.0,natural_gas_fired_combined_cycle
131,46,0.0,natural_gas_fired_combined_cycle
18,46,0.0,natural_gas_fired_combined_cycle
72,46,0.0,natural_gas_fired_combined_cycle
114,46,0.0,natural_gas_fired_combined_cycle
45,46,0.0,natural_gas_fired_combined_cycle
78,46,0.0,natural_gas_fired_combustion_turbine
75,46,0.0,natural_gas_fired_combustion_turbine
119,46,0.0,natural_gas_fired_combustion_turbine
117,46,0.0,natural_gas_fired_combustion_turbine
134,46,0.0,natural_gas_fired_combustion_turbine
103,46,0.0,natural_gas_fired_combustion_turbine
47,46,0.0,natural_gas_fired_combustion_turbine
8,46,0.0,natural_gas_fired_combustion_turbine
90,46,0.0,natural_gas_fired_combustion_turbine
60,46,0.0,natural_gas_fired_combustion_turbine
46,46,0.0,natural_gas_fired_combustion_turbine
37,46,0.0,natural_gas_fired_combustion_turbine
7,46,0.0,natural_gas_fired_combustion_turbine
133,46,0.0,natural_gas_fired_combustion_turbine
74,46,0.0,natural_gas_fired_combustion_turbine
20,46,0.0,natural_gas_fired_combustion_turbine
135,46,0.0,natural_gas_fired_combustion_turbine
142,46,0.0,natural_gas_fired_combustion_turbine
121,46,0.0,natural_gas_fired_combustion_turbine
91,46,0.0,natural_gas_fired_combustion_turbine
22,46,0.0,natural_gas_steam_turbine
123,46,0.0,natural_gas_steam_turbine
62,46,0.0,natural_gas_steam_turbine
49,46,0.0,natural_gas_steam_turbine
48,46,0.0,natural_gas_steam_turbine
21,46,0.0,natural_gas_steam_turbine
79,46,0.0,nuclear
10,46,314.29195,onshore_wind_turbine
23,46,6616.933400000001,onshore_wind_turbine
31,46,1702.74594,onshore_wind_turbine
38,46,898.08705,onshore_wind_turbine
50,46,2812.1364599999997,onshore_wind_turbine
63,46,219.4623201792,onshore_wind_turbine
80,46,3303.7325999999994,onshore_wind_turbine
94,46,9201.855599999999,onshore_wind_turbine
105,46,1210.4548413720001,onshore_wind_turbine
124,46,24008.1949668638,onshore_wind_turbine
136,46,245.54439000000005,onshore_wind_turbine
144,46,1937.8598399999998,onshore_wind_turbine
11,46,19.125,small_hydroelectric
24,46,62.577,small_hydroelectric
32,46,192.0,small_hydroelectric
39,46,52.9,small_hydroelectric
51,46,25.641,small_hydroelectric
64,46,6.128,small_hydroelectric
81,46,241.672,small_hydroelectric
95,46,418.922,small_hydroelectric
106,46,31.614,small_hydroelectric
125,46,100.697,small_hydroelectric
137,46,36.822,small_hydroelectric
145,46,33.21,small_hydroelectric
12,46,0.0,solar_photovoltaic
25,46,0.0,solar_photovoltaic
33,46,0.0,solar_photovoltaic
52,46,0.0,solar_photovoltaic
65,46,0.0,solar_photovoltaic
82,46,0.0,solar_photovoltaic
96,46,0.0,solar_photovoltaic
107,46,0.0,solar_photovoltaic
126,46,0.0,solar_photovoltaic
138,46,0.0,solar_photovoltaic
26,47,0.0,biomass
13,47,0.0,biomass
108,47,0.0,biomass
40,47,0.0,biomass
97,47,0.0,biomass
1,47,0.0,biomass
66,47,0.0,biomass
2,47,871.5712739999999,conventional_hydroelectric
14,47,120.32934320000001,conventional_hydroelectric
27,47,875.5825860000001,conventional_hydroelectric
35,47,1298.2607968,conventional_hydroelectric
54,47,862.7028300000002,conventional_hydroelectric
67,47,1943.5549289805085,conventional_hydroelectric
84,47,16729.62460379807,conventional_hydroelectric
109,47,231.7692,conventional_hydroelectric
128,47,68.82612,conventional_hydroelectric
139,47,91.50483839999998,conventional_hydroelectric
110,47,0.0,conventional_steam_coal
41,47,0.0,conventional_steam_coal
3,47,0.0,conventional_steam_coal
36,47,0.0,conventional_steam_coal
85,47,0.0,conventional_steam_coal
28,47,74.364,geothermal
116,47,0.0,natural_gas_fired_combined_cycle
73,47,0.0,natural_gas_fired_combined_cycle
71,47,0.0,natural_gas_fired_combined_cycle
44,47,0.0,natural_gas_fired_combined_cycle
115,47,0.0,natural_gas_fired_combined_cycle
70,47,0.0,natural_gas_fired_combined_cycle
131,47,0.0,natural_gas_fired_combined_cycle
18,47,0.0,natural_gas_fired_combined_cycle
72,47,0.0,natural_gas_fired_combined_cycle
114,47,0.0,natural_gas_fired_combined_cycle
45,47,0.0,natural_gas_fired_combined_cycle
78,47,0.0,natural_gas_fired_combustion_turbine
75,47,0.0,natural_gas_fired_combustion_turbine
119,47,0.0,natural_gas_fired_combustion_turbine
117,47,0.0,natural_gas_fired_combustion_turbine
134,47,0.0,natural_gas_fired_combustion_turbine
103,47,0.0,natural_gas_fired_combustion_turbine
47,47,0.0,natural_gas_fired_combustion_turbine
8,47,0.0,natural_gas_fired_combustion_turbine
90,47,0.0,natural_gas_fired_combustion_turbine
60,47,0.0,natural_gas_fired_combustion_turbine
46,47,0.0,natural_gas_fired_combustion_turbine
37,47,0.0,natural_gas_fired_combustion_turbine
7,47,0.0,natural_gas_fired_combustion_turbine
133,47,0.0,natural_gas_fired_combustion_turbine
74,47,0.0,natural_gas_fired_combustion_turbine
20,47,0.0,natural_gas_fired_combustion_turbine
135,47,0.0,natural_gas_fired_combustion_turbine
142,47,0.0,natural_gas_fired_combustion_turbine
121,47,0.0,natural_gas_fired_combustion_turbine
91,47,0.0,natural_gas_fired_combustion_turbine
22,47,0.0,natural_gas_steam_turbine
123,47,0.0,natural_gas_steam_turbine
62,47,0.0,natural_gas_steam_turbine
49,47,0.0,natural_gas_steam_turbine
48,47,0.0,natural_gas_steam_turbine
21,47,0.0,natural_gas_steam_turbine
79,47,0.0,nuclear
10,47,278.99039000000005,onshore_wind_turbine
23,47,5497.03,onshore_wind_turbine
31,47,1882.04485,onshore_wind_turbine
38,47,761.187,onshore_wind_turbine
50,47,2904.27102,onshore_wind_turbine
63,47,136.8105199272,onshore_wind_turbine
80,47,3070.4732799999997,onshore_wind_turbine
94,47,9713.0698,onshore_wind_turbine
105,47,1095.340680021,onshore_wind_turbine
124,47,22517.816514870603,onshore_wind_turbine
136,47,447.01671000000005,onshore_wind_turbine
144,47,2050.3249199999996,onshore_wind_turbine
11,47,19.125,small_hydroelectric
24,47,62.577,small_hydroelectric
32,47,192.0,small_hydroelectric
39,47,52.9,small_hydroelectric
51,47,25.641,small_hydroelectric
64,47,6.128,small_hydroelectric
81,47,241.672,small_hydroelectric
95,47,418.922,small_hydroelectric
106,47,31.614,small_hydroelectric
125,47,100.697,small_hydroelectric
137,47,36.822,small_hydroelectric
145,47,33.21,small_hydroelectric
12,47,0.0,solar_photovoltaic
25,47,0.0,solar_photovoltaic
33,47,0.0,solar_photovoltaic
52,47,0.0,solar_photovoltaic
65,47,0.0,solar_photovoltaic
82,47,0.0,solar_photovoltaic
96,47,0.0,solar_photovoltaic
107,47,0.0,solar_photovoltaic
126,47,0.0,solar_photovoltaic
138,47,0.0,solar_photovoltaic
26,48,0.0,biomass
13,48,0.0,biomass
108,48,0.0,biomass
40,48,0.0,biomass
97,48,0.0,biomass
1,48,0.0,biomass
66,48,0.0,biomass
2,48,642.2831099999999,conventional_hydroelectric
14,48,120.4704644,conventional_hydroelectric
27,48,875.7236952000001,conventional_hydroelectric
35,48,1090.9586688,conventional_hydroelectric
54,48,776.4325470000001,conventional_hydroelectric
67,48,1339.8123479805085,conventional_hydroelectric
84,48,14318.22742979807,conventional_hydroelectric
109,48,115.8846,conventional_hydroelectric
128,48,56.22672,conventional_hydroelectric
139,48,72.17447039999999,conventional_hydroelectric
110,48,0.0,conventional_steam_coal
41,48,0.0,conventional_steam_coal
3,48,0.0,conventional_steam_coal
36,48,0.0,conventional_steam_coal
85,48,0.0,conventional_steam_coal
28,48,74.364,geothermal
116,48,0.0,natural_gas_fired_combined_cycle
73,48,0.0,natural_gas_fired_combined_cycle
71,48,0.0,natural_gas_fired_combined_cycle
44,48,0.0,natural_gas_fired_combined_cycle
115,48,0.0,natural_gas_fired_combined_cycle
70,48,0.0,natural_gas_fired_combined_cycle
131,48,0.0,natural_gas_fired_combined_cycle
18,48,0.0,natural_gas_fired_combined_cycle
72,48,0.0,natural_gas_fired_combined_cycle
114,48,0.0,natural_gas_fired_combined_cycle
45,48,0.0,natural_gas_fired_combined_cycle
78,48,0.0,natural_gas_fired_combustion_turbine
75,48,0.0,natural_gas_fired_combustion_turbine
119,48,0.0,natural_gas_fired_combustion_turbine
117,48,0.0,natural_gas_fired_combustion_turbine
134,48,0.0,natural_gas_fired_combustion_turbine
103,48,0.0,natural_gas_fired_combustion_turbine
47,48,0.0,natural_gas_fired_combustion_turbine
8,48,0.0,natural_gas_fired_combustion_turbine
90,48,0.0,natural_gas_fired_combustion_turbine
60,48,0.0,natural_gas_fired_combustion_turbine
46,48,0.0,natural_gas_fired_combustion_turbine
37,48,0.0,natural_gas_fired_combustion_turbine
7,48,0.0,natural_gas_fired_combustion_turbine
133,48,0.0,natural_gas_fired_combustion_turbine
74,48,0.0,natural_gas_fired_combustion_turbine
20,48,0.0,natural_gas_fired_combustion_turbine
135,48,0.0,natural_gas_fired_combustion_turbine
142,48,0.0,natural_gas_fired_combustion_turbine
121,48,0.0,natural_gas_fired_combustion_turbine
91,48,0.0,natural_gas_fired_combustion_turbine
22,48,0.0,natural_gas_steam_turbine
123,48,0.0,natural_gas_steam_turbine
62,48,0.0,natural_gas_steam_turbine
49,48,0.0,natural_gas_steam_turbine
48,48,0.0,natural_gas_steam_turbine
21,48,0.0,natural_gas_steam_turbine
79,48,0.0,nuclear
10,48,324.01789,onshore_wind_turbine
23,48,7265.3966,onshore_wind_turbine
31,48,1427.26682,onshore_wind_turbine
38,48,799.24635,onshore_wind_turbine
50,48,2514.0540599999995,onshore_wind_turbine
63,48,212.6283597144,onshore_wind_turbine
80,48,3177.3450799999996,onshore_wind_turbine
94,48,8631.7966,onshore_wind_turbine
105,48,1488.011838999,onshore_wind_turbine
124,48,23073.597947708004,onshore_wind_turbine
136,48,822.07902,onshore_wind_turbine
144,48,1996.2551699999997,onshore_wind_turbine
11,48,19.125,small_hydroelectric
24,48,62.577,small_hydroelectric
32,48,192.0,small_hydroelectric
39,48,52.9,small_hydroelectric
51,48,25.641,small_hydroelectric
64,48,6.128,small_hydroelectric
81,48,241.672,small_hydroelectric
95,48,418.922,small_hydroelectric
106,48,31.614,small_hydroelectric
125,48,100.697,small_hydroelectric
137,48,36.822,small_hydroelectric
145,48,33.21,small_hydroelectric
12,48,0.0,solar_photovoltaic
25,48,0.0,solar_photovoltaic
33,48,0.0,solar_photovoltaic
52,48,0.0,solar_photovoltaic
65,48,0.0,solar_photovoltaic
82,48,0.0,solar_photovoltaic
96,48,0.0,solar_photovoltaic
107,48,0.0,solar_photovoltaic
126,48,0.0,solar_photovoltaic
138,48,0.0,solar_photovoltaic
26,49,0.0,biomass
13,49,0.0,biomass
108,49,0.0,biomass
40,49,0.0,biomass
97,49,0.0,biomass
1,49,0.0,biomass
66,49,0.0,biomass
2,49,412.99494599999986,conventional_hydroelectric
14,49,81.4269324,conventional_hydroelectric
27,49,758.6030592000001,conventional_hydroelectric
35,49,883.6565407999999,conventional_hydroelectric
54,49,690.162264,conventional_hydroelectric
67,49,736.0697669805086,conventional_hydroelectric
84,49,11906.83025579807,conventional_hydroelectric
109,49,0.0,conventional_hydroelectric
128,49,56.21154,conventional_hydroelectric
139,49,91.50483839999998,conventional_hydroelectric
110,49,0.0,conventional_steam_coal
41,49,0.0,conventional_steam_coal
3,49,0.0,conventional_steam_coal
36,49,0.0,conventional_steam_coal
85,49,0.0,conventional_steam_coal
28,49,0.0,geothermal
116,49,0.0,natural_gas_fired_combined_cycle
73,49,0.0,natural_gas_fired_combined_cycle
71,49,0.0,natural_gas_fired_combined_cycle
44,49,0.0,natural_gas_fired_combined_cycle
115,49,0.0,natural_gas_fired_combined_cycle
70,49,0.0,natural_gas_fired_combined_cycle
131,49,0.0,natural_gas_fired_combined_cycle
18,49,0.0,natural_gas_fired_combined_cycle
72,49,0.0,natural_gas_fired_combined_cycle
114,49,0.0,natural_gas_fired_combined_cycle
45,49,0.0,natural_gas_fired_combined_cycle
78,49,0.0,natural_gas_fired_combustion_turbine
75,49,0.0,natural_gas_fired_combustion_turbine
119,49,0.0,natural_gas_fired_combustion_turbine
117,49,0.0,natural_gas_fired_combustion_turbine
134,49,0.0,natural_gas_fired_combustion_turbine
103,49,0.0,natural_gas_fired_combustion_turbine
47,49,0.0,natural_gas_fired_combustion_turbine
8,49,0.0,natural_gas_fired_combustion_turbine
90,49,0.0,natural_gas_fired_combustion_turbine
60,49,0.0,natural_gas_fired_combustion_turbine
46,49,0.0,natural_gas_fired_combustion_turbine
37,49,0.0,natural_gas_fired_combustion_turbine
7,49,0.0,natural_gas_fired_combustion_turbine
133,49,0.0,natural_gas_fired_combustion_turbine
74,49,0.0,natural_gas_fired_combustion_turbine
20,49,0.0,natural_gas_fired_combustion_turbine
135,49,0.0,natural_gas_fired_combustion_turbine
142,49,0.0,natural_gas_fired_combustion_turbine
121,49,0.0,natural_gas_fired_combustion_turbine
91,49,0.0,natural_gas_fired_combustion_turbine
22,49,0.0,natural_gas_steam_turbine
123,49,0.0,natural_gas_steam_turbine
62,49,0.0,natural_gas_steam_turbine
49,49,0.0,natural_gas_steam_turbine
48,49,0.0,natural_gas_steam_turbine
21,49,0.0,natural_gas_steam_turbine
79,49,0.0,nuclear
10,49,269.80478,onshore_wind_turbine
23,49,7887.7722,onshore_wind_turbine
31,49,1256.27978,onshore_wind_turbine
38,49,774.8202,onshore_wind_turbine
50,49,2557.4114999999997,onshore_wind_turbine
63,49,288.04299997759995,onshore_wind_turbine
80,49,3638.2877999999996,onshore_wind_turbine
94,49,8308.1502,onshore_wind_turbine
105,49,1920.9713591250002,onshore_wind_turbine
124,49,23228.504248226203,onshore_wind_turbine
136,49,554.94831,onshore_wind_turbine
144,49,1818.9063899999996,onshore_wind_turbine
11,49,0.0,small_hydroelectric
24,49,0.0,small_hydroelectric
32,49,175.70428909261318,small_hydroelectric
39,49,52.9,small_hydroelectric
51,49,25.641,small_hydroelectric
64,49,0.0,small_hydroelectric
81,49,241.672,small_hydroelectric
95,49,418.922,small_hydroelectric
106,49,31.614,small_hydroelectric
125,49,0.0,small_hydroelectric
137,49,0.0,small_hydroelectric
145,49,0.0,small_hydroelectric
12,49,0.0,solar_photovoltaic
25,49,0.0,solar_photovoltaic
33,49,0.0,solar_photovoltaic
52,49,0.0,solar_photovoltaic
65,49,0.0,solar_photovoltaic
82,49,0.0,solar_photovoltaic
96,49,0.0,solar_photovoltaic
107,49,0.0,solar_photovoltaic
126,49,0.0,solar_photovoltaic
138,49,0.0,solar_photovoltaic
26,50,0.0,biomass
13,50,0.0,biomass
108,50,0.0,biomass
40,50,0.0,biomass
97,50,0.0,biomass
1,50,0.0,biomass
66,50,0.0,biomass
2,50,641.4543575999999,conventional_hydroelectric
14,50,120.4704644,conventional_hydroelectric
27,50,758.8852776000001,conventional_hydroelectric
35,50,676.3544127999999,conventional_hydroelectric
54,50,776.4325470000001,conventional_hydroelectric
67,50,752.4327402890999,conventional_hydroelectric
84,50,11388.956636152105,conventional_hydroelectric
109,50,0.0,conventional_hydroelectric
128,50,68.81094,conventional_hydroelectric
139,50,110.83520639999998,conventional_hydroelectric
110,50,0.0,conventional_steam_coal
41,50,0.0,conventional_steam_coal
3,50,0.0,conventional_steam_coal
36,50,0.0,conventional_steam_coal
85,50,0.0,conventional_steam_coal
28,50,0.0,geothermal
116,50,0.0,natural_gas_fired_combined_cycle
73,50,0.0,natural_gas_fired_combined_cycle
71,50,0.0,natural_gas_fired_combined_cycle
44,50,0.0,natural_gas_fired_combined_cycle
115,50,0.0,natural_gas_fired_combined_cycle
70,50,0.0,natural_gas_fired_combined_cycle
131,50,0.0,natural_gas_fired_combined_cycle
18,50,0.0,natural_gas_fired_combined_cycle
72,50,0.0,natural_gas_fired_combined_cycle
114,50,0.0,natural_gas_fired_combined_cycle
45,50,0.0,natural_gas_fired_combined_cycle
78,50,0.0,natural_gas_fired_combustion_turbine
75,50,0.0,natural_gas_fired_combustion_turbine
119,50,0.0,natural_gas_fired_combustion_turbine
117,50,0.0,natural_gas_fired_combustion_turbine
134,50,0.0,natural_gas_fired_combustion_turbine
103,50,0.0,natural_gas_fired_combustion_turbine
47,50,0.0,natural_gas_fired_combustion_turbine
8,50,0.0,natural_gas_fired_combustion_turbine
90,50,0.0,natural_gas_fired_combustion_turbine
60,50,0.0,natural_gas_fired_combustion_turbine
46,50,0.0,natural_gas_fired_combustion_turbine
37,50,0.0,natural_gas_fired_combustion_turbine
7,50,0.0,natural_gas_fired_combustion_turbine
133,50,0.0,natural_gas_fired_combustion_turbine
74,50,0.0,natural_gas_fired_combustion_turbine
20,50,0.0,natural_gas_fired_combustion_turbine
135,50,0.0,natural_gas_fired_combustion_turbine
142,50,0.0,natural_gas_fired_combustion_turbine
121,50,0.0,natural_gas_fired_combustion_turbine
91,50,0.0,natural_gas_fired_combustion_turbine
22,50,0.0,natural_gas_steam_turbine
123,50,0.0,natural_gas_steam_turbine
62,50,0.0,natural_gas_steam_turbine
49,50,0.0,natural_gas_steam_turbine
48,50,0.0,natural_gas_steam_turbine
21,50,0.0,natural_gas_steam_turbine
79,50,0.0,nuclear
10,50,0.0,onshore_wind_turbine
23,50,8638.7224,onshore_wind_turbine
31,50,0.0,onshore_wind_turbine
38,50,864.5721,onshore_wind_turbine
50,50,2648.8686,onshore_wind_turbine
63,50,0.0,onshore_wind_turbine
80,50,3629.9239199999997,onshore_wind_turbine
94,50,8190.4606,onshore_wind_turbine
105,50,2240.9497603709997,onshore_wind_turbine
124,50,22411.099958863004,onshore_wind_turbine
136,50,299.5101900000001,onshore_wind_turbine
144,50,1613.8235085247873,onshore_wind_turbine
11,50,0.0,small_hydroelectric
24,50,0.0,small_hydroelectric
32,50,192.0,small_hydroelectric
39,50,0.0,small_hydroelectric
51,50,0.0,small_hydroelectric
64,50,6.128,small_hydroelectric
81,50,241.672,small_hydroelectric
95,50,418.922,small_hydroelectric
106,50,31.614,small_hydroelectric
125,50,100.697,small_hydroelectric
137,50,36.822,small_hydroelectric
145,50,33.21,small_hydroelectric
12,50,0.0,solar_photovoltaic
25,50,0.0,solar_photovoltaic
33,50,0.0,solar_photovoltaic
52,50,0.0,solar_photovoltaic
65,50,0.0,solar_photovoltaic
82,50,0.0,solar_photovoltaic
96,50,0.0,solar_photovoltaic
107,50,0.0,solar_photovoltaic
126,50,0.0,solar_photovoltaic
138,50,0.0,solar_photovoltaic
26,51,0.0,biomass
13,51,0.0,biomass
108,51,0.0,biomass
40,51,0.0,biomass
97,51,0.0,biomass
1,51,0.0,biomass
66,51,0.0,biomass
2,51,870.7425215999999,conventional_hydroelectric
14,51,120.893828,conventional_hydroelectric
27,51,876.0059136000001,conventional_hydroelectric
35,51,883.6565407999999,conventional_hydroelectric
54,51,862.7028300000002,conventional_hydroelectric
67,51,1356.1753212890999,conventional_hydroelectric
84,51,13800.353810152104,conventional_hydroelectric
109,51,115.8846,conventional_hydroelectric
128,51,68.79576,conventional_hydroelectric
139,51,111.65034239999999,conventional_hydroelectric
110,51,0.0,conventional_steam_coal
41,51,0.0,conventional_steam_coal
3,51,0.0,conventional_steam_coal
36,51,0.0,conventional_steam_coal
85,51,0.0,conventional_steam_coal
28,51,74.364,geothermal
116,51,0.0,natural_gas_fired_combined_cycle
73,51,0.0,natural_gas_fired_combined_cycle
71,51,0.0,natural_gas_fired_combined_cycle
44,51,0.0,natural_gas_fired_combined_cycle
115,51,0.0,natural_gas_fired_combined_cycle
70,51,0.0,natural_gas_fired_combined_cycle
131,51,0.0,natural_gas_fired_combined_cycle
18,51,0.0,natural_gas_fired_combined_cycle
72,51,0.0,natural_gas_fired_combined_cycle
114,51,0.0,natural_gas_fired_combined_cycle
45,51,0.0,natural_gas_fired_combined_cycle
78,51,0.0,natural_gas_fired_combustion_turbine
75,51,0.0,natural_gas_fired_combustion_turbine
119,51,0.0,natural_gas_fired_combustion_turbine
117,51,0.0,natural_gas_fired_combustion_turbine
134,51,0.0,natural_gas_fired_combustion_turbine
103,51,0.0,natural_gas_fired_combustion_turbine
47,51,0.0,natural_gas_fired_combustion_turbine
8,51,0.0,natural_gas_fired_combustion_turbine
90,51,0.0,natural_gas_fired_combustion_turbine
60,51,0.0,natural_gas_fired_combustion_turbine
46,51,0.0,natural_gas_fired_combustion_turbine
37,51,0.0,natural_gas_fired_combustion_turbine
7,51,0.0,natural_gas_fired_combustion_turbine
133,51,0.0,natural_gas_fired_combustion_turbine
74,51,0.0,natural_gas_fired_combustion_turbine
20,51,0.0,natural_gas_fired_combustion_turbine
135,51,0.0,natural_gas_fired_combustion_turbine
142,51,0.0,natural_gas_fired_combustion_turbine
121,51,0.0,natural_gas_fired_combustion_turbine
91,51,0.0,natural_gas_fired_combustion_turbine
22,51,0.0,natural_gas_steam_turbine
123,51,0.0,natural_gas_steam_turbine
62,51,0.0,natural_gas_steam_turbine
49,51,0.0,natural_gas_steam_turbine
48,51,0.0,natural_gas_steam_turbine
21,51,0.0,natural_gas_steam_turbine
79,51,0.0,nuclear
10,51,383.6343,onshore_wind_turbine
23,51,6831.2244,onshore_wind_turbine
31,51,862.05966,onshore_wind_turbine
38,51,934.4422500000001,onshore_wind_turbine
50,51,1953.1171799999997,onshore_wind_turbine
63,51,276.4039599664,onshore_wind_turbine
80,51,4544.3748,onshore_wind_turbine
94,51,7156.998799999999,onshore_wind_turbine
105,51,2395.7971801470003,onshore_wind_turbine
124,51,18567.520232045405,onshore_wind_turbine
136,51,311.20278,onshore_wind_turbine
144,51,1035.9764099999998,onshore_wind_turbine
11,51,19.125,small_hydroelectric
24,51,62.577,small_hydroelectric
32,51,192.0,small_hydroelectric
39,51,52.9,small_hydroelectric
51,51,25.641,small_hydroelectric
64,51,6.128,small_hydroelectric
81,51,241.672,small_hydroelectric
95,51,418.922,small_hydroelectric
106,51,31.614,small_hydroelectric
125,51,100.697,small_hydroelectric
137,51,36.822,small_hydroelectric
145,51,33.21,small_hydroelectric
12,51,0.0,solar_photovoltaic
25,51,0.0,solar_photovoltaic
33,51,0.0,solar_photovoltaic
52,51,0.0,solar_photovoltaic
65,51,0.0,solar_photovoltaic
82,51,0.0,solar_photovoltaic
96,51,0.0,solar_photovoltaic
107,51,0.0,solar_photovoltaic
126,51,0.0,solar_photovoltaic
138,51,0.0,solar_photovoltaic
26,52,0.0,biomass
13,52,0.0,biomass
108,52,0.0,biomass
40,52,0.0,biomass
97,52,0.0,biomass
1,52,0.0,biomass
66,52,0.0,biomass
2,52,641.4543575999999,conventional_hydroelectric
14,52,121.03494919999999,conventional_hydroelectric
27,52,876.0059136000001,conventional_hydroelectric
35,52,1036.51064,conventional_hydroelectric
54,52,789.5289995999999,conventional_hydroelectric
67,52,1959.9179022890999,conventional_hydroelectric
84,52,12472.428952850894,conventional_hydroelectric
109,52,163.58307554159998,conventional_hydroelectric
128,52,68.79576,conventional_hydroelectric
139,52,111.8133696,conventional_hydroelectric
110,52,0.0,conventional_steam_coal
41,52,0.0,conventional_steam_coal
3,52,0.0,conventional_steam_coal
36,52,0.0,conventional_steam_coal
85,52,0.0,conventional_steam_coal
28,52,74.364,geothermal
116,52,0.0,natural_gas_fired_combined_cycle
73,52,0.0,natural_gas_fired_combined_cycle
71,52,0.0,natural_gas_fired_combined_cycle
44,52,0.0,natural_gas_fired_combined_cycle
115,52,0.0,natural_gas_fired_combined_cycle
70,52,0.0,natural_gas_fired_combined_cycle
131,52,0.0,natural_gas_fired_combined_cycle
18,52,0.0,natural_gas_fired_combined_cycle
72,52,0.0,natural_gas_fired_combined_cycle
114,52,0.0,natural_gas_fired_combined_cycle
45,52,0.0,natural_gas_fired_combined_cycle
78,52,0.0,natural_gas_fired_combustion_turbine
75,52,0.0,natural_gas_fired_combustion_turbine
119,52,0.0,natural_gas_fired_combustion_turbine
117,52,0.0,natural_gas_fired_combustion_turbine
134,52,0.0,natural_gas_fired_combustion_turbine
103,52,0.0,natural_gas_fired_combustion_turbine
47,52,0.0,natural_gas_fired_combustion_turbine
8,52,0.0,natural_gas_fired_combustion_turbine
90,52,0.0,natural_gas_fired_combustion_turbine
60,52,0.0,natural_gas_fired_combustion_turbine
46,52,0.0,natural_gas_fired_combustion_turbine
37,52,0.0,natural_gas_fired_combustion_turbine
7,52,0.0,natural_gas_fired_combustion_turbine
133,52,0.0,natural_gas_fired_combustion_turbine
74,52,0.0,natural_gas_fired_combustion_turbine
20,52,0.0,natural_gas_fired_combustion_turbine
135,52,0.0,natural_gas_fired_combustion_turbine
142,52,0.0,natural_gas_fired_combustion_turbine
121,52,0.0,natural_gas_fired_combustion_turbine
91,52,0.0,natural_gas_fired_combustion_turbine
22,52,0.0,natural_gas_steam_turbine
123,52,0.0,natural_gas_steam_turbine
62,52,0.0,natural_gas_steam_turbine
49,52,0.0,natural_gas_steam_turbine
48,52,0.0,natural_gas_steam_turbine
21,52,0.0,natural_gas_steam_turbine
79,52,0.0,nuclear
10,52,448.11368000000004,onshore_wind_turbine
23,52,6044.8696,onshore_wind_turbine
31,52,655.45032,onshore_wind_turbine
38,52,1390.5864,onshore_wind_turbine
50,52,2110.9653599999997,onshore_wind_turbine
63,52,322.159879664,onshore_wind_turbine
80,52,3248.90272,onshore_wind_turbine
94,52,5707.9456,onshore_wind_turbine
105,52,2160.784360392,onshore_wind_turbine
124,52,21453.627149662403,onshore_wind_turbine
136,52,298.61076,onshore_wind_turbine
144,52,1667.51109,onshore_wind_turbine
11,52,19.125,small_hydroelectric
24,52,62.577,small_hydroelectric
32,52,192.0,small_hydroelectric
39,52,52.9,small_hydroelectric
51,52,25.641,small_hydroelectric
64,52,6.128,small_hydroelectric
81,52,241.672,small_hydroelectric
95,52,418.922,small_hydroelectric
106,52,31.614,small_hydroelectric
125,52,100.697,small_hydroelectric
137,52,36.822,small_hydroelectric
145,52,33.21,small_hydroelectric
12,52,0.0,solar_photovoltaic
25,52,0.0,solar_photovoltaic
33,52,0.0,solar_photovoltaic
52,52,0.0,solar_photovoltaic
65,52,0.0,solar_photovoltaic
82,52,0.0,solar_photovoltaic
96,52,0.0,solar_photovoltaic
107,52,0.0,solar_photovoltaic
126,52,0.0,solar_photovoltaic
138,52,0.0,solar_photovoltaic
26,53,0.0,biomass
13,53,0.0,biomass
108,53,0.0,biomass
40,53,0.0,biomass
97,53,0.0,biomass
1,53,0.0,biomass
66,53,0.0,biomass
2,53,870.4662708,conventional_hydroelectric
14,53,121.1760704,conventional_hydroelectric
27,53,876.1470228000001,conventional_hydroelectric
35,53,1243.812768,conventional_hydroelectric
54,53,875.7992826,conventional_hydroelectric
67,53,2563.6604832891,conventional_hydroelectric
84,53,10502.892454505296,conventional_hydroelectric
109,53,279.4676755416,conventional_hydroelectric
128,53,68.78058,conventional_hydroelectric
139,53,111.97639679999999,conventional_hydroelectric
110,53,0.0,conventional_steam_coal
41,53,0.0,conventional_steam_coal
3,53,0.0,conventional_steam_coal
36,53,0.0,conventional_steam_coal
85,53,0.0,conventional_steam_coal
28,53,74.364,geothermal
116,53,0.0,natural_gas_fired_combined_cycle
73,53,0.0,natural_gas_fired_combined_cycle
71,53,0.0,natural_gas_fired_combined_cycle
44,53,0.0,natural_gas_fired_combined_cycle
115,53,0.0,natural_gas_fired_combined_cycle
70,53,0.0,natural_gas_fired_combined_cycle
131,53,0.0,natural_gas_fired_combined_cycle
18,53,0.0,natural_gas_fired_combined_cycle
72,53,0.0,natural_gas_fired_combined_cycle
114,53,0.0,natural_gas_fired_combined_cycle
45,53,0.0,natural_gas_fired_combined_cycle
78,53,0.0,natural_gas_fired_combustion_turbine
75,53,0.0,natural_gas_fired_combustion_turbine
119,53,0.0,natural_gas_fired_combustion_turbine
117,53,0.0,natural_gas_fired_combustion_turbine
134,53,0.0,natural_gas_fired_combustion_turbine
103,53,0.0,natural_gas_fired_combustion_turbine
47,53,0.0,natural_gas_fired_combustion_turbine
8,53,0.0,natural_gas_fired_combustion_turbine
90,53,0.0,natural_gas_fired_combustion_turbine
60,53,0.0,natural_gas_fired_combustion_turbine
46,53,0.0,natural_gas_fired_combustion_turbine
37,53,0.0,natural_gas_fired_combustion_turbine
7,53,0.0,natural_gas_fired_combustion_turbine
133,53,0.0,natural_gas_fired_combustion_turbine
74,53,0.0,natural_gas_fired_combustion_turbine
20,53,0.0,natural_gas_fired_combustion_turbine
135,53,0.0,natural_gas_fired_combustion_turbine
142,53,0.0,natural_gas_fired_combustion_turbine
121,53,0.0,natural_gas_fired_combustion_turbine
91,53,0.0,natural_gas_fired_combustion_turbine
22,53,0.0,natural_gas_steam_turbine
123,53,0.0,natural_gas_steam_turbine
62,53,0.0,natural_gas_steam_turbine
49,53,0.0,natural_gas_steam_turbine
48,53,0.0,natural_gas_steam_turbine
21,53,0.0,natural_gas_steam_turbine
79,53,0.0,nuclear
10,53,312.13063000000005,onshore_wind_turbine
23,53,3497.6018,onshore_wind_turbine
31,53,588.95536,onshore_wind_turbine
38,53,1722.3276,onshore_wind_turbine
50,53,1871.8219799999997,onshore_wind_turbine
63,53,444.6814400056,onshore_wind_turbine
80,53,3024.00728,onshore_wind_turbine
94,53,4634.028,onshore_wind_turbine
105,53,2096.935818558,onshore_wind_turbine
124,53,21622.4988737604,onshore_wind_turbine
136,53,160.09854,onshore_wind_turbine
144,53,1706.4413099999997,onshore_wind_turbine
11,53,19.125,small_hydroelectric
24,53,62.577,small_hydroelectric
32,53,192.0,small_hydroelectric
39,53,52.9,small_hydroelectric
51,53,25.641,small_hydroelectric
64,53,6.128,small_hydroelectric
81,53,241.672,small_hydroelectric
95,53,418.922,small_hydroelectric
106,53,31.614,small_hydroelectric
125,53,100.697,small_hydroelectric
137,53,36.822,small_hydroelectric
145,53,33.21,small_hydroelectric
12,53,0.0,solar_photovoltaic
25,53,0.0,solar_photovoltaic
33,53,0.0,solar_photovoltaic
52,53,0.0,solar_photovoltaic
65,53,0.0,solar_photovoltaic
82,53,0.0,solar_photovoltaic
96,53,0.0,solar_photovoltaic
107,53,0.0,solar_photovoltaic
126,53,0.0,solar_photovoltaic
138,53,0.0,solar_photovoltaic
26,54,0.0,biomass
13,54,0.0,biomass
108,54,0.0,biomass
40,54,0.0,biomass
97,54,0.0,biomass
1,54,0.0,biomass
66,54,0.0,biomass
2,54,641.1781068,conventional_hydroelectric
14,54,117.130596,conventional_hydroelectric
27,54,759.0263868000001,conventional_hydroelectric
35,54,1036.51064,conventional_hydroelectric
54,54,789.5289995999999,conventional_hydroelectric
67,54,1959.9179022890999,conventional_hydroelectric
84,54,8091.495280505295,conventional_hydroelectric
109,54,163.58307554159998,conventional_hydroelectric
128,54,68.78058,conventional_hydroelectric
139,54,92.64602879999998,conventional_hydroelectric
110,54,0.0,conventional_steam_coal
41,54,0.0,conventional_steam_coal
3,54,0.0,conventional_steam_coal
36,54,0.0,conventional_steam_coal
85,54,0.0,conventional_steam_coal
28,54,74.364,geothermal
116,54,0.0,natural_gas_fired_combined_cycle
73,54,0.0,natural_gas_fired_combined_cycle
71,54,0.0,natural_gas_fired_combined_cycle
44,54,0.0,natural_gas_fired_combined_cycle
115,54,0.0,natural_gas_fired_combined_cycle
70,54,0.0,natural_gas_fired_combined_cycle
131,54,0.0,natural_gas_fired_combined_cycle
18,54,0.0,natural_gas_fired_combined_cycle
72,54,0.0,natural_gas_fired_combined_cycle
114,54,0.0,natural_gas_fired_combined_cycle
45,54,0.0,natural_gas_fired_combined_cycle
78,54,0.0,natural_gas_fired_combustion_turbine
75,54,0.0,natural_gas_fired_combustion_turbine
119,54,0.0,natural_gas_fired_combustion_turbine
117,54,0.0,natural_gas_fired_combustion_turbine
134,54,0.0,natural_gas_fired_combustion_turbine
103,54,0.0,natural_gas_fired_combustion_turbine
47,54,0.0,natural_gas_fired_combustion_turbine
8,54,0.0,natural_gas_fired_combustion_turbine
90,54,0.0,natural_gas_fired_combustion_turbine
60,54,0.0,natural_gas_fired_combustion_turbine
46,54,0.0,natural_gas_fired_combustion_turbine
37,54,0.0,natural_gas_fired_combustion_turbine
7,54,0.0,natural_gas_fired_combustion_turbine
133,54,0.0,natural_gas_fired_combustion_turbine
74,54,0.0,natural_gas_fired_combustion_turbine
20,54,0.0,natural_gas_fired_combustion_turbine
135,54,0.0,natural_gas_fired_combustion_turbine
142,54,0.0,natural_gas_fired_combustion_turbine
121,54,0.0,natural_gas_fired_combustion_turbine
91,54,0.0,natural_gas_fired_combustion_turbine
22,54,0.0,natural_gas_steam_turbine
123,54,0.0,natural_gas_steam_turbine
62,54,0.0,natural_gas_steam_turbine
49,54,0.0,natural_gas_steam_turbine
48,54,0.0,natural_gas_steam_turbine
21,54,0.0,natural_gas_steam_turbine
79,54,0.0,nuclear
10,54,273.7672,onshore_wind_turbine
23,54,2837.9582,onshore_wind_turbine
31,54,664.9496,onshore_wind_turbine
38,54,1690.5167999999999,onshore_wind_turbine
50,54,1564.9325999999999,onshore_wind_turbine
63,54,450.1355603696,onshore_wind_turbine
80,54,2946.8737199999996,onshore_wind_turbine
94,54,4781.14,onshore_wind_turbine
105,54,1954.191678915,onshore_wind_turbine
124,54,23099.232803369803,onshore_wind_turbine
136,54,282.42102,onshore_wind_turbine
144,54,2314.1852999999996,onshore_wind_turbine
11,54,19.125,small_hydroelectric
24,54,62.577,small_hydroelectric
32,54,192.0,small_hydroelectric
39,54,52.9,small_hydroelectric
51,54,25.641,small_hydroelectric
64,54,6.128,small_hydroelectric
81,54,241.672,small_hydroelectric
95,54,418.922,small_hydroelectric
106,54,31.614,small_hydroelectric
125,54,100.697,small_hydroelectric
137,54,36.822,small_hydroelectric
145,54,33.21,small_hydroelectric
12,54,1649.7532800000001,solar_photovoltaic
25,54,1237.18826,solar_photovoltaic
33,54,310.37615,solar_photovoltaic
52,54,1749.3765799999999,solar_photovoltaic
65,54,1958.6314341146,solar_photovoltaic
82,54,0.0,solar_photovoltaic
96,54,22.039499999999997,solar_photovoltaic
107,54,376.645226895,solar_photovoltaic
126,54,0.0,solar_photovoltaic
138,54,1011.8477599999999,solar_photovoltaic
26,55,0.0,biomass
13,55,0.0,biomass
108,55,0.0,biomass
40,55,0.0,biomass
97,55,0.0,biomass
1,55,0.0,biomass
66,55,0.0,biomass
2,55,411.88994280000003,conventional_hydroelectric
14,55,78.087064,conventional_hydroelectric
27,55,641.9057508000001,conventional_hydroelectric
35,55,829.208512,conventional_hydroelectric
54,55,703.2587165999998,conventional_hydroelectric
67,55,1356.1753212890999,conventional_hydroelectric
84,55,5680.098106505295,conventional_hydroelectric
109,55,47.698475541599976,conventional_hydroelectric
128,55,56.18118,conventional_hydroelectric
139,55,73.31566079999999,conventional_hydroelectric
110,55,0.0,conventional_steam_coal
41,55,0.0,conventional_steam_coal
3,55,0.0,conventional_steam_coal
36,55,0.0,conventional_steam_coal
85,55,0.0,conventional_steam_coal
28,55,0.0,geothermal
116,55,0.0,natural_gas_fired_combined_cycle
73,55,0.0,natural_gas_fired_combined_cycle
71,55,0.0,natural_gas_fired_combined_cycle
44,55,0.0,natural_gas_fired_combined_cycle
115,55,0.0,natural_gas_fired_combined_cycle
70,55,0.0,natural_gas_fired_combined_cycle
131,55,0.0,natural_gas_fired_combined_cycle
18,55,0.0,natural_gas_fired_combined_cycle
72,55,0.0,natural_gas_fired_combined_cycle
114,55,0.0,natural_gas_fired_combined_cycle
45,55,0.0,natural_gas_fired_combined_cycle
78,55,0.0,natural_gas_fired_combustion_turbine
75,55,0.0,natural_gas_fired_combustion_turbine
119,55,0.0,natural_gas_fired_combustion_turbine
117,55,0.0,natural_gas_fired_combustion_turbine
134,55,0.0,natural_gas_fired_combustion_turbine
103,55,0.0,natural_gas_fired_combustion_turbine
47,55,0.0,natural_gas_fired_combustion_turbine
8,55,0.0,natural_gas_fired_combustion_turbine
90,55,0.0,natural_gas_fired_combustion_turbine
60,55,0.0,natural_gas_fired_combustion_turbine
46,55,0.0,natural_gas_fired_combustion_turbine
37,55,0.0,natural_gas_fired_combustion_turbine
7,55,0.0,natural_gas_fired_combustion_turbine
133,55,0.0,natural_gas_fired_combustion_turbine
74,55,0.0,natural_gas_fired_combustion_turbine
20,55,0.0,natural_gas_fired_combustion_turbine
135,55,0.0,natural_gas_fired_combustion_turbine
142,55,0.0,natural_gas_fired_combustion_turbine
121,55,0.0,natural_gas_fired_combustion_turbine
91,55,0.0,natural_gas_fired_combustion_turbine
22,55,0.0,natural_gas_steam_turbine
123,55,0.0,natural_gas_steam_turbine
62,55,0.0,natural_gas_steam_turbine
49,55,0.0,natural_gas_steam_turbine
48,55,0.0,natural_gas_steam_turbine
21,55,0.0,natural_gas_steam_turbine
79,55,0.0,nuclear
10,55,0.0,onshore_wind_turbine
23,55,0.0,onshore_wind_turbine
31,55,598.45464,onshore_wind_turbine
38,55,2246.6377500000003,onshore_wind_turbine
50,55,909.8287799999999,onshore_wind_turbine
63,55,257.324760252,onshore_wind_turbine
80,55,1693.6763322651987,onshore_wind_turbine
94,55,0.0,onshore_wind_turbine
105,55,0.0,onshore_wind_turbine
124,55,22762.113415718602,onshore_wind_turbine
136,55,0.0,onshore_wind_turbine
144,55,0.0,onshore_wind_turbine
11,55,0.0,small_hydroelectric
24,55,0.0,small_hydroelectric
32,55,0.0,small_hydroelectric
39,55,0.0,small_hydroelectric
51,55,0.0,small_hydroelectric
64,55,0.0,small_hydroelectric
81,55,0.0,small_hydroelectric
95,55,0.0,small_hydroelectric
106,55,0.0,small_hydroelectric
125,55,0.0,small_hydroelectric
137,55,0.0,small_hydroelectric
145,55,0.0,small_hydroelectric
12,55,0.0,solar_photovoltaic
25,55,0.0,solar_photovoltaic
33,55,0.0,solar_photovoltaic
52,55,0.0,solar_photovoltaic
65,55,7480.0198159582,solar_photovoltaic
82,55,0.0,solar_photovoltaic
96,55,0.0,solar_photovoltaic
107,55,6866.287465408,solar_photovoltaic
126,55,13048.625400062001,solar_photovoltaic
138,55,2196.75071,solar_photovoltaic
26,56,0.0,biomass
13,56,0.0,biomass
108,56,0.0,biomass
40,56,0.0,biomass
97,56,0.0,biomass
1,56,0.0,biomass
66,56,0.0,biomass
2,56,182.60177880000003,conventional_hydroelectric
14,56,39.043532,conventional_hydroelectric
27,56,524.7851148000001,conventional_hydroelectric
35,56,621.906384,conventional_hydroelectric
54,56,616.9884335999998,conventional_hydroelectric
67,56,752.4327402890999,conventional_hydroelectric
84,56,3268.7009325052945,conventional_hydroelectric
109,56,0.0,conventional_hydroelectric
128,56,43.581779999999995,conventional_hydroelectric
139,56,53.98529279999999,conventional_hydroelectric
110,56,0.0,conventional_steam_coal
41,56,0.0,conventional_steam_coal
3,56,0.0,conventional_steam_coal
36,56,0.0,conventional_steam_coal
85,56,0.0,conventional_steam_coal
28,56,0.0,geothermal
116,56,0.0,natural_gas_fired_combined_cycle
73,56,0.0,natural_gas_fired_combined_cycle
71,56,0.0,natural_gas_fired_combined_cycle
44,56,0.0,natural_gas_fired_combined_cycle
115,56,0.0,natural_gas_fired_combined_cycle
70,56,0.0,natural_gas_fired_combined_cycle
131,56,0.0,natural_gas_fired_combined_cycle
18,56,0.0,natural_gas_fired_combined_cycle
72,56,0.0,natural_gas_fired_combined_cycle
114,56,0.0,natural_gas_fired_combined_cycle
45,56,0.0,natural_gas_fired_combined_cycle
78,56,0.0,natural_gas_fired_combustion_turbine
75,56,0.0,natural_gas_fired_combustion_turbine
119,56,0.0,natural_gas_fired_combustion_turbine
117,56,0.0,natural_gas_fired_combustion_turbine
134,56,0.0,natural_gas_fired_combustion_turbine
103,56,0.0,natural_gas_fired_combustion_turbine
47,56,0.0,natural_gas_fired_combustion_turbine
8,56,0.0,natural_gas_fired_combustion_turbine
90,56,0.0,natural_gas_fired_combustion_turbine
60,56,0.0,natural_gas_fired_combustion_turbine
46,56,0.0,natural_gas_fired_combustion_turbine
37,56,0.0,natural_gas_fired_combustion_turbine
7,56,0.0,natural_gas_fired_combustion_turbine
133,56,0.0,natural_gas_fired_combustion_turbine
74,56,0.0,natural_gas_fired_combustion_turbine
20,56,0.0,natural_gas_fired_combustion_turbine
135,56,0.0,natural_gas_fired_combustion_turbine
142,56,0.0,natural_gas_fired_combustion_turbine
121,56,0.0,natural_gas_fired_combustion_turbine
91,56,0.0,natural_gas_fired_combustion_turbine
22,56,0.0,natural_gas_steam_turbine
123,56,0.0,natural_gas_steam_turbine
62,56,0.0,natural_gas_steam_turbine
49,56,0.0,natural_gas_steam_turbine
48,56,0.0,natural_gas_steam_turbine
21,56,0.0,natural_gas_steam_turbine
79,56,0.0,nuclear
10,56,0.0,onshore_wind_turbine
23,56,0.0,onshore_wind_turbine
31,56,0.0,onshore_wind_turbine
38,56,0.0,onshore_wind_turbine
50,56,0.0,onshore_wind_turbine
63,56,0.0,onshore_wind_turbine
80,56,0.0,onshore_wind_turbine
94,56,0.0,onshore_wind_turbine
105,56,0.0,onshore_wind_turbine
124,56,0.0,onshore_wind_turbine
136,56,0.0,onshore_wind_turbine
144,56,0.0,onshore_wind_turbine
11,56,0.0,small_hydroelectric
24,56,0.0,small_hydroelectric
32,56,0.0,small_hydroelectric
39,56,0.0,small_hydroelectric
51,56,0.0,small_hydroelectric
64,56,0.0,small_hydroelectric
81,56,0.0,small_hydroelectric
95,56,149.08252313081357,small_hydroelectric
106,56,0.0,small_hydroelectric
125,56,0.0,small_hydroelectric
137,56,0.0,small_hydroelectric
145,56,0.0,small_hydroelectric
12,56,0.0,solar_photovoltaic
25,56,2543.1299599999998,solar_photovoltaic
33,56,0.0,solar_photovoltaic
52,56,4359.272260000001,solar_photovoltaic
65,56,12232.6303334543,solar_photovoltaic
82,56,9483.66517,solar_photovoltaic
96,56,664.27053,solar_photovoltaic
107,56,11087.774033465499,solar_photovoltaic
126,56,21749.099051155,solar_photovoltaic
138,56,3033.7168399999996,solar_photovoltaic
26,57,0.0,biomass
13,57,0.0,biomass
108,57,0.0,biomass
40,57,0.0,biomass
97,57,0.0,biomass
1,57,0.0,biomass
66,57,0.0,biomass
2,57,0.0,conventional_hydroelectric
14,57,0.0,conventional_hydroelectric
27,57,407.6644788000001,conventional_hydroelectric
35,57,414.604256,conventional_hydroelectric
54,57,530.7181505999997,conventional_hydroelectric
67,57,148.69015928909994,conventional_hydroelectric
84,57,857.3037585052944,conventional_hydroelectric
109,57,0.0,conventional_hydroelectric
128,57,30.982379999999992,conventional_hydroelectric
139,57,34.65492479999999,conventional_hydroelectric
110,57,0.0,conventional_steam_coal
41,57,0.0,conventional_steam_coal
3,57,0.0,conventional_steam_coal
36,57,0.0,conventional_steam_coal
85,57,0.0,conventional_steam_coal
28,57,0.0,geothermal
116,57,0.0,natural_gas_fired_combined_cycle
73,57,0.0,natural_gas_fired_combined_cycle
71,57,0.0,natural_gas_fired_combined_cycle
44,57,0.0,natural_gas_fired_combined_cycle
115,57,0.0,natural_gas_fired_combined_cycle
70,57,0.0,natural_gas_fired_combined_cycle
131,57,0.0,natural_gas_fired_combined_cycle
18,57,0.0,natural_gas_fired_combined_cycle
72,57,0.0,natural_gas_fired_combined_cycle
114,57,0.0,natural_gas_fired_combined_cycle
45,57,0.0,natural_gas_fired_combined_cycle
78,57,0.0,natural_gas_fired_combustion_turbine
75,57,0.0,natural_gas_fired_combustion_turbine
119,57,0.0,natural_gas_fired_combustion_turbine
117,57,0.0,natural_gas_fired_combustion_turbine
134,57,0.0,natural_gas_fired_combustion_turbine
103,57,0.0,natural_gas_fired_combustion_turbine
47,57,0.0,natural_gas_fired_combustion_turbine
8,57,0.0,natural_gas_fired_combustion_turbine
90,57,0.0,natural_gas_fired_combustion_turbine
60,57,0.0,natural_gas_fired_combustion_turbine
46,57,0.0,natural_gas_fired_combustion_turbine
37,57,0.0,natural_gas_fired_combustion_turbine
7,57,0.0,natural_gas_fired_combustion_turbine
133,57,0.0,natural_gas_fired_combustion_turbine
74,57,0.0,natural_gas_fired_combustion_turbine
20,57,0.0,natural_gas_fired_combustion_turbine
135,57,0.0,natural_gas_fired_combustion_turbine
142,57,0.0,natural_gas_fired_combustion_turbine
121,57,0.0,natural_gas_fired_combustion_turbine
91,57,0.0,natural_gas_fired_combustion_turbine
22,57,0.0,natural_gas_steam_turbine
123,57,0.0,natural_gas_steam_turbine
62,57,0.0,natural_gas_steam_turbine
49,57,0.0,natural_gas_steam_turbine
48,57,0.0,natural_gas_steam_turbine
21,57,0.0,natural_gas_steam_turbine
79,57,0.0,nuclear
10,57,0.0,onshore_wind_turbine
23,57,0.0,onshore_wind_turbine
31,57,0.0,onshore_wind_turbine
38,57,0.0,onshore_wind_turbine
50,57,0.0,onshore_wind_turbine
63,57,0.0,onshore_wind_turbine
80,57,0.0,onshore_wind_turbine
94,57,0.0,onshore_wind_turbine
105,57,0.0,onshore_wind_turbine
124,57,0.0,onshore_wind_turbine
136,57,0.0,onshore_wind_turbine
144,57,0.0,onshore_wind_turbine
11,57,0.0,small_hydroelectric
24,57,0.0,small_hydroelectric
32,57,0.0,small_hydroelectric
39,57,0.0,small_hydroelectric
51,57,0.0,small_hydroelectric
64,57,0.0,small_hydroelectric
81,57,0.0,small_hydroelectric
95,57,0.0,small_hydroelectric
106,57,0.0,small_hydroelectric
125,57,0.0,small_hydroelectric
137,57,0.0,small_hydroelectric
145,57,0.0,small_hydroelectric
12,57,0.0,solar_photovoltaic
25,57,0.0,solar_photovoltaic
33,57,0.0,solar_photovoltaic
52,57,0.0,solar_photovoltaic
65,57,15508.420262452602,solar_photovoltaic
82,57,12312.571670000001,solar_photovoltaic
96,57,0.0,solar_photovoltaic
107,57,14079.148709811501,solar_photovoltaic
126,57,28209.9070483755,solar_photovoltaic
138,57,2738.2879613660025,solar_photovoltaic
26,58,0.0,biomass
13,58,0.0,biomass
108,58,0.0,biomass
40,58,0.0,biomass
97,58,0.0,biomass
1,58,0.0,biomass
66,58,0.0,biomass
2,58,0.0,conventional_hydroelectric
14,58,0.0,conventional_hydroelectric
27,58,290.5438428000001,conventional_hydroelectric
35,58,207.302128,conventional_hydroelectric
54,58,444.4478675999997,conventional_hydroelectric
67,58,0.0,conventional_hydroelectric
84,58,0.0,conventional_hydroelectric
109,58,0.0,conventional_hydroelectric
128,58,18.38297999999999,conventional_hydroelectric
139,58,15.32455679999999,conventional_hydroelectric
110,58,0.0,conventional_steam_coal
41,58,0.0,conventional_steam_coal
3,58,0.0,conventional_steam_coal
36,58,0.0,conventional_steam_coal
85,58,0.0,conventional_steam_coal
28,58,0.0,geothermal
116,58,0.0,natural_gas_fired_combined_cycle
73,58,0.0,natural_gas_fired_combined_cycle
71,58,0.0,natural_gas_fired_combined_cycle
44,58,0.0,natural_gas_fired_combined_cycle
115,58,0.0,natural_gas_fired_combined_cycle
70,58,0.0,natural_gas_fired_combined_cycle
131,58,0.0,natural_gas_fired_combined_cycle
18,58,0.0,natural_gas_fired_combined_cycle
72,58,0.0,natural_gas_fired_combined_cycle
114,58,0.0,natural_gas_fired_combined_cycle
45,58,0.0,natural_gas_fired_combined_cycle
78,58,0.0,natural_gas_fired_combustion_turbine
75,58,0.0,natural_gas_fired_combustion_turbine
119,58,0.0,natural_gas_fired_combustion_turbine
117,58,0.0,natural_gas_fired_combustion_turbine
134,58,0.0,natural_gas_fired_combustion_turbine
103,58,0.0,natural_gas_fired_combustion_turbine
47,58,0.0,natural_gas_fired_combustion_turbine
8,58,0.0,natural_gas_fired_combustion_turbine
90,58,0.0,natural_gas_fired_combustion_turbine
60,58,0.0,natural_gas_fired_combustion_turbine
46,58,0.0,natural_gas_fired_combustion_turbine
37,58,0.0,natural_gas_fired_combustion_turbine
7,58,0.0,natural_gas_fired_combustion_turbine
133,58,0.0,natural_gas_fired_combustion_turbine
74,58,0.0,natural_gas_fired_combustion_turbine
20,58,0.0,natural_gas_fired_combustion_turbine
135,58,0.0,natural_gas_fired_combustion_turbine
142,58,0.0,natural_gas_fired_combustion_turbine
121,58,0.0,natural_gas_fired_combustion_turbine
91,58,0.0,natural_gas_fired_combustion_turbine
22,58,0.0,natural_gas_steam_turbine
123,58,0.0,natural_gas_steam_turbine
62,58,0.0,natural_gas_steam_turbine
49,58,0.0,natural_gas_steam_turbine
48,58,0.0,natural_gas_steam_turbine
21,58,0.0,natural_gas_steam_turbine
79,58,0.0,nuclear
10,58,0.0,onshore_wind_turbine
23,58,0.0,onshore_wind_turbine
31,58,0.0,onshore_wind_turbine
38,58,171.62533761700053,onshore_wind_turbine
50,58,0.0,onshore_wind_turbine
63,58,0.0,onshore_wind_turbine
80,58,0.0,onshore_wind_turbine
94,58,0.0,onshore_wind_turbine
105,58,0.0,onshore_wind_turbine
124,58,0.0,onshore_wind_turbine
136,58,0.0,onshore_wind_turbine
144,58,0.0,onshore_wind_turbine
11,58,0.0,small_hydroelectric
24,58,0.0,small_hydroelectric
32,58,0.0,small_hydroelectric
39,58,0.0,small_hydroelectric
51,58,0.0,small_hydroelectric
64,58,0.0,small_hydroelectric
81,58,0.0,small_hydroelectric
95,58,0.0,small_hydroelectric
106,58,0.0,small_hydroelectric
125,58,0.0,small_hydroelectric
137,58,0.0,small_hydroelectric
145,58,0.0,small_hydroelectric
12,58,0.0,solar_photovoltaic
25,58,0.0,solar_photovoltaic
33,58,0.0,solar_photovoltaic
52,58,0.0,solar_photovoltaic
65,58,17280.2796556005,solar_photovoltaic
82,58,13432.428450000001,solar_photovoltaic
96,58,0.0,solar_photovoltaic
107,58,15392.7335904895,solar_photovoltaic
126,58,30854.549651093002,solar_photovoltaic
138,58,0.0,solar_photovoltaic
26,59,0.0,biomass
13,59,0.0,biomass
108,59,0.0,biomass
40,59,0.0,biomass
97,59,0.0,biomass
1,59,0.0,biomass
66,59,0.0,biomass
2,59,0.0,conventional_hydroelectric
14,59,0.0,conventional_hydroelectric
27,59,173.4232068000001,conventional_hydroelectric
35,59,0.0,conventional_hydroelectric
54,59,358.1775845999997,conventional_hydroelectric
67,59,0.0,conventional_hydroelectric
84,59,0.0,conventional_hydroelectric
109,59,0.0,conventional_hydroelectric
128,59,5.783579999999988,conventional_hydroelectric
139,59,0.0,conventional_hydroelectric
110,59,0.0,conventional_steam_coal
41,59,0.0,conventional_steam_coal
3,59,0.0,conventional_steam_coal
36,59,0.0,conventional_steam_coal
85,59,0.0,conventional_steam_coal
28,59,0.0,geothermal
116,59,0.0,natural_gas_fired_combined_cycle
73,59,0.0,natural_gas_fired_combined_cycle
71,59,0.0,natural_gas_fired_combined_cycle
44,59,0.0,natural_gas_fired_combined_cycle
115,59,0.0,natural_gas_fired_combined_cycle
70,59,0.0,natural_gas_fired_combined_cycle
131,59,0.0,natural_gas_fired_combined_cycle
18,59,0.0,natural_gas_fired_combined_cycle
72,59,0.0,natural_gas_fired_combined_cycle
114,59,0.0,natural_gas_fired_combined_cycle
45,59,0.0,natural_gas_fired_combined_cycle
78,59,0.0,natural_gas_fired_combustion_turbine
75,59,0.0,natural_gas_fired_combustion_turbine
119,59,0.0,natural_gas_fired_combustion_turbine
117,59,0.0,natural_gas_fired_combustion_turbine
134,59,0.0,natural_gas_fired_combustion_turbine
103,59,0.0,natural_gas_fired_combustion_turbine
47,59,0.0,natural_gas_fired_combustion_turbine
8,59,0.0,natural_gas_fired_combustion_turbine
90,59,0.0,natural_gas_fired_combustion_turbine
60,59,0.0,natural_gas_fired_combustion_turbine
46,59,0.0,natural_gas_fired_combustion_turbine
37,59,0.0,natural_gas_fired_combustion_turbine
7,59,0.0,natural_gas_fired_combustion_turbine
133,59,0.0,natural_gas_fired_combustion_turbine
74,59,0.0,natural_gas_fired_combustion_turbine
20,59,0.0,natural_gas_fired_combustion_turbine
135,59,0.0,natural_gas_fired_combustion_turbine
142,59,0.0,natural_gas_fired_combustion_turbine
121,59,0.0,natural_gas_fired_combustion_turbine
91,59,0.0,natural_gas_fired_combustion_turbine
22,59,0.0,natural_gas_steam_turbine
123,59,0.0,natural_gas_steam_turbine
62,59,0.0,natural_gas_steam_turbine
49,59,0.0,natural_gas_steam_turbine
48,59,0.0,natural_gas_steam_turbine
21,59,0.0,natural_gas_steam_turbine
79,59,0.0,nuclear
10,59,0.0,onshore_wind_turbine
23,59,0.0,onshore_wind_turbine
31,59,0.0,onshore_wind_turbine
38,59,0.0,onshore_wind_turbine
50,59,0.0,onshore_wind_turbine
63,59,0.0,onshore_wind_turbine
80,59,0.0,onshore_wind_turbine
94,59,0.0,onshore_wind_turbine
105,59,0.0,onshore_wind_turbine
124,59,0.0,onshore_wind_turbine
136,59,0.0,onshore_wind_turbine
144,59,0.0,onshore_wind_turbine
11,59,0.0,small_hydroelectric
24,59,0.0,small_hydroelectric
32,59,0.0,small_hydroelectric
39,59,0.0,small_hydroelectric
51,59,0.0,small_hydroelectric
64,59,0.0,small_hydroelectric
81,59,0.0,small_hydroelectric
95,59,0.0,small_hydroelectric
106,59,0.0,small_hydroelectric
125,59,0.0,small_hydroelectric
137,59,0.0,small_hydroelectric
145,59,0.0,small_hydroelectric
12,59,0.0,solar_photovoltaic
25,59,0.0,solar_photovoltaic
33,59,0.0,solar_photovoltaic
52,59,0.0,solar_photovoltaic
65,59,18379.1708115386,solar_photovoltaic
82,59,13922.121920000001,solar_photovoltaic
96,59,0.0,solar_photovoltaic
107,59,16373.743405894,solar_photovoltaic
126,59,30514.0798411674,solar_photovoltaic
138,59,0.0,solar_photovoltaic
26,60,0.0,biomass
13,60,0.0,biomass
108,60,0.0,biomass
40,60,0.0,biomass
97,60,0.0,biomass
1,60,0.0,biomass
66,60,0.0,biomass
2,60,0.0,conventional_hydroelectric
14,60,0.0,conventional_hydroelectric
27,60,56.30257080000007,conventional_hydroelectric
35,60,0.0,conventional_hydroelectric
54,60,271.9073015999997,conventional_hydroelectric
67,60,0.0,conventional_hydroelectric
84,60,0.0,conventional_hydroelectric
109,60,0.0,conventional_hydroelectric
128,60,0.0,conventional_hydroelectric
139,60,0.0,conventional_hydroelectric
110,60,0.0,conventional_steam_coal
41,60,0.0,conventional_steam_coal
3,60,0.0,conventional_steam_coal
36,60,0.0,conventional_steam_coal
85,60,0.0,conventional_steam_coal
28,60,0.0,geothermal
116,60,0.0,natural_gas_fired_combined_cycle
73,60,0.0,natural_gas_fired_combined_cycle
71,60,0.0,natural_gas_fired_combined_cycle
44,60,0.0,natural_gas_fired_combined_cycle
115,60,0.0,natural_gas_fired_combined_cycle
70,60,0.0,natural_gas_fired_combined_cycle
131,60,0.0,natural_gas_fired_combined_cycle
18,60,0.0,natural_gas_fired_combined_cycle
72,60,0.0,natural_gas_fired_combined_cycle
114,60,0.0,natural_gas_fired_combined_cycle
45,60,0.0,natural_gas_fired_combined_cycle
78,60,0.0,natural_gas_fired_combustion_turbine
75,60,0.0,natural_gas_fired_combustion_turbine
119,60,0.0,natural_gas_fired_combustion_turbine
117,60,0.0,natural_gas_fired_combustion_turbine
134,60,0.0,natural_gas_fired_combustion_turbine
103,60,0.0,natural_gas_fired_combustion_turbine
47,60,0.0,natural_gas_fired_combustion_turbine
8,60,0.0,natural_gas_fired_combustion_turbine
90,60,0.0,natural_gas_fired_combustion_turbine
60,60,0.0,natural_gas_fired_combustion_turbine
46,60,0.0,natural_gas_fired_combustion_turbine
37,60,0.0,natural_gas_fired_combustion_turbine
7,60,0.0,natural_gas_fired_combustion_turbine
133,60,0.0,natural_gas_fired_combustion_turbine
74,60,0.0,natural_gas_fired_combustion_turbine
20,60,0.0,natural_gas_fired_combustion_turbine
135,60,0.0,natural_gas_fired_combustion_turbine
142,60,0.0,natural_gas_fired_combustion_turbine
121,60,0.0,natural_gas_fired_combustion_turbine
91,60,0.0,natural_gas_fired_combustion_turbine
22,60,0.0,natural_gas_steam_turbine
123,60,0.0,natural_gas_steam_turbine
62,60,0.0,natural_gas_steam_turbine
49,60,0.0,natural_gas_steam_turbine
48,60,0.0,natural_gas_steam_turbine
21,60,0.0,natural_gas_steam_turbine
79,60,0.0,nuclear
10,60,0.0,onshore_wind_turbine
23,60,0.0,onshore_wind_turbine
31,60,0.0,onshore_wind_turbine
38,60,0.0,onshore_wind_turbine
50,60,877.3107,onshore_wind_turbine
63,60,0.0,onshore_wind_turbine
80,60,0.0,onshore_wind_turbine
94,60,823.8272,onshore_wind_turbine
105,60,1787.917601631,onshore_wind_turbine
124,60,4668.427882041,onshore_wind_turbine
136,60,1075.71828,onshore_wind_turbine
144,60,4375.32417,onshore_wind_turbine
11,60,0.0,small_hydroelectric
24,60,62.577,small_hydroelectric
32,60,141.91683640649188,small_hydroelectric
39,60,0.0,small_hydroelectric
51,60,0.0,small_hydroelectric
64,60,0.0,small_hydroelectric
81,60,0.0,small_hydroelectric
95,60,0.0,small_hydroelectric
106,60,0.0,small_hydroelectric
125,60,0.0,small_hydroelectric
137,60,0.0,small_hydroelectric
145,60,0.0,small_hydroelectric
12,60,0.0,solar_photovoltaic
25,60,0.0,solar_photovoltaic
33,60,0.0,solar_photovoltaic
52,60,0.0,solar_photovoltaic
65,60,0.0,solar_photovoltaic
82,60,14257.688760000001,solar_photovoltaic
96,60,0.0,solar_photovoltaic
107,60,16400.8842816945,solar_photovoltaic
126,60,32798.931845827,solar_photovoltaic
138,60,3441.4695699999997,solar_photovoltaic
26,61,0.0,biomass
13,61,0.0,biomass
108,61,0.0,biomass
40,61,0.0,biomass
97,61,0.0,biomass
1,61,0.0,biomass
66,61,0.0,biomass
2,61,0.0,conventional_hydroelectric
14,61,0.0,conventional_hydroelectric
27,61,57.85477200000008,conventional_hydroelectric
35,61,53.44898239999978,conventional_hydroelectric
54,61,358.1775845999997,conventional_hydroelectric
67,61,0.0,conventional_hydroelectric
84,61,807.6727884000002,conventional_hydroelectric
109,61,0.0,conventional_hydroelectric
128,61,0.0,conventional_hydroelectric
139,61,0.0,conventional_hydroelectric
110,61,0.0,conventional_steam_coal
41,61,0.0,conventional_steam_coal
3,61,0.0,conventional_steam_coal
36,61,0.0,conventional_steam_coal
85,61,0.0,conventional_steam_coal
28,61,0.0,geothermal
116,61,0.0,natural_gas_fired_combined_cycle
73,61,0.0,natural_gas_fired_combined_cycle
71,61,0.0,natural_gas_fired_combined_cycle
44,61,0.0,natural_gas_fired_combined_cycle
115,61,0.0,natural_gas_fired_combined_cycle
70,61,0.0,natural_gas_fired_combined_cycle
131,61,0.0,natural_gas_fired_combined_cycle
18,61,0.0,natural_gas_fired_combined_cycle
72,61,0.0,natural_gas_fired_combined_cycle
114,61,0.0,natural_gas_fired_combined_cycle
45,61,0.0,natural_gas_fired_combined_cycle
78,61,0.0,natural_gas_fired_combustion_turbine
75,61,0.0,natural_gas_fired_combustion_turbine
119,61,0.0,natural_gas_fired_combustion_turbine
117,61,0.0,natural_gas_fired_combustion_turbine
134,61,0.0,natural_gas_fired_combustion_turbine
103,61,0.0,natural_gas_fired_combustion_turbine
47,61,0.0,natural_gas_fired_combustion_turbine
8,61,0.0,natural_gas_fired_combustion_turbine
90,61,0.0,natural_gas_fired_combustion_turbine
60,61,0.0,natural_gas_fired_combustion_turbine
46,61,0.0,natural_gas_fired_combustion_turbine
37,61,0.0,natural_gas_fired_combustion_turbine
7,61,0.0,natural_gas_fired_combustion_turbine
133,61,0.0,natural_gas_fired_combustion_turbine
74,61,0.0,natural_gas_fired_combustion_turbine
20,61,0.0,natural_gas_fired_combustion_turbine
135,61,0.0,natural_gas_fired_combustion_turbine
142,61,0.0,natural_gas_fired_combustion_turbine
121,61,0.0,natural_gas_fired_combustion_turbine
91,61,0.0,natural_gas_fired_combustion_turbine
22,61,0.0,natural_gas_steam_turbine
123,61,0.0,natural_gas_steam_turbine
62,61,0.0,natural_gas_steam_turbine
49,61,0.0,natural_gas_steam_turbine
48,61,0.0,natural_gas_steam_turbine
21,61,0.0,natural_gas_steam_turbine
79,61,0.0,nuclear
10,61,0.0,onshore_wind_turbine
23,61,0.0,onshore_wind_turbine
31,61,0.0,onshore_wind_turbine
38,61,0.0,onshore_wind_turbine
50,61,0.0,onshore_wind_turbine
63,61,0.0,onshore_wind_turbine
80,61,0.0,onshore_wind_turbine
94,61,0.0,onshore_wind_turbine
105,61,0.0,onshore_wind_turbine
124,61,0.0,onshore_wind_turbine
136,61,0.0,onshore_wind_turbine
144,61,0.0,onshore_wind_turbine
11,61,0.0,small_hydroelectric
24,61,0.0,small_hydroelectric
32,61,0.0,small_hydroelectric
39,61,0.0,small_hydroelectric
51,61,0.0,small_hydroelectric
64,61,0.0,small_hydroelectric
81,61,0.0,small_hydroelectric
95,61,0.0,small_hydroelectric
106,61,0.0,small_hydroelectric
125,61,0.0,small_hydroelectric
137,61,0.0,small_hydroelectric
145,61,0.0,small_hydroelectric
12,61,0.0,solar_photovoltaic
25,61,0.0,solar_photovoltaic
33,61,0.0,solar_photovoltaic
52,61,0.0,solar_photovoltaic
65,61,18840.358323362798,solar_photovoltaic
82,61,14296.70816,solar_photovoltaic
96,61,0.0,solar_photovoltaic
107,61,16512.9336490755,solar_photovoltaic
126,61,30868.403880161695,solar_photovoltaic
138,61,0.0,solar_photovoltaic
26,62,0.0,biomass
13,62,0.0,biomass
108,62,0.0,biomass
40,62,0.0,biomass
97,62,0.0,biomass
1,62,0.0,biomass
66,62,0.0,biomass
2,62,0.0,conventional_hydroelectric
14,62,0.0,conventional_hydroelectric
27,62,174.9754080000001,conventional_hydroelectric
35,62,260.7511103999998,conventional_hydroelectric
54,62,444.4478675999997,conventional_hydroelectric
67,62,0.0,conventional_hydroelectric
84,62,3219.0699624000003,conventional_hydroelectric
109,62,0.0,conventional_hydroelectric
128,62,12.599400000000001,conventional_hydroelectric
139,62,0.0,conventional_hydroelectric
110,62,0.0,conventional_steam_coal
41,62,0.0,conventional_steam_coal
3,62,0.0,conventional_steam_coal
36,62,0.0,conventional_steam_coal
85,62,0.0,conventional_steam_coal
28,62,0.0,geothermal
116,62,0.0,natural_gas_fired_combined_cycle
73,62,0.0,natural_gas_fired_combined_cycle
71,62,0.0,natural_gas_fired_combined_cycle
44,62,0.0,natural_gas_fired_combined_cycle
115,62,0.0,natural_gas_fired_combined_cycle
70,62,0.0,natural_gas_fired_combined_cycle
131,62,0.0,natural_gas_fired_combined_cycle
18,62,0.0,natural_gas_fired_combined_cycle
72,62,0.0,natural_gas_fired_combined_cycle
114,62,0.0,natural_gas_fired_combined_cycle
45,62,0.0,natural_gas_fired_combined_cycle
78,62,0.0,natural_gas_fired_combustion_turbine
75,62,0.0,natural_gas_fired_combustion_turbine
119,62,0.0,natural_gas_fired_combustion_turbine
117,62,0.0,natural_gas_fired_combustion_turbine
134,62,0.0,natural_gas_fired_combustion_turbine
103,62,0.0,natural_gas_fired_combustion_turbine
47,62,0.0,natural_gas_fired_combustion_turbine
8,62,0.0,natural_gas_fired_combustion_turbine
90,62,0.0,natural_gas_fired_combustion_turbine
60,62,0.0,natural_gas_fired_combustion_turbine
46,62,0.0,natural_gas_fired_combustion_turbine
37,62,0.0,natural_gas_fired_combustion_turbine
7,62,0.0,natural_gas_fired_combustion_turbine
133,62,0.0,natural_gas_fired_combustion_turbine
74,62,0.0,natural_gas_fired_combustion_turbine
20,62,0.0,natural_gas_fired_combustion_turbine
135,62,0.0,natural_gas_fired_combustion_turbine
142,62,0.0,natural_gas_fired_combustion_turbine
121,62,0.0,natural_gas_fired_combustion_turbine
91,62,0.0,natural_gas_fired_combustion_turbine
22,62,0.0,natural_gas_steam_turbine
123,62,0.0,natural_gas_steam_turbine
62,62,0.0,natural_gas_steam_turbine
49,62,0.0,natural_gas_steam_turbine
48,62,0.0,natural_gas_steam_turbine
21,62,0.0,natural_gas_steam_turbine
79,62,0.0,nuclear
10,62,0.0,onshore_wind_turbine
23,62,0.0,onshore_wind_turbine
31,62,0.0,onshore_wind_turbine
38,62,0.0,onshore_wind_turbine
50,62,0.0,onshore_wind_turbine
63,62,0.0,onshore_wind_turbine
80,62,0.0,onshore_wind_turbine
94,62,0.0,onshore_wind_turbine
105,62,0.0,onshore_wind_turbine
124,62,0.0,onshore_wind_turbine
136,62,0.0,onshore_wind_turbine
144,62,0.0,onshore_wind_turbine
11,62,0.0,small_hydroelectric
24,62,0.0,small_hydroelectric
32,62,0.0,small_hydroelectric
39,62,0.0,small_hydroelectric
51,62,0.0,small_hydroelectric
64,62,0.0,small_hydroelectric
81,62,0.0,small_hydroelectric
95,62,0.0,small_hydroelectric
106,62,0.0,small_hydroelectric
125,62,0.0,small_hydroelectric
137,62,0.0,small_hydroelectric
145,62,0.0,small_hydroelectric
12,62,0.0,solar_photovoltaic
25,62,0.0,solar_photovoltaic
33,62,0.0,solar_photovoltaic
52,62,0.0,solar_photovoltaic
65,62,19168.811259089798,solar_photovoltaic
82,62,14487.903220000002,solar_photovoltaic
96,62,0.0,solar_photovoltaic
107,62,16845.675211239,solar_photovoltaic
126,62,28203.937981271203,solar_photovoltaic
138,62,0.0,solar_photovoltaic
26,63,0.0,biomass
13,63,0.0,biomass
108,63,0.0,biomass
40,63,0.0,biomass
97,63,0.0,biomass
1,63,0.0,biomass
66,63,0.0,biomass
2,63,0.0,conventional_hydroelectric
14,63,0.0,conventional_hydroelectric
27,63,292.0960440000001,conventional_hydroelectric
35,63,468.0532383999998,conventional_hydroelectric
54,63,530.7181505999997,conventional_hydroelectric
67,63,0.0,conventional_hydroelectric
84,63,5630.4671364000005,conventional_hydroelectric
109,63,0.0,conventional_hydroelectric
128,63,25.198800000000002,conventional_hydroelectric
139,63,17.793254400000002,conventional_hydroelectric
110,63,0.0,conventional_steam_coal
41,63,0.0,conventional_steam_coal
3,63,0.0,conventional_steam_coal
36,63,0.0,conventional_steam_coal
85,63,0.0,conventional_steam_coal
28,63,0.0,geothermal
116,63,0.0,natural_gas_fired_combined_cycle
73,63,0.0,natural_gas_fired_combined_cycle
71,63,0.0,natural_gas_fired_combined_cycle
44,63,0.0,natural_gas_fired_combined_cycle
115,63,0.0,natural_gas_fired_combined_cycle
70,63,0.0,natural_gas_fired_combined_cycle
131,63,0.0,natural_gas_fired_combined_cycle
18,63,0.0,natural_gas_fired_combined_cycle
72,63,0.0,natural_gas_fired_combined_cycle
114,63,0.0,natural_gas_fired_combined_cycle
45,63,0.0,natural_gas_fired_combined_cycle
78,63,0.0,natural_gas_fired_combustion_turbine
75,63,0.0,natural_gas_fired_combustion_turbine
119,63,0.0,natural_gas_fired_combustion_turbine
117,63,0.0,natural_gas_fired_combustion_turbine
134,63,0.0,natural_gas_fired_combustion_turbine
103,63,0.0,natural_gas_fired_combustion_turbine
47,63,0.0,natural_gas_fired_combustion_turbine
8,63,0.0,natural_gas_fired_combustion_turbine
90,63,0.0,natural_gas_fired_combustion_turbine
60,63,0.0,natural_gas_fired_combustion_turbine
46,63,0.0,natural_gas_fired_combustion_turbine
37,63,0.0,natural_gas_fired_combustion_turbine
7,63,0.0,natural_gas_fired_combustion_turbine
133,63,0.0,natural_gas_fired_combustion_turbine
74,63,0.0,natural_gas_fired_combustion_turbine
20,63,0.0,natural_gas_fired_combustion_turbine
135,63,0.0,natural_gas_fired_combustion_turbine
142,63,0.0,natural_gas_fired_combustion_turbine
121,63,0.0,natural_gas_fired_combustion_turbine
91,63,0.0,natural_gas_fired_combustion_turbine
22,63,0.0,natural_gas_steam_turbine
123,63,0.0,natural_gas_steam_turbine
62,63,0.0,natural_gas_steam_turbine
49,63,0.0,natural_gas_steam_turbine
48,63,0.0,natural_gas_steam_turbine
21,63,0.0,natural_gas_steam_turbine
79,63,0.0,nuclear
10,63,0.0,onshore_wind_turbine
23,63,0.0,onshore_wind_turbine
31,63,0.0,onshore_wind_turbine
38,63,0.0,onshore_wind_turbine
50,63,0.0,onshore_wind_turbine
63,63,0.0,onshore_wind_turbine
80,63,0.0,onshore_wind_turbine
94,63,0.0,onshore_wind_turbine
105,63,0.0,onshore_wind_turbine
124,63,0.0,onshore_wind_turbine
136,63,0.0,onshore_wind_turbine
144,63,0.0,onshore_wind_turbine
11,63,0.0,small_hydroelectric
24,63,0.0,small_hydroelectric
32,63,0.0,small_hydroelectric
39,63,0.0,small_hydroelectric
51,63,0.0,small_hydroelectric
64,63,0.0,small_hydroelectric
81,63,0.0,small_hydroelectric
95,63,0.0,small_hydroelectric
106,63,0.0,small_hydroelectric
125,63,0.0,small_hydroelectric
137,63,0.0,small_hydroelectric
145,63,0.0,small_hydroelectric
12,63,0.0,solar_photovoltaic
25,63,0.0,solar_photovoltaic
33,63,0.0,solar_photovoltaic
52,63,0.0,solar_photovoltaic
65,63,17918.548138621198,solar_photovoltaic
82,63,13951.38647,solar_photovoltaic
96,63,0.0,solar_photovoltaic
107,63,15832.385028704999,solar_photovoltaic
126,63,29152.9390688738,solar_photovoltaic
138,63,0.0,solar_photovoltaic
26,64,0.0,biomass
13,64,0.0,biomass
108,64,0.0,biomass
40,64,0.0,biomass
97,64,0.0,biomass
1,64,0.0,biomass
66,64,0.0,biomass
2,64,0.0,conventional_hydroelectric
14,64,0.0,conventional_hydroelectric
27,64,409.2166800000001,conventional_hydroelectric
35,64,675.3553663999999,conventional_hydroelectric
54,64,616.9884335999998,conventional_hydroelectric
67,64,183.59830800628197,conventional_hydroelectric
84,64,8041.8643104,conventional_hydroelectric
109,64,0.0,conventional_hydroelectric
128,64,37.7982,conventional_hydroelectric
139,64,37.1236224,conventional_hydroelectric
110,64,0.0,conventional_steam_coal
41,64,0.0,conventional_steam_coal
3,64,0.0,conventional_steam_coal
36,64,0.0,conventional_steam_coal
85,64,0.0,conventional_steam_coal
28,64,0.0,geothermal
116,64,0.0,natural_gas_fired_combined_cycle
73,64,0.0,natural_gas_fired_combined_cycle
71,64,0.0,natural_gas_fired_combined_cycle
44,64,0.0,natural_gas_fired_combined_cycle
115,64,0.0,natural_gas_fired_combined_cycle
70,64,0.0,natural_gas_fired_combined_cycle
131,64,0.0,natural_gas_fired_combined_cycle
18,64,0.0,natural_gas_fired_combined_cycle
72,64,0.0,natural_gas_fired_combined_cycle
114,64,0.0,natural_gas_fired_combined_cycle
45,64,0.0,natural_gas_fired_combined_cycle
78,64,0.0,natural_gas_fired_combustion_turbine
75,64,0.0,natural_gas_fired_combustion_turbine
119,64,0.0,natural_gas_fired_combustion_turbine
117,64,0.0,natural_gas_fired_combustion_turbine
134,64,0.0,natural_gas_fired_combustion_turbine
103,64,0.0,natural_gas_fired_combustion_turbine
47,64,0.0,natural_gas_fired_combustion_turbine
8,64,0.0,natural_gas_fired_combustion_turbine
90,64,0.0,natural_gas_fired_combustion_turbine
60,64,0.0,natural_gas_fired_combustion_turbine
46,64,0.0,natural_gas_fired_combustion_turbine
37,64,0.0,natural_gas_fired_combustion_turbine
7,64,0.0,natural_gas_fired_combustion_turbine
133,64,0.0,natural_gas_fired_combustion_turbine
74,64,0.0,natural_gas_fired_combustion_turbine
20,64,0.0,natural_gas_fired_combustion_turbine
135,64,0.0,natural_gas_fired_combustion_turbine
142,64,0.0,natural_gas_fired_combustion_turbine
121,64,0.0,natural_gas_fired_combustion_turbine
91,64,0.0,natural_gas_fired_combustion_turbine
22,64,0.0,natural_gas_steam_turbine
123,64,0.0,natural_gas_steam_turbine
62,64,0.0,natural_gas_steam_turbine
49,64,0.0,natural_gas_steam_turbine
48,64,0.0,natural_gas_steam_turbine
21,64,0.0,natural_gas_steam_turbine
79,64,0.0,nuclear
10,64,0.0,onshore_wind_turbine
23,64,0.0,onshore_wind_turbine
31,64,0.0,onshore_wind_turbine
38,64,0.0,onshore_wind_turbine
50,64,0.0,onshore_wind_turbine
63,64,0.0,onshore_wind_turbine
80,64,0.0,onshore_wind_turbine
94,64,0.0,onshore_wind_turbine
105,64,0.0,onshore_wind_turbine
124,64,0.0,onshore_wind_turbine
136,64,0.0,onshore_wind_turbine
144,64,0.0,onshore_wind_turbine
11,64,0.0,small_hydroelectric
24,64,0.0,small_hydroelectric
32,64,0.0,small_hydroelectric
39,64,0.0,small_hydroelectric
51,64,0.0,small_hydroelectric
64,64,0.0,small_hydroelectric
81,64,0.0,small_hydroelectric
95,64,0.0,small_hydroelectric
106,64,0.0,small_hydroelectric
125,64,0.0,small_hydroelectric
137,64,0.0,small_hydroelectric
145,64,0.0,small_hydroelectric
12,64,0.0,solar_photovoltaic
25,64,0.0,solar_photovoltaic
33,64,0.0,solar_photovoltaic
52,64,0.0,solar_photovoltaic
65,64,16454.4478782992,solar_photovoltaic
82,64,13471.44785,solar_photovoltaic
96,64,0.0,solar_photovoltaic
107,64,14595.587016584,solar_photovoltaic
126,64,30409.0464443105,solar_photovoltaic
138,64,0.0,solar_photovoltaic
26,65,0.0,biomass
13,65,0.0,biomass
108,65,0.0,biomass
40,65,0.0,biomass
97,65,0.0,biomass
1,65,0.0,biomass
66,65,0.0,biomass
2,65,229.288164,conventional_hydroelectric
14,65,39.043532,conventional_hydroelectric
27,65,526.3373160000001,conventional_hydroelectric
35,65,882.6574943999999,conventional_hydroelectric
54,65,703.2587165999998,conventional_hydroelectric
67,65,787.3408890062819,conventional_hydroelectric
84,65,10453.2614844,conventional_hydroelectric
109,65,0.0,conventional_hydroelectric
128,65,50.397600000000004,conventional_hydroelectric
139,65,56.4539904,conventional_hydroelectric
110,65,0.0,conventional_steam_coal
41,65,0.0,conventional_steam_coal
3,65,0.0,conventional_steam_coal
36,65,0.0,conventional_steam_coal
85,65,0.0,conventional_steam_coal
28,65,74.364,geothermal
116,65,0.0,natural_gas_fired_combined_cycle
73,65,0.0,natural_gas_fired_combined_cycle
71,65,0.0,natural_gas_fired_combined_cycle
44,65,0.0,natural_gas_fired_combined_cycle
115,65,0.0,natural_gas_fired_combined_cycle
70,65,0.0,natural_gas_fired_combined_cycle
131,65,0.0,natural_gas_fired_combined_cycle
18,65,0.0,natural_gas_fired_combined_cycle
72,65,0.0,natural_gas_fired_combined_cycle
114,65,0.0,natural_gas_fired_combined_cycle
45,65,0.0,natural_gas_fired_combined_cycle
78,65,0.0,natural_gas_fired_combustion_turbine
75,65,0.0,natural_gas_fired_combustion_turbine
119,65,0.0,natural_gas_fired_combustion_turbine
117,65,0.0,natural_gas_fired_combustion_turbine
134,65,0.0,natural_gas_fired_combustion_turbine
103,65,0.0,natural_gas_fired_combustion_turbine
47,65,0.0,natural_gas_fired_combustion_turbine
8,65,0.0,natural_gas_fired_combustion_turbine
90,65,0.0,natural_gas_fired_combustion_turbine
60,65,0.0,natural_gas_fired_combustion_turbine
46,65,0.0,natural_gas_fired_combustion_turbine
37,65,0.0,natural_gas_fired_combustion_turbine
7,65,0.0,natural_gas_fired_combustion_turbine
133,65,0.0,natural_gas_fired_combustion_turbine
74,65,0.0,natural_gas_fired_combustion_turbine
20,65,0.0,natural_gas_fired_combustion_turbine
135,65,0.0,natural_gas_fired_combustion_turbine
142,65,0.0,natural_gas_fired_combustion_turbine
121,65,0.0,natural_gas_fired_combustion_turbine
91,65,0.0,natural_gas_fired_combustion_turbine
22,65,0.0,natural_gas_steam_turbine
123,65,0.0,natural_gas_steam_turbine
62,65,0.0,natural_gas_steam_turbine
49,65,0.0,natural_gas_steam_turbine
48,65,0.0,natural_gas_steam_turbine
21,65,0.0,natural_gas_steam_turbine
79,65,0.0,nuclear
10,65,20.89276,onshore_wind_turbine
23,65,2269.6212,onshore_wind_turbine
31,65,704.13413,onshore_wind_turbine
38,65,3582.1233,onshore_wind_turbine
50,65,1865.0473799999997,onshore_wind_turbine
63,65,67.7269602576,onshore_wind_turbine
80,65,1542.110606666925,onshore_wind_turbine
94,65,0.0,onshore_wind_turbine
105,65,0.0,onshore_wind_turbine
124,65,0.0,onshore_wind_turbine
136,65,0.0,onshore_wind_turbine
144,65,0.0,onshore_wind_turbine
11,65,0.0,small_hydroelectric
24,65,0.0,small_hydroelectric
32,65,0.0,small_hydroelectric
39,65,52.9,small_hydroelectric
51,65,25.641,small_hydroelectric
64,65,0.0,small_hydroelectric
81,65,241.672,small_hydroelectric
95,65,418.922,small_hydroelectric
106,65,31.614,small_hydroelectric
125,65,100.697,small_hydroelectric
137,65,36.822,small_hydroelectric
145,65,33.21,small_hydroelectric
12,65,7274.169000000001,solar_photovoltaic
25,65,1722.9462599999997,solar_photovoltaic
33,65,953.6628499999999,solar_photovoltaic
52,65,2457.83608,solar_photovoltaic
65,65,13720.824537333201,solar_photovoltaic
82,65,12296.96391,solar_photovoltaic
96,65,821.3387,solar_photovoltaic
107,65,12065.524161869502,solar_photovoltaic
126,65,26964.5408970665,solar_photovoltaic
138,65,2980.2934699999996,solar_photovoltaic
26,66,0.0,biomass
13,66,0.0,biomass
108,66,0.0,biomass
40,66,0.0,biomass
97,66,0.0,biomass
1,66,0.0,biomass
66,66,0.0,biomass
2,66,458.576328,conventional_hydroelectric
14,66,78.087064,conventional_hydroelectric
27,66,643.4579520000001,conventional_hydroelectric
35,66,1089.9596224,conventional_hydroelectric
54,66,789.5289995999999,conventional_hydroelectric
67,66,1391.083470006282,conventional_hydroelectric
84,66,12864.6586584,conventional_hydroelectric
109,66,55.704456677999985,conventional_hydroelectric
128,66,62.99700000000001,conventional_hydroelectric
139,66,75.7843584,conventional_hydroelectric
110,66,0.0,conventional_steam_coal
41,66,0.0,conventional_steam_coal
3,66,0.0,conventional_steam_coal
36,66,0.0,conventional_steam_coal
85,66,0.0,conventional_steam_coal
28,66,74.364,geothermal
116,66,0.0,natural_gas_fired_combined_cycle
73,66,0.0,natural_gas_fired_combined_cycle
71,66,0.0,natural_gas_fired_combined_cycle
44,66,0.0,natural_gas_fired_combined_cycle
115,66,0.0,natural_gas_fired_combined_cycle
70,66,0.0,natural_gas_fired_combined_cycle
131,66,0.0,natural_gas_fired_combined_cycle
18,66,0.0,natural_gas_fired_combined_cycle
72,66,0.0,natural_gas_fired_combined_cycle
114,66,0.0,natural_gas_fired_combined_cycle
45,66,0.0,natural_gas_fired_combined_cycle
78,66,0.0,natural_gas_fired_combustion_turbine
75,66,0.0,natural_gas_fired_combustion_turbine
119,66,0.0,natural_gas_fired_combustion_turbine
117,66,0.0,natural_gas_fired_combustion_turbine
134,66,0.0,natural_gas_fired_combustion_turbine
103,66,0.0,natural_gas_fired_combustion_turbine
47,66,0.0,natural_gas_fired_combustion_turbine
8,66,0.0,natural_gas_fired_combustion_turbine
90,66,0.0,natural_gas_fired_combustion_turbine
60,66,0.0,natural_gas_fired_combustion_turbine
46,66,0.0,natural_gas_fired_combustion_turbine
37,66,0.0,natural_gas_fired_combustion_turbine
7,66,0.0,natural_gas_fired_combustion_turbine
133,66,0.0,natural_gas_fired_combustion_turbine
74,66,0.0,natural_gas_fired_combustion_turbine
20,66,0.0,natural_gas_fired_combustion_turbine
135,66,0.0,natural_gas_fired_combustion_turbine
142,66,0.0,natural_gas_fired_combustion_turbine
121,66,0.0,natural_gas_fired_combustion_turbine
91,66,0.0,natural_gas_fired_combustion_turbine
22,66,0.0,natural_gas_steam_turbine
123,66,0.0,natural_gas_steam_turbine
62,66,0.0,natural_gas_steam_turbine
49,66,0.0,natural_gas_steam_turbine
48,66,0.0,natural_gas_steam_turbine
21,66,0.0,natural_gas_steam_turbine
79,66,0.0,nuclear
10,66,131.4803,onshore_wind_turbine
23,66,6408.232599999999,onshore_wind_turbine
31,66,1034.23411,onshore_wind_turbine
38,66,3072.0143999999996,onshore_wind_turbine
50,66,2182.0986599999997,onshore_wind_turbine
63,66,51.6636402072,onshore_wind_turbine
80,66,2892.0438399999994,onshore_wind_turbine
94,66,3107.741,onshore_wind_turbine
105,66,805.50637881,onshore_wind_turbine
124,66,1834.0467543398004,onshore_wind_turbine
136,66,1574.9019300000002,onshore_wind_turbine
144,66,2828.9293199999997,onshore_wind_turbine
11,66,19.125,small_hydroelectric
24,66,62.577,small_hydroelectric
32,66,192.0,small_hydroelectric
39,66,52.9,small_hydroelectric
51,66,25.641,small_hydroelectric
64,66,6.128,small_hydroelectric
81,66,241.672,small_hydroelectric
95,66,418.922,small_hydroelectric
106,66,31.614,small_hydroelectric
125,66,100.697,small_hydroelectric
137,66,36.822,small_hydroelectric
145,66,33.21,small_hydroelectric
12,66,4480.32312,solar_photovoltaic
25,66,1081.3720399999997,solar_photovoltaic
33,66,928.31165,solar_photovoltaic
52,66,1116.2557000000002,solar_photovoltaic
65,66,9072.3346823053,solar_photovoltaic
82,66,9407.57734,solar_photovoltaic
96,66,538.93924,solar_photovoltaic
107,66,7845.8023020615,solar_photovoltaic
126,66,19604.2596997765,solar_photovoltaic
138,66,2137.3914099999997,solar_photovoltaic
26,67,0.0,biomass
13,67,0.0,biomass
108,67,0.0,biomass
40,67,0.0,biomass
97,67,0.0,biomass
1,67,0.0,biomass
66,67,0.0,biomass
2,67,687.8644919999999,conventional_hydroelectric
14,67,117.130596,conventional_hydroelectric
27,67,760.5785880000001,conventional_hydroelectric
35,67,1297.2617504,conventional_hydroelectric
54,67,875.7992826,conventional_hydroelectric
67,67,1994.826051006282,conventional_hydroelectric
84,67,15276.0558324,conventional_hydroelectric
109,67,171.589056678,conventional_hydroelectric
128,67,68.67432000000001,conventional_hydroelectric
139,67,95.1147264,conventional_hydroelectric
110,67,0.0,conventional_steam_coal
41,67,0.0,conventional_steam_coal
3,67,0.0,conventional_steam_coal
36,67,0.0,conventional_steam_coal
85,67,0.0,conventional_steam_coal
28,67,74.364,geothermal
116,67,0.0,natural_gas_fired_combined_cycle
73,67,0.0,natural_gas_fired_combined_cycle
71,67,0.0,natural_gas_fired_combined_cycle
44,67,0.0,natural_gas_fired_combined_cycle
115,67,0.0,natural_gas_fired_combined_cycle
70,67,0.0,natural_gas_fired_combined_cycle
131,67,0.0,natural_gas_fired_combined_cycle
18,67,0.0,natural_gas_fired_combined_cycle
72,67,0.0,natural_gas_fired_combined_cycle
114,67,0.0,natural_gas_fired_combined_cycle
45,67,0.0,natural_gas_fired_combined_cycle
78,67,0.0,natural_gas_fired_combustion_turbine
75,67,0.0,natural_gas_fired_combustion_turbine
119,67,0.0,natural_gas_fired_combustion_turbine
117,67,0.0,natural_gas_fired_combustion_turbine
134,67,0.0,natural_gas_fired_combustion_turbine
103,67,0.0,natural_gas_fired_combustion_turbine
47,67,0.0,natural_gas_fired_combustion_turbine
8,67,0.0,natural_gas_fired_combustion_turbine
90,67,0.0,natural_gas_fired_combustion_turbine
60,67,0.0,natural_gas_fired_combustion_turbine
46,67,0.0,natural_gas_fired_combustion_turbine
37,67,0.0,natural_gas_fired_combustion_turbine
7,67,0.0,natural_gas_fired_combustion_turbine
133,67,0.0,natural_gas_fired_combustion_turbine
74,67,0.0,natural_gas_fired_combustion_turbine
20,67,0.0,natural_gas_fired_combustion_turbine
135,67,0.0,natural_gas_fired_combustion_turbine
142,67,0.0,natural_gas_fired_combustion_turbine
121,67,0.0,natural_gas_fired_combustion_turbine
91,67,0.0,natural_gas_fired_combustion_turbine
22,67,0.0,natural_gas_steam_turbine
123,67,0.0,natural_gas_steam_turbine
62,67,0.0,natural_gas_steam_turbine
49,67,0.0,natural_gas_steam_turbine
48,67,0.0,natural_gas_steam_turbine
21,67,0.0,natural_gas_steam_turbine
79,67,0.0,nuclear
10,67,163.35977000000003,onshore_wind_turbine
23,67,9002.0854,onshore_wind_turbine
31,67,585.3931299999999,onshore_wind_turbine
38,67,3399.77925,onshore_wind_turbine
50,67,1670.61636,onshore_wind_turbine
63,67,79.8084000168,onshore_wind_turbine
80,67,1673.7053199999998,onshore_wind_turbine
94,67,4527.3718,onshore_wind_turbine
105,67,894.9928407839999,onshore_wind_turbine
124,67,1714.4841781452003,onshore_wind_turbine
136,67,1045.13766,onshore_wind_turbine
144,67,1903.2551999999996,onshore_wind_turbine
11,67,19.125,small_hydroelectric
24,67,62.577,small_hydroelectric
32,67,192.0,small_hydroelectric
39,67,52.9,small_hydroelectric
51,67,25.641,small_hydroelectric
64,67,6.128,small_hydroelectric
81,67,241.672,small_hydroelectric
95,67,418.922,small_hydroelectric
106,67,31.614,small_hydroelectric
125,67,100.697,small_hydroelectric
137,67,36.822,small_hydroelectric
145,67,33.21,small_hydroelectric
12,67,690.69294,solar_photovoltaic
25,67,0.0,solar_photovoltaic
33,67,484.31355,solar_photovoltaic
52,67,0.0,solar_photovoltaic
65,67,4010.6379666178004,solar_photovoltaic
82,67,5187.6292300000005,solar_photovoltaic
96,67,260.65382,solar_photovoltaic
107,67,3012.9755609414997,solar_photovoltaic
126,67,9880.482201247,solar_photovoltaic
138,67,799.0674999999999,solar_photovoltaic
26,68,11.235,biomass
13,68,15.682,biomass
108,68,137.081,biomass
40,68,5.952,biomass
97,68,178.173,biomass
1,68,16.294,biomass
66,68,228.795,biomass
2,68,868.2562644,conventional_hydroelectric
14,68,123.3399288,conventional_hydroelectric
27,68,877.6992240000001,conventional_hydroelectric
35,68,1504.5638784,conventional_hydroelectric
54,68,962.0695656,conventional_hydroelectric
67,68,2598.568632006282,conventional_hydroelectric
84,68,17687.4530064,conventional_hydroelectric
109,68,287.473656678,conventional_hydroelectric
128,68,68.67432000000001,conventional_hydroelectric
139,68,114.44509439999999,conventional_hydroelectric
110,68,28.499999999999996,conventional_steam_coal
41,68,7219.002,conventional_steam_coal
3,68,4331.04919218292,conventional_steam_coal
36,68,0.0,conventional_steam_coal
85,68,0.0,conventional_steam_coal
28,68,74.364,geothermal
116,68,0.0,natural_gas_fired_combined_cycle
73,68,0.0,natural_gas_fired_combined_cycle
71,68,0.0,natural_gas_fired_combined_cycle
44,68,0.0,natural_gas_fired_combined_cycle
115,68,0.0,natural_gas_fired_combined_cycle
70,68,0.0,natural_gas_fired_combined_cycle
131,68,0.0,natural_gas_fired_combined_cycle
18,68,0.0,natural_gas_fired_combined_cycle
72,68,0.0,natural_gas_fired_combined_cycle
114,68,0.0,natural_gas_fired_combined_cycle
45,68,0.0,natural_gas_fired_combined_cycle
78,68,0.0,natural_gas_fired_combustion_turbine
75,68,0.0,natural_gas_fired_combustion_turbine
119,68,0.0,natural_gas_fired_combustion_turbine
117,68,0.0,natural_gas_fired_combustion_turbine
134,68,0.0,natural_gas_fired_combustion_turbine
103,68,0.0,natural_gas_fired_combustion_turbine
47,68,0.0,natural_gas_fired_combustion_turbine
8,68,0.0,natural_gas_fired_combustion_turbine
90,68,0.0,natural_gas_fired_combustion_turbine
60,68,0.0,natural_gas_fired_combustion_turbine
46,68,0.0,natural_gas_fired_combustion_turbine
37,68,0.0,natural_gas_fired_combustion_turbine
7,68,0.0,natural_gas_fired_combustion_turbine
133,68,0.0,natural_gas_fired_combustion_turbine
74,68,0.0,natural_gas_fired_combustion_turbine
20,68,0.0,natural_gas_fired_combustion_turbine
135,68,0.0,natural_gas_fired_combustion_turbine
142,68,0.0,natural_gas_fired_combustion_turbine
121,68,0.0,natural_gas_fired_combustion_turbine
91,68,0.0,natural_gas_fired_combustion_turbine
22,68,0.0,natural_gas_steam_turbine
123,68,0.0,natural_gas_steam_turbine
62,68,0.0,natural_gas_steam_turbine
49,68,0.0,natural_gas_steam_turbine
48,68,0.0,natural_gas_steam_turbine
21,68,0.0,natural_gas_steam_turbine
79,68,1851.49975,nuclear
10,68,119.41293,onshore_wind_turbine
23,68,5040.497,onshore_wind_turbine
31,68,603.20428,onshore_wind_turbine
38,68,2932.84215,onshore_wind_turbine
50,68,1542.5764199999999,onshore_wind_turbine
63,68,184.8778400448,onshore_wind_turbine
80,68,1058.4954799999998,onshore_wind_turbine
94,68,7451.2228000000005,onshore_wind_turbine
105,68,463.08037916699993,onshore_wind_turbine
124,68,5102.2517679210005,onshore_wind_turbine
136,68,999.2667300000002,onshore_wind_turbine
144,68,2716.4642399999993,onshore_wind_turbine
11,68,19.125,small_hydroelectric
24,68,62.577,small_hydroelectric
32,68,192.0,small_hydroelectric
39,68,52.9,small_hydroelectric
51,68,25.641,small_hydroelectric
64,68,6.128,small_hydroelectric
81,68,241.672,small_hydroelectric
95,68,418.922,small_hydroelectric
106,68,31.614,small_hydroelectric
125,68,100.697,small_hydroelectric
137,68,36.822,small_hydroelectric
145,68,33.21,small_hydroelectric
12,68,0.0,solar_photovoltaic
25,68,0.0,solar_photovoltaic
33,68,0.0,solar_photovoltaic
52,68,0.0,solar_photovoltaic
65,68,0.0,solar_photovoltaic
82,68,0.0,solar_photovoltaic
96,68,0.0,solar_photovoltaic
107,68,0.0,solar_photovoltaic
126,68,0.0,solar_photovoltaic
138,68,0.0,solar_photovoltaic
26,69,11.235,biomass
13,69,15.682,biomass
108,69,137.081,biomass
40,69,5.952,biomass
97,69,178.173,biomass
1,69,16.294,biomass
66,69,228.795,biomass
2,69,867.9800135999999,conventional_hydroelectric
14,69,123.48105000000001,conventional_hydroelectric
27,69,877.6992240000001,conventional_hydroelectric
35,69,1504.5638784,conventional_hydroelectric
54,69,961.2380448,conventional_hydroelectric
67,69,2600.6983739677976,conventional_hydroelectric
84,69,17690.3583042,conventional_hydroelectric
109,69,288.03851312340004,conventional_hydroelectric
128,69,68.65914000000001,conventional_hydroelectric
139,69,114.60812159999999,conventional_hydroelectric
110,69,28.499999999999996,conventional_steam_coal
41,69,3762.962246997399,conventional_steam_coal
3,69,0.0,conventional_steam_coal
36,69,0.0,conventional_steam_coal
85,69,0.0,conventional_steam_coal
28,69,74.364,geothermal
116,69,0.0,natural_gas_fired_combined_cycle
73,69,0.0,natural_gas_fired_combined_cycle
71,69,0.0,natural_gas_fired_combined_cycle
44,69,0.0,natural_gas_fired_combined_cycle
115,69,0.0,natural_gas_fired_combined_cycle
70,69,0.0,natural_gas_fired_combined_cycle
131,69,0.0,natural_gas_fired_combined_cycle
18,69,0.0,natural_gas_fired_combined_cycle
72,69,0.0,natural_gas_fired_combined_cycle
114,69,0.0,natural_gas_fired_combined_cycle
45,69,0.0,natural_gas_fired_combined_cycle
78,69,0.0,natural_gas_fired_combustion_turbine
75,69,0.0,natural_gas_fired_combustion_turbine
119,69,0.0,natural_gas_fired_combustion_turbine
117,69,0.0,natural_gas_fired_combustion_turbine
134,69,0.0,natural_gas_fired_combustion_turbine
103,69,0.0,natural_gas_fired_combustion_turbine
47,69,0.0,natural_gas_fired_combustion_turbine
8,69,0.0,natural_gas_fired_combustion_turbine
90,69,0.0,natural_gas_fired_combustion_turbine
60,69,0.0,natural_gas_fired_combustion_turbine
46,69,0.0,natural_gas_fired_combustion_turbine
37,69,0.0,natural_gas_fired_combustion_turbine
7,69,0.0,natural_gas_fired_combustion_turbine
133,69,0.0,natural_gas_fired_combustion_turbine
74,69,0.0,natural_gas_fired_combustion_turbine
20,69,0.0,natural_gas_fired_combustion_turbine
135,69,0.0,natural_gas_fired_combustion_turbine
142,69,0.0,natural_gas_fired_combustion_turbine
121,69,0.0,natural_gas_fired_combustion_turbine
91,69,0.0,natural_gas_fired_combustion_turbine
22,69,0.0,natural_gas_steam_turbine
123,69,0.0,natural_gas_steam_turbine
62,69,0.0,natural_gas_steam_turbine
49,69,0.0,natural_gas_steam_turbine
48,69,0.0,natural_gas_steam_turbine
21,69,0.0,natural_gas_steam_turbine
79,69,1851.49975,nuclear
10,69,309.60909000000004,onshore_wind_turbine
23,69,5206.339599999999,onshore_wind_turbine
31,69,1282.4028,onshore_wind_turbine
38,69,1885.3579499999998,onshore_wind_turbine
50,69,2167.19454,onshore_wind_turbine
63,69,158.808440196,onshore_wind_turbine
80,69,2365.1193999999996,onshore_wind_turbine
94,69,10985.588600000001,onshore_wind_turbine
105,69,452.22071874,onshore_wind_turbine
124,69,5820.6475003754,onshore_wind_turbine
136,69,1683.7329600000003,onshore_wind_turbine
144,69,3473.4407399999996,onshore_wind_turbine
11,69,19.125,small_hydroelectric
24,69,62.577,small_hydroelectric
32,69,192.0,small_hydroelectric
39,69,52.9,small_hydroelectric
51,69,25.641,small_hydroelectric
64,69,6.128,small_hydroelectric
81,69,241.672,small_hydroelectric
95,69,418.922,small_hydroelectric
106,69,31.614,small_hydroelectric
125,69,100.697,small_hydroelectric
137,69,36.822,small_hydroelectric
145,69,33.21,small_hydroelectric
12,69,0.0,solar_photovoltaic
25,69,0.0,solar_photovoltaic
33,69,0.0,solar_photovoltaic
52,69,0.0,solar_photovoltaic
65,69,0.0,solar_photovoltaic
82,69,0.0,solar_photovoltaic
96,69,0.0,solar_photovoltaic
107,69,0.0,solar_photovoltaic
126,69,0.0,solar_photovoltaic
138,69,0.0,solar_photovoltaic
26,70,0.0,biomass
13,70,0.0,biomass
108,70,0.0,biomass
40,70,0.0,biomass
97,70,0.0,biomass
1,70,0.0,biomass
66,70,0.0,biomass
2,70,867.7037627999999,conventional_hydroelectric
14,70,123.62217119999998,conventional_hydroelectric
27,70,877.8403332,conventional_hydroelectric
35,70,1504.3141168,conventional_hydroelectric
54,70,960.4065240000001,conventional_hydroelectric
67,70,2602.828108655307,conventional_hydroelectric
84,70,17690.3583042,conventional_hydroelectric
109,70,288.5852441004,conventional_hydroelectric
128,70,68.65914000000001,conventional_hydroelectric
139,70,114.77114879999999,conventional_hydroelectric
110,70,0.0,conventional_steam_coal
41,70,0.0,conventional_steam_coal
3,70,0.0,conventional_steam_coal
36,70,0.0,conventional_steam_coal
85,70,0.0,conventional_steam_coal
28,70,74.364,geothermal
116,70,0.0,natural_gas_fired_combined_cycle
73,70,0.0,natural_gas_fired_combined_cycle
71,70,0.0,natural_gas_fired_combined_cycle
44,70,0.0,natural_gas_fired_combined_cycle
115,70,0.0,natural_gas_fired_combined_cycle
70,70,0.0,natural_gas_fired_combined_cycle
131,70,0.0,natural_gas_fired_combined_cycle
18,70,0.0,natural_gas_fired_combined_cycle
72,70,0.0,natural_gas_fired_combined_cycle
114,70,0.0,natural_gas_fired_combined_cycle
45,70,0.0,natural_gas_fired_combined_cycle
78,70,0.0,natural_gas_fired_combustion_turbine
75,70,0.0,natural_gas_fired_combustion_turbine
119,70,0.0,natural_gas_fired_combustion_turbine
117,70,0.0,natural_gas_fired_combustion_turbine
134,70,0.0,natural_gas_fired_combustion_turbine
103,70,0.0,natural_gas_fired_combustion_turbine
47,70,0.0,natural_gas_fired_combustion_turbine
8,70,0.0,natural_gas_fired_combustion_turbine
90,70,0.0,natural_gas_fired_combustion_turbine
60,70,0.0,natural_gas_fired_combustion_turbine
46,70,0.0,natural_gas_fired_combustion_turbine
37,70,0.0,natural_gas_fired_combustion_turbine
7,70,0.0,natural_gas_fired_combustion_turbine
133,70,0.0,natural_gas_fired_combustion_turbine
74,70,0.0,natural_gas_fired_combustion_turbine
20,70,0.0,natural_gas_fired_combustion_turbine
135,70,0.0,natural_gas_fired_combustion_turbine
142,70,0.0,natural_gas_fired_combustion_turbine
121,70,0.0,natural_gas_fired_combustion_turbine
91,70,0.0,natural_gas_fired_combustion_turbine
22,70,0.0,natural_gas_steam_turbine
123,70,0.0,natural_gas_steam_turbine
62,70,0.0,natural_gas_steam_turbine
49,70,0.0,natural_gas_steam_turbine
48,70,0.0,natural_gas_steam_turbine
21,70,0.0,natural_gas_steam_turbine
79,70,0.0,nuclear
10,70,502.68701000000004,onshore_wind_turbine
23,70,3439.8363999999997,onshore_wind_turbine
31,70,2017.40959,onshore_wind_turbine
38,70,2361.38385,onshore_wind_turbine
50,70,2038.4771399999997,onshore_wind_turbine
63,70,27.1090402296,onshore_wind_turbine
80,70,2516.5985599999995,onshore_wind_turbine
94,70,10489.0856,onshore_wind_turbine
105,70,468.90242059499997,onshore_wind_turbine
124,70,17811.4158703866,onshore_wind_turbine
136,70,2132.5485300000005,onshore_wind_turbine
144,70,2253.62718,onshore_wind_turbine
11,70,19.125,small_hydroelectric
24,70,62.577,small_hydroelectric
32,70,192.0,small_hydroelectric
39,70,52.9,small_hydroelectric
51,70,25.641,small_hydroelectric
64,70,6.128,small_hydroelectric
81,70,241.672,small_hydroelectric
95,70,418.922,small_hydroelectric
106,70,31.614,small_hydroelectric
125,70,100.697,small_hydroelectric
137,70,36.822,small_hydroelectric
145,70,33.21,small_hydroelectric
12,70,0.0,solar_photovoltaic
25,70,0.0,solar_photovoltaic
33,70,0.0,solar_photovoltaic
52,70,0.0,solar_photovoltaic
65,70,0.0,solar_photovoltaic
82,70,0.0,solar_photovoltaic
96,70,0.0,solar_photovoltaic
107,70,0.0,solar_photovoltaic
126,70,0.0,solar_photovoltaic
138,70,0.0,solar_photovoltaic
26,71,0.0,biomass
13,71,0.0,biomass
108,71,0.0,biomass
40,71,0.0,biomass
97,71,0.0,biomass
1,71,0.0,biomass
66,71,0.0,biomass
2,71,867.7037627999999,conventional_hydroelectric
14,71,123.7632924,conventional_hydroelectric
27,71,877.9814424,conventional_hydroelectric
35,71,1504.3141168,conventional_hydroelectric
54,71,874.1362410000002,conventional_hydroelectric
67,71,2605.6327839043315,conventional_hydroelectric
84,71,15278.9611302,conventional_hydroelectric
109,71,289.0712278116,conventional_hydroelectric
128,71,68.64396,conventional_hydroelectric
139,71,114.934176,conventional_hydroelectric
110,71,0.0,conventional_steam_coal
41,71,0.0,conventional_steam_coal
3,71,0.0,conventional_steam_coal
36,71,0.0,conventional_steam_coal
85,71,0.0,conventional_steam_coal
28,71,74.364,geothermal
116,71,0.0,natural_gas_fired_combined_cycle
73,71,0.0,natural_gas_fired_combined_cycle
71,71,0.0,natural_gas_fired_combined_cycle
44,71,0.0,natural_gas_fired_combined_cycle
115,71,0.0,natural_gas_fired_combined_cycle
70,71,0.0,natural_gas_fired_combined_cycle
131,71,0.0,natural_gas_fired_combined_cycle
18,71,0.0,natural_gas_fired_combined_cycle
72,71,0.0,natural_gas_fired_combined_cycle
114,71,0.0,natural_gas_fired_combined_cycle
45,71,0.0,natural_gas_fired_combined_cycle
78,71,0.0,natural_gas_fired_combustion_turbine
75,71,0.0,natural_gas_fired_combustion_turbine
119,71,0.0,natural_gas_fired_combustion_turbine
117,71,0.0,natural_gas_fired_combustion_turbine
134,71,0.0,natural_gas_fired_combustion_turbine
103,71,0.0,natural_gas_fired_combustion_turbine
47,71,0.0,natural_gas_fired_combustion_turbine
8,71,0.0,natural_gas_fired_combustion_turbine
90,71,0.0,natural_gas_fired_combustion_turbine
60,71,0.0,natural_gas_fired_combustion_turbine
46,71,0.0,natural_gas_fired_combustion_turbine
37,71,0.0,natural_gas_fired_combustion_turbine
7,71,0.0,natural_gas_fired_combustion_turbine
133,71,0.0,natural_gas_fired_combustion_turbine
74,71,0.0,natural_gas_fired_combustion_turbine
20,71,0.0,natural_gas_fired_combustion_turbine
135,71,0.0,natural_gas_fired_combustion_turbine
142,71,0.0,natural_gas_fired_combustion_turbine
121,71,0.0,natural_gas_fired_combustion_turbine
91,71,0.0,natural_gas_fired_combustion_turbine
22,71,0.0,natural_gas_steam_turbine
123,71,0.0,natural_gas_steam_turbine
62,71,0.0,natural_gas_steam_turbine
49,71,0.0,natural_gas_steam_turbine
48,71,0.0,natural_gas_steam_turbine
21,71,0.0,natural_gas_steam_turbine
79,71,0.0,nuclear
10,71,306.54722,onshore_wind_turbine
23,71,2439.1906,onshore_wind_turbine
31,71,3698.78215,onshore_wind_turbine
38,71,2443.7511,onshore_wind_turbine
50,71,1682.81064,onshore_wind_turbine
63,71,7.7560001735999995,onshore_wind_turbine
80,71,1545.4591599999999,onshore_wind_turbine
94,71,13221.690999999999,onshore_wind_turbine
105,71,358.90456087499996,onshore_wind_turbine
124,71,21397.891047379002,onshore_wind_turbine
136,71,1866.31725,onshore_wind_turbine
144,71,2171.44116,onshore_wind_turbine
11,71,19.125,small_hydroelectric
24,71,62.577,small_hydroelectric
32,71,192.0,small_hydroelectric
39,71,52.9,small_hydroelectric
51,71,25.641,small_hydroelectric
64,71,6.128,small_hydroelectric
81,71,241.672,small_hydroelectric
95,71,418.922,small_hydroelectric
106,71,31.614,small_hydroelectric
125,71,100.697,small_hydroelectric
137,71,36.822,small_hydroelectric
145,71,33.21,small_hydroelectric
12,71,0.0,solar_photovoltaic
25,71,0.0,solar_photovoltaic
33,71,0.0,solar_photovoltaic
52,71,0.0,solar_photovoltaic
65,71,0.0,solar_photovoltaic
82,71,0.0,solar_photovoltaic
96,71,0.0,solar_photovoltaic
107,71,0.0,solar_photovoltaic
126,71,0.0,solar_photovoltaic
138,71,0.0,solar_photovoltaic
26,72,0.0,biomass
13,72,0.0,biomass
108,72,0.0,biomass
40,72,0.0,biomass
97,72,0.0,biomass
1,72,0.0,biomass
66,72,0.0,biomass
2,72,638.4155988,conventional_hydroelectric
14,72,123.90441360000001,conventional_hydroelectric
27,72,760.8608064,conventional_hydroelectric
35,72,1297.0119888,conventional_hydroelectric
54,72,787.8659580000001,conventional_hydroelectric
67,72,2001.8902029043315,conventional_hydroelectric
84,72,12867.5639562,conventional_hydroelectric
109,72,173.1866278116,conventional_hydroelectric
128,72,68.64396,conventional_hydroelectric
139,72,115.09720319999998,conventional_hydroelectric
110,72,0.0,conventional_steam_coal
41,72,0.0,conventional_steam_coal
3,72,0.0,conventional_steam_coal
36,72,0.0,conventional_steam_coal
85,72,0.0,conventional_steam_coal
28,72,74.364,geothermal
116,72,0.0,natural_gas_fired_combined_cycle
73,72,0.0,natural_gas_fired_combined_cycle
71,72,0.0,natural_gas_fired_combined_cycle
44,72,0.0,natural_gas_fired_combined_cycle
115,72,0.0,natural_gas_fired_combined_cycle
70,72,0.0,natural_gas_fired_combined_cycle
131,72,0.0,natural_gas_fired_combined_cycle
18,72,0.0,natural_gas_fired_combined_cycle
72,72,0.0,natural_gas_fired_combined_cycle
114,72,0.0,natural_gas_fired_combined_cycle
45,72,0.0,natural_gas_fired_combined_cycle
78,72,0.0,natural_gas_fired_combustion_turbine
75,72,0.0,natural_gas_fired_combustion_turbine
119,72,0.0,natural_gas_fired_combustion_turbine
117,72,0.0,natural_gas_fired_combustion_turbine
134,72,0.0,natural_gas_fired_combustion_turbine
103,72,0.0,natural_gas_fired_combustion_turbine
47,72,0.0,natural_gas_fired_combustion_turbine
8,72,0.0,natural_gas_fired_combustion_turbine
90,72,0.0,natural_gas_fired_combustion_turbine
60,72,0.0,natural_gas_fired_combustion_turbine
46,72,0.0,natural_gas_fired_combustion_turbine
37,72,0.0,natural_gas_fired_combustion_turbine
7,72,0.0,natural_gas_fired_combustion_turbine
133,72,0.0,natural_gas_fired_combustion_turbine
74,72,0.0,natural_gas_fired_combustion_turbine
20,72,0.0,natural_gas_fired_combustion_turbine
135,72,0.0,natural_gas_fired_combustion_turbine
142,72,0.0,natural_gas_fired_combustion_turbine
121,72,0.0,natural_gas_fired_combustion_turbine
91,72,0.0,natural_gas_fired_combustion_turbine
22,72,0.0,natural_gas_steam_turbine
123,72,0.0,natural_gas_steam_turbine
62,72,0.0,natural_gas_steam_turbine
49,72,0.0,natural_gas_steam_turbine
48,72,0.0,natural_gas_steam_turbine
21,72,0.0,natural_gas_steam_turbine
79,72,0.0,nuclear
10,72,231.26124,onshore_wind_turbine
23,72,2269.6212,onshore_wind_turbine
31,72,2361.75849,onshore_wind_turbine
38,72,2844.7944,onshore_wind_turbine
50,72,1947.0200399999999,onshore_wind_turbine
63,72,1.6310002016,onshore_wind_turbine
80,72,2802.8291199999994,onshore_wind_turbine
94,72,15362.170600000001,onshore_wind_turbine
105,72,92.383620588,onshore_wind_turbine
124,72,20475.624046431403,onshore_wind_turbine
136,72,1845.63036,onshore_wind_turbine
144,72,3155.51061,onshore_wind_turbine
11,72,19.125,small_hydroelectric
24,72,62.577,small_hydroelectric
32,72,192.0,small_hydroelectric
39,72,52.9,small_hydroelectric
51,72,25.641,small_hydroelectric
64,72,6.128,small_hydroelectric
81,72,241.672,small_hydroelectric
95,72,418.922,small_hydroelectric
106,72,31.614,small_hydroelectric
125,72,100.697,small_hydroelectric
137,72,36.822,small_hydroelectric
145,72,33.21,small_hydroelectric
12,72,0.0,solar_photovoltaic
25,72,0.0,solar_photovoltaic
33,72,0.0,solar_photovoltaic
52,72,0.0,solar_photovoltaic
65,72,0.0,solar_photovoltaic
82,72,0.0,solar_photovoltaic
96,72,0.0,solar_photovoltaic
107,72,0.0,solar_photovoltaic
126,72,0.0,solar_photovoltaic
138,72,0.0,solar_photovoltaic
26,73,0.0,biomass
13,73,0.0,biomass
108,73,0.0,biomass
40,73,0.0,biomass
97,73,0.0,biomass
1,73,0.0,biomass
66,73,0.0,biomass
2,73,409.1274348,conventional_hydroelectric
14,73,124.0455348,conventional_hydroelectric
27,73,761.2841340000001,conventional_hydroelectric
35,73,1451.114896,conventional_hydroelectric
54,73,701.595675,conventional_hydroelectric
67,73,1398.1476219043316,conventional_hydroelectric
84,73,10456.1667822,conventional_hydroelectric
109,73,289.0712278116,conventional_hydroelectric
128,73,68.62878,conventional_hydroelectric
139,73,115.2602304,conventional_hydroelectric
110,73,0.0,conventional_steam_coal
41,73,0.0,conventional_steam_coal
3,73,0.0,conventional_steam_coal
36,73,0.0,conventional_steam_coal
85,73,0.0,conventional_steam_coal
28,73,74.364,geothermal
116,73,0.0,natural_gas_fired_combined_cycle
73,73,0.0,natural_gas_fired_combined_cycle
71,73,0.0,natural_gas_fired_combined_cycle
44,73,0.0,natural_gas_fired_combined_cycle
115,73,0.0,natural_gas_fired_combined_cycle
70,73,0.0,natural_gas_fired_combined_cycle
131,73,0.0,natural_gas_fired_combined_cycle
18,73,0.0,natural_gas_fired_combined_cycle
72,73,0.0,natural_gas_fired_combined_cycle
114,73,0.0,natural_gas_fired_combined_cycle
45,73,0.0,natural_gas_fired_combined_cycle
78,73,0.0,natural_gas_fired_combustion_turbine
75,73,0.0,natural_gas_fired_combustion_turbine
119,73,0.0,natural_gas_fired_combustion_turbine
117,73,0.0,natural_gas_fired_combustion_turbine
134,73,0.0,natural_gas_fired_combustion_turbine
103,73,0.0,natural_gas_fired_combustion_turbine
47,73,0.0,natural_gas_fired_combustion_turbine
8,73,0.0,natural_gas_fired_combustion_turbine
90,73,0.0,natural_gas_fired_combustion_turbine
60,73,0.0,natural_gas_fired_combustion_turbine
46,73,0.0,natural_gas_fired_combustion_turbine
37,73,0.0,natural_gas_fired_combustion_turbine
7,73,0.0,natural_gas_fired_combustion_turbine
133,73,0.0,natural_gas_fired_combustion_turbine
74,73,0.0,natural_gas_fired_combustion_turbine
20,73,0.0,natural_gas_fired_combustion_turbine
135,73,0.0,natural_gas_fired_combustion_turbine
142,73,0.0,natural_gas_fired_combustion_turbine
121,73,0.0,natural_gas_fired_combustion_turbine
91,73,0.0,natural_gas_fired_combustion_turbine
22,73,0.0,natural_gas_steam_turbine
123,73,0.0,natural_gas_steam_turbine
62,73,0.0,natural_gas_steam_turbine
49,73,0.0,natural_gas_steam_turbine
48,73,0.0,natural_gas_steam_turbine
21,73,0.0,natural_gas_steam_turbine
79,73,0.0,nuclear
10,73,286.3749,onshore_wind_turbine
23,73,2038.5596,onshore_wind_turbine
31,73,1977.0376500000002,onshore_wind_turbine
38,73,2082.4712999999997,onshore_wind_turbine
50,73,2056.7685599999995,onshore_wind_turbine
63,73,0.0,onshore_wind_turbine
80,73,2677.37092,onshore_wind_turbine
94,73,15873.3848,onshore_wind_turbine
105,73,54.997878369,onshore_wind_turbine
124,73,20695.870295685203,onshore_wind_turbine
136,73,2177.52003,onshore_wind_turbine
144,73,3655.1151,onshore_wind_turbine
11,73,19.125,small_hydroelectric
24,73,62.577,small_hydroelectric
32,73,192.0,small_hydroelectric
39,73,52.9,small_hydroelectric
51,73,25.641,small_hydroelectric
64,73,6.128,small_hydroelectric
81,73,241.672,small_hydroelectric
95,73,418.922,small_hydroelectric
106,73,31.614,small_hydroelectric
125,73,100.697,small_hydroelectric
137,73,36.822,small_hydroelectric
145,73,33.21,small_hydroelectric
12,73,0.0,solar_photovoltaic
25,73,0.0,solar_photovoltaic
33,73,0.0,solar_photovoltaic
52,73,0.0,solar_photovoltaic
65,73,0.0,solar_photovoltaic
82,73,0.0,solar_photovoltaic
96,73,0.0,solar_photovoltaic
107,73,0.0,solar_photovoltaic
126,73,0.0,solar_photovoltaic
138,73,0.0,solar_photovoltaic
26,74,0.0,biomass
13,74,0.0,biomass
108,74,0.0,biomass
40,74,0.0,biomass
97,74,0.0,biomass
1,74,0.0,biomass
66,74,0.0,biomass
2,74,179.8392708,conventional_hydroelectric
14,74,124.186656,conventional_hydroelectric
27,74,644.1634980000001,conventional_hydroelectric
35,74,1243.812768,conventional_hydroelectric
54,74,615.325392,conventional_hydroelectric
67,74,794.4050409043316,conventional_hydroelectric
84,74,8044.7696082,conventional_hydroelectric
109,74,173.1866278116,conventional_hydroelectric
128,74,68.62878,conventional_hydroelectric
139,74,115.42325759999999,conventional_hydroelectric
110,74,0.0,conventional_steam_coal
41,74,0.0,conventional_steam_coal
3,74,0.0,conventional_steam_coal
36,74,0.0,conventional_steam_coal
85,74,0.0,conventional_steam_coal
28,74,0.0,geothermal
116,74,0.0,natural_gas_fired_combined_cycle
73,74,0.0,natural_gas_fired_combined_cycle
71,74,0.0,natural_gas_fired_combined_cycle
44,74,0.0,natural_gas_fired_combined_cycle
115,74,0.0,natural_gas_fired_combined_cycle
70,74,0.0,natural_gas_fired_combined_cycle
131,74,0.0,natural_gas_fired_combined_cycle
18,74,0.0,natural_gas_fired_combined_cycle
72,74,0.0,natural_gas_fired_combined_cycle
114,74,0.0,natural_gas_fired_combined_cycle
45,74,0.0,natural_gas_fired_combined_cycle
78,74,0.0,natural_gas_fired_combustion_turbine
75,74,0.0,natural_gas_fired_combustion_turbine
119,74,0.0,natural_gas_fired_combustion_turbine
117,74,0.0,natural_gas_fired_combustion_turbine
134,74,0.0,natural_gas_fired_combustion_turbine
103,74,0.0,natural_gas_fired_combustion_turbine
47,74,0.0,natural_gas_fired_combustion_turbine
8,74,0.0,natural_gas_fired_combustion_turbine
90,74,0.0,natural_gas_fired_combustion_turbine
60,74,0.0,natural_gas_fired_combustion_turbine
46,74,0.0,natural_gas_fired_combustion_turbine
37,74,0.0,natural_gas_fired_combustion_turbine
7,74,0.0,natural_gas_fired_combustion_turbine
133,74,0.0,natural_gas_fired_combustion_turbine
74,74,0.0,natural_gas_fired_combustion_turbine
20,74,0.0,natural_gas_fired_combustion_turbine
135,74,0.0,natural_gas_fired_combustion_turbine
142,74,0.0,natural_gas_fired_combustion_turbine
121,74,0.0,natural_gas_fired_combustion_turbine
91,74,0.0,natural_gas_fired_combustion_turbine
22,74,0.0,natural_gas_steam_turbine
123,74,0.0,natural_gas_steam_turbine
62,74,0.0,natural_gas_steam_turbine
49,74,0.0,natural_gas_steam_turbine
48,74,0.0,natural_gas_steam_turbine
21,74,0.0,natural_gas_steam_turbine
79,74,0.0,nuclear
10,74,0.0,onshore_wind_turbine
23,74,0.0,onshore_wind_turbine
31,74,2970.8998199999996,onshore_wind_turbine
38,74,0.0,onshore_wind_turbine
50,74,2062.18824,onshore_wind_turbine
63,74,0.0,onshore_wind_turbine
80,74,3975.6309599999995,onshore_wind_turbine
94,74,18697.9352,onshore_wind_turbine
105,74,0.0,onshore_wind_turbine
124,74,21276.2904211396,onshore_wind_turbine
136,74,2012.9243400000003,onshore_wind_turbine
144,74,3318.5328895444745,onshore_wind_turbine
11,74,0.0,small_hydroelectric
24,74,0.0,small_hydroelectric
32,74,0.0,small_hydroelectric
39,74,0.0,small_hydroelectric
51,74,0.0,small_hydroelectric
64,74,0.0,small_hydroelectric
81,74,0.0,small_hydroelectric
95,74,0.0,small_hydroelectric
106,74,0.0,small_hydroelectric
125,74,0.0,small_hydroelectric
137,74,0.0,small_hydroelectric
145,74,0.0,small_hydroelectric
12,74,0.0,solar_photovoltaic
25,74,0.0,solar_photovoltaic
33,74,0.0,solar_photovoltaic
52,74,0.0,solar_photovoltaic
65,74,0.0,solar_photovoltaic
82,74,0.0,solar_photovoltaic
96,74,0.0,solar_photovoltaic
107,74,0.0,solar_photovoltaic
126,74,0.0,solar_photovoltaic
138,74,0.0,solar_photovoltaic
26,75,0.0,biomass
13,75,0.0,biomass
108,75,0.0,biomass
40,75,0.0,biomass
97,75,0.0,biomass
1,75,0.0,biomass
66,75,0.0,biomass
2,75,408.02243159999995,conventional_hydroelectric
14,75,124.32777719999999,conventional_hydroelectric
27,75,761.2841340000001,conventional_hydroelectric
35,75,1036.51064,conventional_hydroelectric
54,75,603.891981,conventional_hydroelectric
67,75,1198.8358639196613,conventional_hydroelectric
84,75,5633.3724342000005,conventional_hydroelectric
109,75,60.57604281299996,conventional_hydroelectric
128,75,68.6136,conventional_hydroelectric
139,75,115.6095744,conventional_hydroelectric
110,75,0.0,conventional_steam_coal
41,75,0.0,conventional_steam_coal
3,75,0.0,conventional_steam_coal
36,75,0.0,conventional_steam_coal
85,75,0.0,conventional_steam_coal
28,75,0.0,geothermal
116,75,0.0,natural_gas_fired_combined_cycle
73,75,0.0,natural_gas_fired_combined_cycle
71,75,0.0,natural_gas_fired_combined_cycle
44,75,0.0,natural_gas_fired_combined_cycle
115,75,0.0,natural_gas_fired_combined_cycle
70,75,0.0,natural_gas_fired_combined_cycle
131,75,0.0,natural_gas_fired_combined_cycle
18,75,0.0,natural_gas_fired_combined_cycle
72,75,0.0,natural_gas_fired_combined_cycle
114,75,0.0,natural_gas_fired_combined_cycle
45,75,0.0,natural_gas_fired_combined_cycle
78,75,0.0,natural_gas_fired_combustion_turbine
75,75,0.0,natural_gas_fired_combustion_turbine
119,75,0.0,natural_gas_fired_combustion_turbine
117,75,0.0,natural_gas_fired_combustion_turbine
134,75,0.0,natural_gas_fired_combustion_turbine
103,75,0.0,natural_gas_fired_combustion_turbine
47,75,0.0,natural_gas_fired_combustion_turbine
8,75,0.0,natural_gas_fired_combustion_turbine
90,75,0.0,natural_gas_fired_combustion_turbine
60,75,0.0,natural_gas_fired_combustion_turbine
46,75,0.0,natural_gas_fired_combustion_turbine
37,75,0.0,natural_gas_fired_combustion_turbine
7,75,0.0,natural_gas_fired_combustion_turbine
133,75,0.0,natural_gas_fired_combustion_turbine
74,75,0.0,natural_gas_fired_combustion_turbine
20,75,0.0,natural_gas_fired_combustion_turbine
135,75,0.0,natural_gas_fired_combustion_turbine
142,75,0.0,natural_gas_fired_combustion_turbine
121,75,0.0,natural_gas_fired_combustion_turbine
91,75,0.0,natural_gas_fired_combustion_turbine
22,75,0.0,natural_gas_steam_turbine
123,75,0.0,natural_gas_steam_turbine
62,75,0.0,natural_gas_steam_turbine
49,75,0.0,natural_gas_steam_turbine
48,75,0.0,natural_gas_steam_turbine
21,75,0.0,natural_gas_steam_turbine
79,75,0.0,nuclear
10,75,0.0,onshore_wind_turbine
23,75,2334.8402,onshore_wind_turbine
31,75,3863.8321400000004,onshore_wind_turbine
38,75,1804.1268,onshore_wind_turbine
50,75,1441.6348799999998,onshore_wind_turbine
63,75,0.0,onshore_wind_turbine
80,75,3111.3633599999994,onshore_wind_turbine
94,75,14413.298200000001,onshore_wind_turbine
105,75,0.0,onshore_wind_turbine
124,75,21184.927677559805,onshore_wind_turbine
136,75,2265.6641700000005,onshore_wind_turbine
144,75,4269.347459999999,onshore_wind_turbine
11,75,0.0,small_hydroelectric
24,75,0.0,small_hydroelectric
32,75,192.0,small_hydroelectric
39,75,52.9,small_hydroelectric
51,75,0.0,small_hydroelectric
64,75,0.0,small_hydroelectric
81,75,241.672,small_hydroelectric
95,75,417.3686933075296,small_hydroelectric
106,75,0.0,small_hydroelectric
125,75,0.0,small_hydroelectric
137,75,0.0,small_hydroelectric
145,75,0.0,small_hydroelectric
12,75,0.0,solar_photovoltaic
25,75,0.0,solar_photovoltaic
33,75,0.0,solar_photovoltaic
52,75,0.0,solar_photovoltaic
65,75,0.0,solar_photovoltaic
82,75,0.0,solar_photovoltaic
96,75,0.0,solar_photovoltaic
107,75,0.0,solar_photovoltaic
126,75,0.0,solar_photovoltaic
138,75,0.0,solar_photovoltaic
26,76,0.0,biomass
13,76,0.0,biomass
108,76,0.0,biomass
40,76,0.0,biomass
97,76,0.0,biomass
1,76,0.0,biomass
66,76,0.0,biomass
2,76,637.3105955999999,conventional_hydroelectric
14,76,124.4688984,conventional_hydroelectric
27,76,878.4047700000001,conventional_hydroelectric
35,76,1243.812768,conventional_hydroelectric
54,76,690.162264,conventional_hydroelectric
67,76,1802.5784449196613,conventional_hydroelectric
84,76,7234.191522000001,conventional_hydroelectric
109,76,176.46064281299996,conventional_hydroelectric
128,76,68.6136,conventional_hydroelectric
139,76,115.77260159999999,conventional_hydroelectric
110,76,0.0,conventional_steam_coal
41,76,0.0,conventional_steam_coal
3,76,0.0,conventional_steam_coal
36,76,0.0,conventional_steam_coal
85,76,0.0,conventional_steam_coal
28,76,74.364,geothermal
116,76,0.0,natural_gas_fired_combined_cycle
73,76,0.0,natural_gas_fired_combined_cycle
71,76,0.0,natural_gas_fired_combined_cycle
44,76,0.0,natural_gas_fired_combined_cycle
115,76,0.0,natural_gas_fired_combined_cycle
70,76,0.0,natural_gas_fired_combined_cycle
131,76,0.0,natural_gas_fired_combined_cycle
18,76,0.0,natural_gas_fired_combined_cycle
72,76,0.0,natural_gas_fired_combined_cycle
114,76,0.0,natural_gas_fired_combined_cycle
45,76,0.0,natural_gas_fired_combined_cycle
78,76,0.0,natural_gas_fired_combustion_turbine
75,76,0.0,natural_gas_fired_combustion_turbine
119,76,0.0,natural_gas_fired_combustion_turbine
117,76,0.0,natural_gas_fired_combustion_turbine
134,76,0.0,natural_gas_fired_combustion_turbine
103,76,0.0,natural_gas_fired_combustion_turbine
47,76,0.0,natural_gas_fired_combustion_turbine
8,76,0.0,natural_gas_fired_combustion_turbine
90,76,0.0,natural_gas_fired_combustion_turbine
60,76,0.0,natural_gas_fired_combustion_turbine
46,76,0.0,natural_gas_fired_combustion_turbine
37,76,0.0,natural_gas_fired_combustion_turbine
7,76,0.0,natural_gas_fired_combustion_turbine
133,76,0.0,natural_gas_fired_combustion_turbine
74,76,0.0,natural_gas_fired_combustion_turbine
20,76,0.0,natural_gas_fired_combustion_turbine
135,76,0.0,natural_gas_fired_combustion_turbine
142,76,0.0,natural_gas_fired_combustion_turbine
121,76,0.0,natural_gas_fired_combustion_turbine
91,76,0.0,natural_gas_fired_combustion_turbine
22,76,0.0,natural_gas_steam_turbine
123,76,0.0,natural_gas_steam_turbine
62,76,0.0,natural_gas_steam_turbine
49,76,0.0,natural_gas_steam_turbine
48,76,0.0,natural_gas_steam_turbine
21,76,0.0,natural_gas_steam_turbine
79,76,0.0,nuclear
10,76,143.90789,onshore_wind_turbine
23,76,2049.7400000000002,onshore_wind_turbine
31,76,4167.8090999999995,onshore_wind_turbine
38,76,1404.78765,onshore_wind_turbine
50,76,1303.43304,onshore_wind_turbine
63,76,19.055959803999997,onshore_wind_turbine
80,76,3151.3241199999998,onshore_wind_turbine
94,76,13534.304,onshore_wind_turbine
105,76,83.190661302,onshore_wind_turbine
124,76,21133.523235363005,onshore_wind_turbine
136,76,2709.0831600000006,onshore_wind_turbine
144,76,3901.67316,onshore_wind_turbine
11,76,19.125,small_hydroelectric
24,76,62.577,small_hydroelectric
32,76,192.0,small_hydroelectric
39,76,52.9,small_hydroelectric
51,76,25.641,small_hydroelectric
64,76,6.128,small_hydroelectric
81,76,241.672,small_hydroelectric
95,76,418.922,small_hydroelectric
106,76,31.614,small_hydroelectric
125,76,100.697,small_hydroelectric
137,76,36.822,small_hydroelectric
145,76,33.21,small_hydroelectric
12,76,0.0,solar_photovoltaic
25,76,0.0,solar_photovoltaic
33,76,0.0,solar_photovoltaic
52,76,0.0,solar_photovoltaic
65,76,0.0,solar_photovoltaic
82,76,0.0,solar_photovoltaic
96,76,0.0,solar_photovoltaic
107,76,0.0,solar_photovoltaic
126,76,0.0,solar_photovoltaic
138,76,0.0,solar_photovoltaic
26,77,0.0,biomass
13,77,0.0,biomass
108,77,0.0,biomass
40,77,0.0,biomass
97,77,0.0,biomass
1,77,0.0,biomass
66,77,0.0,biomass
2,77,866.5987595999999,conventional_hydroelectric
14,77,124.61001960000002,conventional_hydroelectric
27,77,819.844452,conventional_hydroelectric
35,77,1451.114896,conventional_hydroelectric
54,77,776.4325470000001,conventional_hydroelectric
67,77,2406.3210259196603,conventional_hydroelectric
84,77,9645.588696,conventional_hydroelectric
109,77,292.34524281299997,conventional_hydroelectric
128,77,68.59842,conventional_hydroelectric
139,77,96.44223359999998,conventional_hydroelectric
110,77,0.0,conventional_steam_coal
41,77,0.0,conventional_steam_coal
3,77,0.0,conventional_steam_coal
36,77,0.0,conventional_steam_coal
85,77,0.0,conventional_steam_coal
28,77,74.364,geothermal
116,77,0.0,natural_gas_fired_combined_cycle
73,77,0.0,natural_gas_fired_combined_cycle
71,77,0.0,natural_gas_fired_combined_cycle
44,77,0.0,natural_gas_fired_combined_cycle
115,77,0.0,natural_gas_fired_combined_cycle
70,77,0.0,natural_gas_fired_combined_cycle
131,77,0.0,natural_gas_fired_combined_cycle
18,77,0.0,natural_gas_fired_combined_cycle
72,77,0.0,natural_gas_fired_combined_cycle
114,77,0.0,natural_gas_fired_combined_cycle
45,77,0.0,natural_gas_fired_combined_cycle
78,77,0.0,natural_gas_fired_combustion_turbine
75,77,0.0,natural_gas_fired_combustion_turbine
119,77,0.0,natural_gas_fired_combustion_turbine
117,77,0.0,natural_gas_fired_combustion_turbine
134,77,0.0,natural_gas_fired_combustion_turbine
103,77,0.0,natural_gas_fired_combustion_turbine
47,77,0.0,natural_gas_fired_combustion_turbine
8,77,0.0,natural_gas_fired_combustion_turbine
90,77,0.0,natural_gas_fired_combustion_turbine
60,77,0.0,natural_gas_fired_combustion_turbine
46,77,0.0,natural_gas_fired_combustion_turbine
37,77,0.0,natural_gas_fired_combustion_turbine
7,77,0.0,natural_gas_fired_combustion_turbine
133,77,0.0,natural_gas_fired_combustion_turbine
74,77,0.0,natural_gas_fired_combustion_turbine
20,77,0.0,natural_gas_fired_combustion_turbine
135,77,0.0,natural_gas_fired_combustion_turbine
142,77,0.0,natural_gas_fired_combustion_turbine
121,77,0.0,natural_gas_fired_combustion_turbine
91,77,0.0,natural_gas_fired_combustion_turbine
22,77,0.0,natural_gas_steam_turbine
123,77,0.0,natural_gas_steam_turbine
62,77,0.0,natural_gas_steam_turbine
49,77,0.0,natural_gas_steam_turbine
48,77,0.0,natural_gas_steam_turbine
21,77,0.0,natural_gas_steam_turbine
79,77,0.0,nuclear
10,77,117.79194000000001,onshore_wind_turbine
23,77,3721.2097999999996,onshore_wind_turbine
31,77,2780.91422,onshore_wind_turbine
38,77,1180.4079000000002,onshore_wind_turbine
50,77,823.7913599999999,onshore_wind_turbine
63,77,193.74739979839998,onshore_wind_turbine
80,77,2403.2215199999996,onshore_wind_turbine
94,77,10389.785,onshore_wind_turbine
105,77,326.008059741,onshore_wind_turbine
124,77,21560.417560574202,onshore_wind_turbine
136,77,2999.5990500000007,onshore_wind_turbine
144,77,4978.742579999999,onshore_wind_turbine
11,77,19.125,small_hydroelectric
24,77,62.577,small_hydroelectric
32,77,192.0,small_hydroelectric
39,77,52.9,small_hydroelectric
51,77,25.641,small_hydroelectric
64,77,6.128,small_hydroelectric
81,77,241.672,small_hydroelectric
95,77,418.922,small_hydroelectric
106,77,31.614,small_hydroelectric
125,77,100.697,small_hydroelectric
137,77,36.822,small_hydroelectric
145,77,33.21,small_hydroelectric
12,77,0.0,solar_photovoltaic
25,77,0.0,solar_photovoltaic
33,77,0.0,solar_photovoltaic
52,77,0.0,solar_photovoltaic
65,77,0.0,solar_photovoltaic
82,77,0.0,solar_photovoltaic
96,77,0.0,solar_photovoltaic
107,77,0.0,solar_photovoltaic
126,77,0.0,solar_photovoltaic
138,77,0.0,solar_photovoltaic
26,78,0.0,biomass
13,78,0.0,biomass
108,78,0.0,biomass
40,78,0.0,biomass
97,78,0.0,biomass
1,78,0.0,biomass
66,78,0.0,biomass
2,78,687.8644919999999,conventional_hydroelectric
14,78,124.7511408,conventional_hydroelectric
27,78,702.723816,conventional_hydroelectric
35,78,1243.812768,conventional_hydroelectric
54,78,690.162264,conventional_hydroelectric
67,78,1802.5784449196603,conventional_hydroelectric
84,78,7234.191522000001,conventional_hydroelectric
109,78,292.8312265242,conventional_hydroelectric
128,78,55.99902,conventional_hydroelectric
139,78,77.11186559999999,conventional_hydroelectric
110,78,0.0,conventional_steam_coal
41,78,0.0,conventional_steam_coal
3,78,0.0,conventional_steam_coal
36,78,0.0,conventional_steam_coal
85,78,0.0,conventional_steam_coal
28,78,74.364,geothermal
116,78,0.0,natural_gas_fired_combined_cycle
73,78,0.0,natural_gas_fired_combined_cycle
71,78,0.0,natural_gas_fired_combined_cycle
44,78,0.0,natural_gas_fired_combined_cycle
115,78,0.0,natural_gas_fired_combined_cycle
70,78,0.0,natural_gas_fired_combined_cycle
131,78,0.0,natural_gas_fired_combined_cycle
18,78,0.0,natural_gas_fired_combined_cycle
72,78,0.0,natural_gas_fired_combined_cycle
114,78,0.0,natural_gas_fired_combined_cycle
45,78,0.0,natural_gas_fired_combined_cycle
78,78,0.0,natural_gas_fired_combustion_turbine
75,78,0.0,natural_gas_fired_combustion_turbine
119,78,0.0,natural_gas_fired_combustion_turbine
117,78,0.0,natural_gas_fired_combustion_turbine
134,78,0.0,natural_gas_fired_combustion_turbine
103,78,0.0,natural_gas_fired_combustion_turbine
47,78,0.0,natural_gas_fired_combustion_turbine
8,78,0.0,natural_gas_fired_combustion_turbine
90,78,0.0,natural_gas_fired_combustion_turbine
60,78,0.0,natural_gas_fired_combustion_turbine
46,78,0.0,natural_gas_fired_combustion_turbine
37,78,0.0,natural_gas_fired_combustion_turbine
7,78,0.0,natural_gas_fired_combustion_turbine
133,78,0.0,natural_gas_fired_combustion_turbine
74,78,0.0,natural_gas_fired_combustion_turbine
20,78,0.0,natural_gas_fired_combustion_turbine
135,78,0.0,natural_gas_fired_combustion_turbine
142,78,0.0,natural_gas_fired_combustion_turbine
121,78,0.0,natural_gas_fired_combustion_turbine
91,78,0.0,natural_gas_fired_combustion_turbine
22,78,0.0,natural_gas_steam_turbine
123,78,0.0,natural_gas_steam_turbine
62,78,0.0,natural_gas_steam_turbine
49,78,0.0,natural_gas_steam_turbine
48,78,0.0,natural_gas_steam_turbine
21,78,0.0,natural_gas_steam_turbine
79,78,0.0,nuclear
10,78,82.13016,onshore_wind_turbine
23,78,2273.348,onshore_wind_turbine
31,78,2583.80416,onshore_wind_turbine
38,78,1205.9701499999999,onshore_wind_turbine
50,78,1256.01084,onshore_wind_turbine
63,78,167.502160168,onshore_wind_turbine
80,78,1848.4174799999996,onshore_wind_turbine
94,78,11592.425599999999,onshore_wind_turbine
105,78,109.734101148,onshore_wind_turbine
124,78,14992.478336004402,onshore_wind_turbine
136,78,2712.6808800000003,onshore_wind_turbine
144,78,6827.928029999999,onshore_wind_turbine
11,78,19.125,small_hydroelectric
24,78,62.577,small_hydroelectric
32,78,192.0,small_hydroelectric
39,78,52.9,small_hydroelectric
51,78,25.641,small_hydroelectric
64,78,6.128,small_hydroelectric
81,78,241.672,small_hydroelectric
95,78,418.922,small_hydroelectric
106,78,31.614,small_hydroelectric
125,78,100.697,small_hydroelectric
137,78,36.822,small_hydroelectric
145,78,33.21,small_hydroelectric
12,78,1204.8283800000002,solar_photovoltaic
25,78,1338.45012,solar_photovoltaic
33,78,0.17605,solar_photovoltaic
52,78,1772.1855200000002,solar_photovoltaic
65,78,2495.1441288368,solar_photovoltaic
82,78,0.0,solar_photovoltaic
96,78,0.0,solar_photovoltaic
107,78,0.0,solar_photovoltaic
126,78,0.0,solar_photovoltaic
138,78,1047.0067299999998,solar_photovoltaic
26,79,0.0,biomass
13,79,0.0,biomass
108,79,0.0,biomass
40,79,0.0,biomass
97,79,0.0,biomass
1,79,0.0,biomass
66,79,0.0,biomass
2,79,458.576328,conventional_hydroelectric
14,79,85.7076088,conventional_hydroelectric
27,79,585.6031800000001,conventional_hydroelectric
35,79,1036.51064,conventional_hydroelectric
54,79,603.891981,conventional_hydroelectric
67,79,1198.8358639196604,conventional_hydroelectric
84,79,4822.794348,conventional_hydroelectric
109,79,176.9466265242,conventional_hydroelectric
128,79,43.39962,conventional_hydroelectric
139,79,57.78149759999999,conventional_hydroelectric
110,79,0.0,conventional_steam_coal
41,79,0.0,conventional_steam_coal
3,79,0.0,conventional_steam_coal
36,79,0.0,conventional_steam_coal
85,79,0.0,conventional_steam_coal
28,79,0.0,geothermal
116,79,0.0,natural_gas_fired_combined_cycle
73,79,0.0,natural_gas_fired_combined_cycle
71,79,0.0,natural_gas_fired_combined_cycle
44,79,0.0,natural_gas_fired_combined_cycle
115,79,0.0,natural_gas_fired_combined_cycle
70,79,0.0,natural_gas_fired_combined_cycle
131,79,0.0,natural_gas_fired_combined_cycle
18,79,0.0,natural_gas_fired_combined_cycle
72,79,0.0,natural_gas_fired_combined_cycle
114,79,0.0,natural_gas_fired_combined_cycle
45,79,0.0,natural_gas_fired_combined_cycle
78,79,0.0,natural_gas_fired_combustion_turbine
75,79,0.0,natural_gas_fired_combustion_turbine
119,79,0.0,natural_gas_fired_combustion_turbine
117,79,0.0,natural_gas_fired_combustion_turbine
134,79,0.0,natural_gas_fired_combustion_turbine
103,79,0.0,natural_gas_fired_combustion_turbine
47,79,0.0,natural_gas_fired_combustion_turbine
8,79,0.0,natural_gas_fired_combustion_turbine
90,79,0.0,natural_gas_fired_combustion_turbine
60,79,0.0,natural_gas_fired_combustion_turbine
46,79,0.0,natural_gas_fired_combustion_turbine
37,79,0.0,natural_gas_fired_combustion_turbine
7,79,0.0,natural_gas_fired_combustion_turbine
133,79,0.0,natural_gas_fired_combustion_turbine
74,79,0.0,natural_gas_fired_combustion_turbine
20,79,0.0,natural_gas_fired_combustion_turbine
135,79,0.0,natural_gas_fired_combustion_turbine
142,79,0.0,natural_gas_fired_combustion_turbine
121,79,0.0,natural_gas_fired_combustion_turbine
91,79,0.0,natural_gas_fired_combustion_turbine
22,79,0.0,natural_gas_steam_turbine
123,79,0.0,natural_gas_steam_turbine
62,79,0.0,natural_gas_steam_turbine
49,79,0.0,natural_gas_steam_turbine
48,79,0.0,natural_gas_steam_turbine
21,79,0.0,natural_gas_steam_turbine
79,79,0.0,nuclear
10,79,3.9624200000000007,onshore_wind_turbine
23,79,1050.9576,onshore_wind_turbine
31,79,4557.279579999999,onshore_wind_turbine
38,79,1021.3539,onshore_wind_turbine
50,79,877.3107,onshore_wind_turbine
63,79,220.87071977600002,onshore_wind_turbine
80,79,1729.4645199999998,onshore_wind_turbine
94,79,14008.7402,onshore_wind_turbine
105,79,78.11551996499999,onshore_wind_turbine
124,79,11344.9374475052,onshore_wind_turbine
136,79,2468.0359200000003,onshore_wind_turbine
144,79,5298.835499999999,onshore_wind_turbine
11,79,19.125,small_hydroelectric
24,79,62.577,small_hydroelectric
32,79,192.0,small_hydroelectric
39,79,52.9,small_hydroelectric
51,79,25.641,small_hydroelectric
64,79,6.128,small_hydroelectric
81,79,241.672,small_hydroelectric
95,79,418.922,small_hydroelectric
106,79,31.614,small_hydroelectric
125,79,100.697,small_hydroelectric
137,79,36.822,small_hydroelectric
145,79,29.61772966647277,small_hydroelectric
12,79,0.0,solar_photovoltaic
25,79,0.0,solar_photovoltaic
33,79,0.0,solar_photovoltaic
52,79,0.0,solar_photovoltaic
65,79,0.0,solar_photovoltaic
82,79,5542.7057700000005,solar_photovoltaic
96,79,0.0,solar_photovoltaic
107,79,6572.3259777805,solar_photovoltaic
126,79,13348.564951463,solar_photovoltaic
138,79,2167.52767,solar_photovoltaic
26,80,0.0,biomass
13,80,0.0,biomass
108,80,0.0,biomass
40,80,0.0,biomass
97,80,0.0,biomass
1,80,0.0,biomass
66,80,0.0,biomass
2,80,229.288164,conventional_hydroelectric
14,80,46.664076800000004,conventional_hydroelectric
27,80,468.4825440000001,conventional_hydroelectric
35,80,829.208512,conventional_hydroelectric
54,80,517.621698,conventional_hydroelectric
67,80,595.0932829196604,conventional_hydroelectric
84,80,2411.397174,conventional_hydroelectric
109,80,61.06202652420001,conventional_hydroelectric
128,80,30.800219999999996,conventional_hydroelectric
139,80,38.45112959999999,conventional_hydroelectric
110,80,0.0,conventional_steam_coal
41,80,0.0,conventional_steam_coal
3,80,0.0,conventional_steam_coal
36,80,0.0,conventional_steam_coal
85,80,0.0,conventional_steam_coal
28,80,0.0,geothermal
116,80,0.0,natural_gas_fired_combined_cycle
73,80,0.0,natural_gas_fired_combined_cycle
71,80,0.0,natural_gas_fired_combined_cycle
44,80,0.0,natural_gas_fired_combined_cycle
115,80,0.0,natural_gas_fired_combined_cycle
70,80,0.0,natural_gas_fired_combined_cycle
131,80,0.0,natural_gas_fired_combined_cycle
18,80,0.0,natural_gas_fired_combined_cycle
72,80,0.0,natural_gas_fired_combined_cycle
114,80,0.0,natural_gas_fired_combined_cycle
45,80,0.0,natural_gas_fired_combined_cycle
78,80,0.0,natural_gas_fired_combustion_turbine
75,80,0.0,natural_gas_fired_combustion_turbine
119,80,0.0,natural_gas_fired_combustion_turbine
117,80,0.0,natural_gas_fired_combustion_turbine
134,80,0.0,natural_gas_fired_combustion_turbine
103,80,0.0,natural_gas_fired_combustion_turbine
47,80,0.0,natural_gas_fired_combustion_turbine
8,80,0.0,natural_gas_fired_combustion_turbine
90,80,0.0,natural_gas_fired_combustion_turbine
60,80,0.0,natural_gas_fired_combustion_turbine
46,80,0.0,natural_gas_fired_combustion_turbine
37,80,0.0,natural_gas_fired_combustion_turbine
7,80,0.0,natural_gas_fired_combustion_turbine
133,80,0.0,natural_gas_fired_combustion_turbine
74,80,0.0,natural_gas_fired_combustion_turbine
20,80,0.0,natural_gas_fired_combustion_turbine
135,80,0.0,natural_gas_fired_combustion_turbine
142,80,0.0,natural_gas_fired_combustion_turbine
121,80,0.0,natural_gas_fired_combustion_turbine
91,80,0.0,natural_gas_fired_combustion_turbine
22,80,0.0,natural_gas_steam_turbine
123,80,0.0,natural_gas_steam_turbine
62,80,0.0,natural_gas_steam_turbine
49,80,0.0,natural_gas_steam_turbine
48,80,0.0,natural_gas_steam_turbine
21,80,0.0,natural_gas_steam_turbine
79,80,0.0,nuclear
10,80,0.0,onshore_wind_turbine
23,80,0.0,onshore_wind_turbine
31,80,7534.1164499999995,onshore_wind_turbine
38,80,0.0,onshore_wind_turbine
50,80,0.0,onshore_wind_turbine
63,80,0.0,onshore_wind_turbine
80,80,1199.7521199999999,onshore_wind_turbine
94,80,13357.769600000001,onshore_wind_turbine
105,80,0.0,onshore_wind_turbine
124,80,8810.736407611601,onshore_wind_turbine
136,80,1950.8636700000004,onshore_wind_turbine
144,80,5640.556319999999,onshore_wind_turbine
11,80,0.0,small_hydroelectric
24,80,0.0,small_hydroelectric
32,80,0.0,small_hydroelectric
39,80,0.0,small_hydroelectric
51,80,0.0,small_hydroelectric
64,80,0.0,small_hydroelectric
81,80,241.672,small_hydroelectric
95,80,418.922,small_hydroelectric
106,80,0.0,small_hydroelectric
125,80,100.697,small_hydroelectric
137,80,0.0,small_hydroelectric
145,80,0.0,small_hydroelectric
12,80,7301.469751093535,solar_photovoltaic
25,80,0.0,solar_photovoltaic
33,80,0.0,solar_photovoltaic
52,80,0.0,solar_photovoltaic
65,80,0.0,solar_photovoltaic
82,80,0.0,solar_photovoltaic
96,80,0.0,solar_photovoltaic
107,80,11022.729482834999,solar_photovoltaic
126,80,22254.282050616002,solar_photovoltaic
138,80,0.0,solar_photovoltaic
26,81,0.0,biomass
13,81,0.0,biomass
108,81,0.0,biomass
40,81,0.0,biomass
97,81,0.0,biomass
1,81,0.0,biomass
66,81,0.0,biomass
2,81,0.0,conventional_hydroelectric
14,81,7.620544800000005,conventional_hydroelectric
27,81,351.3619080000001,conventional_hydroelectric
35,81,621.906384,conventional_hydroelectric
54,81,431.35141500000003,conventional_hydroelectric
67,81,0.0,conventional_hydroelectric
84,81,0.0,conventional_hydroelectric
109,81,0.0,conventional_hydroelectric
128,81,18.200819999999993,conventional_hydroelectric
139,81,19.120761599999987,conventional_hydroelectric
110,81,0.0,conventional_steam_coal
41,81,0.0,conventional_steam_coal
3,81,0.0,conventional_steam_coal
36,81,0.0,conventional_steam_coal
85,81,0.0,conventional_steam_coal
28,81,0.0,geothermal
116,81,0.0,natural_gas_fired_combined_cycle
73,81,0.0,natural_gas_fired_combined_cycle
71,81,0.0,natural_gas_fired_combined_cycle
44,81,0.0,natural_gas_fired_combined_cycle
115,81,0.0,natural_gas_fired_combined_cycle
70,81,0.0,natural_gas_fired_combined_cycle
131,81,0.0,natural_gas_fired_combined_cycle
18,81,0.0,natural_gas_fired_combined_cycle
72,81,0.0,natural_gas_fired_combined_cycle
114,81,0.0,natural_gas_fired_combined_cycle
45,81,0.0,natural_gas_fired_combined_cycle
78,81,0.0,natural_gas_fired_combustion_turbine
75,81,0.0,natural_gas_fired_combustion_turbine
119,81,0.0,natural_gas_fired_combustion_turbine
117,81,0.0,natural_gas_fired_combustion_turbine
134,81,0.0,natural_gas_fired_combustion_turbine
103,81,0.0,natural_gas_fired_combustion_turbine
47,81,0.0,natural_gas_fired_combustion_turbine
8,81,0.0,natural_gas_fired_combustion_turbine
90,81,0.0,natural_gas_fired_combustion_turbine
60,81,0.0,natural_gas_fired_combustion_turbine
46,81,0.0,natural_gas_fired_combustion_turbine
37,81,0.0,natural_gas_fired_combustion_turbine
7,81,0.0,natural_gas_fired_combustion_turbine
133,81,0.0,natural_gas_fired_combustion_turbine
74,81,0.0,natural_gas_fired_combustion_turbine
20,81,0.0,natural_gas_fired_combustion_turbine
135,81,0.0,natural_gas_fired_combustion_turbine
142,81,0.0,natural_gas_fired_combustion_turbine
121,81,0.0,natural_gas_fired_combustion_turbine
91,81,0.0,natural_gas_fired_combustion_turbine
22,81,0.0,natural_gas_steam_turbine
123,81,0.0,natural_gas_steam_turbine
62,81,0.0,natural_gas_steam_turbine
49,81,0.0,natural_gas_steam_turbine
48,81,0.0,natural_gas_steam_turbine
21,81,0.0,natural_gas_steam_turbine
79,81,0.0,nuclear
10,81,0.0,onshore_wind_turbine
23,81,0.0,onshore_wind_turbine
31,81,7181.45568,onshore_wind_turbine
38,81,0.0,onshore_wind_turbine
50,81,0.0,onshore_wind_turbine
63,81,0.0,onshore_wind_turbine
80,81,0.0,onshore_wind_turbine
94,81,22316.8904,onshore_wind_turbine
105,81,0.0,onshore_wind_turbine
124,81,7015.218009399601,onshore_wind_turbine
136,81,2389.78551,onshore_wind_turbine
144,81,4957.6545723313875,onshore_wind_turbine
11,81,0.0,small_hydroelectric
24,81,0.0,small_hydroelectric
32,81,0.0,small_hydroelectric
39,81,0.0,small_hydroelectric
51,81,0.0,small_hydroelectric
64,81,0.0,small_hydroelectric
81,81,0.0,small_hydroelectric
95,81,0.0,small_hydroelectric
106,81,0.0,small_hydroelectric
125,81,0.0,small_hydroelectric
137,81,0.0,small_hydroelectric
145,81,0.0,small_hydroelectric
12,81,0.0,solar_photovoltaic
25,81,0.0,solar_photovoltaic
33,81,0.0,solar_photovoltaic
52,81,0.0,solar_photovoltaic
65,81,14613.162492236,solar_photovoltaic
82,81,0.0,solar_photovoltaic
96,81,0.0,solar_photovoltaic
107,81,0.0,solar_photovoltaic
126,81,27986.351102633,solar_photovoltaic
138,81,0.0,solar_photovoltaic
26,82,0.0,biomass
13,82,0.0,biomass
108,82,0.0,biomass
40,82,0.0,biomass
97,82,0.0,biomass
1,82,0.0,biomass
66,82,0.0,biomass
2,82,0.0,conventional_hydroelectric
14,82,0.0,conventional_hydroelectric
27,82,234.24127200000004,conventional_hydroelectric
35,82,414.604256,conventional_hydroelectric
54,82,345.081132,conventional_hydroelectric
67,82,0.0,conventional_hydroelectric
84,82,0.0,conventional_hydroelectric
109,82,0.0,conventional_hydroelectric
128,82,5.601419999999992,conventional_hydroelectric
139,82,0.0,conventional_hydroelectric
110,82,0.0,conventional_steam_coal
41,82,0.0,conventional_steam_coal
3,82,0.0,conventional_steam_coal
36,82,0.0,conventional_steam_coal
85,82,0.0,conventional_steam_coal
28,82,0.0,geothermal
116,82,0.0,natural_gas_fired_combined_cycle
73,82,0.0,natural_gas_fired_combined_cycle
71,82,0.0,natural_gas_fired_combined_cycle
44,82,0.0,natural_gas_fired_combined_cycle
115,82,0.0,natural_gas_fired_combined_cycle
70,82,0.0,natural_gas_fired_combined_cycle
131,82,0.0,natural_gas_fired_combined_cycle
18,82,0.0,natural_gas_fired_combined_cycle
72,82,0.0,natural_gas_fired_combined_cycle
114,82,0.0,natural_gas_fired_combined_cycle
45,82,0.0,natural_gas_fired_combined_cycle
78,82,0.0,natural_gas_fired_combustion_turbine
75,82,0.0,natural_gas_fired_combustion_turbine
119,82,0.0,natural_gas_fired_combustion_turbine
117,82,0.0,natural_gas_fired_combustion_turbine
134,82,0.0,natural_gas_fired_combustion_turbine
103,82,0.0,natural_gas_fired_combustion_turbine
47,82,0.0,natural_gas_fired_combustion_turbine
8,82,0.0,natural_gas_fired_combustion_turbine
90,82,0.0,natural_gas_fired_combustion_turbine
60,82,0.0,natural_gas_fired_combustion_turbine
46,82,0.0,natural_gas_fired_combustion_turbine
37,82,0.0,natural_gas_fired_combustion_turbine
7,82,0.0,natural_gas_fired_combustion_turbine
133,82,0.0,natural_gas_fired_combustion_turbine
74,82,0.0,natural_gas_fired_combustion_turbine
20,82,0.0,natural_gas_fired_combustion_turbine
135,82,0.0,natural_gas_fired_combustion_turbine
142,82,0.0,natural_gas_fired_combustion_turbine
121,82,0.0,natural_gas_fired_combustion_turbine
91,82,0.0,natural_gas_fired_combustion_turbine
22,82,0.0,natural_gas_steam_turbine
123,82,0.0,natural_gas_steam_turbine
62,82,0.0,natural_gas_steam_turbine
49,82,0.0,natural_gas_steam_turbine
48,82,0.0,natural_gas_steam_turbine
21,82,0.0,natural_gas_steam_turbine
79,82,0.0,nuclear
10,82,0.0,onshore_wind_turbine
23,82,0.0,onshore_wind_turbine
31,82,7296.6344500000005,onshore_wind_turbine
38,82,1124.739,onshore_wind_turbine
50,82,0.0,onshore_wind_turbine
63,82,0.0,onshore_wind_turbine
80,82,491.61028,onshore_wind_turbine
94,82,29889.4806,onshore_wind_turbine
105,82,0.0,onshore_wind_turbine
124,82,5271.274833547801,onshore_wind_turbine
136,82,4422.497310000001,onshore_wind_turbine
144,82,6535.9513799999995,onshore_wind_turbine
11,82,0.0,small_hydroelectric
24,82,0.0,small_hydroelectric
32,82,0.0,small_hydroelectric
39,82,52.9,small_hydroelectric
51,82,0.0,small_hydroelectric
64,82,0.0,small_hydroelectric
81,82,241.672,small_hydroelectric
95,82,418.922,small_hydroelectric
106,82,31.614,small_hydroelectric
125,82,100.697,small_hydroelectric
137,82,36.822,small_hydroelectric
145,82,26.406237768667218,small_hydroelectric
12,82,0.0,solar_photovoltaic
25,82,0.0,solar_photovoltaic
33,82,0.0,solar_photovoltaic
52,82,0.0,solar_photovoltaic
65,82,0.0,solar_photovoltaic
82,82,0.0,solar_photovoltaic
96,82,0.0,solar_photovoltaic
107,82,0.0,solar_photovoltaic
126,82,30117.1721986835,solar_photovoltaic
138,82,3181.2018699999994,solar_photovoltaic
26,83,0.0,biomass
13,83,0.0,biomass
108,83,0.0,biomass
40,83,0.0,biomass
97,83,0.0,biomass
1,83,0.0,biomass
66,83,0.0,biomass
2,83,0.0,conventional_hydroelectric
14,83,0.0,conventional_hydroelectric
27,83,117.12063600000002,conventional_hydroelectric
35,83,207.302128,conventional_hydroelectric
54,83,258.810849,conventional_hydroelectric
67,83,0.0,conventional_hydroelectric
84,83,0.0,conventional_hydroelectric
109,83,0.0,conventional_hydroelectric
128,83,0.0,conventional_hydroelectric
139,83,0.0,conventional_hydroelectric
110,83,0.0,conventional_steam_coal
41,83,0.0,conventional_steam_coal
3,83,0.0,conventional_steam_coal
36,83,0.0,conventional_steam_coal
85,83,0.0,conventional_steam_coal
28,83,0.0,geothermal
116,83,0.0,natural_gas_fired_combined_cycle
73,83,0.0,natural_gas_fired_combined_cycle
71,83,0.0,natural_gas_fired_combined_cycle
44,83,0.0,natural_gas_fired_combined_cycle
115,83,0.0,natural_gas_fired_combined_cycle
70,83,0.0,natural_gas_fired_combined_cycle
131,83,0.0,natural_gas_fired_combined_cycle
18,83,0.0,natural_gas_fired_combined_cycle
72,83,0.0,natural_gas_fired_combined_cycle
114,83,0.0,natural_gas_fired_combined_cycle
45,83,0.0,natural_gas_fired_combined_cycle
78,83,0.0,natural_gas_fired_combustion_turbine
75,83,0.0,natural_gas_fired_combustion_turbine
119,83,0.0,natural_gas_fired_combustion_turbine
117,83,0.0,natural_gas_fired_combustion_turbine
134,83,0.0,natural_gas_fired_combustion_turbine
103,83,0.0,natural_gas_fired_combustion_turbine
47,83,0.0,natural_gas_fired_combustion_turbine
8,83,0.0,natural_gas_fired_combustion_turbine
90,83,0.0,natural_gas_fired_combustion_turbine
60,83,0.0,natural_gas_fired_combustion_turbine
46,83,0.0,natural_gas_fired_combustion_turbine
37,83,0.0,natural_gas_fired_combustion_turbine
7,83,0.0,natural_gas_fired_combustion_turbine
133,83,0.0,natural_gas_fired_combustion_turbine
74,83,0.0,natural_gas_fired_combustion_turbine
20,83,0.0,natural_gas_fired_combustion_turbine
135,83,0.0,natural_gas_fired_combustion_turbine
142,83,0.0,natural_gas_fired_combustion_turbine
121,83,0.0,natural_gas_fired_combustion_turbine
91,83,0.0,natural_gas_fired_combustion_turbine
22,83,0.0,natural_gas_steam_turbine
123,83,0.0,natural_gas_steam_turbine
62,83,0.0,natural_gas_steam_turbine
49,83,0.0,natural_gas_steam_turbine
48,83,0.0,natural_gas_steam_turbine
21,83,0.0,natural_gas_steam_turbine
79,83,0.0,nuclear
10,83,0.0,onshore_wind_turbine
23,83,0.0,onshore_wind_turbine
31,83,7332.2567500000005,onshore_wind_turbine
38,83,0.0,onshore_wind_turbine
50,83,0.0,onshore_wind_turbine
63,83,0.0,onshore_wind_turbine
80,83,0.0,onshore_wind_turbine
94,83,32813.3316,onshore_wind_turbine
105,83,0.0,onshore_wind_turbine
124,83,6544.734644756001,onshore_wind_turbine
136,83,4940.568990000001,onshore_wind_turbine
144,83,8045.677745646994,onshore_wind_turbine
11,83,0.0,small_hydroelectric
24,83,0.0,small_hydroelectric
32,83,0.0,small_hydroelectric
39,83,0.0,small_hydroelectric
51,83,0.0,small_hydroelectric
64,83,0.0,small_hydroelectric
81,83,0.0,small_hydroelectric
95,83,0.0,small_hydroelectric
106,83,0.0,small_hydroelectric
125,83,0.0,small_hydroelectric
137,83,0.0,small_hydroelectric
145,83,0.0,small_hydroelectric
12,83,0.0,solar_photovoltaic
25,83,0.0,solar_photovoltaic
33,83,0.0,solar_photovoltaic
52,83,0.0,solar_photovoltaic
65,83,0.0,solar_photovoltaic
82,83,0.0,solar_photovoltaic
96,83,0.0,solar_photovoltaic
107,83,0.0,solar_photovoltaic
126,83,31758.243246597,solar_photovoltaic
138,83,0.0,solar_photovoltaic
26,84,0.0,biomass
13,84,0.0,biomass
108,84,0.0,biomass
40,84,0.0,biomass
97,84,0.0,biomass
1,84,0.0,biomass
66,84,0.0,biomass
2,84,0.0,conventional_hydroelectric
14,84,0.0,conventional_hydroelectric
27,84,0.0,conventional_hydroelectric
35,84,0.0,conventional_hydroelectric
54,84,172.540566,conventional_hydroelectric
67,84,0.0,conventional_hydroelectric
84,84,0.0,conventional_hydroelectric
109,84,0.0,conventional_hydroelectric
128,84,0.0,conventional_hydroelectric
139,84,0.0,conventional_hydroelectric
110,84,0.0,conventional_steam_coal
41,84,0.0,conventional_steam_coal
3,84,0.0,conventional_steam_coal
36,84,0.0,conventional_steam_coal
85,84,0.0,conventional_steam_coal
28,84,0.0,geothermal
116,84,0.0,natural_gas_fired_combined_cycle
73,84,0.0,natural_gas_fired_combined_cycle
71,84,0.0,natural_gas_fired_combined_cycle
44,84,0.0,natural_gas_fired_combined_cycle
115,84,0.0,natural_gas_fired_combined_cycle
70,84,0.0,natural_gas_fired_combined_cycle
131,84,0.0,natural_gas_fired_combined_cycle
18,84,0.0,natural_gas_fired_combined_cycle
72,84,0.0,natural_gas_fired_combined_cycle
114,84,0.0,natural_gas_fired_combined_cycle
45,84,0.0,natural_gas_fired_combined_cycle
78,84,0.0,natural_gas_fired_combustion_turbine
75,84,0.0,natural_gas_fired_combustion_turbine
119,84,0.0,natural_gas_fired_combustion_turbine
117,84,0.0,natural_gas_fired_combustion_turbine
134,84,0.0,natural_gas_fired_combustion_turbine
103,84,0.0,natural_gas_fired_combustion_turbine
47,84,0.0,natural_gas_fired_combustion_turbine
8,84,0.0,natural_gas_fired_combustion_turbine
90,84,0.0,natural_gas_fired_combustion_turbine
60,84,0.0,natural_gas_fired_combustion_turbine
46,84,0.0,natural_gas_fired_combustion_turbine
37,84,0.0,natural_gas_fired_combustion_turbine
7,84,0.0,natural_gas_fired_combustion_turbine
133,84,0.0,natural_gas_fired_combustion_turbine
74,84,0.0,natural_gas_fired_combustion_turbine
20,84,0.0,natural_gas_fired_combustion_turbine
135,84,0.0,natural_gas_fired_combustion_turbine
142,84,0.0,natural_gas_fired_combustion_turbine
121,84,0.0,natural_gas_fired_combustion_turbine
91,84,0.0,natural_gas_fired_combustion_turbine
22,84,0.0,natural_gas_steam_turbine
123,84,0.0,natural_gas_steam_turbine
62,84,0.0,natural_gas_steam_turbine
49,84,0.0,natural_gas_steam_turbine
48,84,0.0,natural_gas_steam_turbine
21,84,0.0,natural_gas_steam_turbine
79,84,0.0,nuclear
10,84,0.0,onshore_wind_turbine
23,84,2003.155,onshore_wind_turbine
31,84,0.0,onshore_wind_turbine
38,84,1053.73275,onshore_wind_turbine
50,84,1042.61094,onshore_wind_turbine
63,84,0.0,onshore_wind_turbine
80,84,1224.8437599999997,onshore_wind_turbine
94,84,33357.646,onshore_wind_turbine
105,84,522.4678199790001,onshore_wind_turbine
124,84,8797.760359927,onshore_wind_turbine
136,84,4273.191930000001,onshore_wind_turbine
144,84,8685.76464,onshore_wind_turbine
11,84,0.0,small_hydroelectric
24,84,0.0,small_hydroelectric
32,84,0.0,small_hydroelectric
39,84,0.0,small_hydroelectric
51,84,0.0,small_hydroelectric
64,84,0.0,small_hydroelectric
81,84,241.672,small_hydroelectric
95,84,418.922,small_hydroelectric
106,84,0.0,small_hydroelectric
125,84,60.886046019006045,small_hydroelectric
137,84,0.0,small_hydroelectric
145,84,0.0,small_hydroelectric
12,84,0.0,solar_photovoltaic
25,84,0.0,solar_photovoltaic
33,84,0.0,solar_photovoltaic
52,84,0.0,solar_photovoltaic
65,84,0.0,solar_photovoltaic
82,84,0.0,solar_photovoltaic
96,84,0.0,solar_photovoltaic
107,84,0.0,solar_photovoltaic
126,84,32241.589448075,solar_photovoltaic
138,84,0.0,solar_photovoltaic
26,85,0.0,biomass
13,85,0.0,biomass
108,85,0.0,biomass
40,85,0.0,biomass
97,85,0.0,biomass
1,85,0.0,biomass
66,85,0.0,biomass
2,85,0.0,conventional_hydroelectric
14,85,0.0,conventional_hydroelectric
27,85,0.0,conventional_hydroelectric
35,85,0.0,conventional_hydroelectric
54,85,86.270283,conventional_hydroelectric
67,85,0.0,conventional_hydroelectric
84,85,0.0,conventional_hydroelectric
109,85,0.0,conventional_hydroelectric
128,85,0.0,conventional_hydroelectric
139,85,0.0,conventional_hydroelectric
110,85,0.0,conventional_steam_coal
41,85,0.0,conventional_steam_coal
3,85,0.0,conventional_steam_coal
36,85,0.0,conventional_steam_coal
85,85,0.0,conventional_steam_coal
28,85,0.0,geothermal
116,85,0.0,natural_gas_fired_combined_cycle
73,85,0.0,natural_gas_fired_combined_cycle
71,85,0.0,natural_gas_fired_combined_cycle
44,85,0.0,natural_gas_fired_combined_cycle
115,85,0.0,natural_gas_fired_combined_cycle
70,85,0.0,natural_gas_fired_combined_cycle
131,85,0.0,natural_gas_fired_combined_cycle
18,85,0.0,natural_gas_fired_combined_cycle
72,85,0.0,natural_gas_fired_combined_cycle
114,85,0.0,natural_gas_fired_combined_cycle
45,85,0.0,natural_gas_fired_combined_cycle
78,85,0.0,natural_gas_fired_combustion_turbine
75,85,0.0,natural_gas_fired_combustion_turbine
119,85,0.0,natural_gas_fired_combustion_turbine
117,85,0.0,natural_gas_fired_combustion_turbine
134,85,0.0,natural_gas_fired_combustion_turbine
103,85,0.0,natural_gas_fired_combustion_turbine
47,85,0.0,natural_gas_fired_combustion_turbine
8,85,0.0,natural_gas_fired_combustion_turbine
90,85,0.0,natural_gas_fired_combustion_turbine
60,85,0.0,natural_gas_fired_combustion_turbine
46,85,0.0,natural_gas_fired_combustion_turbine
37,85,0.0,natural_gas_fired_combustion_turbine
7,85,0.0,natural_gas_fired_combustion_turbine
133,85,0.0,natural_gas_fired_combustion_turbine
74,85,0.0,natural_gas_fired_combustion_turbine
20,85,0.0,natural_gas_fired_combustion_turbine
135,85,0.0,natural_gas_fired_combustion_turbine
142,85,0.0,natural_gas_fired_combustion_turbine
121,85,0.0,natural_gas_fired_combustion_turbine
91,85,0.0,natural_gas_fired_combustion_turbine
22,85,0.0,natural_gas_steam_turbine
123,85,0.0,natural_gas_steam_turbine
62,85,0.0,natural_gas_steam_turbine
49,85,0.0,natural_gas_steam_turbine
48,85,0.0,natural_gas_steam_turbine
21,85,0.0,natural_gas_steam_turbine
79,85,0.0,nuclear
10,85,0.0,onshore_wind_turbine
23,85,0.0,onshore_wind_turbine
31,85,0.0,onshore_wind_turbine
38,85,0.0,onshore_wind_turbine
50,85,0.0,onshore_wind_turbine
63,85,0.0,onshore_wind_turbine
80,85,4092.7252799999997,onshore_wind_turbine
94,85,33699.6814,onshore_wind_turbine
105,85,0.0,onshore_wind_turbine
124,85,10774.604336157201,onshore_wind_turbine
136,85,4612.277040000001,onshore_wind_turbine
144,85,9655.960101058801,onshore_wind_turbine
11,85,0.0,small_hydroelectric
24,85,0.0,small_hydroelectric
32,85,0.0,small_hydroelectric
39,85,0.0,small_hydroelectric
51,85,0.0,small_hydroelectric
64,85,0.0,small_hydroelectric
81,85,0.0,small_hydroelectric
95,85,0.0,small_hydroelectric
106,85,0.0,small_hydroelectric
125,85,0.0,small_hydroelectric
137,85,0.0,small_hydroelectric
145,85,0.0,small_hydroelectric
12,85,0.0,solar_photovoltaic
25,85,0.0,solar_photovoltaic
33,85,0.0,solar_photovoltaic
52,85,0.0,solar_photovoltaic
65,85,0.0,solar_photovoltaic
82,85,0.0,solar_photovoltaic
96,85,0.0,solar_photovoltaic
107,85,0.0,solar_photovoltaic
126,85,32391.629949783997,solar_photovoltaic
138,85,0.0,solar_photovoltaic
26,86,0.0,biomass
13,86,0.0,biomass
108,86,0.0,biomass
40,86,0.0,biomass
97,86,0.0,biomass
1,86,0.0,biomass
66,86,0.0,biomass
2,86,0.0,conventional_hydroelectric
14,86,0.0,conventional_hydroelectric
27,86,0.0,conventional_hydroelectric
35,86,0.0,conventional_hydroelectric
54,86,0.0,conventional_hydroelectric
67,86,0.0,conventional_hydroelectric
84,86,0.0,conventional_hydroelectric
109,86,0.0,conventional_hydroelectric
128,86,0.0,conventional_hydroelectric
139,86,0.0,conventional_hydroelectric
110,86,0.0,conventional_steam_coal
41,86,0.0,conventional_steam_coal
3,86,0.0,conventional_steam_coal
36,86,0.0,conventional_steam_coal
85,86,0.0,conventional_steam_coal
28,86,0.0,geothermal
116,86,0.0,natural_gas_fired_combined_cycle
73,86,0.0,natural_gas_fired_combined_cycle
71,86,0.0,natural_gas_fired_combined_cycle
44,86,0.0,natural_gas_fired_combined_cycle
115,86,0.0,natural_gas_fired_combined_cycle
70,86,0.0,natural_gas_fired_combined_cycle
131,86,0.0,natural_gas_fired_combined_cycle
18,86,0.0,natural_gas_fired_combined_cycle
72,86,0.0,natural_gas_fired_combined_cycle
114,86,0.0,natural_gas_fired_combined_cycle
45,86,0.0,natural_gas_fired_combined_cycle
78,86,0.0,natural_gas_fired_combustion_turbine
75,86,0.0,natural_gas_fired_combustion_turbine
119,86,0.0,natural_gas_fired_combustion_turbine
117,86,0.0,natural_gas_fired_combustion_turbine
134,86,0.0,natural_gas_fired_combustion_turbine
103,86,0.0,natural_gas_fired_combustion_turbine
47,86,0.0,natural_gas_fired_combustion_turbine
8,86,0.0,natural_gas_fired_combustion_turbine
90,86,0.0,natural_gas_fired_combustion_turbine
60,86,0.0,natural_gas_fired_combustion_turbine
46,86,0.0,natural_gas_fired_combustion_turbine
37,86,0.0,natural_gas_fired_combustion_turbine
7,86,0.0,natural_gas_fired_combustion_turbine
133,86,0.0,natural_gas_fired_combustion_turbine
74,86,0.0,natural_gas_fired_combustion_turbine
20,86,0.0,natural_gas_fired_combustion_turbine
135,86,0.0,natural_gas_fired_combustion_turbine
142,86,0.0,natural_gas_fired_combustion_turbine
121,86,0.0,natural_gas_fired_combustion_turbine
91,86,0.0,natural_gas_fired_combustion_turbine
22,86,0.0,natural_gas_steam_turbine
123,86,0.0,natural_gas_steam_turbine
62,86,0.0,natural_gas_steam_turbine
49,86,0.0,natural_gas_steam_turbine
48,86,0.0,natural_gas_steam_turbine
21,86,0.0,natural_gas_steam_turbine
79,86,0.0,nuclear
10,86,0.0,onshore_wind_turbine
23,86,0.0,onshore_wind_turbine
31,86,0.0,onshore_wind_turbine
38,86,0.0,onshore_wind_turbine
50,86,0.0,onshore_wind_turbine
63,86,0.0,onshore_wind_turbine
80,86,5609.37552,onshore_wind_turbine
94,86,32986.188200000004,onshore_wind_turbine
105,86,0.0,onshore_wind_turbine
124,86,11098.239532949803,onshore_wind_turbine
136,86,4491.753420000001,onshore_wind_turbine
144,86,7766.578889999999,onshore_wind_turbine
11,86,0.0,small_hydroelectric
24,86,0.0,small_hydroelectric
32,86,192.0,small_hydroelectric
39,86,52.9,small_hydroelectric
51,86,25.641,small_hydroelectric
64,86,0.0,small_hydroelectric
81,86,241.672,small_hydroelectric
95,86,418.922,small_hydroelectric
106,86,31.614,small_hydroelectric
125,86,100.697,small_hydroelectric
137,86,36.822,small_hydroelectric
145,86,28.783800445698745,small_hydroelectric
12,86,0.0,solar_photovoltaic
25,86,0.0,solar_photovoltaic
33,86,0.0,solar_photovoltaic
52,86,0.0,solar_photovoltaic
65,86,0.0,solar_photovoltaic
82,86,0.0,solar_photovoltaic
96,86,0.0,solar_photovoltaic
107,86,0.0,solar_photovoltaic
126,86,33033.4061466045,solar_photovoltaic
138,86,0.0,solar_photovoltaic
26,87,0.0,biomass
13,87,0.0,biomass
108,87,0.0,biomass
40,87,0.0,biomass
97,87,0.0,biomass
1,87,0.0,biomass
66,87,0.0,biomass
2,87,0.0,conventional_hydroelectric
14,87,0.0,conventional_hydroelectric
27,87,0.0,conventional_hydroelectric
35,87,0.0,conventional_hydroelectric
54,87,0.0,conventional_hydroelectric
67,87,0.0,conventional_hydroelectric
84,87,0.0,conventional_hydroelectric
109,87,0.0,conventional_hydroelectric
128,87,0.0,conventional_hydroelectric
139,87,0.0,conventional_hydroelectric
110,87,0.0,conventional_steam_coal
41,87,0.0,conventional_steam_coal
3,87,0.0,conventional_steam_coal
36,87,0.0,conventional_steam_coal
85,87,0.0,conventional_steam_coal
28,87,0.0,geothermal
116,87,0.0,natural_gas_fired_combined_cycle
73,87,0.0,natural_gas_fired_combined_cycle
71,87,0.0,natural_gas_fired_combined_cycle
44,87,0.0,natural_gas_fired_combined_cycle
115,87,0.0,natural_gas_fired_combined_cycle
70,87,0.0,natural_gas_fired_combined_cycle
131,87,0.0,natural_gas_fired_combined_cycle
18,87,0.0,natural_gas_fired_combined_cycle
72,87,0.0,natural_gas_fired_combined_cycle
114,87,0.0,natural_gas_fired_combined_cycle
45,87,0.0,natural_gas_fired_combined_cycle
78,87,0.0,natural_gas_fired_combustion_turbine
75,87,0.0,natural_gas_fired_combustion_turbine
119,87,0.0,natural_gas_fired_combustion_turbine
117,87,0.0,natural_gas_fired_combustion_turbine
134,87,0.0,natural_gas_fired_combustion_turbine
103,87,0.0,natural_gas_fired_combustion_turbine
47,87,0.0,natural_gas_fired_combustion_turbine
8,87,0.0,natural_gas_fired_combustion_turbine
90,87,0.0,natural_gas_fired_combustion_turbine
60,87,0.0,natural_gas_fired_combustion_turbine
46,87,0.0,natural_gas_fired_combustion_turbine
37,87,0.0,natural_gas_fired_combustion_turbine
7,87,0.0,natural_gas_fired_combustion_turbine
133,87,0.0,natural_gas_fired_combustion_turbine
74,87,0.0,natural_gas_fired_combustion_turbine
20,87,0.0,natural_gas_fired_combustion_turbine
135,87,0.0,natural_gas_fired_combustion_turbine
142,87,0.0,natural_gas_fired_combustion_turbine
121,87,0.0,natural_gas_fired_combustion_turbine
91,87,0.0,natural_gas_fired_combustion_turbine
22,87,0.0,natural_gas_steam_turbine
123,87,0.0,natural_gas_steam_turbine
62,87,0.0,natural_gas_steam_turbine
49,87,0.0,natural_gas_steam_turbine
48,87,0.0,natural_gas_steam_turbine
21,87,0.0,natural_gas_steam_turbine
79,87,0.0,nuclear
10,87,0.0,onshore_wind_turbine
23,87,0.0,onshore_wind_turbine
31,87,0.0,onshore_wind_turbine
38,87,0.0,onshore_wind_turbine
50,87,2312.17098,onshore_wind_turbine
63,87,0.0,onshore_wind_turbine
80,87,5286.901479999999,onshore_wind_turbine
94,87,28348.4824,onshore_wind_turbine
105,87,0.0,onshore_wind_turbine
124,87,17274.306005171602,onshore_wind_turbine
136,87,4230.918720000001,onshore_wind_turbine
144,87,7533.384708216389,onshore_wind_turbine
11,87,0.0,small_hydroelectric
24,87,0.0,small_hydroelectric
32,87,0.0,small_hydroelectric
39,87,0.0,small_hydroelectric
51,87,0.0,small_hydroelectric
64,87,0.0,small_hydroelectric
81,87,0.0,small_hydroelectric
95,87,0.0,small_hydroelectric
106,87,0.0,small_hydroelectric
125,87,0.0,small_hydroelectric
137,87,0.0,small_hydroelectric
145,87,0.0,small_hydroelectric
12,87,0.0,solar_photovoltaic
25,87,0.0,solar_photovoltaic
33,87,0.0,solar_photovoltaic
52,87,0.0,solar_photovoltaic
65,87,0.0,solar_photovoltaic
82,87,0.0,solar_photovoltaic
96,87,0.0,solar_photovoltaic
107,87,0.0,solar_photovoltaic
126,87,31367.879196612,solar_photovoltaic
138,87,0.0,solar_photovoltaic
26,88,0.0,biomass
13,88,0.0,biomass
108,88,0.0,biomass
40,88,0.0,biomass
97,88,0.0,biomass
1,88,0.0,biomass
66,88,0.0,biomass
2,88,0.0,conventional_hydroelectric
14,88,0.0,conventional_hydroelectric
27,88,0.0,conventional_hydroelectric
35,88,0.0,conventional_hydroelectric
54,88,0.0,conventional_hydroelectric
67,88,0.0,conventional_hydroelectric
84,88,0.0,conventional_hydroelectric
109,88,0.0,conventional_hydroelectric
128,88,5.479979999999999,conventional_hydroelectric
139,88,0.0,conventional_hydroelectric
110,88,0.0,conventional_steam_coal
41,88,0.0,conventional_steam_coal
3,88,0.0,conventional_steam_coal
36,88,0.0,conventional_steam_coal
85,88,0.0,conventional_steam_coal
28,88,0.0,geothermal
116,88,0.0,natural_gas_fired_combined_cycle
73,88,0.0,natural_gas_fired_combined_cycle
71,88,0.0,natural_gas_fired_combined_cycle
44,88,0.0,natural_gas_fired_combined_cycle
115,88,0.0,natural_gas_fired_combined_cycle
70,88,0.0,natural_gas_fired_combined_cycle
131,88,0.0,natural_gas_fired_combined_cycle
18,88,0.0,natural_gas_fired_combined_cycle
72,88,0.0,natural_gas_fired_combined_cycle
114,88,0.0,natural_gas_fired_combined_cycle
45,88,0.0,natural_gas_fired_combined_cycle
78,88,0.0,natural_gas_fired_combustion_turbine
75,88,0.0,natural_gas_fired_combustion_turbine
119,88,0.0,natural_gas_fired_combustion_turbine
117,88,0.0,natural_gas_fired_combustion_turbine
134,88,0.0,natural_gas_fired_combustion_turbine
103,88,0.0,natural_gas_fired_combustion_turbine
47,88,0.0,natural_gas_fired_combustion_turbine
8,88,0.0,natural_gas_fired_combustion_turbine
90,88,0.0,natural_gas_fired_combustion_turbine
60,88,0.0,natural_gas_fired_combustion_turbine
46,88,0.0,natural_gas_fired_combustion_turbine
37,88,0.0,natural_gas_fired_combustion_turbine
7,88,0.0,natural_gas_fired_combustion_turbine
133,88,0.0,natural_gas_fired_combustion_turbine
74,88,0.0,natural_gas_fired_combustion_turbine
20,88,0.0,natural_gas_fired_combustion_turbine
135,88,0.0,natural_gas_fired_combustion_turbine
142,88,0.0,natural_gas_fired_combustion_turbine
121,88,0.0,natural_gas_fired_combustion_turbine
91,88,0.0,natural_gas_fired_combustion_turbine
22,88,0.0,natural_gas_steam_turbine
123,88,0.0,natural_gas_steam_turbine
62,88,0.0,natural_gas_steam_turbine
49,88,0.0,natural_gas_steam_turbine
48,88,0.0,natural_gas_steam_turbine
21,88,0.0,natural_gas_steam_turbine
79,88,0.0,nuclear
10,88,0.0,onshore_wind_turbine
23,88,0.0,onshore_wind_turbine
31,88,0.0,onshore_wind_turbine
38,88,0.0,onshore_wind_turbine
50,88,0.0,onshore_wind_turbine
63,88,0.0,onshore_wind_turbine
80,88,5087.097679999999,onshore_wind_turbine
94,88,33846.7934,onshore_wind_turbine
105,88,0.0,onshore_wind_turbine
124,88,20906.898107372203,onshore_wind_turbine
136,88,4634.762790000001,onshore_wind_turbine
144,88,5695.467766145659,onshore_wind_turbine
11,88,0.0,small_hydroelectric
24,88,0.0,small_hydroelectric
32,88,0.0,small_hydroelectric
39,88,0.0,small_hydroelectric
51,88,0.0,small_hydroelectric
64,88,0.0,small_hydroelectric
81,88,0.0,small_hydroelectric
95,88,0.0,small_hydroelectric
106,88,0.0,small_hydroelectric
125,88,0.0,small_hydroelectric
137,88,0.0,small_hydroelectric
145,88,0.0,small_hydroelectric
12,88,0.0,solar_photovoltaic
25,88,0.0,solar_photovoltaic
33,88,0.0,solar_photovoltaic
52,88,0.0,solar_photovoltaic
65,88,0.0,solar_photovoltaic
82,88,0.0,solar_photovoltaic
96,88,0.0,solar_photovoltaic
107,88,0.0,solar_photovoltaic
126,88,29811.0779460655,solar_photovoltaic
138,88,0.0,solar_photovoltaic
26,89,0.0,biomass
13,89,0.0,biomass
108,89,0.0,biomass
40,89,0.0,biomass
97,89,0.0,biomass
1,89,0.0,biomass
66,89,0.0,biomass
2,89,0.0,conventional_hydroelectric
14,89,0.0,conventional_hydroelectric
27,89,117.12063600000005,conventional_hydroelectric
35,89,0.0,conventional_hydroelectric
54,89,0.0,conventional_hydroelectric
67,89,0.0,conventional_hydroelectric
84,89,0.0,conventional_hydroelectric
109,89,0.0,conventional_hydroelectric
128,89,18.07938,conventional_hydroelectric
139,89,0.0,conventional_hydroelectric
110,89,0.0,conventional_steam_coal
41,89,0.0,conventional_steam_coal
3,89,0.0,conventional_steam_coal
36,89,0.0,conventional_steam_coal
85,89,0.0,conventional_steam_coal
28,89,0.0,geothermal
116,89,0.0,natural_gas_fired_combined_cycle
73,89,0.0,natural_gas_fired_combined_cycle
71,89,0.0,natural_gas_fired_combined_cycle
44,89,0.0,natural_gas_fired_combined_cycle
115,89,0.0,natural_gas_fired_combined_cycle
70,89,0.0,natural_gas_fired_combined_cycle
131,89,0.0,natural_gas_fired_combined_cycle
18,89,0.0,natural_gas_fired_combined_cycle
72,89,0.0,natural_gas_fired_combined_cycle
114,89,0.0,natural_gas_fired_combined_cycle
45,89,0.0,natural_gas_fired_combined_cycle
78,89,0.0,natural_gas_fired_combustion_turbine
75,89,0.0,natural_gas_fired_combustion_turbine
119,89,0.0,natural_gas_fired_combustion_turbine
117,89,0.0,natural_gas_fired_combustion_turbine
134,89,0.0,natural_gas_fired_combustion_turbine
103,89,0.0,natural_gas_fired_combustion_turbine
47,89,0.0,natural_gas_fired_combustion_turbine
8,89,0.0,natural_gas_fired_combustion_turbine
90,89,0.0,natural_gas_fired_combustion_turbine
60,89,0.0,natural_gas_fired_combustion_turbine
46,89,0.0,natural_gas_fired_combustion_turbine
37,89,0.0,natural_gas_fired_combustion_turbine
7,89,0.0,natural_gas_fired_combustion_turbine
133,89,0.0,natural_gas_fired_combustion_turbine
74,89,0.0,natural_gas_fired_combustion_turbine
20,89,0.0,natural_gas_fired_combustion_turbine
135,89,0.0,natural_gas_fired_combustion_turbine
142,89,0.0,natural_gas_fired_combustion_turbine
121,89,0.0,natural_gas_fired_combustion_turbine
91,89,0.0,natural_gas_fired_combustion_turbine
22,89,0.0,natural_gas_steam_turbine
123,89,0.0,natural_gas_steam_turbine
62,89,0.0,natural_gas_steam_turbine
49,89,0.0,natural_gas_steam_turbine
48,89,0.0,natural_gas_steam_turbine
21,89,0.0,natural_gas_steam_turbine
79,89,0.0,nuclear
10,89,0.0,onshore_wind_turbine
23,89,8594.0008,onshore_wind_turbine
31,89,7497.30674,onshore_wind_turbine
38,89,3531.56685,onshore_wind_turbine
50,89,3259.26006,onshore_wind_turbine
63,89,0.0,onshore_wind_turbine
80,89,5737.621679999999,onshore_wind_turbine
94,89,33387.068400000004,onshore_wind_turbine
105,89,0.0,onshore_wind_turbine
124,89,21509.849277347203,onshore_wind_turbine
136,89,5529.695640000001,onshore_wind_turbine
144,89,7334.414256652797,onshore_wind_turbine
11,89,0.0,small_hydroelectric
24,89,0.0,small_hydroelectric
32,89,0.0,small_hydroelectric
39,89,0.0,small_hydroelectric
51,89,0.0,small_hydroelectric
64,89,0.0,small_hydroelectric
81,89,0.0,small_hydroelectric
95,89,0.0,small_hydroelectric
106,89,0.0,small_hydroelectric
125,89,0.0,small_hydroelectric
137,89,0.0,small_hydroelectric
145,89,0.0,small_hydroelectric
12,89,0.0,solar_photovoltaic
25,89,0.0,solar_photovoltaic
33,89,0.0,solar_photovoltaic
52,89,0.0,solar_photovoltaic
65,89,0.0,solar_photovoltaic
82,89,0.0,solar_photovoltaic
96,89,0.0,solar_photovoltaic
107,89,0.0,solar_photovoltaic
126,89,0.0,solar_photovoltaic
138,89,0.0,solar_photovoltaic
26,90,0.0,biomass
13,90,0.0,biomass
108,90,0.0,biomass
40,90,0.0,biomass
97,90,0.0,biomass
1,90,0.0,biomass
66,90,0.0,biomass
2,90,0.0,conventional_hydroelectric
14,90,39.043532,conventional_hydroelectric
27,90,234.24127200000007,conventional_hydroelectric
35,90,0.0,conventional_hydroelectric
54,90,86.270283,conventional_hydroelectric
67,90,0.0,conventional_hydroelectric
84,90,1841.1553539442116,conventional_hydroelectric
109,90,0.0,conventional_hydroelectric
128,90,30.678780000000003,conventional_hydroelectric
139,90,0.0,conventional_hydroelectric
110,90,0.0,conventional_steam_coal
41,90,0.0,conventional_steam_coal
3,90,0.0,conventional_steam_coal
36,90,0.0,conventional_steam_coal
85,90,0.0,conventional_steam_coal
28,90,0.0,geothermal
116,90,0.0,natural_gas_fired_combined_cycle
73,90,0.0,natural_gas_fired_combined_cycle
71,90,0.0,natural_gas_fired_combined_cycle
44,90,0.0,natural_gas_fired_combined_cycle
115,90,0.0,natural_gas_fired_combined_cycle
70,90,0.0,natural_gas_fired_combined_cycle
131,90,0.0,natural_gas_fired_combined_cycle
18,90,0.0,natural_gas_fired_combined_cycle
72,90,0.0,natural_gas_fired_combined_cycle
114,90,0.0,natural_gas_fired_combined_cycle
45,90,0.0,natural_gas_fired_combined_cycle
78,90,0.0,natural_gas_fired_combustion_turbine
75,90,0.0,natural_gas_fired_combustion_turbine
119,90,0.0,natural_gas_fired_combustion_turbine
117,90,0.0,natural_gas_fired_combustion_turbine
134,90,0.0,natural_gas_fired_combustion_turbine
103,90,0.0,natural_gas_fired_combustion_turbine
47,90,0.0,natural_gas_fired_combustion_turbine
8,90,0.0,natural_gas_fired_combustion_turbine
90,90,0.0,natural_gas_fired_combustion_turbine
60,90,0.0,natural_gas_fired_combustion_turbine
46,90,0.0,natural_gas_fired_combustion_turbine
37,90,0.0,natural_gas_fired_combustion_turbine
7,90,0.0,natural_gas_fired_combustion_turbine
133,90,0.0,natural_gas_fired_combustion_turbine
74,90,0.0,natural_gas_fired_combustion_turbine
20,90,0.0,natural_gas_fired_combustion_turbine
135,90,0.0,natural_gas_fired_combustion_turbine
142,90,0.0,natural_gas_fired_combustion_turbine
121,90,0.0,natural_gas_fired_combustion_turbine
91,90,0.0,natural_gas_fired_combustion_turbine
22,90,0.0,natural_gas_steam_turbine
123,90,0.0,natural_gas_steam_turbine
62,90,0.0,natural_gas_steam_turbine
49,90,0.0,natural_gas_steam_turbine
48,90,0.0,natural_gas_steam_turbine
21,90,0.0,natural_gas_steam_turbine
79,90,0.0,nuclear
10,90,0.0,onshore_wind_turbine
23,90,4587.6908,onshore_wind_turbine
31,90,0.0,onshore_wind_turbine
38,90,3382.7377500000002,onshore_wind_turbine
50,90,0.0,onshore_wind_turbine
63,90,0.0,onshore_wind_turbine
80,90,6240.383799999999,onshore_wind_turbine
94,90,33747.4928,onshore_wind_turbine
105,90,277.232479104,onshore_wind_turbine
124,90,21644.191109941403,onshore_wind_turbine
136,90,5979.41064,onshore_wind_turbine
144,90,8458.67169,onshore_wind_turbine
11,90,0.0,small_hydroelectric
24,90,0.0,small_hydroelectric
32,90,192.0,small_hydroelectric
39,90,52.9,small_hydroelectric
51,90,0.0,small_hydroelectric
64,90,6.128,small_hydroelectric
81,90,241.672,small_hydroelectric
95,90,418.922,small_hydroelectric
106,90,31.614,small_hydroelectric
125,90,100.697,small_hydroelectric
137,90,34.00674188658505,small_hydroelectric
145,90,0.0,small_hydroelectric
12,90,0.0,solar_photovoltaic
25,90,0.0,solar_photovoltaic
33,90,0.0,solar_photovoltaic
52,90,0.0,solar_photovoltaic
65,90,7924.5929581238,solar_photovoltaic
82,90,0.0,solar_photovoltaic
96,90,0.0,solar_photovoltaic
107,90,0.0,solar_photovoltaic
126,90,0.0,solar_photovoltaic
138,90,0.0,solar_photovoltaic
26,91,0.0,biomass
13,91,0.0,biomass
108,91,0.0,biomass
40,91,0.0,biomass
97,91,0.0,biomass
1,91,0.0,biomass
66,91,0.0,biomass
2,91,229.288164,conventional_hydroelectric
14,91,78.087064,conventional_hydroelectric
27,91,351.3619080000001,conventional_hydroelectric
35,91,0.0,conventional_hydroelectric
54,91,172.540566,conventional_hydroelectric
67,91,0.0,conventional_hydroelectric
84,91,4252.552527944212,conventional_hydroelectric
109,91,115.8846,conventional_hydroelectric
128,91,43.278180000000006,conventional_hydroelectric
139,91,19.330368,conventional_hydroelectric
110,91,0.0,conventional_steam_coal
41,91,0.0,conventional_steam_coal
3,91,0.0,conventional_steam_coal
36,91,0.0,conventional_steam_coal
85,91,0.0,conventional_steam_coal
28,91,0.0,geothermal
116,91,0.0,natural_gas_fired_combined_cycle
73,91,0.0,natural_gas_fired_combined_cycle
71,91,0.0,natural_gas_fired_combined_cycle
44,91,0.0,natural_gas_fired_combined_cycle
115,91,0.0,natural_gas_fired_combined_cycle
70,91,0.0,natural_gas_fired_combined_cycle
131,91,0.0,natural_gas_fired_combined_cycle
18,91,0.0,natural_gas_fired_combined_cycle
72,91,0.0,natural_gas_fired_combined_cycle
114,91,0.0,natural_gas_fired_combined_cycle
45,91,0.0,natural_gas_fired_combined_cycle
78,91,0.0,natural_gas_fired_combustion_turbine
75,91,0.0,natural_gas_fired_combustion_turbine
119,91,0.0,natural_gas_fired_combustion_turbine
117,91,0.0,natural_gas_fired_combustion_turbine
134,91,0.0,natural_gas_fired_combustion_turbine
103,91,0.0,natural_gas_fired_combustion_turbine
47,91,0.0,natural_gas_fired_combustion_turbine
8,91,0.0,natural_gas_fired_combustion_turbine
90,91,0.0,natural_gas_fired_combustion_turbine
60,91,0.0,natural_gas_fired_combustion_turbine
46,91,0.0,natural_gas_fired_combustion_turbine
37,91,0.0,natural_gas_fired_combustion_turbine
7,91,0.0,natural_gas_fired_combustion_turbine
133,91,0.0,natural_gas_fired_combustion_turbine
74,91,0.0,natural_gas_fired_combustion_turbine
20,91,0.0,natural_gas_fired_combustion_turbine
135,91,0.0,natural_gas_fired_combustion_turbine
142,91,0.0,natural_gas_fired_combustion_turbine
121,91,0.0,natural_gas_fired_combustion_turbine
91,91,0.0,natural_gas_fired_combustion_turbine
22,91,0.0,natural_gas_steam_turbine
123,91,0.0,natural_gas_steam_turbine
62,91,0.0,natural_gas_steam_turbine
49,91,0.0,natural_gas_steam_turbine
48,91,0.0,natural_gas_steam_turbine
21,91,0.0,natural_gas_steam_turbine
79,91,0.0,nuclear
10,91,0.0,onshore_wind_turbine
23,91,4908.1956,onshore_wind_turbine
31,91,7278.8233,onshore_wind_turbine
38,91,3070.31025,onshore_wind_turbine
50,91,3211.1603999999998,onshore_wind_turbine
63,91,0.0,onshore_wind_turbine
80,91,5516.44352,onshore_wind_turbine
94,91,34111.595,onshore_wind_turbine
105,91,0.0,onshore_wind_turbine
124,91,15668.404849174003,onshore_wind_turbine
136,91,4958.55759,onshore_wind_turbine
144,91,8043.416009999999,onshore_wind_turbine
11,91,0.0,small_hydroelectric
24,91,0.0,small_hydroelectric
32,91,0.0,small_hydroelectric
39,91,0.0,small_hydroelectric
51,91,0.0,small_hydroelectric
64,91,0.0,small_hydroelectric
81,91,0.0,small_hydroelectric
95,91,0.0,small_hydroelectric
106,91,31.614,small_hydroelectric
125,91,100.697,small_hydroelectric
137,91,15.04916288178416,small_hydroelectric
145,91,0.0,small_hydroelectric
12,91,0.0,solar_photovoltaic
25,91,0.0,solar_photovoltaic
33,91,0.0,solar_photovoltaic
52,91,0.0,solar_photovoltaic
65,91,0.0,solar_photovoltaic
82,91,2945.9647,solar_photovoltaic
96,91,0.0,solar_photovoltaic
107,91,0.0,solar_photovoltaic
126,91,0.0,solar_photovoltaic
138,91,0.0,solar_photovoltaic
26,92,0.0,biomass
13,92,0.0,biomass
108,92,0.0,biomass
40,92,0.0,biomass
97,92,0.0,biomass
1,92,0.0,biomass
66,92,0.0,biomass
2,92,458.576328,conventional_hydroelectric
14,92,117.130596,conventional_hydroelectric
27,92,468.4825440000001,conventional_hydroelectric
35,92,207.302128,conventional_hydroelectric
54,92,258.810849,conventional_hydroelectric
67,92,603.742581,conventional_hydroelectric
84,92,6663.9497019442115,conventional_hydroelectric
109,92,231.7692,conventional_hydroelectric
128,92,55.87758000000001,conventional_hydroelectric
139,92,38.660736,conventional_hydroelectric
110,92,0.0,conventional_steam_coal
41,92,0.0,conventional_steam_coal
3,92,0.0,conventional_steam_coal
36,92,0.0,conventional_steam_coal
85,92,0.0,conventional_steam_coal
28,92,74.364,geothermal
116,92,0.0,natural_gas_fired_combined_cycle
73,92,0.0,natural_gas_fired_combined_cycle
71,92,0.0,natural_gas_fired_combined_cycle
44,92,0.0,natural_gas_fired_combined_cycle
115,92,0.0,natural_gas_fired_combined_cycle
70,92,0.0,natural_gas_fired_combined_cycle
131,92,0.0,natural_gas_fired_combined_cycle
18,92,0.0,natural_gas_fired_combined_cycle
72,92,0.0,natural_gas_fired_combined_cycle
114,92,0.0,natural_gas_fired_combined_cycle
45,92,0.0,natural_gas_fired_combined_cycle
78,92,0.0,natural_gas_fired_combustion_turbine
75,92,0.0,natural_gas_fired_combustion_turbine
119,92,0.0,natural_gas_fired_combustion_turbine
117,92,0.0,natural_gas_fired_combustion_turbine
134,92,0.0,natural_gas_fired_combustion_turbine
103,92,0.0,natural_gas_fired_combustion_turbine
47,92,0.0,natural_gas_fired_combustion_turbine
8,92,0.0,natural_gas_fired_combustion_turbine
90,92,0.0,natural_gas_fired_combustion_turbine
60,92,0.0,natural_gas_fired_combustion_turbine
46,92,0.0,natural_gas_fired_combustion_turbine
37,92,0.0,natural_gas_fired_combustion_turbine
7,92,0.0,natural_gas_fired_combustion_turbine
133,92,0.0,natural_gas_fired_combustion_turbine
74,92,0.0,natural_gas_fired_combustion_turbine
20,92,0.0,natural_gas_fired_combustion_turbine
135,92,0.0,natural_gas_fired_combustion_turbine
142,92,0.0,natural_gas_fired_combustion_turbine
121,92,0.0,natural_gas_fired_combustion_turbine
91,92,0.0,natural_gas_fired_combustion_turbine
22,92,0.0,natural_gas_steam_turbine
123,92,0.0,natural_gas_steam_turbine
62,92,0.0,natural_gas_steam_turbine
49,92,0.0,natural_gas_steam_turbine
48,92,0.0,natural_gas_steam_turbine
21,92,0.0,natural_gas_steam_turbine
79,92,0.0,nuclear
10,92,632.3662100000001,onshore_wind_turbine
23,92,8428.1582,onshore_wind_turbine
31,92,7338.1938,onshore_wind_turbine
38,92,3125.97915,onshore_wind_turbine
50,92,2155.6777199999997,onshore_wind_turbine
63,92,316.1429597536,onshore_wind_turbine
80,92,5809.179319999999,onshore_wind_turbine
94,92,33022.9662,onshore_wind_turbine
105,92,89.780879454,onshore_wind_turbine
124,92,10160.183032199202,onshore_wind_turbine
136,92,5086.276650000001,onshore_wind_turbine
144,92,6382.393289999999,onshore_wind_turbine
11,92,19.125,small_hydroelectric
24,92,62.577,small_hydroelectric
32,92,192.0,small_hydroelectric
39,92,52.9,small_hydroelectric
51,92,25.641,small_hydroelectric
64,92,6.128,small_hydroelectric
81,92,241.672,small_hydroelectric
95,92,418.922,small_hydroelectric
106,92,31.614,small_hydroelectric
125,92,100.697,small_hydroelectric
137,92,36.822,small_hydroelectric
145,92,33.21,small_hydroelectric
12,92,0.0,solar_photovoltaic
25,92,0.0,solar_photovoltaic
33,92,0.0,solar_photovoltaic
52,92,0.0,solar_photovoltaic
65,92,0.0,solar_photovoltaic
82,92,0.0,solar_photovoltaic
96,92,3.08553,solar_photovoltaic
107,92,0.0,solar_photovoltaic
126,92,0.0,solar_photovoltaic
138,92,0.0,solar_photovoltaic
26,93,0.0,biomass
13,93,0.0,biomass
108,93,0.0,biomass
40,93,0.0,biomass
97,93,0.0,biomass
1,93,0.0,biomass
66,93,0.0,biomass
2,93,229.288164,conventional_hydroelectric
14,93,126.8679588,conventional_hydroelectric
27,93,351.3619080000001,conventional_hydroelectric
35,93,0.0,conventional_hydroelectric
54,93,172.540566,conventional_hydroelectric
67,93,0.0,conventional_hydroelectric
84,93,4252.552527944211,conventional_hydroelectric
109,93,115.8846,conventional_hydroelectric
128,93,68.47698000000001,conventional_hydroelectric
139,93,57.991104,conventional_hydroelectric
110,93,0.0,conventional_steam_coal
41,93,0.0,conventional_steam_coal
3,93,0.0,conventional_steam_coal
36,93,0.0,conventional_steam_coal
85,93,0.0,conventional_steam_coal
28,93,74.364,geothermal
116,93,0.0,natural_gas_fired_combined_cycle
73,93,0.0,natural_gas_fired_combined_cycle
71,93,0.0,natural_gas_fired_combined_cycle
44,93,0.0,natural_gas_fired_combined_cycle
115,93,0.0,natural_gas_fired_combined_cycle
70,93,0.0,natural_gas_fired_combined_cycle
131,93,0.0,natural_gas_fired_combined_cycle
18,93,0.0,natural_gas_fired_combined_cycle
72,93,0.0,natural_gas_fired_combined_cycle
114,93,0.0,natural_gas_fired_combined_cycle
45,93,0.0,natural_gas_fired_combined_cycle
78,93,0.0,natural_gas_fired_combustion_turbine
75,93,0.0,natural_gas_fired_combustion_turbine
119,93,0.0,natural_gas_fired_combustion_turbine
117,93,0.0,natural_gas_fired_combustion_turbine
134,93,0.0,natural_gas_fired_combustion_turbine
103,93,0.0,natural_gas_fired_combustion_turbine
47,93,0.0,natural_gas_fired_combustion_turbine
8,93,0.0,natural_gas_fired_combustion_turbine
90,93,0.0,natural_gas_fired_combustion_turbine
60,93,0.0,natural_gas_fired_combustion_turbine
46,93,0.0,natural_gas_fired_combustion_turbine
37,93,0.0,natural_gas_fired_combustion_turbine
7,93,0.0,natural_gas_fired_combustion_turbine
133,93,0.0,natural_gas_fired_combustion_turbine
74,93,0.0,natural_gas_fired_combustion_turbine
20,93,0.0,natural_gas_fired_combustion_turbine
135,93,0.0,natural_gas_fired_combustion_turbine
142,93,0.0,natural_gas_fired_combustion_turbine
121,93,0.0,natural_gas_fired_combustion_turbine
91,93,0.0,natural_gas_fired_combustion_turbine
22,93,0.0,natural_gas_steam_turbine
123,93,0.0,natural_gas_steam_turbine
62,93,0.0,natural_gas_steam_turbine
49,93,0.0,natural_gas_steam_turbine
48,93,0.0,natural_gas_steam_turbine
21,93,0.0,natural_gas_steam_turbine
79,93,0.0,nuclear
10,93,836.6109500000001,onshore_wind_turbine
23,93,8191.5064,onshore_wind_turbine
31,93,7321.570060000001,onshore_wind_turbine
38,93,3070.31025,onshore_wind_turbine
50,93,2026.2828599999996,onshore_wind_turbine
63,93,174.7326002296,onshore_wind_turbine
80,93,5734.833719999999,onshore_wind_turbine
94,93,28447.783,onshore_wind_turbine
105,93,1464.749720511,onshore_wind_turbine
124,93,20037.342640515202,onshore_wind_turbine
136,93,5339.915910000001,onshore_wind_turbine
144,93,5740.04466,onshore_wind_turbine
11,93,19.125,small_hydroelectric
24,93,62.577,small_hydroelectric
32,93,192.0,small_hydroelectric
39,93,52.9,small_hydroelectric
51,93,25.641,small_hydroelectric
64,93,6.128,small_hydroelectric
81,93,241.672,small_hydroelectric
95,93,418.922,small_hydroelectric
106,93,31.614,small_hydroelectric
125,93,100.697,small_hydroelectric
137,93,36.822,small_hydroelectric
145,93,33.21,small_hydroelectric
12,93,0.0,solar_photovoltaic
25,93,0.0,solar_photovoltaic
33,93,0.0,solar_photovoltaic
52,93,0.0,solar_photovoltaic
65,93,0.0,solar_photovoltaic
82,93,0.0,solar_photovoltaic
96,93,0.0,solar_photovoltaic
107,93,0.0,solar_photovoltaic
126,93,0.0,solar_photovoltaic
138,93,0.0,solar_photovoltaic
26,94,0.0,biomass
13,94,0.0,biomass
108,94,0.0,biomass
40,94,0.0,biomass
97,94,0.0,biomass
1,94,0.0,biomass
66,94,0.0,biomass
2,94,0.0,conventional_hydroelectric
14,94,87.8244268,conventional_hydroelectric
27,94,234.24127200000004,conventional_hydroelectric
35,94,200.54604720956195,conventional_hydroelectric
54,94,86.270283,conventional_hydroelectric
67,94,603.742581,conventional_hydroelectric
84,94,1841.1553539442107,conventional_hydroelectric
109,94,115.8846,conventional_hydroelectric
128,94,68.47698000000001,conventional_hydroelectric
139,94,38.660736,conventional_hydroelectric
110,94,0.0,conventional_steam_coal
41,94,0.0,conventional_steam_coal
3,94,0.0,conventional_steam_coal
36,94,0.0,conventional_steam_coal
85,94,0.0,conventional_steam_coal
28,94,74.364,geothermal
116,94,0.0,natural_gas_fired_combined_cycle
73,94,0.0,natural_gas_fired_combined_cycle
71,94,0.0,natural_gas_fired_combined_cycle
44,94,0.0,natural_gas_fired_combined_cycle
115,94,0.0,natural_gas_fired_combined_cycle
70,94,0.0,natural_gas_fired_combined_cycle
131,94,0.0,natural_gas_fired_combined_cycle
18,94,0.0,natural_gas_fired_combined_cycle
72,94,0.0,natural_gas_fired_combined_cycle
114,94,0.0,natural_gas_fired_combined_cycle
45,94,0.0,natural_gas_fired_combined_cycle
78,94,0.0,natural_gas_fired_combustion_turbine
75,94,0.0,natural_gas_fired_combustion_turbine
119,94,0.0,natural_gas_fired_combustion_turbine
117,94,0.0,natural_gas_fired_combustion_turbine
134,94,0.0,natural_gas_fired_combustion_turbine
103,94,0.0,natural_gas_fired_combustion_turbine
47,94,0.0,natural_gas_fired_combustion_turbine
8,94,0.0,natural_gas_fired_combustion_turbine
90,94,0.0,natural_gas_fired_combustion_turbine
60,94,0.0,natural_gas_fired_combustion_turbine
46,94,0.0,natural_gas_fired_combustion_turbine
37,94,0.0,natural_gas_fired_combustion_turbine
7,94,0.0,natural_gas_fired_combustion_turbine
133,94,0.0,natural_gas_fired_combustion_turbine
74,94,0.0,natural_gas_fired_combustion_turbine
20,94,0.0,natural_gas_fired_combustion_turbine
135,94,0.0,natural_gas_fired_combustion_turbine
142,94,0.0,natural_gas_fired_combustion_turbine
121,94,0.0,natural_gas_fired_combustion_turbine
91,94,0.0,natural_gas_fired_combustion_turbine
22,94,0.0,natural_gas_steam_turbine
123,94,0.0,natural_gas_steam_turbine
62,94,0.0,natural_gas_steam_turbine
49,94,0.0,natural_gas_steam_turbine
48,94,0.0,natural_gas_steam_turbine
21,94,0.0,natural_gas_steam_turbine
79,94,0.0,nuclear
10,94,809.23423,onshore_wind_turbine
23,94,7066.0127999999995,onshore_wind_turbine
31,94,7431.99919,onshore_wind_turbine
38,94,3194.7132,onshore_wind_turbine
50,94,1929.4060799999997,onshore_wind_turbine
63,94,129.0883996136,onshore_wind_turbine
80,94,5258.092559999999,onshore_wind_turbine
94,94,25656.3328,onshore_wind_turbine
105,94,1246.3698790199999,onshore_wind_turbine
124,94,20172.4488014126,onshore_wind_turbine
136,94,4435.988760000001,onshore_wind_turbine
144,94,7204.253489999999,onshore_wind_turbine
11,94,19.125,small_hydroelectric
24,94,62.577,small_hydroelectric
32,94,192.0,small_hydroelectric
39,94,52.9,small_hydroelectric
51,94,25.641,small_hydroelectric
64,94,6.128,small_hydroelectric
81,94,241.672,small_hydroelectric
95,94,418.922,small_hydroelectric
106,94,31.614,small_hydroelectric
125,94,100.697,small_hydroelectric
137,94,36.822,small_hydroelectric
145,94,33.21,small_hydroelectric
12,94,0.0,solar_photovoltaic
25,94,0.0,solar_photovoltaic
33,94,0.0,solar_photovoltaic
52,94,0.0,solar_photovoltaic
65,94,0.0,solar_photovoltaic
82,94,0.0,solar_photovoltaic
96,94,0.0,solar_photovoltaic
107,94,0.0,solar_photovoltaic
126,94,0.0,solar_photovoltaic
138,94,0.0,solar_photovoltaic
26,95,0.0,biomass
13,95,0.0,biomass
108,95,0.0,biomass
40,95,0.0,biomass
97,95,0.0,biomass
1,95,0.0,biomass
66,95,0.0,biomass
2,95,0.0,conventional_hydroelectric
14,95,48.7808948,conventional_hydroelectric
27,95,117.12063600000002,conventional_hydroelectric
35,95,0.0,conventional_hydroelectric
54,95,0.0,conventional_hydroelectric
67,95,0.0,conventional_hydroelectric
84,95,0.0,conventional_hydroelectric
109,95,0.0,conventional_hydroelectric
128,95,55.87758000000001,conventional_hydroelectric
139,95,19.330368,conventional_hydroelectric
110,95,0.0,conventional_steam_coal
41,95,0.0,conventional_steam_coal
3,95,0.0,conventional_steam_coal
36,95,0.0,conventional_steam_coal
85,95,0.0,conventional_steam_coal
28,95,0.0,geothermal
116,95,0.0,natural_gas_fired_combined_cycle
73,95,0.0,natural_gas_fired_combined_cycle
71,95,0.0,natural_gas_fired_combined_cycle
44,95,0.0,natural_gas_fired_combined_cycle
115,95,0.0,natural_gas_fired_combined_cycle
70,95,0.0,natural_gas_fired_combined_cycle
131,95,0.0,natural_gas_fired_combined_cycle
18,95,0.0,natural_gas_fired_combined_cycle
72,95,0.0,natural_gas_fired_combined_cycle
114,95,0.0,natural_gas_fired_combined_cycle
45,95,0.0,natural_gas_fired_combined_cycle
78,95,0.0,natural_gas_fired_combustion_turbine
75,95,0.0,natural_gas_fired_combustion_turbine
119,95,0.0,natural_gas_fired_combustion_turbine
117,95,0.0,natural_gas_fired_combustion_turbine
134,95,0.0,natural_gas_fired_combustion_turbine
103,95,0.0,natural_gas_fired_combustion_turbine
47,95,0.0,natural_gas_fired_combustion_turbine
8,95,0.0,natural_gas_fired_combustion_turbine
90,95,0.0,natural_gas_fired_combustion_turbine
60,95,0.0,natural_gas_fired_combustion_turbine
46,95,0.0,natural_gas_fired_combustion_turbine
37,95,0.0,natural_gas_fired_combustion_turbine
7,95,0.0,natural_gas_fired_combustion_turbine
133,95,0.0,natural_gas_fired_combustion_turbine
74,95,0.0,natural_gas_fired_combustion_turbine
20,95,0.0,natural_gas_fired_combustion_turbine
135,95,0.0,natural_gas_fired_combustion_turbine
142,95,0.0,natural_gas_fired_combustion_turbine
121,95,0.0,natural_gas_fired_combustion_turbine
91,95,0.0,natural_gas_fired_combustion_turbine
22,95,0.0,natural_gas_steam_turbine
123,95,0.0,natural_gas_steam_turbine
62,95,0.0,natural_gas_steam_turbine
49,95,0.0,natural_gas_steam_turbine
48,95,0.0,natural_gas_steam_turbine
21,95,0.0,natural_gas_steam_turbine
79,95,0.0,nuclear
10,95,0.0,onshore_wind_turbine
23,95,8664.810000000001,onshore_wind_turbine
31,95,8856.89119,onshore_wind_turbine
38,95,0.0,onshore_wind_turbine
50,95,2006.63652,onshore_wind_turbine
63,95,0.0,onshore_wind_turbine
80,95,3952.39796,onshore_wind_turbine
94,95,23626.1872,onshore_wind_turbine
105,95,1803.985821036,onshore_wind_turbine
124,95,21780.120748555404,onshore_wind_turbine
136,95,4028.546970000001,onshore_wind_turbine
144,95,6620.882731608599,onshore_wind_turbine
11,95,0.0,small_hydroelectric
24,95,0.0,small_hydroelectric
32,95,0.0,small_hydroelectric
39,95,0.0,small_hydroelectric
51,95,0.0,small_hydroelectric
64,95,0.0,small_hydroelectric
81,95,0.0,small_hydroelectric
95,95,0.0,small_hydroelectric
106,95,0.0,small_hydroelectric
125,95,0.0,small_hydroelectric
137,95,0.0,small_hydroelectric
145,95,0.0,small_hydroelectric
12,95,0.0,solar_photovoltaic
25,95,0.0,solar_photovoltaic
33,95,0.0,solar_photovoltaic
52,95,0.0,solar_photovoltaic
65,95,0.0,solar_photovoltaic
82,95,0.0,solar_photovoltaic
96,95,0.0,solar_photovoltaic
107,95,0.0,solar_photovoltaic
126,95,0.0,solar_photovoltaic
138,95,0.0,solar_photovoltaic
26,96,0.0,biomass
13,96,0.0,biomass
108,96,0.0,biomass
40,96,0.0,biomass
97,96,0.0,biomass
1,96,0.0,biomass
66,96,0.0,biomass
2,96,0.0,conventional_hydroelectric
14,96,9.7373628,conventional_hydroelectric
27,96,0.0,conventional_hydroelectric
35,96,0.0,conventional_hydroelectric
54,96,0.0,conventional_hydroelectric
67,96,0.0,conventional_hydroelectric
84,96,0.0,conventional_hydroelectric
109,96,0.0,conventional_hydroelectric
128,96,43.278180000000006,conventional_hydroelectric
139,96,0.0,conventional_hydroelectric
110,96,0.0,conventional_steam_coal
41,96,0.0,conventional_steam_coal
3,96,0.0,conventional_steam_coal
36,96,0.0,conventional_steam_coal
85,96,0.0,conventional_steam_coal
28,96,0.0,geothermal
116,96,0.0,natural_gas_fired_combined_cycle
73,96,0.0,natural_gas_fired_combined_cycle
71,96,0.0,natural_gas_fired_combined_cycle
44,96,0.0,natural_gas_fired_combined_cycle
115,96,0.0,natural_gas_fired_combined_cycle
70,96,0.0,natural_gas_fired_combined_cycle
131,96,0.0,natural_gas_fired_combined_cycle
18,96,0.0,natural_gas_fired_combined_cycle
72,96,0.0,natural_gas_fired_combined_cycle
114,96,0.0,natural_gas_fired_combined_cycle
45,96,0.0,natural_gas_fired_combined_cycle
78,96,0.0,natural_gas_fired_combustion_turbine
75,96,0.0,natural_gas_fired_combustion_turbine
119,96,0.0,natural_gas_fired_combustion_turbine
117,96,0.0,natural_gas_fired_combustion_turbine
134,96,0.0,natural_gas_fired_combustion_turbine
103,96,0.0,natural_gas_fired_combustion_turbine
47,96,0.0,natural_gas_fired_combustion_turbine
8,96,0.0,natural_gas_fired_combustion_turbine
90,96,0.0,natural_gas_fired_combustion_turbine
60,96,0.0,natural_gas_fired_combustion_turbine
46,96,0.0,natural_gas_fired_combustion_turbine
37,96,0.0,natural_gas_fired_combustion_turbine
7,96,0.0,natural_gas_fired_combustion_turbine
133,96,0.0,natural_gas_fired_combustion_turbine
74,96,0.0,natural_gas_fired_combustion_turbine
20,96,0.0,natural_gas_fired_combustion_turbine
135,96,0.0,natural_gas_fired_combustion_turbine
142,96,0.0,natural_gas_fired_combustion_turbine
121,96,0.0,natural_gas_fired_combustion_turbine
91,96,0.0,natural_gas_fired_combustion_turbine
22,96,0.0,natural_gas_steam_turbine
123,96,0.0,natural_gas_steam_turbine
62,96,0.0,natural_gas_steam_turbine
49,96,0.0,natural_gas_steam_turbine
48,96,0.0,natural_gas_steam_turbine
21,96,0.0,natural_gas_steam_turbine
79,96,0.0,nuclear
10,96,0.0,onshore_wind_turbine
23,96,0.0,onshore_wind_turbine
31,96,8286.93439,onshore_wind_turbine
38,96,3661.08225,onshore_wind_turbine
50,96,2623.8025799999996,onshore_wind_turbine
63,96,0.0,onshore_wind_turbine
80,96,3297.22736,onshore_wind_turbine
94,96,24652.2934,onshore_wind_turbine
105,96,0.0,onshore_wind_turbine
124,96,21584.846863672403,onshore_wind_turbine
136,96,4009.6589400000003,onshore_wind_turbine
144,96,6665.718779999998,onshore_wind_turbine
11,96,0.0,small_hydroelectric
24,96,0.0,small_hydroelectric
32,96,0.0,small_hydroelectric
39,96,0.0,small_hydroelectric
51,96,0.0,small_hydroelectric
64,96,0.0,small_hydroelectric
81,96,241.672,small_hydroelectric
95,96,418.922,small_hydroelectric
106,96,0.0,small_hydroelectric
125,96,75.05046352760976,small_hydroelectric
137,96,0.0,small_hydroelectric
145,96,0.0,small_hydroelectric
12,96,0.0,solar_photovoltaic
25,96,0.0,solar_photovoltaic
33,96,0.0,solar_photovoltaic
52,96,0.0,solar_photovoltaic
65,96,0.0,solar_photovoltaic
82,96,0.0,solar_photovoltaic
96,96,0.0,solar_photovoltaic
107,96,0.0,solar_photovoltaic
126,96,0.0,solar_photovoltaic
138,96,0.0,solar_photovoltaic
