r_id,hour,gen,resource
26,1,0.0,biomass
13,1,0.0,biomass
108,1,0.0,biomass
40,1,0.0,biomass
97,1,0.0,biomass
1,1,0.0,biomass
66,1,0.0,biomass
2,1,711.8983115999999,conventional_hydroelectric
14,1,160.5488852,conventional_hydroelectric
27,1,609.3095256,conventional_hydroelectric
35,1,857.6813344,conventional_hydroelectric
54,1,479.8914416999999,conventional_hydroelectric
67,1,1344.1941807012809,conventional_hydroelectric
84,1,10859.906797174326,conventional_hydroelectric
109,1,290.9671668852,conventional_hydroelectric
128,1,48.95550000000001,conventional_hydroelectric
139,1,122.54987519999999,conventional_hydroelectric
110,1,0.0,conventional_steam_coal
41,1,0.0,conventional_steam_coal
3,1,0.0,conventional_steam_coal
36,1,0.0,conventional_steam_coal
85,1,0.0,conventional_steam_coal
28,1,74.364,geothermal
116,1,0.0,natural_gas_fired_combined_cycle
73,1,0.0,natural_gas_fired_combined_cycle
71,1,0.0,natural_gas_fired_combined_cycle
44,1,0.0,natural_gas_fired_combined_cycle
115,1,0.0,natural_gas_fired_combined_cycle
70,1,0.0,natural_gas_fired_combined_cycle
131,1,0.0,natural_gas_fired_combined_cycle
18,1,0.0,natural_gas_fired_combined_cycle
72,1,0.0,natural_gas_fired_combined_cycle
114,1,0.0,natural_gas_fired_combined_cycle
45,1,0.0,natural_gas_fired_combined_cycle
78,1,0.0,natural_gas_fired_combustion_turbine
75,1,0.0,natural_gas_fired_combustion_turbine
119,1,0.0,natural_gas_fired_combustion_turbine
117,1,0.0,natural_gas_fired_combustion_turbine
134,1,0.0,natural_gas_fired_combustion_turbine
103,1,0.0,natural_gas_fired_combustion_turbine
47,1,0.0,natural_gas_fired_combustion_turbine
8,1,0.0,natural_gas_fired_combustion_turbine
90,1,0.0,natural_gas_fired_combustion_turbine
60,1,0.0,natural_gas_fired_combustion_turbine
46,1,0.0,natural_gas_fired_combustion_turbine
37,1,0.0,natural_gas_fired_combustion_turbine
7,1,0.0,natural_gas_fired_combustion_turbine
133,1,0.0,natural_gas_fired_combustion_turbine
74,1,0.0,natural_gas_fired_combustion_turbine
20,1,0.0,natural_gas_fired_combustion_turbine
135,1,0.0,natural_gas_fired_combustion_turbine
142,1,0.0,natural_gas_fired_combustion_turbine
121,1,0.0,natural_gas_fired_combustion_turbine
91,1,0.0,natural_gas_fired_combustion_turbine
22,1,0.0,natural_gas_steam_turbine
123,1,0.0,natural_gas_steam_turbine
62,1,0.0,natural_gas_steam_turbine
49,1,0.0,natural_gas_steam_turbine
48,1,0.0,natural_gas_steam_turbine
21,1,0.0,natural_gas_steam_turbine
79,1,0.0,nuclear
10,1,337.52614000000005,onshore_wind_turbine
23,1,11771.097800000001,onshore_wind_turbine
31,1,5927.55072,onshore_wind_turbine
38,1,2793.6699,onshore_wind_turbine
50,1,1881.30642,onshore_wind_turbine
63,1,349.7858000672,onshore_wind_turbine
80,1,3474.7274799999996,onshore_wind_turbine
94,1,11250.3902,onshore_wind_turbine
105,1,328.88379972,onshore_wind_turbine
124,1,20951.236948226204,onshore_wind_turbine
136,1,3742.528230000001,onshore_wind_turbine
144,1,10234.322279999998,onshore_wind_turbine
11,1,19.125,small_hydroelectric
24,1,62.577,small_hydroelectric
32,1,192.0,small_hydroelectric
39,1,52.9,small_hydroelectric
51,1,25.641,small_hydroelectric
64,1,6.128,small_hydroelectric
81,1,241.672,small_hydroelectric
95,1,418.922,small_hydroelectric
106,1,31.614,small_hydroelectric
125,1,100.697,small_hydroelectric
137,1,36.822,small_hydroelectric
145,1,33.21,small_hydroelectric
12,1,0.0,solar_photovoltaic
25,1,0.0,solar_photovoltaic
33,1,0.0,solar_photovoltaic
52,1,0.0,solar_photovoltaic
65,1,0.0,solar_photovoltaic
82,1,0.0,solar_photovoltaic
96,1,0.0,solar_photovoltaic
107,1,0.0,solar_photovoltaic
126,1,0.0,solar_photovoltaic
138,1,0.0,solar_photovoltaic
26,2,0.0,biomass
13,2,0.0,biomass
108,2,0.0,biomass
40,2,0.0,biomass
97,2,0.0,biomass
1,2,0.0,biomass
66,2,0.0,biomass
2,2,711.3458099999999,conventional_hydroelectric
14,2,160.5488852,conventional_hydroelectric
27,2,608.886198,conventional_hydroelectric
35,2,856.6822880000001,conventional_hydroelectric
54,2,566.1617246999999,conventional_hydroelectric
67,2,740.4515997012809,conventional_hydroelectric
84,2,8448.509623174326,conventional_hydroelectric
109,2,291.0279155472,conventional_hydroelectric
128,2,48.90996,conventional_hydroelectric
139,2,122.38684799999999,conventional_hydroelectric
110,2,0.0,conventional_steam_coal
41,2,0.0,conventional_steam_coal
3,2,0.0,conventional_steam_coal
36,2,0.0,conventional_steam_coal
85,2,0.0,conventional_steam_coal
28,2,74.364,geothermal
116,2,0.0,natural_gas_fired_combined_cycle
73,2,0.0,natural_gas_fired_combined_cycle
71,2,0.0,natural_gas_fired_combined_cycle
44,2,0.0,natural_gas_fired_combined_cycle
115,2,0.0,natural_gas_fired_combined_cycle
70,2,0.0,natural_gas_fired_combined_cycle
131,2,0.0,natural_gas_fired_combined_cycle
18,2,0.0,natural_gas_fired_combined_cycle
72,2,0.0,natural_gas_fired_combined_cycle
114,2,0.0,natural_gas_fired_combined_cycle
45,2,0.0,natural_gas_fired_combined_cycle
78,2,0.0,natural_gas_fired_combustion_turbine
75,2,0.0,natural_gas_fired_combustion_turbine
119,2,0.0,natural_gas_fired_combustion_turbine
117,2,0.0,natural_gas_fired_combustion_turbine
134,2,0.0,natural_gas_fired_combustion_turbine
103,2,0.0,natural_gas_fired_combustion_turbine
47,2,0.0,natural_gas_fired_combustion_turbine
8,2,0.0,natural_gas_fired_combustion_turbine
90,2,0.0,natural_gas_fired_combustion_turbine
60,2,0.0,natural_gas_fired_combustion_turbine
46,2,0.0,natural_gas_fired_combustion_turbine
37,2,0.0,natural_gas_fired_combustion_turbine
7,2,0.0,natural_gas_fired_combustion_turbine
133,2,0.0,natural_gas_fired_combustion_turbine
74,2,0.0,natural_gas_fired_combustion_turbine
20,2,0.0,natural_gas_fired_combustion_turbine
135,2,0.0,natural_gas_fired_combustion_turbine
142,2,0.0,natural_gas_fired_combustion_turbine
121,2,0.0,natural_gas_fired_combustion_turbine
91,2,0.0,natural_gas_fired_combustion_turbine
22,2,0.0,natural_gas_steam_turbine
123,2,0.0,natural_gas_steam_turbine
62,2,0.0,natural_gas_steam_turbine
49,2,0.0,natural_gas_steam_turbine
48,2,0.0,natural_gas_steam_turbine
21,2,0.0,natural_gas_steam_turbine
79,2,0.0,nuclear
10,2,303.66546,onshore_wind_turbine
23,2,11534.446,onshore_wind_turbine
31,2,4602.40116,onshore_wind_turbine
38,2,2777.19645,onshore_wind_turbine
50,2,1308.8527199999999,onshore_wind_turbine
63,2,437.93288014,onshore_wind_turbine
80,2,3193.1435199999996,onshore_wind_turbine
94,2,11243.0346,onshore_wind_turbine
105,2,279.223421526,onshore_wind_turbine
124,2,18906.814276011202,onshore_wind_turbine
136,2,4204.835250000001,onshore_wind_turbine
144,2,9438.41556,onshore_wind_turbine
11,2,19.125,small_hydroelectric
24,2,62.577,small_hydroelectric
32,2,192.0,small_hydroelectric
39,2,52.9,small_hydroelectric
51,2,25.641,small_hydroelectric
64,2,6.128,small_hydroelectric
81,2,241.672,small_hydroelectric
95,2,418.922,small_hydroelectric
106,2,31.614,small_hydroelectric
125,2,100.697,small_hydroelectric
137,2,36.822,small_hydroelectric
145,2,33.21,small_hydroelectric
12,2,0.0,solar_photovoltaic
25,2,0.0,solar_photovoltaic
33,2,0.0,solar_photovoltaic
52,2,0.0,solar_photovoltaic
65,2,0.0,solar_photovoltaic
82,2,0.0,solar_photovoltaic
96,2,0.0,solar_photovoltaic
107,2,0.0,solar_photovoltaic
126,2,0.0,solar_photovoltaic
138,2,0.0,solar_photovoltaic
26,3,0.0,biomass
13,3,0.0,biomass
108,3,0.0,biomass
40,3,0.0,biomass
97,3,0.0,biomass
1,3,0.0,biomass
66,3,0.0,biomass
2,3,710.7933083999999,conventional_hydroelectric
14,3,160.5018448,conventional_hydroelectric
27,3,608.4628704,conventional_hydroelectric
35,3,855.6832416000001,conventional_hydroelectric
54,3,652.4320077,conventional_hydroelectric
67,3,1344.1941807012809,conventional_hydroelectric
84,3,7788.659355587237,conventional_hydroelectric
109,3,291.149411475,conventional_hydroelectric
128,3,48.86442000000001,conventional_hydroelectric
139,3,122.2238208,conventional_hydroelectric
110,3,0.0,conventional_steam_coal
41,3,0.0,conventional_steam_coal
3,3,0.0,conventional_steam_coal
36,3,0.0,conventional_steam_coal
85,3,0.0,conventional_steam_coal
28,3,74.364,geothermal
116,3,0.0,natural_gas_fired_combined_cycle
73,3,0.0,natural_gas_fired_combined_cycle
71,3,0.0,natural_gas_fired_combined_cycle
44,3,0.0,natural_gas_fired_combined_cycle
115,3,0.0,natural_gas_fired_combined_cycle
70,3,0.0,natural_gas_fired_combined_cycle
131,3,0.0,natural_gas_fired_combined_cycle
18,3,0.0,natural_gas_fired_combined_cycle
72,3,0.0,natural_gas_fired_combined_cycle
114,3,0.0,natural_gas_fired_combined_cycle
45,3,0.0,natural_gas_fired_combined_cycle
78,3,0.0,natural_gas_fired_combustion_turbine
75,3,0.0,natural_gas_fired_combustion_turbine
119,3,0.0,natural_gas_fired_combustion_turbine
117,3,0.0,natural_gas_fired_combustion_turbine
134,3,0.0,natural_gas_fired_combustion_turbine
103,3,0.0,natural_gas_fired_combustion_turbine
47,3,0.0,natural_gas_fired_combustion_turbine
8,3,0.0,natural_gas_fired_combustion_turbine
90,3,0.0,natural_gas_fired_combustion_turbine
60,3,0.0,natural_gas_fired_combustion_turbine
46,3,0.0,natural_gas_fired_combustion_turbine
37,3,0.0,natural_gas_fired_combustion_turbine
7,3,0.0,natural_gas_fired_combustion_turbine
133,3,0.0,natural_gas_fired_combustion_turbine
74,3,0.0,natural_gas_fired_combustion_turbine
20,3,0.0,natural_gas_fired_combustion_turbine
135,3,0.0,natural_gas_fired_combustion_turbine
142,3,0.0,natural_gas_fired_combustion_turbine
121,3,0.0,natural_gas_fired_combustion_turbine
91,3,0.0,natural_gas_fired_combustion_turbine
22,3,0.0,natural_gas_steam_turbine
123,3,0.0,natural_gas_steam_turbine
62,3,0.0,natural_gas_steam_turbine
49,3,0.0,natural_gas_steam_turbine
48,3,0.0,natural_gas_steam_turbine
21,3,0.0,natural_gas_steam_turbine
79,3,0.0,nuclear
10,3,178.84923,onshore_wind_turbine
23,3,9577.876,onshore_wind_turbine
31,3,6226.77804,onshore_wind_turbine
38,3,3613.9341,onshore_wind_turbine
50,3,1155.74676,onshore_wind_turbine
63,3,495.66747989920003,onshore_wind_turbine
80,3,2100.2632,onshore_wind_turbine
94,3,14781.0782,onshore_wind_turbine
105,3,263.645338929,onshore_wind_turbine
124,3,17096.275141761205,onshore_wind_turbine
136,3,5141.141880000001,onshore_wind_turbine
144,3,8467.322849999999,onshore_wind_turbine
11,3,19.125,small_hydroelectric
24,3,62.577,small_hydroelectric
32,3,192.0,small_hydroelectric
39,3,52.9,small_hydroelectric
51,3,25.641,small_hydroelectric
64,3,6.128,small_hydroelectric
81,3,241.672,small_hydroelectric
95,3,418.922,small_hydroelectric
106,3,31.614,small_hydroelectric
125,3,100.697,small_hydroelectric
137,3,36.822,small_hydroelectric
145,3,33.21,small_hydroelectric
12,3,0.0,solar_photovoltaic
25,3,0.0,solar_photovoltaic
33,3,0.0,solar_photovoltaic
52,3,0.0,solar_photovoltaic
65,3,0.0,solar_photovoltaic
82,3,0.0,solar_photovoltaic
96,3,0.0,solar_photovoltaic
107,3,0.0,solar_photovoltaic
126,3,0.0,solar_photovoltaic
138,3,0.0,solar_photovoltaic
26,4,0.0,biomass
13,4,0.0,biomass
108,4,0.0,biomass
40,4,0.0,biomass
97,4,0.0,biomass
1,4,0.0,biomass
66,4,0.0,biomass
2,4,710.2408068,conventional_hydroelectric
14,4,160.5018448,conventional_hydroelectric
27,4,608.180652,conventional_hydroelectric
35,4,854.6841952,conventional_hydroelectric
54,4,738.7022907,conventional_hydroelectric
67,4,1947.9367617012808,conventional_hydroelectric
84,4,10200.056529587237,conventional_hydroelectric
109,4,291.2101587408,conventional_hydroelectric
128,4,48.81888,conventional_hydroelectric
139,4,122.0607936,conventional_hydroelectric
110,4,0.0,conventional_steam_coal
41,4,0.0,conventional_steam_coal
3,4,0.0,conventional_steam_coal
36,4,0.0,conventional_steam_coal
85,4,0.0,conventional_steam_coal
28,4,74.364,geothermal
116,4,0.0,natural_gas_fired_combined_cycle
73,4,0.0,natural_gas_fired_combined_cycle
71,4,0.0,natural_gas_fired_combined_cycle
44,4,0.0,natural_gas_fired_combined_cycle
115,4,0.0,natural_gas_fired_combined_cycle
70,4,0.0,natural_gas_fired_combined_cycle
131,4,0.0,natural_gas_fired_combined_cycle
18,4,0.0,natural_gas_fired_combined_cycle
72,4,0.0,natural_gas_fired_combined_cycle
114,4,0.0,natural_gas_fired_combined_cycle
45,4,0.0,natural_gas_fired_combined_cycle
78,4,0.0,natural_gas_fired_combustion_turbine
75,4,0.0,natural_gas_fired_combustion_turbine
119,4,0.0,natural_gas_fired_combustion_turbine
117,4,0.0,natural_gas_fired_combustion_turbine
134,4,0.0,natural_gas_fired_combustion_turbine
103,4,0.0,natural_gas_fired_combustion_turbine
47,4,0.0,natural_gas_fired_combustion_turbine
8,4,0.0,natural_gas_fired_combustion_turbine
90,4,0.0,natural_gas_fired_combustion_turbine
60,4,0.0,natural_gas_fired_combustion_turbine
46,4,0.0,natural_gas_fired_combustion_turbine
37,4,0.0,natural_gas_fired_combustion_turbine
7,4,0.0,natural_gas_fired_combustion_turbine
133,4,0.0,natural_gas_fired_combustion_turbine
74,4,0.0,natural_gas_fired_combustion_turbine
20,4,0.0,natural_gas_fired_combustion_turbine
135,4,0.0,natural_gas_fired_combustion_turbine
142,4,0.0,natural_gas_fired_combustion_turbine
121,4,0.0,natural_gas_fired_combustion_turbine
91,4,0.0,natural_gas_fired_combustion_turbine
22,4,0.0,natural_gas_steam_turbine
123,4,0.0,natural_gas_steam_turbine
62,4,0.0,natural_gas_steam_turbine
49,4,0.0,natural_gas_steam_turbine
48,4,0.0,natural_gas_steam_turbine
21,4,0.0,natural_gas_steam_turbine
79,4,0.0,nuclear
10,4,59.97663000000001,onshore_wind_turbine
23,4,9609.553800000002,onshore_wind_turbine
31,4,5821.871230000001,onshore_wind_turbine
38,4,3055.54095,onshore_wind_turbine
50,4,334.66524,onshore_wind_turbine
63,4,534.8420003527999,onshore_wind_turbine
80,4,1489.69996,onshore_wind_turbine
94,4,12342.6968,onshore_wind_turbine
105,4,219.82575995099998,onshore_wind_turbine
124,4,17535.828245181405,onshore_wind_turbine
136,4,4935.17241,onshore_wind_turbine
144,4,9096.694739999999,onshore_wind_turbine
11,4,19.125,small_hydroelectric
24,4,62.577,small_hydroelectric
32,4,192.0,small_hydroelectric
39,4,52.9,small_hydroelectric
51,4,25.641,small_hydroelectric
64,4,6.128,small_hydroelectric
81,4,241.672,small_hydroelectric
95,4,418.922,small_hydroelectric
106,4,31.614,small_hydroelectric
125,4,100.697,small_hydroelectric
137,4,36.822,small_hydroelectric
145,4,33.21,small_hydroelectric
12,4,0.0,solar_photovoltaic
25,4,0.0,solar_photovoltaic
33,4,0.0,solar_photovoltaic
52,4,0.0,solar_photovoltaic
65,4,0.0,solar_photovoltaic
82,4,0.0,solar_photovoltaic
96,4,0.0,solar_photovoltaic
107,4,0.0,solar_photovoltaic
126,4,0.0,solar_photovoltaic
138,4,0.0,solar_photovoltaic
26,5,0.0,biomass
13,5,0.0,biomass
108,5,0.0,biomass
40,5,0.0,biomass
97,5,0.0,biomass
1,5,0.0,biomass
66,5,0.0,biomass
2,5,709.6883052,conventional_hydroelectric
14,5,160.4548044,conventional_hydroelectric
27,5,607.7573244000001,conventional_hydroelectric
35,5,853.6851488,conventional_hydroelectric
54,5,738.2865303000001,conventional_hydroelectric
67,5,2551.679342701281,conventional_hydroelectric
84,5,12542.1706026,conventional_hydroelectric
109,5,291.2709074028,conventional_hydroelectric
128,5,48.77334,conventional_hydroelectric
139,5,121.89776639999998,conventional_hydroelectric
110,5,0.0,conventional_steam_coal
41,5,0.0,conventional_steam_coal
3,5,0.0,conventional_steam_coal
36,5,0.0,conventional_steam_coal
85,5,0.0,conventional_steam_coal
28,5,74.364,geothermal
116,5,0.0,natural_gas_fired_combined_cycle
73,5,0.0,natural_gas_fired_combined_cycle
71,5,0.0,natural_gas_fired_combined_cycle
44,5,0.0,natural_gas_fired_combined_cycle
115,5,0.0,natural_gas_fired_combined_cycle
70,5,0.0,natural_gas_fired_combined_cycle
131,5,0.0,natural_gas_fired_combined_cycle
18,5,0.0,natural_gas_fired_combined_cycle
72,5,0.0,natural_gas_fired_combined_cycle
114,5,0.0,natural_gas_fired_combined_cycle
45,5,0.0,natural_gas_fired_combined_cycle
78,5,0.0,natural_gas_fired_combustion_turbine
75,5,0.0,natural_gas_fired_combustion_turbine
119,5,0.0,natural_gas_fired_combustion_turbine
117,5,0.0,natural_gas_fired_combustion_turbine
134,5,0.0,natural_gas_fired_combustion_turbine
103,5,0.0,natural_gas_fired_combustion_turbine
47,5,0.0,natural_gas_fired_combustion_turbine
8,5,0.0,natural_gas_fired_combustion_turbine
90,5,0.0,natural_gas_fired_combustion_turbine
60,5,0.0,natural_gas_fired_combustion_turbine
46,5,0.0,natural_gas_fired_combustion_turbine
37,5,0.0,natural_gas_fired_combustion_turbine
7,5,0.0,natural_gas_fired_combustion_turbine
133,5,0.0,natural_gas_fired_combustion_turbine
74,5,0.0,natural_gas_fired_combustion_turbine
20,5,0.0,natural_gas_fired_combustion_turbine
135,5,0.0,natural_gas_fired_combustion_turbine
142,5,0.0,natural_gas_fired_combustion_turbine
121,5,0.0,natural_gas_fired_combustion_turbine
91,5,0.0,natural_gas_fired_combustion_turbine
22,5,0.0,natural_gas_steam_turbine
123,5,0.0,natural_gas_steam_turbine
62,5,0.0,natural_gas_steam_turbine
49,5,0.0,natural_gas_steam_turbine
48,5,0.0,natural_gas_steam_turbine
21,5,0.0,natural_gas_steam_turbine
79,5,0.0,nuclear
10,5,319.87536000000006,onshore_wind_turbine
23,5,9777.259800000002,onshore_wind_turbine
31,5,4985.93459,onshore_wind_turbine
38,5,2428.41375,onshore_wind_turbine
50,5,224.23925999999997,onshore_wind_turbine
63,5,397.19959967520003,onshore_wind_turbine
80,5,1536.1659599999998,onshore_wind_turbine
94,5,11592.425599999999,onshore_wind_turbine
105,5,217.40669840399997,onshore_wind_turbine
124,5,14999.914313291603,onshore_wind_turbine
136,5,4785.86703,onshore_wind_turbine
144,5,8822.02041,onshore_wind_turbine
11,5,19.125,small_hydroelectric
24,5,62.577,small_hydroelectric
32,5,192.0,small_hydroelectric
39,5,52.9,small_hydroelectric
51,5,25.641,small_hydroelectric
64,5,6.128,small_hydroelectric
81,5,241.672,small_hydroelectric
95,5,418.922,small_hydroelectric
106,5,31.614,small_hydroelectric
125,5,100.697,small_hydroelectric
137,5,36.822,small_hydroelectric
145,5,33.21,small_hydroelectric
12,5,0.0,solar_photovoltaic
25,5,0.0,solar_photovoltaic
33,5,0.0,solar_photovoltaic
52,5,0.0,solar_photovoltaic
65,5,0.0,solar_photovoltaic
82,5,0.0,solar_photovoltaic
96,5,0.0,solar_photovoltaic
107,5,0.0,solar_photovoltaic
126,5,0.0,solar_photovoltaic
138,5,0.0,solar_photovoltaic
26,6,0.0,biomass
13,6,0.0,biomass
108,6,0.0,biomass
40,6,0.0,biomass
97,6,0.0,biomass
1,6,0.0,biomass
66,6,0.0,biomass
2,6,709.1358035999999,conventional_hydroelectric
14,6,160.4548044,conventional_hydroelectric
27,6,607.3339968,conventional_hydroelectric
35,6,852.4363407999999,conventional_hydroelectric
54,6,737.97471,conventional_hydroelectric
67,6,2550.172081162797,conventional_hydroelectric
84,6,12530.5494114,conventional_hydroelectric
109,6,291.25278333060004,conventional_hydroelectric
128,6,48.7278,conventional_hydroelectric
139,6,121.7347392,conventional_hydroelectric
110,6,0.0,conventional_steam_coal
41,6,0.0,conventional_steam_coal
3,6,0.0,conventional_steam_coal
36,6,0.0,conventional_steam_coal
85,6,0.0,conventional_steam_coal
28,6,74.364,geothermal
116,6,0.0,natural_gas_fired_combined_cycle
73,6,0.0,natural_gas_fired_combined_cycle
71,6,0.0,natural_gas_fired_combined_cycle
44,6,0.0,natural_gas_fired_combined_cycle
115,6,0.0,natural_gas_fired_combined_cycle
70,6,0.0,natural_gas_fired_combined_cycle
131,6,0.0,natural_gas_fired_combined_cycle
18,6,0.0,natural_gas_fired_combined_cycle
72,6,0.0,natural_gas_fired_combined_cycle
114,6,0.0,natural_gas_fired_combined_cycle
45,6,0.0,natural_gas_fired_combined_cycle
78,6,0.0,natural_gas_fired_combustion_turbine
75,6,0.0,natural_gas_fired_combustion_turbine
119,6,0.0,natural_gas_fired_combustion_turbine
117,6,0.0,natural_gas_fired_combustion_turbine
134,6,0.0,natural_gas_fired_combustion_turbine
103,6,0.0,natural_gas_fired_combustion_turbine
47,6,0.0,natural_gas_fired_combustion_turbine
8,6,0.0,natural_gas_fired_combustion_turbine
90,6,0.0,natural_gas_fired_combustion_turbine
60,6,0.0,natural_gas_fired_combustion_turbine
46,6,0.0,natural_gas_fired_combustion_turbine
37,6,0.0,natural_gas_fired_combustion_turbine
7,6,0.0,natural_gas_fired_combustion_turbine
133,6,0.0,natural_gas_fired_combustion_turbine
74,6,0.0,natural_gas_fired_combustion_turbine
20,6,0.0,natural_gas_fired_combustion_turbine
135,6,0.0,natural_gas_fired_combustion_turbine
142,6,0.0,natural_gas_fired_combustion_turbine
121,6,0.0,natural_gas_fired_combustion_turbine
91,6,0.0,natural_gas_fired_combustion_turbine
22,6,0.0,natural_gas_steam_turbine
123,6,0.0,natural_gas_steam_turbine
62,6,0.0,natural_gas_steam_turbine
49,6,0.0,natural_gas_steam_turbine
48,6,0.0,natural_gas_steam_turbine
21,6,0.0,natural_gas_steam_turbine
79,6,0.0,nuclear
10,6,275.20808,onshore_wind_turbine
23,6,9104.5724,onshore_wind_turbine
31,6,5904.989930000001,onshore_wind_turbine
38,6,2404.5556500000002,onshore_wind_turbine
50,6,462.70518,onshore_wind_turbine
63,6,463.72620019039994,onshore_wind_turbine
80,6,1579.8439999999998,onshore_wind_turbine
94,6,12052.150599999999,onshore_wind_turbine
105,6,147.624819384,onshore_wind_turbine
124,6,14328.570614512002,onshore_wind_turbine
136,6,4254.3039,onshore_wind_turbine
144,6,8586.2763,onshore_wind_turbine
11,6,19.125,small_hydroelectric
24,6,62.577,small_hydroelectric
32,6,192.0,small_hydroelectric
39,6,52.9,small_hydroelectric
51,6,25.641,small_hydroelectric
64,6,6.128,small_hydroelectric
81,6,241.672,small_hydroelectric
95,6,418.922,small_hydroelectric
106,6,31.614,small_hydroelectric
125,6,100.697,small_hydroelectric
137,6,36.822,small_hydroelectric
145,6,33.21,small_hydroelectric
12,6,0.0,solar_photovoltaic
25,6,683.7977999999999,solar_photovoltaic
33,6,0.0,solar_photovoltaic
52,6,630.35616,solar_photovoltaic
65,6,0.0,solar_photovoltaic
82,6,0.0,solar_photovoltaic
96,6,0.0,solar_photovoltaic
107,6,0.0,solar_photovoltaic
126,6,0.0,solar_photovoltaic
138,6,0.0,solar_photovoltaic
26,7,0.0,biomass
13,7,0.0,biomass
108,7,0.0,biomass
40,7,0.0,biomass
97,7,0.0,biomass
1,7,0.0,biomass
66,7,0.0,biomass
2,7,479.8476395999999,conventional_hydroelectric
14,7,160.40776400000001,conventional_hydroelectric
27,7,490.21336080000003,conventional_hydroelectric
35,7,851.4372943999999,conventional_hydroelectric
54,7,737.5589496,conventional_hydroelectric
67,7,1946.429500162797,conventional_hydroelectric
84,7,10119.1522374,conventional_hydroelectric
109,7,175.36818333060003,conventional_hydroelectric
128,7,48.68226,conventional_hydroelectric
139,7,121.57171199999999,conventional_hydroelectric
110,7,0.0,conventional_steam_coal
41,7,0.0,conventional_steam_coal
3,7,0.0,conventional_steam_coal
36,7,0.0,conventional_steam_coal
85,7,0.0,conventional_steam_coal
28,7,74.364,geothermal
116,7,0.0,natural_gas_fired_combined_cycle
73,7,0.0,natural_gas_fired_combined_cycle
71,7,0.0,natural_gas_fired_combined_cycle
44,7,0.0,natural_gas_fired_combined_cycle
115,7,0.0,natural_gas_fired_combined_cycle
70,7,0.0,natural_gas_fired_combined_cycle
131,7,0.0,natural_gas_fired_combined_cycle
18,7,0.0,natural_gas_fired_combined_cycle
72,7,0.0,natural_gas_fired_combined_cycle
114,7,0.0,natural_gas_fired_combined_cycle
45,7,0.0,natural_gas_fired_combined_cycle
78,7,0.0,natural_gas_fired_combustion_turbine
75,7,0.0,natural_gas_fired_combustion_turbine
119,7,0.0,natural_gas_fired_combustion_turbine
117,7,0.0,natural_gas_fired_combustion_turbine
134,7,0.0,natural_gas_fired_combustion_turbine
103,7,0.0,natural_gas_fired_combustion_turbine
47,7,0.0,natural_gas_fired_combustion_turbine
8,7,0.0,natural_gas_fired_combustion_turbine
90,7,0.0,natural_gas_fired_combustion_turbine
60,7,0.0,natural_gas_fired_combustion_turbine
46,7,0.0,natural_gas_fired_combustion_turbine
37,7,0.0,natural_gas_fired_combustion_turbine
7,7,0.0,natural_gas_fired_combustion_turbine
133,7,0.0,natural_gas_fired_combustion_turbine
74,7,0.0,natural_gas_fired_combustion_turbine
20,7,0.0,natural_gas_fired_combustion_turbine
135,7,0.0,natural_gas_fired_combustion_turbine
142,7,0.0,natural_gas_fired_combustion_turbine
121,7,0.0,natural_gas_fired_combustion_turbine
91,7,0.0,natural_gas_fired_combustion_turbine
22,7,0.0,natural_gas_steam_turbine
123,7,0.0,natural_gas_steam_turbine
62,7,0.0,natural_gas_steam_turbine
49,7,0.0,natural_gas_steam_turbine
48,7,0.0,natural_gas_steam_turbine
21,7,0.0,natural_gas_steam_turbine
79,7,0.0,nuclear
10,7,190.91660000000002,onshore_wind_turbine
23,7,8348.032000000001,onshore_wind_turbine
31,7,5647.32196,onshore_wind_turbine
38,7,2693.6931,onshore_wind_turbine
50,7,297.40494,onshore_wind_turbine
63,7,430.5445198432,onshore_wind_turbine
80,7,1648.61368,onshore_wind_turbine
94,7,9617.447,onshore_wind_turbine
105,7,105.26249874,onshore_wind_turbine
124,7,11783.657904603202,onshore_wind_turbine
136,7,3771.3099900000007,onshore_wind_turbine
144,7,6918.76521,onshore_wind_turbine
11,7,19.125,small_hydroelectric
24,7,62.577,small_hydroelectric
32,7,192.0,small_hydroelectric
39,7,52.9,small_hydroelectric
51,7,25.641,small_hydroelectric
64,7,6.128,small_hydroelectric
81,7,241.672,small_hydroelectric
95,7,418.922,small_hydroelectric
106,7,31.614,small_hydroelectric
125,7,100.697,small_hydroelectric
137,7,36.822,small_hydroelectric
145,7,33.21,small_hydroelectric
12,7,2625.76314,solar_photovoltaic
25,7,1663.1606599999998,solar_photovoltaic
33,7,617.75945,solar_photovoltaic
52,7,2550.4542,solar_photovoltaic
65,7,4826.9017420911,solar_photovoltaic
82,7,3544.91249,solar_photovoltaic
96,7,234.79414,solar_photovoltaic
107,7,2822.2477479385,solar_photovoltaic
126,7,4395.8591010705,solar_photovoltaic
138,7,1209.1032799999998,solar_photovoltaic
26,8,0.0,biomass
13,8,0.0,biomass
108,8,0.0,biomass
40,8,0.0,biomass
97,8,0.0,biomass
1,8,0.0,biomass
66,8,0.0,biomass
2,8,250.55947559999993,conventional_hydroelectric
14,8,121.36423200000002,conventional_hydroelectric
27,8,373.09272480000004,conventional_hydroelectric
35,8,644.1351663999999,conventional_hydroelectric
54,8,651.2886665999999,conventional_hydroelectric
67,8,1342.686919162797,conventional_hydroelectric
84,8,7707.7550634,conventional_hydroelectric
109,8,291.25278333060004,conventional_hydroelectric
128,8,36.08286,conventional_hydroelectric
139,8,102.241344,conventional_hydroelectric
110,8,0.0,conventional_steam_coal
41,8,0.0,conventional_steam_coal
3,8,0.0,conventional_steam_coal
36,8,0.0,conventional_steam_coal
85,8,0.0,conventional_steam_coal
28,8,74.364,geothermal
116,8,0.0,natural_gas_fired_combined_cycle
73,8,0.0,natural_gas_fired_combined_cycle
71,8,0.0,natural_gas_fired_combined_cycle
44,8,0.0,natural_gas_fired_combined_cycle
115,8,0.0,natural_gas_fired_combined_cycle
70,8,0.0,natural_gas_fired_combined_cycle
131,8,0.0,natural_gas_fired_combined_cycle
18,8,0.0,natural_gas_fired_combined_cycle
72,8,0.0,natural_gas_fired_combined_cycle
114,8,0.0,natural_gas_fired_combined_cycle
45,8,0.0,natural_gas_fired_combined_cycle
78,8,0.0,natural_gas_fired_combustion_turbine
75,8,0.0,natural_gas_fired_combustion_turbine
119,8,0.0,natural_gas_fired_combustion_turbine
117,8,0.0,natural_gas_fired_combustion_turbine
134,8,0.0,natural_gas_fired_combustion_turbine
103,8,0.0,natural_gas_fired_combustion_turbine
47,8,0.0,natural_gas_fired_combustion_turbine
8,8,0.0,natural_gas_fired_combustion_turbine
90,8,0.0,natural_gas_fired_combustion_turbine
60,8,0.0,natural_gas_fired_combustion_turbine
46,8,0.0,natural_gas_fired_combustion_turbine
37,8,0.0,natural_gas_fired_combustion_turbine
7,8,0.0,natural_gas_fired_combustion_turbine
133,8,0.0,natural_gas_fired_combustion_turbine
74,8,0.0,natural_gas_fired_combustion_turbine
20,8,0.0,natural_gas_fired_combustion_turbine
135,8,0.0,natural_gas_fired_combustion_turbine
142,8,0.0,natural_gas_fired_combustion_turbine
121,8,0.0,natural_gas_fired_combustion_turbine
91,8,0.0,natural_gas_fired_combustion_turbine
22,8,0.0,natural_gas_steam_turbine
123,8,0.0,natural_gas_steam_turbine
62,8,0.0,natural_gas_steam_turbine
49,8,0.0,natural_gas_steam_turbine
48,8,0.0,natural_gas_steam_turbine
21,8,0.0,natural_gas_steam_turbine
79,8,0.0,nuclear
10,8,10.44638,onshore_wind_turbine
23,8,5502.6202,onshore_wind_turbine
31,8,4269.9263599999995,onshore_wind_turbine
38,8,2243.7975,onshore_wind_turbine
50,8,63.00377999999999,onshore_wind_turbine
63,8,251.06283972,onshore_wind_turbine
80,8,1693.22104,onshore_wind_turbine
94,8,6329.4938,onshore_wind_turbine
105,8,34.04071944,onshore_wind_turbine
124,8,7304.336769914801,onshore_wind_turbine
136,8,2423.06442,onshore_wind_turbine
144,8,5240.440169999999,onshore_wind_turbine
11,8,19.125,small_hydroelectric
24,8,62.577,small_hydroelectric
32,8,192.0,small_hydroelectric
39,8,52.9,small_hydroelectric
51,8,25.641,small_hydroelectric
64,8,6.128,small_hydroelectric
81,8,241.672,small_hydroelectric
95,8,418.922,small_hydroelectric
106,8,31.614,small_hydroelectric
125,8,100.697,small_hydroelectric
137,8,36.822,small_hydroelectric
145,8,33.21,small_hydroelectric
12,8,5521.306140000001,solar_photovoltaic
25,8,2256.9063999999994,solar_photovoltaic
33,8,976.90145,solar_photovoltaic
52,8,3769.69572,solar_photovoltaic
65,8,9697.0663334342,solar_photovoltaic
82,8,8223.33855,solar_photovoltaic
96,8,560.0971599999999,solar_photovoltaic
107,8,7671.512019283,solar_photovoltaic
126,8,15586.6181050895,solar_photovoltaic
138,8,2207.25274,solar_photovoltaic
26,9,0.0,biomass
13,9,0.0,biomass
108,9,0.0,biomass
40,9,0.0,biomass
97,9,0.0,biomass
1,9,0.0,biomass
66,9,0.0,biomass
2,9,21.271311599999933,conventional_hydroelectric
14,9,82.32070000000002,conventional_hydroelectric
27,9,255.97208880000002,conventional_hydroelectric
35,9,436.83303839999985,conventional_hydroelectric
54,9,565.0183835999999,conventional_hydroelectric
67,9,738.9443381627971,conventional_hydroelectric
84,9,5296.3578894,conventional_hydroelectric
109,9,175.36818333060003,conventional_hydroelectric
128,9,23.483459999999994,conventional_hydroelectric
139,9,82.910976,conventional_hydroelectric
110,9,0.0,conventional_steam_coal
41,9,0.0,conventional_steam_coal
3,9,0.0,conventional_steam_coal
36,9,0.0,conventional_steam_coal
85,9,0.0,conventional_steam_coal
28,9,74.364,geothermal
116,9,0.0,natural_gas_fired_combined_cycle
73,9,0.0,natural_gas_fired_combined_cycle
71,9,0.0,natural_gas_fired_combined_cycle
44,9,0.0,natural_gas_fired_combined_cycle
115,9,0.0,natural_gas_fired_combined_cycle
70,9,0.0,natural_gas_fired_combined_cycle
131,9,0.0,natural_gas_fired_combined_cycle
18,9,0.0,natural_gas_fired_combined_cycle
72,9,0.0,natural_gas_fired_combined_cycle
114,9,0.0,natural_gas_fired_combined_cycle
45,9,0.0,natural_gas_fired_combined_cycle
78,9,0.0,natural_gas_fired_combustion_turbine
75,9,0.0,natural_gas_fired_combustion_turbine
119,9,0.0,natural_gas_fired_combustion_turbine
117,9,0.0,natural_gas_fired_combustion_turbine
134,9,0.0,natural_gas_fired_combustion_turbine
103,9,0.0,natural_gas_fired_combustion_turbine
47,9,0.0,natural_gas_fired_combustion_turbine
8,9,0.0,natural_gas_fired_combustion_turbine
90,9,0.0,natural_gas_fired_combustion_turbine
60,9,0.0,natural_gas_fired_combustion_turbine
46,9,0.0,natural_gas_fired_combustion_turbine
37,9,0.0,natural_gas_fired_combustion_turbine
7,9,0.0,natural_gas_fired_combustion_turbine
133,9,0.0,natural_gas_fired_combustion_turbine
74,9,0.0,natural_gas_fired_combustion_turbine
20,9,0.0,natural_gas_fired_combustion_turbine
135,9,0.0,natural_gas_fired_combustion_turbine
142,9,0.0,natural_gas_fired_combustion_turbine
121,9,0.0,natural_gas_fired_combustion_turbine
91,9,0.0,natural_gas_fired_combustion_turbine
22,9,0.0,natural_gas_steam_turbine
123,9,0.0,natural_gas_steam_turbine
62,9,0.0,natural_gas_steam_turbine
49,9,0.0,natural_gas_steam_turbine
48,9,0.0,natural_gas_steam_turbine
21,9,0.0,natural_gas_steam_turbine
79,9,0.0,nuclear
10,9,0.0,onshore_wind_turbine
23,9,5985.2408,onshore_wind_turbine
31,9,3905.3914900000004,onshore_wind_turbine
38,9,3261.7431,onshore_wind_turbine
50,9,54.87425999999999,onshore_wind_turbine
63,9,112.4418400112,onshore_wind_turbine
80,9,267.64415999999994,onshore_wind_turbine
94,9,3652.0554,onshore_wind_turbine
105,9,2.5894402800000003,onshore_wind_turbine
124,9,787.7257511816001,onshore_wind_turbine
136,9,2389.78551,onshore_wind_turbine
144,9,5266.393649999999,onshore_wind_turbine
11,9,19.125,small_hydroelectric
24,9,62.577,small_hydroelectric
32,9,192.0,small_hydroelectric
39,9,52.9,small_hydroelectric
51,9,25.641,small_hydroelectric
64,9,6.128,small_hydroelectric
81,9,241.672,small_hydroelectric
95,9,418.922,small_hydroelectric
106,9,31.614,small_hydroelectric
125,9,100.697,small_hydroelectric
137,9,36.822,small_hydroelectric
145,9,33.21,small_hydroelectric
12,9,7586.322660000001,solar_photovoltaic
25,9,2540.5143399999993,solar_photovoltaic
33,9,1193.9711,solar_photovoltaic
52,9,4337.84568,solar_photovoltaic
65,9,13281.3365990697,solar_photovoltaic
82,9,11510.723,solar_photovoltaic
96,9,802.2378,solar_photovoltaic
107,9,11186.7764414175,solar_photovoltaic
126,9,22741.101255159,solar_photovoltaic
138,9,2830.0687799999996,solar_photovoltaic
26,10,0.0,biomass
13,10,0.0,biomass
108,10,0.0,biomass
40,10,0.0,biomass
97,10,0.0,biomass
1,10,0.0,biomass
66,10,0.0,biomass
2,10,0.0,conventional_hydroelectric
14,10,43.27716800000002,conventional_hydroelectric
27,10,138.8514528,conventional_hydroelectric
35,10,644.1351663999999,conventional_hydroelectric
54,10,478.7481005999999,conventional_hydroelectric
67,10,1342.686919162797,conventional_hydroelectric
84,10,7707.7550634,conventional_hydroelectric
109,10,59.48358333060003,conventional_hydroelectric
128,10,10.884059999999993,conventional_hydroelectric
139,10,63.580608000000005,conventional_hydroelectric
110,10,0.0,conventional_steam_coal
41,10,0.0,conventional_steam_coal
3,10,0.0,conventional_steam_coal
36,10,0.0,conventional_steam_coal
85,10,0.0,conventional_steam_coal
28,10,74.364,geothermal
116,10,0.0,natural_gas_fired_combined_cycle
73,10,0.0,natural_gas_fired_combined_cycle
71,10,0.0,natural_gas_fired_combined_cycle
44,10,0.0,natural_gas_fired_combined_cycle
115,10,0.0,natural_gas_fired_combined_cycle
70,10,0.0,natural_gas_fired_combined_cycle
131,10,0.0,natural_gas_fired_combined_cycle
18,10,0.0,natural_gas_fired_combined_cycle
72,10,0.0,natural_gas_fired_combined_cycle
114,10,0.0,natural_gas_fired_combined_cycle
45,10,0.0,natural_gas_fired_combined_cycle
78,10,0.0,natural_gas_fired_combustion_turbine
75,10,0.0,natural_gas_fired_combustion_turbine
119,10,0.0,natural_gas_fired_combustion_turbine
117,10,0.0,natural_gas_fired_combustion_turbine
134,10,0.0,natural_gas_fired_combustion_turbine
103,10,0.0,natural_gas_fired_combustion_turbine
47,10,0.0,natural_gas_fired_combustion_turbine
8,10,0.0,natural_gas_fired_combustion_turbine
90,10,0.0,natural_gas_fired_combustion_turbine
60,10,0.0,natural_gas_fired_combustion_turbine
46,10,0.0,natural_gas_fired_combustion_turbine
37,10,0.0,natural_gas_fired_combustion_turbine
7,10,0.0,natural_gas_fired_combustion_turbine
133,10,0.0,natural_gas_fired_combustion_turbine
74,10,0.0,natural_gas_fired_combustion_turbine
20,10,0.0,natural_gas_fired_combustion_turbine
135,10,0.0,natural_gas_fired_combustion_turbine
142,10,0.0,natural_gas_fired_combustion_turbine
121,10,0.0,natural_gas_fired_combustion_turbine
91,10,0.0,natural_gas_fired_combustion_turbine
22,10,0.0,natural_gas_steam_turbine
123,10,0.0,natural_gas_steam_turbine
62,10,0.0,natural_gas_steam_turbine
49,10,0.0,natural_gas_steam_turbine
48,10,0.0,natural_gas_steam_turbine
21,10,0.0,natural_gas_steam_turbine
79,10,0.0,nuclear
10,10,48.98992,onshore_wind_turbine
23,10,7006.384,onshore_wind_turbine
31,10,3628.72496,onshore_wind_turbine
38,10,3525.3183000000004,onshore_wind_turbine
50,10,27.77586,onshore_wind_turbine
63,10,125.00963965839999,onshore_wind_turbine
80,10,45.53667999999999,onshore_wind_turbine
94,10,3295.3088,onshore_wind_turbine
105,10,31.485721406999996,onshore_wind_turbine
124,10,29.725512401200003,onshore_wind_turbine
136,10,2263.86531,onshore_wind_turbine
144,10,7165.323269999999,onshore_wind_turbine
11,10,19.125,small_hydroelectric
24,10,62.577,small_hydroelectric
32,10,192.0,small_hydroelectric
39,10,52.9,small_hydroelectric
51,10,25.641,small_hydroelectric
64,10,6.128,small_hydroelectric
81,10,241.672,small_hydroelectric
95,10,418.922,small_hydroelectric
106,10,31.614,small_hydroelectric
125,10,100.697,small_hydroelectric
137,10,36.822,small_hydroelectric
145,10,33.21,small_hydroelectric
12,10,8543.97054,solar_photovoltaic
25,10,2697.4515399999996,solar_photovoltaic
33,10,1275.83435,solar_photovoltaic
52,10,4424.24318,solar_photovoltaic
65,10,15192.5812477817,solar_photovoltaic
82,10,12671.55015,solar_photovoltaic
96,10,932.85857,solar_photovoltaic
107,10,12987.977247896,solar_photovoltaic
126,10,25976.746604851,solar_photovoltaic
138,10,3095.359189999999,solar_photovoltaic
26,11,0.0,biomass
13,11,0.0,biomass
108,11,0.0,biomass
40,11,0.0,biomass
97,11,0.0,biomass
1,11,0.0,biomass
66,11,0.0,biomass
2,11,0.0,conventional_hydroelectric
14,11,4.233636000000018,conventional_hydroelectric
27,11,21.730816799999985,conventional_hydroelectric
35,11,436.83303839999985,conventional_hydroelectric
54,11,392.47781759999987,conventional_hydroelectric
67,11,738.9443381627971,conventional_hydroelectric
84,11,5296.3578894,conventional_hydroelectric
109,11,0.0,conventional_hydroelectric
128,11,0.0,conventional_hydroelectric
139,11,44.250240000000005,conventional_hydroelectric
110,11,0.0,conventional_steam_coal
41,11,0.0,conventional_steam_coal
3,11,0.0,conventional_steam_coal
36,11,0.0,conventional_steam_coal
85,11,0.0,conventional_steam_coal
28,11,74.364,geothermal
116,11,0.0,natural_gas_fired_combined_cycle
73,11,0.0,natural_gas_fired_combined_cycle
71,11,0.0,natural_gas_fired_combined_cycle
44,11,0.0,natural_gas_fired_combined_cycle
115,11,0.0,natural_gas_fired_combined_cycle
70,11,0.0,natural_gas_fired_combined_cycle
131,11,0.0,natural_gas_fired_combined_cycle
18,11,0.0,natural_gas_fired_combined_cycle
72,11,0.0,natural_gas_fired_combined_cycle
114,11,0.0,natural_gas_fired_combined_cycle
45,11,0.0,natural_gas_fired_combined_cycle
78,11,0.0,natural_gas_fired_combustion_turbine
75,11,0.0,natural_gas_fired_combustion_turbine
119,11,0.0,natural_gas_fired_combustion_turbine
117,11,0.0,natural_gas_fired_combustion_turbine
134,11,0.0,natural_gas_fired_combustion_turbine
103,11,0.0,natural_gas_fired_combustion_turbine
47,11,0.0,natural_gas_fired_combustion_turbine
8,11,0.0,natural_gas_fired_combustion_turbine
90,11,0.0,natural_gas_fired_combustion_turbine
60,11,0.0,natural_gas_fired_combustion_turbine
46,11,0.0,natural_gas_fired_combustion_turbine
37,11,0.0,natural_gas_fired_combustion_turbine
7,11,0.0,natural_gas_fired_combustion_turbine
133,11,0.0,natural_gas_fired_combustion_turbine
74,11,0.0,natural_gas_fired_combustion_turbine
20,11,0.0,natural_gas_fired_combustion_turbine
135,11,0.0,natural_gas_fired_combustion_turbine
142,11,0.0,natural_gas_fired_combustion_turbine
121,11,0.0,natural_gas_fired_combustion_turbine
91,11,0.0,natural_gas_fired_combustion_turbine
22,11,0.0,natural_gas_steam_turbine
123,11,0.0,natural_gas_steam_turbine
62,11,0.0,natural_gas_steam_turbine
49,11,0.0,natural_gas_steam_turbine
48,11,0.0,natural_gas_steam_turbine
21,11,0.0,natural_gas_steam_turbine
79,11,0.0,nuclear
10,11,104.28369,onshore_wind_turbine
23,11,9356.1314,onshore_wind_turbine
31,11,3588.3530200000005,onshore_wind_turbine
38,11,2870.3566499999997,onshore_wind_turbine
50,11,77.9079,onshore_wind_turbine
63,11,108.63560058190913,onshore_wind_turbine
80,11,0.0,onshore_wind_turbine
94,11,4652.417,onshore_wind_turbine
105,11,0.0,onshore_wind_turbine
124,11,0.0,onshore_wind_turbine
136,11,3349.4773200000004,onshore_wind_turbine
144,11,6801.974549999999,onshore_wind_turbine
11,11,0.0,small_hydroelectric
24,11,0.0,small_hydroelectric
32,11,0.0,small_hydroelectric
39,11,0.0,small_hydroelectric
51,11,0.0,small_hydroelectric
64,11,0.0,small_hydroelectric
81,11,0.0,small_hydroelectric
95,11,418.922,small_hydroelectric
106,11,0.0,small_hydroelectric
125,11,0.0,small_hydroelectric
137,11,0.0,small_hydroelectric
145,11,0.0,small_hydroelectric
12,11,9055.281060000001,solar_photovoltaic
25,11,0.0,solar_photovoltaic
33,11,0.0,solar_photovoltaic
52,11,4532.7584400000005,solar_photovoltaic
65,11,16195.8157105913,solar_photovoltaic
82,11,13565.094410000002,solar_photovoltaic
96,11,0.0,solar_photovoltaic
107,11,0.0,solar_photovoltaic
126,11,28559.358102464,solar_photovoltaic
138,11,3194.9001699999994,solar_photovoltaic
26,12,0.0,biomass
13,12,0.0,biomass
108,12,0.0,biomass
40,12,0.0,biomass
97,12,0.0,biomass
1,12,0.0,biomass
66,12,0.0,biomass
2,12,0.0,conventional_hydroelectric
14,12,0.0,conventional_hydroelectric
27,12,17.638650000000013,conventional_hydroelectric
35,12,229.53091039999984,conventional_hydroelectric
54,12,389.1517344,conventional_hydroelectric
67,12,135.2017571627971,conventional_hydroelectric
84,12,7707.7550634,conventional_hydroelectric
109,12,13.716268949000693,conventional_hydroelectric
128,12,0.0,conventional_hydroelectric
139,12,24.919872000000005,conventional_hydroelectric
110,12,0.0,conventional_steam_coal
41,12,0.0,conventional_steam_coal
3,12,0.0,conventional_steam_coal
36,12,0.0,conventional_steam_coal
85,12,0.0,conventional_steam_coal
28,12,74.364,geothermal
116,12,0.0,natural_gas_fired_combined_cycle
73,12,0.0,natural_gas_fired_combined_cycle
71,12,0.0,natural_gas_fired_combined_cycle
44,12,0.0,natural_gas_fired_combined_cycle
115,12,0.0,natural_gas_fired_combined_cycle
70,12,0.0,natural_gas_fired_combined_cycle
131,12,0.0,natural_gas_fired_combined_cycle
18,12,0.0,natural_gas_fired_combined_cycle
72,12,0.0,natural_gas_fired_combined_cycle
114,12,0.0,natural_gas_fired_combined_cycle
45,12,0.0,natural_gas_fired_combined_cycle
78,12,0.0,natural_gas_fired_combustion_turbine
75,12,0.0,natural_gas_fired_combustion_turbine
119,12,0.0,natural_gas_fired_combustion_turbine
117,12,0.0,natural_gas_fired_combustion_turbine
134,12,0.0,natural_gas_fired_combustion_turbine
103,12,0.0,natural_gas_fired_combustion_turbine
47,12,0.0,natural_gas_fired_combustion_turbine
8,12,0.0,natural_gas_fired_combustion_turbine
90,12,0.0,natural_gas_fired_combustion_turbine
60,12,0.0,natural_gas_fired_combustion_turbine
46,12,0.0,natural_gas_fired_combustion_turbine
37,12,0.0,natural_gas_fired_combustion_turbine
7,12,0.0,natural_gas_fired_combustion_turbine
133,12,0.0,natural_gas_fired_combustion_turbine
74,12,0.0,natural_gas_fired_combustion_turbine
20,12,0.0,natural_gas_fired_combustion_turbine
135,12,0.0,natural_gas_fired_combustion_turbine
142,12,0.0,natural_gas_fired_combustion_turbine
121,12,0.0,natural_gas_fired_combustion_turbine
91,12,0.0,natural_gas_fired_combustion_turbine
22,12,0.0,natural_gas_steam_turbine
123,12,0.0,natural_gas_steam_turbine
62,12,0.0,natural_gas_steam_turbine
49,12,0.0,natural_gas_steam_turbine
48,12,0.0,natural_gas_steam_turbine
21,12,0.0,natural_gas_steam_turbine
79,12,0.0,nuclear
10,12,73.30477,onshore_wind_turbine
23,12,10807.72,onshore_wind_turbine
31,12,3346.12138,onshore_wind_turbine
38,12,2826.6168,onshore_wind_turbine
50,12,199.85069999999996,onshore_wind_turbine
63,12,63.3105202632,onshore_wind_turbine
80,12,36.24347999999999,onshore_wind_turbine
94,12,9124.621799999999,onshore_wind_turbine
105,12,929.1822396990001,onshore_wind_turbine
124,12,1370.6230969354003,onshore_wind_turbine
136,12,3217.2611100000004,onshore_wind_turbine
144,12,7827.1370099999995,onshore_wind_turbine
11,12,19.125,small_hydroelectric
24,12,62.577,small_hydroelectric
32,12,192.0,small_hydroelectric
39,12,52.9,small_hydroelectric
51,12,25.641,small_hydroelectric
64,12,6.128,small_hydroelectric
81,12,241.672,small_hydroelectric
95,12,418.922,small_hydroelectric
106,12,31.614,small_hydroelectric
125,12,100.697,small_hydroelectric
137,12,36.822,small_hydroelectric
145,12,33.21,small_hydroelectric
12,12,8531.2584,solar_photovoltaic
25,12,2452.33058,solar_photovoltaic
33,12,1189.92195,solar_photovoltaic
52,12,4295.6837000000005,solar_photovoltaic
65,12,14435.069727801101,solar_photovoltaic
82,12,12273.55227,solar_photovoltaic
96,12,945.93534,solar_photovoltaic
107,12,14134.481410651,solar_photovoltaic
126,12,27031.2443583385,solar_photovoltaic
138,12,2799.0192999999995,solar_photovoltaic
26,13,0.0,biomass
13,13,0.0,biomass
108,13,0.0,biomass
40,13,0.0,biomass
97,13,0.0,biomass
1,13,0.0,biomass
66,13,0.0,biomass
2,13,15.746295599999883,conventional_hydroelectric
14,13,39.043532,conventional_hydroelectric
27,13,134.75928600000003,conventional_hydroelectric
35,13,436.83303839999985,conventional_hydroelectric
54,13,475.4220174,conventional_hydroelectric
67,13,738.9443381627971,conventional_hydroelectric
84,13,10119.1522374,conventional_hydroelectric
109,13,129.6008689490007,conventional_hydroelectric
128,13,12.599400000000001,conventional_hydroelectric
139,13,44.250240000000005,conventional_hydroelectric
110,13,0.0,conventional_steam_coal
41,13,0.0,conventional_steam_coal
3,13,0.0,conventional_steam_coal
36,13,0.0,conventional_steam_coal
85,13,0.0,conventional_steam_coal
28,13,74.364,geothermal
116,13,0.0,natural_gas_fired_combined_cycle
73,13,0.0,natural_gas_fired_combined_cycle
71,13,0.0,natural_gas_fired_combined_cycle
44,13,0.0,natural_gas_fired_combined_cycle
115,13,0.0,natural_gas_fired_combined_cycle
70,13,0.0,natural_gas_fired_combined_cycle
131,13,0.0,natural_gas_fired_combined_cycle
18,13,0.0,natural_gas_fired_combined_cycle
72,13,0.0,natural_gas_fired_combined_cycle
114,13,0.0,natural_gas_fired_combined_cycle
45,13,0.0,natural_gas_fired_combined_cycle
78,13,0.0,natural_gas_fired_combustion_turbine
75,13,0.0,natural_gas_fired_combustion_turbine
119,13,0.0,natural_gas_fired_combustion_turbine
117,13,0.0,natural_gas_fired_combustion_turbine
134,13,0.0,natural_gas_fired_combustion_turbine
103,13,0.0,natural_gas_fired_combustion_turbine
47,13,0.0,natural_gas_fired_combustion_turbine
8,13,0.0,natural_gas_fired_combustion_turbine
90,13,0.0,natural_gas_fired_combustion_turbine
60,13,0.0,natural_gas_fired_combustion_turbine
46,13,0.0,natural_gas_fired_combustion_turbine
37,13,0.0,natural_gas_fired_combustion_turbine
7,13,0.0,natural_gas_fired_combustion_turbine
133,13,0.0,natural_gas_fired_combustion_turbine
74,13,0.0,natural_gas_fired_combustion_turbine
20,13,0.0,natural_gas_fired_combustion_turbine
135,13,0.0,natural_gas_fired_combustion_turbine
142,13,0.0,natural_gas_fired_combustion_turbine
121,13,0.0,natural_gas_fired_combustion_turbine
91,13,0.0,natural_gas_fired_combustion_turbine
22,13,0.0,natural_gas_steam_turbine
123,13,0.0,natural_gas_steam_turbine
62,13,0.0,natural_gas_steam_turbine
49,13,0.0,natural_gas_steam_turbine
48,13,0.0,natural_gas_steam_turbine
21,13,0.0,natural_gas_steam_turbine
79,13,0.0,nuclear
10,13,462.16226,onshore_wind_turbine
23,13,6106.3618,onshore_wind_turbine
31,13,2574.30488,onshore_wind_turbine
38,13,2272.76805,onshore_wind_turbine
50,13,432.89694,onshore_wind_turbine
63,13,28.3010002576,onshore_wind_turbine
80,13,38.10212,onshore_wind_turbine
94,13,6870.1304,onshore_wind_turbine
105,13,822.550821393,onshore_wind_turbine
124,13,6085.894426873801,onshore_wind_turbine
136,13,2943.83439,onshore_wind_turbine
144,13,4483.46367,onshore_wind_turbine
11,13,19.125,small_hydroelectric
24,13,62.577,small_hydroelectric
32,13,192.0,small_hydroelectric
39,13,52.9,small_hydroelectric
51,13,25.641,small_hydroelectric
64,13,6.128,small_hydroelectric
81,13,241.672,small_hydroelectric
95,13,418.922,small_hydroelectric
106,13,31.614,small_hydroelectric
125,13,100.697,small_hydroelectric
137,13,36.822,small_hydroelectric
145,13,33.21,small_hydroelectric
12,13,9214.88904,solar_photovoltaic
25,13,2688.8573599999995,solar_photovoltaic
33,13,1342.2051999999999,solar_photovoltaic
52,13,4496.81708,solar_photovoltaic
65,13,15775.208754327401,solar_photovoltaic
82,13,13535.82986,solar_photovoltaic
96,13,1054.81047,solar_photovoltaic
107,13,14256.254604711,solar_photovoltaic
126,13,29407.085051386002,solar_photovoltaic
138,13,3123.2124,solar_photovoltaic
26,14,0.0,biomass
13,14,0.0,biomass
108,14,0.0,biomass
40,14,0.0,biomass
97,14,0.0,biomass
1,14,0.0,biomass
66,14,0.0,biomass
2,14,245.03445959999988,conventional_hydroelectric
14,14,43.08900640000002,conventional_hydroelectric
27,14,251.87992200000005,conventional_hydroelectric
35,14,327.50105029919996,conventional_hydroelectric
54,14,561.6923004,conventional_hydroelectric
67,14,1326.579176211822,conventional_hydroelectric
84,14,9857.062731890079,conventional_hydroelectric
109,14,13.716268949000693,conventional_hydroelectric
128,14,10.413479999999995,conventional_hydroelectric
139,14,63.580608000000005,conventional_hydroelectric
110,14,0.0,conventional_steam_coal
41,14,0.0,conventional_steam_coal
3,14,0.0,conventional_steam_coal
36,14,0.0,conventional_steam_coal
85,14,0.0,conventional_steam_coal
28,14,0.0,geothermal
116,14,0.0,natural_gas_fired_combined_cycle
73,14,0.0,natural_gas_fired_combined_cycle
71,14,0.0,natural_gas_fired_combined_cycle
44,14,0.0,natural_gas_fired_combined_cycle
115,14,0.0,natural_gas_fired_combined_cycle
70,14,0.0,natural_gas_fired_combined_cycle
131,14,0.0,natural_gas_fired_combined_cycle
18,14,0.0,natural_gas_fired_combined_cycle
72,14,0.0,natural_gas_fired_combined_cycle
114,14,0.0,natural_gas_fired_combined_cycle
45,14,0.0,natural_gas_fired_combined_cycle
78,14,0.0,natural_gas_fired_combustion_turbine
75,14,0.0,natural_gas_fired_combustion_turbine
119,14,0.0,natural_gas_fired_combustion_turbine
117,14,0.0,natural_gas_fired_combustion_turbine
134,14,0.0,natural_gas_fired_combustion_turbine
103,14,0.0,natural_gas_fired_combustion_turbine
47,14,0.0,natural_gas_fired_combustion_turbine
8,14,0.0,natural_gas_fired_combustion_turbine
90,14,0.0,natural_gas_fired_combustion_turbine
60,14,0.0,natural_gas_fired_combustion_turbine
46,14,0.0,natural_gas_fired_combustion_turbine
37,14,0.0,natural_gas_fired_combustion_turbine
7,14,0.0,natural_gas_fired_combustion_turbine
133,14,0.0,natural_gas_fired_combustion_turbine
74,14,0.0,natural_gas_fired_combustion_turbine
20,14,0.0,natural_gas_fired_combustion_turbine
135,14,0.0,natural_gas_fired_combustion_turbine
142,14,0.0,natural_gas_fired_combustion_turbine
121,14,0.0,natural_gas_fired_combustion_turbine
91,14,0.0,natural_gas_fired_combustion_turbine
22,14,0.0,natural_gas_steam_turbine
123,14,0.0,natural_gas_steam_turbine
62,14,0.0,natural_gas_steam_turbine
49,14,0.0,natural_gas_steam_turbine
48,14,0.0,natural_gas_steam_turbine
21,14,0.0,natural_gas_steam_turbine
79,14,0.0,nuclear
10,14,0.0,onshore_wind_turbine
23,14,7911.9964,onshore_wind_turbine
31,14,1312.08805,onshore_wind_turbine
38,14,0.0,onshore_wind_turbine
50,14,0.0,onshore_wind_turbine
63,14,0.0,onshore_wind_turbine
80,14,0.0,onshore_wind_turbine
94,14,9389.423400000001,onshore_wind_turbine
105,14,897.731518404,onshore_wind_turbine
124,14,2913.5759706900003,onshore_wind_turbine
136,14,2852.0925300000004,onshore_wind_turbine
144,14,5257.74249,onshore_wind_turbine
11,14,0.0,small_hydroelectric
24,14,0.0,small_hydroelectric
32,14,0.0,small_hydroelectric
39,14,0.0,small_hydroelectric
51,14,0.0,small_hydroelectric
64,14,0.0,small_hydroelectric
81,14,0.0,small_hydroelectric
95,14,166.660666569971,small_hydroelectric
106,14,0.0,small_hydroelectric
125,14,0.0,small_hydroelectric
137,14,0.0,small_hydroelectric
145,14,0.0,small_hydroelectric
12,14,9186.63984,solar_photovoltaic
25,14,0.0,solar_photovoltaic
33,14,0.0,solar_photovoltaic
52,14,0.0,solar_photovoltaic
65,14,15866.4441588184,solar_photovoltaic
82,14,13522.17307,solar_photovoltaic
96,14,1058.63065,solar_photovoltaic
107,14,13860.5068085435,solar_photovoltaic
126,14,28243.092843224,solar_photovoltaic
138,14,0.0,solar_photovoltaic
26,15,0.0,biomass
13,15,0.0,biomass
108,15,0.0,biomass
40,15,0.0,biomass
97,15,0.0,biomass
1,15,0.0,biomass
66,15,0.0,biomass
2,15,474.3226235999999,conventional_hydroelectric
14,15,82.13253840000002,conventional_hydroelectric
27,15,369.00055800000007,conventional_hydroelectric
35,15,534.8031782992,conventional_hydroelectric
54,15,647.9625834000001,conventional_hydroelectric
67,15,1930.321757211822,conventional_hydroelectric
84,15,12268.459905890079,conventional_hydroelectric
109,15,129.6008689490007,conventional_hydroelectric
128,15,23.012879999999996,conventional_hydroelectric
139,15,82.910976,conventional_hydroelectric
110,15,0.0,conventional_steam_coal
41,15,0.0,conventional_steam_coal
3,15,0.0,conventional_steam_coal
36,15,0.0,conventional_steam_coal
85,15,0.0,conventional_steam_coal
28,15,74.364,geothermal
116,15,0.0,natural_gas_fired_combined_cycle
73,15,0.0,natural_gas_fired_combined_cycle
71,15,0.0,natural_gas_fired_combined_cycle
44,15,0.0,natural_gas_fired_combined_cycle
115,15,0.0,natural_gas_fired_combined_cycle
70,15,0.0,natural_gas_fired_combined_cycle
131,15,0.0,natural_gas_fired_combined_cycle
18,15,0.0,natural_gas_fired_combined_cycle
72,15,0.0,natural_gas_fired_combined_cycle
114,15,0.0,natural_gas_fired_combined_cycle
45,15,0.0,natural_gas_fired_combined_cycle
78,15,0.0,natural_gas_fired_combustion_turbine
75,15,0.0,natural_gas_fired_combustion_turbine
119,15,0.0,natural_gas_fired_combustion_turbine
117,15,0.0,natural_gas_fired_combustion_turbine
134,15,0.0,natural_gas_fired_combustion_turbine
103,15,0.0,natural_gas_fired_combustion_turbine
47,15,0.0,natural_gas_fired_combustion_turbine
8,15,0.0,natural_gas_fired_combustion_turbine
90,15,0.0,natural_gas_fired_combustion_turbine
60,15,0.0,natural_gas_fired_combustion_turbine
46,15,0.0,natural_gas_fired_combustion_turbine
37,15,0.0,natural_gas_fired_combustion_turbine
7,15,0.0,natural_gas_fired_combustion_turbine
133,15,0.0,natural_gas_fired_combustion_turbine
74,15,0.0,natural_gas_fired_combustion_turbine
20,15,0.0,natural_gas_fired_combustion_turbine
135,15,0.0,natural_gas_fired_combustion_turbine
142,15,0.0,natural_gas_fired_combustion_turbine
121,15,0.0,natural_gas_fired_combustion_turbine
91,15,0.0,natural_gas_fired_combustion_turbine
22,15,0.0,natural_gas_steam_turbine
123,15,0.0,natural_gas_steam_turbine
62,15,0.0,natural_gas_steam_turbine
49,15,0.0,natural_gas_steam_turbine
48,15,0.0,natural_gas_steam_turbine
21,15,0.0,natural_gas_steam_turbine
79,15,0.0,nuclear
10,15,13.14803,onshore_wind_turbine
23,15,7358.566599999999,onshore_wind_turbine
31,15,1505.63588,onshore_wind_turbine
38,15,2334.6855,onshore_wind_turbine
50,15,555.5172,onshore_wind_turbine
63,15,208.9052001232,onshore_wind_turbine
80,15,73.41628,onshore_wind_turbine
94,15,7418.1226,onshore_wind_turbine
105,15,643.768159839,onshore_wind_turbine
124,15,2201.4876732926004,onshore_wind_turbine
136,15,3005.8950600000003,onshore_wind_turbine
144,15,7677.904499999999,onshore_wind_turbine
11,15,19.125,small_hydroelectric
24,15,62.577,small_hydroelectric
32,15,192.0,small_hydroelectric
39,15,52.9,small_hydroelectric
51,15,25.641,small_hydroelectric
64,15,6.128,small_hydroelectric
81,15,241.672,small_hydroelectric
95,15,418.922,small_hydroelectric
106,15,31.614,small_hydroelectric
125,15,100.697,small_hydroelectric
137,15,36.822,small_hydroelectric
145,15,33.21,small_hydroelectric
12,15,8567.98236,solar_photovoltaic
25,15,2435.51588,solar_photovoltaic
33,15,1323.896,solar_photovoltaic
52,15,3970.8291000000004,solar_photovoltaic
65,15,14213.1279493546,solar_photovoltaic
82,15,12657.893360000002,solar_photovoltaic
96,15,1037.61966,solar_photovoltaic
107,15,11938.1119858105,solar_photovoltaic
126,15,25143.050394903003,solar_photovoltaic
138,15,2873.9033399999994,solar_photovoltaic
26,16,0.0,biomass
13,16,0.0,biomass
108,16,0.0,biomass
40,16,0.0,biomass
97,16,0.0,biomass
1,16,0.0,biomass
66,16,0.0,biomass
2,16,703.6107875999999,conventional_hydroelectric
14,16,121.17607040000001,conventional_hydroelectric
27,16,486.12119400000006,conventional_hydroelectric
35,16,742.1053062992,conventional_hydroelectric
54,16,734.2328664,conventional_hydroelectric
67,16,2534.064338211822,conventional_hydroelectric
84,16,12411.4322016,conventional_hydroelectric
109,16,245.4854689490007,conventional_hydroelectric
128,16,35.61228,conventional_hydroelectric
139,16,102.241344,conventional_hydroelectric
110,16,0.0,conventional_steam_coal
41,16,0.0,conventional_steam_coal
3,16,0.0,conventional_steam_coal
36,16,0.0,conventional_steam_coal
85,16,0.0,conventional_steam_coal
28,16,74.364,geothermal
116,16,0.0,natural_gas_fired_combined_cycle
73,16,0.0,natural_gas_fired_combined_cycle
71,16,0.0,natural_gas_fired_combined_cycle
44,16,0.0,natural_gas_fired_combined_cycle
115,16,0.0,natural_gas_fired_combined_cycle
70,16,0.0,natural_gas_fired_combined_cycle
131,16,0.0,natural_gas_fired_combined_cycle
18,16,0.0,natural_gas_fired_combined_cycle
72,16,0.0,natural_gas_fired_combined_cycle
114,16,0.0,natural_gas_fired_combined_cycle
45,16,0.0,natural_gas_fired_combined_cycle
78,16,0.0,natural_gas_fired_combustion_turbine
75,16,0.0,natural_gas_fired_combustion_turbine
119,16,0.0,natural_gas_fired_combustion_turbine
117,16,0.0,natural_gas_fired_combustion_turbine
134,16,0.0,natural_gas_fired_combustion_turbine
103,16,0.0,natural_gas_fired_combustion_turbine
47,16,0.0,natural_gas_fired_combustion_turbine
8,16,0.0,natural_gas_fired_combustion_turbine
90,16,0.0,natural_gas_fired_combustion_turbine
60,16,0.0,natural_gas_fired_combustion_turbine
46,16,0.0,natural_gas_fired_combustion_turbine
37,16,0.0,natural_gas_fired_combustion_turbine
7,16,0.0,natural_gas_fired_combustion_turbine
133,16,0.0,natural_gas_fired_combustion_turbine
74,16,0.0,natural_gas_fired_combustion_turbine
20,16,0.0,natural_gas_fired_combustion_turbine
135,16,0.0,natural_gas_fired_combustion_turbine
142,16,0.0,natural_gas_fired_combustion_turbine
121,16,0.0,natural_gas_fired_combustion_turbine
91,16,0.0,natural_gas_fired_combustion_turbine
22,16,0.0,natural_gas_steam_turbine
123,16,0.0,natural_gas_steam_turbine
62,16,0.0,natural_gas_steam_turbine
49,16,0.0,natural_gas_steam_turbine
48,16,0.0,natural_gas_steam_turbine
21,16,0.0,natural_gas_steam_turbine
79,16,1254.261444103493,nuclear
10,16,42.14574,onshore_wind_turbine
23,16,7043.652,onshore_wind_turbine
31,16,1712.24522,onshore_wind_turbine
38,16,2331.2772,onshore_wind_turbine
50,16,399.02394,onshore_wind_turbine
63,16,240.1974397928,onshore_wind_turbine
80,16,78.06287999999999,onshore_wind_turbine
94,16,7175.3877999999995,onshore_wind_turbine
105,16,571.5358604969999,onshore_wind_turbine
124,16,3273.9121133488,onshore_wind_turbine
136,16,2915.05263,onshore_wind_turbine
144,16,5348.579669999999,onshore_wind_turbine
11,16,19.125,small_hydroelectric
24,16,62.577,small_hydroelectric
32,16,192.0,small_hydroelectric
39,16,52.9,small_hydroelectric
51,16,25.641,small_hydroelectric
64,16,6.128,small_hydroelectric
81,16,241.672,small_hydroelectric
95,16,418.922,small_hydroelectric
106,16,31.614,small_hydroelectric
125,16,100.697,small_hydroelectric
137,16,36.822,small_hydroelectric
145,16,33.21,small_hydroelectric
12,16,7728.98112,solar_photovoltaic
25,16,2272.2264599999994,solar_photovoltaic
33,16,1280.2356,solar_photovoltaic
52,16,3622.47438,solar_photovoltaic
65,16,12653.576948352902,solar_photovoltaic
82,16,12197.46444,solar_photovoltaic
96,16,984.72486,solar_photovoltaic
107,16,10345.060033752501,solar_photovoltaic
126,16,24177.2242426925,solar_photovoltaic
138,16,2457.47502,solar_photovoltaic
26,17,11.235,biomass
13,17,0.0,biomass
108,17,0.0,biomass
40,17,0.0,biomass
97,17,0.0,biomass
1,17,0.0,biomass
66,17,0.0,biomass
2,17,703.058286,conventional_hydroelectric
14,17,160.2196024,conventional_hydroelectric
27,17,603.24183,conventional_hydroelectric
35,17,841.4468304,conventional_hydroelectric
54,17,733.9210461,conventional_hydroelectric
67,17,2532.557069399331,conventional_hydroelectric
84,17,12399.8110104,conventional_hydroelectric
109,17,291.8847634872,conventional_hydroelectric
128,17,48.21168,conventional_hydroelectric
139,17,119.94144,conventional_hydroelectric
110,17,0.0,conventional_steam_coal
41,17,0.0,conventional_steam_coal
3,17,0.0,conventional_steam_coal
36,17,0.0,conventional_steam_coal
85,17,0.0,conventional_steam_coal
28,17,74.364,geothermal
116,17,0.0,natural_gas_fired_combined_cycle
73,17,0.0,natural_gas_fired_combined_cycle
71,17,0.0,natural_gas_fired_combined_cycle
44,17,0.0,natural_gas_fired_combined_cycle
115,17,0.0,natural_gas_fired_combined_cycle
70,17,0.0,natural_gas_fired_combined_cycle
131,17,0.0,natural_gas_fired_combined_cycle
18,17,0.0,natural_gas_fired_combined_cycle
72,17,0.0,natural_gas_fired_combined_cycle
114,17,0.0,natural_gas_fired_combined_cycle
45,17,0.0,natural_gas_fired_combined_cycle
78,17,0.0,natural_gas_fired_combustion_turbine
75,17,0.0,natural_gas_fired_combustion_turbine
119,17,0.0,natural_gas_fired_combustion_turbine
117,17,0.0,natural_gas_fired_combustion_turbine
134,17,0.0,natural_gas_fired_combustion_turbine
103,17,0.0,natural_gas_fired_combustion_turbine
47,17,0.0,natural_gas_fired_combustion_turbine
8,17,0.0,natural_gas_fired_combustion_turbine
90,17,0.0,natural_gas_fired_combustion_turbine
60,17,0.0,natural_gas_fired_combustion_turbine
46,17,0.0,natural_gas_fired_combustion_turbine
37,17,0.0,natural_gas_fired_combustion_turbine
7,17,0.0,natural_gas_fired_combustion_turbine
133,17,0.0,natural_gas_fired_combustion_turbine
74,17,0.0,natural_gas_fired_combustion_turbine
20,17,0.0,natural_gas_fired_combustion_turbine
135,17,0.0,natural_gas_fired_combustion_turbine
142,17,0.0,natural_gas_fired_combustion_turbine
121,17,0.0,natural_gas_fired_combustion_turbine
91,17,0.0,natural_gas_fired_combustion_turbine
22,17,0.0,natural_gas_steam_turbine
123,17,0.0,natural_gas_steam_turbine
62,17,0.0,natural_gas_steam_turbine
49,17,0.0,natural_gas_steam_turbine
48,17,0.0,natural_gas_steam_turbine
21,17,0.0,natural_gas_steam_turbine
79,17,3105.761194103493,nuclear
10,17,323.47756000000004,onshore_wind_turbine
23,17,9143.703800000001,onshore_wind_turbine
31,17,1965.1635500000002,onshore_wind_turbine
38,17,1911.48825,onshore_wind_turbine
50,17,703.20348,onshore_wind_turbine
63,17,126.16604003919998,onshore_wind_turbine
80,17,117.09431999999998,onshore_wind_turbine
94,17,13714.5162,onshore_wind_turbine
105,17,162.789760686,onshore_wind_turbine
124,17,6839.865539784201,onshore_wind_turbine
136,17,2762.14953,onshore_wind_turbine
144,17,6200.71893,onshore_wind_turbine
11,17,19.125,small_hydroelectric
24,17,62.577,small_hydroelectric
32,17,192.0,small_hydroelectric
39,17,52.9,small_hydroelectric
51,17,25.641,small_hydroelectric
64,17,6.128,small_hydroelectric
81,17,241.672,small_hydroelectric
95,17,418.922,small_hydroelectric
106,17,31.614,small_hydroelectric
125,17,100.697,small_hydroelectric
137,17,36.822,small_hydroelectric
145,17,33.21,small_hydroelectric
12,17,5498.7067799999995,solar_photovoltaic
25,17,1639.2464199999997,solar_photovoltaic
33,17,1124.6074,solar_photovoltaic
52,17,2638.92524,solar_photovoltaic
65,17,8823.4610915521,solar_photovoltaic
82,17,10636.68844,solar_photovoltaic
96,17,866.44621,solar_photovoltaic
107,17,8023.7726878295,solar_photovoltaic
126,17,21333.510387819,solar_photovoltaic
138,17,2015.01993,solar_photovoltaic
26,18,11.235,biomass
13,18,15.682,biomass
108,18,137.081,biomass
40,18,5.952,biomass
97,18,178.173,biomass
1,18,16.294,biomass
66,18,228.795,biomass
2,18,702.5057844,conventional_hydroelectric
14,18,160.172562,conventional_hydroelectric
27,18,602.9596116,conventional_hydroelectric
35,18,840.4477840000001,conventional_hydroelectric
54,18,733.5052857000001,conventional_hydroelectric
67,18,2531.1022679993307,conventional_hydroelectric
84,18,12388.189819199999,conventional_hydroelectric
109,18,292.006259415,conventional_hydroelectric
128,18,48.166140000000006,conventional_hydroelectric
139,18,119.77841279999998,conventional_hydroelectric
110,18,28.499999999999996,conventional_steam_coal
41,18,7219.002,conventional_steam_coal
3,18,8009.062589999999,conventional_steam_coal
36,18,0.0,conventional_steam_coal
85,18,0.0,conventional_steam_coal
28,18,74.364,geothermal
116,18,0.0,natural_gas_fired_combined_cycle
73,18,0.0,natural_gas_fired_combined_cycle
71,18,0.0,natural_gas_fired_combined_cycle
44,18,0.0,natural_gas_fired_combined_cycle
115,18,0.0,natural_gas_fired_combined_cycle
70,18,0.0,natural_gas_fired_combined_cycle
131,18,0.0,natural_gas_fired_combined_cycle
18,18,0.0,natural_gas_fired_combined_cycle
72,18,0.0,natural_gas_fired_combined_cycle
114,18,0.0,natural_gas_fired_combined_cycle
45,18,0.0,natural_gas_fired_combined_cycle
78,18,0.0,natural_gas_fired_combustion_turbine
75,18,0.0,natural_gas_fired_combustion_turbine
119,18,0.0,natural_gas_fired_combustion_turbine
117,18,0.0,natural_gas_fired_combustion_turbine
134,18,0.0,natural_gas_fired_combustion_turbine
103,18,0.0,natural_gas_fired_combustion_turbine
47,18,0.0,natural_gas_fired_combustion_turbine
8,18,0.0,natural_gas_fired_combustion_turbine
90,18,0.0,natural_gas_fired_combustion_turbine
60,18,0.0,natural_gas_fired_combustion_turbine
46,18,0.0,natural_gas_fired_combustion_turbine
37,18,0.0,natural_gas_fired_combustion_turbine
7,18,0.0,natural_gas_fired_combustion_turbine
133,18,0.0,natural_gas_fired_combustion_turbine
74,18,0.0,natural_gas_fired_combustion_turbine
20,18,0.0,natural_gas_fired_combustion_turbine
135,18,0.0,natural_gas_fired_combustion_turbine
142,18,0.0,natural_gas_fired_combustion_turbine
121,18,0.0,natural_gas_fired_combustion_turbine
91,18,0.0,natural_gas_fired_combustion_turbine
22,18,0.0,natural_gas_steam_turbine
123,18,0.0,natural_gas_steam_turbine
62,18,0.0,natural_gas_steam_turbine
49,18,0.0,natural_gas_steam_turbine
48,18,0.0,natural_gas_steam_turbine
21,18,0.0,natural_gas_steam_turbine
79,18,4957.260944103493,nuclear
10,18,656.8611700000001,onshore_wind_turbine
23,18,12702.7978,onshore_wind_turbine
31,18,1692.05925,onshore_wind_turbine
38,18,1983.6306,onshore_wind_turbine
50,18,804.1450199999999,onshore_wind_turbine
63,18,65.0028397032,onshore_wind_turbine
80,18,1685.7864799999998,onshore_wind_turbine
94,18,11176.8342,onshore_wind_turbine
105,18,21.178918719000002,onshore_wind_turbine
124,18,5765.254893351801,onshore_wind_turbine
136,18,2642.5253400000006,onshore_wind_turbine
144,18,7783.88121,onshore_wind_turbine
11,18,19.125,small_hydroelectric
24,18,62.577,small_hydroelectric
32,18,192.0,small_hydroelectric
39,18,52.9,small_hydroelectric
51,18,25.641,small_hydroelectric
64,18,6.128,small_hydroelectric
81,18,241.672,small_hydroelectric
95,18,418.922,small_hydroelectric
106,18,31.614,small_hydroelectric
125,18,100.697,small_hydroelectric
137,18,36.822,small_hydroelectric
145,18,33.21,small_hydroelectric
12,18,2535.3657,solar_photovoltaic
25,18,398.3215599999999,solar_photovoltaic
33,18,838.87825,solar_photovoltaic
52,18,869.50444,solar_photovoltaic
65,18,3750.3629677633003,solar_photovoltaic
82,18,7238.0987000000005,solar_photovoltaic
96,18,648.2551599999999,solar_photovoltaic
107,18,4546.2255275219995,solar_photovoltaic
126,18,13638.090636579502,solar_photovoltaic
138,18,1189.46905,solar_photovoltaic
26,19,11.235,biomass
13,19,15.682,biomass
108,19,137.081,biomass
40,19,5.952,biomass
97,19,178.173,biomass
1,19,16.294,biomass
66,19,228.795,biomass
2,19,701.9532827999999,conventional_hydroelectric
14,19,160.172562,conventional_hydroelectric
27,19,602.536284,conventional_hydroelectric
35,19,839.198976,conventional_hydroelectric
54,19,733.1934654,conventional_hydroelectric
67,19,2529.595006460847,conventional_hydroelectric
84,19,12376.568627999999,conventional_hydroelectric
109,19,292.0670066808,conventional_hydroelectric
128,19,48.1206,conventional_hydroelectric
139,19,119.61538559999998,conventional_hydroelectric
110,19,50.0,conventional_steam_coal
41,19,7219.002,conventional_steam_coal
3,19,11948.751711603742,conventional_steam_coal
36,19,481.8994273513579,conventional_steam_coal
85,19,0.0,conventional_steam_coal
28,19,74.364,geothermal
116,19,0.0,natural_gas_fired_combined_cycle
73,19,0.0,natural_gas_fired_combined_cycle
71,19,0.0,natural_gas_fired_combined_cycle
44,19,0.0,natural_gas_fired_combined_cycle
115,19,0.0,natural_gas_fired_combined_cycle
70,19,0.0,natural_gas_fired_combined_cycle
131,19,0.0,natural_gas_fired_combined_cycle
18,19,0.0,natural_gas_fired_combined_cycle
72,19,0.0,natural_gas_fired_combined_cycle
114,19,0.0,natural_gas_fired_combined_cycle
45,19,0.0,natural_gas_fired_combined_cycle
78,19,0.0,natural_gas_fired_combustion_turbine
75,19,0.0,natural_gas_fired_combustion_turbine
119,19,0.0,natural_gas_fired_combustion_turbine
117,19,0.0,natural_gas_fired_combustion_turbine
134,19,0.0,natural_gas_fired_combustion_turbine
103,19,0.0,natural_gas_fired_combustion_turbine
47,19,0.0,natural_gas_fired_combustion_turbine
8,19,0.0,natural_gas_fired_combustion_turbine
90,19,0.0,natural_gas_fired_combustion_turbine
60,19,0.0,natural_gas_fired_combustion_turbine
46,19,0.0,natural_gas_fired_combustion_turbine
37,19,0.0,natural_gas_fired_combustion_turbine
7,19,0.0,natural_gas_fired_combustion_turbine
133,19,0.0,natural_gas_fired_combustion_turbine
74,19,0.0,natural_gas_fired_combustion_turbine
20,19,0.0,natural_gas_fired_combustion_turbine
135,19,0.0,natural_gas_fired_combustion_turbine
142,19,0.0,natural_gas_fired_combustion_turbine
121,19,0.0,natural_gas_fired_combustion_turbine
91,19,0.0,natural_gas_fired_combustion_turbine
22,19,0.0,natural_gas_steam_turbine
123,19,0.0,natural_gas_steam_turbine
62,19,0.0,natural_gas_steam_turbine
49,19,0.0,natural_gas_steam_turbine
48,19,0.0,natural_gas_steam_turbine
21,19,0.0,natural_gas_steam_turbine
79,19,6808.760694103493,nuclear
10,19,215.77178000000004,onshore_wind_turbine
23,19,11685.3814,onshore_wind_turbine
31,19,1148.2254699999999,onshore_wind_turbine
38,19,1700.7417,onshore_wind_turbine
50,19,1551.3834,onshore_wind_turbine
63,19,107.1638396528,onshore_wind_turbine
80,19,1468.3256,onshore_wind_turbine
94,19,12258.107399999999,onshore_wind_turbine
105,19,440.776138551,onshore_wind_turbine
124,19,9377.739409962001,onshore_wind_turbine
136,19,2644.3242,onshore_wind_turbine
144,19,6992.300069999998,onshore_wind_turbine
11,19,19.125,small_hydroelectric
24,19,62.577,small_hydroelectric
32,19,192.0,small_hydroelectric
39,19,52.9,small_hydroelectric
51,19,25.641,small_hydroelectric
64,19,6.128,small_hydroelectric
81,19,241.672,small_hydroelectric
95,19,418.922,small_hydroelectric
106,19,31.614,small_hydroelectric
125,19,100.697,small_hydroelectric
137,19,36.822,small_hydroelectric
145,19,33.21,small_hydroelectric
12,19,0.0,solar_photovoltaic
25,19,0.0,solar_photovoltaic
33,19,351.7479,solar_photovoltaic
52,19,0.0,solar_photovoltaic
65,19,349.906398086,solar_photovoltaic
82,19,2674.7798700000003,solar_photovoltaic
96,19,326.1846,solar_photovoltaic
107,19,0.0,solar_photovoltaic
126,19,3090.651493748,solar_photovoltaic
138,19,0.0,solar_photovoltaic
26,20,11.235,biomass
13,20,15.682,biomass
108,20,137.081,biomass
40,20,5.952,biomass
97,20,178.173,biomass
1,20,16.294,biomass
66,20,228.795,biomass
2,20,701.4007812,conventional_hydroelectric
14,20,160.12552159999998,conventional_hydroelectric
27,20,602.1129564,conventional_hydroelectric
35,20,838.1999296,conventional_hydroelectric
54,20,732.777705,conventional_hydroelectric
67,20,2528.1402050608467,conventional_hydroelectric
84,20,12364.9474368,conventional_hydroelectric
109,20,292.1277553428,conventional_hydroelectric
128,20,48.07506,conventional_hydroelectric
139,20,119.4523584,conventional_hydroelectric
110,20,50.0,conventional_steam_coal
41,20,7219.002,conventional_steam_coal
3,20,14050.987,conventional_steam_coal
36,20,1832.0589973513577,conventional_steam_coal
85,20,0.0,conventional_steam_coal
28,20,74.364,geothermal
116,20,0.0,natural_gas_fired_combined_cycle
73,20,0.0,natural_gas_fired_combined_cycle
71,20,0.0,natural_gas_fired_combined_cycle
44,20,0.0,natural_gas_fired_combined_cycle
115,20,0.0,natural_gas_fired_combined_cycle
70,20,0.0,natural_gas_fired_combined_cycle
131,20,0.0,natural_gas_fired_combined_cycle
18,20,0.0,natural_gas_fired_combined_cycle
72,20,0.0,natural_gas_fired_combined_cycle
114,20,0.0,natural_gas_fired_combined_cycle
45,20,0.0,natural_gas_fired_combined_cycle
78,20,0.0,natural_gas_fired_combustion_turbine
75,20,0.0,natural_gas_fired_combustion_turbine
119,20,0.0,natural_gas_fired_combustion_turbine
117,20,0.0,natural_gas_fired_combustion_turbine
134,20,0.0,natural_gas_fired_combustion_turbine
103,20,0.0,natural_gas_fired_combustion_turbine
47,20,0.0,natural_gas_fired_combustion_turbine
8,20,0.0,natural_gas_fired_combustion_turbine
90,20,0.0,natural_gas_fired_combustion_turbine
60,20,0.0,natural_gas_fired_combustion_turbine
46,20,0.0,natural_gas_fired_combustion_turbine
37,20,0.0,natural_gas_fired_combustion_turbine
7,20,0.0,natural_gas_fired_combustion_turbine
133,20,0.0,natural_gas_fired_combustion_turbine
74,20,0.0,natural_gas_fired_combustion_turbine
20,20,0.0,natural_gas_fired_combustion_turbine
135,20,0.0,natural_gas_fired_combustion_turbine
142,20,0.0,natural_gas_fired_combustion_turbine
121,20,0.0,natural_gas_fired_combustion_turbine
91,20,0.0,natural_gas_fired_combustion_turbine
22,20,0.0,natural_gas_steam_turbine
123,20,0.0,natural_gas_steam_turbine
62,20,0.0,natural_gas_steam_turbine
49,20,0.0,natural_gas_steam_turbine
48,20,0.0,natural_gas_steam_turbine
21,20,0.0,natural_gas_steam_turbine
79,20,7405.999,nuclear
10,20,334.10405000000003,onshore_wind_turbine
23,20,12201.5432,onshore_wind_turbine
31,20,1506.8232900000003,onshore_wind_turbine
38,20,1442.2789500000001,onshore_wind_turbine
50,20,1420.6336199999998,onshore_wind_turbine
63,20,192.8284402184,onshore_wind_turbine
80,20,993.4430799999998,onshore_wind_turbine
94,20,10779.631800000001,onshore_wind_turbine
105,20,821.19421881,onshore_wind_turbine
124,20,9034.951234216602,onshore_wind_turbine
136,20,2482.4268000000006,onshore_wind_turbine
144,20,8519.229809999999,onshore_wind_turbine
11,20,19.125,small_hydroelectric
24,20,62.577,small_hydroelectric
32,20,192.0,small_hydroelectric
39,20,52.9,small_hydroelectric
51,20,25.641,small_hydroelectric
64,20,6.128,small_hydroelectric
81,20,241.672,small_hydroelectric
95,20,418.922,small_hydroelectric
106,20,31.614,small_hydroelectric
125,20,100.697,small_hydroelectric
137,20,36.822,small_hydroelectric
145,20,33.21,small_hydroelectric
12,20,0.0,solar_photovoltaic
25,20,0.0,solar_photovoltaic
33,20,0.0,solar_photovoltaic
52,20,0.0,solar_photovoltaic
65,20,0.0,solar_photovoltaic
82,20,0.0,solar_photovoltaic
96,20,0.0,solar_photovoltaic
107,20,0.0,solar_photovoltaic
126,20,0.0,solar_photovoltaic
138,20,0.0,solar_photovoltaic
26,21,11.235,biomass
13,21,15.682,biomass
108,21,137.081,biomass
40,21,5.952,biomass
97,21,178.173,biomass
1,21,16.294,biomass
66,21,228.795,biomass
2,21,700.8482796,conventional_hydroelectric
14,21,160.12552159999998,conventional_hydroelectric
27,21,601.830738,conventional_hydroelectric
35,21,837.2008832,conventional_hydroelectric
54,21,732.4658847000001,conventional_hydroelectric
67,21,2526.632943522363,conventional_hydroelectric
84,21,12353.326245600001,conventional_hydroelectric
109,21,292.1885026086,conventional_hydroelectric
128,21,48.029520000000005,conventional_hydroelectric
139,21,119.28933119999999,conventional_hydroelectric
110,21,50.0,conventional_steam_coal
41,21,7219.002,conventional_steam_coal
3,21,6041.9244100000005,conventional_steam_coal
36,21,481.8994273513579,conventional_steam_coal
85,21,0.0,conventional_steam_coal
28,21,74.364,geothermal
116,21,0.0,natural_gas_fired_combined_cycle
73,21,0.0,natural_gas_fired_combined_cycle
71,21,0.0,natural_gas_fired_combined_cycle
44,21,0.0,natural_gas_fired_combined_cycle
115,21,0.0,natural_gas_fired_combined_cycle
70,21,0.0,natural_gas_fired_combined_cycle
131,21,0.0,natural_gas_fired_combined_cycle
18,21,0.0,natural_gas_fired_combined_cycle
72,21,0.0,natural_gas_fired_combined_cycle
114,21,0.0,natural_gas_fired_combined_cycle
45,21,0.0,natural_gas_fired_combined_cycle
78,21,0.0,natural_gas_fired_combustion_turbine
75,21,0.0,natural_gas_fired_combustion_turbine
119,21,0.0,natural_gas_fired_combustion_turbine
117,21,0.0,natural_gas_fired_combustion_turbine
134,21,0.0,natural_gas_fired_combustion_turbine
103,21,0.0,natural_gas_fired_combustion_turbine
47,21,0.0,natural_gas_fired_combustion_turbine
8,21,0.0,natural_gas_fired_combustion_turbine
90,21,0.0,natural_gas_fired_combustion_turbine
60,21,0.0,natural_gas_fired_combustion_turbine
46,21,0.0,natural_gas_fired_combustion_turbine
37,21,0.0,natural_gas_fired_combustion_turbine
7,21,0.0,natural_gas_fired_combustion_turbine
133,21,0.0,natural_gas_fired_combustion_turbine
74,21,0.0,natural_gas_fired_combustion_turbine
20,21,0.0,natural_gas_fired_combustion_turbine
135,21,0.0,natural_gas_fired_combustion_turbine
142,21,0.0,natural_gas_fired_combustion_turbine
121,21,0.0,natural_gas_fired_combustion_turbine
91,21,0.0,natural_gas_fired_combustion_turbine
22,21,0.0,natural_gas_steam_turbine
123,21,0.0,natural_gas_steam_turbine
62,21,0.0,natural_gas_steam_turbine
49,21,0.0,natural_gas_steam_turbine
48,21,0.0,natural_gas_steam_turbine
21,21,0.0,natural_gas_steam_turbine
79,21,7405.999,nuclear
10,21,471.88820000000004,onshore_wind_turbine
23,21,10867.348800000002,onshore_wind_turbine
31,21,1695.6214800000002,onshore_wind_turbine
38,21,1601.9009999999998,onshore_wind_turbine
50,21,1926.0187799999999,onshore_wind_turbine
63,21,324.7504400112,onshore_wind_turbine
80,21,1029.6865599999999,onshore_wind_turbine
94,21,11338.6574,onshore_wind_turbine
105,21,1413.374759454,onshore_wind_turbine
124,21,12850.679386591202,onshore_wind_turbine
136,21,1570.4047800000003,onshore_wind_turbine
144,21,10792.3221,onshore_wind_turbine
11,21,19.125,small_hydroelectric
24,21,62.577,small_hydroelectric
32,21,192.0,small_hydroelectric
39,21,52.9,small_hydroelectric
51,21,25.641,small_hydroelectric
64,21,6.128,small_hydroelectric
81,21,241.672,small_hydroelectric
95,21,418.922,small_hydroelectric
106,21,31.614,small_hydroelectric
125,21,100.697,small_hydroelectric
137,21,36.822,small_hydroelectric
145,21,33.21,small_hydroelectric
12,21,0.0,solar_photovoltaic
25,21,0.0,solar_photovoltaic
33,21,0.0,solar_photovoltaic
52,21,0.0,solar_photovoltaic
65,21,0.0,solar_photovoltaic
82,21,0.0,solar_photovoltaic
96,21,0.0,solar_photovoltaic
107,21,0.0,solar_photovoltaic
126,21,0.0,solar_photovoltaic
138,21,0.0,solar_photovoltaic
26,22,11.235,biomass
13,22,15.682,biomass
108,22,137.081,biomass
40,22,5.952,biomass
97,22,178.173,biomass
1,22,16.294,biomass
66,22,228.795,biomass
2,22,700.2957779999999,conventional_hydroelectric
14,22,160.0784812,conventional_hydroelectric
27,22,601.4074104000001,conventional_hydroelectric
35,22,836.2018367999999,conventional_hydroelectric
54,22,732.0501243000001,conventional_hydroelectric
67,22,2524.5032015608467,conventional_hydroelectric
84,22,12341.7050544,conventional_hydroelectric
109,22,292.24925127060004,conventional_hydroelectric
128,22,47.98398,conventional_hydroelectric
139,22,119.12630399999998,conventional_hydroelectric
110,22,50.0,conventional_steam_coal
41,22,7219.002,conventional_steam_coal
3,22,11956.543285155254,conventional_steam_coal
36,22,0.0,conventional_steam_coal
85,22,0.0,conventional_steam_coal
28,22,74.364,geothermal
116,22,0.0,natural_gas_fired_combined_cycle
73,22,0.0,natural_gas_fired_combined_cycle
71,22,0.0,natural_gas_fired_combined_cycle
44,22,0.0,natural_gas_fired_combined_cycle
115,22,0.0,natural_gas_fired_combined_cycle
70,22,0.0,natural_gas_fired_combined_cycle
131,22,0.0,natural_gas_fired_combined_cycle
18,22,0.0,natural_gas_fired_combined_cycle
72,22,0.0,natural_gas_fired_combined_cycle
114,22,0.0,natural_gas_fired_combined_cycle
45,22,0.0,natural_gas_fired_combined_cycle
78,22,0.0,natural_gas_fired_combustion_turbine
75,22,0.0,natural_gas_fired_combustion_turbine
119,22,0.0,natural_gas_fired_combustion_turbine
117,22,0.0,natural_gas_fired_combustion_turbine
134,22,0.0,natural_gas_fired_combustion_turbine
103,22,0.0,natural_gas_fired_combustion_turbine
47,22,0.0,natural_gas_fired_combustion_turbine
8,22,0.0,natural_gas_fired_combustion_turbine
90,22,0.0,natural_gas_fired_combustion_turbine
60,22,0.0,natural_gas_fired_combustion_turbine
46,22,0.0,natural_gas_fired_combustion_turbine
37,22,0.0,natural_gas_fired_combustion_turbine
7,22,0.0,natural_gas_fired_combustion_turbine
133,22,0.0,natural_gas_fired_combustion_turbine
74,22,0.0,natural_gas_fired_combustion_turbine
20,22,0.0,natural_gas_fired_combustion_turbine
135,22,0.0,natural_gas_fired_combustion_turbine
142,22,0.0,natural_gas_fired_combustion_turbine
121,22,0.0,natural_gas_fired_combustion_turbine
91,22,0.0,natural_gas_fired_combustion_turbine
22,22,0.0,natural_gas_steam_turbine
123,22,0.0,natural_gas_steam_turbine
62,22,0.0,natural_gas_steam_turbine
49,22,0.0,natural_gas_steam_turbine
48,22,0.0,natural_gas_steam_turbine
21,22,0.0,natural_gas_steam_turbine
79,22,7405.999,nuclear
10,22,358.95923000000005,onshore_wind_turbine
23,22,11964.8914,onshore_wind_turbine
31,22,1773.99054,onshore_wind_turbine
38,22,1587.1317,onshore_wind_turbine
50,22,2165.16216,onshore_wind_turbine
63,22,100.1719597312,onshore_wind_turbine
80,22,1459.9617199999998,onshore_wind_turbine
94,22,10246.3508,onshore_wind_turbine
105,22,1630.6735194330001,onshore_wind_turbine
124,22,14002.628233378402,onshore_wind_turbine
136,22,1338.35184,onshore_wind_turbine
144,22,12397.11228,onshore_wind_turbine
11,22,19.125,small_hydroelectric
24,22,62.577,small_hydroelectric
32,22,192.0,small_hydroelectric
39,22,52.9,small_hydroelectric
51,22,25.641,small_hydroelectric
64,22,6.128,small_hydroelectric
81,22,241.672,small_hydroelectric
95,22,418.922,small_hydroelectric
106,22,31.614,small_hydroelectric
125,22,100.697,small_hydroelectric
137,22,36.822,small_hydroelectric
145,22,33.21,small_hydroelectric
12,22,0.0,solar_photovoltaic
25,22,0.0,solar_photovoltaic
33,22,0.0,solar_photovoltaic
52,22,0.0,solar_photovoltaic
65,22,0.0,solar_photovoltaic
82,22,0.0,solar_photovoltaic
96,22,0.0,solar_photovoltaic
107,22,0.0,solar_photovoltaic
126,22,0.0,solar_photovoltaic
138,22,0.0,solar_photovoltaic
26,23,11.235,biomass
13,23,15.682,biomass
108,23,137.081,biomass
40,23,5.952,biomass
97,23,178.173,biomass
1,23,16.294,biomass
66,23,228.795,biomass
2,23,699.7432764,conventional_hydroelectric
14,23,160.0784812,conventional_hydroelectric
27,23,600.9840828,conventional_hydroelectric
35,23,835.2027903999999,conventional_hydroelectric
54,23,731.738304,conventional_hydroelectric
67,23,2522.995940022363,conventional_hydroelectric
84,23,12327.1785654,conventional_hydroelectric
109,23,292.2918744642,conventional_hydroelectric
128,23,47.93844000000001,conventional_hydroelectric
139,23,118.9632768,conventional_hydroelectric
110,23,50.0,conventional_steam_coal
41,23,7219.002,conventional_steam_coal
3,23,6977.776017970251,conventional_steam_coal
36,23,0.0,conventional_steam_coal
85,23,0.0,conventional_steam_coal
28,23,74.364,geothermal
116,23,0.0,natural_gas_fired_combined_cycle
73,23,0.0,natural_gas_fired_combined_cycle
71,23,0.0,natural_gas_fired_combined_cycle
44,23,0.0,natural_gas_fired_combined_cycle
115,23,0.0,natural_gas_fired_combined_cycle
70,23,0.0,natural_gas_fired_combined_cycle
131,23,0.0,natural_gas_fired_combined_cycle
18,23,0.0,natural_gas_fired_combined_cycle
72,23,0.0,natural_gas_fired_combined_cycle
114,23,0.0,natural_gas_fired_combined_cycle
45,23,0.0,natural_gas_fired_combined_cycle
78,23,0.0,natural_gas_fired_combustion_turbine
75,23,0.0,natural_gas_fired_combustion_turbine
119,23,0.0,natural_gas_fired_combustion_turbine
117,23,0.0,natural_gas_fired_combustion_turbine
134,23,0.0,natural_gas_fired_combustion_turbine
103,23,0.0,natural_gas_fired_combustion_turbine
47,23,0.0,natural_gas_fired_combustion_turbine
8,23,0.0,natural_gas_fired_combustion_turbine
90,23,0.0,natural_gas_fired_combustion_turbine
60,23,0.0,natural_gas_fired_combustion_turbine
46,23,0.0,natural_gas_fired_combustion_turbine
37,23,0.0,natural_gas_fired_combustion_turbine
7,23,0.0,natural_gas_fired_combustion_turbine
133,23,0.0,natural_gas_fired_combustion_turbine
74,23,0.0,natural_gas_fired_combustion_turbine
20,23,0.0,natural_gas_fired_combustion_turbine
135,23,0.0,natural_gas_fired_combustion_turbine
142,23,0.0,natural_gas_fired_combustion_turbine
121,23,0.0,natural_gas_fired_combustion_turbine
91,23,0.0,natural_gas_fired_combustion_turbine
22,23,0.0,natural_gas_steam_turbine
123,23,0.0,natural_gas_steam_turbine
62,23,0.0,natural_gas_steam_turbine
49,23,0.0,natural_gas_steam_turbine
48,23,0.0,natural_gas_steam_turbine
21,23,0.0,natural_gas_steam_turbine
79,23,7405.999,nuclear
10,23,269.80478,onshore_wind_turbine
23,23,12169.8654,onshore_wind_turbine
31,23,1784.67723,onshore_wind_turbine
38,23,1777.42845,onshore_wind_turbine
50,23,1449.7643999999998,onshore_wind_turbine
63,23,21.2589999384,onshore_wind_turbine
80,23,1605.8649599999999,onshore_wind_turbine
94,23,6340.5271999999995,onshore_wind_turbine
105,23,1768.197198978,onshore_wind_turbine
124,23,15941.108471626803,onshore_wind_turbine
136,23,1833.0383400000003,onshore_wind_turbine
144,23,12217.600709999997,onshore_wind_turbine
11,23,19.125,small_hydroelectric
24,23,62.577,small_hydroelectric
32,23,192.0,small_hydroelectric
39,23,52.9,small_hydroelectric
51,23,25.641,small_hydroelectric
64,23,6.128,small_hydroelectric
81,23,241.672,small_hydroelectric
95,23,418.922,small_hydroelectric
106,23,31.614,small_hydroelectric
125,23,100.697,small_hydroelectric
137,23,36.822,small_hydroelectric
145,23,33.21,small_hydroelectric
12,23,0.0,solar_photovoltaic
25,23,0.0,solar_photovoltaic
33,23,0.0,solar_photovoltaic
52,23,0.0,solar_photovoltaic
65,23,0.0,solar_photovoltaic
82,23,0.0,solar_photovoltaic
96,23,0.0,solar_photovoltaic
107,23,0.0,solar_photovoltaic
126,23,0.0,solar_photovoltaic
138,23,0.0,solar_photovoltaic
26,24,11.235,biomass
13,24,15.682,biomass
108,24,137.081,biomass
40,24,5.952,biomass
97,24,178.173,biomass
1,24,16.294,biomass
66,24,228.795,biomass
2,24,699.1907748,conventional_hydroelectric
14,24,160.0784812,conventional_hydroelectric
27,24,600.7018644000001,conventional_hydroelectric
35,24,834.203744,conventional_hydroelectric
54,24,731.3225436,conventional_hydroelectric
67,24,2521.5411386223627,conventional_hydroelectric
84,24,12315.5573742,conventional_hydroelectric
109,24,292.3526231262,conventional_hydroelectric
128,24,47.892900000000004,conventional_hydroelectric
139,24,118.80024959999999,conventional_hydroelectric
110,24,50.0,conventional_steam_coal
41,24,7219.002,conventional_steam_coal
3,24,881.6499736304424,conventional_steam_coal
36,24,0.0,conventional_steam_coal
85,24,0.0,conventional_steam_coal
28,24,74.364,geothermal
116,24,0.0,natural_gas_fired_combined_cycle
73,24,0.0,natural_gas_fired_combined_cycle
71,24,0.0,natural_gas_fired_combined_cycle
44,24,0.0,natural_gas_fired_combined_cycle
115,24,0.0,natural_gas_fired_combined_cycle
70,24,0.0,natural_gas_fired_combined_cycle
131,24,0.0,natural_gas_fired_combined_cycle
18,24,0.0,natural_gas_fired_combined_cycle
72,24,0.0,natural_gas_fired_combined_cycle
114,24,0.0,natural_gas_fired_combined_cycle
45,24,0.0,natural_gas_fired_combined_cycle
78,24,0.0,natural_gas_fired_combustion_turbine
75,24,0.0,natural_gas_fired_combustion_turbine
119,24,0.0,natural_gas_fired_combustion_turbine
117,24,0.0,natural_gas_fired_combustion_turbine
134,24,0.0,natural_gas_fired_combustion_turbine
103,24,0.0,natural_gas_fired_combustion_turbine
47,24,0.0,natural_gas_fired_combustion_turbine
8,24,0.0,natural_gas_fired_combustion_turbine
90,24,0.0,natural_gas_fired_combustion_turbine
60,24,0.0,natural_gas_fired_combustion_turbine
46,24,0.0,natural_gas_fired_combustion_turbine
37,24,0.0,natural_gas_fired_combustion_turbine
7,24,0.0,natural_gas_fired_combustion_turbine
133,24,0.0,natural_gas_fired_combustion_turbine
74,24,0.0,natural_gas_fired_combustion_turbine
20,24,0.0,natural_gas_fired_combustion_turbine
135,24,0.0,natural_gas_fired_combustion_turbine
142,24,0.0,natural_gas_fired_combustion_turbine
121,24,0.0,natural_gas_fired_combustion_turbine
91,24,0.0,natural_gas_fired_combustion_turbine
22,24,0.0,natural_gas_steam_turbine
123,24,0.0,natural_gas_steam_turbine
62,24,0.0,natural_gas_steam_turbine
49,24,0.0,natural_gas_steam_turbine
48,24,0.0,natural_gas_steam_turbine
21,24,0.0,natural_gas_steam_turbine
79,24,7405.999,nuclear
10,24,161.55867,onshore_wind_turbine
23,24,11435.685800000001,onshore_wind_turbine
31,24,1592.31681,onshore_wind_turbine
38,24,1890.4704,onshore_wind_turbine
50,24,1896.888,onshore_wind_turbine
63,24,183.6987602016,onshore_wind_turbine
80,24,2180.1847199999997,onshore_wind_turbine
94,24,4571.5054,onshore_wind_turbine
105,24,1936.107599118,onshore_wind_turbine
124,24,19594.5255135014,onshore_wind_turbine
136,24,1209.7333500000002,onshore_wind_turbine
144,24,8932.322699999999,onshore_wind_turbine
11,24,19.125,small_hydroelectric
24,24,62.577,small_hydroelectric
32,24,192.0,small_hydroelectric
39,24,52.9,small_hydroelectric
51,24,25.641,small_hydroelectric
64,24,6.128,small_hydroelectric
81,24,241.672,small_hydroelectric
95,24,418.922,small_hydroelectric
106,24,31.614,small_hydroelectric
125,24,100.697,small_hydroelectric
137,24,36.822,small_hydroelectric
145,24,33.21,small_hydroelectric
12,24,0.0,solar_photovoltaic
25,24,0.0,solar_photovoltaic
33,24,0.0,solar_photovoltaic
52,24,0.0,solar_photovoltaic
65,24,0.0,solar_photovoltaic
82,24,0.0,solar_photovoltaic
96,24,0.0,solar_photovoltaic
107,24,0.0,solar_photovoltaic
126,24,0.0,solar_photovoltaic
138,24,0.0,solar_photovoltaic
26,25,11.235,biomass
13,25,15.682,biomass
108,25,137.081,biomass
40,25,5.952,biomass
97,25,178.173,biomass
1,25,16.294,biomass
66,25,228.795,biomass
2,25,698.6382732,conventional_hydroelectric
14,25,160.0314408,conventional_hydroelectric
27,25,600.2785368000001,conventional_hydroelectric
35,25,833.2046976,conventional_hydroelectric
54,25,731.0107233000001,conventional_hydroelectric
67,25,2520.033869809872,conventional_hydroelectric
84,25,12303.936183,conventional_hydroelectric
109,25,292.41337039200005,conventional_hydroelectric
128,25,47.84736,conventional_hydroelectric
139,25,118.63722239999998,conventional_hydroelectric
110,25,50.0,conventional_steam_coal
41,25,1498.6701673099278,conventional_steam_coal
3,25,0.0,conventional_steam_coal
36,25,0.0,conventional_steam_coal
85,25,0.0,conventional_steam_coal
28,25,74.364,geothermal
116,25,0.0,natural_gas_fired_combined_cycle
73,25,0.0,natural_gas_fired_combined_cycle
71,25,0.0,natural_gas_fired_combined_cycle
44,25,0.0,natural_gas_fired_combined_cycle
115,25,0.0,natural_gas_fired_combined_cycle
70,25,0.0,natural_gas_fired_combined_cycle
131,25,0.0,natural_gas_fired_combined_cycle
18,25,0.0,natural_gas_fired_combined_cycle
72,25,0.0,natural_gas_fired_combined_cycle
114,25,0.0,natural_gas_fired_combined_cycle
45,25,0.0,natural_gas_fired_combined_cycle
78,25,0.0,natural_gas_fired_combustion_turbine
75,25,0.0,natural_gas_fired_combustion_turbine
119,25,0.0,natural_gas_fired_combustion_turbine
117,25,0.0,natural_gas_fired_combustion_turbine
134,25,0.0,natural_gas_fired_combustion_turbine
103,25,0.0,natural_gas_fired_combustion_turbine
47,25,0.0,natural_gas_fired_combustion_turbine
8,25,0.0,natural_gas_fired_combustion_turbine
90,25,0.0,natural_gas_fired_combustion_turbine
60,25,0.0,natural_gas_fired_combustion_turbine
46,25,0.0,natural_gas_fired_combustion_turbine
37,25,0.0,natural_gas_fired_combustion_turbine
7,25,0.0,natural_gas_fired_combustion_turbine
133,25,0.0,natural_gas_fired_combustion_turbine
74,25,0.0,natural_gas_fired_combustion_turbine
20,25,0.0,natural_gas_fired_combustion_turbine
135,25,0.0,natural_gas_fired_combustion_turbine
142,25,0.0,natural_gas_fired_combustion_turbine
121,25,0.0,natural_gas_fired_combustion_turbine
91,25,0.0,natural_gas_fired_combustion_turbine
22,25,0.0,natural_gas_steam_turbine
123,25,0.0,natural_gas_steam_turbine
62,25,0.0,natural_gas_steam_turbine
49,25,0.0,natural_gas_steam_turbine
48,25,0.0,natural_gas_steam_turbine
21,25,0.0,natural_gas_steam_turbine
79,25,7405.999,nuclear
10,25,144.62833,onshore_wind_turbine
23,25,12538.8186,onshore_wind_turbine
31,25,2744.10451,onshore_wind_turbine
38,25,2058.6132,onshore_wind_turbine
50,25,2137.3862999999997,onshore_wind_turbine
63,25,235.2772800336,onshore_wind_turbine
80,25,2125.3548399999995,onshore_wind_turbine
94,25,4788.4956,onshore_wind_turbine
105,25,1944.455660028,onshore_wind_turbine
124,25,19639.085115326605,onshore_wind_turbine
136,25,1052.3331000000003,onshore_wind_turbine
144,25,7822.81143,onshore_wind_turbine
11,25,19.125,small_hydroelectric
24,25,62.577,small_hydroelectric
32,25,192.0,small_hydroelectric
39,25,52.9,small_hydroelectric
51,25,25.641,small_hydroelectric
64,25,6.128,small_hydroelectric
81,25,241.672,small_hydroelectric
95,25,418.922,small_hydroelectric
106,25,31.614,small_hydroelectric
125,25,100.697,small_hydroelectric
137,25,36.822,small_hydroelectric
145,25,33.21,small_hydroelectric
12,25,0.0,solar_photovoltaic
25,25,0.0,solar_photovoltaic
33,25,0.0,solar_photovoltaic
52,25,0.0,solar_photovoltaic
65,25,0.0,solar_photovoltaic
82,25,0.0,solar_photovoltaic
96,25,0.0,solar_photovoltaic
107,25,0.0,solar_photovoltaic
126,25,0.0,solar_photovoltaic
138,25,0.0,solar_photovoltaic
26,26,11.235,biomass
13,26,15.682,biomass
108,26,137.081,biomass
40,26,5.952,biomass
97,26,178.173,biomass
1,26,16.294,biomass
66,26,228.795,biomass
2,26,698.0857715999999,conventional_hydroelectric
14,26,160.0314408,conventional_hydroelectric
27,26,599.8552092,conventional_hydroelectric
35,26,832.2056512,conventional_hydroelectric
54,26,730.5949629,conventional_hydroelectric
67,26,2518.579068409872,conventional_hydroelectric
84,26,12292.314991799998,conventional_hydroelectric
109,26,292.474119054,conventional_hydroelectric
128,26,47.801820000000006,conventional_hydroelectric
139,26,118.4741952,conventional_hydroelectric
110,26,50.0,conventional_steam_coal
41,26,0.0,conventional_steam_coal
3,26,0.0,conventional_steam_coal
36,26,0.0,conventional_steam_coal
85,26,0.0,conventional_steam_coal
28,26,74.364,geothermal
116,26,0.0,natural_gas_fired_combined_cycle
73,26,0.0,natural_gas_fired_combined_cycle
71,26,0.0,natural_gas_fired_combined_cycle
44,26,0.0,natural_gas_fired_combined_cycle
115,26,0.0,natural_gas_fired_combined_cycle
70,26,0.0,natural_gas_fired_combined_cycle
131,26,0.0,natural_gas_fired_combined_cycle
18,26,0.0,natural_gas_fired_combined_cycle
72,26,0.0,natural_gas_fired_combined_cycle
114,26,0.0,natural_gas_fired_combined_cycle
45,26,0.0,natural_gas_fired_combined_cycle
78,26,0.0,natural_gas_fired_combustion_turbine
75,26,0.0,natural_gas_fired_combustion_turbine
119,26,0.0,natural_gas_fired_combustion_turbine
117,26,0.0,natural_gas_fired_combustion_turbine
134,26,0.0,natural_gas_fired_combustion_turbine
103,26,0.0,natural_gas_fired_combustion_turbine
47,26,0.0,natural_gas_fired_combustion_turbine
8,26,0.0,natural_gas_fired_combustion_turbine
90,26,0.0,natural_gas_fired_combustion_turbine
60,26,0.0,natural_gas_fired_combustion_turbine
46,26,0.0,natural_gas_fired_combustion_turbine
37,26,0.0,natural_gas_fired_combustion_turbine
7,26,0.0,natural_gas_fired_combustion_turbine
133,26,0.0,natural_gas_fired_combustion_turbine
74,26,0.0,natural_gas_fired_combustion_turbine
20,26,0.0,natural_gas_fired_combustion_turbine
135,26,0.0,natural_gas_fired_combustion_turbine
142,26,0.0,natural_gas_fired_combustion_turbine
121,26,0.0,natural_gas_fired_combustion_turbine
91,26,0.0,natural_gas_fired_combustion_turbine
22,26,0.0,natural_gas_steam_turbine
123,26,0.0,natural_gas_steam_turbine
62,26,0.0,natural_gas_steam_turbine
49,26,0.0,natural_gas_steam_turbine
48,26,0.0,natural_gas_steam_turbine
21,26,0.0,natural_gas_steam_turbine
79,26,7405.999,nuclear
10,26,217.9331,onshore_wind_turbine
23,26,13177.964800000002,onshore_wind_turbine
31,26,2003.16067,onshore_wind_turbine
38,26,1838.2098,onshore_wind_turbine
50,26,1524.9624599999997,onshore_wind_turbine
63,26,157.8760399832,onshore_wind_turbine
80,26,2490.5776,onshore_wind_turbine
94,26,5461.532999999999,onshore_wind_turbine
105,26,1582.7981401890002,onshore_wind_turbine
124,26,20316.6862385872,onshore_wind_turbine
136,26,1095.5057400000003,onshore_wind_turbine
144,26,9803.927069999998,onshore_wind_turbine
11,26,19.125,small_hydroelectric
24,26,62.577,small_hydroelectric
32,26,192.0,small_hydroelectric
39,26,52.9,small_hydroelectric
51,26,25.641,small_hydroelectric
64,26,6.128,small_hydroelectric
81,26,241.672,small_hydroelectric
95,26,418.922,small_hydroelectric
106,26,31.614,small_hydroelectric
125,26,100.697,small_hydroelectric
137,26,36.822,small_hydroelectric
145,26,33.21,small_hydroelectric
12,26,0.0,solar_photovoltaic
25,26,0.0,solar_photovoltaic
33,26,0.0,solar_photovoltaic
52,26,0.0,solar_photovoltaic
65,26,0.0,solar_photovoltaic
82,26,0.0,solar_photovoltaic
96,26,0.0,solar_photovoltaic
107,26,0.0,solar_photovoltaic
126,26,0.0,solar_photovoltaic
138,26,0.0,solar_photovoltaic
26,27,11.235,biomass
13,27,15.682,biomass
108,27,137.081,biomass
40,27,5.952,biomass
97,27,178.173,biomass
1,27,16.294,biomass
66,27,228.795,biomass
2,27,697.5332699999999,conventional_hydroelectric
14,27,159.9844004,conventional_hydroelectric
27,27,599.5729908000001,conventional_hydroelectric
35,27,831.2066047999999,conventional_hydroelectric
54,27,730.2831426,conventional_hydroelectric
67,27,2517.0718068713877,conventional_hydroelectric
84,27,12280.6938006,conventional_hydroelectric
109,27,292.5348663198,conventional_hydroelectric
128,27,47.756280000000004,conventional_hydroelectric
139,27,118.311168,conventional_hydroelectric
110,27,50.0,conventional_steam_coal
41,27,0.0,conventional_steam_coal
3,27,0.0,conventional_steam_coal
36,27,0.0,conventional_steam_coal
85,27,0.0,conventional_steam_coal
28,27,74.364,geothermal
116,27,0.0,natural_gas_fired_combined_cycle
73,27,0.0,natural_gas_fired_combined_cycle
71,27,0.0,natural_gas_fired_combined_cycle
44,27,0.0,natural_gas_fired_combined_cycle
115,27,0.0,natural_gas_fired_combined_cycle
70,27,0.0,natural_gas_fired_combined_cycle
131,27,0.0,natural_gas_fired_combined_cycle
18,27,0.0,natural_gas_fired_combined_cycle
72,27,0.0,natural_gas_fired_combined_cycle
114,27,0.0,natural_gas_fired_combined_cycle
45,27,0.0,natural_gas_fired_combined_cycle
78,27,0.0,natural_gas_fired_combustion_turbine
75,27,0.0,natural_gas_fired_combustion_turbine
119,27,0.0,natural_gas_fired_combustion_turbine
117,27,0.0,natural_gas_fired_combustion_turbine
134,27,0.0,natural_gas_fired_combustion_turbine
103,27,0.0,natural_gas_fired_combustion_turbine
47,27,0.0,natural_gas_fired_combustion_turbine
8,27,0.0,natural_gas_fired_combustion_turbine
90,27,0.0,natural_gas_fired_combustion_turbine
60,27,0.0,natural_gas_fired_combustion_turbine
46,27,0.0,natural_gas_fired_combustion_turbine
37,27,0.0,natural_gas_fired_combustion_turbine
7,27,0.0,natural_gas_fired_combustion_turbine
133,27,0.0,natural_gas_fired_combustion_turbine
74,27,0.0,natural_gas_fired_combustion_turbine
20,27,0.0,natural_gas_fired_combustion_turbine
135,27,0.0,natural_gas_fired_combustion_turbine
142,27,0.0,natural_gas_fired_combustion_turbine
121,27,0.0,natural_gas_fired_combustion_turbine
91,27,0.0,natural_gas_fired_combustion_turbine
22,27,0.0,natural_gas_steam_turbine
123,27,0.0,natural_gas_steam_turbine
62,27,0.0,natural_gas_steam_turbine
49,27,0.0,natural_gas_steam_turbine
48,27,0.0,natural_gas_steam_turbine
21,27,0.0,natural_gas_steam_turbine
79,27,7405.999,nuclear
10,27,177.58846,onshore_wind_turbine
23,27,12915.225400000001,onshore_wind_turbine
31,27,1433.20387,onshore_wind_turbine
38,27,1577.47485,onshore_wind_turbine
50,27,975.5423999999998,onshore_wind_turbine
63,27,182.4703998544,onshore_wind_turbine
80,27,2118.8496,onshore_wind_turbine
94,27,4280.9592,onshore_wind_turbine
105,27,911.600759076,onshore_wind_turbine
124,27,21180.3568895226,onshore_wind_turbine
136,27,1065.82455,onshore_wind_turbine
144,27,9663.34572,onshore_wind_turbine
11,27,19.125,small_hydroelectric
24,27,62.577,small_hydroelectric
32,27,192.0,small_hydroelectric
39,27,52.9,small_hydroelectric
51,27,25.641,small_hydroelectric
64,27,6.128,small_hydroelectric
81,27,241.672,small_hydroelectric
95,27,418.922,small_hydroelectric
106,27,31.614,small_hydroelectric
125,27,100.697,small_hydroelectric
137,27,36.822,small_hydroelectric
145,27,33.21,small_hydroelectric
12,27,0.0,solar_photovoltaic
25,27,0.0,solar_photovoltaic
33,27,0.0,solar_photovoltaic
52,27,0.0,solar_photovoltaic
65,27,0.0,solar_photovoltaic
82,27,0.0,solar_photovoltaic
96,27,0.0,solar_photovoltaic
107,27,0.0,solar_photovoltaic
126,27,0.0,solar_photovoltaic
138,27,0.0,solar_photovoltaic
26,28,11.235,biomass
13,28,15.682,biomass
108,28,137.081,biomass
40,28,5.952,biomass
97,28,178.173,biomass
1,28,16.294,biomass
66,28,228.795,biomass
2,28,696.9807684,conventional_hydroelectric
14,28,159.9844004,conventional_hydroelectric
27,28,599.1496632,conventional_hydroelectric
35,28,830.2075583999999,conventional_hydroelectric
54,28,729.8673822000001,conventional_hydroelectric
67,28,2515.617005471388,conventional_hydroelectric
84,28,12269.0726094,conventional_hydroelectric
109,28,292.5774909096,conventional_hydroelectric
128,28,47.71074000000001,conventional_hydroelectric
139,28,118.1481408,conventional_hydroelectric
110,28,50.0,conventional_steam_coal
41,28,0.0,conventional_steam_coal
3,28,0.0,conventional_steam_coal
36,28,0.0,conventional_steam_coal
85,28,0.0,conventional_steam_coal
28,28,74.364,geothermal
116,28,0.0,natural_gas_fired_combined_cycle
73,28,0.0,natural_gas_fired_combined_cycle
71,28,0.0,natural_gas_fired_combined_cycle
44,28,0.0,natural_gas_fired_combined_cycle
115,28,0.0,natural_gas_fired_combined_cycle
70,28,0.0,natural_gas_fired_combined_cycle
131,28,0.0,natural_gas_fired_combined_cycle
18,28,0.0,natural_gas_fired_combined_cycle
72,28,0.0,natural_gas_fired_combined_cycle
114,28,0.0,natural_gas_fired_combined_cycle
45,28,0.0,natural_gas_fired_combined_cycle
78,28,0.0,natural_gas_fired_combustion_turbine
75,28,0.0,natural_gas_fired_combustion_turbine
119,28,0.0,natural_gas_fired_combustion_turbine
117,28,0.0,natural_gas_fired_combustion_turbine
134,28,0.0,natural_gas_fired_combustion_turbine
103,28,0.0,natural_gas_fired_combustion_turbine
47,28,0.0,natural_gas_fired_combustion_turbine
8,28,0.0,natural_gas_fired_combustion_turbine
90,28,0.0,natural_gas_fired_combustion_turbine
60,28,0.0,natural_gas_fired_combustion_turbine
46,28,0.0,natural_gas_fired_combustion_turbine
37,28,0.0,natural_gas_fired_combustion_turbine
7,28,0.0,natural_gas_fired_combustion_turbine
133,28,0.0,natural_gas_fired_combustion_turbine
74,28,0.0,natural_gas_fired_combustion_turbine
20,28,0.0,natural_gas_fired_combustion_turbine
135,28,0.0,natural_gas_fired_combustion_turbine
142,28,0.0,natural_gas_fired_combustion_turbine
121,28,0.0,natural_gas_fired_combustion_turbine
91,28,0.0,natural_gas_fired_combustion_turbine
22,28,0.0,natural_gas_steam_turbine
123,28,0.0,natural_gas_steam_turbine
62,28,0.0,natural_gas_steam_turbine
49,28,0.0,natural_gas_steam_turbine
48,28,0.0,natural_gas_steam_turbine
21,28,0.0,natural_gas_steam_turbine
79,28,7405.999,nuclear
10,28,213.07013000000003,onshore_wind_turbine
23,28,13258.091,onshore_wind_turbine
31,28,1030.67188,onshore_wind_turbine
38,28,1534.30305,onshore_wind_turbine
50,28,444.41376,onshore_wind_turbine
63,28,130.98315987680002,onshore_wind_turbine
80,28,2206.2056799999996,onshore_wind_turbine
94,28,4953.9965999999995,onshore_wind_turbine
105,28,760.63553874,onshore_wind_turbine
124,28,18798.772171825804,onshore_wind_turbine
136,28,1612.6779900000001,onshore_wind_turbine
144,28,8997.2064,onshore_wind_turbine
11,28,19.125,small_hydroelectric
24,28,62.577,small_hydroelectric
32,28,192.0,small_hydroelectric
39,28,52.9,small_hydroelectric
51,28,25.641,small_hydroelectric
64,28,6.128,small_hydroelectric
81,28,241.672,small_hydroelectric
95,28,418.922,small_hydroelectric
106,28,31.614,small_hydroelectric
125,28,100.697,small_hydroelectric
137,28,36.822,small_hydroelectric
145,28,33.21,small_hydroelectric
12,28,0.0,solar_photovoltaic
25,28,0.0,solar_photovoltaic
33,28,0.0,solar_photovoltaic
52,28,0.0,solar_photovoltaic
65,28,0.0,solar_photovoltaic
82,28,0.0,solar_photovoltaic
96,28,0.0,solar_photovoltaic
107,28,0.0,solar_photovoltaic
126,28,0.0,solar_photovoltaic
138,28,0.0,solar_photovoltaic
26,29,11.235,biomass
13,29,15.682,biomass
108,29,137.081,biomass
40,29,5.952,biomass
97,29,178.173,biomass
1,29,16.294,biomass
66,29,228.795,biomass
2,29,696.4282668,conventional_hydroelectric
14,29,159.93736,conventional_hydroelectric
27,29,598.7263356000001,conventional_hydroelectric
35,29,829.208512,conventional_hydroelectric
54,29,729.5555619,conventional_hydroelectric
67,29,2514.109736658897,conventional_hydroelectric
84,29,12257.4514182,conventional_hydroelectric
109,29,292.63823817540003,conventional_hydroelectric
128,29,47.665200000000006,conventional_hydroelectric
139,29,117.9851136,conventional_hydroelectric
110,29,50.0,conventional_steam_coal
41,29,7219.002,conventional_steam_coal
3,29,253.1069565128796,conventional_steam_coal
36,29,0.0,conventional_steam_coal
85,29,0.0,conventional_steam_coal
28,29,74.364,geothermal
116,29,0.0,natural_gas_fired_combined_cycle
73,29,0.0,natural_gas_fired_combined_cycle
71,29,0.0,natural_gas_fired_combined_cycle
44,29,0.0,natural_gas_fired_combined_cycle
115,29,0.0,natural_gas_fired_combined_cycle
70,29,0.0,natural_gas_fired_combined_cycle
131,29,0.0,natural_gas_fired_combined_cycle
18,29,0.0,natural_gas_fired_combined_cycle
72,29,0.0,natural_gas_fired_combined_cycle
114,29,0.0,natural_gas_fired_combined_cycle
45,29,0.0,natural_gas_fired_combined_cycle
78,29,0.0,natural_gas_fired_combustion_turbine
75,29,0.0,natural_gas_fired_combustion_turbine
119,29,0.0,natural_gas_fired_combustion_turbine
117,29,0.0,natural_gas_fired_combustion_turbine
134,29,0.0,natural_gas_fired_combustion_turbine
103,29,0.0,natural_gas_fired_combustion_turbine
47,29,0.0,natural_gas_fired_combustion_turbine
8,29,0.0,natural_gas_fired_combustion_turbine
90,29,0.0,natural_gas_fired_combustion_turbine
60,29,0.0,natural_gas_fired_combustion_turbine
46,29,0.0,natural_gas_fired_combustion_turbine
37,29,0.0,natural_gas_fired_combustion_turbine
7,29,0.0,natural_gas_fired_combustion_turbine
133,29,0.0,natural_gas_fired_combustion_turbine
74,29,0.0,natural_gas_fired_combustion_turbine
20,29,0.0,natural_gas_fired_combustion_turbine
135,29,0.0,natural_gas_fired_combustion_turbine
142,29,0.0,natural_gas_fired_combustion_turbine
121,29,0.0,natural_gas_fired_combustion_turbine
91,29,0.0,natural_gas_fired_combustion_turbine
22,29,0.0,natural_gas_steam_turbine
123,29,0.0,natural_gas_steam_turbine
62,29,0.0,natural_gas_steam_turbine
49,29,0.0,natural_gas_steam_turbine
48,29,0.0,natural_gas_steam_turbine
21,29,0.0,natural_gas_steam_turbine
79,29,7405.999,nuclear
10,29,182.63154000000003,onshore_wind_turbine
23,29,12384.1564,onshore_wind_turbine
31,29,1019.9851900000001,onshore_wind_turbine
38,29,1474.08975,onshore_wind_turbine
50,29,297.40494,onshore_wind_turbine
63,29,206.144399804,onshore_wind_turbine
80,29,1328.9275999999998,onshore_wind_turbine
94,29,4847.3404,onshore_wind_turbine
105,29,470.448720945,onshore_wind_turbine
124,29,16061.1780598038,onshore_wind_turbine
136,29,1235.81682,onshore_wind_turbine
144,29,8452.183319999998,onshore_wind_turbine
11,29,19.125,small_hydroelectric
24,29,62.577,small_hydroelectric
32,29,192.0,small_hydroelectric
39,29,52.9,small_hydroelectric
51,29,25.641,small_hydroelectric
64,29,6.128,small_hydroelectric
81,29,241.672,small_hydroelectric
95,29,418.922,small_hydroelectric
106,29,31.614,small_hydroelectric
125,29,100.697,small_hydroelectric
137,29,36.822,small_hydroelectric
145,29,33.21,small_hydroelectric
12,29,0.0,solar_photovoltaic
25,29,0.0,solar_photovoltaic
33,29,0.0,solar_photovoltaic
52,29,0.0,solar_photovoltaic
65,29,0.0,solar_photovoltaic
82,29,0.0,solar_photovoltaic
96,29,0.0,solar_photovoltaic
107,29,0.0,solar_photovoltaic
126,29,0.0,solar_photovoltaic
138,29,0.0,solar_photovoltaic
26,30,11.235,biomass
13,30,15.682,biomass
108,30,137.081,biomass
40,30,5.952,biomass
97,30,178.173,biomass
1,30,16.294,biomass
66,30,228.795,biomass
2,30,695.8757651999999,conventional_hydroelectric
14,30,159.93736,conventional_hydroelectric
27,30,598.4441172,conventional_hydroelectric
35,30,828.2094656,conventional_hydroelectric
54,30,729.1398015000001,conventional_hydroelectric
67,30,2511.980001971388,conventional_hydroelectric
84,30,12245.830226999999,conventional_hydroelectric
109,30,292.6989868374,conventional_hydroelectric
128,30,47.61966,conventional_hydroelectric
139,30,117.8220864,conventional_hydroelectric
110,30,50.0,conventional_steam_coal
41,30,7219.002,conventional_steam_coal
3,30,0.0,conventional_steam_coal
36,30,0.0,conventional_steam_coal
85,30,0.0,conventional_steam_coal
28,30,74.364,geothermal
116,30,0.0,natural_gas_fired_combined_cycle
73,30,0.0,natural_gas_fired_combined_cycle
71,30,0.0,natural_gas_fired_combined_cycle
44,30,0.0,natural_gas_fired_combined_cycle
115,30,0.0,natural_gas_fired_combined_cycle
70,30,0.0,natural_gas_fired_combined_cycle
131,30,0.0,natural_gas_fired_combined_cycle
18,30,0.0,natural_gas_fired_combined_cycle
72,30,0.0,natural_gas_fired_combined_cycle
114,30,0.0,natural_gas_fired_combined_cycle
45,30,0.0,natural_gas_fired_combined_cycle
78,30,0.0,natural_gas_fired_combustion_turbine
75,30,0.0,natural_gas_fired_combustion_turbine
119,30,0.0,natural_gas_fired_combustion_turbine
117,30,0.0,natural_gas_fired_combustion_turbine
134,30,0.0,natural_gas_fired_combustion_turbine
103,30,0.0,natural_gas_fired_combustion_turbine
47,30,0.0,natural_gas_fired_combustion_turbine
8,30,0.0,natural_gas_fired_combustion_turbine
90,30,0.0,natural_gas_fired_combustion_turbine
60,30,0.0,natural_gas_fired_combustion_turbine
46,30,0.0,natural_gas_fired_combustion_turbine
37,30,0.0,natural_gas_fired_combustion_turbine
7,30,0.0,natural_gas_fired_combustion_turbine
133,30,0.0,natural_gas_fired_combustion_turbine
74,30,0.0,natural_gas_fired_combustion_turbine
20,30,0.0,natural_gas_fired_combustion_turbine
135,30,0.0,natural_gas_fired_combustion_turbine
142,30,0.0,natural_gas_fired_combustion_turbine
121,30,0.0,natural_gas_fired_combustion_turbine
91,30,0.0,natural_gas_fired_combustion_turbine
22,30,0.0,natural_gas_steam_turbine
123,30,0.0,natural_gas_steam_turbine
62,30,0.0,natural_gas_steam_turbine
49,30,0.0,natural_gas_steam_turbine
48,30,0.0,natural_gas_steam_turbine
21,30,0.0,natural_gas_steam_turbine
79,30,7405.999,nuclear
10,30,130.93997000000002,onshore_wind_turbine
23,30,12779.197199999999,onshore_wind_turbine
31,30,404.90681,onshore_wind_turbine
38,30,943.5310499999999,onshore_wind_turbine
50,30,278.43605999999994,onshore_wind_turbine
63,30,284.6474401456,onshore_wind_turbine
80,30,1679.2812399999998,onshore_wind_turbine
94,30,2482.5150000000003,onshore_wind_turbine
105,30,733.397840973,onshore_wind_turbine
124,30,10848.687502914801,onshore_wind_turbine
136,30,1216.02936,onshore_wind_turbine
144,30,6786.8350199999995,onshore_wind_turbine
11,30,19.125,small_hydroelectric
24,30,62.577,small_hydroelectric
32,30,192.0,small_hydroelectric
39,30,52.9,small_hydroelectric
51,30,25.641,small_hydroelectric
64,30,6.128,small_hydroelectric
81,30,241.672,small_hydroelectric
95,30,418.922,small_hydroelectric
106,30,31.614,small_hydroelectric
125,30,100.697,small_hydroelectric
137,30,36.822,small_hydroelectric
145,30,33.21,small_hydroelectric
12,30,0.0,solar_photovoltaic
25,30,733.12092,solar_photovoltaic
33,30,0.0,solar_photovoltaic
52,30,938.6224400000001,solar_photovoltaic
65,30,0.0,solar_photovoltaic
82,30,0.0,solar_photovoltaic
96,30,0.0,solar_photovoltaic
107,30,0.0,solar_photovoltaic
126,30,0.0,solar_photovoltaic
138,30,0.0,solar_photovoltaic
26,31,11.235,biomass
13,31,15.682,biomass
108,31,137.081,biomass
40,31,5.952,biomass
97,31,178.173,biomass
1,31,16.294,biomass
66,31,228.795,biomass
2,31,695.3232635999999,conventional_hydroelectric
14,31,159.8903196,conventional_hydroelectric
27,31,598.0207896000001,conventional_hydroelectric
35,31,827.2104191999999,conventional_hydroelectric
54,31,728.7240411,conventional_hydroelectric
67,31,2510.525200571388,conventional_hydroelectric
84,31,12234.209035799999,conventional_hydroelectric
109,31,292.7597341032,conventional_hydroelectric
128,31,47.57412000000001,conventional_hydroelectric
139,31,117.65905919999999,conventional_hydroelectric
110,31,50.0,conventional_steam_coal
41,31,7219.002,conventional_steam_coal
3,31,0.0,conventional_steam_coal
36,31,0.0,conventional_steam_coal
85,31,0.0,conventional_steam_coal
28,31,74.364,geothermal
116,31,0.0,natural_gas_fired_combined_cycle
73,31,0.0,natural_gas_fired_combined_cycle
71,31,0.0,natural_gas_fired_combined_cycle
44,31,0.0,natural_gas_fired_combined_cycle
115,31,0.0,natural_gas_fired_combined_cycle
70,31,0.0,natural_gas_fired_combined_cycle
131,31,0.0,natural_gas_fired_combined_cycle
18,31,0.0,natural_gas_fired_combined_cycle
72,31,0.0,natural_gas_fired_combined_cycle
114,31,0.0,natural_gas_fired_combined_cycle
45,31,0.0,natural_gas_fired_combined_cycle
78,31,0.0,natural_gas_fired_combustion_turbine
75,31,0.0,natural_gas_fired_combustion_turbine
119,31,0.0,natural_gas_fired_combustion_turbine
117,31,0.0,natural_gas_fired_combustion_turbine
134,31,0.0,natural_gas_fired_combustion_turbine
103,31,0.0,natural_gas_fired_combustion_turbine
47,31,0.0,natural_gas_fired_combustion_turbine
8,31,0.0,natural_gas_fired_combustion_turbine
90,31,0.0,natural_gas_fired_combustion_turbine
60,31,0.0,natural_gas_fired_combustion_turbine
46,31,0.0,natural_gas_fired_combustion_turbine
37,31,0.0,natural_gas_fired_combustion_turbine
7,31,0.0,natural_gas_fired_combustion_turbine
133,31,0.0,natural_gas_fired_combustion_turbine
74,31,0.0,natural_gas_fired_combustion_turbine
20,31,0.0,natural_gas_fired_combustion_turbine
135,31,0.0,natural_gas_fired_combustion_turbine
142,31,0.0,natural_gas_fired_combustion_turbine
121,31,0.0,natural_gas_fired_combustion_turbine
91,31,0.0,natural_gas_fired_combustion_turbine
22,31,0.0,natural_gas_steam_turbine
123,31,0.0,natural_gas_steam_turbine
62,31,0.0,natural_gas_steam_turbine
49,31,0.0,natural_gas_steam_turbine
48,31,0.0,natural_gas_steam_turbine
21,31,0.0,natural_gas_steam_turbine
79,31,7405.999,nuclear
10,31,146.42943,onshore_wind_turbine
23,31,11648.1134,onshore_wind_turbine
31,31,236.29459000000003,onshore_wind_turbine
38,31,766.8675000000001,onshore_wind_turbine
50,31,279.79098,onshore_wind_turbine
63,31,177.60596030239998,onshore_wind_turbine
80,31,1567.7628399999996,onshore_wind_turbine
94,31,1824.1888,onshore_wind_turbine
105,31,320.895541449,onshore_wind_turbine
124,31,6854.173833491601,onshore_wind_turbine
136,31,822.9784500000001,onshore_wind_turbine
144,31,3293.9291699999994,onshore_wind_turbine
11,31,19.125,small_hydroelectric
24,31,62.577,small_hydroelectric
32,31,192.0,small_hydroelectric
39,31,52.9,small_hydroelectric
51,31,25.641,small_hydroelectric
64,31,6.128,small_hydroelectric
81,31,241.672,small_hydroelectric
95,31,418.922,small_hydroelectric
106,31,31.614,small_hydroelectric
125,31,100.697,small_hydroelectric
137,31,36.822,small_hydroelectric
145,31,33.21,small_hydroelectric
12,31,1812.18618,solar_photovoltaic
25,31,1694.5480999999997,solar_photovoltaic
33,31,568.6415000000001,solar_photovoltaic
52,31,2737.0728000000004,solar_photovoltaic
65,31,3722.4686042047,solar_photovoltaic
82,31,3275.67863,solar_photovoltaic
96,31,283.42796999999996,solar_photovoltaic
107,31,1044.4800177175,solar_photovoltaic
126,31,7170.2103022480005,solar_photovoltaic
138,31,1067.5541799999999,solar_photovoltaic
26,32,11.235,biomass
13,32,15.682,biomass
108,32,137.081,biomass
40,32,5.952,biomass
97,32,178.173,biomass
1,32,16.294,biomass
66,32,228.795,biomass
2,32,694.770762,conventional_hydroelectric
14,32,159.8903196,conventional_hydroelectric
27,32,597.7385712,conventional_hydroelectric
35,32,825.9616112,conventional_hydroelectric
54,32,728.4122208,conventional_hydroelectric
67,32,2509.017931758897,conventional_hydroelectric
84,32,12222.5878446,conventional_hydroelectric
109,32,292.8204827652,conventional_hydroelectric
128,32,47.528580000000005,conventional_hydroelectric
139,32,117.49603199999999,conventional_hydroelectric
110,32,21.500000000000004,conventional_steam_coal
41,32,0.0,conventional_steam_coal
3,32,0.0,conventional_steam_coal
36,32,0.0,conventional_steam_coal
85,32,0.0,conventional_steam_coal
28,32,74.364,geothermal
116,32,0.0,natural_gas_fired_combined_cycle
73,32,0.0,natural_gas_fired_combined_cycle
71,32,0.0,natural_gas_fired_combined_cycle
44,32,0.0,natural_gas_fired_combined_cycle
115,32,0.0,natural_gas_fired_combined_cycle
70,32,0.0,natural_gas_fired_combined_cycle
131,32,0.0,natural_gas_fired_combined_cycle
18,32,0.0,natural_gas_fired_combined_cycle
72,32,0.0,natural_gas_fired_combined_cycle
114,32,0.0,natural_gas_fired_combined_cycle
45,32,0.0,natural_gas_fired_combined_cycle
78,32,0.0,natural_gas_fired_combustion_turbine
75,32,0.0,natural_gas_fired_combustion_turbine
119,32,0.0,natural_gas_fired_combustion_turbine
117,32,0.0,natural_gas_fired_combustion_turbine
134,32,0.0,natural_gas_fired_combustion_turbine
103,32,0.0,natural_gas_fired_combustion_turbine
47,32,0.0,natural_gas_fired_combustion_turbine
8,32,0.0,natural_gas_fired_combustion_turbine
90,32,0.0,natural_gas_fired_combustion_turbine
60,32,0.0,natural_gas_fired_combustion_turbine
46,32,0.0,natural_gas_fired_combustion_turbine
37,32,0.0,natural_gas_fired_combustion_turbine
7,32,0.0,natural_gas_fired_combustion_turbine
133,32,0.0,natural_gas_fired_combustion_turbine
74,32,0.0,natural_gas_fired_combustion_turbine
20,32,0.0,natural_gas_fired_combustion_turbine
135,32,0.0,natural_gas_fired_combustion_turbine
142,32,0.0,natural_gas_fired_combustion_turbine
121,32,0.0,natural_gas_fired_combustion_turbine
91,32,0.0,natural_gas_fired_combustion_turbine
22,32,0.0,natural_gas_steam_turbine
123,32,0.0,natural_gas_steam_turbine
62,32,0.0,natural_gas_steam_turbine
49,32,0.0,natural_gas_steam_turbine
48,32,0.0,natural_gas_steam_turbine
21,32,0.0,natural_gas_steam_turbine
79,32,6908.953196464147,nuclear
10,32,51.33135000000001,onshore_wind_turbine
23,32,7461.053599999999,onshore_wind_turbine
31,32,118.741,onshore_wind_turbine
38,32,323.22044999999997,onshore_wind_turbine
50,32,0.0,onshore_wind_turbine
63,32,58.3057997984,onshore_wind_turbine
80,32,1714.5953999999997,onshore_wind_turbine
94,32,893.7053999999999,onshore_wind_turbine
105,32,6.702078537,onshore_wind_turbine
124,32,5319.407810101001,onshore_wind_turbine
136,32,438.02241000000004,onshore_wind_turbine
144,32,960.2787599999999,onshore_wind_turbine
11,32,19.125,small_hydroelectric
24,32,62.577,small_hydroelectric
32,32,192.0,small_hydroelectric
39,32,52.9,small_hydroelectric
51,32,25.641,small_hydroelectric
64,32,6.128,small_hydroelectric
81,32,241.672,small_hydroelectric
95,32,418.922,small_hydroelectric
106,32,31.614,small_hydroelectric
125,32,100.697,small_hydroelectric
137,32,36.822,small_hydroelectric
145,32,33.21,small_hydroelectric
12,32,4329.1899,solar_photovoltaic
25,32,2234.4867999999997,solar_photovoltaic
33,32,956.6557,solar_photovoltaic
52,32,4027.50586,solar_photovoltaic
65,32,9164.6412172455,solar_photovoltaic
82,32,7963.85954,solar_photovoltaic
96,32,597.12352,solar_photovoltaic
107,32,4705.6524922925,solar_photovoltaic
126,32,17290.05454729,solar_photovoltaic
138,32,1924.1545399999998,solar_photovoltaic
26,33,11.235,biomass
13,33,15.682,biomass
108,33,137.081,biomass
40,33,5.952,biomass
97,33,178.173,biomass
1,33,16.294,biomass
66,33,228.795,biomass
2,33,694.2182604,conventional_hydroelectric
14,33,159.84327919999998,conventional_hydroelectric
27,33,597.3152436,conventional_hydroelectric
35,33,824.9625648,conventional_hydroelectric
54,33,727.9964604,conventional_hydroelectric
67,33,2507.563130358897,conventional_hydroelectric
84,33,12210.9666534,conventional_hydroelectric
109,33,292.941978693,conventional_hydroelectric
128,33,47.46786,conventional_hydroelectric
139,33,117.3330048,conventional_hydroelectric
110,33,0.0,conventional_steam_coal
41,33,0.0,conventional_steam_coal
3,33,0.0,conventional_steam_coal
36,33,0.0,conventional_steam_coal
85,33,0.0,conventional_steam_coal
28,33,74.364,geothermal
116,33,0.0,natural_gas_fired_combined_cycle
73,33,0.0,natural_gas_fired_combined_cycle
71,33,0.0,natural_gas_fired_combined_cycle
44,33,0.0,natural_gas_fired_combined_cycle
115,33,0.0,natural_gas_fired_combined_cycle
70,33,0.0,natural_gas_fired_combined_cycle
131,33,0.0,natural_gas_fired_combined_cycle
18,33,0.0,natural_gas_fired_combined_cycle
72,33,0.0,natural_gas_fired_combined_cycle
114,33,0.0,natural_gas_fired_combined_cycle
45,33,0.0,natural_gas_fired_combined_cycle
78,33,0.0,natural_gas_fired_combustion_turbine
75,33,0.0,natural_gas_fired_combustion_turbine
119,33,0.0,natural_gas_fired_combustion_turbine
117,33,0.0,natural_gas_fired_combustion_turbine
134,33,0.0,natural_gas_fired_combustion_turbine
103,33,0.0,natural_gas_fired_combustion_turbine
47,33,0.0,natural_gas_fired_combustion_turbine
8,33,0.0,natural_gas_fired_combustion_turbine
90,33,0.0,natural_gas_fired_combustion_turbine
60,33,0.0,natural_gas_fired_combustion_turbine
46,33,0.0,natural_gas_fired_combustion_turbine
37,33,0.0,natural_gas_fired_combustion_turbine
7,33,0.0,natural_gas_fired_combustion_turbine
133,33,0.0,natural_gas_fired_combustion_turbine
74,33,0.0,natural_gas_fired_combustion_turbine
20,33,0.0,natural_gas_fired_combustion_turbine
135,33,0.0,natural_gas_fired_combustion_turbine
142,33,0.0,natural_gas_fired_combustion_turbine
121,33,0.0,natural_gas_fired_combustion_turbine
91,33,0.0,natural_gas_fired_combustion_turbine
22,33,0.0,natural_gas_steam_turbine
123,33,0.0,natural_gas_steam_turbine
62,33,0.0,natural_gas_steam_turbine
49,33,0.0,natural_gas_steam_turbine
48,33,0.0,natural_gas_steam_turbine
21,33,0.0,natural_gas_steam_turbine
79,33,5057.453446464147,nuclear
10,33,12.967920000000001,onshore_wind_turbine
23,33,10677.282,onshore_wind_turbine
31,33,41.55935,onshore_wind_turbine
38,33,55.10085,onshore_wind_turbine
50,33,25.743479999999998,onshore_wind_turbine
63,33,21.960399832,onshore_wind_turbine
80,33,546.4401599999999,onshore_wind_turbine
94,33,228.0236,onshore_wind_turbine
105,33,248.746678425,onshore_wind_turbine
124,33,526.1883293898001,onshore_wind_turbine
136,33,281.52159000000006,onshore_wind_turbine
144,33,2357.4410999999996,onshore_wind_turbine
11,33,19.125,small_hydroelectric
24,33,62.577,small_hydroelectric
32,33,192.0,small_hydroelectric
39,33,52.9,small_hydroelectric
51,33,25.641,small_hydroelectric
64,33,6.128,small_hydroelectric
81,33,241.672,small_hydroelectric
95,33,418.922,small_hydroelectric
106,33,31.614,small_hydroelectric
125,33,100.697,small_hydroelectric
137,33,36.822,small_hydroelectric
145,33,33.21,small_hydroelectric
12,33,6385.73166,solar_photovoltaic
25,33,2445.6046999999994,solar_photovoltaic
33,33,1197.66815,solar_photovoltaic
52,33,4724.2153,solar_photovoltaic
65,33,13060.8034869949,solar_photovoltaic
82,33,11214.17556,solar_photovoltaic
96,33,836.47249,solar_photovoltaic
107,33,6747.1477576475,solar_photovoltaic
126,33,24729.598896597,solar_photovoltaic
138,33,2538.2949899999994,solar_photovoltaic
26,34,11.235,biomass
13,34,15.682,biomass
108,34,137.081,biomass
40,34,5.952,biomass
97,34,178.173,biomass
1,34,16.294,biomass
66,34,228.795,biomass
2,34,693.6657587999999,conventional_hydroelectric
14,34,159.84327919999998,conventional_hydroelectric
27,34,596.891916,conventional_hydroelectric
35,34,823.9635184000001,conventional_hydroelectric
54,34,727.6846401,conventional_hydroelectric
67,34,2506.055868820413,conventional_hydroelectric
84,34,12199.345462199999,conventional_hydroelectric
109,34,292.9238546208,conventional_hydroelectric
128,34,47.422320000000006,conventional_hydroelectric
139,34,117.1699776,conventional_hydroelectric
110,34,0.0,conventional_steam_coal
41,34,0.0,conventional_steam_coal
3,34,0.0,conventional_steam_coal
36,34,0.0,conventional_steam_coal
85,34,0.0,conventional_steam_coal
28,34,74.364,geothermal
116,34,0.0,natural_gas_fired_combined_cycle
73,34,0.0,natural_gas_fired_combined_cycle
71,34,0.0,natural_gas_fired_combined_cycle
44,34,0.0,natural_gas_fired_combined_cycle
115,34,0.0,natural_gas_fired_combined_cycle
70,34,0.0,natural_gas_fired_combined_cycle
131,34,0.0,natural_gas_fired_combined_cycle
18,34,0.0,natural_gas_fired_combined_cycle
72,34,0.0,natural_gas_fired_combined_cycle
114,34,0.0,natural_gas_fired_combined_cycle
45,34,0.0,natural_gas_fired_combined_cycle
78,34,0.0,natural_gas_fired_combustion_turbine
75,34,0.0,natural_gas_fired_combustion_turbine
119,34,0.0,natural_gas_fired_combustion_turbine
117,34,0.0,natural_gas_fired_combustion_turbine
134,34,0.0,natural_gas_fired_combustion_turbine
103,34,0.0,natural_gas_fired_combustion_turbine
47,34,0.0,natural_gas_fired_combustion_turbine
8,34,0.0,natural_gas_fired_combustion_turbine
90,34,0.0,natural_gas_fired_combustion_turbine
60,34,0.0,natural_gas_fired_combustion_turbine
46,34,0.0,natural_gas_fired_combustion_turbine
37,34,0.0,natural_gas_fired_combustion_turbine
7,34,0.0,natural_gas_fired_combustion_turbine
133,34,0.0,natural_gas_fired_combustion_turbine
74,34,0.0,natural_gas_fired_combustion_turbine
20,34,0.0,natural_gas_fired_combustion_turbine
135,34,0.0,natural_gas_fired_combustion_turbine
142,34,0.0,natural_gas_fired_combustion_turbine
121,34,0.0,natural_gas_fired_combustion_turbine
91,34,0.0,natural_gas_fired_combustion_turbine
22,34,0.0,natural_gas_steam_turbine
123,34,0.0,natural_gas_steam_turbine
62,34,0.0,natural_gas_steam_turbine
49,34,0.0,natural_gas_steam_turbine
48,34,0.0,natural_gas_steam_turbine
21,34,0.0,natural_gas_steam_turbine
79,34,3205.9536964641493,nuclear
10,34,4.502750000000001,onshore_wind_turbine
23,34,11169.2196,onshore_wind_turbine
31,34,33.24748,onshore_wind_turbine
38,34,113.04195,onshore_wind_turbine
50,34,60.97139999999999,onshore_wind_turbine
63,34,8.819999804,onshore_wind_turbine
80,34,372.6573199999999,onshore_wind_turbine
94,34,69.8782,onshore_wind_turbine
105,34,505.384181463,onshore_wind_turbine
124,34,95.35644529180001,onshore_wind_turbine
136,34,142.10994000000002,onshore_wind_turbine
144,34,2545.6038299999996,onshore_wind_turbine
11,34,19.125,small_hydroelectric
24,34,62.577,small_hydroelectric
32,34,192.0,small_hydroelectric
39,34,52.9,small_hydroelectric
51,34,25.641,small_hydroelectric
64,34,6.128,small_hydroelectric
81,34,241.672,small_hydroelectric
95,34,418.922,small_hydroelectric
106,34,31.614,small_hydroelectric
125,34,100.697,small_hydroelectric
137,34,36.822,small_hydroelectric
145,34,33.21,small_hydroelectric
12,34,7145.63514,solar_photovoltaic
25,34,2614.4990199999997,solar_photovoltaic
33,34,1280.5877,solar_photovoltaic
52,34,4969.5842,solar_photovoltaic
65,34,14964.5155680517,solar_photovoltaic
82,34,12657.893360000002,solar_photovoltaic
96,34,960.04062,solar_photovoltaic
107,34,7975.780549058,solar_photovoltaic
126,34,27997.201896527502,solar_photovoltaic
138,34,2699.0217099999995,solar_photovoltaic
26,35,11.235,biomass
13,35,15.682,biomass
108,35,137.081,biomass
40,35,5.952,biomass
97,35,178.173,biomass
1,35,16.294,biomass
66,35,228.795,biomass
2,35,693.1132572,conventional_hydroelectric
14,35,159.84327919999998,conventional_hydroelectric
27,35,596.6096976,conventional_hydroelectric
35,35,822.964472,conventional_hydroelectric
54,35,727.2688797000001,conventional_hydroelectric
67,35,2504.601067420413,conventional_hydroelectric
84,35,12187.724271,conventional_hydroelectric
109,35,292.9846018866,conventional_hydroelectric
128,35,47.376780000000004,conventional_hydroelectric
139,35,117.00695039999998,conventional_hydroelectric
110,35,0.0,conventional_steam_coal
41,35,0.0,conventional_steam_coal
3,35,0.0,conventional_steam_coal
36,35,0.0,conventional_steam_coal
85,35,0.0,conventional_steam_coal
28,35,74.364,geothermal
116,35,0.0,natural_gas_fired_combined_cycle
73,35,0.0,natural_gas_fired_combined_cycle
71,35,0.0,natural_gas_fired_combined_cycle
44,35,0.0,natural_gas_fired_combined_cycle
115,35,0.0,natural_gas_fired_combined_cycle
70,35,0.0,natural_gas_fired_combined_cycle
131,35,0.0,natural_gas_fired_combined_cycle
18,35,0.0,natural_gas_fired_combined_cycle
72,35,0.0,natural_gas_fired_combined_cycle
114,35,0.0,natural_gas_fired_combined_cycle
45,35,0.0,natural_gas_fired_combined_cycle
78,35,0.0,natural_gas_fired_combustion_turbine
75,35,0.0,natural_gas_fired_combustion_turbine
119,35,0.0,natural_gas_fired_combustion_turbine
117,35,0.0,natural_gas_fired_combustion_turbine
134,35,0.0,natural_gas_fired_combustion_turbine
103,35,0.0,natural_gas_fired_combustion_turbine
47,35,0.0,natural_gas_fired_combustion_turbine
8,35,0.0,natural_gas_fired_combustion_turbine
90,35,0.0,natural_gas_fired_combustion_turbine
60,35,0.0,natural_gas_fired_combustion_turbine
46,35,0.0,natural_gas_fired_combustion_turbine
37,35,0.0,natural_gas_fired_combustion_turbine
7,35,0.0,natural_gas_fired_combustion_turbine
133,35,0.0,natural_gas_fired_combustion_turbine
74,35,0.0,natural_gas_fired_combustion_turbine
20,35,0.0,natural_gas_fired_combustion_turbine
135,35,0.0,natural_gas_fired_combustion_turbine
142,35,0.0,natural_gas_fired_combustion_turbine
121,35,0.0,natural_gas_fired_combustion_turbine
91,35,0.0,natural_gas_fired_combustion_turbine
22,35,0.0,natural_gas_steam_turbine
123,35,0.0,natural_gas_steam_turbine
62,35,0.0,natural_gas_steam_turbine
49,35,0.0,natural_gas_steam_turbine
48,35,0.0,natural_gas_steam_turbine
21,35,0.0,natural_gas_steam_turbine
79,35,1354.4539464641493,nuclear
10,35,0.0,onshore_wind_turbine
23,35,11398.417800000001,onshore_wind_turbine
31,35,23.7482,onshore_wind_turbine
38,35,452.1678,onshore_wind_turbine
50,35,300.11478,onshore_wind_turbine
63,35,10.353000224,onshore_wind_turbine
80,35,16.727759999999996,onshore_wind_turbine
94,35,0.0,onshore_wind_turbine
105,35,931.39591902,onshore_wind_turbine
124,35,502.5360060798001,onshore_wind_turbine
136,35,151.10424,onshore_wind_turbine
144,35,2244.97602,onshore_wind_turbine
11,35,19.125,small_hydroelectric
24,35,62.577,small_hydroelectric
32,35,192.0,small_hydroelectric
39,35,52.9,small_hydroelectric
51,35,25.641,small_hydroelectric
64,35,6.128,small_hydroelectric
81,35,241.672,small_hydroelectric
95,35,418.922,small_hydroelectric
106,35,31.614,small_hydroelectric
125,35,100.697,small_hydroelectric
137,35,36.822,small_hydroelectric
145,35,33.21,small_hydroelectric
12,35,7474.73832,solar_photovoltaic
25,35,2689.2310199999997,solar_photovoltaic
33,35,1307.17125,solar_photovoltaic
52,35,5069.11412,solar_photovoltaic
65,35,15863.526416851399,solar_photovoltaic
82,35,13356.34062,solar_photovoltaic
96,35,1042.90914,solar_photovoltaic
107,35,9274.129331089,solar_photovoltaic
126,35,29427.575945295503,solar_photovoltaic
138,35,2983.9463499999997,solar_photovoltaic
26,36,11.235,biomass
13,36,15.682,biomass
108,36,137.081,biomass
40,36,5.952,biomass
97,36,178.173,biomass
1,36,16.294,biomass
66,36,228.795,biomass
2,36,692.5607555999999,conventional_hydroelectric
14,36,159.7962388,conventional_hydroelectric
27,36,596.18637,conventional_hydroelectric
35,36,821.9654256,conventional_hydroelectric
54,36,726.9570594,conventional_hydroelectric
67,36,2503.093805881929,conventional_hydroelectric
84,36,12176.1030798,conventional_hydroelectric
109,36,293.0453505486,conventional_hydroelectric
128,36,47.33124000000001,conventional_hydroelectric
139,36,116.8439232,conventional_hydroelectric
110,36,0.0,conventional_steam_coal
41,36,0.0,conventional_steam_coal
3,36,0.0,conventional_steam_coal
36,36,0.0,conventional_steam_coal
85,36,0.0,conventional_steam_coal
28,36,74.364,geothermal
116,36,0.0,natural_gas_fired_combined_cycle
73,36,0.0,natural_gas_fired_combined_cycle
71,36,0.0,natural_gas_fired_combined_cycle
44,36,0.0,natural_gas_fired_combined_cycle
115,36,0.0,natural_gas_fired_combined_cycle
70,36,0.0,natural_gas_fired_combined_cycle
131,36,0.0,natural_gas_fired_combined_cycle
18,36,0.0,natural_gas_fired_combined_cycle
72,36,0.0,natural_gas_fired_combined_cycle
114,36,0.0,natural_gas_fired_combined_cycle
45,36,0.0,natural_gas_fired_combined_cycle
78,36,0.0,natural_gas_fired_combustion_turbine
75,36,0.0,natural_gas_fired_combustion_turbine
119,36,0.0,natural_gas_fired_combustion_turbine
117,36,0.0,natural_gas_fired_combustion_turbine
134,36,0.0,natural_gas_fired_combustion_turbine
103,36,0.0,natural_gas_fired_combustion_turbine
47,36,0.0,natural_gas_fired_combustion_turbine
8,36,0.0,natural_gas_fired_combustion_turbine
90,36,0.0,natural_gas_fired_combustion_turbine
60,36,0.0,natural_gas_fired_combustion_turbine
46,36,0.0,natural_gas_fired_combustion_turbine
37,36,0.0,natural_gas_fired_combustion_turbine
7,36,0.0,natural_gas_fired_combustion_turbine
133,36,0.0,natural_gas_fired_combustion_turbine
74,36,0.0,natural_gas_fired_combustion_turbine
20,36,0.0,natural_gas_fired_combustion_turbine
135,36,0.0,natural_gas_fired_combustion_turbine
142,36,0.0,natural_gas_fired_combustion_turbine
121,36,0.0,natural_gas_fired_combustion_turbine
91,36,0.0,natural_gas_fired_combustion_turbine
22,36,0.0,natural_gas_steam_turbine
123,36,0.0,natural_gas_steam_turbine
62,36,0.0,natural_gas_steam_turbine
49,36,0.0,natural_gas_steam_turbine
48,36,0.0,natural_gas_steam_turbine
21,36,0.0,natural_gas_steam_turbine
79,36,0.0,nuclear
10,36,74.38543000000001,onshore_wind_turbine
23,36,11717.0592,onshore_wind_turbine
31,36,8.31187,onshore_wind_turbine
38,36,382.29765,onshore_wind_turbine
50,36,467.4474,onshore_wind_turbine
63,36,7.3290002912,onshore_wind_turbine
80,36,82.70947999999999,onshore_wind_turbine
94,36,18.389,onshore_wind_turbine
105,36,2274.6684801330002,onshore_wind_turbine
124,36,2336.8427558784006,onshore_wind_turbine
136,36,304.00734,onshore_wind_turbine
144,36,2400.6969,onshore_wind_turbine
11,36,19.125,small_hydroelectric
24,36,62.577,small_hydroelectric
32,36,192.0,small_hydroelectric
39,36,52.9,small_hydroelectric
51,36,25.641,small_hydroelectric
64,36,6.128,small_hydroelectric
81,36,241.672,small_hydroelectric
95,36,418.922,small_hydroelectric
106,36,31.614,small_hydroelectric
125,36,100.697,small_hydroelectric
137,36,36.822,small_hydroelectric
145,36,33.21,small_hydroelectric
12,36,8103.28302,solar_photovoltaic
25,36,2694.0885999999996,solar_photovoltaic
33,36,1326.88885,solar_photovoltaic
52,36,5030.40804,solar_photovoltaic
65,36,15879.3375374039,solar_photovoltaic
82,36,13695.8094,solar_photovoltaic
96,36,1078.7600599999998,solar_photovoltaic
107,36,8220.8020224995,solar_photovoltaic
126,36,29960.496243517,solar_photovoltaic
138,36,2876.6429999999996,solar_photovoltaic
26,37,11.235,biomass
13,37,15.682,biomass
108,37,137.081,biomass
40,37,5.952,biomass
97,37,178.173,biomass
1,37,16.294,biomass
66,37,228.795,biomass
2,37,692.008254,conventional_hydroelectric
14,37,159.7962388,conventional_hydroelectric
27,37,595.7630424,conventional_hydroelectric
35,37,820.9663792,conventional_hydroelectric
54,37,726.541299,conventional_hydroelectric
67,37,2501.639004481929,conventional_hydroelectric
84,37,12161.576590800001,conventional_hydroelectric
109,37,293.1668464764,conventional_hydroelectric
128,37,47.285700000000006,conventional_hydroelectric
139,37,116.68089599999999,conventional_hydroelectric
110,37,0.0,conventional_steam_coal
41,37,0.0,conventional_steam_coal
3,37,0.0,conventional_steam_coal
36,37,0.0,conventional_steam_coal
85,37,0.0,conventional_steam_coal
28,37,74.364,geothermal
116,37,0.0,natural_gas_fired_combined_cycle
73,37,0.0,natural_gas_fired_combined_cycle
71,37,0.0,natural_gas_fired_combined_cycle
44,37,0.0,natural_gas_fired_combined_cycle
115,37,0.0,natural_gas_fired_combined_cycle
70,37,0.0,natural_gas_fired_combined_cycle
131,37,0.0,natural_gas_fired_combined_cycle
18,37,0.0,natural_gas_fired_combined_cycle
72,37,0.0,natural_gas_fired_combined_cycle
114,37,0.0,natural_gas_fired_combined_cycle
45,37,0.0,natural_gas_fired_combined_cycle
78,37,0.0,natural_gas_fired_combustion_turbine
75,37,0.0,natural_gas_fired_combustion_turbine
119,37,0.0,natural_gas_fired_combustion_turbine
117,37,0.0,natural_gas_fired_combustion_turbine
134,37,0.0,natural_gas_fired_combustion_turbine
103,37,0.0,natural_gas_fired_combustion_turbine
47,37,0.0,natural_gas_fired_combustion_turbine
8,37,0.0,natural_gas_fired_combustion_turbine
90,37,0.0,natural_gas_fired_combustion_turbine
60,37,0.0,natural_gas_fired_combustion_turbine
46,37,0.0,natural_gas_fired_combustion_turbine
37,37,0.0,natural_gas_fired_combustion_turbine
7,37,0.0,natural_gas_fired_combustion_turbine
133,37,0.0,natural_gas_fired_combustion_turbine
74,37,0.0,natural_gas_fired_combustion_turbine
20,37,0.0,natural_gas_fired_combustion_turbine
135,37,0.0,natural_gas_fired_combustion_turbine
142,37,0.0,natural_gas_fired_combustion_turbine
121,37,0.0,natural_gas_fired_combustion_turbine
91,37,0.0,natural_gas_fired_combustion_turbine
22,37,0.0,natural_gas_steam_turbine
123,37,0.0,natural_gas_steam_turbine
62,37,0.0,natural_gas_steam_turbine
49,37,0.0,natural_gas_steam_turbine
48,37,0.0,natural_gas_steam_turbine
21,37,0.0,natural_gas_steam_turbine
79,37,1851.49975,nuclear
10,37,65.01971,onshore_wind_turbine
23,37,9087.801800000001,onshore_wind_turbine
31,37,58.18309,onshore_wind_turbine
38,37,412.4043,onshore_wind_turbine
50,37,810.2421599999999,onshore_wind_turbine
63,37,104.0793603752,onshore_wind_turbine
80,37,182.14671999999996,onshore_wind_turbine
94,37,143.4342,onshore_wind_turbine
105,37,202.62928056,onshore_wind_turbine
124,37,5921.872805833601,onshore_wind_turbine
136,37,734.8343100000001,onshore_wind_turbine
144,37,5698.95165,onshore_wind_turbine
11,37,19.125,small_hydroelectric
24,37,62.577,small_hydroelectric
32,37,192.0,small_hydroelectric
39,37,52.9,small_hydroelectric
51,37,25.641,small_hydroelectric
64,37,6.128,small_hydroelectric
81,37,241.672,small_hydroelectric
95,37,418.922,small_hydroelectric
106,37,31.614,small_hydroelectric
125,37,100.697,small_hydroelectric
137,37,36.822,small_hydroelectric
145,37,33.21,small_hydroelectric
12,37,7930.9629,solar_photovoltaic
25,37,2691.47298,solar_photovoltaic
33,37,1327.94515,solar_photovoltaic
52,37,4931.5693,solar_photovoltaic
65,37,15578.629017833,solar_photovoltaic
82,37,13695.8094,solar_photovoltaic
96,37,1080.96401,solar_photovoltaic
107,37,8535.690173052,solar_photovoltaic
126,37,29827.5349959265,solar_photovoltaic
138,37,2947.4175499999997,solar_photovoltaic
26,38,11.235,biomass
13,38,15.682,biomass
108,38,137.081,biomass
40,38,5.952,biomass
97,38,178.173,biomass
1,38,16.294,biomass
66,38,228.795,biomass
2,38,691.4557524,conventional_hydroelectric
14,38,159.7491984,conventional_hydroelectric
27,38,595.480824,conventional_hydroelectric
35,38,819.9673327999999,conventional_hydroelectric
54,38,726.2294787000001,conventional_hydroelectric
67,38,2499.456802381929,conventional_hydroelectric
84,38,12149.9553996,conventional_hydroelectric
109,38,293.2275937422,conventional_hydroelectric
128,38,47.24016,conventional_hydroelectric
139,38,116.51786879999999,conventional_hydroelectric
110,38,0.0,conventional_steam_coal
41,38,0.0,conventional_steam_coal
3,38,0.0,conventional_steam_coal
36,38,0.0,conventional_steam_coal
85,38,0.0,conventional_steam_coal
28,38,74.364,geothermal
116,38,0.0,natural_gas_fired_combined_cycle
73,38,0.0,natural_gas_fired_combined_cycle
71,38,0.0,natural_gas_fired_combined_cycle
44,38,0.0,natural_gas_fired_combined_cycle
115,38,0.0,natural_gas_fired_combined_cycle
70,38,0.0,natural_gas_fired_combined_cycle
131,38,0.0,natural_gas_fired_combined_cycle
18,38,0.0,natural_gas_fired_combined_cycle
72,38,0.0,natural_gas_fired_combined_cycle
114,38,0.0,natural_gas_fired_combined_cycle
45,38,0.0,natural_gas_fired_combined_cycle
78,38,0.0,natural_gas_fired_combustion_turbine
75,38,0.0,natural_gas_fired_combustion_turbine
119,38,0.0,natural_gas_fired_combustion_turbine
117,38,0.0,natural_gas_fired_combustion_turbine
134,38,0.0,natural_gas_fired_combustion_turbine
103,38,0.0,natural_gas_fired_combustion_turbine
47,38,0.0,natural_gas_fired_combustion_turbine
8,38,0.0,natural_gas_fired_combustion_turbine
90,38,0.0,natural_gas_fired_combustion_turbine
60,38,0.0,natural_gas_fired_combustion_turbine
46,38,0.0,natural_gas_fired_combustion_turbine
37,38,0.0,natural_gas_fired_combustion_turbine
7,38,0.0,natural_gas_fired_combustion_turbine
133,38,0.0,natural_gas_fired_combustion_turbine
74,38,0.0,natural_gas_fired_combustion_turbine
20,38,0.0,natural_gas_fired_combustion_turbine
135,38,0.0,natural_gas_fired_combustion_turbine
142,38,0.0,natural_gas_fired_combustion_turbine
121,38,0.0,natural_gas_fired_combustion_turbine
91,38,0.0,natural_gas_fired_combustion_turbine
22,38,0.0,natural_gas_steam_turbine
123,38,0.0,natural_gas_steam_turbine
62,38,0.0,natural_gas_steam_turbine
49,38,0.0,natural_gas_steam_turbine
48,38,0.0,natural_gas_steam_turbine
21,38,0.0,natural_gas_steam_turbine
79,38,1851.49975,nuclear
10,38,14.048580000000001,onshore_wind_turbine
23,38,9553.651800000001,onshore_wind_turbine
31,38,148.42625,onshore_wind_turbine
38,38,350.48685,onshore_wind_turbine
50,38,373.95791999999994,onshore_wind_turbine
63,38,249.1050796528,onshore_wind_turbine
80,38,460.94271999999995,onshore_wind_turbine
94,38,80.9116,onshore_wind_turbine
105,38,190.282260756,onshore_wind_turbine
124,38,6650.488526943801,onshore_wind_turbine
136,38,1097.3046000000002,onshore_wind_turbine
144,38,9602.7876,onshore_wind_turbine
11,38,19.125,small_hydroelectric
24,38,62.577,small_hydroelectric
32,38,192.0,small_hydroelectric
39,38,52.9,small_hydroelectric
51,38,25.641,small_hydroelectric
64,38,6.128,small_hydroelectric
81,38,241.672,small_hydroelectric
95,38,418.922,small_hydroelectric
106,38,31.614,small_hydroelectric
125,38,100.697,small_hydroelectric
137,38,36.822,small_hydroelectric
145,38,33.21,small_hydroelectric
12,38,8628.71814,solar_photovoltaic
25,38,2623.4668599999995,solar_photovoltaic
33,38,1320.7271,solar_photovoltaic
52,38,4923.275140000001,solar_photovoltaic
65,38,14847.217848726901,solar_photovoltaic
82,38,13830.42633,solar_photovoltaic
96,38,1099.77105,solar_photovoltaic
107,38,7600.503318681001,solar_photovoltaic
126,38,28653.048832737,solar_photovoltaic
138,38,2773.4491399999997,solar_photovoltaic
26,39,11.235,biomass
13,39,15.682,biomass
108,39,137.081,biomass
40,39,5.952,biomass
97,39,178.173,biomass
1,39,16.294,biomass
66,39,228.795,biomass
2,39,690.9032507999999,conventional_hydroelectric
14,39,159.7491984,conventional_hydroelectric
27,39,595.0574964000001,conventional_hydroelectric
35,39,818.9682864,conventional_hydroelectric
54,39,725.8137183000001,conventional_hydroelectric
67,39,2498.002000981929,conventional_hydroelectric
84,39,12138.3342084,conventional_hydroelectric
109,39,293.20946967000003,conventional_hydroelectric
128,39,47.19462000000001,conventional_hydroelectric
139,39,116.35484159999999,conventional_hydroelectric
110,39,0.0,conventional_steam_coal
41,39,0.0,conventional_steam_coal
3,39,0.0,conventional_steam_coal
36,39,0.0,conventional_steam_coal
85,39,0.0,conventional_steam_coal
28,39,74.364,geothermal
116,39,0.0,natural_gas_fired_combined_cycle
73,39,0.0,natural_gas_fired_combined_cycle
71,39,0.0,natural_gas_fired_combined_cycle
44,39,0.0,natural_gas_fired_combined_cycle
115,39,0.0,natural_gas_fired_combined_cycle
70,39,0.0,natural_gas_fired_combined_cycle
131,39,0.0,natural_gas_fired_combined_cycle
18,39,0.0,natural_gas_fired_combined_cycle
72,39,0.0,natural_gas_fired_combined_cycle
114,39,0.0,natural_gas_fired_combined_cycle
45,39,0.0,natural_gas_fired_combined_cycle
78,39,0.0,natural_gas_fired_combustion_turbine
75,39,0.0,natural_gas_fired_combustion_turbine
119,39,0.0,natural_gas_fired_combustion_turbine
117,39,0.0,natural_gas_fired_combustion_turbine
134,39,0.0,natural_gas_fired_combustion_turbine
103,39,0.0,natural_gas_fired_combustion_turbine
47,39,0.0,natural_gas_fired_combustion_turbine
8,39,0.0,natural_gas_fired_combustion_turbine
90,39,0.0,natural_gas_fired_combustion_turbine
60,39,0.0,natural_gas_fired_combustion_turbine
46,39,0.0,natural_gas_fired_combustion_turbine
37,39,0.0,natural_gas_fired_combustion_turbine
7,39,0.0,natural_gas_fired_combustion_turbine
133,39,0.0,natural_gas_fired_combustion_turbine
74,39,0.0,natural_gas_fired_combustion_turbine
20,39,0.0,natural_gas_fired_combustion_turbine
135,39,0.0,natural_gas_fired_combustion_turbine
142,39,0.0,natural_gas_fired_combustion_turbine
121,39,0.0,natural_gas_fired_combustion_turbine
91,39,0.0,natural_gas_fired_combustion_turbine
22,39,0.0,natural_gas_steam_turbine
123,39,0.0,natural_gas_steam_turbine
62,39,0.0,natural_gas_steam_turbine
49,39,0.0,natural_gas_steam_turbine
48,39,0.0,natural_gas_steam_turbine
21,39,0.0,natural_gas_steam_turbine
79,39,3702.9995,nuclear
10,39,742.0532000000001,onshore_wind_turbine
23,39,7315.7084,onshore_wind_turbine
31,39,251.73092,onshore_wind_turbine
38,39,784.47705,onshore_wind_turbine
50,39,419.34773999999993,onshore_wind_turbine
63,39,545.7575198992,onshore_wind_turbine
80,39,2568.6404799999996,onshore_wind_turbine
94,39,279.5128,onshore_wind_turbine
105,39,166.505080728,onshore_wind_turbine
124,39,3498.608946648201,onshore_wind_turbine
136,39,1623.47115,onshore_wind_turbine
144,39,11229.20568,onshore_wind_turbine
11,39,19.125,small_hydroelectric
24,39,62.577,small_hydroelectric
32,39,192.0,small_hydroelectric
39,39,52.9,small_hydroelectric
51,39,25.641,small_hydroelectric
64,39,6.128,small_hydroelectric
81,39,241.672,small_hydroelectric
95,39,418.922,small_hydroelectric
106,39,31.614,small_hydroelectric
125,39,100.697,small_hydroelectric
137,39,36.822,small_hydroelectric
145,39,33.21,small_hydroelectric
12,39,8288.31528,solar_photovoltaic
25,39,2469.51894,solar_photovoltaic
33,39,1287.2776,solar_photovoltaic
52,39,4674.45034,solar_photovoltaic
65,39,13014.0558847915,solar_photovoltaic
82,39,13190.508170000001,solar_photovoltaic
96,39,1070.23812,solar_photovoltaic
107,39,6321.8400718725,solar_photovoltaic
126,39,26276.456923104502,solar_photovoltaic
138,39,2630.0735999999993,solar_photovoltaic
26,40,11.235,biomass
13,40,15.682,biomass
108,40,137.081,biomass
40,40,5.952,biomass
97,40,178.173,biomass
1,40,16.294,biomass
66,40,228.795,biomass
2,40,690.3507492,conventional_hydroelectric
14,40,159.702158,conventional_hydroelectric
27,40,594.6341688,conventional_hydroelectric
35,40,817.96924,conventional_hydroelectric
54,40,725.501898,conventional_hydroelectric
67,40,2496.4947321694376,conventional_hydroelectric
84,40,12126.7130172,conventional_hydroelectric
109,40,293.270218332,conventional_hydroelectric
128,40,47.149080000000005,conventional_hydroelectric
139,40,116.1918144,conventional_hydroelectric
110,40,21.500000000000004,conventional_steam_coal
41,40,0.0,conventional_steam_coal
3,40,0.0,conventional_steam_coal
36,40,0.0,conventional_steam_coal
85,40,0.0,conventional_steam_coal
28,40,74.364,geothermal
116,40,0.0,natural_gas_fired_combined_cycle
73,40,0.0,natural_gas_fired_combined_cycle
71,40,0.0,natural_gas_fired_combined_cycle
44,40,0.0,natural_gas_fired_combined_cycle
115,40,0.0,natural_gas_fired_combined_cycle
70,40,0.0,natural_gas_fired_combined_cycle
131,40,0.0,natural_gas_fired_combined_cycle
18,40,0.0,natural_gas_fired_combined_cycle
72,40,0.0,natural_gas_fired_combined_cycle
114,40,0.0,natural_gas_fired_combined_cycle
45,40,0.0,natural_gas_fired_combined_cycle
78,40,0.0,natural_gas_fired_combustion_turbine
75,40,0.0,natural_gas_fired_combustion_turbine
119,40,0.0,natural_gas_fired_combustion_turbine
117,40,0.0,natural_gas_fired_combustion_turbine
134,40,0.0,natural_gas_fired_combustion_turbine
103,40,0.0,natural_gas_fired_combustion_turbine
47,40,0.0,natural_gas_fired_combustion_turbine
8,40,0.0,natural_gas_fired_combustion_turbine
90,40,0.0,natural_gas_fired_combustion_turbine
60,40,0.0,natural_gas_fired_combustion_turbine
46,40,0.0,natural_gas_fired_combustion_turbine
37,40,0.0,natural_gas_fired_combustion_turbine
7,40,0.0,natural_gas_fired_combustion_turbine
133,40,0.0,natural_gas_fired_combustion_turbine
74,40,0.0,natural_gas_fired_combustion_turbine
20,40,0.0,natural_gas_fired_combustion_turbine
135,40,0.0,natural_gas_fired_combustion_turbine
142,40,0.0,natural_gas_fired_combustion_turbine
121,40,0.0,natural_gas_fired_combustion_turbine
91,40,0.0,natural_gas_fired_combustion_turbine
22,40,0.0,natural_gas_steam_turbine
123,40,0.0,natural_gas_steam_turbine
62,40,0.0,natural_gas_steam_turbine
49,40,0.0,natural_gas_steam_turbine
48,40,0.0,natural_gas_steam_turbine
21,40,0.0,natural_gas_steam_turbine
79,40,5554.49925,nuclear
10,40,448.11368000000004,onshore_wind_turbine
23,40,8616.3616,onshore_wind_turbine
31,40,59.3705,onshore_wind_turbine
38,40,518.6296500000001,onshore_wind_turbine
50,40,682.8796799999999,onshore_wind_turbine
63,40,441.605920112,onshore_wind_turbine
80,40,2667.1483999999996,onshore_wind_turbine
94,40,224.34580000000003,onshore_wind_turbine
105,40,139.068160917,onshore_wind_turbine
124,40,5686.7345382386,onshore_wind_turbine
136,40,1055.9308200000003,onshore_wind_turbine
144,40,11317.88007,onshore_wind_turbine
11,40,19.125,small_hydroelectric
24,40,62.577,small_hydroelectric
32,40,192.0,small_hydroelectric
39,40,52.9,small_hydroelectric
51,40,25.641,small_hydroelectric
64,40,6.128,small_hydroelectric
81,40,241.672,small_hydroelectric
95,40,418.922,small_hydroelectric
106,40,31.614,small_hydroelectric
125,40,100.697,small_hydroelectric
137,40,36.822,small_hydroelectric
145,40,33.21,small_hydroelectric
12,40,6929.52876,solar_photovoltaic
25,40,2166.4806799999997,solar_photovoltaic
33,40,1235.34285,solar_photovoltaic
52,40,3916.22588,solar_photovoltaic
65,40,9648.0119354542,solar_photovoltaic
82,40,12443.286660000002,solar_photovoltaic
96,40,999.56479,solar_photovoltaic
107,40,5506.237385761,solar_photovoltaic
126,40,22947.5351771085,solar_photovoltaic
138,40,2312.2730399999996,solar_photovoltaic
26,41,11.235,biomass
13,41,15.682,biomass
108,41,137.081,biomass
40,41,5.952,biomass
97,41,178.173,biomass
1,41,16.294,biomass
66,41,228.795,biomass
2,41,689.7982476,conventional_hydroelectric
14,41,159.702158,conventional_hydroelectric
27,41,594.3519504000001,conventional_hydroelectric
35,41,816.9701936,conventional_hydroelectric
54,41,725.0861376,conventional_hydroelectric
67,41,2495.039930769438,conventional_hydroelectric
84,41,12115.091826,conventional_hydroelectric
109,41,293.3309655978,conventional_hydroelectric
128,41,47.10354000000001,conventional_hydroelectric
139,41,116.02878719999998,conventional_hydroelectric
110,41,50.0,conventional_steam_coal
41,41,5364.249930741176,conventional_steam_coal
3,41,0.0,conventional_steam_coal
36,41,0.0,conventional_steam_coal
85,41,0.0,conventional_steam_coal
28,41,74.364,geothermal
116,41,0.0,natural_gas_fired_combined_cycle
73,41,0.0,natural_gas_fired_combined_cycle
71,41,0.0,natural_gas_fired_combined_cycle
44,41,0.0,natural_gas_fired_combined_cycle
115,41,0.0,natural_gas_fired_combined_cycle
70,41,0.0,natural_gas_fired_combined_cycle
131,41,0.0,natural_gas_fired_combined_cycle
18,41,0.0,natural_gas_fired_combined_cycle
72,41,0.0,natural_gas_fired_combined_cycle
114,41,0.0,natural_gas_fired_combined_cycle
45,41,0.0,natural_gas_fired_combined_cycle
78,41,0.0,natural_gas_fired_combustion_turbine
75,41,0.0,natural_gas_fired_combustion_turbine
119,41,0.0,natural_gas_fired_combustion_turbine
117,41,0.0,natural_gas_fired_combustion_turbine
134,41,0.0,natural_gas_fired_combustion_turbine
103,41,0.0,natural_gas_fired_combustion_turbine
47,41,0.0,natural_gas_fired_combustion_turbine
8,41,0.0,natural_gas_fired_combustion_turbine
90,41,0.0,natural_gas_fired_combustion_turbine
60,41,0.0,natural_gas_fired_combustion_turbine
46,41,0.0,natural_gas_fired_combustion_turbine
37,41,0.0,natural_gas_fired_combustion_turbine
7,41,0.0,natural_gas_fired_combustion_turbine
133,41,0.0,natural_gas_fired_combustion_turbine
74,41,0.0,natural_gas_fired_combustion_turbine
20,41,0.0,natural_gas_fired_combustion_turbine
135,41,0.0,natural_gas_fired_combustion_turbine
142,41,0.0,natural_gas_fired_combustion_turbine
121,41,0.0,natural_gas_fired_combustion_turbine
91,41,0.0,natural_gas_fired_combustion_turbine
22,41,0.0,natural_gas_steam_turbine
123,41,0.0,natural_gas_steam_turbine
62,41,0.0,natural_gas_steam_turbine
49,41,0.0,natural_gas_steam_turbine
48,41,0.0,natural_gas_steam_turbine
21,41,0.0,natural_gas_steam_turbine
79,41,7405.999,nuclear
10,41,469.90699000000006,onshore_wind_turbine
23,41,8838.1062,onshore_wind_turbine
31,41,105.67949,onshore_wind_turbine
38,41,739.6011000000001,onshore_wind_turbine
50,41,926.0878199999999,onshore_wind_turbine
63,41,188.50803999439998,onshore_wind_turbine
80,41,3124.3738399999997,onshore_wind_turbine
94,41,687.7486,onshore_wind_turbine
105,41,112.716799062,onshore_wind_turbine
124,41,10349.562575336602,onshore_wind_turbine
136,41,374.16288000000003,onshore_wind_turbine
144,41,9637.39224,onshore_wind_turbine
11,41,19.125,small_hydroelectric
24,41,62.577,small_hydroelectric
32,41,192.0,small_hydroelectric
39,41,52.9,small_hydroelectric
51,41,25.641,small_hydroelectric
64,41,6.128,small_hydroelectric
81,41,241.672,small_hydroelectric
95,41,418.922,small_hydroelectric
106,41,31.614,small_hydroelectric
125,41,100.697,small_hydroelectric
137,41,36.822,small_hydroelectric
145,41,33.21,small_hydroelectric
12,41,4937.9601600000005,solar_photovoltaic
25,41,1617.9477999999997,solar_photovoltaic
33,41,1117.74145,solar_photovoltaic
52,41,2747.4405,solar_photovoltaic
65,41,8168.2321627361,solar_photovoltaic
82,41,11011.27468,solar_photovoltaic
96,41,884.6655299999999,solar_photovoltaic
107,41,4152.6749005315,solar_photovoltaic
126,41,18027.693584831,solar_photovoltaic
138,41,2058.8544899999997,solar_photovoltaic
26,42,11.235,biomass
13,42,15.682,biomass
108,42,137.081,biomass
40,42,5.952,biomass
97,42,178.173,biomass
1,42,16.294,biomass
66,42,228.795,biomass
2,42,689.2457459999999,conventional_hydroelectric
14,42,159.65511759999998,conventional_hydroelectric
27,42,593.9286228000001,conventional_hydroelectric
35,42,815.9711472,conventional_hydroelectric
54,42,724.7743173000001,conventional_hydroelectric
67,42,2493.5326692309536,conventional_hydroelectric
84,42,12103.4706348,conventional_hydroelectric
109,42,293.45246152560003,conventional_hydroelectric
128,42,47.058,conventional_hydroelectric
139,42,115.86576,conventional_hydroelectric
110,42,50.0,conventional_steam_coal
41,42,7219.002,conventional_steam_coal
3,42,8009.062589999999,conventional_steam_coal
36,42,0.0,conventional_steam_coal
85,42,0.0,conventional_steam_coal
28,42,74.364,geothermal
116,42,0.0,natural_gas_fired_combined_cycle
73,42,0.0,natural_gas_fired_combined_cycle
71,42,0.0,natural_gas_fired_combined_cycle
44,42,0.0,natural_gas_fired_combined_cycle
115,42,0.0,natural_gas_fired_combined_cycle
70,42,0.0,natural_gas_fired_combined_cycle
131,42,0.0,natural_gas_fired_combined_cycle
18,42,0.0,natural_gas_fired_combined_cycle
72,42,0.0,natural_gas_fired_combined_cycle
114,42,0.0,natural_gas_fired_combined_cycle
45,42,0.0,natural_gas_fired_combined_cycle
78,42,0.0,natural_gas_fired_combustion_turbine
75,42,0.0,natural_gas_fired_combustion_turbine
119,42,0.0,natural_gas_fired_combustion_turbine
117,42,0.0,natural_gas_fired_combustion_turbine
134,42,0.0,natural_gas_fired_combustion_turbine
103,42,0.0,natural_gas_fired_combustion_turbine
47,42,0.0,natural_gas_fired_combustion_turbine
8,42,0.0,natural_gas_fired_combustion_turbine
90,42,0.0,natural_gas_fired_combustion_turbine
60,42,0.0,natural_gas_fired_combustion_turbine
46,42,0.0,natural_gas_fired_combustion_turbine
37,42,0.0,natural_gas_fired_combustion_turbine
7,42,0.0,natural_gas_fired_combustion_turbine
133,42,0.0,natural_gas_fired_combustion_turbine
74,42,0.0,natural_gas_fired_combustion_turbine
20,42,0.0,natural_gas_fired_combustion_turbine
135,42,0.0,natural_gas_fired_combustion_turbine
142,42,0.0,natural_gas_fired_combustion_turbine
121,42,0.0,natural_gas_fired_combustion_turbine
91,42,0.0,natural_gas_fired_combustion_turbine
22,42,0.0,natural_gas_steam_turbine
123,42,0.0,natural_gas_steam_turbine
62,42,0.0,natural_gas_steam_turbine
49,42,0.0,natural_gas_steam_turbine
48,42,0.0,natural_gas_steam_turbine
21,42,0.0,natural_gas_steam_turbine
79,42,7405.999,nuclear
10,42,503.22734,onshore_wind_turbine
23,42,8631.2688,onshore_wind_turbine
31,42,191.17301,onshore_wind_turbine
38,42,1007.1526500000001,onshore_wind_turbine
50,42,1350.17778,onshore_wind_turbine
63,42,224.87724031919998,onshore_wind_turbine
80,42,3772.1098799999995,onshore_wind_turbine
94,42,4593.5722,onshore_wind_turbine
105,42,93.06751912499999,onshore_wind_turbine
124,42,10143.004190965801,onshore_wind_turbine
136,42,210.46662000000003,onshore_wind_turbine
144,42,7530.834779999999,onshore_wind_turbine
11,42,19.125,small_hydroelectric
24,42,62.577,small_hydroelectric
32,42,192.0,small_hydroelectric
39,42,52.9,small_hydroelectric
51,42,25.641,small_hydroelectric
64,42,6.128,small_hydroelectric
81,42,241.672,small_hydroelectric
95,42,418.922,small_hydroelectric
106,42,31.614,small_hydroelectric
125,42,100.697,small_hydroelectric
137,42,36.822,small_hydroelectric
145,42,33.21,small_hydroelectric
12,42,1529.69418,solar_photovoltaic
25,42,606.8238399999999,solar_photovoltaic
33,42,797.5065000000001,solar_photovoltaic
52,42,1066.49074,solar_photovoltaic
65,42,2797.5983817306,solar_photovoltaic
82,42,7639.99852,solar_photovoltaic
96,42,648.54902,solar_photovoltaic
107,42,1823.7416499469998,solar_photovoltaic
126,42,10716.0863430775,solar_photovoltaic
138,42,1145.17788,solar_photovoltaic
26,43,11.235,biomass
13,43,15.682,biomass
108,43,137.081,biomass
40,43,5.952,biomass
97,43,178.173,biomass
1,43,16.294,biomass
66,43,228.795,biomass
2,43,688.6932443999999,conventional_hydroelectric
14,43,159.65511759999998,conventional_hydroelectric
27,43,593.5052952,conventional_hydroelectric
35,43,814.9721007999999,conventional_hydroelectric
54,43,724.3585569,conventional_hydroelectric
67,43,2492.077867830954,conventional_hydroelectric
84,43,12091.8494436,conventional_hydroelectric
109,43,293.5132101876,conventional_hydroelectric
128,43,47.01246,conventional_hydroelectric
139,43,115.70273279999999,conventional_hydroelectric
110,43,50.0,conventional_steam_coal
41,43,7219.002,conventional_steam_coal
3,43,14050.987,conventional_steam_coal
36,43,893.958737017075,conventional_steam_coal
85,43,0.0,conventional_steam_coal
28,43,74.364,geothermal
116,43,0.0,natural_gas_fired_combined_cycle
73,43,0.0,natural_gas_fired_combined_cycle
71,43,0.0,natural_gas_fired_combined_cycle
44,43,0.0,natural_gas_fired_combined_cycle
115,43,0.0,natural_gas_fired_combined_cycle
70,43,0.0,natural_gas_fired_combined_cycle
131,43,0.0,natural_gas_fired_combined_cycle
18,43,0.0,natural_gas_fired_combined_cycle
72,43,0.0,natural_gas_fired_combined_cycle
114,43,0.0,natural_gas_fired_combined_cycle
45,43,0.0,natural_gas_fired_combined_cycle
78,43,0.0,natural_gas_fired_combustion_turbine
75,43,0.0,natural_gas_fired_combustion_turbine
119,43,0.0,natural_gas_fired_combustion_turbine
117,43,0.0,natural_gas_fired_combustion_turbine
134,43,0.0,natural_gas_fired_combustion_turbine
103,43,0.0,natural_gas_fired_combustion_turbine
47,43,0.0,natural_gas_fired_combustion_turbine
8,43,0.0,natural_gas_fired_combustion_turbine
90,43,0.0,natural_gas_fired_combustion_turbine
60,43,0.0,natural_gas_fired_combustion_turbine
46,43,0.0,natural_gas_fired_combustion_turbine
37,43,0.0,natural_gas_fired_combustion_turbine
7,43,0.0,natural_gas_fired_combustion_turbine
133,43,0.0,natural_gas_fired_combustion_turbine
74,43,0.0,natural_gas_fired_combustion_turbine
20,43,0.0,natural_gas_fired_combustion_turbine
135,43,0.0,natural_gas_fired_combustion_turbine
142,43,0.0,natural_gas_fired_combustion_turbine
121,43,0.0,natural_gas_fired_combustion_turbine
91,43,0.0,natural_gas_fired_combustion_turbine
22,43,0.0,natural_gas_steam_turbine
123,43,0.0,natural_gas_steam_turbine
62,43,0.0,natural_gas_steam_turbine
49,43,0.0,natural_gas_steam_turbine
48,43,0.0,natural_gas_steam_turbine
21,43,0.0,natural_gas_steam_turbine
79,43,7405.999,nuclear
10,43,604.80938,onshore_wind_turbine
23,43,10120.1254,onshore_wind_turbine
31,43,127.05287,onshore_wind_turbine
38,43,1458.7523999999999,onshore_wind_turbine
50,43,1487.7021599999998,onshore_wind_turbine
63,43,168.0120401904,onshore_wind_turbine
80,43,3332.5415199999993,onshore_wind_turbine
94,43,8602.3742,onshore_wind_turbine
105,43,192.22784030100001,onshore_wind_turbine
124,43,8554.564465724201,onshore_wind_turbine
136,43,319.29765000000003,onshore_wind_turbine
144,43,6717.6257399999995,onshore_wind_turbine
11,43,19.125,small_hydroelectric
24,43,62.577,small_hydroelectric
32,43,192.0,small_hydroelectric
39,43,52.9,small_hydroelectric
51,43,25.641,small_hydroelectric
64,43,6.128,small_hydroelectric
81,43,241.672,small_hydroelectric
95,43,418.922,small_hydroelectric
106,43,31.614,small_hydroelectric
125,43,100.697,small_hydroelectric
137,43,36.822,small_hydroelectric
145,43,33.21,small_hydroelectric
12,43,0.0,solar_photovoltaic
25,43,0.0,solar_photovoltaic
33,43,315.1295,solar_photovoltaic
52,43,0.0,solar_photovoltaic
65,43,278.8867172798,solar_photovoltaic
82,43,3025.9544699999997,solar_photovoltaic
96,43,317.51572999999996,solar_photovoltaic
107,43,0.0,solar_photovoltaic
126,43,1945.7004501689999,solar_photovoltaic
138,43,0.0,solar_photovoltaic
26,44,11.235,biomass
13,44,15.682,biomass
108,44,137.081,biomass
40,44,5.952,biomass
97,44,178.173,biomass
1,44,16.294,biomass
66,44,228.795,biomass
2,44,688.1407427999999,conventional_hydroelectric
14,44,159.6080772,conventional_hydroelectric
27,44,593.2230768000001,conventional_hydroelectric
35,44,813.9730544,conventional_hydroelectric
54,44,724.0467366,conventional_hydroelectric
67,44,2490.570599018463,conventional_hydroelectric
84,44,12080.2282524,conventional_hydroelectric
109,44,293.5739574534,conventional_hydroelectric
128,44,46.96692,conventional_hydroelectric
139,44,115.53970559999999,conventional_hydroelectric
110,44,50.0,conventional_steam_coal
41,44,7219.002,conventional_steam_coal
3,44,12353.075412981945,conventional_steam_coal
36,44,0.0,conventional_steam_coal
85,44,0.0,conventional_steam_coal
28,44,74.364,geothermal
116,44,0.0,natural_gas_fired_combined_cycle
73,44,0.0,natural_gas_fired_combined_cycle
71,44,0.0,natural_gas_fired_combined_cycle
44,44,0.0,natural_gas_fired_combined_cycle
115,44,0.0,natural_gas_fired_combined_cycle
70,44,0.0,natural_gas_fired_combined_cycle
131,44,0.0,natural_gas_fired_combined_cycle
18,44,0.0,natural_gas_fired_combined_cycle
72,44,0.0,natural_gas_fired_combined_cycle
114,44,0.0,natural_gas_fired_combined_cycle
45,44,0.0,natural_gas_fired_combined_cycle
78,44,0.0,natural_gas_fired_combustion_turbine
75,44,0.0,natural_gas_fired_combustion_turbine
119,44,0.0,natural_gas_fired_combustion_turbine
117,44,0.0,natural_gas_fired_combustion_turbine
134,44,0.0,natural_gas_fired_combustion_turbine
103,44,0.0,natural_gas_fired_combustion_turbine
47,44,0.0,natural_gas_fired_combustion_turbine
8,44,0.0,natural_gas_fired_combustion_turbine
90,44,0.0,natural_gas_fired_combustion_turbine
60,44,0.0,natural_gas_fired_combustion_turbine
46,44,0.0,natural_gas_fired_combustion_turbine
37,44,0.0,natural_gas_fired_combustion_turbine
7,44,0.0,natural_gas_fired_combustion_turbine
133,44,0.0,natural_gas_fired_combustion_turbine
74,44,0.0,natural_gas_fired_combustion_turbine
20,44,0.0,natural_gas_fired_combustion_turbine
135,44,0.0,natural_gas_fired_combustion_turbine
142,44,0.0,natural_gas_fired_combustion_turbine
121,44,0.0,natural_gas_fired_combustion_turbine
91,44,0.0,natural_gas_fired_combustion_turbine
22,44,0.0,natural_gas_steam_turbine
123,44,0.0,natural_gas_steam_turbine
62,44,0.0,natural_gas_steam_turbine
49,44,0.0,natural_gas_steam_turbine
48,44,0.0,natural_gas_steam_turbine
21,44,0.0,natural_gas_steam_turbine
79,44,7405.999,nuclear
10,44,533.1256,onshore_wind_turbine
23,44,11778.5514,onshore_wind_turbine
31,44,327.72516,onshore_wind_turbine
38,44,1471.81755,onshore_wind_turbine
50,44,1482.95994,onshore_wind_turbine
63,44,200.64268027999998,onshore_wind_turbine
80,44,3922.659719999999,onshore_wind_turbine
94,44,12942.1782,onshore_wind_turbine
105,44,241.910059755,onshore_wind_turbine
124,44,8084.689354711201,onshore_wind_turbine
136,44,877.8436800000002,onshore_wind_turbine
144,44,6613.81182,onshore_wind_turbine
11,44,19.125,small_hydroelectric
24,44,62.577,small_hydroelectric
32,44,192.0,small_hydroelectric
39,44,52.9,small_hydroelectric
51,44,25.641,small_hydroelectric
64,44,6.128,small_hydroelectric
81,44,241.672,small_hydroelectric
95,44,418.922,small_hydroelectric
106,44,31.614,small_hydroelectric
125,44,100.697,small_hydroelectric
137,44,36.822,small_hydroelectric
145,44,33.21,small_hydroelectric
12,44,0.0,solar_photovoltaic
25,44,0.0,solar_photovoltaic
33,44,0.0,solar_photovoltaic
52,44,0.0,solar_photovoltaic
65,44,0.0,solar_photovoltaic
82,44,0.0,solar_photovoltaic
96,44,0.0,solar_photovoltaic
107,44,0.0,solar_photovoltaic
126,44,0.0,solar_photovoltaic
138,44,0.0,solar_photovoltaic
26,45,11.235,biomass
13,45,15.682,biomass
108,45,137.081,biomass
40,45,5.952,biomass
97,45,178.173,biomass
1,45,16.294,biomass
66,45,228.795,biomass
2,45,687.5882412,conventional_hydroelectric
14,45,159.6080772,conventional_hydroelectric
27,45,592.7997492,conventional_hydroelectric
35,45,812.974008,conventional_hydroelectric
54,45,723.6309762000001,conventional_hydroelectric
67,45,2488.440864330954,conventional_hydroelectric
84,45,12068.607061199998,conventional_hydroelectric
109,45,293.5558333812,conventional_hydroelectric
128,45,46.92138,conventional_hydroelectric
139,45,115.37667839999999,conventional_hydroelectric
110,45,50.0,conventional_steam_coal
41,45,7219.002,conventional_steam_coal
3,45,4344.012822981947,conventional_steam_coal
36,45,0.0,conventional_steam_coal
85,45,0.0,conventional_steam_coal
28,45,74.364,geothermal
116,45,0.0,natural_gas_fired_combined_cycle
73,45,0.0,natural_gas_fired_combined_cycle
71,45,0.0,natural_gas_fired_combined_cycle
44,45,0.0,natural_gas_fired_combined_cycle
115,45,0.0,natural_gas_fired_combined_cycle
70,45,0.0,natural_gas_fired_combined_cycle
131,45,0.0,natural_gas_fired_combined_cycle
18,45,0.0,natural_gas_fired_combined_cycle
72,45,0.0,natural_gas_fired_combined_cycle
114,45,0.0,natural_gas_fired_combined_cycle
45,45,0.0,natural_gas_fired_combined_cycle
78,45,0.0,natural_gas_fired_combustion_turbine
75,45,0.0,natural_gas_fired_combustion_turbine
119,45,0.0,natural_gas_fired_combustion_turbine
117,45,0.0,natural_gas_fired_combustion_turbine
134,45,0.0,natural_gas_fired_combustion_turbine
103,45,0.0,natural_gas_fired_combustion_turbine
47,45,0.0,natural_gas_fired_combustion_turbine
8,45,0.0,natural_gas_fired_combustion_turbine
90,45,0.0,natural_gas_fired_combustion_turbine
60,45,0.0,natural_gas_fired_combustion_turbine
46,45,0.0,natural_gas_fired_combustion_turbine
37,45,0.0,natural_gas_fired_combustion_turbine
7,45,0.0,natural_gas_fired_combustion_turbine
133,45,0.0,natural_gas_fired_combustion_turbine
74,45,0.0,natural_gas_fired_combustion_turbine
20,45,0.0,natural_gas_fired_combustion_turbine
135,45,0.0,natural_gas_fired_combustion_turbine
142,45,0.0,natural_gas_fired_combustion_turbine
121,45,0.0,natural_gas_fired_combustion_turbine
91,45,0.0,natural_gas_fired_combustion_turbine
22,45,0.0,natural_gas_steam_turbine
123,45,0.0,natural_gas_steam_turbine
62,45,0.0,natural_gas_steam_turbine
49,45,0.0,natural_gas_steam_turbine
48,45,0.0,natural_gas_steam_turbine
21,45,0.0,natural_gas_steam_turbine
79,45,7405.999,nuclear
10,45,303.12513,onshore_wind_turbine
23,45,11146.8588,onshore_wind_turbine
31,45,1042.54598,onshore_wind_turbine
38,45,1433.7582,onshore_wind_turbine
50,45,1858.2727799999998,onshore_wind_turbine
63,45,331.42452022960003,onshore_wind_turbine
80,45,4866.84884,onshore_wind_turbine
94,45,13824.8502,onshore_wind_turbine
105,45,534.275279517,onshore_wind_turbine
124,45,11278.783040817601,onshore_wind_turbine
136,45,989.3730000000002,onshore_wind_turbine
144,45,6492.69558,onshore_wind_turbine
11,45,19.125,small_hydroelectric
24,45,62.577,small_hydroelectric
32,45,192.0,small_hydroelectric
39,45,52.9,small_hydroelectric
51,45,25.641,small_hydroelectric
64,45,6.128,small_hydroelectric
81,45,241.672,small_hydroelectric
95,45,418.922,small_hydroelectric
106,45,31.614,small_hydroelectric
125,45,100.697,small_hydroelectric
137,45,36.822,small_hydroelectric
145,45,33.21,small_hydroelectric
12,45,0.0,solar_photovoltaic
25,45,0.0,solar_photovoltaic
33,45,0.0,solar_photovoltaic
52,45,0.0,solar_photovoltaic
65,45,0.0,solar_photovoltaic
82,45,0.0,solar_photovoltaic
96,45,0.0,solar_photovoltaic
107,45,0.0,solar_photovoltaic
126,45,0.0,solar_photovoltaic
138,45,0.0,solar_photovoltaic
26,46,11.235,biomass
13,46,15.682,biomass
108,46,137.081,biomass
40,46,5.952,biomass
97,46,178.173,biomass
1,46,16.294,biomass
66,46,228.795,biomass
2,46,687.0357395999999,conventional_hydroelectric
14,46,159.6080772,conventional_hydroelectric
27,46,592.3764216000001,conventional_hydroelectric
35,46,811.7252,conventional_hydroelectric
54,46,723.2152158,conventional_hydroelectric
67,46,2486.933595518463,conventional_hydroelectric
84,46,12056.985869999999,conventional_hydroelectric
109,46,293.61658204319997,conventional_hydroelectric
128,46,46.875840000000004,conventional_hydroelectric
139,46,115.21365119999999,conventional_hydroelectric
110,46,50.0,conventional_steam_coal
41,46,7219.002,conventional_steam_coal
3,46,8987.119194687537,conventional_steam_coal
36,46,0.0,conventional_steam_coal
85,46,0.0,conventional_steam_coal
28,46,74.364,geothermal
116,46,0.0,natural_gas_fired_combined_cycle
73,46,0.0,natural_gas_fired_combined_cycle
71,46,0.0,natural_gas_fired_combined_cycle
44,46,0.0,natural_gas_fired_combined_cycle
115,46,0.0,natural_gas_fired_combined_cycle
70,46,0.0,natural_gas_fired_combined_cycle
131,46,0.0,natural_gas_fired_combined_cycle
18,46,0.0,natural_gas_fired_combined_cycle
72,46,0.0,natural_gas_fired_combined_cycle
114,46,0.0,natural_gas_fired_combined_cycle
45,46,0.0,natural_gas_fired_combined_cycle
78,46,0.0,natural_gas_fired_combustion_turbine
75,46,0.0,natural_gas_fired_combustion_turbine
119,46,0.0,natural_gas_fired_combustion_turbine
117,46,0.0,natural_gas_fired_combustion_turbine
134,46,0.0,natural_gas_fired_combustion_turbine
103,46,0.0,natural_gas_fired_combustion_turbine
47,46,0.0,natural_gas_fired_combustion_turbine
8,46,0.0,natural_gas_fired_combustion_turbine
90,46,0.0,natural_gas_fired_combustion_turbine
60,46,0.0,natural_gas_fired_combustion_turbine
46,46,0.0,natural_gas_fired_combustion_turbine
37,46,0.0,natural_gas_fired_combustion_turbine
7,46,0.0,natural_gas_fired_combustion_turbine
133,46,0.0,natural_gas_fired_combustion_turbine
74,46,0.0,natural_gas_fired_combustion_turbine
20,46,0.0,natural_gas_fired_combustion_turbine
135,46,0.0,natural_gas_fired_combustion_turbine
142,46,0.0,natural_gas_fired_combustion_turbine
121,46,0.0,natural_gas_fired_combustion_turbine
91,46,0.0,natural_gas_fired_combustion_turbine
22,46,0.0,natural_gas_steam_turbine
123,46,0.0,natural_gas_steam_turbine
62,46,0.0,natural_gas_steam_turbine
49,46,0.0,natural_gas_steam_turbine
48,46,0.0,natural_gas_steam_turbine
21,46,0.0,natural_gas_steam_turbine
79,46,7405.999,nuclear
10,46,391.37903,onshore_wind_turbine
23,46,9954.2828,onshore_wind_turbine
31,46,1181.47295,onshore_wind_turbine
38,46,1472.95365,onshore_wind_turbine
50,46,1702.45698,onshore_wind_turbine
63,46,386.4019602464,onshore_wind_turbine
80,46,5331.5088399999995,onshore_wind_turbine
94,46,9735.1366,onshore_wind_turbine
105,46,857.568460497,onshore_wind_turbine
124,46,17154.0668573274,onshore_wind_turbine
136,46,1796.16171,onshore_wind_turbine
144,46,4952.7891,onshore_wind_turbine
11,46,19.125,small_hydroelectric
24,46,62.577,small_hydroelectric
32,46,192.0,small_hydroelectric
39,46,52.9,small_hydroelectric
51,46,25.641,small_hydroelectric
64,46,6.128,small_hydroelectric
81,46,241.672,small_hydroelectric
95,46,418.922,small_hydroelectric
106,46,31.614,small_hydroelectric
125,46,100.697,small_hydroelectric
137,46,36.822,small_hydroelectric
145,46,33.21,small_hydroelectric
12,46,0.0,solar_photovoltaic
25,46,0.0,solar_photovoltaic
33,46,0.0,solar_photovoltaic
52,46,0.0,solar_photovoltaic
65,46,0.0,solar_photovoltaic
82,46,0.0,solar_photovoltaic
96,46,0.0,solar_photovoltaic
107,46,0.0,solar_photovoltaic
126,46,0.0,solar_photovoltaic
138,46,0.0,solar_photovoltaic
26,47,11.235,biomass
13,47,15.682,biomass
108,47,137.081,biomass
40,47,5.952,biomass
97,47,178.173,biomass
1,47,16.294,biomass
66,47,228.795,biomass
2,47,686.4832379999999,conventional_hydroelectric
14,47,159.5610368,conventional_hydroelectric
27,47,592.0942032,conventional_hydroelectric
35,47,810.7261536,conventional_hydroelectric
54,47,722.9033955000001,conventional_hydroelectric
67,47,2485.4787941184627,conventional_hydroelectric
84,47,12045.3646788,conventional_hydroelectric
109,47,293.73807797100005,conventional_hydroelectric
128,47,46.8303,conventional_hydroelectric
139,47,115.050624,conventional_hydroelectric
110,47,50.0,conventional_steam_coal
41,47,7219.002,conventional_steam_coal
3,47,4761.376859898935,conventional_steam_coal
36,47,0.0,conventional_steam_coal
85,47,0.0,conventional_steam_coal
28,47,74.364,geothermal
116,47,0.0,natural_gas_fired_combined_cycle
73,47,0.0,natural_gas_fired_combined_cycle
71,47,0.0,natural_gas_fired_combined_cycle
44,47,0.0,natural_gas_fired_combined_cycle
115,47,0.0,natural_gas_fired_combined_cycle
70,47,0.0,natural_gas_fired_combined_cycle
131,47,0.0,natural_gas_fired_combined_cycle
18,47,0.0,natural_gas_fired_combined_cycle
72,47,0.0,natural_gas_fired_combined_cycle
114,47,0.0,natural_gas_fired_combined_cycle
45,47,0.0,natural_gas_fired_combined_cycle
78,47,0.0,natural_gas_fired_combustion_turbine
75,47,0.0,natural_gas_fired_combustion_turbine
119,47,0.0,natural_gas_fired_combustion_turbine
117,47,0.0,natural_gas_fired_combustion_turbine
134,47,0.0,natural_gas_fired_combustion_turbine
103,47,0.0,natural_gas_fired_combustion_turbine
47,47,0.0,natural_gas_fired_combustion_turbine
8,47,0.0,natural_gas_fired_combustion_turbine
90,47,0.0,natural_gas_fired_combustion_turbine
60,47,0.0,natural_gas_fired_combustion_turbine
46,47,0.0,natural_gas_fired_combustion_turbine
37,47,0.0,natural_gas_fired_combustion_turbine
7,47,0.0,natural_gas_fired_combustion_turbine
133,47,0.0,natural_gas_fired_combustion_turbine
74,47,0.0,natural_gas_fired_combustion_turbine
20,47,0.0,natural_gas_fired_combustion_turbine
135,47,0.0,natural_gas_fired_combustion_turbine
142,47,0.0,natural_gas_fired_combustion_turbine
121,47,0.0,natural_gas_fired_combustion_turbine
91,47,0.0,natural_gas_fired_combustion_turbine
22,47,0.0,natural_gas_steam_turbine
123,47,0.0,natural_gas_steam_turbine
62,47,0.0,natural_gas_steam_turbine
49,47,0.0,natural_gas_steam_turbine
48,47,0.0,natural_gas_steam_turbine
21,47,0.0,natural_gas_steam_turbine
79,47,7405.999,nuclear
10,47,421.09718000000004,onshore_wind_turbine
23,47,10831.9442,onshore_wind_turbine
31,47,504.64925000000005,onshore_wind_turbine
38,47,980.4543,onshore_wind_turbine
50,47,2029.6701599999997,onshore_wind_turbine
63,47,291.6787997368,onshore_wind_turbine
80,47,6359.336759999999,onshore_wind_turbine
94,47,9234.9558,onshore_wind_turbine
105,47,1081.1417411339999,onshore_wind_turbine
124,47,19513.330277240802,onshore_wind_turbine
136,47,1627.0688700000003,onshore_wind_turbine
144,47,3650.78952,onshore_wind_turbine
11,47,19.125,small_hydroelectric
24,47,62.577,small_hydroelectric
32,47,192.0,small_hydroelectric
39,47,52.9,small_hydroelectric
51,47,25.641,small_hydroelectric
64,47,6.128,small_hydroelectric
81,47,241.672,small_hydroelectric
95,47,418.922,small_hydroelectric
106,47,31.614,small_hydroelectric
125,47,100.697,small_hydroelectric
137,47,36.822,small_hydroelectric
145,47,33.21,small_hydroelectric
12,47,0.0,solar_photovoltaic
25,47,0.0,solar_photovoltaic
33,47,0.0,solar_photovoltaic
52,47,0.0,solar_photovoltaic
65,47,0.0,solar_photovoltaic
82,47,0.0,solar_photovoltaic
96,47,0.0,solar_photovoltaic
107,47,0.0,solar_photovoltaic
126,47,0.0,solar_photovoltaic
138,47,0.0,solar_photovoltaic
26,48,11.235,biomass
13,48,15.682,biomass
108,48,137.081,biomass
40,48,5.952,biomass
97,48,178.173,biomass
1,48,16.294,biomass
66,48,228.795,biomass
2,48,685.9307363999999,conventional_hydroelectric
14,48,159.5610368,conventional_hydroelectric
27,48,591.6708756,conventional_hydroelectric
35,48,809.7271072,conventional_hydroelectric
54,48,722.4876351000001,conventional_hydroelectric
67,48,2484.023992718463,conventional_hydroelectric
84,48,12033.7434876,conventional_hydroelectric
109,48,293.79882523680004,conventional_hydroelectric
128,48,46.78476,conventional_hydroelectric
139,48,114.8875968,conventional_hydroelectric
110,48,50.0,conventional_steam_coal
41,48,3809.6269261819393,conventional_steam_coal
3,48,0.0,conventional_steam_coal
36,48,0.0,conventional_steam_coal
85,48,0.0,conventional_steam_coal
28,48,74.364,geothermal
116,48,0.0,natural_gas_fired_combined_cycle
73,48,0.0,natural_gas_fired_combined_cycle
71,48,0.0,natural_gas_fired_combined_cycle
44,48,0.0,natural_gas_fired_combined_cycle
115,48,0.0,natural_gas_fired_combined_cycle
70,48,0.0,natural_gas_fired_combined_cycle
131,48,0.0,natural_gas_fired_combined_cycle
18,48,0.0,natural_gas_fired_combined_cycle
72,48,0.0,natural_gas_fired_combined_cycle
114,48,0.0,natural_gas_fired_combined_cycle
45,48,0.0,natural_gas_fired_combined_cycle
78,48,0.0,natural_gas_fired_combustion_turbine
75,48,0.0,natural_gas_fired_combustion_turbine
119,48,0.0,natural_gas_fired_combustion_turbine
117,48,0.0,natural_gas_fired_combustion_turbine
134,48,0.0,natural_gas_fired_combustion_turbine
103,48,0.0,natural_gas_fired_combustion_turbine
47,48,0.0,natural_gas_fired_combustion_turbine
8,48,0.0,natural_gas_fired_combustion_turbine
90,48,0.0,natural_gas_fired_combustion_turbine
60,48,0.0,natural_gas_fired_combustion_turbine
46,48,0.0,natural_gas_fired_combustion_turbine
37,48,0.0,natural_gas_fired_combustion_turbine
7,48,0.0,natural_gas_fired_combustion_turbine
133,48,0.0,natural_gas_fired_combustion_turbine
74,48,0.0,natural_gas_fired_combustion_turbine
20,48,0.0,natural_gas_fired_combustion_turbine
135,48,0.0,natural_gas_fired_combustion_turbine
142,48,0.0,natural_gas_fired_combustion_turbine
121,48,0.0,natural_gas_fired_combustion_turbine
91,48,0.0,natural_gas_fired_combustion_turbine
22,48,0.0,natural_gas_steam_turbine
123,48,0.0,natural_gas_steam_turbine
62,48,0.0,natural_gas_steam_turbine
49,48,0.0,natural_gas_steam_turbine
48,48,0.0,natural_gas_steam_turbine
21,48,0.0,natural_gas_steam_turbine
79,48,7405.999,nuclear
10,48,286.3749,onshore_wind_turbine
23,48,12643.169,onshore_wind_turbine
31,48,623.39025,onshore_wind_turbine
38,48,945.80325,onshore_wind_turbine
50,48,2816.20122,onshore_wind_turbine
63,48,44.7283203864,onshore_wind_turbine
80,48,6569.363079999999,onshore_wind_turbine
94,48,7958.7592,onshore_wind_turbine
105,48,1194.5467799369999,onshore_wind_turbine
124,48,19003.837800039404,onshore_wind_turbine
136,48,1494.85266,onshore_wind_turbine
144,48,3735.1383299999993,onshore_wind_turbine
11,48,19.125,small_hydroelectric
24,48,62.577,small_hydroelectric
32,48,192.0,small_hydroelectric
39,48,52.9,small_hydroelectric
51,48,25.641,small_hydroelectric
64,48,6.128,small_hydroelectric
81,48,241.672,small_hydroelectric
95,48,418.922,small_hydroelectric
106,48,31.614,small_hydroelectric
125,48,100.697,small_hydroelectric
137,48,36.822,small_hydroelectric
145,48,33.21,small_hydroelectric
12,48,0.0,solar_photovoltaic
25,48,0.0,solar_photovoltaic
33,48,0.0,solar_photovoltaic
52,48,0.0,solar_photovoltaic
65,48,0.0,solar_photovoltaic
82,48,0.0,solar_photovoltaic
96,48,0.0,solar_photovoltaic
107,48,0.0,solar_photovoltaic
126,48,0.0,solar_photovoltaic
138,48,0.0,solar_photovoltaic
26,49,11.235,biomass
13,49,15.682,biomass
108,49,137.081,biomass
40,49,5.952,biomass
97,49,178.173,biomass
1,49,16.294,biomass
66,49,228.795,biomass
2,49,685.3782348,conventional_hydroelectric
14,49,159.5139964,conventional_hydroelectric
27,49,591.247548,conventional_hydroelectric
35,49,808.7280608,conventional_hydroelectric
54,49,722.1758148,conventional_hydroelectric
67,49,2482.5167311799787,conventional_hydroelectric
84,49,12022.122296399999,conventional_hydroelectric
109,49,293.8595738988,conventional_hydroelectric
128,49,46.73922,conventional_hydroelectric
139,49,114.7245696,conventional_hydroelectric
110,49,50.0,conventional_steam_coal
41,49,0.0,conventional_steam_coal
3,49,0.0,conventional_steam_coal
36,49,0.0,conventional_steam_coal
85,49,0.0,conventional_steam_coal
28,49,74.364,geothermal
116,49,0.0,natural_gas_fired_combined_cycle
73,49,0.0,natural_gas_fired_combined_cycle
71,49,0.0,natural_gas_fired_combined_cycle
44,49,0.0,natural_gas_fired_combined_cycle
115,49,0.0,natural_gas_fired_combined_cycle
70,49,0.0,natural_gas_fired_combined_cycle
131,49,0.0,natural_gas_fired_combined_cycle
18,49,0.0,natural_gas_fired_combined_cycle
72,49,0.0,natural_gas_fired_combined_cycle
114,49,0.0,natural_gas_fired_combined_cycle
45,49,0.0,natural_gas_fired_combined_cycle
78,49,0.0,natural_gas_fired_combustion_turbine
75,49,0.0,natural_gas_fired_combustion_turbine
119,49,0.0,natural_gas_fired_combustion_turbine
117,49,0.0,natural_gas_fired_combustion_turbine
134,49,0.0,natural_gas_fired_combustion_turbine
103,49,0.0,natural_gas_fired_combustion_turbine
47,49,0.0,natural_gas_fired_combustion_turbine
8,49,0.0,natural_gas_fired_combustion_turbine
90,49,0.0,natural_gas_fired_combustion_turbine
60,49,0.0,natural_gas_fired_combustion_turbine
46,49,0.0,natural_gas_fired_combustion_turbine
37,49,0.0,natural_gas_fired_combustion_turbine
7,49,0.0,natural_gas_fired_combustion_turbine
133,49,0.0,natural_gas_fired_combustion_turbine
74,49,0.0,natural_gas_fired_combustion_turbine
20,49,0.0,natural_gas_fired_combustion_turbine
135,49,0.0,natural_gas_fired_combustion_turbine
142,49,0.0,natural_gas_fired_combustion_turbine
121,49,0.0,natural_gas_fired_combustion_turbine
91,49,0.0,natural_gas_fired_combustion_turbine
22,49,0.0,natural_gas_steam_turbine
123,49,0.0,natural_gas_steam_turbine
62,49,0.0,natural_gas_steam_turbine
49,49,0.0,natural_gas_steam_turbine
48,49,0.0,natural_gas_steam_turbine
21,49,0.0,natural_gas_steam_turbine
79,49,7405.999,nuclear
10,49,297.36161000000004,onshore_wind_turbine
23,49,12656.212800000001,onshore_wind_turbine
31,49,767.0668600000001,onshore_wind_turbine
38,49,924.21735,onshore_wind_turbine
50,49,2283.0402,onshore_wind_turbine
63,49,60.0641999496,onshore_wind_turbine
80,49,7109.297999999999,onshore_wind_turbine
94,49,9753.525599999999,onshore_wind_turbine
105,49,1630.693399713,onshore_wind_turbine
124,49,16955.931444683003,onshore_wind_turbine
136,49,1884.3058500000002,onshore_wind_turbine
144,49,4425.06834,onshore_wind_turbine
11,49,19.125,small_hydroelectric
24,49,62.577,small_hydroelectric
32,49,192.0,small_hydroelectric
39,49,52.9,small_hydroelectric
51,49,25.641,small_hydroelectric
64,49,6.128,small_hydroelectric
81,49,241.672,small_hydroelectric
95,49,418.922,small_hydroelectric
106,49,31.614,small_hydroelectric
125,49,100.697,small_hydroelectric
137,49,36.822,small_hydroelectric
145,49,33.21,small_hydroelectric
12,49,0.0,solar_photovoltaic
25,49,0.0,solar_photovoltaic
33,49,0.0,solar_photovoltaic
52,49,0.0,solar_photovoltaic
65,49,0.0,solar_photovoltaic
82,49,0.0,solar_photovoltaic
96,49,0.0,solar_photovoltaic
107,49,0.0,solar_photovoltaic
126,49,0.0,solar_photovoltaic
138,49,0.0,solar_photovoltaic
26,50,11.235,biomass
13,50,15.682,biomass
108,50,137.081,biomass
40,50,5.952,biomass
97,50,178.173,biomass
1,50,16.294,biomass
66,50,228.795,biomass
2,50,684.8257332,conventional_hydroelectric
14,50,159.5139964,conventional_hydroelectric
27,50,590.9653296,conventional_hydroelectric
35,50,807.7290144000001,conventional_hydroelectric
54,50,721.7600544000001,conventional_hydroelectric
67,50,2481.0619297799785,conventional_hydroelectric
84,50,12010.501105199999,conventional_hydroelectric
109,50,293.9203211646,conventional_hydroelectric
128,50,46.69368,conventional_hydroelectric
139,50,114.5615424,conventional_hydroelectric
110,50,50.0,conventional_steam_coal
41,50,0.0,conventional_steam_coal
3,50,0.0,conventional_steam_coal
36,50,0.0,conventional_steam_coal
85,50,0.0,conventional_steam_coal
28,50,74.364,geothermal
116,50,0.0,natural_gas_fired_combined_cycle
73,50,0.0,natural_gas_fired_combined_cycle
71,50,0.0,natural_gas_fired_combined_cycle
44,50,0.0,natural_gas_fired_combined_cycle
115,50,0.0,natural_gas_fired_combined_cycle
70,50,0.0,natural_gas_fired_combined_cycle
131,50,0.0,natural_gas_fired_combined_cycle
18,50,0.0,natural_gas_fired_combined_cycle
72,50,0.0,natural_gas_fired_combined_cycle
114,50,0.0,natural_gas_fired_combined_cycle
45,50,0.0,natural_gas_fired_combined_cycle
78,50,0.0,natural_gas_fired_combustion_turbine
75,50,0.0,natural_gas_fired_combustion_turbine
119,50,0.0,natural_gas_fired_combustion_turbine
117,50,0.0,natural_gas_fired_combustion_turbine
134,50,0.0,natural_gas_fired_combustion_turbine
103,50,0.0,natural_gas_fired_combustion_turbine
47,50,0.0,natural_gas_fired_combustion_turbine
8,50,0.0,natural_gas_fired_combustion_turbine
90,50,0.0,natural_gas_fired_combustion_turbine
60,50,0.0,natural_gas_fired_combustion_turbine
46,50,0.0,natural_gas_fired_combustion_turbine
37,50,0.0,natural_gas_fired_combustion_turbine
7,50,0.0,natural_gas_fired_combustion_turbine
133,50,0.0,natural_gas_fired_combustion_turbine
74,50,0.0,natural_gas_fired_combustion_turbine
20,50,0.0,natural_gas_fired_combustion_turbine
135,50,0.0,natural_gas_fired_combustion_turbine
142,50,0.0,natural_gas_fired_combustion_turbine
121,50,0.0,natural_gas_fired_combustion_turbine
91,50,0.0,natural_gas_fired_combustion_turbine
22,50,0.0,natural_gas_steam_turbine
123,50,0.0,natural_gas_steam_turbine
62,50,0.0,natural_gas_steam_turbine
49,50,0.0,natural_gas_steam_turbine
48,50,0.0,natural_gas_steam_turbine
21,50,0.0,natural_gas_steam_turbine
79,50,7405.999,nuclear
10,50,386.87628,onshore_wind_turbine
23,50,10995.9234,onshore_wind_turbine
31,50,1141.10101,onshore_wind_turbine
38,50,765.7314,onshore_wind_turbine
50,50,1990.3774799999999,onshore_wind_turbine
63,50,105.186480252,onshore_wind_turbine
80,50,6563.78716,onshore_wind_turbine
94,50,12188.2292,onshore_wind_turbine
105,50,1670.720798376,onshore_wind_turbine
124,50,17776.888985471003,onshore_wind_turbine
136,50,2659.6145100000003,onshore_wind_turbine
144,50,5579.9982,onshore_wind_turbine
11,50,19.125,small_hydroelectric
24,50,62.577,small_hydroelectric
32,50,192.0,small_hydroelectric
39,50,52.9,small_hydroelectric
51,50,25.641,small_hydroelectric
64,50,6.128,small_hydroelectric
81,50,241.672,small_hydroelectric
95,50,418.922,small_hydroelectric
106,50,31.614,small_hydroelectric
125,50,100.697,small_hydroelectric
137,50,36.822,small_hydroelectric
145,50,33.21,small_hydroelectric
12,50,0.0,solar_photovoltaic
25,50,0.0,solar_photovoltaic
33,50,0.0,solar_photovoltaic
52,50,0.0,solar_photovoltaic
65,50,0.0,solar_photovoltaic
82,50,0.0,solar_photovoltaic
96,50,0.0,solar_photovoltaic
107,50,0.0,solar_photovoltaic
126,50,0.0,solar_photovoltaic
138,50,0.0,solar_photovoltaic
26,51,11.235,biomass
13,51,15.682,biomass
108,51,137.081,biomass
40,51,5.952,biomass
97,51,178.173,biomass
1,51,16.294,biomass
66,51,228.795,biomass
2,51,684.2732315999999,conventional_hydroelectric
14,51,159.466956,conventional_hydroelectric
27,51,590.542002,conventional_hydroelectric
35,51,806.729968,conventional_hydroelectric
54,51,721.4482341000001,conventional_hydroelectric
67,51,2479.554660967488,conventional_hydroelectric
84,51,11995.9746162,conventional_hydroelectric
109,51,293.9021970924,conventional_hydroelectric
128,51,46.63296,conventional_hydroelectric
139,51,114.3985152,conventional_hydroelectric
110,51,50.0,conventional_steam_coal
41,51,0.0,conventional_steam_coal
3,51,0.0,conventional_steam_coal
36,51,0.0,conventional_steam_coal
85,51,0.0,conventional_steam_coal
28,51,74.364,geothermal
116,51,0.0,natural_gas_fired_combined_cycle
73,51,0.0,natural_gas_fired_combined_cycle
71,51,0.0,natural_gas_fired_combined_cycle
44,51,0.0,natural_gas_fired_combined_cycle
115,51,0.0,natural_gas_fired_combined_cycle
70,51,0.0,natural_gas_fired_combined_cycle
131,51,0.0,natural_gas_fired_combined_cycle
18,51,0.0,natural_gas_fired_combined_cycle
72,51,0.0,natural_gas_fired_combined_cycle
114,51,0.0,natural_gas_fired_combined_cycle
45,51,0.0,natural_gas_fired_combined_cycle
78,51,0.0,natural_gas_fired_combustion_turbine
75,51,0.0,natural_gas_fired_combustion_turbine
119,51,0.0,natural_gas_fired_combustion_turbine
117,51,0.0,natural_gas_fired_combustion_turbine
134,51,0.0,natural_gas_fired_combustion_turbine
103,51,0.0,natural_gas_fired_combustion_turbine
47,51,0.0,natural_gas_fired_combustion_turbine
8,51,0.0,natural_gas_fired_combustion_turbine
90,51,0.0,natural_gas_fired_combustion_turbine
60,51,0.0,natural_gas_fired_combustion_turbine
46,51,0.0,natural_gas_fired_combustion_turbine
37,51,0.0,natural_gas_fired_combustion_turbine
7,51,0.0,natural_gas_fired_combustion_turbine
133,51,0.0,natural_gas_fired_combustion_turbine
74,51,0.0,natural_gas_fired_combustion_turbine
20,51,0.0,natural_gas_fired_combustion_turbine
135,51,0.0,natural_gas_fired_combustion_turbine
142,51,0.0,natural_gas_fired_combustion_turbine
121,51,0.0,natural_gas_fired_combustion_turbine
91,51,0.0,natural_gas_fired_combustion_turbine
22,51,0.0,natural_gas_steam_turbine
123,51,0.0,natural_gas_steam_turbine
62,51,0.0,natural_gas_steam_turbine
49,51,0.0,natural_gas_steam_turbine
48,51,0.0,natural_gas_steam_turbine
21,51,0.0,natural_gas_steam_turbine
79,51,7405.999,nuclear
10,51,367.24429000000003,onshore_wind_turbine
23,51,7651.120400000001,onshore_wind_turbine
31,51,1271.71611,onshore_wind_turbine
38,51,656.6658,onshore_wind_turbine
50,51,1225.52514,onshore_wind_turbine
63,51,198.69388037520002,onshore_wind_turbine
80,51,5180.02968,onshore_wind_turbine
94,51,11919.7498,onshore_wind_turbine
105,51,1566.42429867,onshore_wind_turbine
124,51,18581.036036732403,onshore_wind_turbine
136,51,2964.5212800000004,onshore_wind_turbine
144,51,6323.997959999999,onshore_wind_turbine
11,51,19.125,small_hydroelectric
24,51,62.577,small_hydroelectric
32,51,192.0,small_hydroelectric
39,51,52.9,small_hydroelectric
51,51,25.641,small_hydroelectric
64,51,6.128,small_hydroelectric
81,51,241.672,small_hydroelectric
95,51,418.922,small_hydroelectric
106,51,31.614,small_hydroelectric
125,51,100.697,small_hydroelectric
137,51,36.822,small_hydroelectric
145,51,33.21,small_hydroelectric
12,51,0.0,solar_photovoltaic
25,51,0.0,solar_photovoltaic
33,51,0.0,solar_photovoltaic
52,51,0.0,solar_photovoltaic
65,51,0.0,solar_photovoltaic
82,51,0.0,solar_photovoltaic
96,51,0.0,solar_photovoltaic
107,51,0.0,solar_photovoltaic
126,51,0.0,solar_photovoltaic
138,51,0.0,solar_photovoltaic
26,52,11.235,biomass
13,52,15.682,biomass
108,52,137.081,biomass
40,52,5.952,biomass
97,52,178.173,biomass
1,52,16.294,biomass
66,52,228.795,biomass
2,52,683.72073,conventional_hydroelectric
14,52,159.466956,conventional_hydroelectric
27,52,590.2597836,conventional_hydroelectric
35,52,805.7309216,conventional_hydroelectric
54,52,721.0324737000001,conventional_hydroelectric
67,52,2478.099859567488,conventional_hydroelectric
84,52,11984.353425,conventional_hydroelectric
109,52,294.0236930202,conventional_hydroelectric
128,52,46.58742,conventional_hydroelectric
139,52,114.23548799999999,conventional_hydroelectric
110,52,50.0,conventional_steam_coal
41,52,0.0,conventional_steam_coal
3,52,0.0,conventional_steam_coal
36,52,0.0,conventional_steam_coal
85,52,0.0,conventional_steam_coal
28,52,74.364,geothermal
116,52,0.0,natural_gas_fired_combined_cycle
73,52,0.0,natural_gas_fired_combined_cycle
71,52,0.0,natural_gas_fired_combined_cycle
44,52,0.0,natural_gas_fired_combined_cycle
115,52,0.0,natural_gas_fired_combined_cycle
70,52,0.0,natural_gas_fired_combined_cycle
131,52,0.0,natural_gas_fired_combined_cycle
18,52,0.0,natural_gas_fired_combined_cycle
72,52,0.0,natural_gas_fired_combined_cycle
114,52,0.0,natural_gas_fired_combined_cycle
45,52,0.0,natural_gas_fired_combined_cycle
78,52,0.0,natural_gas_fired_combustion_turbine
75,52,0.0,natural_gas_fired_combustion_turbine
119,52,0.0,natural_gas_fired_combustion_turbine
117,52,0.0,natural_gas_fired_combustion_turbine
134,52,0.0,natural_gas_fired_combustion_turbine
103,52,0.0,natural_gas_fired_combustion_turbine
47,52,0.0,natural_gas_fired_combustion_turbine
8,52,0.0,natural_gas_fired_combustion_turbine
90,52,0.0,natural_gas_fired_combustion_turbine
60,52,0.0,natural_gas_fired_combustion_turbine
46,52,0.0,natural_gas_fired_combustion_turbine
37,52,0.0,natural_gas_fired_combustion_turbine
7,52,0.0,natural_gas_fired_combustion_turbine
133,52,0.0,natural_gas_fired_combustion_turbine
74,52,0.0,natural_gas_fired_combustion_turbine
20,52,0.0,natural_gas_fired_combustion_turbine
135,52,0.0,natural_gas_fired_combustion_turbine
142,52,0.0,natural_gas_fired_combustion_turbine
121,52,0.0,natural_gas_fired_combustion_turbine
91,52,0.0,natural_gas_fired_combustion_turbine
22,52,0.0,natural_gas_steam_turbine
123,52,0.0,natural_gas_steam_turbine
62,52,0.0,natural_gas_steam_turbine
49,52,0.0,natural_gas_steam_turbine
48,52,0.0,natural_gas_steam_turbine
21,52,0.0,natural_gas_steam_turbine
79,52,7405.999,nuclear
10,52,238.28553000000002,onshore_wind_turbine
23,52,6031.8258,onshore_wind_turbine
31,52,2039.9703800000002,onshore_wind_turbine
38,52,919.6729499999999,onshore_wind_turbine
50,52,976.2198599999999,onshore_wind_turbine
63,52,153.4301998208,onshore_wind_turbine
80,52,4215.395519999999,onshore_wind_turbine
94,52,12574.3982,onshore_wind_turbine
105,52,1230.5566005389999,onshore_wind_turbine
124,52,14201.578729107003,onshore_wind_turbine
136,52,2794.52901,onshore_wind_turbine
144,52,7096.113989999999,onshore_wind_turbine
11,52,19.125,small_hydroelectric
24,52,62.577,small_hydroelectric
32,52,192.0,small_hydroelectric
39,52,52.9,small_hydroelectric
51,52,25.641,small_hydroelectric
64,52,6.128,small_hydroelectric
81,52,241.672,small_hydroelectric
95,52,418.922,small_hydroelectric
106,52,31.614,small_hydroelectric
125,52,100.697,small_hydroelectric
137,52,36.822,small_hydroelectric
145,52,33.21,small_hydroelectric
12,52,0.0,solar_photovoltaic
25,52,0.0,solar_photovoltaic
33,52,0.0,solar_photovoltaic
52,52,0.0,solar_photovoltaic
65,52,0.0,solar_photovoltaic
82,52,0.0,solar_photovoltaic
96,52,0.0,solar_photovoltaic
107,52,0.0,solar_photovoltaic
126,52,0.0,solar_photovoltaic
138,52,0.0,solar_photovoltaic
26,53,11.235,biomass
13,53,15.682,biomass
108,53,137.081,biomass
40,53,5.952,biomass
97,53,178.173,biomass
1,53,16.294,biomass
66,53,228.795,biomass
2,53,683.1682284,conventional_hydroelectric
14,53,159.4199156,conventional_hydroelectric
27,53,589.836456,conventional_hydroelectric
35,53,804.7318752,conventional_hydroelectric
54,53,720.7206534000001,conventional_hydroelectric
67,53,2475.917657467488,conventional_hydroelectric
84,53,11972.7322338,conventional_hydroelectric
109,53,294.0844416822,conventional_hydroelectric
128,53,46.54188,conventional_hydroelectric
139,53,114.0724608,conventional_hydroelectric
110,53,50.0,conventional_steam_coal
41,53,0.0,conventional_steam_coal
3,53,0.0,conventional_steam_coal
36,53,0.0,conventional_steam_coal
85,53,0.0,conventional_steam_coal
28,53,74.364,geothermal
116,53,0.0,natural_gas_fired_combined_cycle
73,53,0.0,natural_gas_fired_combined_cycle
71,53,0.0,natural_gas_fired_combined_cycle
44,53,0.0,natural_gas_fired_combined_cycle
115,53,0.0,natural_gas_fired_combined_cycle
70,53,0.0,natural_gas_fired_combined_cycle
131,53,0.0,natural_gas_fired_combined_cycle
18,53,0.0,natural_gas_fired_combined_cycle
72,53,0.0,natural_gas_fired_combined_cycle
114,53,0.0,natural_gas_fired_combined_cycle
45,53,0.0,natural_gas_fired_combined_cycle
78,53,0.0,natural_gas_fired_combustion_turbine
75,53,0.0,natural_gas_fired_combustion_turbine
119,53,0.0,natural_gas_fired_combustion_turbine
117,53,0.0,natural_gas_fired_combustion_turbine
134,53,0.0,natural_gas_fired_combustion_turbine
103,53,0.0,natural_gas_fired_combustion_turbine
47,53,0.0,natural_gas_fired_combustion_turbine
8,53,0.0,natural_gas_fired_combustion_turbine
90,53,0.0,natural_gas_fired_combustion_turbine
60,53,0.0,natural_gas_fired_combustion_turbine
46,53,0.0,natural_gas_fired_combustion_turbine
37,53,0.0,natural_gas_fired_combustion_turbine
7,53,0.0,natural_gas_fired_combustion_turbine
133,53,0.0,natural_gas_fired_combustion_turbine
74,53,0.0,natural_gas_fired_combustion_turbine
20,53,0.0,natural_gas_fired_combustion_turbine
135,53,0.0,natural_gas_fired_combustion_turbine
142,53,0.0,natural_gas_fired_combustion_turbine
121,53,0.0,natural_gas_fired_combustion_turbine
91,53,0.0,natural_gas_fired_combustion_turbine
22,53,0.0,natural_gas_steam_turbine
123,53,0.0,natural_gas_steam_turbine
62,53,0.0,natural_gas_steam_turbine
49,53,0.0,natural_gas_steam_turbine
48,53,0.0,natural_gas_steam_turbine
21,53,0.0,natural_gas_steam_turbine
79,53,7405.999,nuclear
10,53,53.13245,onshore_wind_turbine
23,53,5629.3314,onshore_wind_turbine
31,53,2018.5970000000002,onshore_wind_turbine
38,53,1220.1714,onshore_wind_turbine
50,53,323.14842,onshore_wind_turbine
63,53,31.1127600896,onshore_wind_turbine
80,53,3365.0677199999996,onshore_wind_turbine
94,53,15424.6932,onshore_wind_turbine
105,53,795.0023184390001,onshore_wind_turbine
124,53,9863.133130158001,onshore_wind_turbine
136,53,1524.5338500000003,onshore_wind_turbine
144,53,6525.13743,onshore_wind_turbine
11,53,19.125,small_hydroelectric
24,53,62.577,small_hydroelectric
32,53,192.0,small_hydroelectric
39,53,52.9,small_hydroelectric
51,53,25.641,small_hydroelectric
64,53,6.128,small_hydroelectric
81,53,241.672,small_hydroelectric
95,53,418.922,small_hydroelectric
106,53,31.614,small_hydroelectric
125,53,100.697,small_hydroelectric
137,53,36.822,small_hydroelectric
145,53,33.21,small_hydroelectric
12,53,0.0,solar_photovoltaic
25,53,0.0,solar_photovoltaic
33,53,0.0,solar_photovoltaic
52,53,0.0,solar_photovoltaic
65,53,0.0,solar_photovoltaic
82,53,0.0,solar_photovoltaic
96,53,0.0,solar_photovoltaic
107,53,0.0,solar_photovoltaic
126,53,0.0,solar_photovoltaic
138,53,0.0,solar_photovoltaic
26,54,11.235,biomass
13,54,15.682,biomass
108,54,137.081,biomass
40,54,5.952,biomass
97,54,178.173,biomass
1,54,16.294,biomass
66,54,228.795,biomass
2,54,682.6157268,conventional_hydroelectric
14,54,159.4199156,conventional_hydroelectric
27,54,589.4131284000001,conventional_hydroelectric
35,54,803.7328287999999,conventional_hydroelectric
54,54,720.304893,conventional_hydroelectric
67,54,2474.462856067488,conventional_hydroelectric
84,54,11961.1110426,conventional_hydroelectric
109,54,294.1451903442,conventional_hydroelectric
128,54,46.496340000000004,conventional_hydroelectric
139,54,113.90943359999999,conventional_hydroelectric
110,54,50.0,conventional_steam_coal
41,54,0.0,conventional_steam_coal
3,54,0.0,conventional_steam_coal
36,54,0.0,conventional_steam_coal
85,54,0.0,conventional_steam_coal
28,54,74.364,geothermal
116,54,0.0,natural_gas_fired_combined_cycle
73,54,0.0,natural_gas_fired_combined_cycle
71,54,0.0,natural_gas_fired_combined_cycle
44,54,0.0,natural_gas_fired_combined_cycle
115,54,0.0,natural_gas_fired_combined_cycle
70,54,0.0,natural_gas_fired_combined_cycle
131,54,0.0,natural_gas_fired_combined_cycle
18,54,0.0,natural_gas_fired_combined_cycle
72,54,0.0,natural_gas_fired_combined_cycle
114,54,0.0,natural_gas_fired_combined_cycle
45,54,0.0,natural_gas_fired_combined_cycle
78,54,0.0,natural_gas_fired_combustion_turbine
75,54,0.0,natural_gas_fired_combustion_turbine
119,54,0.0,natural_gas_fired_combustion_turbine
117,54,0.0,natural_gas_fired_combustion_turbine
134,54,0.0,natural_gas_fired_combustion_turbine
103,54,0.0,natural_gas_fired_combustion_turbine
47,54,0.0,natural_gas_fired_combustion_turbine
8,54,0.0,natural_gas_fired_combustion_turbine
90,54,0.0,natural_gas_fired_combustion_turbine
60,54,0.0,natural_gas_fired_combustion_turbine
46,54,0.0,natural_gas_fired_combustion_turbine
37,54,0.0,natural_gas_fired_combustion_turbine
7,54,0.0,natural_gas_fired_combustion_turbine
133,54,0.0,natural_gas_fired_combustion_turbine
74,54,0.0,natural_gas_fired_combustion_turbine
20,54,0.0,natural_gas_fired_combustion_turbine
135,54,0.0,natural_gas_fired_combustion_turbine
142,54,0.0,natural_gas_fired_combustion_turbine
121,54,0.0,natural_gas_fired_combustion_turbine
91,54,0.0,natural_gas_fired_combustion_turbine
22,54,0.0,natural_gas_steam_turbine
123,54,0.0,natural_gas_steam_turbine
62,54,0.0,natural_gas_steam_turbine
49,54,0.0,natural_gas_steam_turbine
48,54,0.0,natural_gas_steam_turbine
21,54,0.0,natural_gas_steam_turbine
79,54,5554.49925,nuclear
10,54,45.20761,onshore_wind_turbine
23,54,4684.5876,onshore_wind_turbine
31,54,1747.86752,onshore_wind_turbine
38,54,1135.53195,onshore_wind_turbine
50,54,240.49829999999997,onshore_wind_turbine
63,54,42.405440123199995,onshore_wind_turbine
80,54,4839.89856,onshore_wind_turbine
94,54,16388.2768,onshore_wind_turbine
105,54,1066.166920224,onshore_wind_turbine
124,54,9069.371995499201,onshore_wind_turbine
136,54,1645.9569000000001,onshore_wind_turbine
144,54,6728.439689999999,onshore_wind_turbine
11,54,19.125,small_hydroelectric
24,54,62.577,small_hydroelectric
32,54,192.0,small_hydroelectric
39,54,52.9,small_hydroelectric
51,54,25.641,small_hydroelectric
64,54,6.128,small_hydroelectric
81,54,241.672,small_hydroelectric
95,54,418.922,small_hydroelectric
106,54,31.614,small_hydroelectric
125,54,100.697,small_hydroelectric
137,54,36.822,small_hydroelectric
145,54,33.21,small_hydroelectric
12,54,0.0,solar_photovoltaic
25,54,757.0351599999999,solar_photovoltaic
33,54,0.0,solar_photovoltaic
52,54,991.8433,solar_photovoltaic
65,54,0.0,solar_photovoltaic
82,54,0.0,solar_photovoltaic
96,54,0.0,solar_photovoltaic
107,54,0.0,solar_photovoltaic
126,54,0.0,solar_photovoltaic
138,54,0.0,solar_photovoltaic
26,55,11.235,biomass
13,55,15.682,biomass
108,55,137.081,biomass
40,55,5.952,biomass
97,55,178.173,biomass
1,55,16.294,biomass
66,55,228.795,biomass
2,55,682.0632251999999,conventional_hydroelectric
14,55,159.37287519999998,conventional_hydroelectric
27,55,589.13091,conventional_hydroelectric
35,55,802.7337824,conventional_hydroelectric
54,55,719.9930727000001,conventional_hydroelectric
67,55,2472.955594529004,conventional_hydroelectric
84,55,11949.4898514,conventional_hydroelectric
109,55,294.20593761,conventional_hydroelectric
128,55,46.4508,conventional_hydroelectric
139,55,113.7464064,conventional_hydroelectric
110,55,28.499999999999996,conventional_steam_coal
41,55,4013.626535477773,conventional_steam_coal
3,55,0.0,conventional_steam_coal
36,55,0.0,conventional_steam_coal
85,55,0.0,conventional_steam_coal
28,55,74.364,geothermal
116,55,0.0,natural_gas_fired_combined_cycle
73,55,0.0,natural_gas_fired_combined_cycle
71,55,0.0,natural_gas_fired_combined_cycle
44,55,0.0,natural_gas_fired_combined_cycle
115,55,0.0,natural_gas_fired_combined_cycle
70,55,0.0,natural_gas_fired_combined_cycle
131,55,0.0,natural_gas_fired_combined_cycle
18,55,0.0,natural_gas_fired_combined_cycle
72,55,0.0,natural_gas_fired_combined_cycle
114,55,0.0,natural_gas_fired_combined_cycle
45,55,0.0,natural_gas_fired_combined_cycle
78,55,0.0,natural_gas_fired_combustion_turbine
75,55,0.0,natural_gas_fired_combustion_turbine
119,55,0.0,natural_gas_fired_combustion_turbine
117,55,0.0,natural_gas_fired_combustion_turbine
134,55,0.0,natural_gas_fired_combustion_turbine
103,55,0.0,natural_gas_fired_combustion_turbine
47,55,0.0,natural_gas_fired_combustion_turbine
8,55,0.0,natural_gas_fired_combustion_turbine
90,55,0.0,natural_gas_fired_combustion_turbine
60,55,0.0,natural_gas_fired_combustion_turbine
46,55,0.0,natural_gas_fired_combustion_turbine
37,55,0.0,natural_gas_fired_combustion_turbine
7,55,0.0,natural_gas_fired_combustion_turbine
133,55,0.0,natural_gas_fired_combustion_turbine
74,55,0.0,natural_gas_fired_combustion_turbine
20,55,0.0,natural_gas_fired_combustion_turbine
135,55,0.0,natural_gas_fired_combustion_turbine
142,55,0.0,natural_gas_fired_combustion_turbine
121,55,0.0,natural_gas_fired_combustion_turbine
91,55,0.0,natural_gas_fired_combustion_turbine
22,55,0.0,natural_gas_steam_turbine
123,55,0.0,natural_gas_steam_turbine
62,55,0.0,natural_gas_steam_turbine
49,55,0.0,natural_gas_steam_turbine
48,55,0.0,natural_gas_steam_turbine
21,55,0.0,natural_gas_steam_turbine
79,55,3702.9995,nuclear
10,55,83.39093000000001,onshore_wind_turbine
23,55,4768.4406,onshore_wind_turbine
31,55,2419.94158,onshore_wind_turbine
38,55,1105.4252999999999,onshore_wind_turbine
50,55,62.326319999999996,onshore_wind_turbine
63,55,27.40976028,onshore_wind_turbine
80,55,3094.6355999999996,onshore_wind_turbine
94,55,11868.2606,onshore_wind_turbine
105,55,470.02662000000004,onshore_wind_turbine
124,55,7423.014188682401,onshore_wind_turbine
136,55,1314.96666,onshore_wind_turbine
144,55,4606.7427,onshore_wind_turbine
11,55,19.125,small_hydroelectric
24,55,62.577,small_hydroelectric
32,55,192.0,small_hydroelectric
39,55,52.9,small_hydroelectric
51,55,25.641,small_hydroelectric
64,55,6.128,small_hydroelectric
81,55,241.672,small_hydroelectric
95,55,418.922,small_hydroelectric
106,55,31.614,small_hydroelectric
125,55,100.697,small_hydroelectric
137,55,36.822,small_hydroelectric
145,55,33.21,small_hydroelectric
12,55,2412.4816800000003,solar_photovoltaic
25,55,1732.2877599999997,solar_photovoltaic
33,55,499.2778,solar_photovoltaic
52,55,2842.13216,solar_photovoltaic
65,55,2400.6628011996,solar_photovoltaic
82,55,3191.78692,solar_photovoltaic
96,55,257.71522,solar_photovoltaic
107,55,2317.4010952854997,solar_photovoltaic
126,55,6156.580445288,solar_photovoltaic
138,55,677.1526299999998,solar_photovoltaic
26,56,0.0,biomass
13,56,0.0,biomass
108,56,0.0,biomass
40,56,0.0,biomass
97,56,0.0,biomass
1,56,0.0,biomass
66,56,0.0,biomass
2,56,681.5107236,conventional_hydroelectric
14,56,120.32934319999998,conventional_hydroelectric
27,56,472.010274,conventional_hydroelectric
35,56,595.4316544,conventional_hydroelectric
54,56,633.7227897,conventional_hydroelectric
67,56,1869.213013529004,conventional_hydroelectric
84,56,9538.0926774,conventional_hydroelectric
109,56,294.1878135378,conventional_hydroelectric
128,56,37.7982,conventional_hydroelectric
139,56,94.41603839999999,conventional_hydroelectric
110,56,0.0,conventional_steam_coal
41,56,0.0,conventional_steam_coal
3,56,0.0,conventional_steam_coal
36,56,0.0,conventional_steam_coal
85,56,0.0,conventional_steam_coal
28,56,74.364,geothermal
116,56,0.0,natural_gas_fired_combined_cycle
73,56,0.0,natural_gas_fired_combined_cycle
71,56,0.0,natural_gas_fired_combined_cycle
44,56,0.0,natural_gas_fired_combined_cycle
115,56,0.0,natural_gas_fired_combined_cycle
70,56,0.0,natural_gas_fired_combined_cycle
131,56,0.0,natural_gas_fired_combined_cycle
18,56,0.0,natural_gas_fired_combined_cycle
72,56,0.0,natural_gas_fired_combined_cycle
114,56,0.0,natural_gas_fired_combined_cycle
45,56,0.0,natural_gas_fired_combined_cycle
78,56,0.0,natural_gas_fired_combustion_turbine
75,56,0.0,natural_gas_fired_combustion_turbine
119,56,0.0,natural_gas_fired_combustion_turbine
117,56,0.0,natural_gas_fired_combustion_turbine
134,56,0.0,natural_gas_fired_combustion_turbine
103,56,0.0,natural_gas_fired_combustion_turbine
47,56,0.0,natural_gas_fired_combustion_turbine
8,56,0.0,natural_gas_fired_combustion_turbine
90,56,0.0,natural_gas_fired_combustion_turbine
60,56,0.0,natural_gas_fired_combustion_turbine
46,56,0.0,natural_gas_fired_combustion_turbine
37,56,0.0,natural_gas_fired_combustion_turbine
7,56,0.0,natural_gas_fired_combustion_turbine
133,56,0.0,natural_gas_fired_combustion_turbine
74,56,0.0,natural_gas_fired_combustion_turbine
20,56,0.0,natural_gas_fired_combustion_turbine
135,56,0.0,natural_gas_fired_combustion_turbine
142,56,0.0,natural_gas_fired_combustion_turbine
121,56,0.0,natural_gas_fired_combustion_turbine
91,56,0.0,natural_gas_fired_combustion_turbine
22,56,0.0,natural_gas_steam_turbine
123,56,0.0,natural_gas_steam_turbine
62,56,0.0,natural_gas_steam_turbine
49,56,0.0,natural_gas_steam_turbine
48,56,0.0,natural_gas_steam_turbine
21,56,0.0,natural_gas_steam_turbine
79,56,1851.49975,nuclear
10,56,28.817600000000002,onshore_wind_turbine
23,56,4971.5512,onshore_wind_turbine
31,56,3242.81671,onshore_wind_turbine
38,56,525.44625,onshore_wind_turbine
50,56,4.74222,onshore_wind_turbine
63,56,2.3309997536,onshore_wind_turbine
80,56,5021.115959999999,onshore_wind_turbine
94,56,10165.439199999999,onshore_wind_turbine
105,56,6.245119482000001,onshore_wind_turbine
124,56,2596.7648658336007,onshore_wind_turbine
136,56,595.4226600000001,onshore_wind_turbine
144,56,2376.9062099999996,onshore_wind_turbine
11,56,19.125,small_hydroelectric
24,56,62.577,small_hydroelectric
32,56,192.0,small_hydroelectric
39,56,52.9,small_hydroelectric
51,56,25.641,small_hydroelectric
64,56,6.128,small_hydroelectric
81,56,241.672,small_hydroelectric
95,56,418.922,small_hydroelectric
106,56,31.614,small_hydroelectric
125,56,100.697,small_hydroelectric
137,56,36.822,small_hydroelectric
145,56,33.21,small_hydroelectric
12,56,5387.12244,solar_photovoltaic
25,56,2301.7455999999997,solar_photovoltaic
33,56,765.99355,solar_photovoltaic
52,56,3977.0497200000004,solar_photovoltaic
65,56,7230.2844534172,solar_photovoltaic
82,56,7985.32021,solar_photovoltaic
96,56,588.89544,solar_photovoltaic
107,56,7289.1127369935,solar_photovoltaic
126,56,16050.509994841,solar_photovoltaic
138,56,1551.5607799999998,solar_photovoltaic
26,57,0.0,biomass
13,57,0.0,biomass
108,57,0.0,biomass
40,57,0.0,biomass
97,57,0.0,biomass
1,57,0.0,biomass
66,57,0.0,biomass
2,57,452.2225596,conventional_hydroelectric
14,57,81.28581119999998,conventional_hydroelectric
27,57,354.889638,conventional_hydroelectric
35,57,388.1295263999999,conventional_hydroelectric
54,57,547.4525067,conventional_hydroelectric
67,57,1265.470432529004,conventional_hydroelectric
84,57,7126.6955034,conventional_hydroelectric
109,57,178.30321353780002,conventional_hydroelectric
128,57,25.198800000000002,conventional_hydroelectric
139,57,75.0856704,conventional_hydroelectric
110,57,0.0,conventional_steam_coal
41,57,0.0,conventional_steam_coal
3,57,0.0,conventional_steam_coal
36,57,0.0,conventional_steam_coal
85,57,0.0,conventional_steam_coal
28,57,74.364,geothermal
116,57,0.0,natural_gas_fired_combined_cycle
73,57,0.0,natural_gas_fired_combined_cycle
71,57,0.0,natural_gas_fired_combined_cycle
44,57,0.0,natural_gas_fired_combined_cycle
115,57,0.0,natural_gas_fired_combined_cycle
70,57,0.0,natural_gas_fired_combined_cycle
131,57,0.0,natural_gas_fired_combined_cycle
18,57,0.0,natural_gas_fired_combined_cycle
72,57,0.0,natural_gas_fired_combined_cycle
114,57,0.0,natural_gas_fired_combined_cycle
45,57,0.0,natural_gas_fired_combined_cycle
78,57,0.0,natural_gas_fired_combustion_turbine
75,57,0.0,natural_gas_fired_combustion_turbine
119,57,0.0,natural_gas_fired_combustion_turbine
117,57,0.0,natural_gas_fired_combustion_turbine
134,57,0.0,natural_gas_fired_combustion_turbine
103,57,0.0,natural_gas_fired_combustion_turbine
47,57,0.0,natural_gas_fired_combustion_turbine
8,57,0.0,natural_gas_fired_combustion_turbine
90,57,0.0,natural_gas_fired_combustion_turbine
60,57,0.0,natural_gas_fired_combustion_turbine
46,57,0.0,natural_gas_fired_combustion_turbine
37,57,0.0,natural_gas_fired_combustion_turbine
7,57,0.0,natural_gas_fired_combustion_turbine
133,57,0.0,natural_gas_fired_combustion_turbine
74,57,0.0,natural_gas_fired_combustion_turbine
20,57,0.0,natural_gas_fired_combustion_turbine
135,57,0.0,natural_gas_fired_combustion_turbine
142,57,0.0,natural_gas_fired_combustion_turbine
121,57,0.0,natural_gas_fired_combustion_turbine
91,57,0.0,natural_gas_fired_combustion_turbine
22,57,0.0,natural_gas_steam_turbine
123,57,0.0,natural_gas_steam_turbine
62,57,0.0,natural_gas_steam_turbine
49,57,0.0,natural_gas_steam_turbine
48,57,0.0,natural_gas_steam_turbine
21,57,0.0,natural_gas_steam_turbine
79,57,0.0,nuclear
10,57,36.56233,onshore_wind_turbine
23,57,6887.1264,onshore_wind_turbine
31,57,1063.91936,onshore_wind_turbine
38,57,369.2325,onshore_wind_turbine
50,57,30.485699999999994,onshore_wind_turbine
63,57,0.0,onshore_wind_turbine
80,57,4144.767199999999,onshore_wind_turbine
94,57,3600.5662,onshore_wind_turbine
105,57,0.0,onshore_wind_turbine
124,57,1943.7567112348002,onshore_wind_turbine
136,57,237.44952000000004,onshore_wind_turbine
144,57,5891.439959999999,onshore_wind_turbine
11,57,19.125,small_hydroelectric
24,57,62.577,small_hydroelectric
32,57,192.0,small_hydroelectric
39,57,52.9,small_hydroelectric
51,57,25.641,small_hydroelectric
64,57,6.128,small_hydroelectric
81,57,241.672,small_hydroelectric
95,57,418.922,small_hydroelectric
106,57,31.614,small_hydroelectric
125,57,100.697,small_hydroelectric
137,57,36.822,small_hydroelectric
145,57,33.21,small_hydroelectric
12,57,7301.0057400000005,solar_photovoltaic
25,57,2619.7302599999994,solar_photovoltaic
33,57,743.9873,solar_photovoltaic
52,57,4736.65654,solar_photovoltaic
65,57,11008.010785814,solar_photovoltaic
82,57,10866.902900000001,solar_photovoltaic
96,57,823.98344,solar_photovoltaic
107,57,10634.5205478925,solar_photovoltaic
126,57,22844.204302864,solar_photovoltaic
138,57,1856.1196499999996,solar_photovoltaic
26,58,0.0,biomass
13,58,0.0,biomass
108,58,0.0,biomass
40,58,0.0,biomass
97,58,0.0,biomass
1,58,0.0,biomass
66,58,0.0,biomass
2,58,222.93439560000002,conventional_hydroelectric
14,58,42.242279199999984,conventional_hydroelectric
27,58,237.76900199999997,conventional_hydroelectric
35,58,180.8273983999999,conventional_hydroelectric
54,58,461.18222369999995,conventional_hydroelectric
67,58,661.727851529004,conventional_hydroelectric
84,58,4715.2983294000005,conventional_hydroelectric
109,58,62.41861353780001,conventional_hydroelectric
128,58,12.599400000000001,conventional_hydroelectric
139,58,55.7553024,conventional_hydroelectric
110,58,0.0,conventional_steam_coal
41,58,0.0,conventional_steam_coal
3,58,0.0,conventional_steam_coal
36,58,0.0,conventional_steam_coal
85,58,0.0,conventional_steam_coal
28,58,0.0,geothermal
116,58,0.0,natural_gas_fired_combined_cycle
73,58,0.0,natural_gas_fired_combined_cycle
71,58,0.0,natural_gas_fired_combined_cycle
44,58,0.0,natural_gas_fired_combined_cycle
115,58,0.0,natural_gas_fired_combined_cycle
70,58,0.0,natural_gas_fired_combined_cycle
131,58,0.0,natural_gas_fired_combined_cycle
18,58,0.0,natural_gas_fired_combined_cycle
72,58,0.0,natural_gas_fired_combined_cycle
114,58,0.0,natural_gas_fired_combined_cycle
45,58,0.0,natural_gas_fired_combined_cycle
78,58,0.0,natural_gas_fired_combustion_turbine
75,58,0.0,natural_gas_fired_combustion_turbine
119,58,0.0,natural_gas_fired_combustion_turbine
117,58,0.0,natural_gas_fired_combustion_turbine
134,58,0.0,natural_gas_fired_combustion_turbine
103,58,0.0,natural_gas_fired_combustion_turbine
47,58,0.0,natural_gas_fired_combustion_turbine
8,58,0.0,natural_gas_fired_combustion_turbine
90,58,0.0,natural_gas_fired_combustion_turbine
60,58,0.0,natural_gas_fired_combustion_turbine
46,58,0.0,natural_gas_fired_combustion_turbine
37,58,0.0,natural_gas_fired_combustion_turbine
7,58,0.0,natural_gas_fired_combustion_turbine
133,58,0.0,natural_gas_fired_combustion_turbine
74,58,0.0,natural_gas_fired_combustion_turbine
20,58,0.0,natural_gas_fired_combustion_turbine
135,58,0.0,natural_gas_fired_combustion_turbine
142,58,0.0,natural_gas_fired_combustion_turbine
121,58,0.0,natural_gas_fired_combustion_turbine
91,58,0.0,natural_gas_fired_combustion_turbine
22,58,0.0,natural_gas_steam_turbine
123,58,0.0,natural_gas_steam_turbine
62,58,0.0,natural_gas_steam_turbine
49,58,0.0,natural_gas_steam_turbine
48,58,0.0,natural_gas_steam_turbine
21,58,0.0,natural_gas_steam_turbine
79,58,0.0,nuclear
10,58,0.0,onshore_wind_turbine
23,58,6477.178400000001,onshore_wind_turbine
31,58,657.82514,onshore_wind_turbine
38,58,198.1563613050928,onshore_wind_turbine
50,58,0.0,onshore_wind_turbine
63,58,0.0,onshore_wind_turbine
80,58,0.0,onshore_wind_turbine
94,58,0.0,onshore_wind_turbine
105,58,0.0,onshore_wind_turbine
124,58,0.0,onshore_wind_turbine
136,58,0.0,onshore_wind_turbine
144,58,6938.230319999999,onshore_wind_turbine
11,58,0.0,small_hydroelectric
24,58,0.0,small_hydroelectric
32,58,0.0,small_hydroelectric
39,58,0.0,small_hydroelectric
51,58,0.0,small_hydroelectric
64,58,0.0,small_hydroelectric
81,58,0.0,small_hydroelectric
95,58,418.922,small_hydroelectric
106,58,0.0,small_hydroelectric
125,58,0.0,small_hydroelectric
137,58,0.0,small_hydroelectric
145,58,0.0,small_hydroelectric
12,58,8236.054259999999,solar_photovoltaic
25,58,0.0,solar_photovoltaic
33,58,940.1070000000001,solar_photovoltaic
52,58,4973.0401,solar_photovoltaic
65,58,13131.576217387601,solar_photovoltaic
82,58,13130.028100000001,solar_photovoltaic
96,58,948.43315,solar_photovoltaic
107,58,12488.777697934998,solar_photovoltaic
126,58,26287.927547605497,solar_photovoltaic
138,58,2146.5236099999997,solar_photovoltaic
26,59,0.0,biomass
13,59,0.0,biomass
108,59,0.0,biomass
40,59,0.0,biomass
97,59,0.0,biomass
1,59,0.0,biomass
66,59,0.0,biomass
2,59,0.0,conventional_hydroelectric
14,59,3.1987471999999855,conventional_hydroelectric
27,59,120.64836599999995,conventional_hydroelectric
35,59,0.0,conventional_hydroelectric
54,59,374.91194069999995,conventional_hydroelectric
67,59,57.98527052900408,conventional_hydroelectric
84,59,2303.9011554000003,conventional_hydroelectric
109,59,0.0,conventional_hydroelectric
128,59,0.0,conventional_hydroelectric
139,59,36.4249344,conventional_hydroelectric
110,59,0.0,conventional_steam_coal
41,59,0.0,conventional_steam_coal
3,59,0.0,conventional_steam_coal
36,59,0.0,conventional_steam_coal
85,59,0.0,conventional_steam_coal
28,59,0.0,geothermal
116,59,0.0,natural_gas_fired_combined_cycle
73,59,0.0,natural_gas_fired_combined_cycle
71,59,0.0,natural_gas_fired_combined_cycle
44,59,0.0,natural_gas_fired_combined_cycle
115,59,0.0,natural_gas_fired_combined_cycle
70,59,0.0,natural_gas_fired_combined_cycle
131,59,0.0,natural_gas_fired_combined_cycle
18,59,0.0,natural_gas_fired_combined_cycle
72,59,0.0,natural_gas_fired_combined_cycle
114,59,0.0,natural_gas_fired_combined_cycle
45,59,0.0,natural_gas_fired_combined_cycle
78,59,0.0,natural_gas_fired_combustion_turbine
75,59,0.0,natural_gas_fired_combustion_turbine
119,59,0.0,natural_gas_fired_combustion_turbine
117,59,0.0,natural_gas_fired_combustion_turbine
134,59,0.0,natural_gas_fired_combustion_turbine
103,59,0.0,natural_gas_fired_combustion_turbine
47,59,0.0,natural_gas_fired_combustion_turbine
8,59,0.0,natural_gas_fired_combustion_turbine
90,59,0.0,natural_gas_fired_combustion_turbine
60,59,0.0,natural_gas_fired_combustion_turbine
46,59,0.0,natural_gas_fired_combustion_turbine
37,59,0.0,natural_gas_fired_combustion_turbine
7,59,0.0,natural_gas_fired_combustion_turbine
133,59,0.0,natural_gas_fired_combustion_turbine
74,59,0.0,natural_gas_fired_combustion_turbine
20,59,0.0,natural_gas_fired_combustion_turbine
135,59,0.0,natural_gas_fired_combustion_turbine
142,59,0.0,natural_gas_fired_combustion_turbine
121,59,0.0,natural_gas_fired_combustion_turbine
91,59,0.0,natural_gas_fired_combustion_turbine
22,59,0.0,natural_gas_steam_turbine
123,59,0.0,natural_gas_steam_turbine
62,59,0.0,natural_gas_steam_turbine
49,59,0.0,natural_gas_steam_turbine
48,59,0.0,natural_gas_steam_turbine
21,59,0.0,natural_gas_steam_turbine
79,59,0.0,nuclear
10,59,0.0,onshore_wind_turbine
23,59,0.0,onshore_wind_turbine
31,59,0.0,onshore_wind_turbine
38,59,0.0,onshore_wind_turbine
50,59,296.05002,onshore_wind_turbine
63,59,0.0,onshore_wind_turbine
80,59,0.0,onshore_wind_turbine
94,59,5814.6017999999995,onshore_wind_turbine
105,59,0.0,onshore_wind_turbine
124,59,0.0,onshore_wind_turbine
136,59,370.56516000000005,onshore_wind_turbine
144,59,6202.881719999999,onshore_wind_turbine
11,59,0.0,small_hydroelectric
24,59,62.577,small_hydroelectric
32,59,192.0,small_hydroelectric
39,59,0.0,small_hydroelectric
51,59,25.641,small_hydroelectric
64,59,6.128,small_hydroelectric
81,59,241.672,small_hydroelectric
95,59,417.2882046724941,small_hydroelectric
106,59,31.614,small_hydroelectric
125,59,100.697,small_hydroelectric
137,59,36.822,small_hydroelectric
145,59,33.21,small_hydroelectric
12,59,8673.91686,solar_photovoltaic
25,59,2770.6888999999996,solar_photovoltaic
33,59,939.0507,solar_photovoltaic
52,59,5016.5844400000005,solar_photovoltaic
65,59,14480.376600805499,solar_photovoltaic
82,59,13896.759310000001,solar_photovoltaic
96,59,1030.42009,solar_photovoltaic
107,59,13484.139205005,solar_photovoltaic
126,59,28657.912795288,solar_photovoltaic
138,59,1884.8860799999998,solar_photovoltaic
26,60,0.0,biomass
13,60,0.0,biomass
108,60,0.0,biomass
40,60,0.0,biomass
97,60,0.0,biomass
1,60,0.0,biomass
66,60,0.0,biomass
2,60,0.0,conventional_hydroelectric
14,60,0.0,conventional_hydroelectric
27,60,3.5277299999999343,conventional_hydroelectric
35,60,0.0,conventional_hydroelectric
54,60,288.64165769999994,conventional_hydroelectric
67,60,0.0,conventional_hydroelectric
84,60,0.0,conventional_hydroelectric
109,60,0.0,conventional_hydroelectric
128,60,0.0,conventional_hydroelectric
139,60,17.094566399999998,conventional_hydroelectric
110,60,0.0,conventional_steam_coal
41,60,0.0,conventional_steam_coal
3,60,0.0,conventional_steam_coal
36,60,0.0,conventional_steam_coal
85,60,0.0,conventional_steam_coal
28,60,0.0,geothermal
116,60,0.0,natural_gas_fired_combined_cycle
73,60,0.0,natural_gas_fired_combined_cycle
71,60,0.0,natural_gas_fired_combined_cycle
44,60,0.0,natural_gas_fired_combined_cycle
115,60,0.0,natural_gas_fired_combined_cycle
70,60,0.0,natural_gas_fired_combined_cycle
131,60,0.0,natural_gas_fired_combined_cycle
18,60,0.0,natural_gas_fired_combined_cycle
72,60,0.0,natural_gas_fired_combined_cycle
114,60,0.0,natural_gas_fired_combined_cycle
45,60,0.0,natural_gas_fired_combined_cycle
78,60,0.0,natural_gas_fired_combustion_turbine
75,60,0.0,natural_gas_fired_combustion_turbine
119,60,0.0,natural_gas_fired_combustion_turbine
117,60,0.0,natural_gas_fired_combustion_turbine
134,60,0.0,natural_gas_fired_combustion_turbine
103,60,0.0,natural_gas_fired_combustion_turbine
47,60,0.0,natural_gas_fired_combustion_turbine
8,60,0.0,natural_gas_fired_combustion_turbine
90,60,0.0,natural_gas_fired_combustion_turbine
60,60,0.0,natural_gas_fired_combustion_turbine
46,60,0.0,natural_gas_fired_combustion_turbine
37,60,0.0,natural_gas_fired_combustion_turbine
7,60,0.0,natural_gas_fired_combustion_turbine
133,60,0.0,natural_gas_fired_combustion_turbine
74,60,0.0,natural_gas_fired_combustion_turbine
20,60,0.0,natural_gas_fired_combustion_turbine
135,60,0.0,natural_gas_fired_combustion_turbine
142,60,0.0,natural_gas_fired_combustion_turbine
121,60,0.0,natural_gas_fired_combustion_turbine
91,60,0.0,natural_gas_fired_combustion_turbine
22,60,0.0,natural_gas_steam_turbine
123,60,0.0,natural_gas_steam_turbine
62,60,0.0,natural_gas_steam_turbine
49,60,0.0,natural_gas_steam_turbine
48,60,0.0,natural_gas_steam_turbine
21,60,0.0,natural_gas_steam_turbine
79,60,0.0,nuclear
10,60,65.37993,onshore_wind_turbine
23,60,6590.840150519279,onshore_wind_turbine
31,60,0.0,onshore_wind_turbine
38,60,0.0,onshore_wind_turbine
50,60,522.99912,onshore_wind_turbine
63,60,0.0,onshore_wind_turbine
80,60,0.0,onshore_wind_turbine
94,60,0.0,onshore_wind_turbine
105,60,0.0,onshore_wind_turbine
124,60,0.0,onshore_wind_turbine
136,60,1023.5513400000001,onshore_wind_turbine
144,60,7952.5788299999995,onshore_wind_turbine
11,60,0.0,small_hydroelectric
24,60,0.0,small_hydroelectric
32,60,0.0,small_hydroelectric
39,60,0.0,small_hydroelectric
51,60,0.0,small_hydroelectric
64,60,0.0,small_hydroelectric
81,60,241.672,small_hydroelectric
95,60,418.922,small_hydroelectric
106,60,0.0,small_hydroelectric
125,60,100.697,small_hydroelectric
137,60,0.0,small_hydroelectric
145,60,33.21,small_hydroelectric
12,60,8758.66446,solar_photovoltaic
25,60,2805.06562,solar_photovoltaic
33,60,811.41445,solar_photovoltaic
52,60,5017.9668,solar_photovoltaic
65,60,15188.7739413067,solar_photovoltaic
82,60,14199.159660000001,solar_photovoltaic
96,60,1061.86311,solar_photovoltaic
107,60,13847.98730854,solar_photovoltaic
126,60,30241.959295533998,solar_photovoltaic
138,60,1909.9996299999998,solar_photovoltaic
26,61,0.0,biomass
13,61,0.0,biomass
108,61,0.0,biomass
40,61,0.0,biomass
97,61,0.0,biomass
1,61,0.0,biomass
66,61,0.0,biomass
2,61,0.0,conventional_hydroelectric
14,61,0.0,conventional_hydroelectric
27,61,0.0,conventional_hydroelectric
35,61,0.0,conventional_hydroelectric
54,61,202.37137469999993,conventional_hydroelectric
67,61,0.0,conventional_hydroelectric
84,61,0.0,conventional_hydroelectric
109,61,0.0,conventional_hydroelectric
128,61,0.0,conventional_hydroelectric
139,61,0.0,conventional_hydroelectric
110,61,0.0,conventional_steam_coal
41,61,0.0,conventional_steam_coal
3,61,0.0,conventional_steam_coal
36,61,0.0,conventional_steam_coal
85,61,0.0,conventional_steam_coal
28,61,0.0,geothermal
116,61,0.0,natural_gas_fired_combined_cycle
73,61,0.0,natural_gas_fired_combined_cycle
71,61,0.0,natural_gas_fired_combined_cycle
44,61,0.0,natural_gas_fired_combined_cycle
115,61,0.0,natural_gas_fired_combined_cycle
70,61,0.0,natural_gas_fired_combined_cycle
131,61,0.0,natural_gas_fired_combined_cycle
18,61,0.0,natural_gas_fired_combined_cycle
72,61,0.0,natural_gas_fired_combined_cycle
114,61,0.0,natural_gas_fired_combined_cycle
45,61,0.0,natural_gas_fired_combined_cycle
78,61,0.0,natural_gas_fired_combustion_turbine
75,61,0.0,natural_gas_fired_combustion_turbine
119,61,0.0,natural_gas_fired_combustion_turbine
117,61,0.0,natural_gas_fired_combustion_turbine
134,61,0.0,natural_gas_fired_combustion_turbine
103,61,0.0,natural_gas_fired_combustion_turbine
47,61,0.0,natural_gas_fired_combustion_turbine
8,61,0.0,natural_gas_fired_combustion_turbine
90,61,0.0,natural_gas_fired_combustion_turbine
60,61,0.0,natural_gas_fired_combustion_turbine
46,61,0.0,natural_gas_fired_combustion_turbine
37,61,0.0,natural_gas_fired_combustion_turbine
7,61,0.0,natural_gas_fired_combustion_turbine
133,61,0.0,natural_gas_fired_combustion_turbine
74,61,0.0,natural_gas_fired_combustion_turbine
20,61,0.0,natural_gas_fired_combustion_turbine
135,61,0.0,natural_gas_fired_combustion_turbine
142,61,0.0,natural_gas_fired_combustion_turbine
121,61,0.0,natural_gas_fired_combustion_turbine
91,61,0.0,natural_gas_fired_combustion_turbine
22,61,0.0,natural_gas_steam_turbine
123,61,0.0,natural_gas_steam_turbine
62,61,0.0,natural_gas_steam_turbine
49,61,0.0,natural_gas_steam_turbine
48,61,0.0,natural_gas_steam_turbine
21,61,0.0,natural_gas_steam_turbine
79,61,0.0,nuclear
10,61,0.0,onshore_wind_turbine
23,61,7360.43,onshore_wind_turbine
31,61,0.0,onshore_wind_turbine
38,61,589.6359,onshore_wind_turbine
50,61,1589.9986199999998,onshore_wind_turbine
63,61,0.0,onshore_wind_turbine
80,61,3323.2483199999992,onshore_wind_turbine
94,61,7506.3898,onshore_wind_turbine
105,61,532.675498509,onshore_wind_turbine
124,61,1728.2422364438,onshore_wind_turbine
136,61,1514.64012,onshore_wind_turbine
144,61,8307.276389999999,onshore_wind_turbine
11,61,0.0,small_hydroelectric
24,61,0.0,small_hydroelectric
32,61,192.0,small_hydroelectric
39,61,31.9342383083158,small_hydroelectric
51,61,0.0,small_hydroelectric
64,61,0.0,small_hydroelectric
81,61,0.0,small_hydroelectric
95,61,0.0,small_hydroelectric
106,61,0.0,small_hydroelectric
125,61,0.0,small_hydroelectric
137,61,0.0,small_hydroelectric
145,61,0.0,small_hydroelectric
12,61,0.0,solar_photovoltaic
25,61,0.0,solar_photovoltaic
33,61,0.0,solar_photovoltaic
52,61,4919.81924,solar_photovoltaic
65,61,15251.8735607504,solar_photovoltaic
82,61,14046.984,solar_photovoltaic
96,61,0.0,solar_photovoltaic
107,61,13825.589325754501,solar_photovoltaic
126,61,30848.558995534,solar_photovoltaic
138,61,2053.8317799999995,solar_photovoltaic
26,62,0.0,biomass
13,62,0.0,biomass
108,62,0.0,biomass
40,62,0.0,biomass
97,62,0.0,biomass
1,62,0.0,biomass
66,62,0.0,biomass
2,62,0.0,conventional_hydroelectric
14,62,0.0,conventional_hydroelectric
27,62,0.0,conventional_hydroelectric
35,62,0.0,conventional_hydroelectric
54,62,284.17223340000004,conventional_hydroelectric
67,62,0.0,conventional_hydroelectric
84,62,0.0,conventional_hydroelectric
109,62,0.0,conventional_hydroelectric
128,62,0.0,conventional_hydroelectric
139,62,15.138240000000003,conventional_hydroelectric
110,62,0.0,conventional_steam_coal
41,62,0.0,conventional_steam_coal
3,62,0.0,conventional_steam_coal
36,62,0.0,conventional_steam_coal
85,62,0.0,conventional_steam_coal
28,62,0.0,geothermal
116,62,0.0,natural_gas_fired_combined_cycle
73,62,0.0,natural_gas_fired_combined_cycle
71,62,0.0,natural_gas_fired_combined_cycle
44,62,0.0,natural_gas_fired_combined_cycle
115,62,0.0,natural_gas_fired_combined_cycle
70,62,0.0,natural_gas_fired_combined_cycle
131,62,0.0,natural_gas_fired_combined_cycle
18,62,0.0,natural_gas_fired_combined_cycle
72,62,0.0,natural_gas_fired_combined_cycle
114,62,0.0,natural_gas_fired_combined_cycle
45,62,0.0,natural_gas_fired_combined_cycle
78,62,0.0,natural_gas_fired_combustion_turbine
75,62,0.0,natural_gas_fired_combustion_turbine
119,62,0.0,natural_gas_fired_combustion_turbine
117,62,0.0,natural_gas_fired_combustion_turbine
134,62,0.0,natural_gas_fired_combustion_turbine
103,62,0.0,natural_gas_fired_combustion_turbine
47,62,0.0,natural_gas_fired_combustion_turbine
8,62,0.0,natural_gas_fired_combustion_turbine
90,62,0.0,natural_gas_fired_combustion_turbine
60,62,0.0,natural_gas_fired_combustion_turbine
46,62,0.0,natural_gas_fired_combustion_turbine
37,62,0.0,natural_gas_fired_combustion_turbine
7,62,0.0,natural_gas_fired_combustion_turbine
133,62,0.0,natural_gas_fired_combustion_turbine
74,62,0.0,natural_gas_fired_combustion_turbine
20,62,0.0,natural_gas_fired_combustion_turbine
135,62,0.0,natural_gas_fired_combustion_turbine
142,62,0.0,natural_gas_fired_combustion_turbine
121,62,0.0,natural_gas_fired_combustion_turbine
91,62,0.0,natural_gas_fired_combustion_turbine
22,62,0.0,natural_gas_steam_turbine
123,62,0.0,natural_gas_steam_turbine
62,62,0.0,natural_gas_steam_turbine
49,62,0.0,natural_gas_steam_turbine
48,62,0.0,natural_gas_steam_turbine
21,62,0.0,natural_gas_steam_turbine
79,62,0.0,nuclear
10,62,182.99625866960378,onshore_wind_turbine
23,62,7712.6125999999995,onshore_wind_turbine
31,62,0.0,onshore_wind_turbine
38,62,0.0,onshore_wind_turbine
50,62,865.11642,onshore_wind_turbine
63,62,0.0,onshore_wind_turbine
80,62,5087.097679999999,onshore_wind_turbine
94,62,13692.449400000001,onshore_wind_turbine
105,62,0.0,onshore_wind_turbine
124,62,4038.6053449126007,onshore_wind_turbine
136,62,0.0,onshore_wind_turbine
144,62,7985.020679999999,onshore_wind_turbine
11,62,0.0,small_hydroelectric
24,62,0.0,small_hydroelectric
32,62,0.0,small_hydroelectric
39,62,0.0,small_hydroelectric
51,62,0.0,small_hydroelectric
64,62,0.0,small_hydroelectric
81,62,0.0,small_hydroelectric
95,62,418.922,small_hydroelectric
106,62,0.0,small_hydroelectric
125,62,0.0,small_hydroelectric
137,62,0.0,small_hydroelectric
145,62,0.0,small_hydroelectric
12,62,8357.52582,solar_photovoltaic
25,62,2687.73638,solar_photovoltaic
33,62,702.2634499999999,solar_photovoltaic
52,62,4831.348199999999,solar_photovoltaic
65,62,13796.5171469034,solar_photovoltaic
82,62,13824.57342,solar_photovoltaic
96,62,1036.15036,solar_photovoltaic
107,62,13011.961555887,solar_photovoltaic
126,62,28943.975543377997,solar_photovoltaic
138,62,2056.5714399999997,solar_photovoltaic
26,63,0.0,biomass
13,63,0.0,biomass
108,63,0.0,biomass
40,63,0.0,biomass
97,63,0.0,biomass
1,63,0.0,biomass
66,63,0.0,biomass
2,63,0.0,conventional_hydroelectric
14,63,2.9635451999999987,conventional_hydroelectric
27,63,116.13287159999999,conventional_hydroelectric
35,63,0.0,conventional_hydroelectric
54,63,370.44251640000004,conventional_hydroelectric
67,63,39.5903979270538,conventional_hydroelectric
84,63,2161.5415632,conventional_hydroelectric
109,63,0.0,conventional_hydroelectric
128,63,0.0,conventional_hydroelectric
139,63,34.468608,conventional_hydroelectric
110,63,0.0,conventional_steam_coal
41,63,0.0,conventional_steam_coal
3,63,0.0,conventional_steam_coal
36,63,0.0,conventional_steam_coal
85,63,0.0,conventional_steam_coal
28,63,0.0,geothermal
116,63,0.0,natural_gas_fired_combined_cycle
73,63,0.0,natural_gas_fired_combined_cycle
71,63,0.0,natural_gas_fired_combined_cycle
44,63,0.0,natural_gas_fired_combined_cycle
115,63,0.0,natural_gas_fired_combined_cycle
70,63,0.0,natural_gas_fired_combined_cycle
131,63,0.0,natural_gas_fired_combined_cycle
18,63,0.0,natural_gas_fired_combined_cycle
72,63,0.0,natural_gas_fired_combined_cycle
114,63,0.0,natural_gas_fired_combined_cycle
45,63,0.0,natural_gas_fired_combined_cycle
78,63,0.0,natural_gas_fired_combustion_turbine
75,63,0.0,natural_gas_fired_combustion_turbine
119,63,0.0,natural_gas_fired_combustion_turbine
117,63,0.0,natural_gas_fired_combustion_turbine
134,63,0.0,natural_gas_fired_combustion_turbine
103,63,0.0,natural_gas_fired_combustion_turbine
47,63,0.0,natural_gas_fired_combustion_turbine
8,63,0.0,natural_gas_fired_combustion_turbine
90,63,0.0,natural_gas_fired_combustion_turbine
60,63,0.0,natural_gas_fired_combustion_turbine
46,63,0.0,natural_gas_fired_combustion_turbine
37,63,0.0,natural_gas_fired_combustion_turbine
7,63,0.0,natural_gas_fired_combustion_turbine
133,63,0.0,natural_gas_fired_combustion_turbine
74,63,0.0,natural_gas_fired_combustion_turbine
20,63,0.0,natural_gas_fired_combustion_turbine
135,63,0.0,natural_gas_fired_combustion_turbine
142,63,0.0,natural_gas_fired_combustion_turbine
121,63,0.0,natural_gas_fired_combustion_turbine
91,63,0.0,natural_gas_fired_combustion_turbine
22,63,0.0,natural_gas_steam_turbine
123,63,0.0,natural_gas_steam_turbine
62,63,0.0,natural_gas_steam_turbine
49,63,0.0,natural_gas_steam_turbine
48,63,0.0,natural_gas_steam_turbine
21,63,0.0,natural_gas_steam_turbine
79,63,0.0,nuclear
10,63,434.60543,onshore_wind_turbine
23,63,6577.84141550228,onshore_wind_turbine
31,63,0.0,onshore_wind_turbine
38,63,0.0,onshore_wind_turbine
50,63,1165.2311999999997,onshore_wind_turbine
63,63,0.0,onshore_wind_turbine
80,63,5158.65532,onshore_wind_turbine
94,63,19679.9078,onshore_wind_turbine
105,63,0.0,onshore_wind_turbine
124,63,6353.123766651202,onshore_wind_turbine
136,63,0.0,onshore_wind_turbine
144,63,6799.81176,onshore_wind_turbine
11,63,0.0,small_hydroelectric
24,63,0.0,small_hydroelectric
32,63,0.0,small_hydroelectric
39,63,0.0,small_hydroelectric
51,63,0.0,small_hydroelectric
64,63,0.0,small_hydroelectric
81,63,0.0,small_hydroelectric
95,63,418.922,small_hydroelectric
106,63,31.614,small_hydroelectric
125,63,100.697,small_hydroelectric
137,63,36.822,small_hydroelectric
145,63,33.21,small_hydroelectric
12,63,7827.85332,solar_photovoltaic
25,63,2533.0411399999994,solar_photovoltaic
33,63,806.1329499999999,solar_photovoltaic
52,63,4621.22948,solar_photovoltaic
65,63,13922.7907054005,solar_photovoltaic
82,63,14002.11169,solar_photovoltaic
96,63,1050.2556399999999,solar_photovoltaic
107,63,12680.750744353998,solar_photovoltaic
126,63,28370.176095765,solar_photovoltaic
138,63,2289.4425399999996,solar_photovoltaic
26,64,0.0,biomass
13,64,0.0,biomass
108,64,0.0,biomass
40,64,0.0,biomass
97,64,0.0,biomass
1,64,0.0,biomass
66,64,0.0,biomass
2,64,0.0,conventional_hydroelectric
14,64,42.0070772,conventional_hydroelectric
27,64,233.2535076,conventional_hydroelectric
35,64,168.58907999999988,conventional_hydroelectric
54,64,456.71279940000005,conventional_hydroelectric
67,64,643.3329789270538,conventional_hydroelectric
84,64,4572.9387372,conventional_hydroelectric
109,64,0.0,conventional_hydroelectric
128,64,8.106119999999999,conventional_hydroelectric
139,64,53.798976,conventional_hydroelectric
110,64,0.0,conventional_steam_coal
41,64,0.0,conventional_steam_coal
3,64,0.0,conventional_steam_coal
36,64,0.0,conventional_steam_coal
85,64,0.0,conventional_steam_coal
28,64,0.0,geothermal
116,64,0.0,natural_gas_fired_combined_cycle
73,64,0.0,natural_gas_fired_combined_cycle
71,64,0.0,natural_gas_fired_combined_cycle
44,64,0.0,natural_gas_fired_combined_cycle
115,64,0.0,natural_gas_fired_combined_cycle
70,64,0.0,natural_gas_fired_combined_cycle
131,64,0.0,natural_gas_fired_combined_cycle
18,64,0.0,natural_gas_fired_combined_cycle
72,64,0.0,natural_gas_fired_combined_cycle
114,64,0.0,natural_gas_fired_combined_cycle
45,64,0.0,natural_gas_fired_combined_cycle
78,64,0.0,natural_gas_fired_combustion_turbine
75,64,0.0,natural_gas_fired_combustion_turbine
119,64,0.0,natural_gas_fired_combustion_turbine
117,64,0.0,natural_gas_fired_combustion_turbine
134,64,0.0,natural_gas_fired_combustion_turbine
103,64,0.0,natural_gas_fired_combustion_turbine
47,64,0.0,natural_gas_fired_combustion_turbine
8,64,0.0,natural_gas_fired_combustion_turbine
90,64,0.0,natural_gas_fired_combustion_turbine
60,64,0.0,natural_gas_fired_combustion_turbine
46,64,0.0,natural_gas_fired_combustion_turbine
37,64,0.0,natural_gas_fired_combustion_turbine
7,64,0.0,natural_gas_fired_combustion_turbine
133,64,0.0,natural_gas_fired_combustion_turbine
74,64,0.0,natural_gas_fired_combustion_turbine
20,64,0.0,natural_gas_fired_combustion_turbine
135,64,0.0,natural_gas_fired_combustion_turbine
142,64,0.0,natural_gas_fired_combustion_turbine
121,64,0.0,natural_gas_fired_combustion_turbine
91,64,0.0,natural_gas_fired_combustion_turbine
22,64,0.0,natural_gas_steam_turbine
123,64,0.0,natural_gas_steam_turbine
62,64,0.0,natural_gas_steam_turbine
49,64,0.0,natural_gas_steam_turbine
48,64,0.0,natural_gas_steam_turbine
21,64,0.0,natural_gas_steam_turbine
79,64,0.0,nuclear
10,64,355.35703,onshore_wind_turbine
23,64,9600.2368,onshore_wind_turbine
31,64,1208.78338,onshore_wind_turbine
38,64,652.3275672479723,onshore_wind_turbine
50,64,0.0,onshore_wind_turbine
63,64,0.0,onshore_wind_turbine
80,64,0.0,onshore_wind_turbine
94,64,23320.9298,onshore_wind_turbine
105,64,0.0,onshore_wind_turbine
124,64,10094.9090200266,onshore_wind_turbine
136,64,0.0,onshore_wind_turbine
144,64,7478.927819999999,onshore_wind_turbine
11,64,0.0,small_hydroelectric
24,64,0.0,small_hydroelectric
32,64,0.0,small_hydroelectric
39,64,0.0,small_hydroelectric
51,64,0.0,small_hydroelectric
64,64,0.0,small_hydroelectric
81,64,0.0,small_hydroelectric
95,64,0.0,small_hydroelectric
106,64,0.0,small_hydroelectric
125,64,0.0,small_hydroelectric
137,64,0.0,small_hydroelectric
145,64,0.0,small_hydroelectric
12,64,6946.47828,solar_photovoltaic
25,64,0.0,solar_photovoltaic
33,64,0.0,solar_photovoltaic
52,64,3945.25544,solar_photovoltaic
65,64,12654.0503625389,solar_photovoltaic
82,64,13262.69406,solar_photovoltaic
96,64,971.2073,solar_photovoltaic
107,64,11448.8621901885,solar_photovoltaic
126,64,27782.228193671,solar_photovoltaic
138,64,1953.3775799999999,solar_photovoltaic
26,65,0.0,biomass
13,65,0.0,biomass
108,65,0.0,biomass
40,65,0.0,biomass
97,65,0.0,biomass
1,65,0.0,biomass
66,65,0.0,biomass
2,65,216.85687799999994,conventional_hydroelectric
14,65,81.0506092,conventional_hydroelectric
27,65,350.3741436,conventional_hydroelectric
35,65,375.8912079999999,conventional_hydroelectric
54,65,542.9830824000001,conventional_hydroelectric
67,65,1247.0755599270537,conventional_hydroelectric
84,65,6984.3359112,conventional_hydroelectric
109,65,63.11134096019998,conventional_hydroelectric
128,65,20.70552,conventional_hydroelectric
139,65,73.129344,conventional_hydroelectric
110,65,0.0,conventional_steam_coal
41,65,0.0,conventional_steam_coal
3,65,0.0,conventional_steam_coal
36,65,0.0,conventional_steam_coal
85,65,0.0,conventional_steam_coal
28,65,0.0,geothermal
116,65,0.0,natural_gas_fired_combined_cycle
73,65,0.0,natural_gas_fired_combined_cycle
71,65,0.0,natural_gas_fired_combined_cycle
44,65,0.0,natural_gas_fired_combined_cycle
115,65,0.0,natural_gas_fired_combined_cycle
70,65,0.0,natural_gas_fired_combined_cycle
131,65,0.0,natural_gas_fired_combined_cycle
18,65,0.0,natural_gas_fired_combined_cycle
72,65,0.0,natural_gas_fired_combined_cycle
114,65,0.0,natural_gas_fired_combined_cycle
45,65,0.0,natural_gas_fired_combined_cycle
78,65,0.0,natural_gas_fired_combustion_turbine
75,65,0.0,natural_gas_fired_combustion_turbine
119,65,0.0,natural_gas_fired_combustion_turbine
117,65,0.0,natural_gas_fired_combustion_turbine
134,65,0.0,natural_gas_fired_combustion_turbine
103,65,0.0,natural_gas_fired_combustion_turbine
47,65,0.0,natural_gas_fired_combustion_turbine
8,65,0.0,natural_gas_fired_combustion_turbine
90,65,0.0,natural_gas_fired_combustion_turbine
60,65,0.0,natural_gas_fired_combustion_turbine
46,65,0.0,natural_gas_fired_combustion_turbine
37,65,0.0,natural_gas_fired_combustion_turbine
7,65,0.0,natural_gas_fired_combustion_turbine
133,65,0.0,natural_gas_fired_combustion_turbine
74,65,0.0,natural_gas_fired_combustion_turbine
20,65,0.0,natural_gas_fired_combustion_turbine
135,65,0.0,natural_gas_fired_combustion_turbine
142,65,0.0,natural_gas_fired_combustion_turbine
121,65,0.0,natural_gas_fired_combustion_turbine
91,65,0.0,natural_gas_fired_combustion_turbine
22,65,0.0,natural_gas_steam_turbine
123,65,0.0,natural_gas_steam_turbine
62,65,0.0,natural_gas_steam_turbine
49,65,0.0,natural_gas_steam_turbine
48,65,0.0,natural_gas_steam_turbine
21,65,0.0,natural_gas_steam_turbine
79,65,0.0,nuclear
10,65,334.10405000000003,onshore_wind_turbine
23,65,9680.363,onshore_wind_turbine
31,65,2022.1592300000002,onshore_wind_turbine
38,65,631.6716,onshore_wind_turbine
50,65,937.6046399999999,onshore_wind_turbine
63,65,372.80639208011235,onshore_wind_turbine
80,65,0.0,onshore_wind_turbine
94,65,24788.372000000003,onshore_wind_turbine
105,65,0.0,onshore_wind_turbine
124,65,0.0,onshore_wind_turbine
136,65,0.0,onshore_wind_turbine
144,65,0.0,onshore_wind_turbine
11,65,0.0,small_hydroelectric
24,65,0.0,small_hydroelectric
32,65,192.0,small_hydroelectric
39,65,0.0,small_hydroelectric
51,65,0.0,small_hydroelectric
64,65,0.0,small_hydroelectric
81,65,241.672,small_hydroelectric
95,65,418.922,small_hydroelectric
106,65,31.614,small_hydroelectric
125,65,100.697,small_hydroelectric
137,65,36.822,small_hydroelectric
145,65,33.21,small_hydroelectric
12,65,4904.06112,solar_photovoltaic
25,65,1520.7961999999998,solar_photovoltaic
33,65,642.5825,solar_photovoltaic
52,65,2721.17566,solar_photovoltaic
65,65,9789.1844406426,solar_photovoltaic
82,65,11885.30924,solar_photovoltaic
96,65,823.10186,solar_photovoltaic
107,65,8629.90990113,solar_photovoltaic
126,65,24089.587948859997,solar_photovoltaic
138,65,1845.6176199999998,solar_photovoltaic
26,66,0.0,biomass
13,66,0.0,biomass
108,66,0.0,biomass
40,66,0.0,biomass
97,66,0.0,biomass
1,66,0.0,biomass
66,66,0.0,biomass
2,66,446.14504199999993,conventional_hydroelectric
14,66,120.0941412,conventional_hydroelectric
27,66,467.4947796,conventional_hydroelectric
35,66,583.1933359999999,conventional_hydroelectric
54,66,629.2533654000001,conventional_hydroelectric
67,66,1850.8181409270537,conventional_hydroelectric
84,66,9395.7330852,conventional_hydroelectric
109,66,178.9959409602,conventional_hydroelectric
128,66,33.30492,conventional_hydroelectric
139,66,92.459712,conventional_hydroelectric
110,66,0.0,conventional_steam_coal
41,66,0.0,conventional_steam_coal
3,66,0.0,conventional_steam_coal
36,66,0.0,conventional_steam_coal
85,66,0.0,conventional_steam_coal
28,66,0.0,geothermal
116,66,0.0,natural_gas_fired_combined_cycle
73,66,0.0,natural_gas_fired_combined_cycle
71,66,0.0,natural_gas_fired_combined_cycle
44,66,0.0,natural_gas_fired_combined_cycle
115,66,0.0,natural_gas_fired_combined_cycle
70,66,0.0,natural_gas_fired_combined_cycle
131,66,0.0,natural_gas_fired_combined_cycle
18,66,0.0,natural_gas_fired_combined_cycle
72,66,0.0,natural_gas_fired_combined_cycle
114,66,0.0,natural_gas_fired_combined_cycle
45,66,0.0,natural_gas_fired_combined_cycle
78,66,0.0,natural_gas_fired_combustion_turbine
75,66,0.0,natural_gas_fired_combustion_turbine
119,66,0.0,natural_gas_fired_combustion_turbine
117,66,0.0,natural_gas_fired_combustion_turbine
134,66,0.0,natural_gas_fired_combustion_turbine
103,66,0.0,natural_gas_fired_combustion_turbine
47,66,0.0,natural_gas_fired_combustion_turbine
8,66,0.0,natural_gas_fired_combustion_turbine
90,66,0.0,natural_gas_fired_combustion_turbine
60,66,0.0,natural_gas_fired_combustion_turbine
46,66,0.0,natural_gas_fired_combustion_turbine
37,66,0.0,natural_gas_fired_combustion_turbine
7,66,0.0,natural_gas_fired_combustion_turbine
133,66,0.0,natural_gas_fired_combustion_turbine
74,66,0.0,natural_gas_fired_combustion_turbine
20,66,0.0,natural_gas_fired_combustion_turbine
135,66,0.0,natural_gas_fired_combustion_turbine
142,66,0.0,natural_gas_fired_combustion_turbine
121,66,0.0,natural_gas_fired_combustion_turbine
91,66,0.0,natural_gas_fired_combustion_turbine
22,66,0.0,natural_gas_steam_turbine
123,66,0.0,natural_gas_steam_turbine
62,66,0.0,natural_gas_steam_turbine
49,66,0.0,natural_gas_steam_turbine
48,66,0.0,natural_gas_steam_turbine
21,66,0.0,natural_gas_steam_turbine
79,66,0.0,nuclear
10,66,463.60314000000005,onshore_wind_turbine
23,66,10196.524800000001,onshore_wind_turbine
31,66,1573.31825,onshore_wind_turbine
38,66,716.3110499999999,onshore_wind_turbine
50,66,1705.84428,onshore_wind_turbine
63,66,485.32120038079995,onshore_wind_turbine
80,66,5971.344198401137,onshore_wind_turbine
94,66,27156.8752,onshore_wind_turbine
105,66,0.0,onshore_wind_turbine
124,66,4297.3634884796,onshore_wind_turbine
136,66,0.0,onshore_wind_turbine
144,66,7980.695099999999,onshore_wind_turbine
11,66,0.0,small_hydroelectric
24,66,0.0,small_hydroelectric
32,66,0.0,small_hydroelectric
39,66,0.0,small_hydroelectric
51,66,0.0,small_hydroelectric
64,66,0.0,small_hydroelectric
81,66,0.0,small_hydroelectric
95,66,418.922,small_hydroelectric
106,66,0.0,small_hydroelectric
125,66,0.0,small_hydroelectric
137,66,0.0,small_hydroelectric
145,66,0.0,small_hydroelectric
12,66,1617.2667000000001,solar_photovoltaic
25,66,426.71971999999994,solar_photovoltaic
33,66,277.8069,solar_photovoltaic
52,66,838.40134,solar_photovoltaic
65,66,4884.0111664372,solar_photovoltaic
82,66,8730.590750000001,solar_photovoltaic
96,66,596.82966,solar_photovoltaic
107,66,3831.9808854705,solar_photovoltaic
126,66,16276.6962975435,solar_photovoltaic
138,66,982.16811,solar_photovoltaic
26,67,0.0,biomass
13,67,0.0,biomass
108,67,0.0,biomass
40,67,0.0,biomass
97,67,0.0,biomass
1,67,0.0,biomass
66,67,0.0,biomass
2,67,675.4332059999999,conventional_hydroelectric
14,67,159.1376732,conventional_hydroelectric
27,67,584.6154156,conventional_hydroelectric
35,67,790.495464,conventional_hydroelectric
54,67,715.5236484000001,conventional_hydroelectric
67,67,2454.5607219270537,conventional_hydroelectric
84,67,11807.1302592,conventional_hydroelectric
109,67,294.8805409602,conventional_hydroelectric
128,67,45.904320000000006,conventional_hydroelectric
139,67,111.79007999999999,conventional_hydroelectric
110,67,0.0,conventional_steam_coal
41,67,0.0,conventional_steam_coal
3,67,0.0,conventional_steam_coal
36,67,0.0,conventional_steam_coal
85,67,0.0,conventional_steam_coal
28,67,74.364,geothermal
116,67,0.0,natural_gas_fired_combined_cycle
73,67,0.0,natural_gas_fired_combined_cycle
71,67,0.0,natural_gas_fired_combined_cycle
44,67,0.0,natural_gas_fired_combined_cycle
115,67,0.0,natural_gas_fired_combined_cycle
70,67,0.0,natural_gas_fired_combined_cycle
131,67,0.0,natural_gas_fired_combined_cycle
18,67,0.0,natural_gas_fired_combined_cycle
72,67,0.0,natural_gas_fired_combined_cycle
114,67,0.0,natural_gas_fired_combined_cycle
45,67,0.0,natural_gas_fired_combined_cycle
78,67,0.0,natural_gas_fired_combustion_turbine
75,67,0.0,natural_gas_fired_combustion_turbine
119,67,0.0,natural_gas_fired_combustion_turbine
117,67,0.0,natural_gas_fired_combustion_turbine
134,67,0.0,natural_gas_fired_combustion_turbine
103,67,0.0,natural_gas_fired_combustion_turbine
47,67,0.0,natural_gas_fired_combustion_turbine
8,67,0.0,natural_gas_fired_combustion_turbine
90,67,0.0,natural_gas_fired_combustion_turbine
60,67,0.0,natural_gas_fired_combustion_turbine
46,67,0.0,natural_gas_fired_combustion_turbine
37,67,0.0,natural_gas_fired_combustion_turbine
7,67,0.0,natural_gas_fired_combustion_turbine
133,67,0.0,natural_gas_fired_combustion_turbine
74,67,0.0,natural_gas_fired_combustion_turbine
20,67,0.0,natural_gas_fired_combustion_turbine
135,67,0.0,natural_gas_fired_combustion_turbine
142,67,0.0,natural_gas_fired_combustion_turbine
121,67,0.0,natural_gas_fired_combustion_turbine
91,67,0.0,natural_gas_fired_combustion_turbine
22,67,0.0,natural_gas_steam_turbine
123,67,0.0,natural_gas_steam_turbine
62,67,0.0,natural_gas_steam_turbine
49,67,0.0,natural_gas_steam_turbine
48,67,0.0,natural_gas_steam_turbine
21,67,0.0,natural_gas_steam_turbine
79,67,0.0,nuclear
10,67,293.39919,onshore_wind_turbine
23,67,9728.8114,onshore_wind_turbine
31,67,1270.5287,onshore_wind_turbine
38,67,1029.87465,onshore_wind_turbine
50,67,1792.5591599999998,onshore_wind_turbine
63,67,362.1419200616,onshore_wind_turbine
80,67,5656.770839999999,onshore_wind_turbine
94,67,26700.827999999998,onshore_wind_turbine
105,67,316.82559846,onshore_wind_turbine
124,67,5132.375489533601,onshore_wind_turbine
136,67,2517.50457,onshore_wind_turbine
144,67,7448.648759999999,onshore_wind_turbine
11,67,19.125,small_hydroelectric
24,67,62.577,small_hydroelectric
32,67,192.0,small_hydroelectric
39,67,52.9,small_hydroelectric
51,67,25.641,small_hydroelectric
64,67,6.128,small_hydroelectric
81,67,241.672,small_hydroelectric
95,67,418.922,small_hydroelectric
106,67,31.614,small_hydroelectric
125,67,100.697,small_hydroelectric
137,67,36.822,small_hydroelectric
145,67,33.21,small_hydroelectric
12,67,0.0,solar_photovoltaic
25,67,0.0,solar_photovoltaic
33,67,3.8731000000000004,solar_photovoltaic
52,67,0.0,solar_photovoltaic
65,67,285.7476193026,solar_photovoltaic
82,67,3911.6948500000003,solar_photovoltaic
96,67,275.93453999999997,solar_photovoltaic
107,67,0.0,solar_photovoltaic
126,67,4547.3092877345,solar_photovoltaic
138,67,0.0,solar_photovoltaic
26,68,11.235,biomass
13,68,15.682,biomass
108,68,137.081,biomass
40,68,5.952,biomass
97,68,178.173,biomass
1,68,16.294,biomass
66,68,27.027041952344064,biomass
2,68,674.8807043999999,conventional_hydroelectric
14,68,159.1376732,conventional_hydroelectric
27,68,584.192088,conventional_hydroelectric
35,68,789.4964176,conventional_hydroelectric
54,68,715.2118281,conventional_hydroelectric
67,68,2452.378519827054,conventional_hydroelectric
84,68,11795.509068000001,conventional_hydroelectric
109,68,294.9412896222,conventional_hydroelectric
128,68,45.85878,conventional_hydroelectric
139,68,111.6270528,conventional_hydroelectric
110,68,0.0,conventional_steam_coal
41,68,0.0,conventional_steam_coal
3,68,0.0,conventional_steam_coal
36,68,0.0,conventional_steam_coal
85,68,0.0,conventional_steam_coal
28,68,74.364,geothermal
116,68,0.0,natural_gas_fired_combined_cycle
73,68,0.0,natural_gas_fired_combined_cycle
71,68,0.0,natural_gas_fired_combined_cycle
44,68,0.0,natural_gas_fired_combined_cycle
115,68,0.0,natural_gas_fired_combined_cycle
70,68,0.0,natural_gas_fired_combined_cycle
131,68,0.0,natural_gas_fired_combined_cycle
18,68,0.0,natural_gas_fired_combined_cycle
72,68,0.0,natural_gas_fired_combined_cycle
114,68,0.0,natural_gas_fired_combined_cycle
45,68,0.0,natural_gas_fired_combined_cycle
78,68,0.0,natural_gas_fired_combustion_turbine
75,68,0.0,natural_gas_fired_combustion_turbine
119,68,0.0,natural_gas_fired_combustion_turbine
117,68,0.0,natural_gas_fired_combustion_turbine
134,68,0.0,natural_gas_fired_combustion_turbine
103,68,0.0,natural_gas_fired_combustion_turbine
47,68,0.0,natural_gas_fired_combustion_turbine
8,68,0.0,natural_gas_fired_combustion_turbine
90,68,0.0,natural_gas_fired_combustion_turbine
60,68,0.0,natural_gas_fired_combustion_turbine
46,68,0.0,natural_gas_fired_combustion_turbine
37,68,0.0,natural_gas_fired_combustion_turbine
7,68,0.0,natural_gas_fired_combustion_turbine
133,68,0.0,natural_gas_fired_combustion_turbine
74,68,0.0,natural_gas_fired_combustion_turbine
20,68,0.0,natural_gas_fired_combustion_turbine
135,68,0.0,natural_gas_fired_combustion_turbine
142,68,0.0,natural_gas_fired_combustion_turbine
121,68,0.0,natural_gas_fired_combustion_turbine
91,68,0.0,natural_gas_fired_combustion_turbine
22,68,0.0,natural_gas_steam_turbine
123,68,0.0,natural_gas_steam_turbine
62,68,0.0,natural_gas_steam_turbine
49,68,0.0,natural_gas_steam_turbine
48,68,0.0,natural_gas_steam_turbine
21,68,0.0,natural_gas_steam_turbine
79,68,0.0,nuclear
10,68,221.17508000000004,onshore_wind_turbine
23,68,10425.723,onshore_wind_turbine
31,68,1991.28657,onshore_wind_turbine
38,68,1829.121,onshore_wind_turbine
50,68,2070.9952200000002,onshore_wind_turbine
63,68,183.741039776,onshore_wind_turbine
80,68,6013.629719999999,onshore_wind_turbine
94,68,28528.6946,onshore_wind_turbine
105,68,742.986860742,onshore_wind_turbine
124,68,5041.525145980401,onshore_wind_turbine
136,68,2683.8991200000005,onshore_wind_turbine
144,68,9304.32258,onshore_wind_turbine
11,68,19.125,small_hydroelectric
24,68,62.577,small_hydroelectric
32,68,192.0,small_hydroelectric
39,68,52.9,small_hydroelectric
51,68,25.641,small_hydroelectric
64,68,6.128,small_hydroelectric
81,68,241.672,small_hydroelectric
95,68,418.922,small_hydroelectric
106,68,31.614,small_hydroelectric
125,68,100.697,small_hydroelectric
137,68,36.822,small_hydroelectric
145,68,33.21,small_hydroelectric
12,68,0.0,solar_photovoltaic
25,68,0.0,solar_photovoltaic
33,68,0.0,solar_photovoltaic
52,68,0.0,solar_photovoltaic
65,68,0.0,solar_photovoltaic
82,68,0.0,solar_photovoltaic
96,68,0.0,solar_photovoltaic
107,68,0.0,solar_photovoltaic
126,68,0.0,solar_photovoltaic
138,68,0.0,solar_photovoltaic
26,69,0.0,biomass
13,69,0.0,biomass
108,69,0.0,biomass
40,69,0.0,biomass
97,69,0.0,biomass
1,69,0.0,biomass
66,69,0.0,biomass
2,69,445.5925403999999,conventional_hydroelectric
14,69,159.0906328,conventional_hydroelectric
27,69,583.9098696000001,conventional_hydroelectric
35,69,788.4973712,conventional_hydroelectric
54,69,713.3409063000001,conventional_hydroelectric
67,69,2450.9237184270537,conventional_hydroelectric
84,69,11743.587004268147,conventional_hydroelectric
109,69,179.05668962219997,conventional_hydroelectric
128,69,45.79806000000001,conventional_hydroelectric
139,69,111.4640256,conventional_hydroelectric
110,69,0.0,conventional_steam_coal
41,69,0.0,conventional_steam_coal
3,69,0.0,conventional_steam_coal
36,69,0.0,conventional_steam_coal
85,69,0.0,conventional_steam_coal
28,69,74.364,geothermal
116,69,0.0,natural_gas_fired_combined_cycle
73,69,0.0,natural_gas_fired_combined_cycle
71,69,0.0,natural_gas_fired_combined_cycle
44,69,0.0,natural_gas_fired_combined_cycle
115,69,0.0,natural_gas_fired_combined_cycle
70,69,0.0,natural_gas_fired_combined_cycle
131,69,0.0,natural_gas_fired_combined_cycle
18,69,0.0,natural_gas_fired_combined_cycle
72,69,0.0,natural_gas_fired_combined_cycle
114,69,0.0,natural_gas_fired_combined_cycle
45,69,0.0,natural_gas_fired_combined_cycle
78,69,0.0,natural_gas_fired_combustion_turbine
75,69,0.0,natural_gas_fired_combustion_turbine
119,69,0.0,natural_gas_fired_combustion_turbine
117,69,0.0,natural_gas_fired_combustion_turbine
134,69,0.0,natural_gas_fired_combustion_turbine
103,69,0.0,natural_gas_fired_combustion_turbine
47,69,0.0,natural_gas_fired_combustion_turbine
8,69,0.0,natural_gas_fired_combustion_turbine
90,69,0.0,natural_gas_fired_combustion_turbine
60,69,0.0,natural_gas_fired_combustion_turbine
46,69,0.0,natural_gas_fired_combustion_turbine
37,69,0.0,natural_gas_fired_combustion_turbine
7,69,0.0,natural_gas_fired_combustion_turbine
133,69,0.0,natural_gas_fired_combustion_turbine
74,69,0.0,natural_gas_fired_combustion_turbine
20,69,0.0,natural_gas_fired_combustion_turbine
135,69,0.0,natural_gas_fired_combustion_turbine
142,69,0.0,natural_gas_fired_combustion_turbine
121,69,0.0,natural_gas_fired_combustion_turbine
91,69,0.0,natural_gas_fired_combustion_turbine
22,69,0.0,natural_gas_steam_turbine
123,69,0.0,natural_gas_steam_turbine
62,69,0.0,natural_gas_steam_turbine
49,69,0.0,natural_gas_steam_turbine
48,69,0.0,natural_gas_steam_turbine
21,69,0.0,natural_gas_steam_turbine
79,69,0.0,nuclear
10,69,241.70762000000005,onshore_wind_turbine
23,69,10748.091199999999,onshore_wind_turbine
31,69,2378.38223,onshore_wind_turbine
38,69,1859.2276499999998,onshore_wind_turbine
50,69,3234.19404,onshore_wind_turbine
63,69,254.11819983200002,onshore_wind_turbine
80,69,6279.415239999999,onshore_wind_turbine
94,69,27910.8242,onshore_wind_turbine
105,69,1062.89288154,onshore_wind_turbine
124,69,8877.989826475003,onshore_wind_turbine
136,69,1949.9642400000002,onshore_wind_turbine
144,69,9819.0666,onshore_wind_turbine
11,69,19.125,small_hydroelectric
24,69,62.577,small_hydroelectric
32,69,192.0,small_hydroelectric
39,69,52.9,small_hydroelectric
51,69,25.641,small_hydroelectric
64,69,6.128,small_hydroelectric
81,69,241.672,small_hydroelectric
95,69,418.922,small_hydroelectric
106,69,31.614,small_hydroelectric
125,69,100.697,small_hydroelectric
137,69,36.822,small_hydroelectric
145,69,33.21,small_hydroelectric
12,69,0.0,solar_photovoltaic
25,69,0.0,solar_photovoltaic
33,69,0.0,solar_photovoltaic
52,69,0.0,solar_photovoltaic
65,69,0.0,solar_photovoltaic
82,69,0.0,solar_photovoltaic
96,69,0.0,solar_photovoltaic
107,69,0.0,solar_photovoltaic
126,69,0.0,solar_photovoltaic
138,69,0.0,solar_photovoltaic
26,70,0.0,biomass
13,70,0.0,biomass
108,70,0.0,biomass
40,70,0.0,biomass
97,70,0.0,biomass
1,70,0.0,biomass
66,70,0.0,biomass
2,70,673.7757012,conventional_hydroelectric
14,70,159.0906328,conventional_hydroelectric
27,70,583.486542,conventional_hydroelectric
35,70,787.4983248000001,conventional_hydroelectric
54,70,627.0706233000001,conventional_hydroelectric
67,70,1847.1811374270537,conventional_hydroelectric
84,70,9332.189830268147,conventional_hydroelectric
109,70,179.23893281580004,conventional_hydroelectric
128,70,33.198660000000004,conventional_hydroelectric
139,70,111.3009984,conventional_hydroelectric
110,70,0.0,conventional_steam_coal
41,70,0.0,conventional_steam_coal
3,70,0.0,conventional_steam_coal
36,70,0.0,conventional_steam_coal
85,70,0.0,conventional_steam_coal
28,70,74.364,geothermal
116,70,0.0,natural_gas_fired_combined_cycle
73,70,0.0,natural_gas_fired_combined_cycle
71,70,0.0,natural_gas_fired_combined_cycle
44,70,0.0,natural_gas_fired_combined_cycle
115,70,0.0,natural_gas_fired_combined_cycle
70,70,0.0,natural_gas_fired_combined_cycle
131,70,0.0,natural_gas_fired_combined_cycle
18,70,0.0,natural_gas_fired_combined_cycle
72,70,0.0,natural_gas_fired_combined_cycle
114,70,0.0,natural_gas_fired_combined_cycle
45,70,0.0,natural_gas_fired_combined_cycle
78,70,0.0,natural_gas_fired_combustion_turbine
75,70,0.0,natural_gas_fired_combustion_turbine
119,70,0.0,natural_gas_fired_combustion_turbine
117,70,0.0,natural_gas_fired_combustion_turbine
134,70,0.0,natural_gas_fired_combustion_turbine
103,70,0.0,natural_gas_fired_combustion_turbine
47,70,0.0,natural_gas_fired_combustion_turbine
8,70,0.0,natural_gas_fired_combustion_turbine
90,70,0.0,natural_gas_fired_combustion_turbine
60,70,0.0,natural_gas_fired_combustion_turbine
46,70,0.0,natural_gas_fired_combustion_turbine
37,70,0.0,natural_gas_fired_combustion_turbine
7,70,0.0,natural_gas_fired_combustion_turbine
133,70,0.0,natural_gas_fired_combustion_turbine
74,70,0.0,natural_gas_fired_combustion_turbine
20,70,0.0,natural_gas_fired_combustion_turbine
135,70,0.0,natural_gas_fired_combustion_turbine
142,70,0.0,natural_gas_fired_combustion_turbine
121,70,0.0,natural_gas_fired_combustion_turbine
91,70,0.0,natural_gas_fired_combustion_turbine
22,70,0.0,natural_gas_steam_turbine
123,70,0.0,natural_gas_steam_turbine
62,70,0.0,natural_gas_steam_turbine
49,70,0.0,natural_gas_steam_turbine
48,70,0.0,natural_gas_steam_turbine
21,70,0.0,natural_gas_steam_turbine
79,70,0.0,nuclear
10,70,201.36298000000002,onshore_wind_turbine
23,70,11107.7274,onshore_wind_turbine
31,70,4718.767339999999,onshore_wind_turbine
38,70,1808.1031500000001,onshore_wind_turbine
50,70,2778.26346,onshore_wind_turbine
63,70,435.2076402464,onshore_wind_turbine
80,70,7004.284839999999,onshore_wind_turbine
94,70,20158.021800000002,onshore_wind_turbine
105,70,808.348518411,onshore_wind_turbine
124,70,13533.3929600562,onshore_wind_turbine
136,70,1859.12181,onshore_wind_turbine
144,70,9066.41568,onshore_wind_turbine
11,70,19.125,small_hydroelectric
24,70,62.577,small_hydroelectric
32,70,192.0,small_hydroelectric
39,70,52.9,small_hydroelectric
51,70,25.641,small_hydroelectric
64,70,6.128,small_hydroelectric
81,70,241.672,small_hydroelectric
95,70,418.922,small_hydroelectric
106,70,31.614,small_hydroelectric
125,70,100.697,small_hydroelectric
137,70,36.822,small_hydroelectric
145,70,33.21,small_hydroelectric
12,70,0.0,solar_photovoltaic
25,70,0.0,solar_photovoltaic
33,70,0.0,solar_photovoltaic
52,70,0.0,solar_photovoltaic
65,70,0.0,solar_photovoltaic
82,70,0.0,solar_photovoltaic
96,70,0.0,solar_photovoltaic
107,70,0.0,solar_photovoltaic
126,70,0.0,solar_photovoltaic
138,70,0.0,solar_photovoltaic
26,71,0.0,biomass
13,71,0.0,biomass
108,71,0.0,biomass
40,71,0.0,biomass
97,71,0.0,biomass
1,71,0.0,biomass
66,71,0.0,biomass
2,71,444.48753719999996,conventional_hydroelectric
14,71,159.0435924,conventional_hydroelectric
27,71,466.365906,conventional_hydroelectric
35,71,780.2552384,conventional_hydroelectric
54,71,540.8003403,conventional_hydroelectric
67,71,1243.4385564270538,conventional_hydroelectric
84,71,6920.792656268148,conventional_hydroelectric
109,71,295.12353281580005,conventional_hydroelectric
128,71,45.70698,conventional_hydroelectric
139,71,91.9706304,conventional_hydroelectric
110,71,0.0,conventional_steam_coal
41,71,0.0,conventional_steam_coal
3,71,0.0,conventional_steam_coal
36,71,0.0,conventional_steam_coal
85,71,0.0,conventional_steam_coal
28,71,74.364,geothermal
116,71,0.0,natural_gas_fired_combined_cycle
73,71,0.0,natural_gas_fired_combined_cycle
71,71,0.0,natural_gas_fired_combined_cycle
44,71,0.0,natural_gas_fired_combined_cycle
115,71,0.0,natural_gas_fired_combined_cycle
70,71,0.0,natural_gas_fired_combined_cycle
131,71,0.0,natural_gas_fired_combined_cycle
18,71,0.0,natural_gas_fired_combined_cycle
72,71,0.0,natural_gas_fired_combined_cycle
114,71,0.0,natural_gas_fired_combined_cycle
45,71,0.0,natural_gas_fired_combined_cycle
78,71,0.0,natural_gas_fired_combustion_turbine
75,71,0.0,natural_gas_fired_combustion_turbine
119,71,0.0,natural_gas_fired_combustion_turbine
117,71,0.0,natural_gas_fired_combustion_turbine
134,71,0.0,natural_gas_fired_combustion_turbine
103,71,0.0,natural_gas_fired_combustion_turbine
47,71,0.0,natural_gas_fired_combustion_turbine
8,71,0.0,natural_gas_fired_combustion_turbine
90,71,0.0,natural_gas_fired_combustion_turbine
60,71,0.0,natural_gas_fired_combustion_turbine
46,71,0.0,natural_gas_fired_combustion_turbine
37,71,0.0,natural_gas_fired_combustion_turbine
7,71,0.0,natural_gas_fired_combustion_turbine
133,71,0.0,natural_gas_fired_combustion_turbine
74,71,0.0,natural_gas_fired_combustion_turbine
20,71,0.0,natural_gas_fired_combustion_turbine
135,71,0.0,natural_gas_fired_combustion_turbine
142,71,0.0,natural_gas_fired_combustion_turbine
121,71,0.0,natural_gas_fired_combustion_turbine
91,71,0.0,natural_gas_fired_combustion_turbine
22,71,0.0,natural_gas_steam_turbine
123,71,0.0,natural_gas_steam_turbine
62,71,0.0,natural_gas_steam_turbine
49,71,0.0,natural_gas_steam_turbine
48,71,0.0,natural_gas_steam_turbine
21,71,0.0,natural_gas_steam_turbine
79,71,0.0,nuclear
10,71,272.50643,onshore_wind_turbine
23,71,12063.6516,onshore_wind_turbine
31,71,6902.4143300000005,onshore_wind_turbine
38,71,2772.6520499999997,onshore_wind_turbine
50,71,3055.3446,onshore_wind_turbine
63,71,396.25487972559995,onshore_wind_turbine
80,71,6628.839559999999,onshore_wind_turbine
94,71,18955.3812,onshore_wind_turbine
105,71,1800.7866816449998,onshore_wind_turbine
124,71,19641.299363347203,onshore_wind_turbine
136,71,2467.1364900000003,onshore_wind_turbine
144,71,7530.834779999999,onshore_wind_turbine
11,71,19.125,small_hydroelectric
24,71,62.577,small_hydroelectric
32,71,192.0,small_hydroelectric
39,71,52.9,small_hydroelectric
51,71,25.641,small_hydroelectric
64,71,6.128,small_hydroelectric
81,71,241.672,small_hydroelectric
95,71,418.922,small_hydroelectric
106,71,31.614,small_hydroelectric
125,71,100.697,small_hydroelectric
137,71,36.822,small_hydroelectric
145,71,33.21,small_hydroelectric
12,71,0.0,solar_photovoltaic
25,71,0.0,solar_photovoltaic
33,71,0.0,solar_photovoltaic
52,71,0.0,solar_photovoltaic
65,71,0.0,solar_photovoltaic
82,71,0.0,solar_photovoltaic
96,71,0.0,solar_photovoltaic
107,71,0.0,solar_photovoltaic
126,71,0.0,solar_photovoltaic
138,71,0.0,solar_photovoltaic
26,72,0.0,biomass
13,72,0.0,biomass
108,72,0.0,biomass
40,72,0.0,biomass
97,72,0.0,biomass
1,72,0.0,biomass
66,72,0.0,biomass
2,72,672.6706979999999,conventional_hydroelectric
14,72,159.0435924,conventional_hydroelectric
27,72,582.780996,conventional_hydroelectric
35,72,572.9531104,conventional_hydroelectric
54,72,627.0706233000001,conventional_hydroelectric
67,72,639.6959754270538,conventional_hydroelectric
84,72,4509.395482268147,conventional_hydroelectric
109,72,295.2450287436,conventional_hydroelectric
128,72,45.661440000000006,conventional_hydroelectric
139,72,110.974944,conventional_hydroelectric
110,72,0.0,conventional_steam_coal
41,72,0.0,conventional_steam_coal
3,72,0.0,conventional_steam_coal
36,72,0.0,conventional_steam_coal
85,72,0.0,conventional_steam_coal
28,72,74.364,geothermal
116,72,0.0,natural_gas_fired_combined_cycle
73,72,0.0,natural_gas_fired_combined_cycle
71,72,0.0,natural_gas_fired_combined_cycle
44,72,0.0,natural_gas_fired_combined_cycle
115,72,0.0,natural_gas_fired_combined_cycle
70,72,0.0,natural_gas_fired_combined_cycle
131,72,0.0,natural_gas_fired_combined_cycle
18,72,0.0,natural_gas_fired_combined_cycle
72,72,0.0,natural_gas_fired_combined_cycle
114,72,0.0,natural_gas_fired_combined_cycle
45,72,0.0,natural_gas_fired_combined_cycle
78,72,0.0,natural_gas_fired_combustion_turbine
75,72,0.0,natural_gas_fired_combustion_turbine
119,72,0.0,natural_gas_fired_combustion_turbine
117,72,0.0,natural_gas_fired_combustion_turbine
134,72,0.0,natural_gas_fired_combustion_turbine
103,72,0.0,natural_gas_fired_combustion_turbine
47,72,0.0,natural_gas_fired_combustion_turbine
8,72,0.0,natural_gas_fired_combustion_turbine
90,72,0.0,natural_gas_fired_combustion_turbine
60,72,0.0,natural_gas_fired_combustion_turbine
46,72,0.0,natural_gas_fired_combustion_turbine
37,72,0.0,natural_gas_fired_combustion_turbine
7,72,0.0,natural_gas_fired_combustion_turbine
133,72,0.0,natural_gas_fired_combustion_turbine
74,72,0.0,natural_gas_fired_combustion_turbine
20,72,0.0,natural_gas_fired_combustion_turbine
135,72,0.0,natural_gas_fired_combustion_turbine
142,72,0.0,natural_gas_fired_combustion_turbine
121,72,0.0,natural_gas_fired_combustion_turbine
91,72,0.0,natural_gas_fired_combustion_turbine
22,72,0.0,natural_gas_steam_turbine
123,72,0.0,natural_gas_steam_turbine
62,72,0.0,natural_gas_steam_turbine
49,72,0.0,natural_gas_steam_turbine
48,72,0.0,natural_gas_steam_turbine
21,72,0.0,natural_gas_steam_turbine
79,72,0.0,nuclear
10,72,123.01513000000001,onshore_wind_turbine
23,72,12719.5684,onshore_wind_turbine
31,72,6964.1596500000005,onshore_wind_turbine
38,72,1979.6542499999998,onshore_wind_turbine
50,72,3480.78948,onshore_wind_turbine
63,72,111.81044007279999,onshore_wind_turbine
80,72,4866.84884,onshore_wind_turbine
94,72,16046.2414,onshore_wind_turbine
105,72,2289.526260966,onshore_wind_turbine
124,72,16577.054208422403,onshore_wind_turbine
136,72,2059.6947000000005,onshore_wind_turbine
144,72,9181.043549999999,onshore_wind_turbine
11,72,19.125,small_hydroelectric
24,72,62.577,small_hydroelectric
32,72,192.0,small_hydroelectric
39,72,52.9,small_hydroelectric
51,72,25.641,small_hydroelectric
64,72,6.128,small_hydroelectric
81,72,241.672,small_hydroelectric
95,72,418.922,small_hydroelectric
106,72,31.614,small_hydroelectric
125,72,100.697,small_hydroelectric
137,72,36.822,small_hydroelectric
145,72,33.21,small_hydroelectric
12,72,0.0,solar_photovoltaic
25,72,0.0,solar_photovoltaic
33,72,0.0,solar_photovoltaic
52,72,0.0,solar_photovoltaic
65,72,0.0,solar_photovoltaic
82,72,0.0,solar_photovoltaic
96,72,0.0,solar_photovoltaic
107,72,0.0,solar_photovoltaic
126,72,0.0,solar_photovoltaic
138,72,0.0,solar_photovoltaic
26,73,0.0,biomass
13,73,0.0,biomass
108,73,0.0,biomass
40,73,0.0,biomass
97,73,0.0,biomass
1,73,0.0,biomass
66,73,0.0,biomass
2,73,672.1181963999999,conventional_hydroelectric
14,73,158.996552,conventional_hydroelectric
27,73,582.3576684000001,conventional_hydroelectric
35,73,780.2552384,conventional_hydroelectric
54,73,713.3409063,conventional_hydroelectric
67,73,1220.501985891451,conventional_hydroelectric
84,73,6920.792656268148,conventional_hydroelectric
109,73,295.2269046714,conventional_hydroelectric
128,73,45.6159,conventional_hydroelectric
139,73,110.81191679999999,conventional_hydroelectric
110,73,0.0,conventional_steam_coal
41,73,0.0,conventional_steam_coal
3,73,0.0,conventional_steam_coal
36,73,0.0,conventional_steam_coal
85,73,0.0,conventional_steam_coal
28,73,74.364,geothermal
116,73,0.0,natural_gas_fired_combined_cycle
73,73,0.0,natural_gas_fired_combined_cycle
71,73,0.0,natural_gas_fired_combined_cycle
44,73,0.0,natural_gas_fired_combined_cycle
115,73,0.0,natural_gas_fired_combined_cycle
70,73,0.0,natural_gas_fired_combined_cycle
131,73,0.0,natural_gas_fired_combined_cycle
18,73,0.0,natural_gas_fired_combined_cycle
72,73,0.0,natural_gas_fired_combined_cycle
114,73,0.0,natural_gas_fired_combined_cycle
45,73,0.0,natural_gas_fired_combined_cycle
78,73,0.0,natural_gas_fired_combustion_turbine
75,73,0.0,natural_gas_fired_combustion_turbine
119,73,0.0,natural_gas_fired_combustion_turbine
117,73,0.0,natural_gas_fired_combustion_turbine
134,73,0.0,natural_gas_fired_combustion_turbine
103,73,0.0,natural_gas_fired_combustion_turbine
47,73,0.0,natural_gas_fired_combustion_turbine
8,73,0.0,natural_gas_fired_combustion_turbine
90,73,0.0,natural_gas_fired_combustion_turbine
60,73,0.0,natural_gas_fired_combustion_turbine
46,73,0.0,natural_gas_fired_combustion_turbine
37,73,0.0,natural_gas_fired_combustion_turbine
7,73,0.0,natural_gas_fired_combustion_turbine
133,73,0.0,natural_gas_fired_combustion_turbine
74,73,0.0,natural_gas_fired_combustion_turbine
20,73,0.0,natural_gas_fired_combustion_turbine
135,73,0.0,natural_gas_fired_combustion_turbine
142,73,0.0,natural_gas_fired_combustion_turbine
121,73,0.0,natural_gas_fired_combustion_turbine
91,73,0.0,natural_gas_fired_combustion_turbine
22,73,0.0,natural_gas_steam_turbine
123,73,0.0,natural_gas_steam_turbine
62,73,0.0,natural_gas_steam_turbine
49,73,0.0,natural_gas_steam_turbine
48,73,0.0,natural_gas_steam_turbine
21,73,0.0,natural_gas_steam_turbine
79,73,0.0,nuclear
10,73,109.32677,onshore_wind_turbine
23,73,12419.561,onshore_wind_turbine
31,73,8151.56965,onshore_wind_turbine
38,73,1622.3508000000002,onshore_wind_turbine
50,73,3545.1481799999997,onshore_wind_turbine
63,73,10.5839997648,onshore_wind_turbine
80,73,2956.1669199999997,onshore_wind_turbine
94,73,12247.074,onshore_wind_turbine
105,73,2276.115379083,onshore_wind_turbine
124,73,13046.588376021202,onshore_wind_turbine
136,73,1734.1010400000002,onshore_wind_turbine
144,73,11129.717339999997,onshore_wind_turbine
11,73,19.125,small_hydroelectric
24,73,62.577,small_hydroelectric
32,73,192.0,small_hydroelectric
39,73,52.9,small_hydroelectric
51,73,25.641,small_hydroelectric
64,73,6.128,small_hydroelectric
81,73,241.672,small_hydroelectric
95,73,418.922,small_hydroelectric
106,73,31.614,small_hydroelectric
125,73,100.697,small_hydroelectric
137,73,36.822,small_hydroelectric
145,73,33.21,small_hydroelectric
12,73,0.0,solar_photovoltaic
25,73,0.0,solar_photovoltaic
33,73,0.0,solar_photovoltaic
52,73,0.0,solar_photovoltaic
65,73,0.0,solar_photovoltaic
82,73,0.0,solar_photovoltaic
96,73,0.0,solar_photovoltaic
107,73,0.0,solar_photovoltaic
126,73,0.0,solar_photovoltaic
138,73,0.0,solar_photovoltaic
26,74,0.0,biomass
13,74,0.0,biomass
108,74,0.0,biomass
40,74,0.0,biomass
97,74,0.0,biomass
1,74,0.0,biomass
66,74,0.0,biomass
2,74,671.5656948,conventional_hydroelectric
14,74,158.996552,conventional_hydroelectric
27,74,581.9343408,conventional_hydroelectric
35,74,572.9531104,conventional_hydroelectric
54,74,712.9251459,conventional_hydroelectric
67,74,616.7594048914511,conventional_hydroelectric
84,74,6141.303556341551,conventional_hydroelectric
109,74,295.28765333340004,conventional_hydroelectric
128,74,45.57036000000001,conventional_hydroelectric
139,74,110.6488896,conventional_hydroelectric
110,74,0.0,conventional_steam_coal
41,74,0.0,conventional_steam_coal
3,74,0.0,conventional_steam_coal
36,74,0.0,conventional_steam_coal
85,74,0.0,conventional_steam_coal
28,74,74.364,geothermal
116,74,0.0,natural_gas_fired_combined_cycle
73,74,0.0,natural_gas_fired_combined_cycle
71,74,0.0,natural_gas_fired_combined_cycle
44,74,0.0,natural_gas_fired_combined_cycle
115,74,0.0,natural_gas_fired_combined_cycle
70,74,0.0,natural_gas_fired_combined_cycle
131,74,0.0,natural_gas_fired_combined_cycle
18,74,0.0,natural_gas_fired_combined_cycle
72,74,0.0,natural_gas_fired_combined_cycle
114,74,0.0,natural_gas_fired_combined_cycle
45,74,0.0,natural_gas_fired_combined_cycle
78,74,0.0,natural_gas_fired_combustion_turbine
75,74,0.0,natural_gas_fired_combustion_turbine
119,74,0.0,natural_gas_fired_combustion_turbine
117,74,0.0,natural_gas_fired_combustion_turbine
134,74,0.0,natural_gas_fired_combustion_turbine
103,74,0.0,natural_gas_fired_combustion_turbine
47,74,0.0,natural_gas_fired_combustion_turbine
8,74,0.0,natural_gas_fired_combustion_turbine
90,74,0.0,natural_gas_fired_combustion_turbine
60,74,0.0,natural_gas_fired_combustion_turbine
46,74,0.0,natural_gas_fired_combustion_turbine
37,74,0.0,natural_gas_fired_combustion_turbine
7,74,0.0,natural_gas_fired_combustion_turbine
133,74,0.0,natural_gas_fired_combustion_turbine
74,74,0.0,natural_gas_fired_combustion_turbine
20,74,0.0,natural_gas_fired_combustion_turbine
135,74,0.0,natural_gas_fired_combustion_turbine
142,74,0.0,natural_gas_fired_combustion_turbine
121,74,0.0,natural_gas_fired_combustion_turbine
91,74,0.0,natural_gas_fired_combustion_turbine
22,74,0.0,natural_gas_steam_turbine
123,74,0.0,natural_gas_steam_turbine
62,74,0.0,natural_gas_steam_turbine
49,74,0.0,natural_gas_steam_turbine
48,74,0.0,natural_gas_steam_turbine
21,74,0.0,natural_gas_steam_turbine
79,74,0.0,nuclear
10,74,147.6902,onshore_wind_turbine
23,74,11079.7764,onshore_wind_turbine
31,74,8700.15307,onshore_wind_turbine
38,74,1483.7466,onshore_wind_turbine
50,74,3353.4269999999997,onshore_wind_turbine
63,74,61.084799888,onshore_wind_turbine
80,74,2823.27416,onshore_wind_turbine
94,74,13589.471,onshore_wind_turbine
105,74,2440.75985832,onshore_wind_turbine
124,74,10372.190723725602,onshore_wind_turbine
136,74,2199.10635,onshore_wind_turbine
144,74,11458.46142,onshore_wind_turbine
11,74,19.125,small_hydroelectric
24,74,62.577,small_hydroelectric
32,74,192.0,small_hydroelectric
39,74,52.9,small_hydroelectric
51,74,25.641,small_hydroelectric
64,74,6.128,small_hydroelectric
81,74,241.672,small_hydroelectric
95,74,418.922,small_hydroelectric
106,74,31.614,small_hydroelectric
125,74,100.697,small_hydroelectric
137,74,36.822,small_hydroelectric
145,74,33.21,small_hydroelectric
12,74,0.0,solar_photovoltaic
25,74,0.0,solar_photovoltaic
33,74,0.0,solar_photovoltaic
52,74,0.0,solar_photovoltaic
65,74,0.0,solar_photovoltaic
82,74,0.0,solar_photovoltaic
96,74,0.0,solar_photovoltaic
107,74,0.0,solar_photovoltaic
126,74,0.0,solar_photovoltaic
138,74,0.0,solar_photovoltaic
26,75,0.0,biomass
13,75,0.0,biomass
108,75,0.0,biomass
40,75,0.0,biomass
97,75,0.0,biomass
1,75,0.0,biomass
66,75,0.0,biomass
2,75,671.0131931999999,conventional_hydroelectric
14,75,158.9495116,conventional_hydroelectric
27,75,581.6521224,conventional_hydroelectric
35,75,365.6509824,conventional_hydroelectric
54,75,712.6133256,conventional_hydroelectric
67,75,603.742581,conventional_hydroelectric
84,75,5603.475897065582,conventional_hydroelectric
109,75,295.34840059920003,conventional_hydroelectric
128,75,45.524820000000005,conventional_hydroelectric
139,75,110.48586239999999,conventional_hydroelectric
110,75,0.0,conventional_steam_coal
41,75,0.0,conventional_steam_coal
3,75,0.0,conventional_steam_coal
36,75,0.0,conventional_steam_coal
85,75,0.0,conventional_steam_coal
28,75,74.364,geothermal
116,75,0.0,natural_gas_fired_combined_cycle
73,75,0.0,natural_gas_fired_combined_cycle
71,75,0.0,natural_gas_fired_combined_cycle
44,75,0.0,natural_gas_fired_combined_cycle
115,75,0.0,natural_gas_fired_combined_cycle
70,75,0.0,natural_gas_fired_combined_cycle
131,75,0.0,natural_gas_fired_combined_cycle
18,75,0.0,natural_gas_fired_combined_cycle
72,75,0.0,natural_gas_fired_combined_cycle
114,75,0.0,natural_gas_fired_combined_cycle
45,75,0.0,natural_gas_fired_combined_cycle
78,75,0.0,natural_gas_fired_combustion_turbine
75,75,0.0,natural_gas_fired_combustion_turbine
119,75,0.0,natural_gas_fired_combustion_turbine
117,75,0.0,natural_gas_fired_combustion_turbine
134,75,0.0,natural_gas_fired_combustion_turbine
103,75,0.0,natural_gas_fired_combustion_turbine
47,75,0.0,natural_gas_fired_combustion_turbine
8,75,0.0,natural_gas_fired_combustion_turbine
90,75,0.0,natural_gas_fired_combustion_turbine
60,75,0.0,natural_gas_fired_combustion_turbine
46,75,0.0,natural_gas_fired_combustion_turbine
37,75,0.0,natural_gas_fired_combustion_turbine
7,75,0.0,natural_gas_fired_combustion_turbine
133,75,0.0,natural_gas_fired_combustion_turbine
74,75,0.0,natural_gas_fired_combustion_turbine
20,75,0.0,natural_gas_fired_combustion_turbine
135,75,0.0,natural_gas_fired_combustion_turbine
142,75,0.0,natural_gas_fired_combustion_turbine
121,75,0.0,natural_gas_fired_combustion_turbine
91,75,0.0,natural_gas_fired_combustion_turbine
22,75,0.0,natural_gas_steam_turbine
123,75,0.0,natural_gas_steam_turbine
62,75,0.0,natural_gas_steam_turbine
49,75,0.0,natural_gas_steam_turbine
48,75,0.0,natural_gas_steam_turbine
21,75,0.0,natural_gas_steam_turbine
79,75,0.0,nuclear
10,75,64.8396,onshore_wind_turbine
23,75,10215.158800000001,onshore_wind_turbine
31,75,8910.324639999999,onshore_wind_turbine
38,75,1345.1424,onshore_wind_turbine
50,75,2124.5145599999996,onshore_wind_turbine
63,75,13.9439999496,onshore_wind_turbine
80,75,2617.8944399999996,onshore_wind_turbine
94,75,15053.2354,onshore_wind_turbine
105,75,2272.356660525,onshore_wind_turbine
124,75,12288.567418573602,onshore_wind_turbine
136,75,2015.6226300000003,onshore_wind_turbine
144,75,11077.810379999999,onshore_wind_turbine
11,75,19.125,small_hydroelectric
24,75,62.577,small_hydroelectric
32,75,192.0,small_hydroelectric
39,75,52.9,small_hydroelectric
51,75,25.641,small_hydroelectric
64,75,6.128,small_hydroelectric
81,75,241.672,small_hydroelectric
95,75,418.922,small_hydroelectric
106,75,31.614,small_hydroelectric
125,75,100.697,small_hydroelectric
137,75,36.822,small_hydroelectric
145,75,33.21,small_hydroelectric
12,75,0.0,solar_photovoltaic
25,75,0.0,solar_photovoltaic
33,75,0.0,solar_photovoltaic
52,75,0.0,solar_photovoltaic
65,75,0.0,solar_photovoltaic
82,75,0.0,solar_photovoltaic
96,75,0.0,solar_photovoltaic
107,75,0.0,solar_photovoltaic
126,75,0.0,solar_photovoltaic
138,75,0.0,solar_photovoltaic
26,76,0.0,biomass
13,76,0.0,biomass
108,76,0.0,biomass
40,76,0.0,biomass
97,76,0.0,biomass
1,76,0.0,biomass
66,76,0.0,biomass
2,76,670.4606915999999,conventional_hydroelectric
14,76,158.9495116,conventional_hydroelectric
27,76,581.2287948000001,conventional_hydroelectric
35,76,572.9531104,conventional_hydroelectric
54,76,712.1975652000001,conventional_hydroelectric
67,76,0.0,conventional_hydroelectric
84,76,3345.874240369391,conventional_hydroelectric
109,76,295.4091492612,conventional_hydroelectric
128,76,45.47928,conventional_hydroelectric
139,76,110.3228352,conventional_hydroelectric
110,76,0.0,conventional_steam_coal
41,76,0.0,conventional_steam_coal
3,76,0.0,conventional_steam_coal
36,76,0.0,conventional_steam_coal
85,76,0.0,conventional_steam_coal
28,76,74.364,geothermal
116,76,0.0,natural_gas_fired_combined_cycle
73,76,0.0,natural_gas_fired_combined_cycle
71,76,0.0,natural_gas_fired_combined_cycle
44,76,0.0,natural_gas_fired_combined_cycle
115,76,0.0,natural_gas_fired_combined_cycle
70,76,0.0,natural_gas_fired_combined_cycle
131,76,0.0,natural_gas_fired_combined_cycle
18,76,0.0,natural_gas_fired_combined_cycle
72,76,0.0,natural_gas_fired_combined_cycle
114,76,0.0,natural_gas_fired_combined_cycle
45,76,0.0,natural_gas_fired_combined_cycle
78,76,0.0,natural_gas_fired_combustion_turbine
75,76,0.0,natural_gas_fired_combustion_turbine
119,76,0.0,natural_gas_fired_combustion_turbine
117,76,0.0,natural_gas_fired_combustion_turbine
134,76,0.0,natural_gas_fired_combustion_turbine
103,76,0.0,natural_gas_fired_combustion_turbine
47,76,0.0,natural_gas_fired_combustion_turbine
8,76,0.0,natural_gas_fired_combustion_turbine
90,76,0.0,natural_gas_fired_combustion_turbine
60,76,0.0,natural_gas_fired_combustion_turbine
46,76,0.0,natural_gas_fired_combustion_turbine
37,76,0.0,natural_gas_fired_combustion_turbine
7,76,0.0,natural_gas_fired_combustion_turbine
133,76,0.0,natural_gas_fired_combustion_turbine
74,76,0.0,natural_gas_fired_combustion_turbine
20,76,0.0,natural_gas_fired_combustion_turbine
135,76,0.0,natural_gas_fired_combustion_turbine
142,76,0.0,natural_gas_fired_combustion_turbine
121,76,0.0,natural_gas_fired_combustion_turbine
91,76,0.0,natural_gas_fired_combustion_turbine
22,76,0.0,natural_gas_steam_turbine
123,76,0.0,natural_gas_steam_turbine
62,76,0.0,natural_gas_steam_turbine
49,76,0.0,natural_gas_steam_turbine
48,76,0.0,natural_gas_steam_turbine
21,76,0.0,natural_gas_steam_turbine
79,76,0.0,nuclear
10,76,27.917050000000003,onshore_wind_turbine
23,76,11020.1476,onshore_wind_turbine
31,76,7944.96031,onshore_wind_turbine
38,76,1286.63325,onshore_wind_turbine
50,76,1693.6499999999999,onshore_wind_turbine
63,76,14.379959994399998,onshore_wind_turbine
80,76,2175.5381199999997,onshore_wind_turbine
94,76,13449.714600000001,onshore_wind_turbine
105,76,2062.506040686,onshore_wind_turbine
124,76,10922.258269645801,onshore_wind_turbine
136,76,1948.1653800000001,onshore_wind_turbine
144,76,10965.345299999999,onshore_wind_turbine
11,76,19.125,small_hydroelectric
24,76,62.577,small_hydroelectric
32,76,192.0,small_hydroelectric
39,76,52.9,small_hydroelectric
51,76,25.641,small_hydroelectric
64,76,6.128,small_hydroelectric
81,76,241.672,small_hydroelectric
95,76,418.922,small_hydroelectric
106,76,31.614,small_hydroelectric
125,76,100.697,small_hydroelectric
137,76,36.822,small_hydroelectric
145,76,33.21,small_hydroelectric
12,76,0.0,solar_photovoltaic
25,76,0.0,solar_photovoltaic
33,76,0.0,solar_photovoltaic
52,76,0.0,solar_photovoltaic
65,76,0.0,solar_photovoltaic
82,76,0.0,solar_photovoltaic
96,76,0.0,solar_photovoltaic
107,76,0.0,solar_photovoltaic
126,76,0.0,solar_photovoltaic
138,76,0.0,solar_photovoltaic
26,77,0.0,biomass
13,77,0.0,biomass
108,77,0.0,biomass
40,77,0.0,biomass
97,77,0.0,biomass
1,77,0.0,biomass
66,77,0.0,biomass
2,77,669.90819,conventional_hydroelectric
14,77,158.90247119999998,conventional_hydroelectric
27,77,580.8054672000001,conventional_hydroelectric
35,77,780.2552384,conventional_hydroelectric
54,77,625.9272822,conventional_hydroelectric
67,77,603.742581,conventional_hydroelectric
84,77,5757.271414369391,conventional_hydroelectric
109,77,295.530645189,conventional_hydroelectric
128,77,45.43374000000001,conventional_hydroelectric
139,77,110.15980799999998,conventional_hydroelectric
110,77,0.0,conventional_steam_coal
41,77,0.0,conventional_steam_coal
3,77,0.0,conventional_steam_coal
36,77,0.0,conventional_steam_coal
85,77,0.0,conventional_steam_coal
28,77,74.364,geothermal
116,77,0.0,natural_gas_fired_combined_cycle
73,77,0.0,natural_gas_fired_combined_cycle
71,77,0.0,natural_gas_fired_combined_cycle
44,77,0.0,natural_gas_fired_combined_cycle
115,77,0.0,natural_gas_fired_combined_cycle
70,77,0.0,natural_gas_fired_combined_cycle
131,77,0.0,natural_gas_fired_combined_cycle
18,77,0.0,natural_gas_fired_combined_cycle
72,77,0.0,natural_gas_fired_combined_cycle
114,77,0.0,natural_gas_fired_combined_cycle
45,77,0.0,natural_gas_fired_combined_cycle
78,77,0.0,natural_gas_fired_combustion_turbine
75,77,0.0,natural_gas_fired_combustion_turbine
119,77,0.0,natural_gas_fired_combustion_turbine
117,77,0.0,natural_gas_fired_combustion_turbine
134,77,0.0,natural_gas_fired_combustion_turbine
103,77,0.0,natural_gas_fired_combustion_turbine
47,77,0.0,natural_gas_fired_combustion_turbine
8,77,0.0,natural_gas_fired_combustion_turbine
90,77,0.0,natural_gas_fired_combustion_turbine
60,77,0.0,natural_gas_fired_combustion_turbine
46,77,0.0,natural_gas_fired_combustion_turbine
37,77,0.0,natural_gas_fired_combustion_turbine
7,77,0.0,natural_gas_fired_combustion_turbine
133,77,0.0,natural_gas_fired_combustion_turbine
74,77,0.0,natural_gas_fired_combustion_turbine
20,77,0.0,natural_gas_fired_combustion_turbine
135,77,0.0,natural_gas_fired_combustion_turbine
142,77,0.0,natural_gas_fired_combustion_turbine
121,77,0.0,natural_gas_fired_combustion_turbine
91,77,0.0,natural_gas_fired_combustion_turbine
22,77,0.0,natural_gas_steam_turbine
123,77,0.0,natural_gas_steam_turbine
62,77,0.0,natural_gas_steam_turbine
49,77,0.0,natural_gas_steam_turbine
48,77,0.0,natural_gas_steam_turbine
21,77,0.0,natural_gas_steam_turbine
79,77,0.0,nuclear
10,77,14.228690000000002,onshore_wind_turbine
23,77,11437.5492,onshore_wind_turbine
31,77,7418.937680000001,onshore_wind_turbine
38,77,1756.4106,onshore_wind_turbine
50,77,1144.22994,onshore_wind_turbine
63,77,229.5862800952,onshore_wind_turbine
80,77,2031.4935199999998,onshore_wind_turbine
94,77,12567.0426,onshore_wind_turbine
105,77,2235.174481554,onshore_wind_turbine
124,77,14199.106390792402,onshore_wind_turbine
136,77,2342.1157200000007,onshore_wind_turbine
144,77,9269.717939999999,onshore_wind_turbine
11,77,19.125,small_hydroelectric
24,77,62.577,small_hydroelectric
32,77,192.0,small_hydroelectric
39,77,52.9,small_hydroelectric
51,77,25.641,small_hydroelectric
64,77,6.128,small_hydroelectric
81,77,241.672,small_hydroelectric
95,77,418.922,small_hydroelectric
106,77,31.614,small_hydroelectric
125,77,100.697,small_hydroelectric
137,77,36.822,small_hydroelectric
145,77,33.21,small_hydroelectric
12,77,0.0,solar_photovoltaic
25,77,0.0,solar_photovoltaic
33,77,0.0,solar_photovoltaic
52,77,0.0,solar_photovoltaic
65,77,0.0,solar_photovoltaic
82,77,0.0,solar_photovoltaic
96,77,0.0,solar_photovoltaic
107,77,0.0,solar_photovoltaic
126,77,0.0,solar_photovoltaic
138,77,0.0,solar_photovoltaic
26,78,0.0,biomass
13,78,0.0,biomass
108,78,0.0,biomass
40,78,0.0,biomass
97,78,0.0,biomass
1,78,0.0,biomass
66,78,0.0,biomass
2,78,669.3556884,conventional_hydroelectric
14,78,158.90247119999998,conventional_hydroelectric
27,78,468.4825440000001,conventional_hydroelectric
35,78,779.2561919999999,conventional_hydroelectric
54,78,539.6569992,conventional_hydroelectric
67,78,1207.485162,conventional_hydroelectric
84,78,7647.556402791794,conventional_hydroelectric
109,78,295.5913924548,conventional_hydroelectric
128,78,45.388200000000005,conventional_hydroelectric
139,78,90.82943999999998,conventional_hydroelectric
110,78,0.0,conventional_steam_coal
41,78,0.0,conventional_steam_coal
3,78,0.0,conventional_steam_coal
36,78,0.0,conventional_steam_coal
85,78,0.0,conventional_steam_coal
28,78,74.364,geothermal
116,78,0.0,natural_gas_fired_combined_cycle
73,78,0.0,natural_gas_fired_combined_cycle
71,78,0.0,natural_gas_fired_combined_cycle
44,78,0.0,natural_gas_fired_combined_cycle
115,78,0.0,natural_gas_fired_combined_cycle
70,78,0.0,natural_gas_fired_combined_cycle
131,78,0.0,natural_gas_fired_combined_cycle
18,78,0.0,natural_gas_fired_combined_cycle
72,78,0.0,natural_gas_fired_combined_cycle
114,78,0.0,natural_gas_fired_combined_cycle
45,78,0.0,natural_gas_fired_combined_cycle
78,78,0.0,natural_gas_fired_combustion_turbine
75,78,0.0,natural_gas_fired_combustion_turbine
119,78,0.0,natural_gas_fired_combustion_turbine
117,78,0.0,natural_gas_fired_combustion_turbine
134,78,0.0,natural_gas_fired_combustion_turbine
103,78,0.0,natural_gas_fired_combustion_turbine
47,78,0.0,natural_gas_fired_combustion_turbine
8,78,0.0,natural_gas_fired_combustion_turbine
90,78,0.0,natural_gas_fired_combustion_turbine
60,78,0.0,natural_gas_fired_combustion_turbine
46,78,0.0,natural_gas_fired_combustion_turbine
37,78,0.0,natural_gas_fired_combustion_turbine
7,78,0.0,natural_gas_fired_combustion_turbine
133,78,0.0,natural_gas_fired_combustion_turbine
74,78,0.0,natural_gas_fired_combustion_turbine
20,78,0.0,natural_gas_fired_combustion_turbine
135,78,0.0,natural_gas_fired_combustion_turbine
142,78,0.0,natural_gas_fired_combustion_turbine
121,78,0.0,natural_gas_fired_combustion_turbine
91,78,0.0,natural_gas_fired_combustion_turbine
22,78,0.0,natural_gas_steam_turbine
123,78,0.0,natural_gas_steam_turbine
62,78,0.0,natural_gas_steam_turbine
49,78,0.0,natural_gas_steam_turbine
48,78,0.0,natural_gas_steam_turbine
21,78,0.0,natural_gas_steam_turbine
79,78,0.0,nuclear
10,78,66.46059000000001,onshore_wind_turbine
23,78,10587.838800000001,onshore_wind_turbine
31,78,7377.37833,onshore_wind_turbine
38,78,2197.2174,onshore_wind_turbine
50,78,907.7964,onshore_wind_turbine
63,78,257.577880364,onshore_wind_turbine
80,78,1972.9463599999997,onshore_wind_turbine
94,78,11643.9148,onshore_wind_turbine
105,78,2386.8802997969997,onshore_wind_turbine
124,78,12503.360877792402,onshore_wind_turbine
136,78,2532.7948800000004,onshore_wind_turbine
144,78,9209.159819999999,onshore_wind_turbine
11,78,19.125,small_hydroelectric
24,78,62.577,small_hydroelectric
32,78,192.0,small_hydroelectric
39,78,52.9,small_hydroelectric
51,78,25.641,small_hydroelectric
64,78,6.128,small_hydroelectric
81,78,241.672,small_hydroelectric
95,78,418.922,small_hydroelectric
106,78,31.614,small_hydroelectric
125,78,100.697,small_hydroelectric
137,78,36.822,small_hydroelectric
145,78,33.21,small_hydroelectric
12,78,0.0,solar_photovoltaic
25,78,699.4915199999999,solar_photovoltaic
33,78,0.0,solar_photovoltaic
52,78,783.10694,solar_photovoltaic
65,78,0.0,solar_photovoltaic
82,78,0.0,solar_photovoltaic
96,78,0.0,solar_photovoltaic
107,78,0.0,solar_photovoltaic
126,78,0.0,solar_photovoltaic
138,78,0.0,solar_photovoltaic
26,79,0.0,biomass
13,79,0.0,biomass
108,79,0.0,biomass
40,79,0.0,biomass
97,79,0.0,biomass
1,79,0.0,biomass
66,79,0.0,biomass
2,79,440.06752439999997,conventional_hydroelectric
14,79,119.85893919999998,conventional_hydroelectric
27,79,351.3619080000001,conventional_hydroelectric
35,79,571.9540639999999,conventional_hydroelectric
54,79,453.38671619999997,conventional_hydroelectric
67,79,603.742581,conventional_hydroelectric
84,79,5236.159228791794,conventional_hydroelectric
109,79,179.70679245479997,conventional_hydroelectric
128,79,32.7888,conventional_hydroelectric
139,79,71.49907199999998,conventional_hydroelectric
110,79,0.0,conventional_steam_coal
41,79,0.0,conventional_steam_coal
3,79,0.0,conventional_steam_coal
36,79,0.0,conventional_steam_coal
85,79,0.0,conventional_steam_coal
28,79,0.0,geothermal
116,79,0.0,natural_gas_fired_combined_cycle
73,79,0.0,natural_gas_fired_combined_cycle
71,79,0.0,natural_gas_fired_combined_cycle
44,79,0.0,natural_gas_fired_combined_cycle
115,79,0.0,natural_gas_fired_combined_cycle
70,79,0.0,natural_gas_fired_combined_cycle
131,79,0.0,natural_gas_fired_combined_cycle
18,79,0.0,natural_gas_fired_combined_cycle
72,79,0.0,natural_gas_fired_combined_cycle
114,79,0.0,natural_gas_fired_combined_cycle
45,79,0.0,natural_gas_fired_combined_cycle
78,79,0.0,natural_gas_fired_combustion_turbine
75,79,0.0,natural_gas_fired_combustion_turbine
119,79,0.0,natural_gas_fired_combustion_turbine
117,79,0.0,natural_gas_fired_combustion_turbine
134,79,0.0,natural_gas_fired_combustion_turbine
103,79,0.0,natural_gas_fired_combustion_turbine
47,79,0.0,natural_gas_fired_combustion_turbine
8,79,0.0,natural_gas_fired_combustion_turbine
90,79,0.0,natural_gas_fired_combustion_turbine
60,79,0.0,natural_gas_fired_combustion_turbine
46,79,0.0,natural_gas_fired_combustion_turbine
37,79,0.0,natural_gas_fired_combustion_turbine
7,79,0.0,natural_gas_fired_combustion_turbine
133,79,0.0,natural_gas_fired_combustion_turbine
74,79,0.0,natural_gas_fired_combustion_turbine
20,79,0.0,natural_gas_fired_combustion_turbine
135,79,0.0,natural_gas_fired_combustion_turbine
142,79,0.0,natural_gas_fired_combustion_turbine
121,79,0.0,natural_gas_fired_combustion_turbine
91,79,0.0,natural_gas_fired_combustion_turbine
22,79,0.0,natural_gas_steam_turbine
123,79,0.0,natural_gas_steam_turbine
62,79,0.0,natural_gas_steam_turbine
49,79,0.0,natural_gas_steam_turbine
48,79,0.0,natural_gas_steam_turbine
21,79,0.0,natural_gas_steam_turbine
79,79,0.0,nuclear
10,79,0.0,onshore_wind_turbine
23,79,9896.5174,onshore_wind_turbine
31,79,7378.56574,onshore_wind_turbine
38,79,2216.5311,onshore_wind_turbine
50,79,1212.6534,onshore_wind_turbine
63,79,0.0,onshore_wind_turbine
80,79,2464.55664,onshore_wind_turbine
94,79,11140.0562,onshore_wind_turbine
105,79,2567.884481211,onshore_wind_turbine
124,79,10949.258890323603,onshore_wind_turbine
136,79,1914.8864700000004,onshore_wind_turbine
144,79,8555.997239999999,onshore_wind_turbine
11,79,0.0,small_hydroelectric
24,79,0.0,small_hydroelectric
32,79,0.0,small_hydroelectric
39,79,0.0,small_hydroelectric
51,79,0.0,small_hydroelectric
64,79,0.0,small_hydroelectric
81,79,0.0,small_hydroelectric
95,79,320.50747409429823,small_hydroelectric
106,79,0.0,small_hydroelectric
125,79,0.0,small_hydroelectric
137,79,0.0,small_hydroelectric
145,79,0.0,small_hydroelectric
12,79,0.0,solar_photovoltaic
25,79,0.0,solar_photovoltaic
33,79,0.0,solar_photovoltaic
52,79,0.0,solar_photovoltaic
65,79,0.0,solar_photovoltaic
82,79,0.0,solar_photovoltaic
96,79,0.0,solar_photovoltaic
107,79,2341.0562656915,solar_photovoltaic
126,79,9414.729852633,solar_photovoltaic
138,79,0.0,solar_photovoltaic
26,80,0.0,biomass
13,80,0.0,biomass
108,80,0.0,biomass
40,80,0.0,biomass
97,80,0.0,biomass
1,80,0.0,biomass
66,80,0.0,biomass
2,80,210.77936039999997,conventional_hydroelectric
14,80,80.81540719999998,conventional_hydroelectric
27,80,234.24127200000004,conventional_hydroelectric
35,80,364.65193599999986,conventional_hydroelectric
54,80,367.11643319999996,conventional_hydroelectric
67,80,0.0,conventional_hydroelectric
84,80,2824.7620547917936,conventional_hydroelectric
109,80,63.82219245479996,conventional_hydroelectric
128,80,20.1894,conventional_hydroelectric
139,80,52.168703999999984,conventional_hydroelectric
110,80,0.0,conventional_steam_coal
41,80,0.0,conventional_steam_coal
3,80,0.0,conventional_steam_coal
36,80,0.0,conventional_steam_coal
85,80,0.0,conventional_steam_coal
28,80,0.0,geothermal
116,80,0.0,natural_gas_fired_combined_cycle
73,80,0.0,natural_gas_fired_combined_cycle
71,80,0.0,natural_gas_fired_combined_cycle
44,80,0.0,natural_gas_fired_combined_cycle
115,80,0.0,natural_gas_fired_combined_cycle
70,80,0.0,natural_gas_fired_combined_cycle
131,80,0.0,natural_gas_fired_combined_cycle
18,80,0.0,natural_gas_fired_combined_cycle
72,80,0.0,natural_gas_fired_combined_cycle
114,80,0.0,natural_gas_fired_combined_cycle
45,80,0.0,natural_gas_fired_combined_cycle
78,80,0.0,natural_gas_fired_combustion_turbine
75,80,0.0,natural_gas_fired_combustion_turbine
119,80,0.0,natural_gas_fired_combustion_turbine
117,80,0.0,natural_gas_fired_combustion_turbine
134,80,0.0,natural_gas_fired_combustion_turbine
103,80,0.0,natural_gas_fired_combustion_turbine
47,80,0.0,natural_gas_fired_combustion_turbine
8,80,0.0,natural_gas_fired_combustion_turbine
90,80,0.0,natural_gas_fired_combustion_turbine
60,80,0.0,natural_gas_fired_combustion_turbine
46,80,0.0,natural_gas_fired_combustion_turbine
37,80,0.0,natural_gas_fired_combustion_turbine
7,80,0.0,natural_gas_fired_combustion_turbine
133,80,0.0,natural_gas_fired_combustion_turbine
74,80,0.0,natural_gas_fired_combustion_turbine
20,80,0.0,natural_gas_fired_combustion_turbine
135,80,0.0,natural_gas_fired_combustion_turbine
142,80,0.0,natural_gas_fired_combustion_turbine
121,80,0.0,natural_gas_fired_combustion_turbine
91,80,0.0,natural_gas_fired_combustion_turbine
22,80,0.0,natural_gas_steam_turbine
123,80,0.0,natural_gas_steam_turbine
62,80,0.0,natural_gas_steam_turbine
49,80,0.0,natural_gas_steam_turbine
48,80,0.0,natural_gas_steam_turbine
21,80,0.0,natural_gas_steam_turbine
79,80,0.0,nuclear
10,80,0.0,onshore_wind_turbine
23,80,5726.2282000000005,onshore_wind_turbine
31,80,6524.81795,onshore_wind_turbine
38,80,0.0,onshore_wind_turbine
50,80,0.0,onshore_wind_turbine
63,80,0.0,onshore_wind_turbine
80,80,0.0,onshore_wind_turbine
94,80,10558.963800000001,onshore_wind_turbine
105,80,1466.4409203779999,onshore_wind_turbine
124,80,11185.726367585003,onshore_wind_turbine
136,80,1191.7447500000003,onshore_wind_turbine
144,80,6200.71893,onshore_wind_turbine
11,80,0.0,small_hydroelectric
24,80,0.0,small_hydroelectric
32,80,0.0,small_hydroelectric
39,80,0.0,small_hydroelectric
51,80,0.0,small_hydroelectric
64,80,0.0,small_hydroelectric
81,80,0.0,small_hydroelectric
95,80,356.80535632090096,small_hydroelectric
106,80,0.0,small_hydroelectric
125,80,0.0,small_hydroelectric
137,80,0.0,small_hydroelectric
145,80,0.0,small_hydroelectric
12,80,0.0,solar_photovoltaic
25,80,0.0,solar_photovoltaic
33,80,0.0,solar_photovoltaic
52,80,0.0,solar_photovoltaic
65,80,0.0,solar_photovoltaic
82,80,8088.721620000001,solar_photovoltaic
96,80,0.0,solar_photovoltaic
107,80,7474.375936062001,solar_photovoltaic
126,80,19654.1843496075,solar_photovoltaic
138,80,0.0,solar_photovoltaic
26,81,0.0,biomass
13,81,0.0,biomass
108,81,0.0,biomass
40,81,0.0,biomass
97,81,0.0,biomass
1,81,0.0,biomass
66,81,0.0,biomass
2,81,0.0,conventional_hydroelectric
14,81,41.77187519999998,conventional_hydroelectric
27,81,117.12063600000002,conventional_hydroelectric
35,81,157.34980799999985,conventional_hydroelectric
54,81,280.84615019999995,conventional_hydroelectric
67,81,0.0,conventional_hydroelectric
84,81,413.36488079179344,conventional_hydroelectric
109,81,0.0,conventional_hydroelectric
128,81,7.589999999999998,conventional_hydroelectric
139,81,32.838335999999984,conventional_hydroelectric
110,81,0.0,conventional_steam_coal
41,81,0.0,conventional_steam_coal
3,81,0.0,conventional_steam_coal
36,81,0.0,conventional_steam_coal
85,81,0.0,conventional_steam_coal
28,81,0.0,geothermal
116,81,0.0,natural_gas_fired_combined_cycle
73,81,0.0,natural_gas_fired_combined_cycle
71,81,0.0,natural_gas_fired_combined_cycle
44,81,0.0,natural_gas_fired_combined_cycle
115,81,0.0,natural_gas_fired_combined_cycle
70,81,0.0,natural_gas_fired_combined_cycle
131,81,0.0,natural_gas_fired_combined_cycle
18,81,0.0,natural_gas_fired_combined_cycle
72,81,0.0,natural_gas_fired_combined_cycle
114,81,0.0,natural_gas_fired_combined_cycle
45,81,0.0,natural_gas_fired_combined_cycle
78,81,0.0,natural_gas_fired_combustion_turbine
75,81,0.0,natural_gas_fired_combustion_turbine
119,81,0.0,natural_gas_fired_combustion_turbine
117,81,0.0,natural_gas_fired_combustion_turbine
134,81,0.0,natural_gas_fired_combustion_turbine
103,81,0.0,natural_gas_fired_combustion_turbine
47,81,0.0,natural_gas_fired_combustion_turbine
8,81,0.0,natural_gas_fired_combustion_turbine
90,81,0.0,natural_gas_fired_combustion_turbine
60,81,0.0,natural_gas_fired_combustion_turbine
46,81,0.0,natural_gas_fired_combustion_turbine
37,81,0.0,natural_gas_fired_combustion_turbine
7,81,0.0,natural_gas_fired_combustion_turbine
133,81,0.0,natural_gas_fired_combustion_turbine
74,81,0.0,natural_gas_fired_combustion_turbine
20,81,0.0,natural_gas_fired_combustion_turbine
135,81,0.0,natural_gas_fired_combustion_turbine
142,81,0.0,natural_gas_fired_combustion_turbine
121,81,0.0,natural_gas_fired_combustion_turbine
91,81,0.0,natural_gas_fired_combustion_turbine
22,81,0.0,natural_gas_steam_turbine
123,81,0.0,natural_gas_steam_turbine
62,81,0.0,natural_gas_steam_turbine
49,81,0.0,natural_gas_steam_turbine
48,81,0.0,natural_gas_steam_turbine
21,81,0.0,natural_gas_steam_turbine
79,81,0.0,nuclear
10,81,0.0,onshore_wind_turbine
23,81,0.0,onshore_wind_turbine
31,81,0.0,onshore_wind_turbine
38,81,1948.97955,onshore_wind_turbine
50,81,0.0,onshore_wind_turbine
63,81,0.0,onshore_wind_turbine
80,81,0.0,onshore_wind_turbine
94,81,5056.975,onshore_wind_turbine
105,81,366.584258943,onshore_wind_turbine
124,81,7770.617192168601,onshore_wind_turbine
136,81,1046.03709,onshore_wind_turbine
144,81,7156.6721099999995,onshore_wind_turbine
11,81,0.0,small_hydroelectric
24,81,0.0,small_hydroelectric
32,81,0.0,small_hydroelectric
39,81,52.9,small_hydroelectric
51,81,25.641,small_hydroelectric
64,81,0.0,small_hydroelectric
81,81,241.672,small_hydroelectric
95,81,418.922,small_hydroelectric
106,81,31.614,small_hydroelectric
125,81,100.697,small_hydroelectric
137,81,19.373421451714137,small_hydroelectric
145,81,0.0,small_hydroelectric
12,81,0.0,solar_photovoltaic
25,81,0.0,solar_photovoltaic
33,81,0.0,solar_photovoltaic
52,81,0.0,solar_photovoltaic
65,81,13661.5612759024,solar_photovoltaic
82,81,11627.7812,solar_photovoltaic
96,81,0.0,solar_photovoltaic
107,81,10766.5528538645,solar_photovoltaic
126,81,27134.172151477997,solar_photovoltaic
138,81,0.0,solar_photovoltaic
26,82,0.0,biomass
13,82,0.0,biomass
108,82,0.0,biomass
40,82,0.0,biomass
97,82,0.0,biomass
1,82,0.0,biomass
66,82,0.0,biomass
2,82,0.0,conventional_hydroelectric
14,82,2.7283431999999834,conventional_hydroelectric
27,82,0.0,conventional_hydroelectric
35,82,0.0,conventional_hydroelectric
54,82,194.57586719999995,conventional_hydroelectric
67,82,0.0,conventional_hydroelectric
84,82,0.0,conventional_hydroelectric
109,82,0.0,conventional_hydroelectric
128,82,0.0,conventional_hydroelectric
139,82,13.507967999999984,conventional_hydroelectric
110,82,0.0,conventional_steam_coal
41,82,0.0,conventional_steam_coal
3,82,0.0,conventional_steam_coal
36,82,0.0,conventional_steam_coal
85,82,0.0,conventional_steam_coal
28,82,0.0,geothermal
116,82,0.0,natural_gas_fired_combined_cycle
73,82,0.0,natural_gas_fired_combined_cycle
71,82,0.0,natural_gas_fired_combined_cycle
44,82,0.0,natural_gas_fired_combined_cycle
115,82,0.0,natural_gas_fired_combined_cycle
70,82,0.0,natural_gas_fired_combined_cycle
131,82,0.0,natural_gas_fired_combined_cycle
18,82,0.0,natural_gas_fired_combined_cycle
72,82,0.0,natural_gas_fired_combined_cycle
114,82,0.0,natural_gas_fired_combined_cycle
45,82,0.0,natural_gas_fired_combined_cycle
78,82,0.0,natural_gas_fired_combustion_turbine
75,82,0.0,natural_gas_fired_combustion_turbine
119,82,0.0,natural_gas_fired_combustion_turbine
117,82,0.0,natural_gas_fired_combustion_turbine
134,82,0.0,natural_gas_fired_combustion_turbine
103,82,0.0,natural_gas_fired_combustion_turbine
47,82,0.0,natural_gas_fired_combustion_turbine
8,82,0.0,natural_gas_fired_combustion_turbine
90,82,0.0,natural_gas_fired_combustion_turbine
60,82,0.0,natural_gas_fired_combustion_turbine
46,82,0.0,natural_gas_fired_combustion_turbine
37,82,0.0,natural_gas_fired_combustion_turbine
7,82,0.0,natural_gas_fired_combustion_turbine
133,82,0.0,natural_gas_fired_combustion_turbine
74,82,0.0,natural_gas_fired_combustion_turbine
20,82,0.0,natural_gas_fired_combustion_turbine
135,82,0.0,natural_gas_fired_combustion_turbine
142,82,0.0,natural_gas_fired_combustion_turbine
121,82,0.0,natural_gas_fired_combustion_turbine
91,82,0.0,natural_gas_fired_combustion_turbine
22,82,0.0,natural_gas_steam_turbine
123,82,0.0,natural_gas_steam_turbine
62,82,0.0,natural_gas_steam_turbine
49,82,0.0,natural_gas_steam_turbine
48,82,0.0,natural_gas_steam_turbine
21,82,0.0,natural_gas_steam_turbine
79,82,0.0,nuclear
10,82,73.30477,onshore_wind_turbine
23,82,8467.2896,onshore_wind_turbine
31,82,4059.75479,onshore_wind_turbine
38,82,1991.5833000000002,onshore_wind_turbine
50,82,755.3679,onshore_wind_turbine
63,82,0.0,onshore_wind_turbine
80,82,251.84571999999997,onshore_wind_turbine
94,82,1540.9982,onshore_wind_turbine
105,82,61.384959279,onshore_wind_turbine
124,82,6435.643330593401,onshore_wind_turbine
136,82,1221.42594,onshore_wind_turbine
144,82,7887.69513,onshore_wind_turbine
11,82,0.0,small_hydroelectric
24,82,62.577,small_hydroelectric
32,82,192.0,small_hydroelectric
39,82,52.9,small_hydroelectric
51,82,25.641,small_hydroelectric
64,82,0.0,small_hydroelectric
81,82,241.672,small_hydroelectric
95,82,418.922,small_hydroelectric
106,82,31.614,small_hydroelectric
125,82,100.697,small_hydroelectric
137,82,36.822,small_hydroelectric
145,82,19.803892411888626,small_hydroelectric
12,82,0.0,solar_photovoltaic
25,82,0.0,solar_photovoltaic
33,82,1254.35625,solar_photovoltaic
52,82,4932.26048,solar_photovoltaic
65,82,15703.9579200357,solar_photovoltaic
82,82,13274.39988,solar_photovoltaic
96,82,0.0,solar_photovoltaic
107,82,11093.2548207355,solar_photovoltaic
126,82,30727.0419985445,solar_photovoltaic
138,82,2684.8667999999993,solar_photovoltaic
26,83,0.0,biomass
13,83,0.0,biomass
108,83,0.0,biomass
40,83,0.0,biomass
97,83,0.0,biomass
1,83,0.0,biomass
66,83,0.0,biomass
2,83,0.0,conventional_hydroelectric
14,83,0.0,conventional_hydroelectric
27,83,0.0,conventional_hydroelectric
35,83,0.0,conventional_hydroelectric
54,83,108.30558419999994,conventional_hydroelectric
67,83,0.0,conventional_hydroelectric
84,83,0.0,conventional_hydroelectric
109,83,0.0,conventional_hydroelectric
128,83,0.0,conventional_hydroelectric
139,83,0.0,conventional_hydroelectric
110,83,0.0,conventional_steam_coal
41,83,0.0,conventional_steam_coal
3,83,0.0,conventional_steam_coal
36,83,0.0,conventional_steam_coal
85,83,0.0,conventional_steam_coal
28,83,0.0,geothermal
116,83,0.0,natural_gas_fired_combined_cycle
73,83,0.0,natural_gas_fired_combined_cycle
71,83,0.0,natural_gas_fired_combined_cycle
44,83,0.0,natural_gas_fired_combined_cycle
115,83,0.0,natural_gas_fired_combined_cycle
70,83,0.0,natural_gas_fired_combined_cycle
131,83,0.0,natural_gas_fired_combined_cycle
18,83,0.0,natural_gas_fired_combined_cycle
72,83,0.0,natural_gas_fired_combined_cycle
114,83,0.0,natural_gas_fired_combined_cycle
45,83,0.0,natural_gas_fired_combined_cycle
78,83,0.0,natural_gas_fired_combustion_turbine
75,83,0.0,natural_gas_fired_combustion_turbine
119,83,0.0,natural_gas_fired_combustion_turbine
117,83,0.0,natural_gas_fired_combustion_turbine
134,83,0.0,natural_gas_fired_combustion_turbine
103,83,0.0,natural_gas_fired_combustion_turbine
47,83,0.0,natural_gas_fired_combustion_turbine
8,83,0.0,natural_gas_fired_combustion_turbine
90,83,0.0,natural_gas_fired_combustion_turbine
60,83,0.0,natural_gas_fired_combustion_turbine
46,83,0.0,natural_gas_fired_combustion_turbine
37,83,0.0,natural_gas_fired_combustion_turbine
7,83,0.0,natural_gas_fired_combustion_turbine
133,83,0.0,natural_gas_fired_combustion_turbine
74,83,0.0,natural_gas_fired_combustion_turbine
20,83,0.0,natural_gas_fired_combustion_turbine
135,83,0.0,natural_gas_fired_combustion_turbine
142,83,0.0,natural_gas_fired_combustion_turbine
121,83,0.0,natural_gas_fired_combustion_turbine
91,83,0.0,natural_gas_fired_combustion_turbine
22,83,0.0,natural_gas_steam_turbine
123,83,0.0,natural_gas_steam_turbine
62,83,0.0,natural_gas_steam_turbine
49,83,0.0,natural_gas_steam_turbine
48,83,0.0,natural_gas_steam_turbine
21,83,0.0,natural_gas_steam_turbine
79,83,0.0,nuclear
10,83,0.0,onshore_wind_turbine
23,83,8034.9808,onshore_wind_turbine
31,83,3778.33862,onshore_wind_turbine
38,83,2907.2799,onshore_wind_turbine
50,83,1338.66096,onshore_wind_turbine
63,83,0.0,onshore_wind_turbine
80,83,0.0,onshore_wind_turbine
94,83,831.1827999999999,onshore_wind_turbine
105,83,0.0,onshore_wind_turbine
124,83,3109.2872992720004,onshore_wind_turbine
136,83,1923.8807700000002,onshore_wind_turbine
144,83,9152.92728,onshore_wind_turbine
11,83,0.0,small_hydroelectric
24,83,0.0,small_hydroelectric
32,83,0.0,small_hydroelectric
39,83,0.0,small_hydroelectric
51,83,25.641,small_hydroelectric
64,83,0.0,small_hydroelectric
81,83,241.672,small_hydroelectric
95,83,418.922,small_hydroelectric
106,83,31.614,small_hydroelectric
125,83,100.697,small_hydroelectric
137,83,36.822,small_hydroelectric
145,83,17.16195500099581,small_hydroelectric
12,83,0.0,solar_photovoltaic
25,83,0.0,solar_photovoltaic
33,83,1267.73605,solar_photovoltaic
52,83,4937.78992,solar_photovoltaic
65,83,16958.976434169002,solar_photovoltaic
82,83,14064.542730000001,solar_photovoltaic
96,83,1067.88724,solar_photovoltaic
107,83,12497.121551208,solar_photovoltaic
126,83,32170.755746149996,solar_photovoltaic
138,83,2905.4094299999997,solar_photovoltaic
26,84,0.0,biomass
13,84,0.0,biomass
108,84,0.0,biomass
40,84,0.0,biomass
97,84,0.0,biomass
1,84,0.0,biomass
66,84,0.0,biomass
2,84,0.0,conventional_hydroelectric
14,84,0.0,conventional_hydroelectric
27,84,0.0,conventional_hydroelectric
35,84,0.0,conventional_hydroelectric
54,84,22.035301199999935,conventional_hydroelectric
67,84,0.0,conventional_hydroelectric
84,84,0.0,conventional_hydroelectric
109,84,0.0,conventional_hydroelectric
128,84,0.0,conventional_hydroelectric
139,84,0.0,conventional_hydroelectric
110,84,0.0,conventional_steam_coal
41,84,0.0,conventional_steam_coal
3,84,0.0,conventional_steam_coal
36,84,0.0,conventional_steam_coal
85,84,0.0,conventional_steam_coal
28,84,0.0,geothermal
116,84,0.0,natural_gas_fired_combined_cycle
73,84,0.0,natural_gas_fired_combined_cycle
71,84,0.0,natural_gas_fired_combined_cycle
44,84,0.0,natural_gas_fired_combined_cycle
115,84,0.0,natural_gas_fired_combined_cycle
70,84,0.0,natural_gas_fired_combined_cycle
131,84,0.0,natural_gas_fired_combined_cycle
18,84,0.0,natural_gas_fired_combined_cycle
72,84,0.0,natural_gas_fired_combined_cycle
114,84,0.0,natural_gas_fired_combined_cycle
45,84,0.0,natural_gas_fired_combined_cycle
78,84,0.0,natural_gas_fired_combustion_turbine
75,84,0.0,natural_gas_fired_combustion_turbine
119,84,0.0,natural_gas_fired_combustion_turbine
117,84,0.0,natural_gas_fired_combustion_turbine
134,84,0.0,natural_gas_fired_combustion_turbine
103,84,0.0,natural_gas_fired_combustion_turbine
47,84,0.0,natural_gas_fired_combustion_turbine
8,84,0.0,natural_gas_fired_combustion_turbine
90,84,0.0,natural_gas_fired_combustion_turbine
60,84,0.0,natural_gas_fired_combustion_turbine
46,84,0.0,natural_gas_fired_combustion_turbine
37,84,0.0,natural_gas_fired_combustion_turbine
7,84,0.0,natural_gas_fired_combustion_turbine
133,84,0.0,natural_gas_fired_combustion_turbine
74,84,0.0,natural_gas_fired_combustion_turbine
20,84,0.0,natural_gas_fired_combustion_turbine
135,84,0.0,natural_gas_fired_combustion_turbine
142,84,0.0,natural_gas_fired_combustion_turbine
121,84,0.0,natural_gas_fired_combustion_turbine
91,84,0.0,natural_gas_fired_combustion_turbine
22,84,0.0,natural_gas_steam_turbine
123,84,0.0,natural_gas_steam_turbine
62,84,0.0,natural_gas_steam_turbine
49,84,0.0,natural_gas_steam_turbine
48,84,0.0,natural_gas_steam_turbine
21,84,0.0,natural_gas_steam_turbine
79,84,0.0,nuclear
10,84,0.0,onshore_wind_turbine
23,84,7768.5145999999995,onshore_wind_turbine
31,84,0.0,onshore_wind_turbine
38,84,3539.51955,onshore_wind_turbine
50,84,2217.3265799999995,onshore_wind_turbine
63,84,0.0,onshore_wind_turbine
80,84,0.0,onshore_wind_turbine
94,84,831.1827999999999,onshore_wind_turbine
105,84,294.614041197,onshore_wind_turbine
124,84,7372.0862460630005,onshore_wind_turbine
136,84,2995.1019000000006,onshore_wind_turbine
144,84,8631.694889999999,onshore_wind_turbine
11,84,0.0,small_hydroelectric
24,84,0.0,small_hydroelectric
32,84,0.0,small_hydroelectric
39,84,52.9,small_hydroelectric
51,84,25.641,small_hydroelectric
64,84,0.0,small_hydroelectric
81,84,241.672,small_hydroelectric
95,84,418.922,small_hydroelectric
106,84,31.614,small_hydroelectric
125,84,100.697,small_hydroelectric
137,84,28.77611911941026,small_hydroelectric
145,84,0.0,small_hydroelectric
12,84,0.0,solar_photovoltaic
25,84,0.0,solar_photovoltaic
33,84,0.0,solar_photovoltaic
52,84,4858.9954,solar_photovoltaic
65,84,17260.9872376746,solar_photovoltaic
82,84,14314.26689,solar_photovoltaic
96,84,1105.94211,solar_photovoltaic
107,84,13382.0000999895,solar_photovoltaic
126,84,32662.4575947565,solar_photovoltaic
138,84,2805.4118399999993,solar_photovoltaic
26,85,0.0,biomass
13,85,0.0,biomass
108,85,0.0,biomass
40,85,0.0,biomass
97,85,0.0,biomass
1,85,0.0,biomass
66,85,0.0,biomass
2,85,0.0,conventional_hydroelectric
14,85,0.0,conventional_hydroelectric
27,85,0.0,conventional_hydroelectric
35,85,0.0,conventional_hydroelectric
54,85,15.798895199999947,conventional_hydroelectric
67,85,0.0,conventional_hydroelectric
84,85,0.0,conventional_hydroelectric
109,85,0.0,conventional_hydroelectric
128,85,0.0,conventional_hydroelectric
139,85,0.0,conventional_hydroelectric
110,85,0.0,conventional_steam_coal
41,85,0.0,conventional_steam_coal
3,85,0.0,conventional_steam_coal
36,85,0.0,conventional_steam_coal
85,85,0.0,conventional_steam_coal
28,85,0.0,geothermal
116,85,0.0,natural_gas_fired_combined_cycle
73,85,0.0,natural_gas_fired_combined_cycle
71,85,0.0,natural_gas_fired_combined_cycle
44,85,0.0,natural_gas_fired_combined_cycle
115,85,0.0,natural_gas_fired_combined_cycle
70,85,0.0,natural_gas_fired_combined_cycle
131,85,0.0,natural_gas_fired_combined_cycle
18,85,0.0,natural_gas_fired_combined_cycle
72,85,0.0,natural_gas_fired_combined_cycle
114,85,0.0,natural_gas_fired_combined_cycle
45,85,0.0,natural_gas_fired_combined_cycle
78,85,0.0,natural_gas_fired_combustion_turbine
75,85,0.0,natural_gas_fired_combustion_turbine
119,85,0.0,natural_gas_fired_combustion_turbine
117,85,0.0,natural_gas_fired_combustion_turbine
134,85,0.0,natural_gas_fired_combustion_turbine
103,85,0.0,natural_gas_fired_combustion_turbine
47,85,0.0,natural_gas_fired_combustion_turbine
8,85,0.0,natural_gas_fired_combustion_turbine
90,85,0.0,natural_gas_fired_combustion_turbine
60,85,0.0,natural_gas_fired_combustion_turbine
46,85,0.0,natural_gas_fired_combustion_turbine
37,85,0.0,natural_gas_fired_combustion_turbine
7,85,0.0,natural_gas_fired_combustion_turbine
133,85,0.0,natural_gas_fired_combustion_turbine
74,85,0.0,natural_gas_fired_combustion_turbine
20,85,0.0,natural_gas_fired_combustion_turbine
135,85,0.0,natural_gas_fired_combustion_turbine
142,85,0.0,natural_gas_fired_combustion_turbine
121,85,0.0,natural_gas_fired_combustion_turbine
91,85,0.0,natural_gas_fired_combustion_turbine
22,85,0.0,natural_gas_steam_turbine
123,85,0.0,natural_gas_steam_turbine
62,85,0.0,natural_gas_steam_turbine
49,85,0.0,natural_gas_steam_turbine
48,85,0.0,natural_gas_steam_turbine
21,85,0.0,natural_gas_steam_turbine
79,85,0.0,nuclear
10,85,0.0,onshore_wind_turbine
23,85,5206.339599999999,onshore_wind_turbine
31,85,1290.71467,onshore_wind_turbine
38,85,3633.8158500000004,onshore_wind_turbine
50,85,1355.59746,onshore_wind_turbine
63,85,0.0,onshore_wind_turbine
80,85,0.0,onshore_wind_turbine
94,85,1195.285,onshore_wind_turbine
105,85,516.834218586,onshore_wind_turbine
124,85,6716.177507824401,onshore_wind_turbine
136,85,3050.8665600000004,onshore_wind_turbine
144,85,8733.346019999999,onshore_wind_turbine
11,85,0.0,small_hydroelectric
24,85,0.0,small_hydroelectric
32,85,0.0,small_hydroelectric
39,85,0.0,small_hydroelectric
51,85,0.0,small_hydroelectric
64,85,0.0,small_hydroelectric
81,85,241.672,small_hydroelectric
95,85,418.922,small_hydroelectric
106,85,0.0,small_hydroelectric
125,85,100.697,small_hydroelectric
137,85,0.0,small_hydroelectric
145,85,7.105044854807744,small_hydroelectric
12,85,0.0,solar_photovoltaic
25,85,2567.4178599999996,solar_photovoltaic
33,85,1319.3186999999998,solar_photovoltaic
52,85,4870.74546,solar_photovoltaic
65,85,17376.3366774403,solar_photovoltaic
82,85,14388.403750000001,solar_photovoltaic
96,85,1107.99913,solar_photovoltaic
107,85,14236.9102293285,solar_photovoltaic
126,85,32534.700796766,solar_photovoltaic
138,85,2678.9308699999997,solar_photovoltaic
26,86,0.0,biomass
13,86,0.0,biomass
108,86,0.0,biomass
40,86,0.0,biomass
97,86,0.0,biomass
1,86,0.0,biomass
66,86,0.0,biomass
2,86,0.0,conventional_hydroelectric
14,86,0.0,conventional_hydroelectric
27,86,0.0,conventional_hydroelectric
35,86,0.0,conventional_hydroelectric
54,86,102.06917819999995,conventional_hydroelectric
67,86,0.0,conventional_hydroelectric
84,86,0.0,conventional_hydroelectric
109,86,0.0,conventional_hydroelectric
128,86,0.0,conventional_hydroelectric
139,86,0.0,conventional_hydroelectric
110,86,0.0,conventional_steam_coal
41,86,0.0,conventional_steam_coal
3,86,0.0,conventional_steam_coal
36,86,0.0,conventional_steam_coal
85,86,0.0,conventional_steam_coal
28,86,0.0,geothermal
116,86,0.0,natural_gas_fired_combined_cycle
73,86,0.0,natural_gas_fired_combined_cycle
71,86,0.0,natural_gas_fired_combined_cycle
44,86,0.0,natural_gas_fired_combined_cycle
115,86,0.0,natural_gas_fired_combined_cycle
70,86,0.0,natural_gas_fired_combined_cycle
131,86,0.0,natural_gas_fired_combined_cycle
18,86,0.0,natural_gas_fired_combined_cycle
72,86,0.0,natural_gas_fired_combined_cycle
114,86,0.0,natural_gas_fired_combined_cycle
45,86,0.0,natural_gas_fired_combined_cycle
78,86,0.0,natural_gas_fired_combustion_turbine
75,86,0.0,natural_gas_fired_combustion_turbine
119,86,0.0,natural_gas_fired_combustion_turbine
117,86,0.0,natural_gas_fired_combustion_turbine
134,86,0.0,natural_gas_fired_combustion_turbine
103,86,0.0,natural_gas_fired_combustion_turbine
47,86,0.0,natural_gas_fired_combustion_turbine
8,86,0.0,natural_gas_fired_combustion_turbine
90,86,0.0,natural_gas_fired_combustion_turbine
60,86,0.0,natural_gas_fired_combustion_turbine
46,86,0.0,natural_gas_fired_combustion_turbine
37,86,0.0,natural_gas_fired_combustion_turbine
7,86,0.0,natural_gas_fired_combustion_turbine
133,86,0.0,natural_gas_fired_combustion_turbine
74,86,0.0,natural_gas_fired_combustion_turbine
20,86,0.0,natural_gas_fired_combustion_turbine
135,86,0.0,natural_gas_fired_combustion_turbine
142,86,0.0,natural_gas_fired_combustion_turbine
121,86,0.0,natural_gas_fired_combustion_turbine
91,86,0.0,natural_gas_fired_combustion_turbine
22,86,0.0,natural_gas_steam_turbine
123,86,0.0,natural_gas_steam_turbine
62,86,0.0,natural_gas_steam_turbine
49,86,0.0,natural_gas_steam_turbine
48,86,0.0,natural_gas_steam_turbine
21,86,0.0,natural_gas_steam_turbine
79,86,0.0,nuclear
10,86,0.0,onshore_wind_turbine
23,86,5882.7537999999995,onshore_wind_turbine
31,86,0.0,onshore_wind_turbine
38,86,3440.6788500000002,onshore_wind_turbine
50,86,0.0,onshore_wind_turbine
63,86,0.0,onshore_wind_turbine
80,86,0.0,onshore_wind_turbine
94,86,1000.3616,onshore_wind_turbine
105,86,464.79818074200006,onshore_wind_turbine
124,86,2846.3181461330005,onshore_wind_turbine
136,86,3613.0103100000006,onshore_wind_turbine
144,86,9477.345779999998,onshore_wind_turbine
11,86,0.0,small_hydroelectric
24,86,0.0,small_hydroelectric
32,86,0.0,small_hydroelectric
39,86,0.0,small_hydroelectric
51,86,0.0,small_hydroelectric
64,86,0.0,small_hydroelectric
81,86,241.672,small_hydroelectric
95,86,418.922,small_hydroelectric
106,86,0.0,small_hydroelectric
125,86,100.697,small_hydroelectric
137,86,0.0,small_hydroelectric
145,86,26.32334990626896,small_hydroelectric
12,86,0.0,solar_photovoltaic
25,86,0.0,solar_photovoltaic
33,86,0.0,solar_photovoltaic
52,86,0.0,solar_photovoltaic
65,86,17596.0703909102,solar_photovoltaic
82,86,14554.236200000001,solar_photovoltaic
96,86,0.0,solar_photovoltaic
107,86,14799.1160132935,solar_photovoltaic
126,86,32563.071596604503,solar_photovoltaic
138,86,2845.5935199999994,solar_photovoltaic
26,87,0.0,biomass
13,87,0.0,biomass
108,87,0.0,biomass
40,87,0.0,biomass
97,87,0.0,biomass
1,87,0.0,biomass
66,87,0.0,biomass
2,87,0.0,conventional_hydroelectric
14,87,0.0,conventional_hydroelectric
27,87,0.0,conventional_hydroelectric
35,87,0.0,conventional_hydroelectric
54,87,188.33946119999996,conventional_hydroelectric
67,87,0.0,conventional_hydroelectric
84,87,0.0,conventional_hydroelectric
109,87,0.0,conventional_hydroelectric
128,87,0.0,conventional_hydroelectric
139,87,0.0,conventional_hydroelectric
110,87,0.0,conventional_steam_coal
41,87,0.0,conventional_steam_coal
3,87,0.0,conventional_steam_coal
36,87,0.0,conventional_steam_coal
85,87,0.0,conventional_steam_coal
28,87,0.0,geothermal
116,87,0.0,natural_gas_fired_combined_cycle
73,87,0.0,natural_gas_fired_combined_cycle
71,87,0.0,natural_gas_fired_combined_cycle
44,87,0.0,natural_gas_fired_combined_cycle
115,87,0.0,natural_gas_fired_combined_cycle
70,87,0.0,natural_gas_fired_combined_cycle
131,87,0.0,natural_gas_fired_combined_cycle
18,87,0.0,natural_gas_fired_combined_cycle
72,87,0.0,natural_gas_fired_combined_cycle
114,87,0.0,natural_gas_fired_combined_cycle
45,87,0.0,natural_gas_fired_combined_cycle
78,87,0.0,natural_gas_fired_combustion_turbine
75,87,0.0,natural_gas_fired_combustion_turbine
119,87,0.0,natural_gas_fired_combustion_turbine
117,87,0.0,natural_gas_fired_combustion_turbine
134,87,0.0,natural_gas_fired_combustion_turbine
103,87,0.0,natural_gas_fired_combustion_turbine
47,87,0.0,natural_gas_fired_combustion_turbine
8,87,0.0,natural_gas_fired_combustion_turbine
90,87,0.0,natural_gas_fired_combustion_turbine
60,87,0.0,natural_gas_fired_combustion_turbine
46,87,0.0,natural_gas_fired_combustion_turbine
37,87,0.0,natural_gas_fired_combustion_turbine
7,87,0.0,natural_gas_fired_combustion_turbine
133,87,0.0,natural_gas_fired_combustion_turbine
74,87,0.0,natural_gas_fired_combustion_turbine
20,87,0.0,natural_gas_fired_combustion_turbine
135,87,0.0,natural_gas_fired_combustion_turbine
142,87,0.0,natural_gas_fired_combustion_turbine
121,87,0.0,natural_gas_fired_combustion_turbine
91,87,0.0,natural_gas_fired_combustion_turbine
22,87,0.0,natural_gas_steam_turbine
123,87,0.0,natural_gas_steam_turbine
62,87,0.0,natural_gas_steam_turbine
49,87,0.0,natural_gas_steam_turbine
48,87,0.0,natural_gas_steam_turbine
21,87,0.0,natural_gas_steam_turbine
79,87,0.0,nuclear
10,87,0.0,onshore_wind_turbine
23,87,5174.6618,onshore_wind_turbine
31,87,0.0,onshore_wind_turbine
38,87,3503.16435,onshore_wind_turbine
50,87,0.0,onshore_wind_turbine
63,87,0.0,onshore_wind_turbine
80,87,412.61807999999996,onshore_wind_turbine
94,87,2096.346,onshore_wind_turbine
105,87,398.054579895,onshore_wind_turbine
124,87,3219.6156309856005,onshore_wind_turbine
136,87,2746.8592200000003,onshore_wind_turbine
144,87,9295.671419999999,onshore_wind_turbine
11,87,0.0,small_hydroelectric
24,87,0.0,small_hydroelectric
32,87,192.0,small_hydroelectric
39,87,0.0,small_hydroelectric
51,87,0.0,small_hydroelectric
64,87,0.0,small_hydroelectric
81,87,241.672,small_hydroelectric
95,87,418.922,small_hydroelectric
106,87,0.0,small_hydroelectric
125,87,79.31049526880088,small_hydroelectric
137,87,0.0,small_hydroelectric
145,87,0.0,small_hydroelectric
12,87,0.0,solar_photovoltaic
25,87,0.0,solar_photovoltaic
33,87,0.0,solar_photovoltaic
52,87,0.0,solar_photovoltaic
65,87,16818.1615813036,solar_photovoltaic
82,87,14253.786820000001,solar_photovoltaic
96,87,0.0,solar_photovoltaic
107,87,13940.1093345885,solar_photovoltaic
126,87,31857.346296758496,solar_photovoltaic
138,87,2366.6096299999995,solar_photovoltaic
26,88,0.0,biomass
13,88,0.0,biomass
108,88,0.0,biomass
40,88,0.0,biomass
97,88,0.0,biomass
1,88,0.0,biomass
66,88,0.0,biomass
2,88,0.0,conventional_hydroelectric
14,88,2.4461008000000106,conventional_hydroelectric
27,88,106.81966440000002,conventional_hydroelectric
35,88,0.0,conventional_hydroelectric
54,88,274.60974419999997,conventional_hydroelectric
67,88,0.0,conventional_hydroelectric
84,88,1865.201187600001,conventional_hydroelectric
109,88,0.0,conventional_hydroelectric
128,88,0.0,conventional_hydroelectric
139,88,0.0,conventional_hydroelectric
110,88,0.0,conventional_steam_coal
41,88,0.0,conventional_steam_coal
3,88,0.0,conventional_steam_coal
36,88,0.0,conventional_steam_coal
85,88,0.0,conventional_steam_coal
28,88,0.0,geothermal
116,88,0.0,natural_gas_fired_combined_cycle
73,88,0.0,natural_gas_fired_combined_cycle
71,88,0.0,natural_gas_fired_combined_cycle
44,88,0.0,natural_gas_fired_combined_cycle
115,88,0.0,natural_gas_fired_combined_cycle
70,88,0.0,natural_gas_fired_combined_cycle
131,88,0.0,natural_gas_fired_combined_cycle
18,88,0.0,natural_gas_fired_combined_cycle
72,88,0.0,natural_gas_fired_combined_cycle
114,88,0.0,natural_gas_fired_combined_cycle
45,88,0.0,natural_gas_fired_combined_cycle
78,88,0.0,natural_gas_fired_combustion_turbine
75,88,0.0,natural_gas_fired_combustion_turbine
119,88,0.0,natural_gas_fired_combustion_turbine
117,88,0.0,natural_gas_fired_combustion_turbine
134,88,0.0,natural_gas_fired_combustion_turbine
103,88,0.0,natural_gas_fired_combustion_turbine
47,88,0.0,natural_gas_fired_combustion_turbine
8,88,0.0,natural_gas_fired_combustion_turbine
90,88,0.0,natural_gas_fired_combustion_turbine
60,88,0.0,natural_gas_fired_combustion_turbine
46,88,0.0,natural_gas_fired_combustion_turbine
37,88,0.0,natural_gas_fired_combustion_turbine
7,88,0.0,natural_gas_fired_combustion_turbine
133,88,0.0,natural_gas_fired_combustion_turbine
74,88,0.0,natural_gas_fired_combustion_turbine
20,88,0.0,natural_gas_fired_combustion_turbine
135,88,0.0,natural_gas_fired_combustion_turbine
142,88,0.0,natural_gas_fired_combustion_turbine
121,88,0.0,natural_gas_fired_combustion_turbine
91,88,0.0,natural_gas_fired_combustion_turbine
22,88,0.0,natural_gas_steam_turbine
123,88,0.0,natural_gas_steam_turbine
62,88,0.0,natural_gas_steam_turbine
49,88,0.0,natural_gas_steam_turbine
48,88,0.0,natural_gas_steam_turbine
21,88,0.0,natural_gas_steam_turbine
79,88,0.0,nuclear
10,88,0.0,onshore_wind_turbine
23,88,4356.6292,onshore_wind_turbine
31,88,2163.46102,onshore_wind_turbine
38,88,3492.93945,onshore_wind_turbine
50,88,0.0,onshore_wind_turbine
63,88,0.0,onshore_wind_turbine
80,88,0.0,onshore_wind_turbine
94,88,4788.4956,onshore_wind_turbine
105,88,296.170981554,onshore_wind_turbine
124,88,4978.4952691012,onshore_wind_turbine
136,88,3422.3311500000004,onshore_wind_turbine
144,88,7870.392809999999,onshore_wind_turbine
11,88,0.0,small_hydroelectric
24,88,62.577,small_hydroelectric
32,88,192.0,small_hydroelectric
39,88,52.9,small_hydroelectric
51,88,25.641,small_hydroelectric
64,88,6.128,small_hydroelectric
81,88,241.672,small_hydroelectric
95,88,418.922,small_hydroelectric
106,88,31.614,small_hydroelectric
125,88,100.697,small_hydroelectric
137,88,36.822,small_hydroelectric
145,88,32.89908291528866,small_hydroelectric
12,88,0.0,solar_photovoltaic
25,88,0.0,solar_photovoltaic
33,88,0.0,solar_photovoltaic
52,88,0.0,solar_photovoltaic
65,88,15505.3632360095,solar_photovoltaic
82,88,13645.084180000002,solar_photovoltaic
96,88,0.0,solar_photovoltaic
107,88,12030.6424736435,solar_photovoltaic
126,88,30276.8978997765,solar_photovoltaic
138,88,2303.5974499999993,solar_photovoltaic
26,89,0.0,biomass
13,89,0.0,biomass
108,89,0.0,biomass
40,89,0.0,biomass
97,89,0.0,biomass
1,89,0.0,biomass
66,89,0.0,biomass
2,89,0.0,conventional_hydroelectric
14,89,41.48963280000001,conventional_hydroelectric
27,89,223.94030040000004,conventional_hydroelectric
35,89,207.302128,conventional_hydroelectric
54,89,360.8800272,conventional_hydroelectric
67,89,603.633638197161,conventional_hydroelectric
84,89,4276.598361600001,conventional_hydroelectric
109,89,0.0,conventional_hydroelectric
128,89,6.937259999999997,conventional_hydroelectric
139,89,0.0,conventional_hydroelectric
110,89,0.0,conventional_steam_coal
41,89,0.0,conventional_steam_coal
3,89,0.0,conventional_steam_coal
36,89,0.0,conventional_steam_coal
85,89,0.0,conventional_steam_coal
28,89,0.0,geothermal
116,89,0.0,natural_gas_fired_combined_cycle
73,89,0.0,natural_gas_fired_combined_cycle
71,89,0.0,natural_gas_fired_combined_cycle
44,89,0.0,natural_gas_fired_combined_cycle
115,89,0.0,natural_gas_fired_combined_cycle
70,89,0.0,natural_gas_fired_combined_cycle
131,89,0.0,natural_gas_fired_combined_cycle
18,89,0.0,natural_gas_fired_combined_cycle
72,89,0.0,natural_gas_fired_combined_cycle
114,89,0.0,natural_gas_fired_combined_cycle
45,89,0.0,natural_gas_fired_combined_cycle
78,89,0.0,natural_gas_fired_combustion_turbine
75,89,0.0,natural_gas_fired_combustion_turbine
119,89,0.0,natural_gas_fired_combustion_turbine
117,89,0.0,natural_gas_fired_combustion_turbine
134,89,0.0,natural_gas_fired_combustion_turbine
103,89,0.0,natural_gas_fired_combustion_turbine
47,89,0.0,natural_gas_fired_combustion_turbine
8,89,0.0,natural_gas_fired_combustion_turbine
90,89,0.0,natural_gas_fired_combustion_turbine
60,89,0.0,natural_gas_fired_combustion_turbine
46,89,0.0,natural_gas_fired_combustion_turbine
37,89,0.0,natural_gas_fired_combustion_turbine
7,89,0.0,natural_gas_fired_combustion_turbine
133,89,0.0,natural_gas_fired_combustion_turbine
74,89,0.0,natural_gas_fired_combustion_turbine
20,89,0.0,natural_gas_fired_combustion_turbine
135,89,0.0,natural_gas_fired_combustion_turbine
142,89,0.0,natural_gas_fired_combustion_turbine
121,89,0.0,natural_gas_fired_combustion_turbine
91,89,0.0,natural_gas_fired_combustion_turbine
22,89,0.0,natural_gas_steam_turbine
123,89,0.0,natural_gas_steam_turbine
62,89,0.0,natural_gas_steam_turbine
49,89,0.0,natural_gas_steam_turbine
48,89,0.0,natural_gas_steam_turbine
21,89,0.0,natural_gas_steam_turbine
79,89,0.0,nuclear
10,89,0.0,onshore_wind_turbine
23,89,5759.7694,onshore_wind_turbine
31,89,2625.36351,onshore_wind_turbine
38,89,3946.2433499999997,onshore_wind_turbine
50,89,0.0,onshore_wind_turbine
63,89,0.0,onshore_wind_turbine
80,89,1111.46672,onshore_wind_turbine
94,89,12504.52,onshore_wind_turbine
105,89,0.0,onshore_wind_turbine
124,89,7576.760184301001,onshore_wind_turbine
136,89,3303.6063900000004,onshore_wind_turbine
144,89,6062.300369999999,onshore_wind_turbine
11,89,0.0,small_hydroelectric
24,89,0.0,small_hydroelectric
32,89,0.0,small_hydroelectric
39,89,0.0,small_hydroelectric
51,89,0.0,small_hydroelectric
64,89,0.0,small_hydroelectric
81,89,0.0,small_hydroelectric
95,89,418.922,small_hydroelectric
106,89,0.0,small_hydroelectric
125,89,100.697,small_hydroelectric
137,89,0.0,small_hydroelectric
145,89,0.6697374852375333,small_hydroelectric
12,89,0.0,solar_photovoltaic
25,89,0.0,solar_photovoltaic
33,89,0.0,solar_photovoltaic
52,89,0.0,solar_photovoltaic
65,89,12386.4509205556,solar_photovoltaic
82,89,12074.55333,solar_photovoltaic
96,89,0.0,solar_photovoltaic
107,89,9096.1391426255,solar_photovoltaic
126,89,25900.0298968355,solar_photovoltaic
138,89,0.0,solar_photovoltaic
26,90,0.0,biomass
13,90,0.0,biomass
108,90,0.0,biomass
40,90,0.0,biomass
97,90,0.0,biomass
1,90,0.0,biomass
66,90,0.0,biomass
2,90,203.04433799999993,conventional_hydroelectric
14,90,80.53316480000001,conventional_hydroelectric
27,90,341.06093640000006,conventional_hydroelectric
35,90,414.604256,conventional_hydroelectric
54,90,447.1503102,conventional_hydroelectric
67,90,1207.376219197161,conventional_hydroelectric
84,90,6687.995535600001,conventional_hydroelectric
109,90,115.8846,conventional_hydroelectric
128,90,19.536659999999998,conventional_hydroelectric
139,90,0.0,conventional_hydroelectric
110,90,0.0,conventional_steam_coal
41,90,0.0,conventional_steam_coal
3,90,0.0,conventional_steam_coal
36,90,0.0,conventional_steam_coal
85,90,0.0,conventional_steam_coal
28,90,74.364,geothermal
116,90,0.0,natural_gas_fired_combined_cycle
73,90,0.0,natural_gas_fired_combined_cycle
71,90,0.0,natural_gas_fired_combined_cycle
44,90,0.0,natural_gas_fired_combined_cycle
115,90,0.0,natural_gas_fired_combined_cycle
70,90,0.0,natural_gas_fired_combined_cycle
131,90,0.0,natural_gas_fired_combined_cycle
18,90,0.0,natural_gas_fired_combined_cycle
72,90,0.0,natural_gas_fired_combined_cycle
114,90,0.0,natural_gas_fired_combined_cycle
45,90,0.0,natural_gas_fired_combined_cycle
78,90,0.0,natural_gas_fired_combustion_turbine
75,90,0.0,natural_gas_fired_combustion_turbine
119,90,0.0,natural_gas_fired_combustion_turbine
117,90,0.0,natural_gas_fired_combustion_turbine
134,90,0.0,natural_gas_fired_combustion_turbine
103,90,0.0,natural_gas_fired_combustion_turbine
47,90,0.0,natural_gas_fired_combustion_turbine
8,90,0.0,natural_gas_fired_combustion_turbine
90,90,0.0,natural_gas_fired_combustion_turbine
60,90,0.0,natural_gas_fired_combustion_turbine
46,90,0.0,natural_gas_fired_combustion_turbine
37,90,0.0,natural_gas_fired_combustion_turbine
7,90,0.0,natural_gas_fired_combustion_turbine
133,90,0.0,natural_gas_fired_combustion_turbine
74,90,0.0,natural_gas_fired_combustion_turbine
20,90,0.0,natural_gas_fired_combustion_turbine
135,90,0.0,natural_gas_fired_combustion_turbine
142,90,0.0,natural_gas_fired_combustion_turbine
121,90,0.0,natural_gas_fired_combustion_turbine
91,90,0.0,natural_gas_fired_combustion_turbine
22,90,0.0,natural_gas_steam_turbine
123,90,0.0,natural_gas_steam_turbine
62,90,0.0,natural_gas_steam_turbine
49,90,0.0,natural_gas_steam_turbine
48,90,0.0,natural_gas_steam_turbine
21,90,0.0,natural_gas_steam_turbine
79,90,0.0,nuclear
10,90,608.4115800000001,onshore_wind_turbine
23,90,5983.3774,onshore_wind_turbine
31,90,3282.00124,onshore_wind_turbine
38,90,3554.2888500000004,onshore_wind_turbine
50,90,1805.4309,onshore_wind_turbine
63,90,274.86451984319996,onshore_wind_turbine
80,90,1040.8383999999999,onshore_wind_turbine
94,90,17995.4754,onshore_wind_turbine
105,90,367.395840945,onshore_wind_turbine
124,90,11722.339520614802,onshore_wind_turbine
136,90,3690.3612900000003,onshore_wind_turbine
144,90,3741.6266999999993,onshore_wind_turbine
11,90,0.0,small_hydroelectric
24,90,62.577,small_hydroelectric
32,90,192.0,small_hydroelectric
39,90,52.9,small_hydroelectric
51,90,25.641,small_hydroelectric
64,90,0.0,small_hydroelectric
81,90,241.672,small_hydroelectric
95,90,418.922,small_hydroelectric
106,90,31.614,small_hydroelectric
125,90,100.697,small_hydroelectric
137,90,33.630139479550934,small_hydroelectric
145,90,0.0,small_hydroelectric
12,90,1524.04434,solar_photovoltaic
25,90,0.0,solar_photovoltaic
33,90,761.9444000000001,solar_photovoltaic
52,90,0.0,solar_photovoltaic
65,90,7646.494951839801,solar_photovoltaic
82,90,8685.71844,solar_photovoltaic
96,90,655.89552,solar_photovoltaic
107,90,3895.6295615615,solar_photovoltaic
126,90,17656.364545519,solar_photovoltaic
138,90,1184.44634,solar_photovoltaic
26,91,0.0,biomass
13,91,0.0,biomass
108,91,0.0,biomass
40,91,0.0,biomass
97,91,0.0,biomass
1,91,0.0,biomass
66,91,0.0,biomass
2,91,432.3325019999999,conventional_hydroelectric
14,91,119.57669680000001,conventional_hydroelectric
27,91,458.18157240000005,conventional_hydroelectric
35,91,621.906384,conventional_hydroelectric
54,91,533.4205932,conventional_hydroelectric
67,91,1811.118800197161,conventional_hydroelectric
84,91,9099.3927096,conventional_hydroelectric
109,91,231.7692,conventional_hydroelectric
128,91,32.13606,conventional_hydroelectric
139,91,0.0,conventional_hydroelectric
110,91,0.0,conventional_steam_coal
41,91,0.0,conventional_steam_coal
3,91,0.0,conventional_steam_coal
36,91,0.0,conventional_steam_coal
85,91,0.0,conventional_steam_coal
28,91,74.364,geothermal
116,91,0.0,natural_gas_fired_combined_cycle
73,91,0.0,natural_gas_fired_combined_cycle
71,91,0.0,natural_gas_fired_combined_cycle
44,91,0.0,natural_gas_fired_combined_cycle
115,91,0.0,natural_gas_fired_combined_cycle
70,91,0.0,natural_gas_fired_combined_cycle
131,91,0.0,natural_gas_fired_combined_cycle
18,91,0.0,natural_gas_fired_combined_cycle
72,91,0.0,natural_gas_fired_combined_cycle
114,91,0.0,natural_gas_fired_combined_cycle
45,91,0.0,natural_gas_fired_combined_cycle
78,91,0.0,natural_gas_fired_combustion_turbine
75,91,0.0,natural_gas_fired_combustion_turbine
119,91,0.0,natural_gas_fired_combustion_turbine
117,91,0.0,natural_gas_fired_combustion_turbine
134,91,0.0,natural_gas_fired_combustion_turbine
103,91,0.0,natural_gas_fired_combustion_turbine
47,91,0.0,natural_gas_fired_combustion_turbine
8,91,0.0,natural_gas_fired_combustion_turbine
90,91,0.0,natural_gas_fired_combustion_turbine
60,91,0.0,natural_gas_fired_combustion_turbine
46,91,0.0,natural_gas_fired_combustion_turbine
37,91,0.0,natural_gas_fired_combustion_turbine
7,91,0.0,natural_gas_fired_combustion_turbine
133,91,0.0,natural_gas_fired_combustion_turbine
74,91,0.0,natural_gas_fired_combustion_turbine
20,91,0.0,natural_gas_fired_combustion_turbine
135,91,0.0,natural_gas_fired_combustion_turbine
142,91,0.0,natural_gas_fired_combustion_turbine
121,91,0.0,natural_gas_fired_combustion_turbine
91,91,0.0,natural_gas_fired_combustion_turbine
22,91,0.0,natural_gas_steam_turbine
123,91,0.0,natural_gas_steam_turbine
62,91,0.0,natural_gas_steam_turbine
49,91,0.0,natural_gas_steam_turbine
48,91,0.0,natural_gas_steam_turbine
21,91,0.0,natural_gas_steam_turbine
79,91,0.0,nuclear
10,91,778.25531,onshore_wind_turbine
23,91,6851.7218,onshore_wind_turbine
31,91,3869.7691900000004,onshore_wind_turbine
38,91,2851.611,onshore_wind_turbine
50,91,1773.5902799999997,onshore_wind_turbine
63,91,227.7982003304,onshore_wind_turbine
80,91,1406.99048,onshore_wind_turbine
94,91,20044.010000000002,onshore_wind_turbine
105,91,526.159060539,onshore_wind_turbine
124,91,17628.280326272,onshore_wind_turbine
136,91,3729.036780000001,onshore_wind_turbine
144,91,3644.30115,onshore_wind_turbine
11,91,19.125,small_hydroelectric
24,91,62.577,small_hydroelectric
32,91,192.0,small_hydroelectric
39,91,52.9,small_hydroelectric
51,91,25.641,small_hydroelectric
64,91,6.128,small_hydroelectric
81,91,241.672,small_hydroelectric
95,91,418.922,small_hydroelectric
106,91,31.614,small_hydroelectric
125,91,100.697,small_hydroelectric
137,91,36.822,small_hydroelectric
145,91,33.21,small_hydroelectric
12,91,0.0,solar_photovoltaic
25,91,0.0,solar_photovoltaic
33,91,111.79175000000001,solar_photovoltaic
52,91,0.0,solar_photovoltaic
65,91,382.0349307334,solar_photovoltaic
82,91,3810.2444100000002,solar_photovoltaic
96,91,328.38855,solar_photovoltaic
107,91,45.148943514500004,solar_photovoltaic
126,91,6750.6041466815,solar_photovoltaic
138,91,0.0,solar_photovoltaic
26,92,0.0,biomass
13,92,0.0,biomass
108,92,0.0,biomass
40,92,0.0,biomass
97,92,0.0,biomass
1,92,0.0,biomass
66,92,0.0,biomass
2,92,661.6206659999999,conventional_hydroelectric
14,92,158.6202288,conventional_hydroelectric
27,92,575.3022084,conventional_hydroelectric
35,92,765.0197808,conventional_hydroelectric
54,92,619.6908762,conventional_hydroelectric
67,92,2414.861381197161,conventional_hydroelectric
84,92,11510.7898836,conventional_hydroelectric
109,92,296.3874917328,conventional_hydroelectric
128,92,44.73546,conventional_hydroelectric
139,92,19.330368,conventional_hydroelectric
110,92,0.0,conventional_steam_coal
41,92,0.0,conventional_steam_coal
3,92,0.0,conventional_steam_coal
36,92,0.0,conventional_steam_coal
85,92,0.0,conventional_steam_coal
28,92,74.364,geothermal
116,92,0.0,natural_gas_fired_combined_cycle
73,92,0.0,natural_gas_fired_combined_cycle
71,92,0.0,natural_gas_fired_combined_cycle
44,92,0.0,natural_gas_fired_combined_cycle
115,92,0.0,natural_gas_fired_combined_cycle
70,92,0.0,natural_gas_fired_combined_cycle
131,92,0.0,natural_gas_fired_combined_cycle
18,92,0.0,natural_gas_fired_combined_cycle
72,92,0.0,natural_gas_fired_combined_cycle
114,92,0.0,natural_gas_fired_combined_cycle
45,92,0.0,natural_gas_fired_combined_cycle
78,92,0.0,natural_gas_fired_combustion_turbine
75,92,0.0,natural_gas_fired_combustion_turbine
119,92,0.0,natural_gas_fired_combustion_turbine
117,92,0.0,natural_gas_fired_combustion_turbine
134,92,0.0,natural_gas_fired_combustion_turbine
103,92,0.0,natural_gas_fired_combustion_turbine
47,92,0.0,natural_gas_fired_combustion_turbine
8,92,0.0,natural_gas_fired_combustion_turbine
90,92,0.0,natural_gas_fired_combustion_turbine
60,92,0.0,natural_gas_fired_combustion_turbine
46,92,0.0,natural_gas_fired_combustion_turbine
37,92,0.0,natural_gas_fired_combustion_turbine
7,92,0.0,natural_gas_fired_combustion_turbine
133,92,0.0,natural_gas_fired_combustion_turbine
74,92,0.0,natural_gas_fired_combustion_turbine
20,92,0.0,natural_gas_fired_combustion_turbine
135,92,0.0,natural_gas_fired_combustion_turbine
142,92,0.0,natural_gas_fired_combustion_turbine
121,92,0.0,natural_gas_fired_combustion_turbine
91,92,0.0,natural_gas_fired_combustion_turbine
22,92,0.0,natural_gas_steam_turbine
123,92,0.0,natural_gas_steam_turbine
62,92,0.0,natural_gas_steam_turbine
49,92,0.0,natural_gas_steam_turbine
48,92,0.0,natural_gas_steam_turbine
21,92,0.0,natural_gas_steam_turbine
79,92,0.0,nuclear
10,92,726.38363,onshore_wind_turbine
23,92,6846.1316,onshore_wind_turbine
31,92,4850.56985,onshore_wind_turbine
38,92,2179.0398,onshore_wind_turbine
50,92,2419.88712,onshore_wind_turbine
63,92,174.439159776,onshore_wind_turbine
80,92,870.77284,onshore_wind_turbine
94,92,22044.733200000002,onshore_wind_turbine
105,92,1144.746259293,onshore_wind_turbine
124,92,19941.267709948203,onshore_wind_turbine
136,92,3833.3706600000005,onshore_wind_turbine
144,92,3499.3942199999997,onshore_wind_turbine
11,92,19.125,small_hydroelectric
24,92,62.577,small_hydroelectric
32,92,192.0,small_hydroelectric
39,92,52.9,small_hydroelectric
51,92,25.641,small_hydroelectric
64,92,6.128,small_hydroelectric
81,92,241.672,small_hydroelectric
95,92,418.922,small_hydroelectric
106,92,31.614,small_hydroelectric
125,92,100.697,small_hydroelectric
137,92,36.822,small_hydroelectric
145,92,33.21,small_hydroelectric
12,92,0.0,solar_photovoltaic
25,92,0.0,solar_photovoltaic
33,92,0.0,solar_photovoltaic
52,92,0.0,solar_photovoltaic
65,92,0.0,solar_photovoltaic
82,92,0.0,solar_photovoltaic
96,92,0.0,solar_photovoltaic
107,92,0.0,solar_photovoltaic
126,92,0.0,solar_photovoltaic
138,92,0.0,solar_photovoltaic
26,93,0.0,biomass
13,93,0.0,biomass
108,93,0.0,biomass
40,93,0.0,biomass
97,93,0.0,biomass
1,93,0.0,biomass
66,93,0.0,biomass
2,93,661.0681644,conventional_hydroelectric
14,93,158.5731884,conventional_hydroelectric
27,93,574.8788808,conventional_hydroelectric
35,93,764.0207344,conventional_hydroelectric
54,93,705.9611592000001,conventional_hydroelectric
67,93,2413.35411238467,conventional_hydroelectric
84,93,11499.168692399999,conventional_hydroelectric
109,93,296.44824039480005,conventional_hydroelectric
128,93,44.68992,conventional_hydroelectric
139,93,0.0,conventional_hydroelectric
110,93,0.0,conventional_steam_coal
41,93,0.0,conventional_steam_coal
3,93,0.0,conventional_steam_coal
36,93,0.0,conventional_steam_coal
85,93,0.0,conventional_steam_coal
28,93,74.364,geothermal
116,93,0.0,natural_gas_fired_combined_cycle
73,93,0.0,natural_gas_fired_combined_cycle
71,93,0.0,natural_gas_fired_combined_cycle
44,93,0.0,natural_gas_fired_combined_cycle
115,93,0.0,natural_gas_fired_combined_cycle
70,93,0.0,natural_gas_fired_combined_cycle
131,93,0.0,natural_gas_fired_combined_cycle
18,93,0.0,natural_gas_fired_combined_cycle
72,93,0.0,natural_gas_fired_combined_cycle
114,93,0.0,natural_gas_fired_combined_cycle
45,93,0.0,natural_gas_fired_combined_cycle
78,93,0.0,natural_gas_fired_combustion_turbine
75,93,0.0,natural_gas_fired_combustion_turbine
119,93,0.0,natural_gas_fired_combustion_turbine
117,93,0.0,natural_gas_fired_combustion_turbine
134,93,0.0,natural_gas_fired_combustion_turbine
103,93,0.0,natural_gas_fired_combustion_turbine
47,93,0.0,natural_gas_fired_combustion_turbine
8,93,0.0,natural_gas_fired_combustion_turbine
90,93,0.0,natural_gas_fired_combustion_turbine
60,93,0.0,natural_gas_fired_combustion_turbine
46,93,0.0,natural_gas_fired_combustion_turbine
37,93,0.0,natural_gas_fired_combustion_turbine
7,93,0.0,natural_gas_fired_combustion_turbine
133,93,0.0,natural_gas_fired_combustion_turbine
74,93,0.0,natural_gas_fired_combustion_turbine
20,93,0.0,natural_gas_fired_combustion_turbine
135,93,0.0,natural_gas_fired_combustion_turbine
142,93,0.0,natural_gas_fired_combustion_turbine
121,93,0.0,natural_gas_fired_combustion_turbine
91,93,0.0,natural_gas_fired_combustion_turbine
22,93,0.0,natural_gas_steam_turbine
123,93,0.0,natural_gas_steam_turbine
62,93,0.0,natural_gas_steam_turbine
49,93,0.0,natural_gas_steam_turbine
48,93,0.0,natural_gas_steam_turbine
21,93,0.0,natural_gas_steam_turbine
79,93,0.0,nuclear
10,93,444.6915900000001,onshore_wind_turbine
23,93,7634.3498,onshore_wind_turbine
31,93,4611.90044,onshore_wind_turbine
38,93,1858.09155,onshore_wind_turbine
50,93,3721.2877799999997,onshore_wind_turbine
63,93,144.135039748,onshore_wind_turbine
80,93,1414.4250399999999,onshore_wind_turbine
94,93,16458.155,onshore_wind_turbine
105,93,1721.9473605809999,onshore_wind_turbine
124,93,22467.418535515804,onshore_wind_turbine
136,93,3845.96268,onshore_wind_turbine
144,93,5458.88196,onshore_wind_turbine
11,93,19.125,small_hydroelectric
24,93,62.577,small_hydroelectric
32,93,192.0,small_hydroelectric
39,93,52.9,small_hydroelectric
51,93,25.641,small_hydroelectric
64,93,6.128,small_hydroelectric
81,93,241.672,small_hydroelectric
95,93,418.922,small_hydroelectric
106,93,31.614,small_hydroelectric
125,93,100.697,small_hydroelectric
137,93,36.822,small_hydroelectric
145,93,33.21,small_hydroelectric
12,93,0.0,solar_photovoltaic
25,93,0.0,solar_photovoltaic
33,93,0.0,solar_photovoltaic
52,93,0.0,solar_photovoltaic
65,93,0.0,solar_photovoltaic
82,93,0.0,solar_photovoltaic
96,93,0.0,solar_photovoltaic
107,93,0.0,solar_photovoltaic
126,93,0.0,solar_photovoltaic
138,93,0.0,solar_photovoltaic
26,94,0.0,biomass
13,94,0.0,biomass
108,94,0.0,biomass
40,94,0.0,biomass
97,94,0.0,biomass
1,94,0.0,biomass
66,94,0.0,biomass
2,94,660.5156628,conventional_hydroelectric
14,94,158.5731884,conventional_hydroelectric
27,94,574.4555532,conventional_hydroelectric
35,94,763.0216879999999,conventional_hydroelectric
54,94,705.6493389,conventional_hydroelectric
67,94,2411.8993109846697,conventional_hydroelectric
84,94,11487.547501199999,conventional_hydroelectric
109,94,296.50898766060004,conventional_hydroelectric
128,94,44.64438,conventional_hydroelectric
139,94,19.330368,conventional_hydroelectric
110,94,0.0,conventional_steam_coal
41,94,0.0,conventional_steam_coal
3,94,0.0,conventional_steam_coal
36,94,0.0,conventional_steam_coal
85,94,0.0,conventional_steam_coal
28,94,74.364,geothermal
116,94,0.0,natural_gas_fired_combined_cycle
73,94,0.0,natural_gas_fired_combined_cycle
71,94,0.0,natural_gas_fired_combined_cycle
44,94,0.0,natural_gas_fired_combined_cycle
115,94,0.0,natural_gas_fired_combined_cycle
70,94,0.0,natural_gas_fired_combined_cycle
131,94,0.0,natural_gas_fired_combined_cycle
18,94,0.0,natural_gas_fired_combined_cycle
72,94,0.0,natural_gas_fired_combined_cycle
114,94,0.0,natural_gas_fired_combined_cycle
45,94,0.0,natural_gas_fired_combined_cycle
78,94,0.0,natural_gas_fired_combustion_turbine
75,94,0.0,natural_gas_fired_combustion_turbine
119,94,0.0,natural_gas_fired_combustion_turbine
117,94,0.0,natural_gas_fired_combustion_turbine
134,94,0.0,natural_gas_fired_combustion_turbine
103,94,0.0,natural_gas_fired_combustion_turbine
47,94,0.0,natural_gas_fired_combustion_turbine
8,94,0.0,natural_gas_fired_combustion_turbine
90,94,0.0,natural_gas_fired_combustion_turbine
60,94,0.0,natural_gas_fired_combustion_turbine
46,94,0.0,natural_gas_fired_combustion_turbine
37,94,0.0,natural_gas_fired_combustion_turbine
7,94,0.0,natural_gas_fired_combustion_turbine
133,94,0.0,natural_gas_fired_combustion_turbine
74,94,0.0,natural_gas_fired_combustion_turbine
20,94,0.0,natural_gas_fired_combustion_turbine
135,94,0.0,natural_gas_fired_combustion_turbine
142,94,0.0,natural_gas_fired_combustion_turbine
121,94,0.0,natural_gas_fired_combustion_turbine
91,94,0.0,natural_gas_fired_combustion_turbine
22,94,0.0,natural_gas_steam_turbine
123,94,0.0,natural_gas_steam_turbine
62,94,0.0,natural_gas_steam_turbine
49,94,0.0,natural_gas_steam_turbine
48,94,0.0,natural_gas_steam_turbine
21,94,0.0,natural_gas_steam_turbine
79,94,0.0,nuclear
10,94,94.19753,onshore_wind_turbine
23,94,9576.0126,onshore_wind_turbine
31,94,3132.38758,onshore_wind_turbine
38,94,2722.66365,onshore_wind_turbine
50,94,3543.1158,onshore_wind_turbine
63,94,74.8375601904,onshore_wind_turbine
80,94,2213.6402399999997,onshore_wind_turbine
94,94,12699.4434,onshore_wind_turbine
105,94,1772.197138362,onshore_wind_turbine
124,94,22319.4407240112,onshore_wind_turbine
136,94,3361.16991,onshore_wind_turbine
144,94,3830.30109,onshore_wind_turbine
11,94,19.125,small_hydroelectric
24,94,62.577,small_hydroelectric
32,94,192.0,small_hydroelectric
39,94,52.9,small_hydroelectric
51,94,25.641,small_hydroelectric
64,94,6.128,small_hydroelectric
81,94,241.672,small_hydroelectric
95,94,418.922,small_hydroelectric
106,94,31.614,small_hydroelectric
125,94,100.697,small_hydroelectric
137,94,36.822,small_hydroelectric
145,94,33.21,small_hydroelectric
12,94,0.0,solar_photovoltaic
25,94,0.0,solar_photovoltaic
33,94,0.0,solar_photovoltaic
52,94,0.0,solar_photovoltaic
65,94,0.0,solar_photovoltaic
82,94,0.0,solar_photovoltaic
96,94,0.0,solar_photovoltaic
107,94,0.0,solar_photovoltaic
126,94,0.0,solar_photovoltaic
138,94,0.0,solar_photovoltaic
26,95,0.0,biomass
13,95,0.0,biomass
108,95,0.0,biomass
40,95,0.0,biomass
97,95,0.0,biomass
1,95,0.0,biomass
66,95,0.0,biomass
2,95,659.9631612,conventional_hydroelectric
14,95,158.526148,conventional_hydroelectric
27,95,574.1733348,conventional_hydroelectric
35,95,762.0226415999999,conventional_hydroelectric
54,95,705.2335785,conventional_hydroelectric
67,95,2410.44450958467,conventional_hydroelectric
84,95,11475.92631,conventional_hydroelectric
109,95,296.49086498459997,conventional_hydroelectric
128,95,44.59884,conventional_hydroelectric
139,95,38.660736,conventional_hydroelectric
110,95,0.0,conventional_steam_coal
41,95,0.0,conventional_steam_coal
3,95,0.0,conventional_steam_coal
36,95,0.0,conventional_steam_coal
85,95,0.0,conventional_steam_coal
28,95,74.364,geothermal
116,95,0.0,natural_gas_fired_combined_cycle
73,95,0.0,natural_gas_fired_combined_cycle
71,95,0.0,natural_gas_fired_combined_cycle
44,95,0.0,natural_gas_fired_combined_cycle
115,95,0.0,natural_gas_fired_combined_cycle
70,95,0.0,natural_gas_fired_combined_cycle
131,95,0.0,natural_gas_fired_combined_cycle
18,95,0.0,natural_gas_fired_combined_cycle
72,95,0.0,natural_gas_fired_combined_cycle
114,95,0.0,natural_gas_fired_combined_cycle
45,95,0.0,natural_gas_fired_combined_cycle
78,95,0.0,natural_gas_fired_combustion_turbine
75,95,0.0,natural_gas_fired_combustion_turbine
119,95,0.0,natural_gas_fired_combustion_turbine
117,95,0.0,natural_gas_fired_combustion_turbine
134,95,0.0,natural_gas_fired_combustion_turbine
103,95,0.0,natural_gas_fired_combustion_turbine
47,95,0.0,natural_gas_fired_combustion_turbine
8,95,0.0,natural_gas_fired_combustion_turbine
90,95,0.0,natural_gas_fired_combustion_turbine
60,95,0.0,natural_gas_fired_combustion_turbine
46,95,0.0,natural_gas_fired_combustion_turbine
37,95,0.0,natural_gas_fired_combustion_turbine
7,95,0.0,natural_gas_fired_combustion_turbine
133,95,0.0,natural_gas_fired_combustion_turbine
74,95,0.0,natural_gas_fired_combustion_turbine
20,95,0.0,natural_gas_fired_combustion_turbine
135,95,0.0,natural_gas_fired_combustion_turbine
142,95,0.0,natural_gas_fired_combustion_turbine
121,95,0.0,natural_gas_fired_combustion_turbine
91,95,0.0,natural_gas_fired_combustion_turbine
22,95,0.0,natural_gas_steam_turbine
123,95,0.0,natural_gas_steam_turbine
62,95,0.0,natural_gas_steam_turbine
49,95,0.0,natural_gas_steam_turbine
48,95,0.0,natural_gas_steam_turbine
21,95,0.0,natural_gas_steam_turbine
79,95,0.0,nuclear
10,95,95.09808000000001,onshore_wind_turbine
23,95,9946.8292,onshore_wind_turbine
31,95,3498.1098599999996,onshore_wind_turbine
38,95,3010.09695,onshore_wind_turbine
50,95,3230.8067399999995,onshore_wind_turbine
63,95,8.80600028,onshore_wind_turbine
80,95,2280.5512799999997,onshore_wind_turbine
94,95,9687.325200000001,onshore_wind_turbine
105,95,1569.2433392789999,onshore_wind_turbine
124,95,22241.877476064405,onshore_wind_turbine
136,95,2832.3050700000003,onshore_wind_turbine
144,95,6328.32354,onshore_wind_turbine
11,95,19.125,small_hydroelectric
24,95,62.577,small_hydroelectric
32,95,192.0,small_hydroelectric
39,95,52.9,small_hydroelectric
51,95,25.641,small_hydroelectric
64,95,6.128,small_hydroelectric
81,95,241.672,small_hydroelectric
95,95,418.922,small_hydroelectric
106,95,31.614,small_hydroelectric
125,95,100.697,small_hydroelectric
137,95,36.822,small_hydroelectric
145,95,33.21,small_hydroelectric
12,95,0.0,solar_photovoltaic
25,95,0.0,solar_photovoltaic
33,95,0.0,solar_photovoltaic
52,95,0.0,solar_photovoltaic
65,95,0.0,solar_photovoltaic
82,95,0.0,solar_photovoltaic
96,95,0.0,solar_photovoltaic
107,95,0.0,solar_photovoltaic
126,95,0.0,solar_photovoltaic
138,95,0.0,solar_photovoltaic
26,96,0.0,biomass
13,96,0.0,biomass
108,96,0.0,biomass
40,96,0.0,biomass
97,96,0.0,biomass
1,96,0.0,biomass
66,96,0.0,biomass
2,96,659.4106595999999,conventional_hydroelectric
14,96,158.526148,conventional_hydroelectric
27,96,573.7500072,conventional_hydroelectric
35,96,761.0235952,conventional_hydroelectric
54,96,704.9217582000001,conventional_hydroelectric
67,96,2408.9372480461857,conventional_hydroelectric
84,96,11464.305118799999,conventional_hydroelectric
109,96,296.6123609124,conventional_hydroelectric
128,96,31.99944,conventional_hydroelectric
139,96,57.991104,conventional_hydroelectric
110,96,0.0,conventional_steam_coal
41,96,0.0,conventional_steam_coal
3,96,0.0,conventional_steam_coal
36,96,0.0,conventional_steam_coal
85,96,0.0,conventional_steam_coal
28,96,74.364,geothermal
116,96,0.0,natural_gas_fired_combined_cycle
73,96,0.0,natural_gas_fired_combined_cycle
71,96,0.0,natural_gas_fired_combined_cycle
44,96,0.0,natural_gas_fired_combined_cycle
115,96,0.0,natural_gas_fired_combined_cycle
70,96,0.0,natural_gas_fired_combined_cycle
131,96,0.0,natural_gas_fired_combined_cycle
18,96,0.0,natural_gas_fired_combined_cycle
72,96,0.0,natural_gas_fired_combined_cycle
114,96,0.0,natural_gas_fired_combined_cycle
45,96,0.0,natural_gas_fired_combined_cycle
78,96,0.0,natural_gas_fired_combustion_turbine
75,96,0.0,natural_gas_fired_combustion_turbine
119,96,0.0,natural_gas_fired_combustion_turbine
117,96,0.0,natural_gas_fired_combustion_turbine
134,96,0.0,natural_gas_fired_combustion_turbine
103,96,0.0,natural_gas_fired_combustion_turbine
47,96,0.0,natural_gas_fired_combustion_turbine
8,96,0.0,natural_gas_fired_combustion_turbine
90,96,0.0,natural_gas_fired_combustion_turbine
60,96,0.0,natural_gas_fired_combustion_turbine
46,96,0.0,natural_gas_fired_combustion_turbine
37,96,0.0,natural_gas_fired_combustion_turbine
7,96,0.0,natural_gas_fired_combustion_turbine
133,96,0.0,natural_gas_fired_combustion_turbine
74,96,0.0,natural_gas_fired_combustion_turbine
20,96,0.0,natural_gas_fired_combustion_turbine
135,96,0.0,natural_gas_fired_combustion_turbine
142,96,0.0,natural_gas_fired_combustion_turbine
121,96,0.0,natural_gas_fired_combustion_turbine
91,96,0.0,natural_gas_fired_combustion_turbine
22,96,0.0,natural_gas_steam_turbine
123,96,0.0,natural_gas_steam_turbine
62,96,0.0,natural_gas_steam_turbine
49,96,0.0,natural_gas_steam_turbine
48,96,0.0,natural_gas_steam_turbine
21,96,0.0,natural_gas_steam_turbine
79,96,0.0,nuclear
10,96,101.22182000000001,onshore_wind_turbine
23,96,8487.787,onshore_wind_turbine
31,96,6279.024080000001,onshore_wind_turbine
38,96,3133.3638,onshore_wind_turbine
50,96,3238.2587999999996,onshore_wind_turbine
63,96,70.9713197816,onshore_wind_turbine
80,96,2127.21348,onshore_wind_turbine
94,96,9315.867400000001,onshore_wind_turbine
105,96,1933.5155013719998,onshore_wind_turbine
124,96,19478.499726917,onshore_wind_turbine
136,96,2113.6605,onshore_wind_turbine
144,96,7234.53255,onshore_wind_turbine
11,96,19.125,small_hydroelectric
24,96,62.577,small_hydroelectric
32,96,192.0,small_hydroelectric
39,96,52.9,small_hydroelectric
51,96,25.641,small_hydroelectric
64,96,6.128,small_hydroelectric
81,96,241.672,small_hydroelectric
95,96,418.922,small_hydroelectric
106,96,31.614,small_hydroelectric
125,96,100.697,small_hydroelectric
137,96,36.822,small_hydroelectric
145,96,33.21,small_hydroelectric
12,96,0.0,solar_photovoltaic
25,96,0.0,solar_photovoltaic
33,96,0.0,solar_photovoltaic
52,96,0.0,solar_photovoltaic
65,96,0.0,solar_photovoltaic
82,96,0.0,solar_photovoltaic
96,96,0.0,solar_photovoltaic
107,96,0.0,solar_photovoltaic
126,96,0.0,solar_photovoltaic
138,96,0.0,solar_photovoltaic
