r_id,hour,gen,resource
26,1,11.235,biomass
13,1,15.682,biomass
108,1,137.081,biomass
40,1,5.952,biomass
97,1,178.173,biomass
1,1,16.294,biomass
66,1,228.795,biomass
2,1,848.6424575999998,conventional_hydroelectric
14,1,140.36855359999998,conventional_hydroelectric
27,1,906.3443916,conventional_hydroelectric
35,1,1719.8583776,conventional_hydroelectric
54,1,954.7937586,conventional_hydroelectric
67,1,2798.547931036494,conventional_hydroelectric
84,1,17899.5397458,conventional_hydroelectric
109,1,376.5922970706,conventional_hydroelectric
128,1,73.623,conventional_hydroelectric
139,1,161.2106112,conventional_hydroelectric
110,1,50.0,conventional_steam_coal
41,1,0.0,conventional_steam_coal
3,1,0.0,conventional_steam_coal
36,1,0.0,conventional_steam_coal
85,1,0.0,conventional_steam_coal
28,1,74.364,geothermal
116,1,0.0,natural_gas_fired_combined_cycle
73,1,0.0,natural_gas_fired_combined_cycle
71,1,0.0,natural_gas_fired_combined_cycle
44,1,0.0,natural_gas_fired_combined_cycle
115,1,0.0,natural_gas_fired_combined_cycle
70,1,0.0,natural_gas_fired_combined_cycle
131,1,0.0,natural_gas_fired_combined_cycle
18,1,0.0,natural_gas_fired_combined_cycle
72,1,0.0,natural_gas_fired_combined_cycle
114,1,0.0,natural_gas_fired_combined_cycle
45,1,0.0,natural_gas_fired_combined_cycle
78,1,0.0,natural_gas_fired_combustion_turbine
75,1,0.0,natural_gas_fired_combustion_turbine
119,1,0.0,natural_gas_fired_combustion_turbine
117,1,0.0,natural_gas_fired_combustion_turbine
134,1,0.0,natural_gas_fired_combustion_turbine
103,1,0.0,natural_gas_fired_combustion_turbine
47,1,0.0,natural_gas_fired_combustion_turbine
8,1,0.0,natural_gas_fired_combustion_turbine
90,1,0.0,natural_gas_fired_combustion_turbine
60,1,0.0,natural_gas_fired_combustion_turbine
46,1,0.0,natural_gas_fired_combustion_turbine
37,1,0.0,natural_gas_fired_combustion_turbine
7,1,0.0,natural_gas_fired_combustion_turbine
133,1,0.0,natural_gas_fired_combustion_turbine
74,1,0.0,natural_gas_fired_combustion_turbine
20,1,0.0,natural_gas_fired_combustion_turbine
135,1,0.0,natural_gas_fired_combustion_turbine
142,1,0.0,natural_gas_fired_combustion_turbine
121,1,0.0,natural_gas_fired_combustion_turbine
91,1,0.0,natural_gas_fired_combustion_turbine
22,1,0.0,natural_gas_steam_turbine
123,1,0.0,natural_gas_steam_turbine
62,1,0.0,natural_gas_steam_turbine
49,1,0.0,natural_gas_steam_turbine
48,1,0.0,natural_gas_steam_turbine
21,1,0.0,natural_gas_steam_turbine
79,1,7405.999,nuclear
10,1,44.07549,onshore_wind_turbine
23,1,4916.9802,onshore_wind_turbine
31,1,3311.3472299999994,onshore_wind_turbine
38,1,1900.12725,onshore_wind_turbine
50,1,911.6675999999999,onshore_wind_turbine
63,1,114.2114401152,onshore_wind_turbine
80,1,930.38208,onshore_wind_turbine
94,1,8900.8014,onshore_wind_turbine
105,1,1076.811900192,onshore_wind_turbine
124,1,10904.7306599286,onshore_wind_turbine
136,1,1355.3125200000002,onshore_wind_turbine
144,1,6223.273739999999,onshore_wind_turbine
11,1,19.125,small_hydroelectric
24,1,62.577,small_hydroelectric
32,1,192.0,small_hydroelectric
39,1,52.9,small_hydroelectric
51,1,25.641,small_hydroelectric
64,1,6.128,small_hydroelectric
81,1,241.672,small_hydroelectric
95,1,418.922,small_hydroelectric
106,1,31.614,small_hydroelectric
125,1,100.697,small_hydroelectric
137,1,36.822,small_hydroelectric
145,1,33.21,small_hydroelectric
12,1,0.0,solar_photovoltaic
25,1,0.0,solar_photovoltaic
33,1,0.0,solar_photovoltaic
52,1,0.0,solar_photovoltaic
65,1,0.0,solar_photovoltaic
82,1,0.0,solar_photovoltaic
96,1,0.0,solar_photovoltaic
107,1,0.0,solar_photovoltaic
126,1,0.0,solar_photovoltaic
138,1,0.0,solar_photovoltaic
26,2,11.235,biomass
13,2,15.682,biomass
108,2,137.081,biomass
40,2,5.952,biomass
97,2,178.173,biomass
1,2,16.294,biomass
66,2,228.795,biomass
2,2,848.9187084,conventional_hydroelectric
14,2,140.3215132,conventional_hydroelectric
27,2,906.3443916,conventional_hydroelectric
35,2,1720.6076624,conventional_hydroelectric
54,2,955.3134591,conventional_hydroelectric
67,2,2797.505747683569,conventional_hydroelectric
84,2,17896.634448,conventional_hydroelectric
109,2,376.5315484086,conventional_hydroelectric
128,2,73.63818,conventional_hydroelectric
139,2,161.25719039999998,conventional_hydroelectric
110,2,50.0,conventional_steam_coal
41,2,0.0,conventional_steam_coal
3,2,0.0,conventional_steam_coal
36,2,0.0,conventional_steam_coal
85,2,0.0,conventional_steam_coal
28,2,74.364,geothermal
116,2,0.0,natural_gas_fired_combined_cycle
73,2,0.0,natural_gas_fired_combined_cycle
71,2,0.0,natural_gas_fired_combined_cycle
44,2,0.0,natural_gas_fired_combined_cycle
115,2,0.0,natural_gas_fired_combined_cycle
70,2,0.0,natural_gas_fired_combined_cycle
131,2,0.0,natural_gas_fired_combined_cycle
18,2,0.0,natural_gas_fired_combined_cycle
72,2,0.0,natural_gas_fired_combined_cycle
114,2,0.0,natural_gas_fired_combined_cycle
45,2,0.0,natural_gas_fired_combined_cycle
78,2,0.0,natural_gas_fired_combustion_turbine
75,2,0.0,natural_gas_fired_combustion_turbine
119,2,0.0,natural_gas_fired_combustion_turbine
117,2,0.0,natural_gas_fired_combustion_turbine
134,2,0.0,natural_gas_fired_combustion_turbine
103,2,0.0,natural_gas_fired_combustion_turbine
47,2,0.0,natural_gas_fired_combustion_turbine
8,2,0.0,natural_gas_fired_combustion_turbine
90,2,0.0,natural_gas_fired_combustion_turbine
60,2,0.0,natural_gas_fired_combustion_turbine
46,2,0.0,natural_gas_fired_combustion_turbine
37,2,0.0,natural_gas_fired_combustion_turbine
7,2,0.0,natural_gas_fired_combustion_turbine
133,2,0.0,natural_gas_fired_combustion_turbine
74,2,0.0,natural_gas_fired_combustion_turbine
20,2,0.0,natural_gas_fired_combustion_turbine
135,2,0.0,natural_gas_fired_combustion_turbine
142,2,0.0,natural_gas_fired_combustion_turbine
121,2,0.0,natural_gas_fired_combustion_turbine
91,2,0.0,natural_gas_fired_combustion_turbine
22,2,0.0,natural_gas_steam_turbine
123,2,0.0,natural_gas_steam_turbine
62,2,0.0,natural_gas_steam_turbine
49,2,0.0,natural_gas_steam_turbine
48,2,0.0,natural_gas_steam_turbine
21,2,0.0,natural_gas_steam_turbine
79,2,7405.999,nuclear
10,2,40.1388,onshore_wind_turbine
23,2,4643.859,onshore_wind_turbine
31,2,3320.5072499999997,onshore_wind_turbine
38,2,2004.0804,onshore_wind_turbine
50,2,770.56236,onshore_wind_turbine
63,2,132.9340799208,onshore_wind_turbine
80,2,914.45088,onshore_wind_turbine
94,2,10328.8386,onshore_wind_turbine
105,2,997.588739511,onshore_wind_turbine
124,2,10520.872774295402,onshore_wind_turbine
136,2,1022.65191,onshore_wind_turbine
144,2,5858.071199999999,onshore_wind_turbine
11,2,19.125,small_hydroelectric
24,2,62.577,small_hydroelectric
32,2,192.0,small_hydroelectric
39,2,52.9,small_hydroelectric
51,2,25.641,small_hydroelectric
64,2,6.128,small_hydroelectric
81,2,241.672,small_hydroelectric
95,2,418.922,small_hydroelectric
106,2,31.614,small_hydroelectric
125,2,100.697,small_hydroelectric
137,2,36.822,small_hydroelectric
145,2,33.21,small_hydroelectric
12,2,0.0,solar_photovoltaic
25,2,0.0,solar_photovoltaic
33,2,0.0,solar_photovoltaic
52,2,0.0,solar_photovoltaic
65,2,0.0,solar_photovoltaic
82,2,0.0,solar_photovoltaic
96,2,0.0,solar_photovoltaic
107,2,0.0,solar_photovoltaic
126,2,0.0,solar_photovoltaic
138,2,0.0,solar_photovoltaic
26,3,11.235,biomass
13,3,15.682,biomass
108,3,137.081,biomass
40,3,5.952,biomass
97,3,178.173,biomass
1,3,16.294,biomass
66,3,228.795,biomass
2,3,848.9187084,conventional_hydroelectric
14,3,140.2744728,conventional_hydroelectric
27,3,906.3443916,conventional_hydroelectric
35,3,1721.1071856,conventional_hydroelectric
54,3,955.8331596,conventional_hydroelectric
67,3,2796.4635643306437,conventional_hydroelectric
84,3,17896.634448,conventional_hydroelectric
109,3,376.4708011428,conventional_hydroelectric
128,3,73.66854000000001,conventional_hydroelectric
139,3,161.30376959999998,conventional_hydroelectric
110,3,50.0,conventional_steam_coal
41,3,7219.002,conventional_steam_coal
3,3,1771.1710135471674,conventional_steam_coal
36,3,0.0,conventional_steam_coal
85,3,0.0,conventional_steam_coal
28,3,74.364,geothermal
116,3,0.0,natural_gas_fired_combined_cycle
73,3,0.0,natural_gas_fired_combined_cycle
71,3,0.0,natural_gas_fired_combined_cycle
44,3,0.0,natural_gas_fired_combined_cycle
115,3,0.0,natural_gas_fired_combined_cycle
70,3,0.0,natural_gas_fired_combined_cycle
131,3,0.0,natural_gas_fired_combined_cycle
18,3,0.0,natural_gas_fired_combined_cycle
72,3,0.0,natural_gas_fired_combined_cycle
114,3,0.0,natural_gas_fired_combined_cycle
45,3,0.0,natural_gas_fired_combined_cycle
78,3,0.0,natural_gas_fired_combustion_turbine
75,3,0.0,natural_gas_fired_combustion_turbine
119,3,0.0,natural_gas_fired_combustion_turbine
117,3,0.0,natural_gas_fired_combustion_turbine
134,3,0.0,natural_gas_fired_combustion_turbine
103,3,0.0,natural_gas_fired_combustion_turbine
47,3,0.0,natural_gas_fired_combustion_turbine
8,3,0.0,natural_gas_fired_combustion_turbine
90,3,0.0,natural_gas_fired_combustion_turbine
60,3,0.0,natural_gas_fired_combustion_turbine
46,3,0.0,natural_gas_fired_combustion_turbine
37,3,0.0,natural_gas_fired_combustion_turbine
7,3,0.0,natural_gas_fired_combustion_turbine
133,3,0.0,natural_gas_fired_combustion_turbine
74,3,0.0,natural_gas_fired_combustion_turbine
20,3,0.0,natural_gas_fired_combustion_turbine
135,3,0.0,natural_gas_fired_combustion_turbine
142,3,0.0,natural_gas_fired_combustion_turbine
121,3,0.0,natural_gas_fired_combustion_turbine
91,3,0.0,natural_gas_fired_combustion_turbine
22,3,0.0,natural_gas_steam_turbine
123,3,0.0,natural_gas_steam_turbine
62,3,0.0,natural_gas_steam_turbine
49,3,0.0,natural_gas_steam_turbine
48,3,0.0,natural_gas_steam_turbine
21,3,0.0,natural_gas_steam_turbine
79,3,7405.999,nuclear
10,3,5.09454,onshore_wind_turbine
23,3,2120.283,onshore_wind_turbine
31,3,3052.3222199999996,onshore_wind_turbine
38,3,1073.1276,onshore_wind_turbine
50,3,266.24178,onshore_wind_turbine
63,3,22.856640028800005,onshore_wind_turbine
80,3,101.16311999999999,onshore_wind_turbine
94,3,7485.373799999999,onshore_wind_turbine
105,3,726.486299343,onshore_wind_turbine
124,3,9423.5252660076,onshore_wind_turbine
136,3,786.74427,onshore_wind_turbine
144,3,2785.3645499999993,onshore_wind_turbine
11,3,19.125,small_hydroelectric
24,3,62.577,small_hydroelectric
32,3,192.0,small_hydroelectric
39,3,52.9,small_hydroelectric
51,3,25.641,small_hydroelectric
64,3,6.128,small_hydroelectric
81,3,241.672,small_hydroelectric
95,3,418.922,small_hydroelectric
106,3,31.614,small_hydroelectric
125,3,100.697,small_hydroelectric
137,3,36.822,small_hydroelectric
145,3,33.21,small_hydroelectric
12,3,0.0,solar_photovoltaic
25,3,0.0,solar_photovoltaic
33,3,0.0,solar_photovoltaic
52,3,0.0,solar_photovoltaic
65,3,0.0,solar_photovoltaic
82,3,0.0,solar_photovoltaic
96,3,0.0,solar_photovoltaic
107,3,0.0,solar_photovoltaic
126,3,0.0,solar_photovoltaic
138,3,0.0,solar_photovoltaic
26,4,11.235,biomass
13,4,15.682,biomass
108,4,137.081,biomass
40,4,5.952,biomass
97,4,178.173,biomass
1,4,16.294,biomass
66,4,228.795,biomass
2,4,848.9187084,conventional_hydroelectric
14,4,140.2274324,conventional_hydroelectric
27,4,906.3443916,conventional_hydroelectric
35,4,1721.8564704,conventional_hydroelectric
54,4,956.3528601,conventional_hydroelectric
67,4,2796.096321539235,conventional_hydroelectric
84,4,17896.634448,conventional_hydroelectric
109,4,376.4100524808,conventional_hydroelectric
128,4,73.68372000000001,conventional_hydroelectric
139,4,161.35034879999998,conventional_hydroelectric
110,4,50.0,conventional_steam_coal
41,4,7219.002,conventional_steam_coal
3,4,4260.7076487543545,conventional_steam_coal
36,4,0.0,conventional_steam_coal
85,4,0.0,conventional_steam_coal
28,4,74.364,geothermal
116,4,0.0,natural_gas_fired_combined_cycle
73,4,0.0,natural_gas_fired_combined_cycle
71,4,0.0,natural_gas_fired_combined_cycle
44,4,0.0,natural_gas_fired_combined_cycle
115,4,0.0,natural_gas_fired_combined_cycle
70,4,0.0,natural_gas_fired_combined_cycle
131,4,0.0,natural_gas_fired_combined_cycle
18,4,0.0,natural_gas_fired_combined_cycle
72,4,0.0,natural_gas_fired_combined_cycle
114,4,0.0,natural_gas_fired_combined_cycle
45,4,0.0,natural_gas_fired_combined_cycle
78,4,0.0,natural_gas_fired_combustion_turbine
75,4,0.0,natural_gas_fired_combustion_turbine
119,4,0.0,natural_gas_fired_combustion_turbine
117,4,0.0,natural_gas_fired_combustion_turbine
134,4,0.0,natural_gas_fired_combustion_turbine
103,4,0.0,natural_gas_fired_combustion_turbine
47,4,0.0,natural_gas_fired_combustion_turbine
8,4,0.0,natural_gas_fired_combustion_turbine
90,4,0.0,natural_gas_fired_combustion_turbine
60,4,0.0,natural_gas_fired_combustion_turbine
46,4,0.0,natural_gas_fired_combustion_turbine
37,4,0.0,natural_gas_fired_combustion_turbine
7,4,0.0,natural_gas_fired_combustion_turbine
133,4,0.0,natural_gas_fired_combustion_turbine
74,4,0.0,natural_gas_fired_combustion_turbine
20,4,0.0,natural_gas_fired_combustion_turbine
135,4,0.0,natural_gas_fired_combustion_turbine
142,4,0.0,natural_gas_fired_combustion_turbine
121,4,0.0,natural_gas_fired_combustion_turbine
91,4,0.0,natural_gas_fired_combustion_turbine
22,4,0.0,natural_gas_steam_turbine
123,4,0.0,natural_gas_steam_turbine
62,4,0.0,natural_gas_steam_turbine
49,4,0.0,natural_gas_steam_turbine
48,4,0.0,natural_gas_steam_turbine
21,4,0.0,natural_gas_steam_turbine
79,4,7405.999,nuclear
10,4,11.11536,onshore_wind_turbine
23,4,1206.6846,onshore_wind_turbine
31,4,3066.06225,onshore_wind_turbine
38,4,1167.34275,onshore_wind_turbine
50,4,280.75877999999994,onshore_wind_turbine
63,4,65.36219996160001,onshore_wind_turbine
80,4,77.26632,onshore_wind_turbine
94,4,7625.6556,onshore_wind_turbine
105,4,728.1499802850001,onshore_wind_turbine
124,4,8057.8526972790005,onshore_wind_turbine
136,4,593.2383300000001,onshore_wind_turbine
144,4,2919.7664999999997,onshore_wind_turbine
11,4,19.125,small_hydroelectric
24,4,62.577,small_hydroelectric
32,4,192.0,small_hydroelectric
39,4,52.9,small_hydroelectric
51,4,25.641,small_hydroelectric
64,4,6.128,small_hydroelectric
81,4,241.672,small_hydroelectric
95,4,418.922,small_hydroelectric
106,4,31.614,small_hydroelectric
125,4,100.697,small_hydroelectric
137,4,36.822,small_hydroelectric
145,4,33.21,small_hydroelectric
12,4,0.0,solar_photovoltaic
25,4,0.0,solar_photovoltaic
33,4,0.0,solar_photovoltaic
52,4,0.0,solar_photovoltaic
65,4,0.0,solar_photovoltaic
82,4,0.0,solar_photovoltaic
96,4,0.0,solar_photovoltaic
107,4,0.0,solar_photovoltaic
126,4,0.0,solar_photovoltaic
138,4,0.0,solar_photovoltaic
26,5,11.235,biomass
13,5,15.682,biomass
108,5,137.081,biomass
40,5,5.952,biomass
97,5,178.173,biomass
1,5,16.294,biomass
66,5,228.795,biomass
2,5,848.9187084,conventional_hydroelectric
14,5,140.2274324,conventional_hydroelectric
27,5,906.4855008000001,conventional_hydroelectric
35,5,1722.6057552,conventional_hydroelectric
54,5,956.8725606,conventional_hydroelectric
67,5,2795.001685321833,conventional_hydroelectric
84,5,17893.7291502,conventional_hydroelectric
109,5,376.349305215,conventional_hydroelectric
128,5,73.71408,conventional_hydroelectric
139,5,161.39692799999997,conventional_hydroelectric
110,5,50.0,conventional_steam_coal
41,5,7219.002,conventional_steam_coal
3,5,7999.794888428356,conventional_steam_coal
36,5,0.0,conventional_steam_coal
85,5,0.0,conventional_steam_coal
28,5,74.364,geothermal
116,5,0.0,natural_gas_fired_combined_cycle
73,5,0.0,natural_gas_fired_combined_cycle
71,5,0.0,natural_gas_fired_combined_cycle
44,5,0.0,natural_gas_fired_combined_cycle
115,5,0.0,natural_gas_fired_combined_cycle
70,5,0.0,natural_gas_fired_combined_cycle
131,5,0.0,natural_gas_fired_combined_cycle
18,5,0.0,natural_gas_fired_combined_cycle
72,5,0.0,natural_gas_fired_combined_cycle
114,5,0.0,natural_gas_fired_combined_cycle
45,5,0.0,natural_gas_fired_combined_cycle
78,5,0.0,natural_gas_fired_combustion_turbine
75,5,0.0,natural_gas_fired_combustion_turbine
119,5,0.0,natural_gas_fired_combustion_turbine
117,5,0.0,natural_gas_fired_combustion_turbine
134,5,0.0,natural_gas_fired_combustion_turbine
103,5,0.0,natural_gas_fired_combustion_turbine
47,5,0.0,natural_gas_fired_combustion_turbine
8,5,0.0,natural_gas_fired_combustion_turbine
90,5,0.0,natural_gas_fired_combustion_turbine
60,5,0.0,natural_gas_fired_combustion_turbine
46,5,0.0,natural_gas_fired_combustion_turbine
37,5,0.0,natural_gas_fired_combustion_turbine
7,5,0.0,natural_gas_fired_combustion_turbine
133,5,0.0,natural_gas_fired_combustion_turbine
74,5,0.0,natural_gas_fired_combustion_turbine
20,5,0.0,natural_gas_fired_combustion_turbine
135,5,0.0,natural_gas_fired_combustion_turbine
142,5,0.0,natural_gas_fired_combustion_turbine
121,5,0.0,natural_gas_fired_combustion_turbine
91,5,0.0,natural_gas_fired_combustion_turbine
22,5,0.0,natural_gas_steam_turbine
123,5,0.0,natural_gas_steam_turbine
62,5,0.0,natural_gas_steam_turbine
49,5,0.0,natural_gas_steam_turbine
48,5,0.0,natural_gas_steam_turbine
21,5,0.0,natural_gas_steam_turbine
79,5,7405.999,nuclear
10,5,20.146590000000003,onshore_wind_turbine
23,5,1286.5446,onshore_wind_turbine
31,5,2916.95748,onshore_wind_turbine
38,5,1085.787,onshore_wind_turbine
50,5,260.72531999999995,onshore_wind_turbine
63,5,81.78731988720001,onshore_wind_turbine
80,5,90.80784,onshore_wind_turbine
94,5,7348.2444000000005,onshore_wind_turbine
105,5,705.275279478,onshore_wind_turbine
124,5,7006.7359860696,onshore_wind_turbine
136,5,354.6324,onshore_wind_turbine
144,5,2915.1319499999995,onshore_wind_turbine
11,5,19.125,small_hydroelectric
24,5,62.577,small_hydroelectric
32,5,192.0,small_hydroelectric
39,5,52.9,small_hydroelectric
51,5,25.641,small_hydroelectric
64,5,6.128,small_hydroelectric
81,5,241.672,small_hydroelectric
95,5,418.922,small_hydroelectric
106,5,31.614,small_hydroelectric
125,5,100.697,small_hydroelectric
137,5,36.822,small_hydroelectric
145,5,33.21,small_hydroelectric
12,5,0.0,solar_photovoltaic
25,5,242.13168,solar_photovoltaic
33,5,0.0,solar_photovoltaic
52,5,29.32578,solar_photovoltaic
65,5,0.0,solar_photovoltaic
82,5,0.0,solar_photovoltaic
96,5,0.0,solar_photovoltaic
107,5,0.0,solar_photovoltaic
126,5,0.0,solar_photovoltaic
138,5,0.0,solar_photovoltaic
26,6,11.235,biomass
13,6,15.682,biomass
108,6,137.081,biomass
40,6,5.952,biomass
97,6,178.173,biomass
1,6,16.294,biomass
66,6,228.795,biomass
2,6,848.9187084,conventional_hydroelectric
14,6,140.18039199999998,conventional_hydroelectric
27,6,906.4855008000001,conventional_hydroelectric
35,6,1723.35504,conventional_hydroelectric
54,6,957.3922611,conventional_hydroelectric
67,6,2793.959501968908,conventional_hydroelectric
84,6,17893.7291502,conventional_hydroelectric
109,6,376.288556553,conventional_hydroelectric
128,6,73.72926000000001,conventional_hydroelectric
139,6,161.4202176,conventional_hydroelectric
110,6,50.0,conventional_steam_coal
41,6,0.0,conventional_steam_coal
3,6,0.0,conventional_steam_coal
36,6,0.0,conventional_steam_coal
85,6,0.0,conventional_steam_coal
28,6,74.364,geothermal
116,6,0.0,natural_gas_fired_combined_cycle
73,6,0.0,natural_gas_fired_combined_cycle
71,6,0.0,natural_gas_fired_combined_cycle
44,6,0.0,natural_gas_fired_combined_cycle
115,6,0.0,natural_gas_fired_combined_cycle
70,6,0.0,natural_gas_fired_combined_cycle
131,6,0.0,natural_gas_fired_combined_cycle
18,6,0.0,natural_gas_fired_combined_cycle
72,6,0.0,natural_gas_fired_combined_cycle
114,6,0.0,natural_gas_fired_combined_cycle
45,6,0.0,natural_gas_fired_combined_cycle
78,6,0.0,natural_gas_fired_combustion_turbine
75,6,0.0,natural_gas_fired_combustion_turbine
119,6,0.0,natural_gas_fired_combustion_turbine
117,6,0.0,natural_gas_fired_combustion_turbine
134,6,0.0,natural_gas_fired_combustion_turbine
103,6,0.0,natural_gas_fired_combustion_turbine
47,6,0.0,natural_gas_fired_combustion_turbine
8,6,0.0,natural_gas_fired_combustion_turbine
90,6,0.0,natural_gas_fired_combustion_turbine
60,6,0.0,natural_gas_fired_combustion_turbine
46,6,0.0,natural_gas_fired_combustion_turbine
37,6,0.0,natural_gas_fired_combustion_turbine
7,6,0.0,natural_gas_fired_combustion_turbine
133,6,0.0,natural_gas_fired_combustion_turbine
74,6,0.0,natural_gas_fired_combustion_turbine
20,6,0.0,natural_gas_fired_combustion_turbine
135,6,0.0,natural_gas_fired_combustion_turbine
142,6,0.0,natural_gas_fired_combustion_turbine
121,6,0.0,natural_gas_fired_combustion_turbine
91,6,0.0,natural_gas_fired_combustion_turbine
22,6,0.0,natural_gas_steam_turbine
123,6,0.0,natural_gas_steam_turbine
62,6,0.0,natural_gas_steam_turbine
49,6,0.0,natural_gas_steam_turbine
48,6,0.0,natural_gas_steam_turbine
21,6,0.0,natural_gas_steam_turbine
79,6,7405.999,nuclear
10,6,41.914170000000006,onshore_wind_turbine
23,6,3487.4862,onshore_wind_turbine
31,6,3244.6826399999995,onshore_wind_turbine
38,6,1861.66215,onshore_wind_turbine
50,6,430.5742199999999,onshore_wind_turbine
63,6,116.27052006240001,onshore_wind_turbine
80,6,379.16256,onshore_wind_turbine
94,6,11216.2392,onshore_wind_turbine
105,6,1076.97180024,onshore_wind_turbine
124,6,9334.368363058202,onshore_wind_turbine
136,6,820.28016,onshore_wind_turbine
144,6,4411.16469,onshore_wind_turbine
11,6,19.125,small_hydroelectric
24,6,62.577,small_hydroelectric
32,6,192.0,small_hydroelectric
39,6,52.9,small_hydroelectric
51,6,25.641,small_hydroelectric
64,6,6.128,small_hydroelectric
81,6,241.672,small_hydroelectric
95,6,418.922,small_hydroelectric
106,6,31.614,small_hydroelectric
125,6,100.697,small_hydroelectric
137,6,36.822,small_hydroelectric
145,6,33.21,small_hydroelectric
12,6,1366.25238,solar_photovoltaic
25,6,671.7873,solar_photovoltaic
33,6,256.00185,solar_photovoltaic
52,6,946.71912,solar_photovoltaic
65,6,2328.1549228361996,solar_photovoltaic
82,6,1284.2956799999997,solar_photovoltaic
96,6,135.88926,solar_photovoltaic
107,6,1753.5750289155,solar_photovoltaic
126,6,3487.1372775749996,solar_photovoltaic
138,6,664.75893,solar_photovoltaic
26,7,11.235,biomass
13,7,15.682,biomass
108,7,137.081,biomass
40,7,5.952,biomass
97,7,178.173,biomass
1,7,16.294,biomass
66,7,228.795,biomass
2,7,848.9187084,conventional_hydroelectric
14,7,140.1333516,conventional_hydroelectric
27,7,906.4855008000001,conventional_hydroelectric
35,7,1724.1043248,conventional_hydroelectric
54,7,957.9119616,conventional_hydroelectric
67,7,2792.917318615983,conventional_hydroelectric
84,7,17893.7291502,conventional_hydroelectric
109,7,376.288556553,conventional_hydroelectric
128,7,73.74444000000001,conventional_hydroelectric
139,7,161.4667968,conventional_hydroelectric
110,7,50.0,conventional_steam_coal
41,7,0.0,conventional_steam_coal
3,7,0.0,conventional_steam_coal
36,7,0.0,conventional_steam_coal
85,7,0.0,conventional_steam_coal
28,7,74.364,geothermal
116,7,0.0,natural_gas_fired_combined_cycle
73,7,0.0,natural_gas_fired_combined_cycle
71,7,0.0,natural_gas_fired_combined_cycle
44,7,0.0,natural_gas_fired_combined_cycle
115,7,0.0,natural_gas_fired_combined_cycle
70,7,0.0,natural_gas_fired_combined_cycle
131,7,0.0,natural_gas_fired_combined_cycle
18,7,0.0,natural_gas_fired_combined_cycle
72,7,0.0,natural_gas_fired_combined_cycle
114,7,0.0,natural_gas_fired_combined_cycle
45,7,0.0,natural_gas_fired_combined_cycle
78,7,0.0,natural_gas_fired_combustion_turbine
75,7,0.0,natural_gas_fired_combustion_turbine
119,7,0.0,natural_gas_fired_combustion_turbine
117,7,0.0,natural_gas_fired_combustion_turbine
134,7,0.0,natural_gas_fired_combustion_turbine
103,7,0.0,natural_gas_fired_combustion_turbine
47,7,0.0,natural_gas_fired_combustion_turbine
8,7,0.0,natural_gas_fired_combustion_turbine
90,7,0.0,natural_gas_fired_combustion_turbine
60,7,0.0,natural_gas_fired_combustion_turbine
46,7,0.0,natural_gas_fired_combustion_turbine
37,7,0.0,natural_gas_fired_combustion_turbine
7,7,0.0,natural_gas_fired_combustion_turbine
133,7,0.0,natural_gas_fired_combustion_turbine
74,7,0.0,natural_gas_fired_combustion_turbine
20,7,0.0,natural_gas_fired_combustion_turbine
135,7,0.0,natural_gas_fired_combustion_turbine
142,7,0.0,natural_gas_fired_combustion_turbine
121,7,0.0,natural_gas_fired_combustion_turbine
91,7,0.0,natural_gas_fired_combustion_turbine
22,7,0.0,natural_gas_steam_turbine
123,7,0.0,natural_gas_steam_turbine
62,7,0.0,natural_gas_steam_turbine
49,7,0.0,natural_gas_steam_turbine
48,7,0.0,natural_gas_steam_turbine
21,7,0.0,natural_gas_steam_turbine
79,7,7405.999,nuclear
10,7,4.01388,onshore_wind_turbine
23,7,4207.0248,onshore_wind_turbine
31,7,3125.60238,onshore_wind_turbine
38,7,2011.8708000000001,onshore_wind_turbine
50,7,253.46681999999998,onshore_wind_turbine
63,7,99.7782000864,onshore_wind_turbine
80,7,359.64684,onshore_wind_turbine
94,7,9433.557,onshore_wind_turbine
105,7,932.8808406960001,onshore_wind_turbine
124,7,7857.317074668601,onshore_wind_turbine
136,7,653.37165,onshore_wind_turbine
144,7,3819.7961099999998,onshore_wind_turbine
11,7,19.125,small_hydroelectric
24,7,62.577,small_hydroelectric
32,7,192.0,small_hydroelectric
39,7,52.9,small_hydroelectric
51,7,25.641,small_hydroelectric
64,7,6.128,small_hydroelectric
81,7,241.672,small_hydroelectric
95,7,418.922,small_hydroelectric
106,7,31.614,small_hydroelectric
125,7,100.697,small_hydroelectric
137,7,36.822,small_hydroelectric
145,7,33.21,small_hydroelectric
12,7,2313.00414,solar_photovoltaic
25,7,961.80084,solar_photovoltaic
33,7,416.55945,solar_photovoltaic
52,7,1533.82716,solar_photovoltaic
65,7,3779.8472427597,solar_photovoltaic
82,7,3056.0551499999997,solar_photovoltaic
96,7,219.26154000000002,solar_photovoltaic
107,7,3383.4117046725,solar_photovoltaic
126,7,6974.672122854,solar_photovoltaic
138,7,1040.67942,solar_photovoltaic
26,8,11.235,biomass
13,8,15.682,biomass
108,8,137.081,biomass
40,8,5.952,biomass
97,8,178.173,biomass
1,8,16.294,biomass
66,8,228.795,biomass
2,8,848.9187084,conventional_hydroelectric
14,8,140.0863112,conventional_hydroelectric
27,8,906.4855008000001,conventional_hydroelectric
35,8,1724.8536096,conventional_hydroelectric
54,8,958.5356022000001,conventional_hydroelectric
67,8,2792.550075824574,conventional_hydroelectric
84,8,17890.8238524,conventional_hydroelectric
109,8,376.148936553,conventional_hydroelectric
128,8,73.7748,conventional_hydroelectric
139,8,161.513376,conventional_hydroelectric
110,8,50.0,conventional_steam_coal
41,8,0.0,conventional_steam_coal
3,8,0.0,conventional_steam_coal
36,8,0.0,conventional_steam_coal
85,8,0.0,conventional_steam_coal
28,8,74.364,geothermal
116,8,0.0,natural_gas_fired_combined_cycle
73,8,0.0,natural_gas_fired_combined_cycle
71,8,0.0,natural_gas_fired_combined_cycle
44,8,0.0,natural_gas_fired_combined_cycle
115,8,0.0,natural_gas_fired_combined_cycle
70,8,0.0,natural_gas_fired_combined_cycle
131,8,0.0,natural_gas_fired_combined_cycle
18,8,0.0,natural_gas_fired_combined_cycle
72,8,0.0,natural_gas_fired_combined_cycle
114,8,0.0,natural_gas_fired_combined_cycle
45,8,0.0,natural_gas_fired_combined_cycle
78,8,0.0,natural_gas_fired_combustion_turbine
75,8,0.0,natural_gas_fired_combustion_turbine
119,8,0.0,natural_gas_fired_combustion_turbine
117,8,0.0,natural_gas_fired_combustion_turbine
134,8,0.0,natural_gas_fired_combustion_turbine
103,8,0.0,natural_gas_fired_combustion_turbine
47,8,0.0,natural_gas_fired_combustion_turbine
8,8,0.0,natural_gas_fired_combustion_turbine
90,8,0.0,natural_gas_fired_combustion_turbine
60,8,0.0,natural_gas_fired_combustion_turbine
46,8,0.0,natural_gas_fired_combustion_turbine
37,8,0.0,natural_gas_fired_combustion_turbine
7,8,0.0,natural_gas_fired_combustion_turbine
133,8,0.0,natural_gas_fired_combustion_turbine
74,8,0.0,natural_gas_fired_combustion_turbine
20,8,0.0,natural_gas_fired_combustion_turbine
135,8,0.0,natural_gas_fired_combustion_turbine
142,8,0.0,natural_gas_fired_combustion_turbine
121,8,0.0,natural_gas_fired_combustion_turbine
91,8,0.0,natural_gas_fired_combustion_turbine
22,8,0.0,natural_gas_steam_turbine
123,8,0.0,natural_gas_steam_turbine
62,8,0.0,natural_gas_steam_turbine
49,8,0.0,natural_gas_steam_turbine
48,8,0.0,natural_gas_steam_turbine
21,8,0.0,natural_gas_steam_turbine
79,8,7405.999,nuclear
10,8,0.0,onshore_wind_turbine
23,8,4403.4804,onshore_wind_turbine
31,8,3035.52885,onshore_wind_turbine
38,8,1967.3194500000002,onshore_wind_turbine
50,8,150.97679999999997,onshore_wind_turbine
63,8,79.52423987040001,onshore_wind_turbine
80,8,493.46891999999997,onshore_wind_turbine
94,8,10529.016000000001,onshore_wind_turbine
105,8,209.242320462,onshore_wind_turbine
124,8,2504.7540557820003,onshore_wind_turbine
136,8,1126.3433400000001,onshore_wind_turbine
144,8,3794.7695399999993,onshore_wind_turbine
11,8,19.125,small_hydroelectric
24,8,62.577,small_hydroelectric
32,8,192.0,small_hydroelectric
39,8,52.9,small_hydroelectric
51,8,25.641,small_hydroelectric
64,8,6.128,small_hydroelectric
81,8,241.672,small_hydroelectric
95,8,418.922,small_hydroelectric
106,8,31.614,small_hydroelectric
125,8,100.697,small_hydroelectric
137,8,36.822,small_hydroelectric
145,8,33.21,small_hydroelectric
12,8,3188.93112,solar_photovoltaic
25,8,1110.8911799999998,solar_photovoltaic
33,8,512.23005,solar_photovoltaic
52,8,1925.4299999999998,solar_photovoltaic
65,8,5420.991838099199,solar_photovoltaic
82,8,4451.556119999999,solar_photovoltaic
96,8,297.09246,solar_photovoltaic
107,8,4849.6824319455,solar_photovoltaic
126,8,9889.894864051501,solar_photovoltaic
138,8,1262.39619,solar_photovoltaic
26,9,11.235,biomass
13,9,15.682,biomass
108,9,137.081,biomass
40,9,5.952,biomass
97,9,178.173,biomass
1,9,16.294,biomass
66,9,228.795,biomass
2,9,849.1949592,conventional_hydroelectric
14,9,140.0392708,conventional_hydroelectric
27,9,906.4855008000001,conventional_hydroelectric
35,9,1725.6028944,conventional_hydroelectric
54,9,959.0553027,conventional_hydroelectric
67,9,2791.507899745656,conventional_hydroelectric
84,9,17890.8238524,conventional_hydroelectric
109,9,376.0881892872,conventional_hydroelectric
128,9,73.78998,conventional_hydroelectric
139,9,161.5599552,conventional_hydroelectric
110,9,50.0,conventional_steam_coal
41,9,0.0,conventional_steam_coal
3,9,0.0,conventional_steam_coal
36,9,0.0,conventional_steam_coal
85,9,0.0,conventional_steam_coal
28,9,74.364,geothermal
116,9,0.0,natural_gas_fired_combined_cycle
73,9,0.0,natural_gas_fired_combined_cycle
71,9,0.0,natural_gas_fired_combined_cycle
44,9,0.0,natural_gas_fired_combined_cycle
115,9,0.0,natural_gas_fired_combined_cycle
70,9,0.0,natural_gas_fired_combined_cycle
131,9,0.0,natural_gas_fired_combined_cycle
18,9,0.0,natural_gas_fired_combined_cycle
72,9,0.0,natural_gas_fired_combined_cycle
114,9,0.0,natural_gas_fired_combined_cycle
45,9,0.0,natural_gas_fired_combined_cycle
78,9,0.0,natural_gas_fired_combustion_turbine
75,9,0.0,natural_gas_fired_combustion_turbine
119,9,0.0,natural_gas_fired_combustion_turbine
117,9,0.0,natural_gas_fired_combustion_turbine
134,9,0.0,natural_gas_fired_combustion_turbine
103,9,0.0,natural_gas_fired_combustion_turbine
47,9,0.0,natural_gas_fired_combustion_turbine
8,9,0.0,natural_gas_fired_combustion_turbine
90,9,0.0,natural_gas_fired_combustion_turbine
60,9,0.0,natural_gas_fired_combustion_turbine
46,9,0.0,natural_gas_fired_combustion_turbine
37,9,0.0,natural_gas_fired_combustion_turbine
7,9,0.0,natural_gas_fired_combustion_turbine
133,9,0.0,natural_gas_fired_combustion_turbine
74,9,0.0,natural_gas_fired_combustion_turbine
20,9,0.0,natural_gas_fired_combustion_turbine
135,9,0.0,natural_gas_fired_combustion_turbine
142,9,0.0,natural_gas_fired_combustion_turbine
121,9,0.0,natural_gas_fired_combustion_turbine
91,9,0.0,natural_gas_fired_combustion_turbine
22,9,0.0,natural_gas_steam_turbine
123,9,0.0,natural_gas_steam_turbine
62,9,0.0,natural_gas_steam_turbine
49,9,0.0,natural_gas_steam_turbine
48,9,0.0,natural_gas_steam_turbine
21,9,0.0,natural_gas_steam_turbine
79,9,7405.999,nuclear
10,9,34.7355,onshore_wind_turbine
23,9,4322.0232000000005,onshore_wind_turbine
31,9,3103.7201099999997,onshore_wind_turbine
38,9,1952.469,onshore_wind_turbine
50,9,310.37345999999997,onshore_wind_turbine
63,9,70.98167995200001,onshore_wind_turbine
80,9,149.75328,onshore_wind_turbine
94,9,10836.375,onshore_wind_turbine
105,9,15.340800635999999,onshore_wind_turbine
124,9,1938.9040481118002,onshore_wind_turbine
136,9,910.48014,onshore_wind_turbine
144,9,2723.2615799999994,onshore_wind_turbine
11,9,19.125,small_hydroelectric
24,9,62.577,small_hydroelectric
32,9,192.0,small_hydroelectric
39,9,52.9,small_hydroelectric
51,9,25.641,small_hydroelectric
64,9,6.128,small_hydroelectric
81,9,241.672,small_hydroelectric
95,9,418.922,small_hydroelectric
106,9,31.614,small_hydroelectric
125,9,100.697,small_hydroelectric
137,9,36.822,small_hydroelectric
145,9,33.21,small_hydroelectric
12,9,3789.4284,solar_photovoltaic
25,9,1170.1429799999999,solar_photovoltaic
33,9,549.7287,solar_photovoltaic
52,9,2079.7606199999996,solar_photovoltaic
65,9,6576.5007284211,solar_photovoltaic
82,9,5473.306979999999,solar_photovoltaic
96,9,363.3369,solar_photovoltaic
107,9,5955.04248144,solar_photovoltaic
126,9,12228.186771929999,solar_photovoltaic
138,9,1316.6023199999997,solar_photovoltaic
26,10,11.235,biomass
13,10,15.682,biomass
108,10,137.081,biomass
40,10,5.952,biomass
97,10,178.173,biomass
1,10,16.294,biomass
66,10,228.795,biomass
2,10,849.1949592,conventional_hydroelectric
14,10,140.0392708,conventional_hydroelectric
27,10,906.62661,conventional_hydroelectric
35,10,1726.3521792000001,conventional_hydroelectric
54,10,959.5750032000001,conventional_hydroelectric
67,10,2790.465716392731,conventional_hydroelectric
84,10,17890.8238524,conventional_hydroelectric
109,10,376.0274406252,conventional_hydroelectric
128,10,73.80516000000001,conventional_hydroelectric
139,10,161.6065344,conventional_hydroelectric
110,10,50.0,conventional_steam_coal
41,10,0.0,conventional_steam_coal
3,10,0.0,conventional_steam_coal
36,10,0.0,conventional_steam_coal
85,10,0.0,conventional_steam_coal
28,10,74.364,geothermal
116,10,0.0,natural_gas_fired_combined_cycle
73,10,0.0,natural_gas_fired_combined_cycle
71,10,0.0,natural_gas_fired_combined_cycle
44,10,0.0,natural_gas_fired_combined_cycle
115,10,0.0,natural_gas_fired_combined_cycle
70,10,0.0,natural_gas_fired_combined_cycle
131,10,0.0,natural_gas_fired_combined_cycle
18,10,0.0,natural_gas_fired_combined_cycle
72,10,0.0,natural_gas_fired_combined_cycle
114,10,0.0,natural_gas_fired_combined_cycle
45,10,0.0,natural_gas_fired_combined_cycle
78,10,0.0,natural_gas_fired_combustion_turbine
75,10,0.0,natural_gas_fired_combustion_turbine
119,10,0.0,natural_gas_fired_combustion_turbine
117,10,0.0,natural_gas_fired_combustion_turbine
134,10,0.0,natural_gas_fired_combustion_turbine
103,10,0.0,natural_gas_fired_combustion_turbine
47,10,0.0,natural_gas_fired_combustion_turbine
8,10,0.0,natural_gas_fired_combustion_turbine
90,10,0.0,natural_gas_fired_combustion_turbine
60,10,0.0,natural_gas_fired_combustion_turbine
46,10,0.0,natural_gas_fired_combustion_turbine
37,10,0.0,natural_gas_fired_combustion_turbine
7,10,0.0,natural_gas_fired_combustion_turbine
133,10,0.0,natural_gas_fired_combustion_turbine
74,10,0.0,natural_gas_fired_combustion_turbine
20,10,0.0,natural_gas_fired_combustion_turbine
135,10,0.0,natural_gas_fired_combustion_turbine
142,10,0.0,natural_gas_fired_combustion_turbine
121,10,0.0,natural_gas_fired_combustion_turbine
91,10,0.0,natural_gas_fired_combustion_turbine
22,10,0.0,natural_gas_steam_turbine
123,10,0.0,natural_gas_steam_turbine
62,10,0.0,natural_gas_steam_turbine
49,10,0.0,natural_gas_steam_turbine
48,10,0.0,natural_gas_steam_turbine
21,10,0.0,natural_gas_steam_turbine
79,10,7405.999,nuclear
10,10,68.54472000000001,onshore_wind_turbine
23,10,4872.2586,onshore_wind_turbine
31,10,2968.86426,onshore_wind_turbine
38,10,1930.0716,onshore_wind_turbine
50,10,257.82192,onshore_wind_turbine
63,10,66.1847998488,onshore_wind_turbine
80,10,153.3378,onshore_wind_turbine
94,10,8848.7868,onshore_wind_turbine
105,10,127.67795976599999,onshore_wind_turbine
124,10,1511.1661176282,onshore_wind_turbine
136,10,1125.5724,onshore_wind_turbine
144,10,2600.90946,onshore_wind_turbine
11,10,19.125,small_hydroelectric
24,10,62.577,small_hydroelectric
32,10,192.0,small_hydroelectric
39,10,52.9,small_hydroelectric
51,10,25.641,small_hydroelectric
64,10,6.128,small_hydroelectric
81,10,241.672,small_hydroelectric
95,10,418.922,small_hydroelectric
106,10,31.614,small_hydroelectric
125,10,100.697,small_hydroelectric
137,10,36.822,small_hydroelectric
145,10,33.21,small_hydroelectric
12,10,4067.27946,solar_photovoltaic
25,10,1200.88986,solar_photovoltaic
33,10,564.44145,solar_photovoltaic
52,10,2155.0005,solar_photovoltaic
65,10,7265.958694706699,solar_photovoltaic
82,10,5903.913929999999,solar_photovoltaic
96,10,398.85198,solar_photovoltaic
107,10,6438.925049874,solar_photovoltaic
126,10,13325.751276783,solar_photovoltaic
138,10,1188.81675,solar_photovoltaic
26,11,11.235,biomass
13,11,15.682,biomass
108,11,137.081,biomass
40,11,5.952,biomass
97,11,178.173,biomass
1,11,16.294,biomass
66,11,228.795,biomass
2,11,849.1949592,conventional_hydroelectric
14,11,139.99223039999998,conventional_hydroelectric
27,11,906.62661,conventional_hydroelectric
35,11,1727.101464,conventional_hydroelectric
54,11,960.0947037000001,conventional_hydroelectric
67,11,2789.4235403138127,conventional_hydroelectric
84,11,17887.9185546,conventional_hydroelectric
109,11,375.9666933594,conventional_hydroelectric
128,11,73.83552,conventional_hydroelectric
139,11,161.6531136,conventional_hydroelectric
110,11,50.0,conventional_steam_coal
41,11,0.0,conventional_steam_coal
3,11,0.0,conventional_steam_coal
36,11,0.0,conventional_steam_coal
85,11,0.0,conventional_steam_coal
28,11,74.364,geothermal
116,11,0.0,natural_gas_fired_combined_cycle
73,11,0.0,natural_gas_fired_combined_cycle
71,11,0.0,natural_gas_fired_combined_cycle
44,11,0.0,natural_gas_fired_combined_cycle
115,11,0.0,natural_gas_fired_combined_cycle
70,11,0.0,natural_gas_fired_combined_cycle
131,11,0.0,natural_gas_fired_combined_cycle
18,11,0.0,natural_gas_fired_combined_cycle
72,11,0.0,natural_gas_fired_combined_cycle
114,11,0.0,natural_gas_fired_combined_cycle
45,11,0.0,natural_gas_fired_combined_cycle
78,11,0.0,natural_gas_fired_combustion_turbine
75,11,0.0,natural_gas_fired_combustion_turbine
119,11,0.0,natural_gas_fired_combustion_turbine
117,11,0.0,natural_gas_fired_combustion_turbine
134,11,0.0,natural_gas_fired_combustion_turbine
103,11,0.0,natural_gas_fired_combustion_turbine
47,11,0.0,natural_gas_fired_combustion_turbine
8,11,0.0,natural_gas_fired_combustion_turbine
90,11,0.0,natural_gas_fired_combustion_turbine
60,11,0.0,natural_gas_fired_combustion_turbine
46,11,0.0,natural_gas_fired_combustion_turbine
37,11,0.0,natural_gas_fired_combustion_turbine
7,11,0.0,natural_gas_fired_combustion_turbine
133,11,0.0,natural_gas_fired_combustion_turbine
74,11,0.0,natural_gas_fired_combustion_turbine
20,11,0.0,natural_gas_fired_combustion_turbine
135,11,0.0,natural_gas_fired_combustion_turbine
142,11,0.0,natural_gas_fired_combustion_turbine
121,11,0.0,natural_gas_fired_combustion_turbine
91,11,0.0,natural_gas_fired_combustion_turbine
22,11,0.0,natural_gas_steam_turbine
123,11,0.0,natural_gas_steam_turbine
62,11,0.0,natural_gas_steam_turbine
49,11,0.0,natural_gas_steam_turbine
48,11,0.0,natural_gas_steam_turbine
21,11,0.0,natural_gas_steam_turbine
79,11,7405.999,nuclear
10,11,26.398980000000005,onshore_wind_turbine
23,11,4481.7432,onshore_wind_turbine
31,11,2963.26647,onshore_wind_turbine
38,11,1570.49595,onshore_wind_turbine
50,11,173.33298,onshore_wind_turbine
63,11,34.5800399184,onshore_wind_turbine
80,11,55.7592,onshore_wind_turbine
94,11,9996.2604,onshore_wind_turbine
105,11,158.769359973,onshore_wind_turbine
124,11,666.9492958326001,onshore_wind_turbine
136,11,971.3844,onshore_wind_turbine
144,11,2052.17874,onshore_wind_turbine
11,11,19.125,small_hydroelectric
24,11,62.577,small_hydroelectric
32,11,192.0,small_hydroelectric
39,11,52.9,small_hydroelectric
51,11,25.641,small_hydroelectric
64,11,6.128,small_hydroelectric
81,11,241.672,small_hydroelectric
95,11,418.922,small_hydroelectric
106,11,31.614,small_hydroelectric
125,11,100.697,small_hydroelectric
137,11,36.822,small_hydroelectric
145,11,33.21,small_hydroelectric
12,11,4259.17224,solar_photovoltaic
25,11,1210.6583999999998,solar_photovoltaic
33,11,547.7669999999999,solar_photovoltaic
52,11,2192.32422,solar_photovoltaic
65,11,7697.728204584,solar_photovoltaic
82,11,6157.26132,solar_photovoltaic
96,11,422.02494,solar_photovoltaic
107,11,6759.681869065499,solar_photovoltaic
126,11,13900.058848977,solar_photovoltaic
138,11,1150.6571999999999,solar_photovoltaic
26,12,11.235,biomass
13,12,15.682,biomass
108,12,137.081,biomass
40,12,5.952,biomass
97,12,178.173,biomass
1,12,16.294,biomass
66,12,228.795,biomass
2,12,849.1949592,conventional_hydroelectric
14,12,139.94519,conventional_hydroelectric
27,12,906.62661,conventional_hydroelectric
35,12,1727.8507488,conventional_hydroelectric
54,12,960.6144042000001,conventional_hydroelectric
67,12,2789.003830109913,conventional_hydroelectric
84,12,17887.9185546,conventional_hydroelectric
109,12,375.90594469740006,conventional_hydroelectric
128,12,73.8507,conventional_hydroelectric
139,12,161.6996928,conventional_hydroelectric
110,12,50.0,conventional_steam_coal
41,12,4833.858579814038,conventional_steam_coal
3,12,0.0,conventional_steam_coal
36,12,0.0,conventional_steam_coal
85,12,0.0,conventional_steam_coal
28,12,74.364,geothermal
116,12,0.0,natural_gas_fired_combined_cycle
73,12,0.0,natural_gas_fired_combined_cycle
71,12,0.0,natural_gas_fired_combined_cycle
44,12,0.0,natural_gas_fired_combined_cycle
115,12,0.0,natural_gas_fired_combined_cycle
70,12,0.0,natural_gas_fired_combined_cycle
131,12,0.0,natural_gas_fired_combined_cycle
18,12,0.0,natural_gas_fired_combined_cycle
72,12,0.0,natural_gas_fired_combined_cycle
114,12,0.0,natural_gas_fired_combined_cycle
45,12,0.0,natural_gas_fired_combined_cycle
78,12,0.0,natural_gas_fired_combustion_turbine
75,12,0.0,natural_gas_fired_combustion_turbine
119,12,0.0,natural_gas_fired_combustion_turbine
117,12,0.0,natural_gas_fired_combustion_turbine
134,12,0.0,natural_gas_fired_combustion_turbine
103,12,0.0,natural_gas_fired_combustion_turbine
47,12,0.0,natural_gas_fired_combustion_turbine
8,12,0.0,natural_gas_fired_combustion_turbine
90,12,0.0,natural_gas_fired_combustion_turbine
60,12,0.0,natural_gas_fired_combustion_turbine
46,12,0.0,natural_gas_fired_combustion_turbine
37,12,0.0,natural_gas_fired_combustion_turbine
7,12,0.0,natural_gas_fired_combustion_turbine
133,12,0.0,natural_gas_fired_combustion_turbine
74,12,0.0,natural_gas_fired_combustion_turbine
20,12,0.0,natural_gas_fired_combustion_turbine
135,12,0.0,natural_gas_fired_combustion_turbine
142,12,0.0,natural_gas_fired_combustion_turbine
121,12,0.0,natural_gas_fired_combustion_turbine
91,12,0.0,natural_gas_fired_combustion_turbine
22,12,0.0,natural_gas_steam_turbine
123,12,0.0,natural_gas_steam_turbine
62,12,0.0,natural_gas_steam_turbine
49,12,0.0,natural_gas_steam_turbine
48,12,0.0,natural_gas_steam_turbine
21,12,0.0,natural_gas_steam_turbine
79,12,7405.999,nuclear
10,12,39.3669,onshore_wind_turbine
23,12,4787.607,onshore_wind_turbine
31,12,3033.4932899999994,onshore_wind_turbine
38,12,1662.7635,onshore_wind_turbine
50,12,217.17432,onshore_wind_turbine
63,12,6.675120160800001,onshore_wind_turbine
80,12,21.905399999999997,onshore_wind_turbine
94,12,7989.7578,onshore_wind_turbine
105,12,251.130299364,onshore_wind_turbine
124,12,434.48439545940005,onshore_wind_turbine
136,12,713.89044,onshore_wind_turbine
144,12,2571.248339999999,onshore_wind_turbine
11,12,19.125,small_hydroelectric
24,12,62.577,small_hydroelectric
32,12,192.0,small_hydroelectric
39,12,52.9,small_hydroelectric
51,12,25.641,small_hydroelectric
64,12,6.128,small_hydroelectric
81,12,241.672,small_hydroelectric
95,12,418.922,small_hydroelectric
106,12,31.614,small_hydroelectric
125,12,100.697,small_hydroelectric
137,12,36.822,small_hydroelectric
145,12,33.21,small_hydroelectric
12,12,4322.73294,solar_photovoltaic
25,12,1181.8331999999998,solar_photovoltaic
33,12,552.4449,solar_photovoltaic
52,12,2163.2946599999996,solar_photovoltaic
65,12,7816.787997179099,solar_photovoltaic
82,12,6344.55444,solar_photovoltaic
96,12,448.91313,solar_photovoltaic
107,12,6866.1170118675,solar_photovoltaic
126,12,14257.793976453,solar_photovoltaic
138,12,1281.96519,solar_photovoltaic
26,13,11.235,biomass
13,13,15.682,biomass
108,13,137.081,biomass
40,13,5.952,biomass
97,13,178.173,biomass
1,13,16.294,biomass
66,13,228.795,biomass
2,13,849.1949592,conventional_hydroelectric
14,13,139.8981496,conventional_hydroelectric
27,13,906.62661,conventional_hydroelectric
35,13,1728.6000336000002,conventional_hydroelectric
54,13,961.1341047000001,conventional_hydroelectric
67,13,2787.961654030995,conventional_hydroelectric
84,13,17887.9185546,conventional_hydroelectric
109,13,375.90594469740006,conventional_hydroelectric
128,13,73.88106,conventional_hydroelectric
139,13,161.746272,conventional_hydroelectric
110,13,50.0,conventional_steam_coal
41,13,0.0,conventional_steam_coal
3,13,0.0,conventional_steam_coal
36,13,0.0,conventional_steam_coal
85,13,0.0,conventional_steam_coal
28,13,74.364,geothermal
116,13,0.0,natural_gas_fired_combined_cycle
73,13,0.0,natural_gas_fired_combined_cycle
71,13,0.0,natural_gas_fired_combined_cycle
44,13,0.0,natural_gas_fired_combined_cycle
115,13,0.0,natural_gas_fired_combined_cycle
70,13,0.0,natural_gas_fired_combined_cycle
131,13,0.0,natural_gas_fired_combined_cycle
18,13,0.0,natural_gas_fired_combined_cycle
72,13,0.0,natural_gas_fired_combined_cycle
114,13,0.0,natural_gas_fired_combined_cycle
45,13,0.0,natural_gas_fired_combined_cycle
78,13,0.0,natural_gas_fired_combustion_turbine
75,13,0.0,natural_gas_fired_combustion_turbine
119,13,0.0,natural_gas_fired_combustion_turbine
117,13,0.0,natural_gas_fired_combustion_turbine
134,13,0.0,natural_gas_fired_combustion_turbine
103,13,0.0,natural_gas_fired_combustion_turbine
47,13,0.0,natural_gas_fired_combustion_turbine
8,13,0.0,natural_gas_fired_combustion_turbine
90,13,0.0,natural_gas_fired_combustion_turbine
60,13,0.0,natural_gas_fired_combustion_turbine
46,13,0.0,natural_gas_fired_combustion_turbine
37,13,0.0,natural_gas_fired_combustion_turbine
7,13,0.0,natural_gas_fired_combustion_turbine
133,13,0.0,natural_gas_fired_combustion_turbine
74,13,0.0,natural_gas_fired_combustion_turbine
20,13,0.0,natural_gas_fired_combustion_turbine
135,13,0.0,natural_gas_fired_combustion_turbine
142,13,0.0,natural_gas_fired_combustion_turbine
121,13,0.0,natural_gas_fired_combustion_turbine
91,13,0.0,natural_gas_fired_combustion_turbine
22,13,0.0,natural_gas_steam_turbine
123,13,0.0,natural_gas_steam_turbine
62,13,0.0,natural_gas_steam_turbine
49,13,0.0,natural_gas_steam_turbine
48,13,0.0,natural_gas_steam_turbine
21,13,0.0,natural_gas_steam_turbine
79,13,7405.999,nuclear
10,13,275.95425,onshore_wind_turbine
23,13,5035.173,onshore_wind_turbine
31,13,2975.98872,onshore_wind_turbine
38,13,1665.6849,onshore_wind_turbine
50,13,225.59418,onshore_wind_turbine
63,13,0.882000036,onshore_wind_turbine
80,13,16.727759999999996,onshore_wind_turbine
94,13,6378.8814,onshore_wind_turbine
105,13,217.67964025499998,onshore_wind_turbine
124,13,774.5210752158,onshore_wind_turbine
136,13,496.0998900000001,onshore_wind_turbine
144,13,2187.5075999999995,onshore_wind_turbine
11,13,19.125,small_hydroelectric
24,13,62.577,small_hydroelectric
32,13,192.0,small_hydroelectric
39,13,52.9,small_hydroelectric
51,13,25.641,small_hydroelectric
64,13,6.128,small_hydroelectric
81,13,241.672,small_hydroelectric
95,13,418.922,small_hydroelectric
106,13,31.614,small_hydroelectric
125,13,100.697,small_hydroelectric
137,13,36.822,small_hydroelectric
145,13,33.21,small_hydroelectric
12,13,4324.54896,solar_photovoltaic
25,13,1175.58774,solar_photovoltaic
33,13,551.46405,solar_photovoltaic
52,13,2201.50704,solar_photovoltaic
65,13,7755.8912734494,solar_photovoltaic
82,13,6271.811129999999,solar_photovoltaic
96,13,449.6058,solar_photovoltaic
107,13,6881.3144967165,solar_photovoltaic
126,13,14032.25082642,solar_photovoltaic
138,13,1251.63324,solar_photovoltaic
26,14,11.235,biomass
13,14,15.682,biomass
108,14,137.081,biomass
40,14,5.952,biomass
97,14,178.173,biomass
1,14,16.294,biomass
66,14,228.795,biomass
2,14,849.1949592,conventional_hydroelectric
14,14,139.8511092,conventional_hydroelectric
27,14,906.7677192,conventional_hydroelectric
35,14,1729.3493184000001,conventional_hydroelectric
54,14,961.6538052000001,conventional_hydroelectric
67,14,2786.91947067807,conventional_hydroelectric
84,14,17885.0132568,conventional_hydroelectric
109,14,375.8451974316,conventional_hydroelectric
128,14,73.89624,conventional_hydroelectric
139,14,161.7928512,conventional_hydroelectric
110,14,50.0,conventional_steam_coal
41,14,0.0,conventional_steam_coal
3,14,0.0,conventional_steam_coal
36,14,0.0,conventional_steam_coal
85,14,0.0,conventional_steam_coal
28,14,74.364,geothermal
116,14,0.0,natural_gas_fired_combined_cycle
73,14,0.0,natural_gas_fired_combined_cycle
71,14,0.0,natural_gas_fired_combined_cycle
44,14,0.0,natural_gas_fired_combined_cycle
115,14,0.0,natural_gas_fired_combined_cycle
70,14,0.0,natural_gas_fired_combined_cycle
131,14,0.0,natural_gas_fired_combined_cycle
18,14,0.0,natural_gas_fired_combined_cycle
72,14,0.0,natural_gas_fired_combined_cycle
114,14,0.0,natural_gas_fired_combined_cycle
45,14,0.0,natural_gas_fired_combined_cycle
78,14,0.0,natural_gas_fired_combustion_turbine
75,14,0.0,natural_gas_fired_combustion_turbine
119,14,0.0,natural_gas_fired_combustion_turbine
117,14,0.0,natural_gas_fired_combustion_turbine
134,14,0.0,natural_gas_fired_combustion_turbine
103,14,0.0,natural_gas_fired_combustion_turbine
47,14,0.0,natural_gas_fired_combustion_turbine
8,14,0.0,natural_gas_fired_combustion_turbine
90,14,0.0,natural_gas_fired_combustion_turbine
60,14,0.0,natural_gas_fired_combustion_turbine
46,14,0.0,natural_gas_fired_combustion_turbine
37,14,0.0,natural_gas_fired_combustion_turbine
7,14,0.0,natural_gas_fired_combustion_turbine
133,14,0.0,natural_gas_fired_combustion_turbine
74,14,0.0,natural_gas_fired_combustion_turbine
20,14,0.0,natural_gas_fired_combustion_turbine
135,14,0.0,natural_gas_fired_combustion_turbine
142,14,0.0,natural_gas_fired_combustion_turbine
121,14,0.0,natural_gas_fired_combustion_turbine
91,14,0.0,natural_gas_fired_combustion_turbine
22,14,0.0,natural_gas_steam_turbine
123,14,0.0,natural_gas_steam_turbine
62,14,0.0,natural_gas_steam_turbine
49,14,0.0,natural_gas_steam_turbine
48,14,0.0,natural_gas_steam_turbine
21,14,0.0,natural_gas_steam_turbine
79,14,7405.999,nuclear
10,14,372.5961300000001,onshore_wind_turbine
23,14,5510.339999999999,onshore_wind_turbine
31,14,2242.16934,onshore_wind_turbine
38,14,1785.21885,onshore_wind_turbine
50,14,546.7102199999999,onshore_wind_turbine
63,14,0.8190000096,onshore_wind_turbine
80,14,95.5872,onshore_wind_turbine
94,14,7206.3864,onshore_wind_turbine
105,14,183.457139418,onshore_wind_turbine
124,14,1121.1654023262001,onshore_wind_turbine
136,14,339.98454000000004,onshore_wind_turbine
144,14,2295.0291599999996,onshore_wind_turbine
11,14,19.125,small_hydroelectric
24,14,62.577,small_hydroelectric
32,14,192.0,small_hydroelectric
39,14,52.9,small_hydroelectric
51,14,25.641,small_hydroelectric
64,14,6.128,small_hydroelectric
81,14,241.672,small_hydroelectric
95,14,418.922,small_hydroelectric
106,14,31.614,small_hydroelectric
125,14,100.697,small_hydroelectric
137,14,36.822,small_hydroelectric
145,14,33.21,small_hydroelectric
12,14,4394.7684,solar_photovoltaic
25,14,1074.5394,solar_photovoltaic
33,14,568.96845,solar_photovoltaic
52,14,2089.23966,solar_photovoltaic
65,14,7924.7573413797,solar_photovoltaic
82,14,6440.709389999999,solar_photovoltaic
96,14,457.41408000000007,solar_photovoltaic
107,14,7050.4346103525,solar_photovoltaic
126,14,14448.062826453,solar_photovoltaic
138,14,1257.89532,solar_photovoltaic
26,15,11.235,biomass
13,15,15.682,biomass
108,15,137.081,biomass
40,15,5.952,biomass
97,15,178.173,biomass
1,15,16.294,biomass
66,15,228.795,biomass
2,15,849.4712099999999,conventional_hydroelectric
14,15,139.8511092,conventional_hydroelectric
27,15,906.7677192,conventional_hydroelectric
35,15,1730.0986031999998,conventional_hydroelectric
54,15,962.1735057000001,conventional_hydroelectric
67,15,2786.5522278866606,conventional_hydroelectric
84,15,17885.0132568,conventional_hydroelectric
109,15,375.7844487696,conventional_hydroelectric
128,15,73.91142,conventional_hydroelectric
139,15,161.83943039999997,conventional_hydroelectric
110,15,50.0,conventional_steam_coal
41,15,0.0,conventional_steam_coal
3,15,0.0,conventional_steam_coal
36,15,0.0,conventional_steam_coal
85,15,0.0,conventional_steam_coal
28,15,74.364,geothermal
116,15,0.0,natural_gas_fired_combined_cycle
73,15,0.0,natural_gas_fired_combined_cycle
71,15,0.0,natural_gas_fired_combined_cycle
44,15,0.0,natural_gas_fired_combined_cycle
115,15,0.0,natural_gas_fired_combined_cycle
70,15,0.0,natural_gas_fired_combined_cycle
131,15,0.0,natural_gas_fired_combined_cycle
18,15,0.0,natural_gas_fired_combined_cycle
72,15,0.0,natural_gas_fired_combined_cycle
114,15,0.0,natural_gas_fired_combined_cycle
45,15,0.0,natural_gas_fired_combined_cycle
78,15,0.0,natural_gas_fired_combustion_turbine
75,15,0.0,natural_gas_fired_combustion_turbine
119,15,0.0,natural_gas_fired_combustion_turbine
117,15,0.0,natural_gas_fired_combustion_turbine
134,15,0.0,natural_gas_fired_combustion_turbine
103,15,0.0,natural_gas_fired_combustion_turbine
47,15,0.0,natural_gas_fired_combustion_turbine
8,15,0.0,natural_gas_fired_combustion_turbine
90,15,0.0,natural_gas_fired_combustion_turbine
60,15,0.0,natural_gas_fired_combustion_turbine
46,15,0.0,natural_gas_fired_combustion_turbine
37,15,0.0,natural_gas_fired_combustion_turbine
7,15,0.0,natural_gas_fired_combustion_turbine
133,15,0.0,natural_gas_fired_combustion_turbine
74,15,0.0,natural_gas_fired_combustion_turbine
20,15,0.0,natural_gas_fired_combustion_turbine
135,15,0.0,natural_gas_fired_combustion_turbine
142,15,0.0,natural_gas_fired_combustion_turbine
121,15,0.0,natural_gas_fired_combustion_turbine
91,15,0.0,natural_gas_fired_combustion_turbine
22,15,0.0,natural_gas_steam_turbine
123,15,0.0,natural_gas_steam_turbine
62,15,0.0,natural_gas_steam_turbine
49,15,0.0,natural_gas_steam_turbine
48,15,0.0,natural_gas_steam_turbine
21,15,0.0,natural_gas_steam_turbine
79,15,7405.999,nuclear
10,15,419.75922,onshore_wind_turbine
23,15,5564.6448,onshore_wind_turbine
31,15,1757.19717,onshore_wind_turbine
38,15,1835.613,onshore_wind_turbine
50,15,539.1613799999999,onshore_wind_turbine
63,15,2.5380001104000005,onshore_wind_turbine
80,15,424.56647999999996,onshore_wind_turbine
94,15,8635.999800000001,onshore_wind_turbine
105,15,215.43545948399998,onshore_wind_turbine
124,15,2755.681674339,onshore_wind_turbine
136,15,361.57086,onshore_wind_turbine
144,15,1963.1953799999997,onshore_wind_turbine
11,15,19.125,small_hydroelectric
24,15,62.577,small_hydroelectric
32,15,192.0,small_hydroelectric
39,15,52.9,small_hydroelectric
51,15,25.641,small_hydroelectric
64,15,6.128,small_hydroelectric
81,15,241.672,small_hydroelectric
95,15,418.922,small_hydroelectric
106,15,31.614,small_hydroelectric
125,15,100.697,small_hydroelectric
137,15,36.822,small_hydroelectric
145,15,33.21,small_hydroelectric
12,15,4116.91734,solar_photovoltaic
25,15,855.4678799999999,solar_photovoltaic
33,15,542.6364,solar_photovoltaic
52,15,2015.4808799999998,solar_photovoltaic
65,15,7442.4115828668,solar_photovoltaic
82,15,6145.5554999999995,solar_photovoltaic
96,15,445.1979,solar_photovoltaic
107,15,6633.987297348,solar_photovoltaic
126,15,13781.69877642,solar_photovoltaic
138,15,1370.22138,solar_photovoltaic
26,16,11.235,biomass
13,16,15.682,biomass
108,16,137.081,biomass
40,16,5.952,biomass
97,16,178.173,biomass
1,16,16.294,biomass
66,16,228.795,biomass
2,16,849.4712099999999,conventional_hydroelectric
14,16,139.8040688,conventional_hydroelectric
27,16,906.7677192,conventional_hydroelectric
35,16,1730.5981264,conventional_hydroelectric
54,16,962.6932062000001,conventional_hydroelectric
67,16,2785.510051807743,conventional_hydroelectric
84,16,17885.0132568,conventional_hydroelectric
109,16,375.6448287696,conventional_hydroelectric
128,16,73.94178000000001,conventional_hydroelectric
139,16,161.8860096,conventional_hydroelectric
110,16,50.0,conventional_steam_coal
41,16,0.0,conventional_steam_coal
3,16,0.0,conventional_steam_coal
36,16,0.0,conventional_steam_coal
85,16,0.0,conventional_steam_coal
28,16,74.364,geothermal
116,16,0.0,natural_gas_fired_combined_cycle
73,16,0.0,natural_gas_fired_combined_cycle
71,16,0.0,natural_gas_fired_combined_cycle
44,16,0.0,natural_gas_fired_combined_cycle
115,16,0.0,natural_gas_fired_combined_cycle
70,16,0.0,natural_gas_fired_combined_cycle
131,16,0.0,natural_gas_fired_combined_cycle
18,16,0.0,natural_gas_fired_combined_cycle
72,16,0.0,natural_gas_fired_combined_cycle
114,16,0.0,natural_gas_fired_combined_cycle
45,16,0.0,natural_gas_fired_combined_cycle
78,16,0.0,natural_gas_fired_combustion_turbine
75,16,0.0,natural_gas_fired_combustion_turbine
119,16,0.0,natural_gas_fired_combustion_turbine
117,16,0.0,natural_gas_fired_combustion_turbine
134,16,0.0,natural_gas_fired_combustion_turbine
103,16,0.0,natural_gas_fired_combustion_turbine
47,16,0.0,natural_gas_fired_combustion_turbine
8,16,0.0,natural_gas_fired_combustion_turbine
90,16,0.0,natural_gas_fired_combustion_turbine
60,16,0.0,natural_gas_fired_combustion_turbine
46,16,0.0,natural_gas_fired_combustion_turbine
37,16,0.0,natural_gas_fired_combustion_turbine
7,16,0.0,natural_gas_fired_combustion_turbine
133,16,0.0,natural_gas_fired_combustion_turbine
74,16,0.0,natural_gas_fired_combustion_turbine
20,16,0.0,natural_gas_fired_combustion_turbine
135,16,0.0,natural_gas_fired_combustion_turbine
142,16,0.0,natural_gas_fired_combustion_turbine
121,16,0.0,natural_gas_fired_combustion_turbine
91,16,0.0,natural_gas_fired_combustion_turbine
22,16,0.0,natural_gas_steam_turbine
123,16,0.0,natural_gas_steam_turbine
62,16,0.0,natural_gas_steam_turbine
49,16,0.0,natural_gas_steam_turbine
48,16,0.0,natural_gas_steam_turbine
21,16,0.0,natural_gas_steam_turbine
79,16,7405.999,nuclear
10,16,335.93088,onshore_wind_turbine
23,16,5738.7396,onshore_wind_turbine
31,16,879.8708099999999,onshore_wind_turbine
38,16,1486.0188,onshore_wind_turbine
50,16,604.1975399999999,onshore_wind_turbine
63,16,3.2460000576000003,onshore_wind_turbine
80,16,1447.7477999999999,onshore_wind_turbine
94,16,9126.197999999999,onshore_wind_turbine
105,16,123.874079742,onshore_wind_turbine
124,16,5758.4346287556,onshore_wind_turbine
136,16,181.94184,onshore_wind_turbine
144,16,1633.2154199999998,onshore_wind_turbine
11,16,19.125,small_hydroelectric
24,16,62.577,small_hydroelectric
32,16,192.0,small_hydroelectric
39,16,52.9,small_hydroelectric
51,16,25.641,small_hydroelectric
64,16,6.128,small_hydroelectric
81,16,241.672,small_hydroelectric
95,16,418.922,small_hydroelectric
106,16,31.614,small_hydroelectric
125,16,100.697,small_hydroelectric
137,16,36.822,small_hydroelectric
145,16,33.21,small_hydroelectric
12,16,3847.54104,solar_photovoltaic
25,16,681.3956999999999,solar_photovoltaic
33,16,544.2963000000001,solar_photovoltaic
52,16,1856.11452,solar_photovoltaic
65,16,6953.4044361213,solar_photovoltaic
82,16,5892.20811,solar_photovoltaic
96,16,416.79843000000005,solar_photovoltaic
107,16,6184.2472493685,solar_photovoltaic
126,16,13168.8074130285,solar_photovoltaic
138,16,1270.22379,solar_photovoltaic
26,17,11.235,biomass
13,17,15.682,biomass
108,17,137.081,biomass
40,17,5.952,biomass
97,17,178.173,biomass
1,17,16.294,biomass
66,17,228.795,biomass
2,17,849.4712099999999,conventional_hydroelectric
14,17,139.7570284,conventional_hydroelectric
27,17,906.7677192,conventional_hydroelectric
35,17,1731.3474112000001,conventional_hydroelectric
54,17,963.2129067000001,conventional_hydroelectric
67,17,2784.467868454818,conventional_hydroelectric
84,17,17882.107959,conventional_hydroelectric
109,17,375.5840815038,conventional_hydroelectric
128,17,73.95696000000001,conventional_hydroelectric
139,17,161.9325888,conventional_hydroelectric
110,17,50.0,conventional_steam_coal
41,17,4554.448262470465,conventional_steam_coal
3,17,0.0,conventional_steam_coal
36,17,0.0,conventional_steam_coal
85,17,0.0,conventional_steam_coal
28,17,74.364,geothermal
116,17,0.0,natural_gas_fired_combined_cycle
73,17,0.0,natural_gas_fired_combined_cycle
71,17,0.0,natural_gas_fired_combined_cycle
44,17,0.0,natural_gas_fired_combined_cycle
115,17,0.0,natural_gas_fired_combined_cycle
70,17,0.0,natural_gas_fired_combined_cycle
131,17,0.0,natural_gas_fired_combined_cycle
18,17,0.0,natural_gas_fired_combined_cycle
72,17,0.0,natural_gas_fired_combined_cycle
114,17,0.0,natural_gas_fired_combined_cycle
45,17,0.0,natural_gas_fired_combined_cycle
78,17,0.0,natural_gas_fired_combustion_turbine
75,17,0.0,natural_gas_fired_combustion_turbine
119,17,0.0,natural_gas_fired_combustion_turbine
117,17,0.0,natural_gas_fired_combustion_turbine
134,17,0.0,natural_gas_fired_combustion_turbine
103,17,0.0,natural_gas_fired_combustion_turbine
47,17,0.0,natural_gas_fired_combustion_turbine
8,17,0.0,natural_gas_fired_combustion_turbine
90,17,0.0,natural_gas_fired_combustion_turbine
60,17,0.0,natural_gas_fired_combustion_turbine
46,17,0.0,natural_gas_fired_combustion_turbine
37,17,0.0,natural_gas_fired_combustion_turbine
7,17,0.0,natural_gas_fired_combustion_turbine
133,17,0.0,natural_gas_fired_combustion_turbine
74,17,0.0,natural_gas_fired_combustion_turbine
20,17,0.0,natural_gas_fired_combustion_turbine
135,17,0.0,natural_gas_fired_combustion_turbine
142,17,0.0,natural_gas_fired_combustion_turbine
121,17,0.0,natural_gas_fired_combustion_turbine
91,17,0.0,natural_gas_fired_combustion_turbine
22,17,0.0,natural_gas_steam_turbine
123,17,0.0,natural_gas_steam_turbine
62,17,0.0,natural_gas_steam_turbine
49,17,0.0,natural_gas_steam_turbine
48,17,0.0,natural_gas_steam_turbine
21,17,0.0,natural_gas_steam_turbine
79,17,7405.999,nuclear
10,17,367.57878000000005,onshore_wind_turbine
23,17,5782.6626,onshore_wind_turbine
31,17,871.2196799999999,onshore_wind_turbine
38,17,1440.4936500000001,onshore_wind_turbine
50,17,495.90072,onshore_wind_turbine
63,17,10.2910799496,onshore_wind_turbine
80,17,2385.2989199999997,onshore_wind_turbine
94,17,7817.952,onshore_wind_turbine
105,17,180.588539628,onshore_wind_turbine
124,17,4985.417545066201,onshore_wind_turbine
136,17,248.62815000000003,onshore_wind_turbine
144,17,2241.2683799999995,onshore_wind_turbine
11,17,19.125,small_hydroelectric
24,17,62.577,small_hydroelectric
32,17,192.0,small_hydroelectric
39,17,52.9,small_hydroelectric
51,17,25.641,small_hydroelectric
64,17,6.128,small_hydroelectric
81,17,241.672,small_hydroelectric
95,17,418.922,small_hydroelectric
106,17,31.614,small_hydroelectric
125,17,100.697,small_hydroelectric
137,17,36.822,small_hydroelectric
145,17,33.21,small_hydroelectric
12,17,3242.2010399999995,solar_photovoltaic
25,17,416.52414,solar_photovoltaic
33,17,525.66015,solar_photovoltaic
52,17,1509.53712,solar_photovoltaic
65,17,5975.164200720599,solar_photovoltaic
82,17,5381.3326799999995,solar_photovoltaic
96,17,364.47036,solar_photovoltaic
107,17,5313.195745581001,solar_photovoltaic
126,17,11932.0998633255,solar_photovoltaic
138,17,1161.22446,solar_photovoltaic
26,18,11.235,biomass
13,18,15.682,biomass
108,18,137.081,biomass
40,18,5.952,biomass
97,18,178.173,biomass
1,18,16.294,biomass
66,18,228.795,biomass
2,18,849.4712099999999,conventional_hydroelectric
14,18,139.70998799999998,conventional_hydroelectric
27,18,906.7677192,conventional_hydroelectric
35,18,1732.096696,conventional_hydroelectric
54,18,963.7326072000001,conventional_hydroelectric
67,18,2783.4256923759,conventional_hydroelectric
84,18,17882.107959,conventional_hydroelectric
109,18,375.52333284179997,conventional_hydroelectric
128,18,73.98732000000001,conventional_hydroelectric
139,18,161.9558784,conventional_hydroelectric
110,18,50.0,conventional_steam_coal
41,18,7219.002,conventional_steam_coal
3,18,5989.150392583893,conventional_steam_coal
36,18,0.0,conventional_steam_coal
85,18,0.0,conventional_steam_coal
28,18,74.364,geothermal
116,18,0.0,natural_gas_fired_combined_cycle
73,18,0.0,natural_gas_fired_combined_cycle
71,18,0.0,natural_gas_fired_combined_cycle
44,18,0.0,natural_gas_fired_combined_cycle
115,18,0.0,natural_gas_fired_combined_cycle
70,18,0.0,natural_gas_fired_combined_cycle
131,18,0.0,natural_gas_fired_combined_cycle
18,18,0.0,natural_gas_fired_combined_cycle
72,18,0.0,natural_gas_fired_combined_cycle
114,18,0.0,natural_gas_fired_combined_cycle
45,18,0.0,natural_gas_fired_combined_cycle
78,18,0.0,natural_gas_fired_combustion_turbine
75,18,0.0,natural_gas_fired_combustion_turbine
119,18,0.0,natural_gas_fired_combustion_turbine
117,18,0.0,natural_gas_fired_combustion_turbine
134,18,0.0,natural_gas_fired_combustion_turbine
103,18,0.0,natural_gas_fired_combustion_turbine
47,18,0.0,natural_gas_fired_combustion_turbine
8,18,0.0,natural_gas_fired_combustion_turbine
90,18,0.0,natural_gas_fired_combustion_turbine
60,18,0.0,natural_gas_fired_combustion_turbine
46,18,0.0,natural_gas_fired_combustion_turbine
37,18,0.0,natural_gas_fired_combustion_turbine
7,18,0.0,natural_gas_fired_combustion_turbine
133,18,0.0,natural_gas_fired_combustion_turbine
74,18,0.0,natural_gas_fired_combustion_turbine
20,18,0.0,natural_gas_fired_combustion_turbine
135,18,0.0,natural_gas_fired_combustion_turbine
142,18,0.0,natural_gas_fired_combustion_turbine
121,18,0.0,natural_gas_fired_combustion_turbine
91,18,0.0,natural_gas_fired_combustion_turbine
22,18,0.0,natural_gas_steam_turbine
123,18,0.0,natural_gas_steam_turbine
62,18,0.0,natural_gas_steam_turbine
49,18,0.0,natural_gas_steam_turbine
48,18,0.0,natural_gas_steam_turbine
21,18,0.0,natural_gas_steam_turbine
79,18,7405.999,nuclear
10,18,346.58310000000006,onshore_wind_turbine
23,18,6070.1586,onshore_wind_turbine
31,18,326.70737999999994,onshore_wind_turbine
38,18,1638.17505,onshore_wind_turbine
50,18,768.8203199999998,onshore_wind_turbine
63,18,17.7585601584,onshore_wind_turbine
80,18,2300.86356,onshore_wind_turbine
94,18,4701.8046,onshore_wind_turbine
105,18,218.426879412,onshore_wind_turbine
124,18,6005.342494173,onshore_wind_turbine
136,18,285.63327000000004,onshore_wind_turbine
144,18,2498.02245,onshore_wind_turbine
11,18,19.125,small_hydroelectric
24,18,62.577,small_hydroelectric
32,18,192.0,small_hydroelectric
39,18,52.9,small_hydroelectric
51,18,25.641,small_hydroelectric
64,18,6.128,small_hydroelectric
81,18,241.672,small_hydroelectric
95,18,418.922,small_hydroelectric
106,18,31.614,small_hydroelectric
125,18,100.697,small_hydroelectric
137,18,36.822,small_hydroelectric
145,18,33.21,small_hydroelectric
12,18,2251.8648,solar_photovoltaic
25,18,294.49746,solar_photovoltaic
33,18,481.06919999999997,solar_photovoltaic
52,18,949.6813199999999,solar_photovoltaic
65,18,4448.8445977155,solar_photovoltaic
82,18,4530.98847,solar_photovoltaic
96,18,323.98064999999997,solar_photovoltaic
107,18,3795.6900010095,solar_photovoltaic
126,18,9443.856471930001,solar_photovoltaic
138,18,910.5455699999999,solar_photovoltaic
26,19,11.235,biomass
13,19,15.682,biomass
108,19,137.081,biomass
40,19,5.952,biomass
97,19,178.173,biomass
1,19,16.294,biomass
66,19,228.795,biomass
2,19,849.4712099999999,conventional_hydroelectric
14,19,139.6629476,conventional_hydroelectric
27,19,906.9088284000002,conventional_hydroelectric
35,19,1732.8459808,conventional_hydroelectric
54,19,964.2523077000001,conventional_hydroelectric
67,19,2783.0059821719997,conventional_hydroelectric
84,19,17879.202661199997,conventional_hydroelectric
109,19,375.52333284179997,conventional_hydroelectric
128,19,74.0025,conventional_hydroelectric
139,19,162.00245759999999,conventional_hydroelectric
110,19,50.0,conventional_steam_coal
41,19,7219.002,conventional_steam_coal
3,19,9851.260978809,conventional_steam_coal
36,19,0.0,conventional_steam_coal
85,19,0.0,conventional_steam_coal
28,19,74.364,geothermal
116,19,0.0,natural_gas_fired_combined_cycle
73,19,0.0,natural_gas_fired_combined_cycle
71,19,0.0,natural_gas_fired_combined_cycle
44,19,0.0,natural_gas_fired_combined_cycle
115,19,0.0,natural_gas_fired_combined_cycle
70,19,0.0,natural_gas_fired_combined_cycle
131,19,0.0,natural_gas_fired_combined_cycle
18,19,0.0,natural_gas_fired_combined_cycle
72,19,0.0,natural_gas_fired_combined_cycle
114,19,0.0,natural_gas_fired_combined_cycle
45,19,0.0,natural_gas_fired_combined_cycle
78,19,0.0,natural_gas_fired_combustion_turbine
75,19,0.0,natural_gas_fired_combustion_turbine
119,19,0.0,natural_gas_fired_combustion_turbine
117,19,0.0,natural_gas_fired_combustion_turbine
134,19,0.0,natural_gas_fired_combustion_turbine
103,19,0.0,natural_gas_fired_combustion_turbine
47,19,0.0,natural_gas_fired_combustion_turbine
8,19,0.0,natural_gas_fired_combustion_turbine
90,19,0.0,natural_gas_fired_combustion_turbine
60,19,0.0,natural_gas_fired_combustion_turbine
46,19,0.0,natural_gas_fired_combustion_turbine
37,19,0.0,natural_gas_fired_combustion_turbine
7,19,0.0,natural_gas_fired_combustion_turbine
133,19,0.0,natural_gas_fired_combustion_turbine
74,19,0.0,natural_gas_fired_combustion_turbine
20,19,0.0,natural_gas_fired_combustion_turbine
135,19,0.0,natural_gas_fired_combustion_turbine
142,19,0.0,natural_gas_fired_combustion_turbine
121,19,0.0,natural_gas_fired_combustion_turbine
91,19,0.0,natural_gas_fired_combustion_turbine
22,19,0.0,natural_gas_steam_turbine
123,19,0.0,natural_gas_steam_turbine
62,19,0.0,natural_gas_steam_turbine
49,19,0.0,natural_gas_steam_turbine
48,19,0.0,natural_gas_steam_turbine
21,19,0.0,natural_gas_steam_turbine
79,19,7405.999,nuclear
10,19,336.93435000000005,onshore_wind_turbine
23,19,6273.003,onshore_wind_turbine
31,19,265.64058,onshore_wind_turbine
38,19,1751.3793,onshore_wind_turbine
50,19,967.7032199999999,onshore_wind_turbine
63,19,104.51688000000001,onshore_wind_turbine
80,19,2477.3016,onshore_wind_turbine
94,19,4189.5396,onshore_wind_turbine
105,19,163.463579496,onshore_wind_turbine
124,19,9517.7834135604,onshore_wind_turbine
136,19,323.40933,onshore_wind_turbine
144,19,4006.105019999999,onshore_wind_turbine
11,19,19.125,small_hydroelectric
24,19,62.577,small_hydroelectric
32,19,192.0,small_hydroelectric
39,19,52.9,small_hydroelectric
51,19,25.641,small_hydroelectric
64,19,6.128,small_hydroelectric
81,19,241.672,small_hydroelectric
95,19,418.922,small_hydroelectric
106,19,31.614,small_hydroelectric
125,19,100.697,small_hydroelectric
137,19,36.822,small_hydroelectric
145,19,33.21,small_hydroelectric
12,19,1193.73048,solar_photovoltaic
25,19,98.96651999999999,solar_photovoltaic
33,19,341.41125,solar_photovoltaic
52,19,165.8832,solar_photovoltaic
65,19,2795.8749016247993,solar_photovoltaic
82,19,3010.0679999999998,solar_photovoltaic
96,19,240.98619000000002,solar_photovoltaic
107,19,2084.2964147715,solar_photovoltaic
126,19,6041.6282134245,solar_photovoltaic
138,19,501.74916,solar_photovoltaic
26,20,11.235,biomass
13,20,15.682,biomass
108,20,137.081,biomass
40,20,5.952,biomass
97,20,178.173,biomass
1,20,16.294,biomass
66,20,228.795,biomass
2,20,849.4712099999999,conventional_hydroelectric
14,20,139.6629476,conventional_hydroelectric
27,20,906.9088284000002,conventional_hydroelectric
35,20,1733.5952656000002,conventional_hydroelectric
54,20,964.7720082000001,conventional_hydroelectric
67,20,2781.963806093082,conventional_hydroelectric
84,20,17879.202661199997,conventional_hydroelectric
109,20,375.462585576,conventional_hydroelectric
128,20,74.01768,conventional_hydroelectric
139,20,162.04903679999998,conventional_hydroelectric
110,20,50.0,conventional_steam_coal
41,20,7219.002,conventional_steam_coal
3,20,14050.987,conventional_steam_coal
36,20,1350.1595699999998,conventional_steam_coal
85,20,0.0,conventional_steam_coal
28,20,74.364,geothermal
116,20,0.0,natural_gas_fired_combined_cycle
73,20,0.0,natural_gas_fired_combined_cycle
71,20,0.0,natural_gas_fired_combined_cycle
44,20,0.0,natural_gas_fired_combined_cycle
115,20,0.0,natural_gas_fired_combined_cycle
70,20,0.0,natural_gas_fired_combined_cycle
131,20,0.0,natural_gas_fired_combined_cycle
18,20,0.0,natural_gas_fired_combined_cycle
72,20,0.0,natural_gas_fired_combined_cycle
114,20,0.0,natural_gas_fired_combined_cycle
45,20,0.0,natural_gas_fired_combined_cycle
78,20,0.0,natural_gas_fired_combustion_turbine
75,20,0.0,natural_gas_fired_combustion_turbine
119,20,0.0,natural_gas_fired_combustion_turbine
117,20,0.0,natural_gas_fired_combustion_turbine
134,20,0.0,natural_gas_fired_combustion_turbine
103,20,0.0,natural_gas_fired_combustion_turbine
47,20,0.0,natural_gas_fired_combustion_turbine
8,20,0.0,natural_gas_fired_combustion_turbine
90,20,0.0,natural_gas_fired_combustion_turbine
60,20,0.0,natural_gas_fired_combustion_turbine
46,20,0.0,natural_gas_fired_combustion_turbine
37,20,0.0,natural_gas_fired_combustion_turbine
7,20,0.0,natural_gas_fired_combustion_turbine
133,20,0.0,natural_gas_fired_combustion_turbine
74,20,0.0,natural_gas_fired_combustion_turbine
20,20,0.0,natural_gas_fired_combustion_turbine
135,20,0.0,natural_gas_fired_combustion_turbine
142,20,0.0,natural_gas_fired_combustion_turbine
121,20,0.0,natural_gas_fired_combustion_turbine
91,20,0.0,natural_gas_fired_combustion_turbine
22,20,0.0,natural_gas_steam_turbine
123,20,0.0,natural_gas_steam_turbine
62,20,0.0,natural_gas_steam_turbine
49,20,0.0,natural_gas_steam_turbine
48,20,0.0,natural_gas_steam_turbine
21,20,0.0,natural_gas_steam_turbine
79,20,7405.999,nuclear
10,20,215.74605000000005,onshore_wind_turbine
23,20,6237.8646,onshore_wind_turbine
31,20,385.22973,onshore_wind_turbine
38,20,1476.2808000000002,onshore_wind_turbine
50,20,1182.5548199999998,onshore_wind_turbine
63,20,75.34440000480001,onshore_wind_turbine
80,20,1145.0549999999998,onshore_wind_turbine
94,20,5261.3556,onshore_wind_turbine
105,20,331.348440528,onshore_wind_turbine
124,20,9643.9834180668,onshore_wind_turbine
136,20,521.54091,onshore_wind_turbine
144,20,4098.796019999999,onshore_wind_turbine
11,20,19.125,small_hydroelectric
24,20,62.577,small_hydroelectric
32,20,192.0,small_hydroelectric
39,20,52.9,small_hydroelectric
51,20,25.641,small_hydroelectric
64,20,6.128,small_hydroelectric
81,20,241.672,small_hydroelectric
95,20,418.922,small_hydroelectric
106,20,31.614,small_hydroelectric
125,20,100.697,small_hydroelectric
137,20,36.822,small_hydroelectric
145,20,33.21,small_hydroelectric
12,20,0.0,solar_photovoltaic
25,20,0.0,solar_photovoltaic
33,20,139.5825,solar_photovoltaic
52,20,0.0,solar_photovoltaic
65,20,189.37701081149999,solar_photovoltaic
82,20,1103.6915999999999,solar_photovoltaic
96,20,138.84885,solar_photovoltaic
107,20,0.0,solar_photovoltaic
126,20,487.461597393,solar_photovoltaic
138,20,0.0,solar_photovoltaic
26,21,11.235,biomass
13,21,15.682,biomass
108,21,137.081,biomass
40,21,5.952,biomass
97,21,178.173,biomass
1,21,16.294,biomass
66,21,228.795,biomass
2,21,849.4712099999999,conventional_hydroelectric
14,21,139.6159072,conventional_hydroelectric
27,21,906.9088284000002,conventional_hydroelectric
35,21,1734.3445504000001,conventional_hydroelectric
54,21,965.2917087000001,conventional_hydroelectric
67,21,2780.921622740157,conventional_hydroelectric
84,21,17879.202661199997,conventional_hydroelectric
109,21,375.40183691400006,conventional_hydroelectric
128,21,74.04804,conventional_hydroelectric
139,21,162.09561599999998,conventional_hydroelectric
110,21,50.0,conventional_steam_coal
41,21,7219.002,conventional_steam_coal
3,21,14050.987,conventional_steam_coal
36,21,2368.701,conventional_steam_coal
85,21,0.0,conventional_steam_coal
28,21,74.364,geothermal
116,21,0.0,natural_gas_fired_combined_cycle
73,21,0.0,natural_gas_fired_combined_cycle
71,21,0.0,natural_gas_fired_combined_cycle
44,21,0.0,natural_gas_fired_combined_cycle
115,21,0.0,natural_gas_fired_combined_cycle
70,21,0.0,natural_gas_fired_combined_cycle
131,21,0.0,natural_gas_fired_combined_cycle
18,21,0.0,natural_gas_fired_combined_cycle
72,21,0.0,natural_gas_fired_combined_cycle
114,21,0.0,natural_gas_fired_combined_cycle
45,21,0.0,natural_gas_fired_combined_cycle
78,21,0.0,natural_gas_fired_combustion_turbine
75,21,0.0,natural_gas_fired_combustion_turbine
119,21,0.0,natural_gas_fired_combustion_turbine
117,21,0.0,natural_gas_fired_combustion_turbine
134,21,0.0,natural_gas_fired_combustion_turbine
103,21,0.0,natural_gas_fired_combustion_turbine
47,21,0.0,natural_gas_fired_combustion_turbine
8,21,0.0,natural_gas_fired_combustion_turbine
90,21,0.0,natural_gas_fired_combustion_turbine
60,21,0.0,natural_gas_fired_combustion_turbine
46,21,0.0,natural_gas_fired_combustion_turbine
37,21,0.0,natural_gas_fired_combustion_turbine
7,21,0.0,natural_gas_fired_combustion_turbine
133,21,0.0,natural_gas_fired_combustion_turbine
74,21,0.0,natural_gas_fired_combustion_turbine
20,21,0.0,natural_gas_fired_combustion_turbine
135,21,0.0,natural_gas_fired_combustion_turbine
142,21,0.0,natural_gas_fired_combustion_turbine
121,21,0.0,natural_gas_fired_combustion_turbine
91,21,0.0,natural_gas_fired_combustion_turbine
22,21,0.0,natural_gas_steam_turbine
123,21,0.0,natural_gas_steam_turbine
62,21,0.0,natural_gas_steam_turbine
49,21,0.0,natural_gas_steam_turbine
48,21,0.0,natural_gas_steam_turbine
21,21,0.0,natural_gas_steam_turbine
79,21,7405.999,nuclear
10,21,239.44338000000002,onshore_wind_turbine
23,21,6218.6982,onshore_wind_turbine
31,21,486.49884,onshore_wind_turbine
38,21,1195.8264000000001,onshore_wind_turbine
50,21,1220.58936,onshore_wind_turbine
63,21,3.0930000888,onshore_wind_turbine
80,21,1092.8803199999998,onshore_wind_turbine
94,21,3678.8508,onshore_wind_turbine
105,21,490.993800696,onshore_wind_turbine
124,21,9861.0615568674,onshore_wind_turbine
136,21,452.15631,onshore_wind_turbine
144,21,4206.317579999999,onshore_wind_turbine
11,21,19.125,small_hydroelectric
24,21,62.577,small_hydroelectric
32,21,192.0,small_hydroelectric
39,21,52.9,small_hydroelectric
51,21,25.641,small_hydroelectric
64,21,6.128,small_hydroelectric
81,21,241.672,small_hydroelectric
95,21,418.922,small_hydroelectric
106,21,31.614,small_hydroelectric
125,21,100.697,small_hydroelectric
137,21,36.822,small_hydroelectric
145,21,33.21,small_hydroelectric
12,21,0.0,solar_photovoltaic
25,21,0.0,solar_photovoltaic
33,21,0.0,solar_photovoltaic
52,21,0.0,solar_photovoltaic
65,21,0.0,solar_photovoltaic
82,21,0.0,solar_photovoltaic
96,21,0.0,solar_photovoltaic
107,21,0.0,solar_photovoltaic
126,21,0.0,solar_photovoltaic
138,21,0.0,solar_photovoltaic
26,22,11.235,biomass
13,22,15.682,biomass
108,22,137.081,biomass
40,22,5.952,biomass
97,22,178.173,biomass
1,22,16.294,biomass
66,22,228.795,biomass
2,22,849.7474607999999,conventional_hydroelectric
14,22,139.5688668,conventional_hydroelectric
27,22,906.9088284000002,conventional_hydroelectric
35,22,1735.0938352,conventional_hydroelectric
54,22,965.8114092000001,conventional_hydroelectric
67,22,2780.5543799487477,conventional_hydroelectric
84,22,17876.297363399997,conventional_hydroelectric
109,22,375.34108964820007,conventional_hydroelectric
128,22,74.06322,conventional_hydroelectric
139,22,162.1421952,conventional_hydroelectric
110,22,50.0,conventional_steam_coal
41,22,7219.002,conventional_steam_coal
3,22,14050.987,conventional_steam_coal
36,22,2368.701,conventional_steam_coal
85,22,0.0,conventional_steam_coal
28,22,74.364,geothermal
116,22,0.0,natural_gas_fired_combined_cycle
73,22,0.0,natural_gas_fired_combined_cycle
71,22,0.0,natural_gas_fired_combined_cycle
44,22,0.0,natural_gas_fired_combined_cycle
115,22,0.0,natural_gas_fired_combined_cycle
70,22,0.0,natural_gas_fired_combined_cycle
131,22,0.0,natural_gas_fired_combined_cycle
18,22,0.0,natural_gas_fired_combined_cycle
72,22,0.0,natural_gas_fired_combined_cycle
114,22,0.0,natural_gas_fired_combined_cycle
45,22,0.0,natural_gas_fired_combined_cycle
78,22,0.0,natural_gas_fired_combustion_turbine
75,22,0.0,natural_gas_fired_combustion_turbine
119,22,0.0,natural_gas_fired_combustion_turbine
117,22,0.0,natural_gas_fired_combustion_turbine
134,22,0.0,natural_gas_fired_combustion_turbine
103,22,0.0,natural_gas_fired_combustion_turbine
47,22,0.0,natural_gas_fired_combustion_turbine
8,22,0.0,natural_gas_fired_combustion_turbine
90,22,0.0,natural_gas_fired_combustion_turbine
60,22,0.0,natural_gas_fired_combustion_turbine
46,22,0.0,natural_gas_fired_combustion_turbine
37,22,0.0,natural_gas_fired_combustion_turbine
7,22,0.0,natural_gas_fired_combustion_turbine
133,22,0.0,natural_gas_fired_combustion_turbine
74,22,0.0,natural_gas_fired_combustion_turbine
20,22,0.0,natural_gas_fired_combustion_turbine
135,22,0.0,natural_gas_fired_combustion_turbine
142,22,0.0,natural_gas_fired_combustion_turbine
121,22,0.0,natural_gas_fired_combustion_turbine
91,22,0.0,natural_gas_fired_combustion_turbine
22,22,0.0,natural_gas_steam_turbine
123,22,0.0,natural_gas_steam_turbine
62,22,0.0,natural_gas_steam_turbine
49,22,0.0,natural_gas_steam_turbine
48,22,0.0,natural_gas_steam_turbine
21,22,0.0,natural_gas_steam_turbine
79,22,7405.999,nuclear
10,22,210.57432000000003,onshore_wind_turbine
23,22,6056.582399999999,onshore_wind_turbine
31,22,960.2754299999999,onshore_wind_turbine
38,22,974.2869,onshore_wind_turbine
50,22,1504.2515399999997,onshore_wind_turbine
63,22,4.415999976,onshore_wind_turbine
80,22,1413.49572,onshore_wind_turbine
94,22,2810.3646,onshore_wind_turbine
105,22,710.7082194870001,onshore_wind_turbine
124,22,9693.575704078201,onshore_wind_turbine
136,22,412.4529,onshore_wind_turbine
144,22,4004.2511999999992,onshore_wind_turbine
11,22,19.125,small_hydroelectric
24,22,62.577,small_hydroelectric
32,22,192.0,small_hydroelectric
39,22,52.9,small_hydroelectric
51,22,25.641,small_hydroelectric
64,22,6.128,small_hydroelectric
81,22,241.672,small_hydroelectric
95,22,418.922,small_hydroelectric
106,22,31.614,small_hydroelectric
125,22,100.697,small_hydroelectric
137,22,36.822,small_hydroelectric
145,22,33.21,small_hydroelectric
12,22,0.0,solar_photovoltaic
25,22,0.0,solar_photovoltaic
33,22,0.0,solar_photovoltaic
52,22,0.0,solar_photovoltaic
65,22,0.0,solar_photovoltaic
82,22,0.0,solar_photovoltaic
96,22,0.0,solar_photovoltaic
107,22,0.0,solar_photovoltaic
126,22,0.0,solar_photovoltaic
138,22,0.0,solar_photovoltaic
26,23,11.235,biomass
13,23,15.682,biomass
108,23,137.081,biomass
40,23,5.952,biomass
97,23,178.173,biomass
1,23,16.294,biomass
66,23,228.795,biomass
2,23,849.7474607999999,conventional_hydroelectric
14,23,139.52182639999998,conventional_hydroelectric
27,23,906.9088284000002,conventional_hydroelectric
35,23,1735.8431199999998,conventional_hydroelectric
54,23,966.3311097000001,conventional_hydroelectric
67,23,2779.51220386983,conventional_hydroelectric
84,23,17876.297363399997,conventional_hydroelectric
109,23,375.28034098620003,conventional_hydroelectric
128,23,74.0784,conventional_hydroelectric
139,23,162.1887744,conventional_hydroelectric
110,23,50.0,conventional_steam_coal
41,23,7219.002,conventional_steam_coal
3,23,14050.987,conventional_steam_coal
36,23,1350.1595699999998,conventional_steam_coal
85,23,0.0,conventional_steam_coal
28,23,74.364,geothermal
116,23,0.0,natural_gas_fired_combined_cycle
73,23,0.0,natural_gas_fired_combined_cycle
71,23,0.0,natural_gas_fired_combined_cycle
44,23,0.0,natural_gas_fired_combined_cycle
115,23,0.0,natural_gas_fired_combined_cycle
70,23,0.0,natural_gas_fired_combined_cycle
131,23,0.0,natural_gas_fired_combined_cycle
18,23,0.0,natural_gas_fired_combined_cycle
72,23,0.0,natural_gas_fired_combined_cycle
114,23,0.0,natural_gas_fired_combined_cycle
45,23,0.0,natural_gas_fired_combined_cycle
78,23,0.0,natural_gas_fired_combustion_turbine
75,23,0.0,natural_gas_fired_combustion_turbine
119,23,0.0,natural_gas_fired_combustion_turbine
117,23,0.0,natural_gas_fired_combustion_turbine
134,23,0.0,natural_gas_fired_combustion_turbine
103,23,0.0,natural_gas_fired_combustion_turbine
47,23,0.0,natural_gas_fired_combustion_turbine
8,23,0.0,natural_gas_fired_combustion_turbine
90,23,0.0,natural_gas_fired_combustion_turbine
60,23,0.0,natural_gas_fired_combustion_turbine
46,23,0.0,natural_gas_fired_combustion_turbine
37,23,0.0,natural_gas_fired_combustion_turbine
7,23,0.0,natural_gas_fired_combustion_turbine
133,23,0.0,natural_gas_fired_combustion_turbine
74,23,0.0,natural_gas_fired_combustion_turbine
20,23,0.0,natural_gas_fired_combustion_turbine
135,23,0.0,natural_gas_fired_combustion_turbine
142,23,0.0,natural_gas_fired_combustion_turbine
121,23,0.0,natural_gas_fired_combustion_turbine
91,23,0.0,natural_gas_fired_combustion_turbine
22,23,0.0,natural_gas_steam_turbine
123,23,0.0,natural_gas_steam_turbine
62,23,0.0,natural_gas_steam_turbine
49,23,0.0,natural_gas_steam_turbine
48,23,0.0,natural_gas_steam_turbine
21,23,0.0,natural_gas_steam_turbine
79,23,7405.999,nuclear
10,23,211.88655000000003,onshore_wind_turbine
23,23,5605.3733999999995,onshore_wind_turbine
31,23,932.7953699999999,onshore_wind_turbine
38,23,821.4002999999999,onshore_wind_turbine
50,23,1763.2348199999997,onshore_wind_turbine
63,23,49.4630401344,onshore_wind_turbine
80,23,1502.3121599999997,onshore_wind_turbine
94,23,2444.6861999999996,onshore_wind_turbine
105,23,775.5273000720001,onshore_wind_turbine
124,23,9776.218015066801,onshore_wind_turbine
136,23,458.7093,onshore_wind_turbine
144,23,3922.6831199999997,onshore_wind_turbine
11,23,19.125,small_hydroelectric
24,23,62.577,small_hydroelectric
32,23,192.0,small_hydroelectric
39,23,52.9,small_hydroelectric
51,23,25.641,small_hydroelectric
64,23,6.128,small_hydroelectric
81,23,241.672,small_hydroelectric
95,23,418.922,small_hydroelectric
106,23,31.614,small_hydroelectric
125,23,100.697,small_hydroelectric
137,23,36.822,small_hydroelectric
145,23,33.21,small_hydroelectric
12,23,0.0,solar_photovoltaic
25,23,0.0,solar_photovoltaic
33,23,0.0,solar_photovoltaic
52,23,0.0,solar_photovoltaic
65,23,0.0,solar_photovoltaic
82,23,0.0,solar_photovoltaic
96,23,0.0,solar_photovoltaic
107,23,0.0,solar_photovoltaic
126,23,0.0,solar_photovoltaic
138,23,0.0,solar_photovoltaic
26,24,11.235,biomass
13,24,15.682,biomass
108,24,137.081,biomass
40,24,5.952,biomass
97,24,178.173,biomass
1,24,16.294,biomass
66,24,228.795,biomass
2,24,849.7474607999999,conventional_hydroelectric
14,24,139.474786,conventional_hydroelectric
27,24,907.0499376000001,conventional_hydroelectric
35,24,1736.5924048000002,conventional_hydroelectric
54,24,966.8508102000001,conventional_hydroelectric
67,24,2778.4700205169047,conventional_hydroelectric
84,24,17876.297363399997,conventional_hydroelectric
109,24,375.1407209862,conventional_hydroelectric
128,24,74.10876,conventional_hydroelectric
139,24,162.2353536,conventional_hydroelectric
110,24,50.0,conventional_steam_coal
41,24,7219.002,conventional_steam_coal
3,24,13101.413879378897,conventional_steam_coal
36,24,0.0,conventional_steam_coal
85,24,0.0,conventional_steam_coal
28,24,74.364,geothermal
116,24,0.0,natural_gas_fired_combined_cycle
73,24,0.0,natural_gas_fired_combined_cycle
71,24,0.0,natural_gas_fired_combined_cycle
44,24,0.0,natural_gas_fired_combined_cycle
115,24,0.0,natural_gas_fired_combined_cycle
70,24,0.0,natural_gas_fired_combined_cycle
131,24,0.0,natural_gas_fired_combined_cycle
18,24,0.0,natural_gas_fired_combined_cycle
72,24,0.0,natural_gas_fired_combined_cycle
114,24,0.0,natural_gas_fired_combined_cycle
45,24,0.0,natural_gas_fired_combined_cycle
78,24,0.0,natural_gas_fired_combustion_turbine
75,24,0.0,natural_gas_fired_combustion_turbine
119,24,0.0,natural_gas_fired_combustion_turbine
117,24,0.0,natural_gas_fired_combustion_turbine
134,24,0.0,natural_gas_fired_combustion_turbine
103,24,0.0,natural_gas_fired_combustion_turbine
47,24,0.0,natural_gas_fired_combustion_turbine
8,24,0.0,natural_gas_fired_combustion_turbine
90,24,0.0,natural_gas_fired_combustion_turbine
60,24,0.0,natural_gas_fired_combustion_turbine
46,24,0.0,natural_gas_fired_combustion_turbine
37,24,0.0,natural_gas_fired_combustion_turbine
7,24,0.0,natural_gas_fired_combustion_turbine
133,24,0.0,natural_gas_fired_combustion_turbine
74,24,0.0,natural_gas_fired_combustion_turbine
20,24,0.0,natural_gas_fired_combustion_turbine
135,24,0.0,natural_gas_fired_combustion_turbine
142,24,0.0,natural_gas_fired_combustion_turbine
121,24,0.0,natural_gas_fired_combustion_turbine
91,24,0.0,natural_gas_fired_combustion_turbine
22,24,0.0,natural_gas_steam_turbine
123,24,0.0,natural_gas_steam_turbine
62,24,0.0,natural_gas_steam_turbine
49,24,0.0,natural_gas_steam_turbine
48,24,0.0,natural_gas_steam_turbine
21,24,0.0,natural_gas_steam_turbine
79,24,7405.999,nuclear
10,24,179.00361,onshore_wind_turbine
23,24,5077.4988,onshore_wind_turbine
31,24,981.6488099999999,onshore_wind_turbine
38,24,1032.7149,onshore_wind_turbine
50,24,1264.1403599999999,onshore_wind_turbine
63,24,158.01659989680002,onshore_wind_turbine
80,24,1540.5470399999997,onshore_wind_turbine
94,24,1062.3588,onshore_wind_turbine
105,24,802.8124207110001,onshore_wind_turbine
124,24,9830.8169721102,onshore_wind_turbine
136,24,375.44778,onshore_wind_turbine
144,24,2458.1653199999996,onshore_wind_turbine
11,24,19.125,small_hydroelectric
24,24,62.577,small_hydroelectric
32,24,192.0,small_hydroelectric
39,24,52.9,small_hydroelectric
51,24,25.641,small_hydroelectric
64,24,6.128,small_hydroelectric
81,24,241.672,small_hydroelectric
95,24,418.922,small_hydroelectric
106,24,31.614,small_hydroelectric
125,24,100.697,small_hydroelectric
137,24,36.822,small_hydroelectric
145,24,33.21,small_hydroelectric
12,24,0.0,solar_photovoltaic
25,24,0.0,solar_photovoltaic
33,24,0.0,solar_photovoltaic
52,24,0.0,solar_photovoltaic
65,24,0.0,solar_photovoltaic
82,24,0.0,solar_photovoltaic
96,24,0.0,solar_photovoltaic
107,24,0.0,solar_photovoltaic
126,24,0.0,solar_photovoltaic
138,24,0.0,solar_photovoltaic
26,25,11.235,biomass
13,25,15.682,biomass
108,25,137.081,biomass
40,25,5.952,biomass
97,25,178.173,biomass
1,25,16.294,biomass
66,25,228.795,biomass
2,25,849.7474607999999,conventional_hydroelectric
14,25,139.474786,conventional_hydroelectric
27,25,907.0499376000001,conventional_hydroelectric
35,25,1737.3416895999999,conventional_hydroelectric
54,25,967.3705107000001,conventional_hydroelectric
67,25,2777.4278444379866,conventional_hydroelectric
84,25,17873.392065599997,conventional_hydroelectric
109,25,375.0799723242,conventional_hydroelectric
128,25,74.12394,conventional_hydroelectric
139,25,162.2819328,conventional_hydroelectric
110,25,50.0,conventional_steam_coal
41,25,7219.002,conventional_steam_coal
3,25,9162.082985950614,conventional_steam_coal
36,25,0.0,conventional_steam_coal
85,25,0.0,conventional_steam_coal
28,25,74.364,geothermal
116,25,0.0,natural_gas_fired_combined_cycle
73,25,0.0,natural_gas_fired_combined_cycle
71,25,0.0,natural_gas_fired_combined_cycle
44,25,0.0,natural_gas_fired_combined_cycle
115,25,0.0,natural_gas_fired_combined_cycle
70,25,0.0,natural_gas_fired_combined_cycle
131,25,0.0,natural_gas_fired_combined_cycle
18,25,0.0,natural_gas_fired_combined_cycle
72,25,0.0,natural_gas_fired_combined_cycle
114,25,0.0,natural_gas_fired_combined_cycle
45,25,0.0,natural_gas_fired_combined_cycle
78,25,0.0,natural_gas_fired_combustion_turbine
75,25,0.0,natural_gas_fired_combustion_turbine
119,25,0.0,natural_gas_fired_combustion_turbine
117,25,0.0,natural_gas_fired_combustion_turbine
134,25,0.0,natural_gas_fired_combustion_turbine
103,25,0.0,natural_gas_fired_combustion_turbine
47,25,0.0,natural_gas_fired_combustion_turbine
8,25,0.0,natural_gas_fired_combustion_turbine
90,25,0.0,natural_gas_fired_combustion_turbine
60,25,0.0,natural_gas_fired_combustion_turbine
46,25,0.0,natural_gas_fired_combustion_turbine
37,25,0.0,natural_gas_fired_combustion_turbine
7,25,0.0,natural_gas_fired_combustion_turbine
133,25,0.0,natural_gas_fired_combustion_turbine
74,25,0.0,natural_gas_fired_combustion_turbine
20,25,0.0,natural_gas_fired_combustion_turbine
135,25,0.0,natural_gas_fired_combustion_turbine
142,25,0.0,natural_gas_fired_combustion_turbine
121,25,0.0,natural_gas_fired_combustion_turbine
91,25,0.0,natural_gas_fired_combustion_turbine
22,25,0.0,natural_gas_steam_turbine
123,25,0.0,natural_gas_steam_turbine
62,25,0.0,natural_gas_steam_turbine
49,25,0.0,natural_gas_steam_turbine
48,25,0.0,natural_gas_steam_turbine
21,25,0.0,natural_gas_steam_turbine
79,25,7405.999,nuclear
10,25,171.59337000000002,onshore_wind_turbine
23,25,4085.6376000000005,onshore_wind_turbine
31,25,1300.2139499999998,onshore_wind_turbine
38,25,782.9352,onshore_wind_turbine
50,25,1215.36324,onshore_wind_turbine
63,25,122.53176005040001,onshore_wind_turbine
80,25,2203.28496,onshore_wind_turbine
94,25,873.2148,onshore_wind_turbine
105,25,769.778159283,onshore_wind_turbine
124,25,9887.707344853801,onshore_wind_turbine
136,25,307.99053000000004,onshore_wind_turbine
144,25,2982.7963799999993,onshore_wind_turbine
11,25,19.125,small_hydroelectric
24,25,62.577,small_hydroelectric
32,25,192.0,small_hydroelectric
39,25,52.9,small_hydroelectric
51,25,25.641,small_hydroelectric
64,25,6.128,small_hydroelectric
81,25,241.672,small_hydroelectric
95,25,418.922,small_hydroelectric
106,25,31.614,small_hydroelectric
125,25,100.697,small_hydroelectric
137,25,36.822,small_hydroelectric
145,25,33.21,small_hydroelectric
12,25,0.0,solar_photovoltaic
25,25,0.0,solar_photovoltaic
33,25,0.0,solar_photovoltaic
52,25,0.0,solar_photovoltaic
65,25,0.0,solar_photovoltaic
82,25,0.0,solar_photovoltaic
96,25,0.0,solar_photovoltaic
107,25,0.0,solar_photovoltaic
126,25,0.0,solar_photovoltaic
138,25,0.0,solar_photovoltaic
26,26,11.235,biomass
13,26,15.682,biomass
108,26,137.081,biomass
40,26,5.952,biomass
97,26,178.173,biomass
1,26,16.294,biomass
66,26,228.795,biomass
2,26,849.7474607999999,conventional_hydroelectric
14,26,139.4277456,conventional_hydroelectric
27,26,907.0499376000001,conventional_hydroelectric
35,26,1738.0909743999998,conventional_hydroelectric
54,26,967.8902112000001,conventional_hydroelectric
67,26,2777.0606016465777,conventional_hydroelectric
84,26,17873.392065599997,conventional_hydroelectric
109,26,375.0799723242,conventional_hydroelectric
128,26,74.1543,conventional_hydroelectric
139,26,162.328512,conventional_hydroelectric
110,26,50.0,conventional_steam_coal
41,26,7219.002,conventional_steam_coal
3,26,7456.215125913239,conventional_steam_coal
36,26,0.0,conventional_steam_coal
85,26,0.0,conventional_steam_coal
28,26,74.364,geothermal
116,26,0.0,natural_gas_fired_combined_cycle
73,26,0.0,natural_gas_fired_combined_cycle
71,26,0.0,natural_gas_fired_combined_cycle
44,26,0.0,natural_gas_fired_combined_cycle
115,26,0.0,natural_gas_fired_combined_cycle
70,26,0.0,natural_gas_fired_combined_cycle
131,26,0.0,natural_gas_fired_combined_cycle
18,26,0.0,natural_gas_fired_combined_cycle
72,26,0.0,natural_gas_fired_combined_cycle
114,26,0.0,natural_gas_fired_combined_cycle
45,26,0.0,natural_gas_fired_combined_cycle
78,26,0.0,natural_gas_fired_combustion_turbine
75,26,0.0,natural_gas_fired_combustion_turbine
119,26,0.0,natural_gas_fired_combustion_turbine
117,26,0.0,natural_gas_fired_combustion_turbine
134,26,0.0,natural_gas_fired_combustion_turbine
103,26,0.0,natural_gas_fired_combustion_turbine
47,26,0.0,natural_gas_fired_combustion_turbine
8,26,0.0,natural_gas_fired_combustion_turbine
90,26,0.0,natural_gas_fired_combustion_turbine
60,26,0.0,natural_gas_fired_combustion_turbine
46,26,0.0,natural_gas_fired_combustion_turbine
37,26,0.0,natural_gas_fired_combustion_turbine
7,26,0.0,natural_gas_fired_combustion_turbine
133,26,0.0,natural_gas_fired_combustion_turbine
74,26,0.0,natural_gas_fired_combustion_turbine
20,26,0.0,natural_gas_fired_combustion_turbine
135,26,0.0,natural_gas_fired_combustion_turbine
142,26,0.0,natural_gas_fired_combustion_turbine
121,26,0.0,natural_gas_fired_combustion_turbine
91,26,0.0,natural_gas_fired_combustion_turbine
22,26,0.0,natural_gas_steam_turbine
123,26,0.0,natural_gas_steam_turbine
62,26,0.0,natural_gas_steam_turbine
49,26,0.0,natural_gas_steam_turbine
48,26,0.0,natural_gas_steam_turbine
21,26,0.0,natural_gas_steam_turbine
79,26,7405.999,nuclear
10,26,164.33751000000004,onshore_wind_turbine
23,26,4112.79,onshore_wind_turbine
31,26,1570.9434299999998,onshore_wind_turbine
38,26,877.8806999999999,onshore_wind_turbine
50,26,1265.59206,onshore_wind_turbine
63,26,94.8866399664,onshore_wind_turbine
80,26,1587.54408,onshore_wind_turbine
94,26,1026.1062000000002,onshore_wind_turbine
105,26,648.49866039,onshore_wind_turbine
124,26,9797.3395225596,onshore_wind_turbine
136,26,89.04357,onshore_wind_turbine
144,26,2520.2682899999995,onshore_wind_turbine
11,26,19.125,small_hydroelectric
24,26,62.577,small_hydroelectric
32,26,192.0,small_hydroelectric
39,26,52.9,small_hydroelectric
51,26,25.641,small_hydroelectric
64,26,6.128,small_hydroelectric
81,26,241.672,small_hydroelectric
95,26,418.922,small_hydroelectric
106,26,31.614,small_hydroelectric
125,26,100.697,small_hydroelectric
137,26,36.822,small_hydroelectric
145,26,33.21,small_hydroelectric
12,26,0.0,solar_photovoltaic
25,26,0.0,solar_photovoltaic
33,26,0.0,solar_photovoltaic
52,26,0.0,solar_photovoltaic
65,26,0.0,solar_photovoltaic
82,26,0.0,solar_photovoltaic
96,26,0.0,solar_photovoltaic
107,26,0.0,solar_photovoltaic
126,26,0.0,solar_photovoltaic
138,26,0.0,solar_photovoltaic
26,27,11.235,biomass
13,27,15.682,biomass
108,27,137.081,biomass
40,27,5.952,biomass
97,27,178.173,biomass
1,27,16.294,biomass
66,27,228.795,biomass
2,27,849.7474607999999,conventional_hydroelectric
14,27,139.3807052,conventional_hydroelectric
27,27,907.0499376000001,conventional_hydroelectric
35,27,1738.8402592,conventional_hydroelectric
54,27,968.4099117000001,conventional_hydroelectric
67,27,2775.965958155169,conventional_hydroelectric
84,27,17873.392065599997,conventional_hydroelectric
109,27,375.01922505839997,conventional_hydroelectric
128,27,74.16948000000001,conventional_hydroelectric
139,27,162.3750912,conventional_hydroelectric
110,27,50.0,conventional_steam_coal
41,27,7219.002,conventional_steam_coal
3,27,7603.335544429827,conventional_steam_coal
36,27,0.0,conventional_steam_coal
85,27,0.0,conventional_steam_coal
28,27,74.364,geothermal
116,27,0.0,natural_gas_fired_combined_cycle
73,27,0.0,natural_gas_fired_combined_cycle
71,27,0.0,natural_gas_fired_combined_cycle
44,27,0.0,natural_gas_fired_combined_cycle
115,27,0.0,natural_gas_fired_combined_cycle
70,27,0.0,natural_gas_fired_combined_cycle
131,27,0.0,natural_gas_fired_combined_cycle
18,27,0.0,natural_gas_fired_combined_cycle
72,27,0.0,natural_gas_fired_combined_cycle
114,27,0.0,natural_gas_fired_combined_cycle
45,27,0.0,natural_gas_fired_combined_cycle
78,27,0.0,natural_gas_fired_combustion_turbine
75,27,0.0,natural_gas_fired_combustion_turbine
119,27,0.0,natural_gas_fired_combustion_turbine
117,27,0.0,natural_gas_fired_combustion_turbine
134,27,0.0,natural_gas_fired_combustion_turbine
103,27,0.0,natural_gas_fired_combustion_turbine
47,27,0.0,natural_gas_fired_combustion_turbine
8,27,0.0,natural_gas_fired_combustion_turbine
90,27,0.0,natural_gas_fired_combustion_turbine
60,27,0.0,natural_gas_fired_combustion_turbine
46,27,0.0,natural_gas_fired_combustion_turbine
37,27,0.0,natural_gas_fired_combustion_turbine
7,27,0.0,natural_gas_fired_combustion_turbine
133,27,0.0,natural_gas_fired_combustion_turbine
74,27,0.0,natural_gas_fired_combustion_turbine
20,27,0.0,natural_gas_fired_combustion_turbine
135,27,0.0,natural_gas_fired_combustion_turbine
142,27,0.0,natural_gas_fired_combustion_turbine
121,27,0.0,natural_gas_fired_combustion_turbine
91,27,0.0,natural_gas_fired_combustion_turbine
22,27,0.0,natural_gas_steam_turbine
123,27,0.0,natural_gas_steam_turbine
62,27,0.0,natural_gas_steam_turbine
49,27,0.0,natural_gas_steam_turbine
48,27,0.0,natural_gas_steam_turbine
21,27,0.0,natural_gas_steam_turbine
79,27,7405.999,nuclear
10,27,82.36173000000001,onshore_wind_turbine
23,27,4087.2348,onshore_wind_turbine
31,27,1129.2269099999999,onshore_wind_turbine
38,27,815.5575,onshore_wind_turbine
50,27,1357.9201799999998,onshore_wind_turbine
63,27,76.23900011280001,onshore_wind_turbine
80,27,1910.94744,onshore_wind_turbine
94,27,482.31719999999996,onshore_wind_turbine
105,27,638.579519298,onshore_wind_turbine
124,27,9378.4368916458,onshore_wind_turbine
136,27,90.97092,onshore_wind_turbine
144,27,2412.7467299999994,onshore_wind_turbine
11,27,19.125,small_hydroelectric
24,27,62.577,small_hydroelectric
32,27,192.0,small_hydroelectric
39,27,52.9,small_hydroelectric
51,27,25.641,small_hydroelectric
64,27,6.128,small_hydroelectric
81,27,241.672,small_hydroelectric
95,27,418.922,small_hydroelectric
106,27,31.614,small_hydroelectric
125,27,100.697,small_hydroelectric
137,27,36.822,small_hydroelectric
145,27,33.21,small_hydroelectric
12,27,0.0,solar_photovoltaic
25,27,0.0,solar_photovoltaic
33,27,0.0,solar_photovoltaic
52,27,0.0,solar_photovoltaic
65,27,0.0,solar_photovoltaic
82,27,0.0,solar_photovoltaic
96,27,0.0,solar_photovoltaic
107,27,0.0,solar_photovoltaic
126,27,0.0,solar_photovoltaic
138,27,0.0,solar_photovoltaic
26,28,11.235,biomass
13,28,15.682,biomass
108,28,137.081,biomass
40,28,5.952,biomass
97,28,178.173,biomass
1,28,16.294,biomass
66,28,228.795,biomass
2,28,849.7474607999999,conventional_hydroelectric
14,28,139.3336648,conventional_hydroelectric
27,28,907.0499376000001,conventional_hydroelectric
35,28,1739.3397824,conventional_hydroelectric
54,28,969.0335523000001,conventional_hydroelectric
67,28,2774.9237748022438,conventional_hydroelectric
84,28,17870.486767799997,conventional_hydroelectric
109,28,374.95847639640004,conventional_hydroelectric
128,28,74.18466000000001,conventional_hydroelectric
139,28,162.42167039999998,conventional_hydroelectric
110,28,50.0,conventional_steam_coal
41,28,7219.002,conventional_steam_coal
3,28,8259.43141843297,conventional_steam_coal
36,28,0.0,conventional_steam_coal
85,28,0.0,conventional_steam_coal
28,28,74.364,geothermal
116,28,0.0,natural_gas_fired_combined_cycle
73,28,0.0,natural_gas_fired_combined_cycle
71,28,0.0,natural_gas_fired_combined_cycle
44,28,0.0,natural_gas_fired_combined_cycle
115,28,0.0,natural_gas_fired_combined_cycle
70,28,0.0,natural_gas_fired_combined_cycle
131,28,0.0,natural_gas_fired_combined_cycle
18,28,0.0,natural_gas_fired_combined_cycle
72,28,0.0,natural_gas_fired_combined_cycle
114,28,0.0,natural_gas_fired_combined_cycle
45,28,0.0,natural_gas_fired_combined_cycle
78,28,0.0,natural_gas_fired_combustion_turbine
75,28,0.0,natural_gas_fired_combustion_turbine
119,28,0.0,natural_gas_fired_combustion_turbine
117,28,0.0,natural_gas_fired_combustion_turbine
134,28,0.0,natural_gas_fired_combustion_turbine
103,28,0.0,natural_gas_fired_combustion_turbine
47,28,0.0,natural_gas_fired_combustion_turbine
8,28,0.0,natural_gas_fired_combustion_turbine
90,28,0.0,natural_gas_fired_combustion_turbine
60,28,0.0,natural_gas_fired_combustion_turbine
46,28,0.0,natural_gas_fired_combustion_turbine
37,28,0.0,natural_gas_fired_combustion_turbine
7,28,0.0,natural_gas_fired_combustion_turbine
133,28,0.0,natural_gas_fired_combustion_turbine
74,28,0.0,natural_gas_fired_combustion_turbine
20,28,0.0,natural_gas_fired_combustion_turbine
135,28,0.0,natural_gas_fired_combustion_turbine
142,28,0.0,natural_gas_fired_combustion_turbine
121,28,0.0,natural_gas_fired_combustion_turbine
91,28,0.0,natural_gas_fired_combustion_turbine
22,28,0.0,natural_gas_steam_turbine
123,28,0.0,natural_gas_steam_turbine
62,28,0.0,natural_gas_steam_turbine
49,28,0.0,natural_gas_steam_turbine
48,28,0.0,natural_gas_steam_turbine
21,28,0.0,natural_gas_steam_turbine
79,28,7405.999,nuclear
10,28,66.07464,onshore_wind_turbine
23,28,4047.3048000000003,onshore_wind_turbine
31,28,721.0971299999999,onshore_wind_turbine
38,28,878.3676,onshore_wind_turbine
50,28,1149.1657199999997,onshore_wind_turbine
63,28,40.340519952,onshore_wind_turbine
80,28,2032.0245599999998,onshore_wind_turbine
94,28,271.1064,onshore_wind_turbine
105,28,739.36800063,onshore_wind_turbine
124,28,8820.042363686402,onshore_wind_turbine
136,28,180.01449,onshore_wind_turbine
144,28,3023.5804199999993,onshore_wind_turbine
11,28,19.125,small_hydroelectric
24,28,62.577,small_hydroelectric
32,28,192.0,small_hydroelectric
39,28,52.9,small_hydroelectric
51,28,25.641,small_hydroelectric
64,28,6.128,small_hydroelectric
81,28,241.672,small_hydroelectric
95,28,418.922,small_hydroelectric
106,28,31.614,small_hydroelectric
125,28,100.697,small_hydroelectric
137,28,36.822,small_hydroelectric
145,28,33.21,small_hydroelectric
12,28,0.0,solar_photovoltaic
25,28,0.0,solar_photovoltaic
33,28,0.0,solar_photovoltaic
52,28,0.0,solar_photovoltaic
65,28,0.0,solar_photovoltaic
82,28,0.0,solar_photovoltaic
96,28,0.0,solar_photovoltaic
107,28,0.0,solar_photovoltaic
126,28,0.0,solar_photovoltaic
138,28,0.0,solar_photovoltaic
26,29,11.235,biomass
13,29,15.682,biomass
108,29,137.081,biomass
40,29,5.952,biomass
97,29,178.173,biomass
1,29,16.294,biomass
66,29,228.795,biomass
2,29,850.0237115999998,conventional_hydroelectric
14,29,139.2866244,conventional_hydroelectric
27,29,907.1910468000001,conventional_hydroelectric
35,29,1740.0890672,conventional_hydroelectric
54,29,969.5532528,conventional_hydroelectric
67,29,2773.8815987233256,conventional_hydroelectric
84,29,17870.486767799997,conventional_hydroelectric
109,29,374.89772913060006,conventional_hydroelectric
128,29,74.21502000000001,conventional_hydroelectric
139,29,162.46824959999998,conventional_hydroelectric
110,29,50.0,conventional_steam_coal
41,29,7219.002,conventional_steam_coal
3,29,12072.320192625271,conventional_steam_coal
36,29,0.0,conventional_steam_coal
85,29,0.0,conventional_steam_coal
28,29,74.364,geothermal
116,29,0.0,natural_gas_fired_combined_cycle
73,29,0.0,natural_gas_fired_combined_cycle
71,29,0.0,natural_gas_fired_combined_cycle
44,29,0.0,natural_gas_fired_combined_cycle
115,29,0.0,natural_gas_fired_combined_cycle
70,29,0.0,natural_gas_fired_combined_cycle
131,29,0.0,natural_gas_fired_combined_cycle
18,29,0.0,natural_gas_fired_combined_cycle
72,29,0.0,natural_gas_fired_combined_cycle
114,29,0.0,natural_gas_fired_combined_cycle
45,29,0.0,natural_gas_fired_combined_cycle
78,29,0.0,natural_gas_fired_combustion_turbine
75,29,0.0,natural_gas_fired_combustion_turbine
119,29,0.0,natural_gas_fired_combustion_turbine
117,29,0.0,natural_gas_fired_combustion_turbine
134,29,0.0,natural_gas_fired_combustion_turbine
103,29,0.0,natural_gas_fired_combustion_turbine
47,29,0.0,natural_gas_fired_combustion_turbine
8,29,0.0,natural_gas_fired_combustion_turbine
90,29,0.0,natural_gas_fired_combustion_turbine
60,29,0.0,natural_gas_fired_combustion_turbine
46,29,0.0,natural_gas_fired_combustion_turbine
37,29,0.0,natural_gas_fired_combustion_turbine
7,29,0.0,natural_gas_fired_combustion_turbine
133,29,0.0,natural_gas_fired_combustion_turbine
74,29,0.0,natural_gas_fired_combustion_turbine
20,29,0.0,natural_gas_fired_combustion_turbine
135,29,0.0,natural_gas_fired_combustion_turbine
142,29,0.0,natural_gas_fired_combustion_turbine
121,29,0.0,natural_gas_fired_combustion_turbine
91,29,0.0,natural_gas_fired_combustion_turbine
22,29,0.0,natural_gas_steam_turbine
123,29,0.0,natural_gas_steam_turbine
62,29,0.0,natural_gas_steam_turbine
49,29,0.0,natural_gas_steam_turbine
48,29,0.0,natural_gas_steam_turbine
21,29,0.0,natural_gas_steam_turbine
79,29,7405.999,nuclear
10,29,9.185610000000002,onshore_wind_turbine
23,29,3547.3812,onshore_wind_turbine
31,29,600.9990899999999,onshore_wind_turbine
38,29,755.91225,onshore_wind_turbine
50,29,669.5240399999999,onshore_wind_turbine
63,29,8.3329200072,onshore_wind_turbine
80,29,1389.59892,onshore_wind_turbine
94,29,1095.459,onshore_wind_turbine
105,29,778.0999792860001,onshore_wind_turbine
124,29,7687.0725900276,onshore_wind_turbine
136,29,366.1965,onshore_wind_turbine
144,29,3178.3743899999995,onshore_wind_turbine
11,29,19.125,small_hydroelectric
24,29,62.577,small_hydroelectric
32,29,192.0,small_hydroelectric
39,29,52.9,small_hydroelectric
51,29,25.641,small_hydroelectric
64,29,6.128,small_hydroelectric
81,29,241.672,small_hydroelectric
95,29,418.922,small_hydroelectric
106,29,31.614,small_hydroelectric
125,29,100.697,small_hydroelectric
137,29,36.822,small_hydroelectric
145,29,33.21,small_hydroelectric
12,29,0.0,solar_photovoltaic
25,29,153.41411999999997,solar_photovoltaic
33,29,0.0,solar_photovoltaic
52,29,4.73952,solar_photovoltaic
65,29,0.0,solar_photovoltaic
82,29,0.0,solar_photovoltaic
96,29,0.0,solar_photovoltaic
107,29,0.0,solar_photovoltaic
126,29,0.0,solar_photovoltaic
138,29,30.527639999999998,solar_photovoltaic
26,30,11.235,biomass
13,30,15.682,biomass
108,30,137.081,biomass
40,30,5.952,biomass
97,30,178.173,biomass
1,30,16.294,biomass
66,30,228.795,biomass
2,30,850.0237115999998,conventional_hydroelectric
14,30,139.2866244,conventional_hydroelectric
27,30,907.1910468000001,conventional_hydroelectric
35,30,1740.8383519999998,conventional_hydroelectric
54,30,970.0729533000001,conventional_hydroelectric
67,30,2773.5143559319167,conventional_hydroelectric
84,30,17870.486767799997,conventional_hydroelectric
109,30,374.8369804686,conventional_hydroelectric
128,30,74.23020000000001,conventional_hydroelectric
139,30,162.49153919999998,conventional_hydroelectric
110,30,50.0,conventional_steam_coal
41,30,7219.002,conventional_steam_coal
3,30,6899.961290829391,conventional_steam_coal
36,30,0.0,conventional_steam_coal
85,30,0.0,conventional_steam_coal
28,30,74.364,geothermal
116,30,0.0,natural_gas_fired_combined_cycle
73,30,0.0,natural_gas_fired_combined_cycle
71,30,0.0,natural_gas_fired_combined_cycle
44,30,0.0,natural_gas_fired_combined_cycle
115,30,0.0,natural_gas_fired_combined_cycle
70,30,0.0,natural_gas_fired_combined_cycle
131,30,0.0,natural_gas_fired_combined_cycle
18,30,0.0,natural_gas_fired_combined_cycle
72,30,0.0,natural_gas_fired_combined_cycle
114,30,0.0,natural_gas_fired_combined_cycle
45,30,0.0,natural_gas_fired_combined_cycle
78,30,0.0,natural_gas_fired_combustion_turbine
75,30,0.0,natural_gas_fired_combustion_turbine
119,30,0.0,natural_gas_fired_combustion_turbine
117,30,0.0,natural_gas_fired_combustion_turbine
134,30,0.0,natural_gas_fired_combustion_turbine
103,30,0.0,natural_gas_fired_combustion_turbine
47,30,0.0,natural_gas_fired_combustion_turbine
8,30,0.0,natural_gas_fired_combustion_turbine
90,30,0.0,natural_gas_fired_combustion_turbine
60,30,0.0,natural_gas_fired_combustion_turbine
46,30,0.0,natural_gas_fired_combustion_turbine
37,30,0.0,natural_gas_fired_combustion_turbine
7,30,0.0,natural_gas_fired_combustion_turbine
133,30,0.0,natural_gas_fired_combustion_turbine
74,30,0.0,natural_gas_fired_combustion_turbine
20,30,0.0,natural_gas_fired_combustion_turbine
135,30,0.0,natural_gas_fired_combustion_turbine
142,30,0.0,natural_gas_fired_combustion_turbine
121,30,0.0,natural_gas_fired_combustion_turbine
91,30,0.0,natural_gas_fired_combustion_turbine
22,30,0.0,natural_gas_steam_turbine
123,30,0.0,natural_gas_steam_turbine
62,30,0.0,natural_gas_steam_turbine
49,30,0.0,natural_gas_steam_turbine
48,30,0.0,natural_gas_steam_turbine
21,30,0.0,natural_gas_steam_turbine
79,30,7405.999,nuclear
10,30,41.219460000000005,onshore_wind_turbine
23,30,2930.0634,onshore_wind_turbine
31,30,1028.9755799999998,onshore_wind_turbine
38,30,518.5485,onshore_wind_turbine
50,30,732.2374799999999,onshore_wind_turbine
63,30,27.272879863200004,onshore_wind_turbine
80,30,1296.4014,onshore_wind_turbine
94,30,1650.2814,onshore_wind_turbine
105,30,959.229600147,onshore_wind_turbine
124,30,5595.819755037601,onshore_wind_turbine
136,30,185.41107,onshore_wind_turbine
144,30,2629.6436699999995,onshore_wind_turbine
11,30,19.125,small_hydroelectric
24,30,62.577,small_hydroelectric
32,30,192.0,small_hydroelectric
39,30,52.9,small_hydroelectric
51,30,25.641,small_hydroelectric
64,30,6.128,small_hydroelectric
81,30,241.672,small_hydroelectric
95,30,418.922,small_hydroelectric
106,30,31.614,small_hydroelectric
125,30,100.697,small_hydroelectric
137,30,36.822,small_hydroelectric
145,30,33.21,small_hydroelectric
12,30,1273.63536,solar_photovoltaic
25,30,589.79562,solar_photovoltaic
33,30,243.8544,solar_photovoltaic
52,30,996.1878599999999,solar_photovoltaic
65,30,2242.9845020238,solar_photovoltaic
82,30,1023.4231199999998,solar_photovoltaic
96,30,18.765060000000002,solar_photovoltaic
107,30,1685.60952399,solar_photovoltaic
126,30,3167.9955866085,solar_photovoltaic
138,30,690.5900099999999,solar_photovoltaic
26,31,11.235,biomass
13,31,15.682,biomass
108,31,137.081,biomass
40,31,5.952,biomass
97,31,178.173,biomass
1,31,16.294,biomass
66,31,228.795,biomass
2,31,850.0237115999998,conventional_hydroelectric
14,31,139.23958399999998,conventional_hydroelectric
27,31,907.1910468000001,conventional_hydroelectric
35,31,1741.5876368000002,conventional_hydroelectric
54,31,970.5926538,conventional_hydroelectric
67,31,2772.472172578992,conventional_hydroelectric
84,31,17867.58147,conventional_hydroelectric
109,31,374.77623320280003,conventional_hydroelectric
128,31,74.26056000000001,conventional_hydroelectric
139,31,162.53811839999997,conventional_hydroelectric
110,31,50.0,conventional_steam_coal
41,31,7219.002,conventional_steam_coal
3,31,11004.154145998817,conventional_steam_coal
36,31,0.0,conventional_steam_coal
85,31,0.0,conventional_steam_coal
28,31,74.364,geothermal
116,31,0.0,natural_gas_fired_combined_cycle
73,31,0.0,natural_gas_fired_combined_cycle
71,31,0.0,natural_gas_fired_combined_cycle
44,31,0.0,natural_gas_fired_combined_cycle
115,31,0.0,natural_gas_fired_combined_cycle
70,31,0.0,natural_gas_fired_combined_cycle
131,31,0.0,natural_gas_fired_combined_cycle
18,31,0.0,natural_gas_fired_combined_cycle
72,31,0.0,natural_gas_fired_combined_cycle
114,31,0.0,natural_gas_fired_combined_cycle
45,31,0.0,natural_gas_fired_combined_cycle
78,31,0.0,natural_gas_fired_combustion_turbine
75,31,0.0,natural_gas_fired_combustion_turbine
119,31,0.0,natural_gas_fired_combustion_turbine
117,31,0.0,natural_gas_fired_combustion_turbine
134,31,0.0,natural_gas_fired_combustion_turbine
103,31,0.0,natural_gas_fired_combustion_turbine
47,31,0.0,natural_gas_fired_combustion_turbine
8,31,0.0,natural_gas_fired_combustion_turbine
90,31,0.0,natural_gas_fired_combustion_turbine
60,31,0.0,natural_gas_fired_combustion_turbine
46,31,0.0,natural_gas_fired_combustion_turbine
37,31,0.0,natural_gas_fired_combustion_turbine
7,31,0.0,natural_gas_fired_combustion_turbine
133,31,0.0,natural_gas_fired_combustion_turbine
74,31,0.0,natural_gas_fired_combustion_turbine
20,31,0.0,natural_gas_fired_combustion_turbine
135,31,0.0,natural_gas_fired_combustion_turbine
142,31,0.0,natural_gas_fired_combustion_turbine
121,31,0.0,natural_gas_fired_combustion_turbine
91,31,0.0,natural_gas_fired_combustion_turbine
22,31,0.0,natural_gas_steam_turbine
123,31,0.0,natural_gas_steam_turbine
62,31,0.0,natural_gas_steam_turbine
49,31,0.0,natural_gas_steam_turbine
48,31,0.0,natural_gas_steam_turbine
21,31,0.0,natural_gas_steam_turbine
79,31,7405.999,nuclear
10,31,0.0,onshore_wind_turbine
23,31,4234.9758,onshore_wind_turbine
31,31,229.0005,onshore_wind_turbine
38,31,254.16180000000003,onshore_wind_turbine
50,31,200.91527999999997,onshore_wind_turbine
63,31,4.3628401488,onshore_wind_turbine
80,31,535.6866,onshore_wind_turbine
94,31,157.62,onshore_wind_turbine
105,31,127.597260609,onshore_wind_turbine
124,31,853.5464988732001,onshore_wind_turbine
136,31,42.78717,onshore_wind_turbine
144,31,2485.9726199999996,onshore_wind_turbine
11,31,19.125,small_hydroelectric
24,31,62.577,small_hydroelectric
32,31,192.0,small_hydroelectric
39,31,52.9,small_hydroelectric
51,31,25.641,small_hydroelectric
64,31,6.128,small_hydroelectric
81,31,241.672,small_hydroelectric
95,31,418.922,small_hydroelectric
106,31,31.614,small_hydroelectric
125,31,100.697,small_hydroelectric
137,31,36.822,small_hydroelectric
145,31,33.21,small_hydroelectric
12,31,2059.9720199999997,solar_photovoltaic
25,31,796.8566399999999,solar_photovoltaic
33,31,378.1554,solar_photovoltaic
52,31,1413.26562,solar_photovoltaic
65,31,3337.9885205829,solar_photovoltaic
82,31,2905.5517499999996,solar_photovoltaic
96,31,84.12792,solar_photovoltaic
107,31,3001.338060228,solar_photovoltaic
126,31,6302.5862363775,solar_photovoltaic
138,31,972.9706799999999,solar_photovoltaic
26,32,11.235,biomass
13,32,15.682,biomass
108,32,137.081,biomass
40,32,5.952,biomass
97,32,178.173,biomass
1,32,16.294,biomass
66,32,228.795,biomass
2,32,850.0237115999998,conventional_hydroelectric
14,32,139.1925436,conventional_hydroelectric
27,32,907.1910468000001,conventional_hydroelectric
35,32,1742.3369216,conventional_hydroelectric
54,32,971.1123543000001,conventional_hydroelectric
67,32,2771.4299965000737,conventional_hydroelectric
84,32,17867.58147,conventional_hydroelectric
109,32,374.69736046860004,conventional_hydroelectric
128,32,74.27574000000001,conventional_hydroelectric
139,32,162.5846976,conventional_hydroelectric
110,32,50.0,conventional_steam_coal
41,32,7219.002,conventional_steam_coal
3,32,3779.4403592039102,conventional_steam_coal
36,32,0.0,conventional_steam_coal
85,32,0.0,conventional_steam_coal
28,32,74.364,geothermal
116,32,0.0,natural_gas_fired_combined_cycle
73,32,0.0,natural_gas_fired_combined_cycle
71,32,0.0,natural_gas_fired_combined_cycle
44,32,0.0,natural_gas_fired_combined_cycle
115,32,0.0,natural_gas_fired_combined_cycle
70,32,0.0,natural_gas_fired_combined_cycle
131,32,0.0,natural_gas_fired_combined_cycle
18,32,0.0,natural_gas_fired_combined_cycle
72,32,0.0,natural_gas_fired_combined_cycle
114,32,0.0,natural_gas_fired_combined_cycle
45,32,0.0,natural_gas_fired_combined_cycle
78,32,0.0,natural_gas_fired_combustion_turbine
75,32,0.0,natural_gas_fired_combustion_turbine
119,32,0.0,natural_gas_fired_combustion_turbine
117,32,0.0,natural_gas_fired_combustion_turbine
134,32,0.0,natural_gas_fired_combustion_turbine
103,32,0.0,natural_gas_fired_combustion_turbine
47,32,0.0,natural_gas_fired_combustion_turbine
8,32,0.0,natural_gas_fired_combustion_turbine
90,32,0.0,natural_gas_fired_combustion_turbine
60,32,0.0,natural_gas_fired_combustion_turbine
46,32,0.0,natural_gas_fired_combustion_turbine
37,32,0.0,natural_gas_fired_combustion_turbine
7,32,0.0,natural_gas_fired_combustion_turbine
133,32,0.0,natural_gas_fired_combustion_turbine
74,32,0.0,natural_gas_fired_combustion_turbine
20,32,0.0,natural_gas_fired_combustion_turbine
135,32,0.0,natural_gas_fired_combustion_turbine
142,32,0.0,natural_gas_fired_combustion_turbine
121,32,0.0,natural_gas_fired_combustion_turbine
91,32,0.0,natural_gas_fired_combustion_turbine
22,32,0.0,natural_gas_steam_turbine
123,32,0.0,natural_gas_steam_turbine
62,32,0.0,natural_gas_steam_turbine
49,32,0.0,natural_gas_steam_turbine
48,32,0.0,natural_gas_steam_turbine
21,32,0.0,natural_gas_steam_turbine
79,32,7405.999,nuclear
10,32,0.7719000000000001,onshore_wind_turbine
23,32,2665.7268,onshore_wind_turbine
31,32,882.4152599999999,onshore_wind_turbine
38,32,621.5278500000001,onshore_wind_turbine
50,32,140.52455999999998,onshore_wind_turbine
63,32,43.9629599208,onshore_wind_turbine
80,32,1172.9345999999998,onshore_wind_turbine
94,32,548.5176,onshore_wind_turbine
105,32,147.523679667,onshore_wind_turbine
124,32,1512.178653183,onshore_wind_turbine
136,32,40.47435000000001,onshore_wind_turbine
144,32,3048.6069899999998,onshore_wind_turbine
11,32,19.125,small_hydroelectric
24,32,62.577,small_hydroelectric
32,32,192.0,small_hydroelectric
39,32,52.9,small_hydroelectric
51,32,25.641,small_hydroelectric
64,32,6.128,small_hydroelectric
81,32,241.672,small_hydroelectric
95,32,418.922,small_hydroelectric
106,32,31.614,small_hydroelectric
125,32,100.697,small_hydroelectric
137,32,36.822,small_hydroelectric
145,32,33.21,small_hydroelectric
12,32,3186.5097599999995,solar_photovoltaic
25,32,946.7476799999998,solar_photovoltaic
33,32,497.66819999999996,solar_photovoltaic
52,32,1944.6843,solar_photovoltaic
65,32,5234.546793542099,solar_photovoltaic
82,32,4343.695349999999,solar_photovoltaic
96,32,123.79902000000001,solar_photovoltaic
107,32,4736.8994412884995,solar_photovoltaic
126,32,9771.418350725999,solar_photovoltaic
138,32,1331.08338,solar_photovoltaic
26,33,11.235,biomass
13,33,15.682,biomass
108,33,137.081,biomass
40,33,5.952,biomass
97,33,178.173,biomass
1,33,16.294,biomass
66,33,228.795,biomass
2,33,850.0237115999998,conventional_hydroelectric
14,33,139.1455032,conventional_hydroelectric
27,33,907.1910468000001,conventional_hydroelectric
35,33,1743.0862063999998,conventional_hydroelectric
54,33,971.6320548,conventional_hydroelectric
67,33,2771.062753708665,conventional_hydroelectric
84,33,17867.58147,conventional_hydroelectric
109,33,374.63661320280005,conventional_hydroelectric
128,33,74.29092,conventional_hydroelectric
139,33,162.6312768,conventional_hydroelectric
110,33,50.0,conventional_steam_coal
41,33,6755.479355625423,conventional_steam_coal
3,33,0.0,conventional_steam_coal
36,33,0.0,conventional_steam_coal
85,33,0.0,conventional_steam_coal
28,33,74.364,geothermal
116,33,0.0,natural_gas_fired_combined_cycle
73,33,0.0,natural_gas_fired_combined_cycle
71,33,0.0,natural_gas_fired_combined_cycle
44,33,0.0,natural_gas_fired_combined_cycle
115,33,0.0,natural_gas_fired_combined_cycle
70,33,0.0,natural_gas_fired_combined_cycle
131,33,0.0,natural_gas_fired_combined_cycle
18,33,0.0,natural_gas_fired_combined_cycle
72,33,0.0,natural_gas_fired_combined_cycle
114,33,0.0,natural_gas_fired_combined_cycle
45,33,0.0,natural_gas_fired_combined_cycle
78,33,0.0,natural_gas_fired_combustion_turbine
75,33,0.0,natural_gas_fired_combustion_turbine
119,33,0.0,natural_gas_fired_combustion_turbine
117,33,0.0,natural_gas_fired_combustion_turbine
134,33,0.0,natural_gas_fired_combustion_turbine
103,33,0.0,natural_gas_fired_combustion_turbine
47,33,0.0,natural_gas_fired_combustion_turbine
8,33,0.0,natural_gas_fired_combustion_turbine
90,33,0.0,natural_gas_fired_combustion_turbine
60,33,0.0,natural_gas_fired_combustion_turbine
46,33,0.0,natural_gas_fired_combustion_turbine
37,33,0.0,natural_gas_fired_combustion_turbine
7,33,0.0,natural_gas_fired_combustion_turbine
133,33,0.0,natural_gas_fired_combustion_turbine
74,33,0.0,natural_gas_fired_combustion_turbine
20,33,0.0,natural_gas_fired_combustion_turbine
135,33,0.0,natural_gas_fired_combustion_turbine
142,33,0.0,natural_gas_fired_combustion_turbine
121,33,0.0,natural_gas_fired_combustion_turbine
91,33,0.0,natural_gas_fired_combustion_turbine
22,33,0.0,natural_gas_steam_turbine
123,33,0.0,natural_gas_steam_turbine
62,33,0.0,natural_gas_steam_turbine
49,33,0.0,natural_gas_steam_turbine
48,33,0.0,natural_gas_steam_turbine
21,33,0.0,natural_gas_steam_turbine
79,33,7405.999,nuclear
10,33,25.086750000000002,onshore_wind_turbine
23,33,4784.4126,onshore_wind_turbine
31,33,972.99768,onshore_wind_turbine
38,33,730.8369,onshore_wind_turbine
50,33,236.04641999999996,onshore_wind_turbine
63,33,65.3954398656,onshore_wind_turbine
80,33,701.37108,onshore_wind_turbine
94,33,423.9978,onshore_wind_turbine
105,33,0.783359829,onshore_wind_turbine
124,33,894.3129005712001,onshore_wind_turbine
136,33,77.47947,onshore_wind_turbine
144,33,3180.2282099999998,onshore_wind_turbine
11,33,19.125,small_hydroelectric
24,33,62.577,small_hydroelectric
32,33,192.0,small_hydroelectric
39,33,52.9,small_hydroelectric
51,33,25.641,small_hydroelectric
64,33,6.128,small_hydroelectric
81,33,241.672,small_hydroelectric
95,33,418.922,small_hydroelectric
106,33,31.614,small_hydroelectric
125,33,100.697,small_hydroelectric
137,33,36.822,small_hydroelectric
145,33,33.21,small_hydroelectric
12,33,3803.9565599999996,solar_photovoltaic
25,33,1015.44774,solar_photovoltaic
33,33,540.9010499999999,solar_photovoltaic
52,33,2060.50632,solar_photovoltaic
65,33,6337.464300813299,solar_photovoltaic
82,33,5362.937819999999,solar_photovoltaic
96,33,181.54251000000002,solar_photovoltaic
107,33,5851.3453505055,solar_photovoltaic
126,33,12106.4007862785,solar_photovoltaic
138,33,1430.4939,solar_photovoltaic
26,34,11.235,biomass
13,34,15.682,biomass
108,34,137.081,biomass
40,34,5.952,biomass
97,34,178.173,biomass
1,34,16.294,biomass
66,34,228.795,biomass
2,34,850.0237115999998,conventional_hydroelectric
14,34,139.09846280000002,conventional_hydroelectric
27,34,907.332156,conventional_hydroelectric
35,34,1743.8354912000002,conventional_hydroelectric
54,34,972.1517553000001,conventional_hydroelectric
67,34,2769.968110217256,conventional_hydroelectric
84,34,17864.6761722,conventional_hydroelectric
109,34,374.5758645408,conventional_hydroelectric
128,34,74.32128,conventional_hydroelectric
139,34,162.677856,conventional_hydroelectric
110,34,50.0,conventional_steam_coal
41,34,6979.035628623817,conventional_steam_coal
3,34,0.0,conventional_steam_coal
36,34,0.0,conventional_steam_coal
85,34,0.0,conventional_steam_coal
28,34,74.364,geothermal
116,34,0.0,natural_gas_fired_combined_cycle
73,34,0.0,natural_gas_fired_combined_cycle
71,34,0.0,natural_gas_fired_combined_cycle
44,34,0.0,natural_gas_fired_combined_cycle
115,34,0.0,natural_gas_fired_combined_cycle
70,34,0.0,natural_gas_fired_combined_cycle
131,34,0.0,natural_gas_fired_combined_cycle
18,34,0.0,natural_gas_fired_combined_cycle
72,34,0.0,natural_gas_fired_combined_cycle
114,34,0.0,natural_gas_fired_combined_cycle
45,34,0.0,natural_gas_fired_combined_cycle
78,34,0.0,natural_gas_fired_combustion_turbine
75,34,0.0,natural_gas_fired_combustion_turbine
119,34,0.0,natural_gas_fired_combustion_turbine
117,34,0.0,natural_gas_fired_combustion_turbine
134,34,0.0,natural_gas_fired_combustion_turbine
103,34,0.0,natural_gas_fired_combustion_turbine
47,34,0.0,natural_gas_fired_combustion_turbine
8,34,0.0,natural_gas_fired_combustion_turbine
90,34,0.0,natural_gas_fired_combustion_turbine
60,34,0.0,natural_gas_fired_combustion_turbine
46,34,0.0,natural_gas_fired_combustion_turbine
37,34,0.0,natural_gas_fired_combustion_turbine
7,34,0.0,natural_gas_fired_combustion_turbine
133,34,0.0,natural_gas_fired_combustion_turbine
74,34,0.0,natural_gas_fired_combustion_turbine
20,34,0.0,natural_gas_fired_combustion_turbine
135,34,0.0,natural_gas_fired_combustion_turbine
142,34,0.0,natural_gas_fired_combustion_turbine
121,34,0.0,natural_gas_fired_combustion_turbine
91,34,0.0,natural_gas_fired_combustion_turbine
22,34,0.0,natural_gas_steam_turbine
123,34,0.0,natural_gas_steam_turbine
62,34,0.0,natural_gas_steam_turbine
49,34,0.0,natural_gas_steam_turbine
48,34,0.0,natural_gas_steam_turbine
21,34,0.0,natural_gas_steam_turbine
79,34,7405.999,nuclear
10,34,25.241130000000002,onshore_wind_turbine
23,34,3934.7022,onshore_wind_turbine
31,34,1879.33077,onshore_wind_turbine
38,34,476.1882,onshore_wind_turbine
50,34,354.79547999999994,onshore_wind_turbine
63,34,42.3825599448,onshore_wind_turbine
80,34,580.69224,onshore_wind_turbine
94,34,329.4258,onshore_wind_turbine
105,34,47.293860285,onshore_wind_turbine
124,34,1078.0270449366,onshore_wind_turbine
136,34,43.17264,onshore_wind_turbine
144,34,3299.7995999999994,onshore_wind_turbine
11,34,19.125,small_hydroelectric
24,34,62.577,small_hydroelectric
32,34,192.0,small_hydroelectric
39,34,52.9,small_hydroelectric
51,34,25.641,small_hydroelectric
64,34,6.128,small_hydroelectric
81,34,241.672,small_hydroelectric
95,34,418.922,small_hydroelectric
106,34,31.614,small_hydroelectric
125,34,100.697,small_hydroelectric
137,34,36.822,small_hydroelectric
145,34,33.21,small_hydroelectric
12,34,4058.1993599999996,solar_photovoltaic
25,34,1131.7093799999998,solar_photovoltaic
33,34,552.294,solar_photovoltaic
52,34,2153.22318,solar_photovoltaic
65,34,7017.392816122199,solar_photovoltaic
82,34,5764.28022,solar_photovoltaic
96,34,206.91942000000003,solar_photovoltaic
107,34,6340.557750757501,solar_photovoltaic
126,34,13116.129899471998,solar_photovoltaic
138,34,1477.4595,solar_photovoltaic
26,35,11.235,biomass
13,35,15.682,biomass
108,35,137.081,biomass
40,35,5.952,biomass
97,35,178.173,biomass
1,35,16.294,biomass
66,35,228.795,biomass
2,35,850.0237115999998,conventional_hydroelectric
14,35,139.09846280000002,conventional_hydroelectric
27,35,907.332156,conventional_hydroelectric
35,35,1744.584776,conventional_hydroelectric
54,35,972.6714558,conventional_hydroelectric
67,35,2768.925926864331,conventional_hydroelectric
84,35,17864.6761722,conventional_hydroelectric
109,35,374.515117275,conventional_hydroelectric
128,35,74.33646,conventional_hydroelectric
139,35,162.7244352,conventional_hydroelectric
110,35,50.0,conventional_steam_coal
41,35,7219.002,conventional_steam_coal
3,35,270.34681732276067,conventional_steam_coal
36,35,0.0,conventional_steam_coal
85,35,0.0,conventional_steam_coal
28,35,74.364,geothermal
116,35,0.0,natural_gas_fired_combined_cycle
73,35,0.0,natural_gas_fired_combined_cycle
71,35,0.0,natural_gas_fired_combined_cycle
44,35,0.0,natural_gas_fired_combined_cycle
115,35,0.0,natural_gas_fired_combined_cycle
70,35,0.0,natural_gas_fired_combined_cycle
131,35,0.0,natural_gas_fired_combined_cycle
18,35,0.0,natural_gas_fired_combined_cycle
72,35,0.0,natural_gas_fired_combined_cycle
114,35,0.0,natural_gas_fired_combined_cycle
45,35,0.0,natural_gas_fired_combined_cycle
78,35,0.0,natural_gas_fired_combustion_turbine
75,35,0.0,natural_gas_fired_combustion_turbine
119,35,0.0,natural_gas_fired_combustion_turbine
117,35,0.0,natural_gas_fired_combustion_turbine
134,35,0.0,natural_gas_fired_combustion_turbine
103,35,0.0,natural_gas_fired_combustion_turbine
47,35,0.0,natural_gas_fired_combustion_turbine
8,35,0.0,natural_gas_fired_combustion_turbine
90,35,0.0,natural_gas_fired_combustion_turbine
60,35,0.0,natural_gas_fired_combustion_turbine
46,35,0.0,natural_gas_fired_combustion_turbine
37,35,0.0,natural_gas_fired_combustion_turbine
7,35,0.0,natural_gas_fired_combustion_turbine
133,35,0.0,natural_gas_fired_combustion_turbine
74,35,0.0,natural_gas_fired_combustion_turbine
20,35,0.0,natural_gas_fired_combustion_turbine
135,35,0.0,natural_gas_fired_combustion_turbine
142,35,0.0,natural_gas_fired_combustion_turbine
121,35,0.0,natural_gas_fired_combustion_turbine
91,35,0.0,natural_gas_fired_combustion_turbine
22,35,0.0,natural_gas_steam_turbine
123,35,0.0,natural_gas_steam_turbine
62,35,0.0,natural_gas_steam_turbine
49,35,0.0,natural_gas_steam_turbine
48,35,0.0,natural_gas_steam_turbine
21,35,0.0,natural_gas_steam_turbine
79,35,7405.999,nuclear
10,35,24.855180000000004,onshore_wind_turbine
23,35,3477.903,onshore_wind_turbine
31,35,3007.0310099999997,onshore_wind_turbine
38,35,405.34425000000005,onshore_wind_turbine
50,35,387.89423999999997,onshore_wind_turbine
63,35,84.9472798344,onshore_wind_turbine
80,35,655.5688799999999,onshore_wind_turbine
94,35,537.4842,onshore_wind_turbine
105,35,150.18402048299998,onshore_wind_turbine
124,35,828.0599101104001,onshore_wind_turbine
136,35,87.50169000000001,onshore_wind_turbine
144,35,2319.1288199999995,onshore_wind_turbine
11,35,19.125,small_hydroelectric
24,35,62.577,small_hydroelectric
32,35,192.0,small_hydroelectric
39,35,52.9,small_hydroelectric
51,35,25.641,small_hydroelectric
64,35,6.128,small_hydroelectric
81,35,241.672,small_hydroelectric
95,35,418.922,small_hydroelectric
106,35,31.614,small_hydroelectric
125,35,100.697,small_hydroelectric
137,35,36.822,small_hydroelectric
145,35,33.21,small_hydroelectric
12,35,4292.465939999999,solar_photovoltaic
25,35,1159.25346,solar_photovoltaic
33,35,544.8999,solar_photovoltaic
52,35,2200.3221599999997,solar_photovoltaic
65,35,7551.6110669961,solar_photovoltaic
82,35,6075.32058,solar_photovoltaic
96,35,263.59242000000006,solar_photovoltaic
107,35,6733.532404797,solar_photovoltaic
126,35,13837.312326717,solar_photovoltaic
138,35,1507.00869,solar_photovoltaic
26,36,11.235,biomass
13,36,15.682,biomass
108,36,137.081,biomass
40,36,5.952,biomass
97,36,178.173,biomass
1,36,16.294,biomass
66,36,228.795,biomass
2,36,850.2999624,conventional_hydroelectric
14,36,139.05142239999998,conventional_hydroelectric
27,36,907.332156,conventional_hydroelectric
35,36,1745.3340607999999,conventional_hydroelectric
54,36,973.1911563000001,conventional_hydroelectric
67,36,2767.8837507854128,conventional_hydroelectric
84,36,17861.7708744,conventional_hydroelectric
109,36,374.45436861300004,conventional_hydroelectric
128,36,74.35164,conventional_hydroelectric
139,36,162.77101439999998,conventional_hydroelectric
110,36,50.0,conventional_steam_coal
41,36,7219.002,conventional_steam_coal
3,36,1271.9102344256876,conventional_steam_coal
36,36,0.0,conventional_steam_coal
85,36,0.0,conventional_steam_coal
28,36,74.364,geothermal
116,36,0.0,natural_gas_fired_combined_cycle
73,36,0.0,natural_gas_fired_combined_cycle
71,36,0.0,natural_gas_fired_combined_cycle
44,36,0.0,natural_gas_fired_combined_cycle
115,36,0.0,natural_gas_fired_combined_cycle
70,36,0.0,natural_gas_fired_combined_cycle
131,36,0.0,natural_gas_fired_combined_cycle
18,36,0.0,natural_gas_fired_combined_cycle
72,36,0.0,natural_gas_fired_combined_cycle
114,36,0.0,natural_gas_fired_combined_cycle
45,36,0.0,natural_gas_fired_combined_cycle
78,36,0.0,natural_gas_fired_combustion_turbine
75,36,0.0,natural_gas_fired_combustion_turbine
119,36,0.0,natural_gas_fired_combustion_turbine
117,36,0.0,natural_gas_fired_combustion_turbine
134,36,0.0,natural_gas_fired_combustion_turbine
103,36,0.0,natural_gas_fired_combustion_turbine
47,36,0.0,natural_gas_fired_combustion_turbine
8,36,0.0,natural_gas_fired_combustion_turbine
90,36,0.0,natural_gas_fired_combustion_turbine
60,36,0.0,natural_gas_fired_combustion_turbine
46,36,0.0,natural_gas_fired_combustion_turbine
37,36,0.0,natural_gas_fired_combustion_turbine
7,36,0.0,natural_gas_fired_combustion_turbine
133,36,0.0,natural_gas_fired_combustion_turbine
74,36,0.0,natural_gas_fired_combustion_turbine
20,36,0.0,natural_gas_fired_combustion_turbine
135,36,0.0,natural_gas_fired_combustion_turbine
142,36,0.0,natural_gas_fired_combustion_turbine
121,36,0.0,natural_gas_fired_combustion_turbine
91,36,0.0,natural_gas_fired_combustion_turbine
22,36,0.0,natural_gas_steam_turbine
123,36,0.0,natural_gas_steam_turbine
62,36,0.0,natural_gas_steam_turbine
49,36,0.0,natural_gas_steam_turbine
48,36,0.0,natural_gas_steam_turbine
21,36,0.0,natural_gas_steam_turbine
79,36,7405.999,nuclear
10,36,7.79619,onshore_wind_turbine
23,36,3508.2498,onshore_wind_turbine
31,36,2731.2126299999995,onshore_wind_turbine
38,36,410.4567,onshore_wind_turbine
50,36,317.92229999999995,onshore_wind_turbine
63,36,44.8434000432,onshore_wind_turbine
80,36,694.20204,onshore_wind_turbine
94,36,614.718,onshore_wind_turbine
105,36,595.668000123,onshore_wind_turbine
124,36,1296.152484297,onshore_wind_turbine
136,36,141.85296,onshore_wind_turbine
144,36,1616.5310399999998,onshore_wind_turbine
11,36,19.125,small_hydroelectric
24,36,62.577,small_hydroelectric
32,36,192.0,small_hydroelectric
39,36,52.9,small_hydroelectric
51,36,25.641,small_hydroelectric
64,36,6.128,small_hydroelectric
81,36,241.672,small_hydroelectric
95,36,418.922,small_hydroelectric
106,36,31.614,small_hydroelectric
125,36,100.697,small_hydroelectric
137,36,36.822,small_hydroelectric
145,36,33.21,small_hydroelectric
12,36,4331.81304,solar_photovoltaic
25,36,1059.64638,solar_photovoltaic
33,36,512.98455,solar_photovoltaic
52,36,2179.88298,solar_photovoltaic
65,36,7589.883747793199,solar_photovoltaic
82,36,6158.93358,solar_photovoltaic
96,36,316.92801000000003,solar_photovoltaic
107,36,6875.0074208324995,solar_photovoltaic
126,36,14049.724326387,solar_photovoltaic
138,36,1487.63538,solar_photovoltaic
26,37,11.235,biomass
13,37,15.682,biomass
108,37,137.081,biomass
40,37,5.952,biomass
97,37,178.173,biomass
1,37,16.294,biomass
66,37,228.795,biomass
2,37,850.2999624,conventional_hydroelectric
14,37,139.004382,conventional_hydroelectric
27,37,907.332156,conventional_hydroelectric
35,37,1746.0833456,conventional_hydroelectric
54,37,973.7108568,conventional_hydroelectric
67,37,2767.516507994004,conventional_hydroelectric
84,37,17861.7708744,conventional_hydroelectric
109,37,374.39362134720005,conventional_hydroelectric
128,37,74.382,conventional_hydroelectric
139,37,162.8175936,conventional_hydroelectric
110,37,50.0,conventional_steam_coal
41,37,7219.002,conventional_steam_coal
3,37,2750.0905382947726,conventional_steam_coal
36,37,0.0,conventional_steam_coal
85,37,0.0,conventional_steam_coal
28,37,74.364,geothermal
116,37,0.0,natural_gas_fired_combined_cycle
73,37,0.0,natural_gas_fired_combined_cycle
71,37,0.0,natural_gas_fired_combined_cycle
44,37,0.0,natural_gas_fired_combined_cycle
115,37,0.0,natural_gas_fired_combined_cycle
70,37,0.0,natural_gas_fired_combined_cycle
131,37,0.0,natural_gas_fired_combined_cycle
18,37,0.0,natural_gas_fired_combined_cycle
72,37,0.0,natural_gas_fired_combined_cycle
114,37,0.0,natural_gas_fired_combined_cycle
45,37,0.0,natural_gas_fired_combined_cycle
78,37,0.0,natural_gas_fired_combustion_turbine
75,37,0.0,natural_gas_fired_combustion_turbine
119,37,0.0,natural_gas_fired_combustion_turbine
117,37,0.0,natural_gas_fired_combustion_turbine
134,37,0.0,natural_gas_fired_combustion_turbine
103,37,0.0,natural_gas_fired_combustion_turbine
47,37,0.0,natural_gas_fired_combustion_turbine
8,37,0.0,natural_gas_fired_combustion_turbine
90,37,0.0,natural_gas_fired_combustion_turbine
60,37,0.0,natural_gas_fired_combustion_turbine
46,37,0.0,natural_gas_fired_combustion_turbine
37,37,0.0,natural_gas_fired_combustion_turbine
7,37,0.0,natural_gas_fired_combustion_turbine
133,37,0.0,natural_gas_fired_combustion_turbine
74,37,0.0,natural_gas_fired_combustion_turbine
20,37,0.0,natural_gas_fired_combustion_turbine
135,37,0.0,natural_gas_fired_combustion_turbine
142,37,0.0,natural_gas_fired_combustion_turbine
121,37,0.0,natural_gas_fired_combustion_turbine
91,37,0.0,natural_gas_fired_combustion_turbine
22,37,0.0,natural_gas_steam_turbine
123,37,0.0,natural_gas_steam_turbine
62,37,0.0,natural_gas_steam_turbine
49,37,0.0,natural_gas_steam_turbine
48,37,0.0,natural_gas_steam_turbine
21,37,0.0,natural_gas_steam_turbine
79,37,7405.999,nuclear
10,37,39.75285,onshore_wind_turbine
23,37,4349.9742,onshore_wind_turbine
31,37,2039.6311199999998,onshore_wind_turbine
38,37,219.83535,onshore_wind_turbine
50,37,629.1667799999999,onshore_wind_turbine
63,37,67.08479994,onshore_wind_turbine
80,37,534.49176,onshore_wind_turbine
94,37,764.457,onshore_wind_turbine
105,37,372.572219565,onshore_wind_turbine
124,37,1447.7507042856,onshore_wind_turbine
136,37,321.09651,onshore_wind_turbine
144,37,1737.9562499999997,onshore_wind_turbine
11,37,19.125,small_hydroelectric
24,37,62.577,small_hydroelectric
32,37,192.0,small_hydroelectric
39,37,52.9,small_hydroelectric
51,37,25.641,small_hydroelectric
64,37,6.128,small_hydroelectric
81,37,241.672,small_hydroelectric
95,37,418.922,small_hydroelectric
106,37,31.614,small_hydroelectric
125,37,100.697,small_hydroelectric
137,37,36.822,small_hydroelectric
145,37,33.21,small_hydroelectric
12,37,4279.7537999999995,solar_photovoltaic
25,37,1028.7393599999998,solar_photovoltaic
33,37,485.21895,solar_photovoltaic
52,37,2130.4142399999996,solar_photovoltaic
65,37,7551.904413833399,solar_photovoltaic
82,37,6101.24061,solar_photovoltaic
96,37,340.22691000000003,solar_photovoltaic
107,37,6840.518192802,solar_photovoltaic
126,37,13789.163871138,solar_photovoltaic
138,37,1489.7879699999999,solar_photovoltaic
26,38,11.235,biomass
13,38,15.682,biomass
108,38,137.081,biomass
40,38,5.952,biomass
97,38,178.173,biomass
1,38,16.294,biomass
66,38,228.795,biomass
2,38,850.2999624,conventional_hydroelectric
14,38,138.9573416,conventional_hydroelectric
27,38,907.4732652,conventional_hydroelectric
35,38,1746.8326304,conventional_hydroelectric
54,38,974.2305573000001,conventional_hydroelectric
67,38,2766.474324641079,conventional_hydroelectric
84,38,17861.7708744,conventional_hydroelectric
109,38,374.39362134720005,conventional_hydroelectric
128,38,74.39718,conventional_hydroelectric
139,38,162.8641728,conventional_hydroelectric
110,38,50.0,conventional_steam_coal
41,38,7219.002,conventional_steam_coal
3,38,1295.0203877672297,conventional_steam_coal
36,38,0.0,conventional_steam_coal
85,38,0.0,conventional_steam_coal
28,38,74.364,geothermal
116,38,0.0,natural_gas_fired_combined_cycle
73,38,0.0,natural_gas_fired_combined_cycle
71,38,0.0,natural_gas_fired_combined_cycle
44,38,0.0,natural_gas_fired_combined_cycle
115,38,0.0,natural_gas_fired_combined_cycle
70,38,0.0,natural_gas_fired_combined_cycle
131,38,0.0,natural_gas_fired_combined_cycle
18,38,0.0,natural_gas_fired_combined_cycle
72,38,0.0,natural_gas_fired_combined_cycle
114,38,0.0,natural_gas_fired_combined_cycle
45,38,0.0,natural_gas_fired_combined_cycle
78,38,0.0,natural_gas_fired_combustion_turbine
75,38,0.0,natural_gas_fired_combustion_turbine
119,38,0.0,natural_gas_fired_combustion_turbine
117,38,0.0,natural_gas_fired_combustion_turbine
134,38,0.0,natural_gas_fired_combustion_turbine
103,38,0.0,natural_gas_fired_combustion_turbine
47,38,0.0,natural_gas_fired_combustion_turbine
8,38,0.0,natural_gas_fired_combustion_turbine
90,38,0.0,natural_gas_fired_combustion_turbine
60,38,0.0,natural_gas_fired_combustion_turbine
46,38,0.0,natural_gas_fired_combustion_turbine
37,38,0.0,natural_gas_fired_combustion_turbine
7,38,0.0,natural_gas_fired_combustion_turbine
133,38,0.0,natural_gas_fired_combustion_turbine
74,38,0.0,natural_gas_fired_combustion_turbine
20,38,0.0,natural_gas_fired_combustion_turbine
135,38,0.0,natural_gas_fired_combustion_turbine
142,38,0.0,natural_gas_fired_combustion_turbine
121,38,0.0,natural_gas_fired_combustion_turbine
91,38,0.0,natural_gas_fired_combustion_turbine
22,38,0.0,natural_gas_steam_turbine
123,38,0.0,natural_gas_steam_turbine
62,38,0.0,natural_gas_steam_turbine
49,38,0.0,natural_gas_steam_turbine
48,38,0.0,natural_gas_steam_turbine
21,38,0.0,natural_gas_steam_turbine
79,38,7405.999,nuclear
10,38,270.55095,onshore_wind_turbine
23,38,5308.294199999999,onshore_wind_turbine
31,38,1665.0880799999998,onshore_wind_turbine
38,38,141.201,onshore_wind_turbine
50,38,685.2023999999999,onshore_wind_turbine
63,38,141.22332001200002,onshore_wind_turbine
80,38,1209.57636,onshore_wind_turbine
94,38,1949.7594000000001,onshore_wind_turbine
105,38,401.169179313,onshore_wind_turbine
124,38,1149.9995995356,onshore_wind_turbine
136,38,340.37001000000004,onshore_wind_turbine
144,38,1928.8997099999997,onshore_wind_turbine
11,38,19.125,small_hydroelectric
24,38,62.577,small_hydroelectric
32,38,192.0,small_hydroelectric
39,38,52.9,small_hydroelectric
51,38,25.641,small_hydroelectric
64,38,6.128,small_hydroelectric
81,38,241.672,small_hydroelectric
95,38,418.922,small_hydroelectric
106,38,31.614,small_hydroelectric
125,38,100.697,small_hydroelectric
137,38,36.822,small_hydroelectric
145,38,33.21,small_hydroelectric
12,38,4349.3679,solar_photovoltaic
25,38,1086.87018,solar_photovoltaic
33,38,477.90029999999996,solar_photovoltaic
52,38,2063.1722999999997,solar_photovoltaic
65,38,7688.763655983899,solar_photovoltaic
82,38,6269.30274,solar_photovoltaic
96,38,357.98445000000004,solar_photovoltaic
107,38,6980.981968686,solar_photovoltaic
126,38,14193.995248614,solar_photovoltaic
138,38,1508.18283,solar_photovoltaic
26,39,11.235,biomass
13,39,15.682,biomass
108,39,137.081,biomass
40,39,5.952,biomass
97,39,178.173,biomass
1,39,16.294,biomass
66,39,228.795,biomass
2,39,850.2999624,conventional_hydroelectric
14,39,138.9103012,conventional_hydroelectric
27,39,907.4732652,conventional_hydroelectric
35,39,1747.5819152,conventional_hydroelectric
54,39,974.7502578,conventional_hydroelectric
67,39,2765.432148562161,conventional_hydroelectric
84,39,17858.8655766,conventional_hydroelectric
109,39,374.3328726852,conventional_hydroelectric
128,39,74.42754000000001,conventional_hydroelectric
139,39,162.910752,conventional_hydroelectric
110,39,50.0,conventional_steam_coal
41,39,7219.002,conventional_steam_coal
3,39,4206.469784928127,conventional_steam_coal
36,39,0.0,conventional_steam_coal
85,39,0.0,conventional_steam_coal
28,39,74.364,geothermal
116,39,0.0,natural_gas_fired_combined_cycle
73,39,0.0,natural_gas_fired_combined_cycle
71,39,0.0,natural_gas_fired_combined_cycle
44,39,0.0,natural_gas_fired_combined_cycle
115,39,0.0,natural_gas_fired_combined_cycle
70,39,0.0,natural_gas_fired_combined_cycle
131,39,0.0,natural_gas_fired_combined_cycle
18,39,0.0,natural_gas_fired_combined_cycle
72,39,0.0,natural_gas_fired_combined_cycle
114,39,0.0,natural_gas_fired_combined_cycle
45,39,0.0,natural_gas_fired_combined_cycle
78,39,0.0,natural_gas_fired_combustion_turbine
75,39,0.0,natural_gas_fired_combustion_turbine
119,39,0.0,natural_gas_fired_combustion_turbine
117,39,0.0,natural_gas_fired_combustion_turbine
134,39,0.0,natural_gas_fired_combustion_turbine
103,39,0.0,natural_gas_fired_combustion_turbine
47,39,0.0,natural_gas_fired_combustion_turbine
8,39,0.0,natural_gas_fired_combustion_turbine
90,39,0.0,natural_gas_fired_combustion_turbine
60,39,0.0,natural_gas_fired_combustion_turbine
46,39,0.0,natural_gas_fired_combustion_turbine
37,39,0.0,natural_gas_fired_combustion_turbine
7,39,0.0,natural_gas_fired_combustion_turbine
133,39,0.0,natural_gas_fired_combustion_turbine
74,39,0.0,natural_gas_fired_combustion_turbine
20,39,0.0,natural_gas_fired_combustion_turbine
135,39,0.0,natural_gas_fired_combustion_turbine
142,39,0.0,natural_gas_fired_combustion_turbine
121,39,0.0,natural_gas_fired_combustion_turbine
91,39,0.0,natural_gas_fired_combustion_turbine
22,39,0.0,natural_gas_steam_turbine
123,39,0.0,natural_gas_steam_turbine
62,39,0.0,natural_gas_steam_turbine
49,39,0.0,natural_gas_steam_turbine
48,39,0.0,natural_gas_steam_turbine
21,39,0.0,natural_gas_steam_turbine
79,39,7405.999,nuclear
10,39,243.61164000000002,onshore_wind_turbine
23,39,5066.3184,onshore_wind_turbine
31,39,1434.0520199999999,onshore_wind_turbine
38,39,116.85600000000001,onshore_wind_turbine
50,39,1284.17382,onshore_wind_turbine
63,39,253.8855600912,onshore_wind_turbine
80,39,1685.91924,onshore_wind_turbine
94,39,911.0436,onshore_wind_turbine
105,39,387.13529988000005,onshore_wind_turbine
124,39,2233.052911485,onshore_wind_turbine
136,39,415.53666000000004,onshore_wind_turbine
144,39,2352.4975799999997,onshore_wind_turbine
11,39,19.125,small_hydroelectric
24,39,62.577,small_hydroelectric
32,39,192.0,small_hydroelectric
39,39,52.9,small_hydroelectric
51,39,25.641,small_hydroelectric
64,39,6.128,small_hydroelectric
81,39,241.672,small_hydroelectric
95,39,418.922,small_hydroelectric
106,39,31.614,small_hydroelectric
125,39,100.697,small_hydroelectric
137,39,36.822,small_hydroelectric
145,39,33.21,small_hydroelectric
12,39,4059.4100399999998,solar_photovoltaic
25,39,868.7594999999999,solar_photovoltaic
33,39,418.97385,solar_photovoltaic
52,39,1982.00802,solar_photovoltaic
65,39,7226.373659433299,solar_photovoltaic
82,39,5944.048169999999,solar_photovoltaic
96,39,371.523,solar_photovoltaic
107,39,6548.2868405295,solar_photovoltaic
126,39,13599.3387620055,solar_photovoltaic
138,39,1468.6534499999998,solar_photovoltaic
26,40,11.235,biomass
13,40,15.682,biomass
108,40,137.081,biomass
40,40,5.952,biomass
97,40,178.173,biomass
1,40,16.294,biomass
66,40,228.795,biomass
2,40,850.2999624,conventional_hydroelectric
14,40,138.9103012,conventional_hydroelectric
27,40,907.4732652,conventional_hydroelectric
35,40,1748.3311999999999,conventional_hydroelectric
54,40,975.2699583000001,conventional_hydroelectric
67,40,2765.064905770752,conventional_hydroelectric
84,40,17858.8655766,conventional_hydroelectric
109,40,374.19325268520004,conventional_hydroelectric
128,40,74.44272000000001,conventional_hydroelectric
139,40,162.9573312,conventional_hydroelectric
110,40,50.0,conventional_steam_coal
41,40,7219.002,conventional_steam_coal
3,40,4175.201983542849,conventional_steam_coal
36,40,0.0,conventional_steam_coal
85,40,0.0,conventional_steam_coal
28,40,74.364,geothermal
116,40,0.0,natural_gas_fired_combined_cycle
73,40,0.0,natural_gas_fired_combined_cycle
71,40,0.0,natural_gas_fired_combined_cycle
44,40,0.0,natural_gas_fired_combined_cycle
115,40,0.0,natural_gas_fired_combined_cycle
70,40,0.0,natural_gas_fired_combined_cycle
131,40,0.0,natural_gas_fired_combined_cycle
18,40,0.0,natural_gas_fired_combined_cycle
72,40,0.0,natural_gas_fired_combined_cycle
114,40,0.0,natural_gas_fired_combined_cycle
45,40,0.0,natural_gas_fired_combined_cycle
78,40,0.0,natural_gas_fired_combustion_turbine
75,40,0.0,natural_gas_fired_combustion_turbine
119,40,0.0,natural_gas_fired_combustion_turbine
117,40,0.0,natural_gas_fired_combustion_turbine
134,40,0.0,natural_gas_fired_combustion_turbine
103,40,0.0,natural_gas_fired_combustion_turbine
47,40,0.0,natural_gas_fired_combustion_turbine
8,40,0.0,natural_gas_fired_combustion_turbine
90,40,0.0,natural_gas_fired_combustion_turbine
60,40,0.0,natural_gas_fired_combustion_turbine
46,40,0.0,natural_gas_fired_combustion_turbine
37,40,0.0,natural_gas_fired_combustion_turbine
7,40,0.0,natural_gas_fired_combustion_turbine
133,40,0.0,natural_gas_fired_combustion_turbine
74,40,0.0,natural_gas_fired_combustion_turbine
20,40,0.0,natural_gas_fired_combustion_turbine
135,40,0.0,natural_gas_fired_combustion_turbine
142,40,0.0,natural_gas_fired_combustion_turbine
121,40,0.0,natural_gas_fired_combustion_turbine
91,40,0.0,natural_gas_fired_combustion_turbine
22,40,0.0,natural_gas_steam_turbine
123,40,0.0,natural_gas_steam_turbine
62,40,0.0,natural_gas_steam_turbine
49,40,0.0,natural_gas_steam_turbine
48,40,0.0,natural_gas_steam_turbine
21,40,0.0,natural_gas_steam_turbine
79,40,7405.999,nuclear
10,40,205.09383000000003,onshore_wind_turbine
23,40,3423.5982000000004,onshore_wind_turbine
31,40,964.34655,onshore_wind_turbine
38,40,168.4674,onshore_wind_turbine
50,40,1200.2655599999998,onshore_wind_turbine
63,40,202.893600132,onshore_wind_turbine
80,40,1312.7308799999998,onshore_wind_turbine
94,40,1967.0975999999998,onshore_wind_turbine
105,40,267.32814003,onshore_wind_turbine
124,40,8100.9374336352,onshore_wind_turbine
136,40,422.86059000000006,onshore_wind_turbine
144,40,1709.2220399999999,onshore_wind_turbine
11,40,19.125,small_hydroelectric
24,40,62.577,small_hydroelectric
32,40,192.0,small_hydroelectric
39,40,52.9,small_hydroelectric
51,40,25.641,small_hydroelectric
64,40,6.128,small_hydroelectric
81,40,241.672,small_hydroelectric
95,40,418.922,small_hydroelectric
106,40,31.614,small_hydroelectric
125,40,100.697,small_hydroelectric
137,40,36.822,small_hydroelectric
145,40,33.21,small_hydroelectric
12,40,3802.7458799999995,solar_photovoltaic
25,40,737.4447,solar_photovoltaic
33,40,290.10525,solar_photovoltaic
52,40,1859.37294,solar_photovoltaic
65,40,6697.9797888045,solar_photovoltaic
82,40,5681.503349999999,solar_photovoltaic
96,40,360.56622000000004,solar_photovoltaic
107,40,6104.7807919185,solar_photovoltaic
126,40,12926.683048581,solar_photovoltaic
138,40,1437.34305,solar_photovoltaic
26,41,11.235,biomass
13,41,15.682,biomass
108,41,137.081,biomass
40,41,5.952,biomass
97,41,178.173,biomass
1,41,16.294,biomass
66,41,228.795,biomass
2,41,850.2999624,conventional_hydroelectric
14,41,138.8632608,conventional_hydroelectric
27,41,907.4732652,conventional_hydroelectric
35,41,1748.8307232000002,conventional_hydroelectric
54,41,975.7896588,conventional_hydroelectric
67,41,2763.970262279343,conventional_hydroelectric
84,41,17858.8655766,conventional_hydroelectric
109,41,374.13250541940005,conventional_hydroelectric
128,41,74.45790000000001,conventional_hydroelectric
139,41,162.9806208,conventional_hydroelectric
110,41,50.0,conventional_steam_coal
41,41,7219.002,conventional_steam_coal
3,41,2740.16925799089,conventional_steam_coal
36,41,0.0,conventional_steam_coal
85,41,0.0,conventional_steam_coal
28,41,74.364,geothermal
116,41,0.0,natural_gas_fired_combined_cycle
73,41,0.0,natural_gas_fired_combined_cycle
71,41,0.0,natural_gas_fired_combined_cycle
44,41,0.0,natural_gas_fired_combined_cycle
115,41,0.0,natural_gas_fired_combined_cycle
70,41,0.0,natural_gas_fired_combined_cycle
131,41,0.0,natural_gas_fired_combined_cycle
18,41,0.0,natural_gas_fired_combined_cycle
72,41,0.0,natural_gas_fired_combined_cycle
114,41,0.0,natural_gas_fired_combined_cycle
45,41,0.0,natural_gas_fired_combined_cycle
78,41,0.0,natural_gas_fired_combustion_turbine
75,41,0.0,natural_gas_fired_combustion_turbine
119,41,0.0,natural_gas_fired_combustion_turbine
117,41,0.0,natural_gas_fired_combustion_turbine
134,41,0.0,natural_gas_fired_combustion_turbine
103,41,0.0,natural_gas_fired_combustion_turbine
47,41,0.0,natural_gas_fired_combustion_turbine
8,41,0.0,natural_gas_fired_combustion_turbine
90,41,0.0,natural_gas_fired_combustion_turbine
60,41,0.0,natural_gas_fired_combustion_turbine
46,41,0.0,natural_gas_fired_combustion_turbine
37,41,0.0,natural_gas_fired_combustion_turbine
7,41,0.0,natural_gas_fired_combustion_turbine
133,41,0.0,natural_gas_fired_combustion_turbine
74,41,0.0,natural_gas_fired_combustion_turbine
20,41,0.0,natural_gas_fired_combustion_turbine
135,41,0.0,natural_gas_fired_combustion_turbine
142,41,0.0,natural_gas_fired_combustion_turbine
121,41,0.0,natural_gas_fired_combustion_turbine
91,41,0.0,natural_gas_fired_combustion_turbine
22,41,0.0,natural_gas_steam_turbine
123,41,0.0,natural_gas_steam_turbine
62,41,0.0,natural_gas_steam_turbine
49,41,0.0,natural_gas_steam_turbine
48,41,0.0,natural_gas_steam_turbine
21,41,0.0,natural_gas_steam_turbine
79,41,7405.999,nuclear
10,41,243.30288000000002,onshore_wind_turbine
23,41,4751.67,onshore_wind_turbine
31,41,1248.3071699999998,onshore_wind_turbine
38,41,271.6902,onshore_wind_turbine
50,41,1345.1452199999999,onshore_wind_turbine
63,41,181.7469600096,onshore_wind_turbine
80,41,2422.3389599999996,onshore_wind_turbine
94,41,3428.235,onshore_wind_turbine
105,41,285.806939985,onshore_wind_turbine
124,41,8983.8948588246,onshore_wind_turbine
136,41,587.4562800000001,onshore_wind_turbine
144,41,1733.3216999999997,onshore_wind_turbine
11,41,19.125,small_hydroelectric
24,41,62.577,small_hydroelectric
32,41,192.0,small_hydroelectric
39,41,52.9,small_hydroelectric
51,41,25.641,small_hydroelectric
64,41,6.128,small_hydroelectric
81,41,241.672,small_hydroelectric
95,41,418.922,small_hydroelectric
106,41,31.614,small_hydroelectric
125,41,100.697,small_hydroelectric
137,41,36.822,small_hydroelectric
145,41,33.21,small_hydroelectric
12,41,3273.6787199999994,solar_photovoltaic
25,41,661.05792,solar_photovoltaic
33,41,237.9693,solar_photovoltaic
52,41,1448.8120199999998,solar_photovoltaic
65,41,5973.834265109699,solar_photovoltaic
82,41,5311.09776,solar_photovoltaic
96,41,328.64043000000004,solar_photovoltaic
107,41,5326.5577237365,solar_photovoltaic
126,41,11918.440198844999,solar_photovoltaic
138,41,1362.0023999999999,solar_photovoltaic
26,42,11.235,biomass
13,42,15.682,biomass
108,42,137.081,biomass
40,42,5.952,biomass
97,42,178.173,biomass
1,42,16.294,biomass
66,42,228.795,biomass
2,42,850.5762132,conventional_hydroelectric
14,42,138.8162204,conventional_hydroelectric
27,42,907.4732652,conventional_hydroelectric
35,42,1749.580008,conventional_hydroelectric
54,42,976.3093593000001,conventional_hydroelectric
67,42,2762.928078926418,conventional_hydroelectric
84,42,17855.9602788,conventional_hydroelectric
109,42,374.0717567574,conventional_hydroelectric
128,42,74.48826000000001,conventional_hydroelectric
139,42,163.0272,conventional_hydroelectric
110,42,50.0,conventional_steam_coal
41,42,7219.002,conventional_steam_coal
3,42,6365.991806840599,conventional_steam_coal
36,42,0.0,conventional_steam_coal
85,42,0.0,conventional_steam_coal
28,42,74.364,geothermal
116,42,0.0,natural_gas_fired_combined_cycle
73,42,0.0,natural_gas_fired_combined_cycle
71,42,0.0,natural_gas_fired_combined_cycle
44,42,0.0,natural_gas_fired_combined_cycle
115,42,0.0,natural_gas_fired_combined_cycle
70,42,0.0,natural_gas_fired_combined_cycle
131,42,0.0,natural_gas_fired_combined_cycle
18,42,0.0,natural_gas_fired_combined_cycle
72,42,0.0,natural_gas_fired_combined_cycle
114,42,0.0,natural_gas_fired_combined_cycle
45,42,0.0,natural_gas_fired_combined_cycle
78,42,0.0,natural_gas_fired_combustion_turbine
75,42,0.0,natural_gas_fired_combustion_turbine
119,42,0.0,natural_gas_fired_combustion_turbine
117,42,0.0,natural_gas_fired_combustion_turbine
134,42,0.0,natural_gas_fired_combustion_turbine
103,42,0.0,natural_gas_fired_combustion_turbine
47,42,0.0,natural_gas_fired_combustion_turbine
8,42,0.0,natural_gas_fired_combustion_turbine
90,42,0.0,natural_gas_fired_combustion_turbine
60,42,0.0,natural_gas_fired_combustion_turbine
46,42,0.0,natural_gas_fired_combustion_turbine
37,42,0.0,natural_gas_fired_combustion_turbine
7,42,0.0,natural_gas_fired_combustion_turbine
133,42,0.0,natural_gas_fired_combustion_turbine
74,42,0.0,natural_gas_fired_combustion_turbine
20,42,0.0,natural_gas_fired_combustion_turbine
135,42,0.0,natural_gas_fired_combustion_turbine
142,42,0.0,natural_gas_fired_combustion_turbine
121,42,0.0,natural_gas_fired_combustion_turbine
91,42,0.0,natural_gas_fired_combustion_turbine
22,42,0.0,natural_gas_steam_turbine
123,42,0.0,natural_gas_steam_turbine
62,42,0.0,natural_gas_steam_turbine
49,42,0.0,natural_gas_steam_turbine
48,42,0.0,natural_gas_steam_turbine
21,42,0.0,natural_gas_steam_turbine
79,42,7405.999,nuclear
10,42,327.59436000000005,onshore_wind_turbine
23,42,6181.9626,onshore_wind_turbine
31,42,1163.32254,onshore_wind_turbine
38,42,310.39875,onshore_wind_turbine
50,42,1579.73994,onshore_wind_turbine
63,42,185.0128799904,onshore_wind_turbine
80,42,1838.46048,onshore_wind_turbine
94,42,6325.2906,onshore_wind_turbine
105,42,317.45760057900003,onshore_wind_turbine
124,42,6779.9644835868,onshore_wind_turbine
136,42,935.92116,onshore_wind_turbine
144,42,2742.7266899999995,onshore_wind_turbine
11,42,19.125,small_hydroelectric
24,42,62.577,small_hydroelectric
32,42,192.0,small_hydroelectric
39,42,52.9,small_hydroelectric
51,42,25.641,small_hydroelectric
64,42,6.128,small_hydroelectric
81,42,241.672,small_hydroelectric
95,42,418.922,small_hydroelectric
106,42,31.614,small_hydroelectric
125,42,100.697,small_hydroelectric
137,42,36.822,small_hydroelectric
145,42,33.21,small_hydroelectric
12,42,2291.81724,solar_photovoltaic
25,42,426.13253999999995,solar_photovoltaic
33,42,150.22095,solar_photovoltaic
52,42,922.13286,solar_photovoltaic
65,42,4484.9573060139,solar_photovoltaic
82,42,4595.37048,solar_photovoltaic
96,42,281.41293,solar_photovoltaic
107,42,3898.3623011355003,solar_photovoltaic
126,42,9544.65827127,solar_photovoltaic
138,42,1090.18899,solar_photovoltaic
26,43,11.235,biomass
13,43,15.682,biomass
108,43,137.081,biomass
40,43,5.952,biomass
97,43,178.173,biomass
1,43,16.294,biomass
66,43,228.795,biomass
2,43,850.5762132,conventional_hydroelectric
14,43,138.76918,conventional_hydroelectric
27,43,907.6143744000001,conventional_hydroelectric
35,43,1750.3292927999998,conventional_hydroelectric
54,43,976.8290598,conventional_hydroelectric
67,43,2761.8859028475,conventional_hydroelectric
84,43,17855.9602788,conventional_hydroelectric
109,43,374.0110094916,conventional_hydroelectric
128,43,74.50344000000001,conventional_hydroelectric
139,43,163.0737792,conventional_hydroelectric
110,43,50.0,conventional_steam_coal
41,43,7219.002,conventional_steam_coal
3,43,14050.987,conventional_steam_coal
36,43,184.20674751110488,conventional_steam_coal
85,43,0.0,conventional_steam_coal
28,43,74.364,geothermal
116,43,0.0,natural_gas_fired_combined_cycle
73,43,0.0,natural_gas_fired_combined_cycle
71,43,0.0,natural_gas_fired_combined_cycle
44,43,0.0,natural_gas_fired_combined_cycle
115,43,0.0,natural_gas_fired_combined_cycle
70,43,0.0,natural_gas_fired_combined_cycle
131,43,0.0,natural_gas_fired_combined_cycle
18,43,0.0,natural_gas_fired_combined_cycle
72,43,0.0,natural_gas_fired_combined_cycle
114,43,0.0,natural_gas_fired_combined_cycle
45,43,0.0,natural_gas_fired_combined_cycle
78,43,0.0,natural_gas_fired_combustion_turbine
75,43,0.0,natural_gas_fired_combustion_turbine
119,43,0.0,natural_gas_fired_combustion_turbine
117,43,0.0,natural_gas_fired_combustion_turbine
134,43,0.0,natural_gas_fired_combustion_turbine
103,43,0.0,natural_gas_fired_combustion_turbine
47,43,0.0,natural_gas_fired_combustion_turbine
8,43,0.0,natural_gas_fired_combustion_turbine
90,43,0.0,natural_gas_fired_combustion_turbine
60,43,0.0,natural_gas_fired_combustion_turbine
46,43,0.0,natural_gas_fired_combustion_turbine
37,43,0.0,natural_gas_fired_combustion_turbine
7,43,0.0,natural_gas_fired_combustion_turbine
133,43,0.0,natural_gas_fired_combustion_turbine
74,43,0.0,natural_gas_fired_combustion_turbine
20,43,0.0,natural_gas_fired_combustion_turbine
135,43,0.0,natural_gas_fired_combustion_turbine
142,43,0.0,natural_gas_fired_combustion_turbine
121,43,0.0,natural_gas_fired_combustion_turbine
91,43,0.0,natural_gas_fired_combustion_turbine
22,43,0.0,natural_gas_steam_turbine
123,43,0.0,natural_gas_steam_turbine
62,43,0.0,natural_gas_steam_turbine
49,43,0.0,natural_gas_steam_turbine
48,43,0.0,natural_gas_steam_turbine
21,43,0.0,natural_gas_steam_turbine
79,43,7405.999,nuclear
10,43,352.7583000000001,onshore_wind_turbine
23,43,5480.7918,onshore_wind_turbine
31,43,997.9332899999999,onshore_wind_turbine
38,43,282.8889,onshore_wind_turbine
50,43,1667.1322799999998,onshore_wind_turbine
63,43,122.0312399544,onshore_wind_turbine
80,43,1737.2973599999998,onshore_wind_turbine
94,43,7037.733,onshore_wind_turbine
105,43,180.691260687,onshore_wind_turbine
124,43,8647.4886279408,onshore_wind_turbine
136,43,792.14085,onshore_wind_turbine
144,43,3606.6068099999993,onshore_wind_turbine
11,43,19.125,small_hydroelectric
24,43,62.577,small_hydroelectric
32,43,192.0,small_hydroelectric
39,43,52.9,small_hydroelectric
51,43,25.641,small_hydroelectric
64,43,6.128,small_hydroelectric
81,43,241.672,small_hydroelectric
95,43,418.922,small_hydroelectric
106,43,31.614,small_hydroelectric
125,43,100.697,small_hydroelectric
137,43,36.822,small_hydroelectric
145,43,33.21,small_hydroelectric
12,43,1172.54358,solar_photovoltaic
25,43,98.32596,solar_photovoltaic
33,43,59.4546,solar_photovoltaic
52,43,159.36636,solar_photovoltaic
65,43,2662.1290753086,solar_photovoltaic
82,43,2801.8716299999996,solar_photovoltaic
96,43,172.41186000000002,solar_photovoltaic
107,43,2023.0169686860002,solar_photovoltaic
126,43,5554.028699373001,solar_photovoltaic
138,43,634.6226699999999,solar_photovoltaic
26,44,11.235,biomass
13,44,15.682,biomass
108,44,137.081,biomass
40,44,5.952,biomass
97,44,178.173,biomass
1,44,16.294,biomass
66,44,228.795,biomass
2,44,850.5762132,conventional_hydroelectric
14,44,138.76918,conventional_hydroelectric
27,44,907.6143744000001,conventional_hydroelectric
35,44,1751.0785775999998,conventional_hydroelectric
54,44,977.3487603000001,conventional_hydroelectric
67,44,2761.518660056091,conventional_hydroelectric
84,44,17855.9602788,conventional_hydroelectric
109,44,374.0110094916,conventional_hydroelectric
128,44,74.5338,conventional_hydroelectric
139,44,163.1203584,conventional_hydroelectric
110,44,50.0,conventional_steam_coal
41,44,7219.002,conventional_steam_coal
3,44,14050.987,conventional_steam_coal
36,44,1534.3663175111046,conventional_steam_coal
85,44,0.0,conventional_steam_coal
28,44,74.364,geothermal
116,44,0.0,natural_gas_fired_combined_cycle
73,44,0.0,natural_gas_fired_combined_cycle
71,44,0.0,natural_gas_fired_combined_cycle
44,44,0.0,natural_gas_fired_combined_cycle
115,44,0.0,natural_gas_fired_combined_cycle
70,44,0.0,natural_gas_fired_combined_cycle
131,44,0.0,natural_gas_fired_combined_cycle
18,44,0.0,natural_gas_fired_combined_cycle
72,44,0.0,natural_gas_fired_combined_cycle
114,44,0.0,natural_gas_fired_combined_cycle
45,44,0.0,natural_gas_fired_combined_cycle
78,44,0.0,natural_gas_fired_combustion_turbine
75,44,0.0,natural_gas_fired_combustion_turbine
119,44,0.0,natural_gas_fired_combustion_turbine
117,44,0.0,natural_gas_fired_combustion_turbine
134,44,0.0,natural_gas_fired_combustion_turbine
103,44,0.0,natural_gas_fired_combustion_turbine
47,44,0.0,natural_gas_fired_combustion_turbine
8,44,0.0,natural_gas_fired_combustion_turbine
90,44,0.0,natural_gas_fired_combustion_turbine
60,44,0.0,natural_gas_fired_combustion_turbine
46,44,0.0,natural_gas_fired_combustion_turbine
37,44,0.0,natural_gas_fired_combustion_turbine
7,44,0.0,natural_gas_fired_combustion_turbine
133,44,0.0,natural_gas_fired_combustion_turbine
74,44,0.0,natural_gas_fired_combustion_turbine
20,44,0.0,natural_gas_fired_combustion_turbine
135,44,0.0,natural_gas_fired_combustion_turbine
142,44,0.0,natural_gas_fired_combustion_turbine
121,44,0.0,natural_gas_fired_combustion_turbine
91,44,0.0,natural_gas_fired_combustion_turbine
22,44,0.0,natural_gas_steam_turbine
123,44,0.0,natural_gas_steam_turbine
62,44,0.0,natural_gas_steam_turbine
49,44,0.0,natural_gas_steam_turbine
48,44,0.0,natural_gas_steam_turbine
21,44,0.0,natural_gas_steam_turbine
79,44,7405.999,nuclear
10,44,242.22222000000005,onshore_wind_turbine
23,44,5970.3336,onshore_wind_turbine
31,44,750.6127499999999,onshore_wind_turbine
38,44,313.07669999999996,onshore_wind_turbine
50,44,1614.2903999999999,onshore_wind_turbine
63,44,92.07540010560001,onshore_wind_turbine
80,44,2032.0245599999998,onshore_wind_turbine
94,44,5337.0132,onshore_wind_turbine
105,44,163.816199442,onshore_wind_turbine
124,44,8766.1842903624,onshore_wind_turbine
136,44,617.13747,onshore_wind_turbine
144,44,1644.3383399999998,onshore_wind_turbine
11,44,19.125,small_hydroelectric
24,44,62.577,small_hydroelectric
32,44,192.0,small_hydroelectric
39,44,52.9,small_hydroelectric
51,44,25.641,small_hydroelectric
64,44,6.128,small_hydroelectric
81,44,241.672,small_hydroelectric
95,44,418.922,small_hydroelectric
106,44,31.614,small_hydroelectric
125,44,100.697,small_hydroelectric
137,44,36.822,small_hydroelectric
145,44,33.21,small_hydroelectric
12,44,0.0,solar_photovoltaic
25,44,0.0,solar_photovoltaic
33,44,2.64075,solar_photovoltaic
52,44,0.0,solar_photovoltaic
65,44,105.61563013739999,solar_photovoltaic
82,44,385.45592999999997,solar_photovoltaic
96,44,100.68903,solar_photovoltaic
107,44,0.0,solar_photovoltaic
126,44,4.936327509000001,solar_photovoltaic
138,44,0.0,solar_photovoltaic
26,45,11.235,biomass
13,45,15.682,biomass
108,45,137.081,biomass
40,45,5.952,biomass
97,45,178.173,biomass
1,45,16.294,biomass
66,45,228.795,biomass
2,45,850.5762132,conventional_hydroelectric
14,45,138.7221396,conventional_hydroelectric
27,45,907.6143744000001,conventional_hydroelectric
35,45,1751.8278624,conventional_hydroelectric
54,45,977.8684608,conventional_hydroelectric
67,45,2760.4764767031656,conventional_hydroelectric
84,45,17853.054981,conventional_hydroelectric
109,45,373.95026082960004,conventional_hydroelectric
128,45,74.54898,conventional_hydroelectric
139,45,163.16693759999998,conventional_hydroelectric
110,45,50.0,conventional_steam_coal
41,45,7219.002,conventional_steam_coal
3,45,14050.987,conventional_steam_coal
36,45,2368.701,conventional_steam_coal
85,45,0.0,conventional_steam_coal
28,45,74.364,geothermal
116,45,0.0,natural_gas_fired_combined_cycle
73,45,0.0,natural_gas_fired_combined_cycle
71,45,0.0,natural_gas_fired_combined_cycle
44,45,0.0,natural_gas_fired_combined_cycle
115,45,0.0,natural_gas_fired_combined_cycle
70,45,0.0,natural_gas_fired_combined_cycle
131,45,0.0,natural_gas_fired_combined_cycle
18,45,0.0,natural_gas_fired_combined_cycle
72,45,0.0,natural_gas_fired_combined_cycle
114,45,0.0,natural_gas_fired_combined_cycle
45,45,0.0,natural_gas_fired_combined_cycle
78,45,0.0,natural_gas_fired_combustion_turbine
75,45,0.0,natural_gas_fired_combustion_turbine
119,45,0.0,natural_gas_fired_combustion_turbine
117,45,0.0,natural_gas_fired_combustion_turbine
134,45,0.0,natural_gas_fired_combustion_turbine
103,45,0.0,natural_gas_fired_combustion_turbine
47,45,0.0,natural_gas_fired_combustion_turbine
8,45,0.0,natural_gas_fired_combustion_turbine
90,45,0.0,natural_gas_fired_combustion_turbine
60,45,0.0,natural_gas_fired_combustion_turbine
46,45,0.0,natural_gas_fired_combustion_turbine
37,45,0.0,natural_gas_fired_combustion_turbine
7,45,0.0,natural_gas_fired_combustion_turbine
133,45,0.0,natural_gas_fired_combustion_turbine
74,45,0.0,natural_gas_fired_combustion_turbine
20,45,0.0,natural_gas_fired_combustion_turbine
135,45,0.0,natural_gas_fired_combustion_turbine
142,45,0.0,natural_gas_fired_combustion_turbine
121,45,0.0,natural_gas_fired_combustion_turbine
91,45,0.0,natural_gas_fired_combustion_turbine
22,45,0.0,natural_gas_steam_turbine
123,45,0.0,natural_gas_steam_turbine
62,45,0.0,natural_gas_steam_turbine
49,45,0.0,natural_gas_steam_turbine
48,45,0.0,natural_gas_steam_turbine
21,45,0.0,natural_gas_steam_turbine
79,45,7405.999,nuclear
10,45,237.66801000000004,onshore_wind_turbine
23,45,5983.111199999999,onshore_wind_turbine
31,45,1593.8434799999998,onshore_wind_turbine
38,45,622.5016499999999,onshore_wind_turbine
50,45,1723.45824,onshore_wind_turbine
63,45,38.9025598368,onshore_wind_turbine
80,45,1583.56128,onshore_wind_turbine
94,45,4492.169999999999,onshore_wind_turbine
105,45,474.935820408,onshore_wind_turbine
124,45,10258.7138392662,onshore_wind_turbine
136,45,1146.38778,onshore_wind_turbine
144,45,2929.0355999999997,onshore_wind_turbine
11,45,19.125,small_hydroelectric
24,45,62.577,small_hydroelectric
32,45,192.0,small_hydroelectric
39,45,52.9,small_hydroelectric
51,45,25.641,small_hydroelectric
64,45,6.128,small_hydroelectric
81,45,241.672,small_hydroelectric
95,45,418.922,small_hydroelectric
106,45,31.614,small_hydroelectric
125,45,100.697,small_hydroelectric
137,45,36.822,small_hydroelectric
145,45,33.21,small_hydroelectric
12,45,0.0,solar_photovoltaic
25,45,0.0,solar_photovoltaic
33,45,0.0,solar_photovoltaic
52,45,0.0,solar_photovoltaic
65,45,0.0,solar_photovoltaic
82,45,0.0,solar_photovoltaic
96,45,0.0,solar_photovoltaic
107,45,0.0,solar_photovoltaic
126,45,0.0,solar_photovoltaic
138,45,0.0,solar_photovoltaic
26,46,11.235,biomass
13,46,15.682,biomass
108,46,137.081,biomass
40,46,5.952,biomass
97,46,178.173,biomass
1,46,16.294,biomass
66,46,228.795,biomass
2,46,850.5762132,conventional_hydroelectric
14,46,138.6750992,conventional_hydroelectric
27,46,907.6143744000001,conventional_hydroelectric
35,46,1752.5771472,conventional_hydroelectric
54,46,978.3881613000001,conventional_hydroelectric
67,46,2759.4343006242475,conventional_hydroelectric
84,46,17853.054981,conventional_hydroelectric
109,46,373.88951356380005,conventional_hydroelectric
128,46,74.56416000000002,conventional_hydroelectric
139,46,163.21351679999998,conventional_hydroelectric
110,46,50.0,conventional_steam_coal
41,46,7219.002,conventional_steam_coal
3,46,14050.987,conventional_steam_coal
36,46,1350.1595699999998,conventional_steam_coal
85,46,0.0,conventional_steam_coal
28,46,74.364,geothermal
116,46,0.0,natural_gas_fired_combined_cycle
73,46,0.0,natural_gas_fired_combined_cycle
71,46,0.0,natural_gas_fired_combined_cycle
44,46,0.0,natural_gas_fired_combined_cycle
115,46,0.0,natural_gas_fired_combined_cycle
70,46,0.0,natural_gas_fired_combined_cycle
131,46,0.0,natural_gas_fired_combined_cycle
18,46,0.0,natural_gas_fired_combined_cycle
72,46,0.0,natural_gas_fired_combined_cycle
114,46,0.0,natural_gas_fired_combined_cycle
45,46,0.0,natural_gas_fired_combined_cycle
78,46,0.0,natural_gas_fired_combustion_turbine
75,46,0.0,natural_gas_fired_combustion_turbine
119,46,0.0,natural_gas_fired_combustion_turbine
117,46,0.0,natural_gas_fired_combustion_turbine
134,46,0.0,natural_gas_fired_combustion_turbine
103,46,0.0,natural_gas_fired_combustion_turbine
47,46,0.0,natural_gas_fired_combustion_turbine
8,46,0.0,natural_gas_fired_combustion_turbine
90,46,0.0,natural_gas_fired_combustion_turbine
60,46,0.0,natural_gas_fired_combustion_turbine
46,46,0.0,natural_gas_fired_combustion_turbine
37,46,0.0,natural_gas_fired_combustion_turbine
7,46,0.0,natural_gas_fired_combustion_turbine
133,46,0.0,natural_gas_fired_combustion_turbine
74,46,0.0,natural_gas_fired_combustion_turbine
20,46,0.0,natural_gas_fired_combustion_turbine
135,46,0.0,natural_gas_fired_combustion_turbine
142,46,0.0,natural_gas_fired_combustion_turbine
121,46,0.0,natural_gas_fired_combustion_turbine
91,46,0.0,natural_gas_fired_combustion_turbine
22,46,0.0,natural_gas_steam_turbine
123,46,0.0,natural_gas_steam_turbine
62,46,0.0,natural_gas_steam_turbine
49,46,0.0,natural_gas_steam_turbine
48,46,0.0,natural_gas_steam_turbine
21,46,0.0,natural_gas_steam_turbine
79,46,7405.999,nuclear
10,46,312.92826,onshore_wind_turbine
23,46,6196.3374,onshore_wind_turbine
31,46,1993.8310199999999,onshore_wind_turbine
38,46,680.6862,onshore_wind_turbine
50,46,1715.0383799999997,onshore_wind_turbine
63,46,3.9090000336000004,onshore_wind_turbine
80,46,1481.9998799999998,onshore_wind_turbine
94,46,7162.2528,onshore_wind_turbine
105,46,828.496800621,onshore_wind_turbine
124,46,10521.965543654402,onshore_wind_turbine
136,46,1268.58177,onshore_wind_turbine
144,46,2548.0755899999995,onshore_wind_turbine
11,46,19.125,small_hydroelectric
24,46,62.577,small_hydroelectric
32,46,192.0,small_hydroelectric
39,46,52.9,small_hydroelectric
51,46,25.641,small_hydroelectric
64,46,6.128,small_hydroelectric
81,46,241.672,small_hydroelectric
95,46,418.922,small_hydroelectric
106,46,31.614,small_hydroelectric
125,46,100.697,small_hydroelectric
137,46,36.822,small_hydroelectric
145,46,33.21,small_hydroelectric
12,46,0.0,solar_photovoltaic
25,46,0.0,solar_photovoltaic
33,46,0.0,solar_photovoltaic
52,46,0.0,solar_photovoltaic
65,46,0.0,solar_photovoltaic
82,46,0.0,solar_photovoltaic
96,46,0.0,solar_photovoltaic
107,46,0.0,solar_photovoltaic
126,46,0.0,solar_photovoltaic
138,46,0.0,solar_photovoltaic
26,47,11.235,biomass
13,47,15.682,biomass
108,47,137.081,biomass
40,47,5.952,biomass
97,47,178.173,biomass
1,47,16.294,biomass
66,47,228.795,biomass
2,47,850.5762132,conventional_hydroelectric
14,47,138.62805880000002,conventional_hydroelectric
27,47,907.6143744000001,conventional_hydroelectric
35,47,1753.3264319999998,conventional_hydroelectric
54,47,978.9078618,conventional_hydroelectric
67,47,2758.3921172713226,conventional_hydroelectric
84,47,17853.054981,conventional_hydroelectric
109,47,373.8287649018,conventional_hydroelectric
128,47,74.59452,conventional_hydroelectric
139,47,163.26009599999998,conventional_hydroelectric
110,47,50.0,conventional_steam_coal
41,47,7219.002,conventional_steam_coal
3,47,11470.831450961077,conventional_steam_coal
36,47,0.0,conventional_steam_coal
85,47,0.0,conventional_steam_coal
28,47,74.364,geothermal
116,47,0.0,natural_gas_fired_combined_cycle
73,47,0.0,natural_gas_fired_combined_cycle
71,47,0.0,natural_gas_fired_combined_cycle
44,47,0.0,natural_gas_fired_combined_cycle
115,47,0.0,natural_gas_fired_combined_cycle
70,47,0.0,natural_gas_fired_combined_cycle
131,47,0.0,natural_gas_fired_combined_cycle
18,47,0.0,natural_gas_fired_combined_cycle
72,47,0.0,natural_gas_fired_combined_cycle
114,47,0.0,natural_gas_fired_combined_cycle
45,47,0.0,natural_gas_fired_combined_cycle
78,47,0.0,natural_gas_fired_combustion_turbine
75,47,0.0,natural_gas_fired_combustion_turbine
119,47,0.0,natural_gas_fired_combustion_turbine
117,47,0.0,natural_gas_fired_combustion_turbine
134,47,0.0,natural_gas_fired_combustion_turbine
103,47,0.0,natural_gas_fired_combustion_turbine
47,47,0.0,natural_gas_fired_combustion_turbine
8,47,0.0,natural_gas_fired_combustion_turbine
90,47,0.0,natural_gas_fired_combustion_turbine
60,47,0.0,natural_gas_fired_combustion_turbine
46,47,0.0,natural_gas_fired_combustion_turbine
37,47,0.0,natural_gas_fired_combustion_turbine
7,47,0.0,natural_gas_fired_combustion_turbine
133,47,0.0,natural_gas_fired_combustion_turbine
74,47,0.0,natural_gas_fired_combustion_turbine
20,47,0.0,natural_gas_fired_combustion_turbine
135,47,0.0,natural_gas_fired_combustion_turbine
142,47,0.0,natural_gas_fired_combustion_turbine
121,47,0.0,natural_gas_fired_combustion_turbine
91,47,0.0,natural_gas_fired_combustion_turbine
22,47,0.0,natural_gas_steam_turbine
123,47,0.0,natural_gas_steam_turbine
62,47,0.0,natural_gas_steam_turbine
49,47,0.0,natural_gas_steam_turbine
48,47,0.0,natural_gas_steam_turbine
21,47,0.0,natural_gas_steam_turbine
79,47,7405.999,nuclear
10,47,296.87274,onshore_wind_turbine
23,47,5991.0972,onshore_wind_turbine
31,47,2617.2212699999995,onshore_wind_turbine
38,47,624.6927,onshore_wind_turbine
50,47,1914.7922999999996,onshore_wind_turbine
63,47,3.8370001464000003,onshore_wind_turbine
80,47,955.07544,onshore_wind_turbine
94,47,6914.7894,onshore_wind_turbine
105,47,954.286739469,onshore_wind_turbine
124,47,10713.6619500504,onshore_wind_turbine
136,47,1680.6492,onshore_wind_turbine
144,47,1666.5841799999996,onshore_wind_turbine
11,47,19.125,small_hydroelectric
24,47,62.577,small_hydroelectric
32,47,192.0,small_hydroelectric
39,47,52.9,small_hydroelectric
51,47,25.641,small_hydroelectric
64,47,6.128,small_hydroelectric
81,47,241.672,small_hydroelectric
95,47,418.922,small_hydroelectric
106,47,31.614,small_hydroelectric
125,47,100.697,small_hydroelectric
137,47,36.822,small_hydroelectric
145,47,33.21,small_hydroelectric
12,47,0.0,solar_photovoltaic
25,47,0.0,solar_photovoltaic
33,47,0.0,solar_photovoltaic
52,47,0.0,solar_photovoltaic
65,47,0.0,solar_photovoltaic
82,47,0.0,solar_photovoltaic
96,47,0.0,solar_photovoltaic
107,47,0.0,solar_photovoltaic
126,47,0.0,solar_photovoltaic
138,47,0.0,solar_photovoltaic
26,48,11.235,biomass
13,48,15.682,biomass
108,48,137.081,biomass
40,48,5.952,biomass
97,48,178.173,biomass
1,48,16.294,biomass
66,48,228.795,biomass
2,48,850.5762132,conventional_hydroelectric
14,48,138.58101839999998,conventional_hydroelectric
27,48,907.7554836,conventional_hydroelectric
35,48,1754.0757168,conventional_hydroelectric
54,48,979.5315024000001,conventional_hydroelectric
67,48,2758.0248744799137,conventional_hydroelectric
84,48,17850.149683199998,conventional_hydroelectric
109,48,373.768017636,conventional_hydroelectric
128,48,74.6097,conventional_hydroelectric
139,48,163.3066752,conventional_hydroelectric
110,48,50.0,conventional_steam_coal
41,48,7219.002,conventional_steam_coal
3,48,6939.140258874673,conventional_steam_coal
36,48,0.0,conventional_steam_coal
85,48,0.0,conventional_steam_coal
28,48,74.364,geothermal
116,48,0.0,natural_gas_fired_combined_cycle
73,48,0.0,natural_gas_fired_combined_cycle
71,48,0.0,natural_gas_fired_combined_cycle
44,48,0.0,natural_gas_fired_combined_cycle
115,48,0.0,natural_gas_fired_combined_cycle
70,48,0.0,natural_gas_fired_combined_cycle
131,48,0.0,natural_gas_fired_combined_cycle
18,48,0.0,natural_gas_fired_combined_cycle
72,48,0.0,natural_gas_fired_combined_cycle
114,48,0.0,natural_gas_fired_combined_cycle
45,48,0.0,natural_gas_fired_combined_cycle
78,48,0.0,natural_gas_fired_combustion_turbine
75,48,0.0,natural_gas_fired_combustion_turbine
119,48,0.0,natural_gas_fired_combustion_turbine
117,48,0.0,natural_gas_fired_combustion_turbine
134,48,0.0,natural_gas_fired_combustion_turbine
103,48,0.0,natural_gas_fired_combustion_turbine
47,48,0.0,natural_gas_fired_combustion_turbine
8,48,0.0,natural_gas_fired_combustion_turbine
90,48,0.0,natural_gas_fired_combustion_turbine
60,48,0.0,natural_gas_fired_combustion_turbine
46,48,0.0,natural_gas_fired_combustion_turbine
37,48,0.0,natural_gas_fired_combustion_turbine
7,48,0.0,natural_gas_fired_combustion_turbine
133,48,0.0,natural_gas_fired_combustion_turbine
74,48,0.0,natural_gas_fired_combustion_turbine
20,48,0.0,natural_gas_fired_combustion_turbine
135,48,0.0,natural_gas_fired_combustion_turbine
142,48,0.0,natural_gas_fired_combustion_turbine
121,48,0.0,natural_gas_fired_combustion_turbine
91,48,0.0,natural_gas_fired_combustion_turbine
22,48,0.0,natural_gas_steam_turbine
123,48,0.0,natural_gas_steam_turbine
62,48,0.0,natural_gas_steam_turbine
49,48,0.0,natural_gas_steam_turbine
48,48,0.0,natural_gas_steam_turbine
21,48,0.0,natural_gas_steam_turbine
79,48,7405.999,nuclear
10,48,302.04447000000005,onshore_wind_turbine
23,48,4540.8396,onshore_wind_turbine
31,48,2807.5461299999997,onshore_wind_turbine
38,48,761.26815,onshore_wind_turbine
50,48,1859.0470199999997,onshore_wind_turbine
63,48,5.562000043200001,onshore_wind_turbine
80,48,1151.82576,onshore_wind_turbine
94,48,6383.610000000001,onshore_wind_turbine
105,48,968.548379967,onshore_wind_turbine
124,48,10547.977626199201,onshore_wind_turbine
136,48,1824.0440400000002,onshore_wind_turbine
144,48,1466.37162,onshore_wind_turbine
11,48,19.125,small_hydroelectric
24,48,62.577,small_hydroelectric
32,48,192.0,small_hydroelectric
39,48,52.9,small_hydroelectric
51,48,25.641,small_hydroelectric
64,48,6.128,small_hydroelectric
81,48,241.672,small_hydroelectric
95,48,418.922,small_hydroelectric
106,48,31.614,small_hydroelectric
125,48,100.697,small_hydroelectric
137,48,36.822,small_hydroelectric
145,48,33.21,small_hydroelectric
12,48,0.0,solar_photovoltaic
25,48,0.0,solar_photovoltaic
33,48,0.0,solar_photovoltaic
52,48,0.0,solar_photovoltaic
65,48,0.0,solar_photovoltaic
82,48,0.0,solar_photovoltaic
96,48,0.0,solar_photovoltaic
107,48,0.0,solar_photovoltaic
126,48,0.0,solar_photovoltaic
138,48,0.0,solar_photovoltaic
26,49,11.235,biomass
13,49,15.682,biomass
108,49,137.081,biomass
40,49,5.952,biomass
97,49,178.173,biomass
1,49,16.294,biomass
66,49,228.795,biomass
2,49,850.8524639999999,conventional_hydroelectric
14,49,138.58101839999998,conventional_hydroelectric
27,49,907.7554836,conventional_hydroelectric
35,49,1754.8250016,conventional_hydroelectric
54,49,980.0512029,conventional_hydroelectric
67,49,2756.9302309885047,conventional_hydroelectric
84,49,17850.149683199998,conventional_hydroelectric
109,49,373.62839763600005,conventional_hydroelectric
128,49,74.62488,conventional_hydroelectric
139,49,163.3532544,conventional_hydroelectric
110,49,50.0,conventional_steam_coal
41,49,7219.002,conventional_steam_coal
3,49,3675.059296243687,conventional_steam_coal
36,49,0.0,conventional_steam_coal
85,49,0.0,conventional_steam_coal
28,49,74.364,geothermal
116,49,0.0,natural_gas_fired_combined_cycle
73,49,0.0,natural_gas_fired_combined_cycle
71,49,0.0,natural_gas_fired_combined_cycle
44,49,0.0,natural_gas_fired_combined_cycle
115,49,0.0,natural_gas_fired_combined_cycle
70,49,0.0,natural_gas_fired_combined_cycle
131,49,0.0,natural_gas_fired_combined_cycle
18,49,0.0,natural_gas_fired_combined_cycle
72,49,0.0,natural_gas_fired_combined_cycle
114,49,0.0,natural_gas_fired_combined_cycle
45,49,0.0,natural_gas_fired_combined_cycle
78,49,0.0,natural_gas_fired_combustion_turbine
75,49,0.0,natural_gas_fired_combustion_turbine
119,49,0.0,natural_gas_fired_combustion_turbine
117,49,0.0,natural_gas_fired_combustion_turbine
134,49,0.0,natural_gas_fired_combustion_turbine
103,49,0.0,natural_gas_fired_combustion_turbine
47,49,0.0,natural_gas_fired_combustion_turbine
8,49,0.0,natural_gas_fired_combustion_turbine
90,49,0.0,natural_gas_fired_combustion_turbine
60,49,0.0,natural_gas_fired_combustion_turbine
46,49,0.0,natural_gas_fired_combustion_turbine
37,49,0.0,natural_gas_fired_combustion_turbine
7,49,0.0,natural_gas_fired_combustion_turbine
133,49,0.0,natural_gas_fired_combustion_turbine
74,49,0.0,natural_gas_fired_combustion_turbine
20,49,0.0,natural_gas_fired_combustion_turbine
135,49,0.0,natural_gas_fired_combustion_turbine
142,49,0.0,natural_gas_fired_combustion_turbine
121,49,0.0,natural_gas_fired_combustion_turbine
91,49,0.0,natural_gas_fired_combustion_turbine
22,49,0.0,natural_gas_steam_turbine
123,49,0.0,natural_gas_steam_turbine
62,49,0.0,natural_gas_steam_turbine
49,49,0.0,natural_gas_steam_turbine
48,49,0.0,natural_gas_steam_turbine
21,49,0.0,natural_gas_steam_turbine
79,49,7405.999,nuclear
10,49,224.15976,onshore_wind_turbine
23,49,4393.0986,onshore_wind_turbine
31,49,2685.4125299999996,onshore_wind_turbine
38,49,660.7233,onshore_wind_turbine
50,49,1739.7172799999996,onshore_wind_turbine
63,49,2.571000156,onshore_wind_turbine
80,49,1322.68788,onshore_wind_turbine
94,49,5354.3514000000005,onshore_wind_turbine
105,49,902.731800537,onshore_wind_turbine
124,49,10393.354136338801,onshore_wind_turbine
136,49,1960.11495,onshore_wind_turbine
144,49,1876.0658399999998,onshore_wind_turbine
11,49,19.125,small_hydroelectric
24,49,62.577,small_hydroelectric
32,49,192.0,small_hydroelectric
39,49,52.9,small_hydroelectric
51,49,25.641,small_hydroelectric
64,49,6.128,small_hydroelectric
81,49,241.672,small_hydroelectric
95,49,418.922,small_hydroelectric
106,49,31.614,small_hydroelectric
125,49,100.697,small_hydroelectric
137,49,36.822,small_hydroelectric
145,49,33.21,small_hydroelectric
12,49,0.0,solar_photovoltaic
25,49,0.0,solar_photovoltaic
33,49,0.0,solar_photovoltaic
52,49,0.0,solar_photovoltaic
65,49,0.0,solar_photovoltaic
82,49,0.0,solar_photovoltaic
96,49,0.0,solar_photovoltaic
107,49,0.0,solar_photovoltaic
126,49,0.0,solar_photovoltaic
138,49,0.0,solar_photovoltaic
26,50,11.235,biomass
13,50,15.682,biomass
108,50,137.081,biomass
40,50,5.952,biomass
97,50,178.173,biomass
1,50,16.294,biomass
66,50,228.795,biomass
2,50,850.8524639999999,conventional_hydroelectric
14,50,138.533978,conventional_hydroelectric
27,50,907.7554836,conventional_hydroelectric
35,50,1755.5742864,conventional_hydroelectric
54,50,980.5709034000001,conventional_hydroelectric
67,50,2755.8880549095866,conventional_hydroelectric
84,50,17850.149683199998,conventional_hydroelectric
109,50,373.62839763600005,conventional_hydroelectric
128,50,74.65524,conventional_hydroelectric
139,50,163.3998336,conventional_hydroelectric
110,50,50.0,conventional_steam_coal
41,50,7219.002,conventional_steam_coal
3,50,906.7052564652288,conventional_steam_coal
36,50,0.0,conventional_steam_coal
85,50,0.0,conventional_steam_coal
28,50,74.364,geothermal
116,50,0.0,natural_gas_fired_combined_cycle
73,50,0.0,natural_gas_fired_combined_cycle
71,50,0.0,natural_gas_fired_combined_cycle
44,50,0.0,natural_gas_fired_combined_cycle
115,50,0.0,natural_gas_fired_combined_cycle
70,50,0.0,natural_gas_fired_combined_cycle
131,50,0.0,natural_gas_fired_combined_cycle
18,50,0.0,natural_gas_fired_combined_cycle
72,50,0.0,natural_gas_fired_combined_cycle
114,50,0.0,natural_gas_fired_combined_cycle
45,50,0.0,natural_gas_fired_combined_cycle
78,50,0.0,natural_gas_fired_combustion_turbine
75,50,0.0,natural_gas_fired_combustion_turbine
119,50,0.0,natural_gas_fired_combustion_turbine
117,50,0.0,natural_gas_fired_combustion_turbine
134,50,0.0,natural_gas_fired_combustion_turbine
103,50,0.0,natural_gas_fired_combustion_turbine
47,50,0.0,natural_gas_fired_combustion_turbine
8,50,0.0,natural_gas_fired_combustion_turbine
90,50,0.0,natural_gas_fired_combustion_turbine
60,50,0.0,natural_gas_fired_combustion_turbine
46,50,0.0,natural_gas_fired_combustion_turbine
37,50,0.0,natural_gas_fired_combustion_turbine
7,50,0.0,natural_gas_fired_combustion_turbine
133,50,0.0,natural_gas_fired_combustion_turbine
74,50,0.0,natural_gas_fired_combustion_turbine
20,50,0.0,natural_gas_fired_combustion_turbine
135,50,0.0,natural_gas_fired_combustion_turbine
142,50,0.0,natural_gas_fired_combustion_turbine
121,50,0.0,natural_gas_fired_combustion_turbine
91,50,0.0,natural_gas_fired_combustion_turbine
22,50,0.0,natural_gas_steam_turbine
123,50,0.0,natural_gas_steam_turbine
62,50,0.0,natural_gas_steam_turbine
49,50,0.0,natural_gas_steam_turbine
48,50,0.0,natural_gas_steam_turbine
21,50,0.0,natural_gas_steam_turbine
79,50,7405.999,nuclear
10,50,186.33666000000002,onshore_wind_turbine
23,50,2512.3956,onshore_wind_turbine
31,50,3004.99545,onshore_wind_turbine
38,50,499.80285000000003,onshore_wind_turbine
50,50,1671.7777199999998,onshore_wind_turbine
63,50,3.1769999016,onshore_wind_turbine
80,50,1238.6508,onshore_wind_turbine
94,50,6864.351,onshore_wind_turbine
105,50,975.7578606300001,onshore_wind_turbine
124,50,10441.932598257601,onshore_wind_turbine
136,50,2121.6268800000003,onshore_wind_turbine
144,50,1866.7967399999998,onshore_wind_turbine
11,50,19.125,small_hydroelectric
24,50,62.577,small_hydroelectric
32,50,192.0,small_hydroelectric
39,50,52.9,small_hydroelectric
51,50,25.641,small_hydroelectric
64,50,6.128,small_hydroelectric
81,50,241.672,small_hydroelectric
95,50,418.922,small_hydroelectric
106,50,31.614,small_hydroelectric
125,50,100.697,small_hydroelectric
137,50,36.822,small_hydroelectric
145,50,33.21,small_hydroelectric
12,50,0.0,solar_photovoltaic
25,50,0.0,solar_photovoltaic
33,50,0.0,solar_photovoltaic
52,50,0.0,solar_photovoltaic
65,50,0.0,solar_photovoltaic
82,50,0.0,solar_photovoltaic
96,50,0.0,solar_photovoltaic
107,50,0.0,solar_photovoltaic
126,50,0.0,solar_photovoltaic
138,50,0.0,solar_photovoltaic
26,51,11.235,biomass
13,51,15.682,biomass
108,51,137.081,biomass
40,51,5.952,biomass
97,51,178.173,biomass
1,51,16.294,biomass
66,51,228.795,biomass
2,51,850.8524639999999,conventional_hydroelectric
14,51,138.4869376,conventional_hydroelectric
27,51,907.7554836,conventional_hydroelectric
35,51,1756.3235712,conventional_hydroelectric
54,51,981.0906039,conventional_hydroelectric
67,51,2755.5208121181777,conventional_hydroelectric
84,51,17847.244385399998,conventional_hydroelectric
109,51,373.567648974,conventional_hydroelectric
128,51,74.67042000000001,conventional_hydroelectric
139,51,163.4464128,conventional_hydroelectric
110,51,50.0,conventional_steam_coal
41,51,6648.202395481436,conventional_steam_coal
3,51,0.0,conventional_steam_coal
36,51,0.0,conventional_steam_coal
85,51,0.0,conventional_steam_coal
28,51,74.364,geothermal
116,51,0.0,natural_gas_fired_combined_cycle
73,51,0.0,natural_gas_fired_combined_cycle
71,51,0.0,natural_gas_fired_combined_cycle
44,51,0.0,natural_gas_fired_combined_cycle
115,51,0.0,natural_gas_fired_combined_cycle
70,51,0.0,natural_gas_fired_combined_cycle
131,51,0.0,natural_gas_fired_combined_cycle
18,51,0.0,natural_gas_fired_combined_cycle
72,51,0.0,natural_gas_fired_combined_cycle
114,51,0.0,natural_gas_fired_combined_cycle
45,51,0.0,natural_gas_fired_combined_cycle
78,51,0.0,natural_gas_fired_combustion_turbine
75,51,0.0,natural_gas_fired_combustion_turbine
119,51,0.0,natural_gas_fired_combustion_turbine
117,51,0.0,natural_gas_fired_combustion_turbine
134,51,0.0,natural_gas_fired_combustion_turbine
103,51,0.0,natural_gas_fired_combustion_turbine
47,51,0.0,natural_gas_fired_combustion_turbine
8,51,0.0,natural_gas_fired_combustion_turbine
90,51,0.0,natural_gas_fired_combustion_turbine
60,51,0.0,natural_gas_fired_combustion_turbine
46,51,0.0,natural_gas_fired_combustion_turbine
37,51,0.0,natural_gas_fired_combustion_turbine
7,51,0.0,natural_gas_fired_combustion_turbine
133,51,0.0,natural_gas_fired_combustion_turbine
74,51,0.0,natural_gas_fired_combustion_turbine
20,51,0.0,natural_gas_fired_combustion_turbine
135,51,0.0,natural_gas_fired_combustion_turbine
142,51,0.0,natural_gas_fired_combustion_turbine
121,51,0.0,natural_gas_fired_combustion_turbine
91,51,0.0,natural_gas_fired_combustion_turbine
22,51,0.0,natural_gas_steam_turbine
123,51,0.0,natural_gas_steam_turbine
62,51,0.0,natural_gas_steam_turbine
49,51,0.0,natural_gas_steam_turbine
48,51,0.0,natural_gas_steam_turbine
21,51,0.0,natural_gas_steam_turbine
79,51,7405.999,nuclear
10,51,84.44586000000001,onshore_wind_turbine
23,51,2445.3132,onshore_wind_turbine
31,51,3067.0800299999996,onshore_wind_turbine
38,51,395.3628,onshore_wind_turbine
50,51,1158.1662599999997,onshore_wind_turbine
63,51,6.0812401032,onshore_wind_turbine
80,51,1466.46696,onshore_wind_turbine
94,51,7062.9522,onshore_wind_turbine
105,51,889.0765201710001,onshore_wind_turbine
124,51,10355.358894652201,onshore_wind_turbine
136,51,2034.5106600000004,onshore_wind_turbine
144,51,2351.5706699999996,onshore_wind_turbine
11,51,19.125,small_hydroelectric
24,51,62.577,small_hydroelectric
32,51,192.0,small_hydroelectric
39,51,52.9,small_hydroelectric
51,51,25.641,small_hydroelectric
64,51,6.128,small_hydroelectric
81,51,241.672,small_hydroelectric
95,51,418.922,small_hydroelectric
106,51,31.614,small_hydroelectric
125,51,100.697,small_hydroelectric
137,51,36.822,small_hydroelectric
145,51,33.21,small_hydroelectric
12,51,0.0,solar_photovoltaic
25,51,0.0,solar_photovoltaic
33,51,0.0,solar_photovoltaic
52,51,0.0,solar_photovoltaic
65,51,0.0,solar_photovoltaic
82,51,0.0,solar_photovoltaic
96,51,0.0,solar_photovoltaic
107,51,0.0,solar_photovoltaic
126,51,0.0,solar_photovoltaic
138,51,0.0,solar_photovoltaic
26,52,11.235,biomass
13,52,15.682,biomass
108,52,137.081,biomass
40,52,5.952,biomass
97,52,178.173,biomass
1,52,16.294,biomass
66,52,228.795,biomass
2,52,850.8524639999999,conventional_hydroelectric
14,52,138.4398972,conventional_hydroelectric
27,52,907.7554836,conventional_hydroelectric
35,52,1757.072856,conventional_hydroelectric
54,52,981.6103044000001,conventional_hydroelectric
67,52,2754.478628765253,conventional_hydroelectric
84,52,17847.244385399998,conventional_hydroelectric
109,52,373.5069017082,conventional_hydroelectric
128,52,74.70078000000001,conventional_hydroelectric
139,52,163.492992,conventional_hydroelectric
110,52,50.0,conventional_steam_coal
41,52,7219.002,conventional_steam_coal
3,52,786.4642217775356,conventional_steam_coal
36,52,0.0,conventional_steam_coal
85,52,0.0,conventional_steam_coal
28,52,74.364,geothermal
116,52,0.0,natural_gas_fired_combined_cycle
73,52,0.0,natural_gas_fired_combined_cycle
71,52,0.0,natural_gas_fired_combined_cycle
44,52,0.0,natural_gas_fired_combined_cycle
115,52,0.0,natural_gas_fired_combined_cycle
70,52,0.0,natural_gas_fired_combined_cycle
131,52,0.0,natural_gas_fired_combined_cycle
18,52,0.0,natural_gas_fired_combined_cycle
72,52,0.0,natural_gas_fired_combined_cycle
114,52,0.0,natural_gas_fired_combined_cycle
45,52,0.0,natural_gas_fired_combined_cycle
78,52,0.0,natural_gas_fired_combustion_turbine
75,52,0.0,natural_gas_fired_combustion_turbine
119,52,0.0,natural_gas_fired_combustion_turbine
117,52,0.0,natural_gas_fired_combustion_turbine
134,52,0.0,natural_gas_fired_combustion_turbine
103,52,0.0,natural_gas_fired_combustion_turbine
47,52,0.0,natural_gas_fired_combustion_turbine
8,52,0.0,natural_gas_fired_combustion_turbine
90,52,0.0,natural_gas_fired_combustion_turbine
60,52,0.0,natural_gas_fired_combustion_turbine
46,52,0.0,natural_gas_fired_combustion_turbine
37,52,0.0,natural_gas_fired_combustion_turbine
7,52,0.0,natural_gas_fired_combustion_turbine
133,52,0.0,natural_gas_fired_combustion_turbine
74,52,0.0,natural_gas_fired_combustion_turbine
20,52,0.0,natural_gas_fired_combustion_turbine
135,52,0.0,natural_gas_fired_combustion_turbine
142,52,0.0,natural_gas_fired_combustion_turbine
121,52,0.0,natural_gas_fired_combustion_turbine
91,52,0.0,natural_gas_fired_combustion_turbine
22,52,0.0,natural_gas_steam_turbine
123,52,0.0,natural_gas_steam_turbine
62,52,0.0,natural_gas_steam_turbine
49,52,0.0,natural_gas_steam_turbine
48,52,0.0,natural_gas_steam_turbine
21,52,0.0,natural_gas_steam_turbine
79,52,7405.999,nuclear
10,52,40.29318000000001,onshore_wind_turbine
23,52,2089.9362,onshore_wind_turbine
31,52,3109.8267899999996,onshore_wind_turbine
38,52,157.26870000000002,onshore_wind_turbine
50,52,823.40424,onshore_wind_turbine
63,52,25.044599997600002,onshore_wind_turbine
80,52,1802.61528,onshore_wind_turbine
94,52,5707.4202,onshore_wind_turbine
105,52,879.0214802670001,onshore_wind_turbine
124,52,10505.002134884402,onshore_wind_turbine
136,52,1947.00897,onshore_wind_turbine
144,52,2606.4709199999998,onshore_wind_turbine
11,52,19.125,small_hydroelectric
24,52,62.577,small_hydroelectric
32,52,192.0,small_hydroelectric
39,52,52.9,small_hydroelectric
51,52,25.641,small_hydroelectric
64,52,6.128,small_hydroelectric
81,52,241.672,small_hydroelectric
95,52,418.922,small_hydroelectric
106,52,31.614,small_hydroelectric
125,52,100.697,small_hydroelectric
137,52,36.822,small_hydroelectric
145,52,33.21,small_hydroelectric
12,52,0.0,solar_photovoltaic
25,52,0.0,solar_photovoltaic
33,52,0.0,solar_photovoltaic
52,52,0.0,solar_photovoltaic
65,52,0.0,solar_photovoltaic
82,52,0.0,solar_photovoltaic
96,52,0.0,solar_photovoltaic
107,52,0.0,solar_photovoltaic
126,52,0.0,solar_photovoltaic
138,52,0.0,solar_photovoltaic
26,53,11.235,biomass
13,53,15.682,biomass
108,53,137.081,biomass
40,53,5.952,biomass
97,53,178.173,biomass
1,53,16.294,biomass
66,53,228.795,biomass
2,53,850.8524639999999,conventional_hydroelectric
14,53,138.3928568,conventional_hydroelectric
27,53,907.8965928,conventional_hydroelectric
35,53,1757.5723792,conventional_hydroelectric
54,53,982.1300049,conventional_hydroelectric
67,53,2753.4364526863346,conventional_hydroelectric
84,53,17847.244385399998,conventional_hydroelectric
109,53,373.44615304620004,conventional_hydroelectric
128,53,74.71596000000001,conventional_hydroelectric
139,53,163.51628159999999,conventional_hydroelectric
110,53,50.0,conventional_steam_coal
41,53,7219.002,conventional_steam_coal
3,53,4639.926655226465,conventional_steam_coal
36,53,0.0,conventional_steam_coal
85,53,0.0,conventional_steam_coal
28,53,74.364,geothermal
116,53,0.0,natural_gas_fired_combined_cycle
73,53,0.0,natural_gas_fired_combined_cycle
71,53,0.0,natural_gas_fired_combined_cycle
44,53,0.0,natural_gas_fired_combined_cycle
115,53,0.0,natural_gas_fired_combined_cycle
70,53,0.0,natural_gas_fired_combined_cycle
131,53,0.0,natural_gas_fired_combined_cycle
18,53,0.0,natural_gas_fired_combined_cycle
72,53,0.0,natural_gas_fired_combined_cycle
114,53,0.0,natural_gas_fired_combined_cycle
45,53,0.0,natural_gas_fired_combined_cycle
78,53,0.0,natural_gas_fired_combustion_turbine
75,53,0.0,natural_gas_fired_combustion_turbine
119,53,0.0,natural_gas_fired_combustion_turbine
117,53,0.0,natural_gas_fired_combustion_turbine
134,53,0.0,natural_gas_fired_combustion_turbine
103,53,0.0,natural_gas_fired_combustion_turbine
47,53,0.0,natural_gas_fired_combustion_turbine
8,53,0.0,natural_gas_fired_combustion_turbine
90,53,0.0,natural_gas_fired_combustion_turbine
60,53,0.0,natural_gas_fired_combustion_turbine
46,53,0.0,natural_gas_fired_combustion_turbine
37,53,0.0,natural_gas_fired_combustion_turbine
7,53,0.0,natural_gas_fired_combustion_turbine
133,53,0.0,natural_gas_fired_combustion_turbine
74,53,0.0,natural_gas_fired_combustion_turbine
20,53,0.0,natural_gas_fired_combustion_turbine
135,53,0.0,natural_gas_fired_combustion_turbine
142,53,0.0,natural_gas_fired_combustion_turbine
121,53,0.0,natural_gas_fired_combustion_turbine
91,53,0.0,natural_gas_fired_combustion_turbine
22,53,0.0,natural_gas_steam_turbine
123,53,0.0,natural_gas_steam_turbine
62,53,0.0,natural_gas_steam_turbine
49,53,0.0,natural_gas_steam_turbine
48,53,0.0,natural_gas_steam_turbine
21,53,0.0,natural_gas_steam_turbine
79,53,7405.999,nuclear
10,53,7.333050000000001,onshore_wind_turbine
23,53,2796.6972,onshore_wind_turbine
31,53,2968.35537,onshore_wind_turbine
38,53,150.20865,onshore_wind_turbine
50,53,490.3842599999999,onshore_wind_turbine
63,53,57.220679952000005,onshore_wind_turbine
80,53,1102.0407599999999,onshore_wind_turbine
94,53,4856.272199999999,onshore_wind_turbine
105,53,940.4050195259999,onshore_wind_turbine
124,53,10555.744204863,onshore_wind_turbine
136,53,1783.95516,onshore_wind_turbine
144,53,2409.966,onshore_wind_turbine
11,53,19.125,small_hydroelectric
24,53,62.577,small_hydroelectric
32,53,192.0,small_hydroelectric
39,53,52.9,small_hydroelectric
51,53,25.641,small_hydroelectric
64,53,6.128,small_hydroelectric
81,53,241.672,small_hydroelectric
95,53,418.922,small_hydroelectric
106,53,31.614,small_hydroelectric
125,53,100.697,small_hydroelectric
137,53,36.822,small_hydroelectric
145,53,33.21,small_hydroelectric
12,53,0.0,solar_photovoltaic
25,53,132.1155,solar_photovoltaic
33,53,0.0,solar_photovoltaic
52,53,4.4433,solar_photovoltaic
65,53,0.0,solar_photovoltaic
82,53,0.0,solar_photovoltaic
96,53,0.0,solar_photovoltaic
107,53,0.0,solar_photovoltaic
126,53,0.0,solar_photovoltaic
138,53,60.6639,solar_photovoltaic
26,54,11.235,biomass
13,54,15.682,biomass
108,54,137.081,biomass
40,54,5.952,biomass
97,54,178.173,biomass
1,54,16.294,biomass
66,54,228.795,biomass
2,54,850.8524639999999,conventional_hydroelectric
14,54,138.3928568,conventional_hydroelectric
27,54,907.8965928,conventional_hydroelectric
35,54,1757.5723792,conventional_hydroelectric
54,54,982.1300049,conventional_hydroelectric
67,54,2753.4364526863346,conventional_hydroelectric
84,54,17847.244385399998,conventional_hydroelectric
109,54,373.44615304620004,conventional_hydroelectric
128,54,74.71596000000001,conventional_hydroelectric
139,54,163.51628159999999,conventional_hydroelectric
110,54,50.0,conventional_steam_coal
41,54,4792.495682942892,conventional_steam_coal
3,54,0.0,conventional_steam_coal
36,54,0.0,conventional_steam_coal
85,54,0.0,conventional_steam_coal
28,54,74.364,geothermal
116,54,0.0,natural_gas_fired_combined_cycle
73,54,0.0,natural_gas_fired_combined_cycle
71,54,0.0,natural_gas_fired_combined_cycle
44,54,0.0,natural_gas_fired_combined_cycle
115,54,0.0,natural_gas_fired_combined_cycle
70,54,0.0,natural_gas_fired_combined_cycle
131,54,0.0,natural_gas_fired_combined_cycle
18,54,0.0,natural_gas_fired_combined_cycle
72,54,0.0,natural_gas_fired_combined_cycle
114,54,0.0,natural_gas_fired_combined_cycle
45,54,0.0,natural_gas_fired_combined_cycle
78,54,0.0,natural_gas_fired_combustion_turbine
75,54,0.0,natural_gas_fired_combustion_turbine
119,54,0.0,natural_gas_fired_combustion_turbine
117,54,0.0,natural_gas_fired_combustion_turbine
134,54,0.0,natural_gas_fired_combustion_turbine
103,54,0.0,natural_gas_fired_combustion_turbine
47,54,0.0,natural_gas_fired_combustion_turbine
8,54,0.0,natural_gas_fired_combustion_turbine
90,54,0.0,natural_gas_fired_combustion_turbine
60,54,0.0,natural_gas_fired_combustion_turbine
46,54,0.0,natural_gas_fired_combustion_turbine
37,54,0.0,natural_gas_fired_combustion_turbine
7,54,0.0,natural_gas_fired_combustion_turbine
133,54,0.0,natural_gas_fired_combustion_turbine
74,54,0.0,natural_gas_fired_combustion_turbine
20,54,0.0,natural_gas_fired_combustion_turbine
135,54,0.0,natural_gas_fired_combustion_turbine
142,54,0.0,natural_gas_fired_combustion_turbine
121,54,0.0,natural_gas_fired_combustion_turbine
91,54,0.0,natural_gas_fired_combustion_turbine
22,54,0.0,natural_gas_steam_turbine
123,54,0.0,natural_gas_steam_turbine
62,54,0.0,natural_gas_steam_turbine
49,54,0.0,natural_gas_steam_turbine
48,54,0.0,natural_gas_steam_turbine
21,54,0.0,natural_gas_steam_turbine
79,54,7405.999,nuclear
10,54,39.13533,onshore_wind_turbine
23,54,2504.4096,onshore_wind_turbine
31,54,2921.0285999999996,onshore_wind_turbine
38,54,311.1291,onshore_wind_turbine
50,54,635.2639199999999,onshore_wind_turbine
63,54,32.1926398584,onshore_wind_turbine
80,54,1196.8313999999998,onshore_wind_turbine
94,54,5504.0904,onshore_wind_turbine
105,54,1063.6375805999999,onshore_wind_turbine
124,54,10721.203978676402,onshore_wind_turbine
136,54,1452.06549,onshore_wind_turbine
144,54,1908.5076899999997,onshore_wind_turbine
11,54,19.125,small_hydroelectric
24,54,62.577,small_hydroelectric
32,54,192.0,small_hydroelectric
39,54,52.9,small_hydroelectric
51,54,25.641,small_hydroelectric
64,54,6.128,small_hydroelectric
81,54,241.672,small_hydroelectric
95,54,418.922,small_hydroelectric
106,54,31.614,small_hydroelectric
125,54,100.697,small_hydroelectric
137,54,36.822,small_hydroelectric
145,54,33.21,small_hydroelectric
12,54,1258.5018599999999,solar_photovoltaic
25,54,567.53616,solar_photovoltaic
33,54,212.31629999999998,solar_photovoltaic
52,54,936.94386,solar_photovoltaic
65,54,2238.7674627287997,solar_photovoltaic
82,54,403.01465999999994,solar_photovoltaic
96,54,114.79431,solar_photovoltaic
107,54,1580.3912699505,solar_photovoltaic
126,54,2875.6908648105004,solar_photovoltaic
138,54,616.6191899999999,solar_photovoltaic
26,55,11.235,biomass
13,55,15.682,biomass
108,55,137.081,biomass
40,55,5.952,biomass
97,55,178.173,biomass
1,55,16.294,biomass
66,55,228.795,biomass
2,55,850.8524639999999,conventional_hydroelectric
14,55,138.3928568,conventional_hydroelectric
27,55,907.8965928,conventional_hydroelectric
35,55,1757.5723792,conventional_hydroelectric
54,55,982.1300049,conventional_hydroelectric
67,55,2753.4364526863346,conventional_hydroelectric
84,55,17847.244385399998,conventional_hydroelectric
109,55,373.44615304620004,conventional_hydroelectric
128,55,74.71596000000001,conventional_hydroelectric
139,55,163.51628159999999,conventional_hydroelectric
110,55,50.0,conventional_steam_coal
41,55,1898.103008267485,conventional_steam_coal
3,55,0.0,conventional_steam_coal
36,55,0.0,conventional_steam_coal
85,55,0.0,conventional_steam_coal
28,55,74.364,geothermal
116,55,0.0,natural_gas_fired_combined_cycle
73,55,0.0,natural_gas_fired_combined_cycle
71,55,0.0,natural_gas_fired_combined_cycle
44,55,0.0,natural_gas_fired_combined_cycle
115,55,0.0,natural_gas_fired_combined_cycle
70,55,0.0,natural_gas_fired_combined_cycle
131,55,0.0,natural_gas_fired_combined_cycle
18,55,0.0,natural_gas_fired_combined_cycle
72,55,0.0,natural_gas_fired_combined_cycle
114,55,0.0,natural_gas_fired_combined_cycle
45,55,0.0,natural_gas_fired_combined_cycle
78,55,0.0,natural_gas_fired_combustion_turbine
75,55,0.0,natural_gas_fired_combustion_turbine
119,55,0.0,natural_gas_fired_combustion_turbine
117,55,0.0,natural_gas_fired_combustion_turbine
134,55,0.0,natural_gas_fired_combustion_turbine
103,55,0.0,natural_gas_fired_combustion_turbine
47,55,0.0,natural_gas_fired_combustion_turbine
8,55,0.0,natural_gas_fired_combustion_turbine
90,55,0.0,natural_gas_fired_combustion_turbine
60,55,0.0,natural_gas_fired_combustion_turbine
46,55,0.0,natural_gas_fired_combustion_turbine
37,55,0.0,natural_gas_fired_combustion_turbine
7,55,0.0,natural_gas_fired_combustion_turbine
133,55,0.0,natural_gas_fired_combustion_turbine
74,55,0.0,natural_gas_fired_combustion_turbine
20,55,0.0,natural_gas_fired_combustion_turbine
135,55,0.0,natural_gas_fired_combustion_turbine
142,55,0.0,natural_gas_fired_combustion_turbine
121,55,0.0,natural_gas_fired_combustion_turbine
91,55,0.0,natural_gas_fired_combustion_turbine
22,55,0.0,natural_gas_steam_turbine
123,55,0.0,natural_gas_steam_turbine
62,55,0.0,natural_gas_steam_turbine
49,55,0.0,natural_gas_steam_turbine
48,55,0.0,natural_gas_steam_turbine
21,55,0.0,natural_gas_steam_turbine
79,55,7405.999,nuclear
10,55,2.7016500000000003,onshore_wind_turbine
23,55,2880.5502,onshore_wind_turbine
31,55,2308.83393,onshore_wind_turbine
38,55,500.77664999999996,onshore_wind_turbine
50,55,321.40637999999996,onshore_wind_turbine
63,55,28.688639899200002,onshore_wind_turbine
80,55,1306.75668,onshore_wind_turbine
94,55,4641.909,onshore_wind_turbine
105,55,827.531759376,onshore_wind_turbine
124,55,10080.846594640801,onshore_wind_turbine
136,55,904.31262,onshore_wind_turbine
144,55,1010.3318999999998,onshore_wind_turbine
11,55,19.125,small_hydroelectric
24,55,62.577,small_hydroelectric
32,55,192.0,small_hydroelectric
39,55,52.9,small_hydroelectric
51,55,25.641,small_hydroelectric
64,55,6.128,small_hydroelectric
81,55,241.672,small_hydroelectric
95,55,418.922,small_hydroelectric
106,55,31.614,small_hydroelectric
125,55,100.697,small_hydroelectric
137,55,36.822,small_hydroelectric
145,55,33.21,small_hydroelectric
12,55,2239.1526599999997,solar_photovoltaic
25,55,879.9692999999999,solar_photovoltaic
33,55,387.13395,solar_photovoltaic
52,55,1478.7302399999999,solar_photovoltaic
65,55,3575.617198605,solar_photovoltaic
82,55,2790.1658099999995,solar_photovoltaic
96,55,216.93165,solar_photovoltaic
107,55,3173.315128284,solar_photovoltaic
126,55,6478.312800495,solar_photovoltaic
138,55,987.2560499999998,solar_photovoltaic
26,56,11.235,biomass
13,56,15.682,biomass
108,56,137.081,biomass
40,56,5.952,biomass
97,56,178.173,biomass
1,56,16.294,biomass
66,56,228.795,biomass
2,56,850.8524639999999,conventional_hydroelectric
14,56,138.3928568,conventional_hydroelectric
27,56,907.8965928,conventional_hydroelectric
35,56,1757.5723792,conventional_hydroelectric
54,56,982.1300049,conventional_hydroelectric
67,56,2753.4364526863346,conventional_hydroelectric
84,56,17847.244385399998,conventional_hydroelectric
109,56,373.44615304620004,conventional_hydroelectric
128,56,74.71596000000001,conventional_hydroelectric
139,56,163.51628159999999,conventional_hydroelectric
110,56,50.0,conventional_steam_coal
41,56,417.0700133608634,conventional_steam_coal
3,56,0.0,conventional_steam_coal
36,56,0.0,conventional_steam_coal
85,56,0.0,conventional_steam_coal
28,56,74.364,geothermal
116,56,0.0,natural_gas_fired_combined_cycle
73,56,0.0,natural_gas_fired_combined_cycle
71,56,0.0,natural_gas_fired_combined_cycle
44,56,0.0,natural_gas_fired_combined_cycle
115,56,0.0,natural_gas_fired_combined_cycle
70,56,0.0,natural_gas_fired_combined_cycle
131,56,0.0,natural_gas_fired_combined_cycle
18,56,0.0,natural_gas_fired_combined_cycle
72,56,0.0,natural_gas_fired_combined_cycle
114,56,0.0,natural_gas_fired_combined_cycle
45,56,0.0,natural_gas_fired_combined_cycle
78,56,0.0,natural_gas_fired_combustion_turbine
75,56,0.0,natural_gas_fired_combustion_turbine
119,56,0.0,natural_gas_fired_combustion_turbine
117,56,0.0,natural_gas_fired_combustion_turbine
134,56,0.0,natural_gas_fired_combustion_turbine
103,56,0.0,natural_gas_fired_combustion_turbine
47,56,0.0,natural_gas_fired_combustion_turbine
8,56,0.0,natural_gas_fired_combustion_turbine
90,56,0.0,natural_gas_fired_combustion_turbine
60,56,0.0,natural_gas_fired_combustion_turbine
46,56,0.0,natural_gas_fired_combustion_turbine
37,56,0.0,natural_gas_fired_combustion_turbine
7,56,0.0,natural_gas_fired_combustion_turbine
133,56,0.0,natural_gas_fired_combustion_turbine
74,56,0.0,natural_gas_fired_combustion_turbine
20,56,0.0,natural_gas_fired_combustion_turbine
135,56,0.0,natural_gas_fired_combustion_turbine
142,56,0.0,natural_gas_fired_combustion_turbine
121,56,0.0,natural_gas_fired_combustion_turbine
91,56,0.0,natural_gas_fired_combustion_turbine
22,56,0.0,natural_gas_steam_turbine
123,56,0.0,natural_gas_steam_turbine
62,56,0.0,natural_gas_steam_turbine
49,56,0.0,natural_gas_steam_turbine
48,56,0.0,natural_gas_steam_turbine
21,56,0.0,natural_gas_steam_turbine
79,56,7405.999,nuclear
10,56,0.0,onshore_wind_turbine
23,56,2733.6077999999998,onshore_wind_turbine
31,56,1410.6430799999998,onshore_wind_turbine
38,56,371.5047,onshore_wind_turbine
50,56,214.56125999999995,onshore_wind_turbine
63,56,21.1721998872,onshore_wind_turbine
80,56,1006.0552799999999,onshore_wind_turbine
94,56,5242.4412,onshore_wind_turbine
105,56,73.053599787,onshore_wind_turbine
124,56,9248.2435554036,onshore_wind_turbine
136,56,805.6323,onshore_wind_turbine
144,56,1456.1756099999998,onshore_wind_turbine
11,56,19.125,small_hydroelectric
24,56,62.577,small_hydroelectric
32,56,192.0,small_hydroelectric
39,56,52.9,small_hydroelectric
51,56,25.641,small_hydroelectric
64,56,6.128,small_hydroelectric
81,56,241.672,small_hydroelectric
95,56,418.922,small_hydroelectric
106,56,31.614,small_hydroelectric
125,56,100.697,small_hydroelectric
137,56,36.822,small_hydroelectric
145,56,33.21,small_hydroelectric
12,56,3148.3733399999996,solar_photovoltaic
25,56,1090.5534,solar_photovoltaic
33,56,474.80685,solar_photovoltaic
52,56,1870.3330799999999,solar_photovoltaic
65,56,5134.1468682678,solar_photovoltaic
82,56,4244.19588,solar_photovoltaic
96,56,296.71464000000003,solar_photovoltaic
107,56,4704.602644824,solar_photovoltaic
126,56,9508.193378036998,solar_photovoltaic
138,56,1215.43059,solar_photovoltaic
26,57,11.235,biomass
13,57,15.682,biomass
108,57,137.081,biomass
40,57,5.952,biomass
97,57,178.173,biomass
1,57,16.294,biomass
66,57,228.795,biomass
2,57,850.8524639999999,conventional_hydroelectric
14,57,138.3928568,conventional_hydroelectric
27,57,907.8965928,conventional_hydroelectric
35,57,1757.5723792,conventional_hydroelectric
54,57,982.1300049,conventional_hydroelectric
67,57,2753.4364526863346,conventional_hydroelectric
84,57,17847.244385399998,conventional_hydroelectric
109,57,373.44615304620004,conventional_hydroelectric
128,57,74.71596000000001,conventional_hydroelectric
139,57,163.51628159999999,conventional_hydroelectric
110,57,50.0,conventional_steam_coal
41,57,0.0,conventional_steam_coal
3,57,0.0,conventional_steam_coal
36,57,0.0,conventional_steam_coal
85,57,0.0,conventional_steam_coal
28,57,74.364,geothermal
116,57,0.0,natural_gas_fired_combined_cycle
73,57,0.0,natural_gas_fired_combined_cycle
71,57,0.0,natural_gas_fired_combined_cycle
44,57,0.0,natural_gas_fired_combined_cycle
115,57,0.0,natural_gas_fired_combined_cycle
70,57,0.0,natural_gas_fired_combined_cycle
131,57,0.0,natural_gas_fired_combined_cycle
18,57,0.0,natural_gas_fired_combined_cycle
72,57,0.0,natural_gas_fired_combined_cycle
114,57,0.0,natural_gas_fired_combined_cycle
45,57,0.0,natural_gas_fired_combined_cycle
78,57,0.0,natural_gas_fired_combustion_turbine
75,57,0.0,natural_gas_fired_combustion_turbine
119,57,0.0,natural_gas_fired_combustion_turbine
117,57,0.0,natural_gas_fired_combustion_turbine
134,57,0.0,natural_gas_fired_combustion_turbine
103,57,0.0,natural_gas_fired_combustion_turbine
47,57,0.0,natural_gas_fired_combustion_turbine
8,57,0.0,natural_gas_fired_combustion_turbine
90,57,0.0,natural_gas_fired_combustion_turbine
60,57,0.0,natural_gas_fired_combustion_turbine
46,57,0.0,natural_gas_fired_combustion_turbine
37,57,0.0,natural_gas_fired_combustion_turbine
7,57,0.0,natural_gas_fired_combustion_turbine
133,57,0.0,natural_gas_fired_combustion_turbine
74,57,0.0,natural_gas_fired_combustion_turbine
20,57,0.0,natural_gas_fired_combustion_turbine
135,57,0.0,natural_gas_fired_combustion_turbine
142,57,0.0,natural_gas_fired_combustion_turbine
121,57,0.0,natural_gas_fired_combustion_turbine
91,57,0.0,natural_gas_fired_combustion_turbine
22,57,0.0,natural_gas_steam_turbine
123,57,0.0,natural_gas_steam_turbine
62,57,0.0,natural_gas_steam_turbine
49,57,0.0,natural_gas_steam_turbine
48,57,0.0,natural_gas_steam_turbine
21,57,0.0,natural_gas_steam_turbine
79,57,7405.999,nuclear
10,57,29.177820000000004,onshore_wind_turbine
23,57,3092.1792,onshore_wind_turbine
31,57,1554.15006,onshore_wind_turbine
38,57,146.07,onshore_wind_turbine
50,57,213.10956,onshore_wind_turbine
63,57,4.0170000312,onshore_wind_turbine
80,57,585.86988,onshore_wind_turbine
94,57,4381.836,onshore_wind_turbine
105,57,31.771440539999997,onshore_wind_turbine
124,57,9105.793558303201,onshore_wind_turbine
136,57,777.10752,onshore_wind_turbine
144,57,1788.9362999999998,onshore_wind_turbine
11,57,19.125,small_hydroelectric
24,57,62.577,small_hydroelectric
32,57,192.0,small_hydroelectric
39,57,52.9,small_hydroelectric
51,57,25.641,small_hydroelectric
64,57,6.128,small_hydroelectric
81,57,241.672,small_hydroelectric
95,57,418.922,small_hydroelectric
106,57,31.614,small_hydroelectric
125,57,100.697,small_hydroelectric
137,57,36.822,small_hydroelectric
145,57,33.21,small_hydroelectric
12,57,3780.95364,solar_photovoltaic
25,57,1146.12198,solar_photovoltaic
33,57,514.5690000000001,solar_photovoltaic
52,57,1999.485,solar_photovoltaic
65,57,6294.819481686599,solar_photovoltaic
82,57,5304.408719999999,solar_photovoltaic
96,57,345.32748000000004,solar_photovoltaic
107,57,5881.172672097,solar_photovoltaic
126,57,11863.510222358998,solar_photovoltaic
138,57,1346.54289,solar_photovoltaic
26,58,11.235,biomass
13,58,15.682,biomass
108,58,137.081,biomass
40,58,5.952,biomass
97,58,178.173,biomass
1,58,16.294,biomass
66,58,228.795,biomass
2,58,850.8524639999999,conventional_hydroelectric
14,58,138.3928568,conventional_hydroelectric
27,58,907.8965928,conventional_hydroelectric
35,58,1757.5723792,conventional_hydroelectric
54,58,982.1300049,conventional_hydroelectric
67,58,2753.4364526863346,conventional_hydroelectric
84,58,17847.244385399998,conventional_hydroelectric
109,58,373.44615304620004,conventional_hydroelectric
128,58,74.71596000000001,conventional_hydroelectric
139,58,163.51628159999999,conventional_hydroelectric
110,58,50.0,conventional_steam_coal
41,58,0.0,conventional_steam_coal
3,58,0.0,conventional_steam_coal
36,58,0.0,conventional_steam_coal
85,58,0.0,conventional_steam_coal
28,58,74.364,geothermal
116,58,0.0,natural_gas_fired_combined_cycle
73,58,0.0,natural_gas_fired_combined_cycle
71,58,0.0,natural_gas_fired_combined_cycle
44,58,0.0,natural_gas_fired_combined_cycle
115,58,0.0,natural_gas_fired_combined_cycle
70,58,0.0,natural_gas_fired_combined_cycle
131,58,0.0,natural_gas_fired_combined_cycle
18,58,0.0,natural_gas_fired_combined_cycle
72,58,0.0,natural_gas_fired_combined_cycle
114,58,0.0,natural_gas_fired_combined_cycle
45,58,0.0,natural_gas_fired_combined_cycle
78,58,0.0,natural_gas_fired_combustion_turbine
75,58,0.0,natural_gas_fired_combustion_turbine
119,58,0.0,natural_gas_fired_combustion_turbine
117,58,0.0,natural_gas_fired_combustion_turbine
134,58,0.0,natural_gas_fired_combustion_turbine
103,58,0.0,natural_gas_fired_combustion_turbine
47,58,0.0,natural_gas_fired_combustion_turbine
8,58,0.0,natural_gas_fired_combustion_turbine
90,58,0.0,natural_gas_fired_combustion_turbine
60,58,0.0,natural_gas_fired_combustion_turbine
46,58,0.0,natural_gas_fired_combustion_turbine
37,58,0.0,natural_gas_fired_combustion_turbine
7,58,0.0,natural_gas_fired_combustion_turbine
133,58,0.0,natural_gas_fired_combustion_turbine
74,58,0.0,natural_gas_fired_combustion_turbine
20,58,0.0,natural_gas_fired_combustion_turbine
135,58,0.0,natural_gas_fired_combustion_turbine
142,58,0.0,natural_gas_fired_combustion_turbine
121,58,0.0,natural_gas_fired_combustion_turbine
91,58,0.0,natural_gas_fired_combustion_turbine
22,58,0.0,natural_gas_steam_turbine
123,58,0.0,natural_gas_steam_turbine
62,58,0.0,natural_gas_steam_turbine
49,58,0.0,natural_gas_steam_turbine
48,58,0.0,natural_gas_steam_turbine
21,58,0.0,natural_gas_steam_turbine
79,58,7405.999,nuclear
10,58,78.11628,onshore_wind_turbine
23,58,1946.9868,onshore_wind_turbine
31,58,1376.54745,onshore_wind_turbine
38,58,55.26315,onshore_wind_turbine
50,58,362.63465999999994,onshore_wind_turbine
63,58,5.1030001368,onshore_wind_turbine
80,58,471.56352,onshore_wind_turbine
94,58,6200.7708,onshore_wind_turbine
105,58,94.656420558,onshore_wind_turbine
124,58,8535.5415865632,onshore_wind_turbine
136,58,1097.8185600000002,onshore_wind_turbine
144,58,1842.6970799999997,onshore_wind_turbine
11,58,19.125,small_hydroelectric
24,58,62.577,small_hydroelectric
32,58,192.0,small_hydroelectric
39,58,52.9,small_hydroelectric
51,58,25.641,small_hydroelectric
64,58,6.128,small_hydroelectric
81,58,241.672,small_hydroelectric
95,58,418.922,small_hydroelectric
106,58,31.614,small_hydroelectric
125,58,100.697,small_hydroelectric
137,58,36.822,small_hydroelectric
145,58,33.21,small_hydroelectric
12,58,4058.1993599999996,solar_photovoltaic
25,58,1179.75138,solar_photovoltaic
33,58,518.71875,solar_photovoltaic
52,58,2153.22318,solar_photovoltaic
65,58,6901.8020394942,solar_photovoltaic
82,58,5683.175609999999,solar_photovoltaic
96,58,363.14799,solar_photovoltaic
107,58,6335.246613384,solar_photovoltaic
126,58,12816.6680359155,solar_photovoltaic
138,58,1397.2265999999997,solar_photovoltaic
26,59,11.235,biomass
13,59,15.682,biomass
108,59,137.081,biomass
40,59,5.952,biomass
97,59,178.173,biomass
1,59,16.294,biomass
66,59,228.795,biomass
2,59,850.8524639999999,conventional_hydroelectric
14,59,138.3928568,conventional_hydroelectric
27,59,907.8965928,conventional_hydroelectric
35,59,1757.5723792,conventional_hydroelectric
54,59,982.1300049,conventional_hydroelectric
67,59,2753.4364526863346,conventional_hydroelectric
84,59,17847.244385399998,conventional_hydroelectric
109,59,373.44615304620004,conventional_hydroelectric
128,59,74.71596000000001,conventional_hydroelectric
139,59,163.51628159999999,conventional_hydroelectric
110,59,50.0,conventional_steam_coal
41,59,0.0,conventional_steam_coal
3,59,0.0,conventional_steam_coal
36,59,0.0,conventional_steam_coal
85,59,0.0,conventional_steam_coal
28,59,74.364,geothermal
116,59,0.0,natural_gas_fired_combined_cycle
73,59,0.0,natural_gas_fired_combined_cycle
71,59,0.0,natural_gas_fired_combined_cycle
44,59,0.0,natural_gas_fired_combined_cycle
115,59,0.0,natural_gas_fired_combined_cycle
70,59,0.0,natural_gas_fired_combined_cycle
131,59,0.0,natural_gas_fired_combined_cycle
18,59,0.0,natural_gas_fired_combined_cycle
72,59,0.0,natural_gas_fired_combined_cycle
114,59,0.0,natural_gas_fired_combined_cycle
45,59,0.0,natural_gas_fired_combined_cycle
78,59,0.0,natural_gas_fired_combustion_turbine
75,59,0.0,natural_gas_fired_combustion_turbine
119,59,0.0,natural_gas_fired_combustion_turbine
117,59,0.0,natural_gas_fired_combustion_turbine
134,59,0.0,natural_gas_fired_combustion_turbine
103,59,0.0,natural_gas_fired_combustion_turbine
47,59,0.0,natural_gas_fired_combustion_turbine
8,59,0.0,natural_gas_fired_combustion_turbine
90,59,0.0,natural_gas_fired_combustion_turbine
60,59,0.0,natural_gas_fired_combustion_turbine
46,59,0.0,natural_gas_fired_combustion_turbine
37,59,0.0,natural_gas_fired_combustion_turbine
7,59,0.0,natural_gas_fired_combustion_turbine
133,59,0.0,natural_gas_fired_combustion_turbine
74,59,0.0,natural_gas_fired_combustion_turbine
20,59,0.0,natural_gas_fired_combustion_turbine
135,59,0.0,natural_gas_fired_combustion_turbine
142,59,0.0,natural_gas_fired_combustion_turbine
121,59,0.0,natural_gas_fired_combustion_turbine
91,59,0.0,natural_gas_fired_combustion_turbine
22,59,0.0,natural_gas_steam_turbine
123,59,0.0,natural_gas_steam_turbine
62,59,0.0,natural_gas_steam_turbine
49,59,0.0,natural_gas_steam_turbine
48,59,0.0,natural_gas_steam_turbine
21,59,0.0,natural_gas_steam_turbine
79,59,7405.999,nuclear
10,59,142.41555000000002,onshore_wind_turbine
23,59,2088.339,onshore_wind_turbine
31,59,1986.1976699999998,onshore_wind_turbine
38,59,510.2712,onshore_wind_turbine
50,59,323.14841999999993,onshore_wind_turbine
63,59,19.8046800792,onshore_wind_turbine
80,59,485.9016,onshore_wind_turbine
94,59,6667.326,onshore_wind_turbine
105,59,200.725259301,onshore_wind_turbine
124,59,8805.5564941608,onshore_wind_turbine
136,59,1147.92966,onshore_wind_turbine
144,59,1756.4944499999997,onshore_wind_turbine
11,59,19.125,small_hydroelectric
24,59,62.577,small_hydroelectric
32,59,192.0,small_hydroelectric
39,59,52.9,small_hydroelectric
51,59,25.641,small_hydroelectric
64,59,6.128,small_hydroelectric
81,59,241.672,small_hydroelectric
95,59,418.922,small_hydroelectric
106,59,31.614,small_hydroelectric
125,59,100.697,small_hydroelectric
137,59,36.822,small_hydroelectric
145,59,33.21,small_hydroelectric
12,59,4235.56398,solar_photovoltaic
25,59,1198.9681799999998,solar_photovoltaic
33,59,528.9799499999999,solar_photovoltaic
52,59,2201.8032599999997,solar_photovoltaic
65,59,7417.8906920697,solar_photovoltaic
82,59,5956.59012,solar_photovoltaic
96,59,401.30781,solar_photovoltaic
107,59,6644.767624242,solar_photovoltaic
126,59,13506.5402356515,solar_photovoltaic
138,59,1454.5637699999997,solar_photovoltaic
26,60,11.235,biomass
13,60,15.682,biomass
108,60,137.081,biomass
40,60,5.952,biomass
97,60,178.173,biomass
1,60,16.294,biomass
66,60,228.795,biomass
2,60,850.8524639999999,conventional_hydroelectric
14,60,138.3928568,conventional_hydroelectric
27,60,907.8965928,conventional_hydroelectric
35,60,1757.5723792,conventional_hydroelectric
54,60,982.1300049,conventional_hydroelectric
67,60,2753.4364526863346,conventional_hydroelectric
84,60,17847.244385399998,conventional_hydroelectric
109,60,373.44615304620004,conventional_hydroelectric
128,60,74.71596000000001,conventional_hydroelectric
139,60,163.51628159999999,conventional_hydroelectric
110,60,50.0,conventional_steam_coal
41,60,0.0,conventional_steam_coal
3,60,0.0,conventional_steam_coal
36,60,0.0,conventional_steam_coal
85,60,0.0,conventional_steam_coal
28,60,74.364,geothermal
116,60,0.0,natural_gas_fired_combined_cycle
73,60,0.0,natural_gas_fired_combined_cycle
71,60,0.0,natural_gas_fired_combined_cycle
44,60,0.0,natural_gas_fired_combined_cycle
115,60,0.0,natural_gas_fired_combined_cycle
70,60,0.0,natural_gas_fired_combined_cycle
131,60,0.0,natural_gas_fired_combined_cycle
18,60,0.0,natural_gas_fired_combined_cycle
72,60,0.0,natural_gas_fired_combined_cycle
114,60,0.0,natural_gas_fired_combined_cycle
45,60,0.0,natural_gas_fired_combined_cycle
78,60,0.0,natural_gas_fired_combustion_turbine
75,60,0.0,natural_gas_fired_combustion_turbine
119,60,0.0,natural_gas_fired_combustion_turbine
117,60,0.0,natural_gas_fired_combustion_turbine
134,60,0.0,natural_gas_fired_combustion_turbine
103,60,0.0,natural_gas_fired_combustion_turbine
47,60,0.0,natural_gas_fired_combustion_turbine
8,60,0.0,natural_gas_fired_combustion_turbine
90,60,0.0,natural_gas_fired_combustion_turbine
60,60,0.0,natural_gas_fired_combustion_turbine
46,60,0.0,natural_gas_fired_combustion_turbine
37,60,0.0,natural_gas_fired_combustion_turbine
7,60,0.0,natural_gas_fired_combustion_turbine
133,60,0.0,natural_gas_fired_combustion_turbine
74,60,0.0,natural_gas_fired_combustion_turbine
20,60,0.0,natural_gas_fired_combustion_turbine
135,60,0.0,natural_gas_fired_combustion_turbine
142,60,0.0,natural_gas_fired_combustion_turbine
121,60,0.0,natural_gas_fired_combustion_turbine
91,60,0.0,natural_gas_fired_combustion_turbine
22,60,0.0,natural_gas_steam_turbine
123,60,0.0,natural_gas_steam_turbine
62,60,0.0,natural_gas_steam_turbine
49,60,0.0,natural_gas_steam_turbine
48,60,0.0,natural_gas_steam_turbine
21,60,0.0,natural_gas_steam_turbine
79,60,7405.999,nuclear
10,60,336.5484,onshore_wind_turbine
23,60,2637.7758,onshore_wind_turbine
31,60,1688.4970199999998,onshore_wind_turbine
38,60,712.3347000000001,onshore_wind_turbine
50,60,354.79547999999994,onshore_wind_turbine
63,60,33.977280096,onshore_wind_turbine
80,60,872.6314799999999,onshore_wind_turbine
94,60,9238.108199999999,onshore_wind_turbine
105,60,526.607219817,onshore_wind_turbine
124,60,7519.220192886602,onshore_wind_turbine
136,60,1557.6842700000002,onshore_wind_turbine
144,60,1783.3748399999995,onshore_wind_turbine
11,60,19.125,small_hydroelectric
24,60,62.577,small_hydroelectric
32,60,192.0,small_hydroelectric
39,60,52.9,small_hydroelectric
51,60,25.641,small_hydroelectric
64,60,6.128,small_hydroelectric
81,60,241.672,small_hydroelectric
95,60,418.922,small_hydroelectric
106,60,31.614,small_hydroelectric
125,60,100.697,small_hydroelectric
137,60,36.822,small_hydroelectric
145,60,33.21,small_hydroelectric
12,60,4292.465939999999,solar_photovoltaic
25,60,1185.0359999999998,solar_photovoltaic
33,60,458.05695,solar_photovoltaic
52,60,2186.69604,solar_photovoltaic
65,60,7633.8735025602,solar_photovoltaic
82,60,6134.68581,solar_photovoltaic
96,60,386.88768,solar_photovoltaic
107,60,6809.013387499501,solar_photovoltaic
126,60,13845.6890352885,solar_photovoltaic
138,60,1457.30343,solar_photovoltaic
26,61,11.235,biomass
13,61,15.682,biomass
108,61,137.081,biomass
40,61,5.952,biomass
97,61,178.173,biomass
1,61,16.294,biomass
66,61,228.795,biomass
2,61,850.8524639999999,conventional_hydroelectric
14,61,138.3928568,conventional_hydroelectric
27,61,907.8965928,conventional_hydroelectric
35,61,1757.5723792,conventional_hydroelectric
54,61,982.1300049,conventional_hydroelectric
67,61,2753.4364526863346,conventional_hydroelectric
84,61,17847.244385399998,conventional_hydroelectric
109,61,373.44615304620004,conventional_hydroelectric
128,61,74.71596000000001,conventional_hydroelectric
139,61,163.51628159999999,conventional_hydroelectric
110,61,50.0,conventional_steam_coal
41,61,0.0,conventional_steam_coal
3,61,0.0,conventional_steam_coal
36,61,0.0,conventional_steam_coal
85,61,0.0,conventional_steam_coal
28,61,74.364,geothermal
116,61,0.0,natural_gas_fired_combined_cycle
73,61,0.0,natural_gas_fired_combined_cycle
71,61,0.0,natural_gas_fired_combined_cycle
44,61,0.0,natural_gas_fired_combined_cycle
115,61,0.0,natural_gas_fired_combined_cycle
70,61,0.0,natural_gas_fired_combined_cycle
131,61,0.0,natural_gas_fired_combined_cycle
18,61,0.0,natural_gas_fired_combined_cycle
72,61,0.0,natural_gas_fired_combined_cycle
114,61,0.0,natural_gas_fired_combined_cycle
45,61,0.0,natural_gas_fired_combined_cycle
78,61,0.0,natural_gas_fired_combustion_turbine
75,61,0.0,natural_gas_fired_combustion_turbine
119,61,0.0,natural_gas_fired_combustion_turbine
117,61,0.0,natural_gas_fired_combustion_turbine
134,61,0.0,natural_gas_fired_combustion_turbine
103,61,0.0,natural_gas_fired_combustion_turbine
47,61,0.0,natural_gas_fired_combustion_turbine
8,61,0.0,natural_gas_fired_combustion_turbine
90,61,0.0,natural_gas_fired_combustion_turbine
60,61,0.0,natural_gas_fired_combustion_turbine
46,61,0.0,natural_gas_fired_combustion_turbine
37,61,0.0,natural_gas_fired_combustion_turbine
7,61,0.0,natural_gas_fired_combustion_turbine
133,61,0.0,natural_gas_fired_combustion_turbine
74,61,0.0,natural_gas_fired_combustion_turbine
20,61,0.0,natural_gas_fired_combustion_turbine
135,61,0.0,natural_gas_fired_combustion_turbine
142,61,0.0,natural_gas_fired_combustion_turbine
121,61,0.0,natural_gas_fired_combustion_turbine
91,61,0.0,natural_gas_fired_combustion_turbine
22,61,0.0,natural_gas_steam_turbine
123,61,0.0,natural_gas_steam_turbine
62,61,0.0,natural_gas_steam_turbine
49,61,0.0,natural_gas_steam_turbine
48,61,0.0,natural_gas_steam_turbine
21,61,0.0,natural_gas_steam_turbine
79,61,7405.999,nuclear
10,61,340.09914000000003,onshore_wind_turbine
23,61,3159.2616000000003,onshore_wind_turbine
31,61,1197.41817,onshore_wind_turbine
38,61,1064.6068500000001,onshore_wind_turbine
50,61,760.6908,onshore_wind_turbine
63,61,122.72183999280001,onshore_wind_turbine
80,61,1133.50488,onshore_wind_turbine
94,61,7338.787200000001,onshore_wind_turbine
105,61,744.21791955,onshore_wind_turbine
124,61,6599.737824187201,onshore_wind_turbine
136,61,1625.9124600000002,onshore_wind_turbine
144,61,1734.2486099999996,onshore_wind_turbine
11,61,19.125,small_hydroelectric
24,61,62.577,small_hydroelectric
32,61,192.0,small_hydroelectric
39,61,52.9,small_hydroelectric
51,61,25.641,small_hydroelectric
64,61,6.128,small_hydroelectric
81,61,241.672,small_hydroelectric
95,61,418.922,small_hydroelectric
106,61,31.614,small_hydroelectric
125,61,100.697,small_hydroelectric
137,61,36.822,small_hydroelectric
145,61,33.21,small_hydroelectric
12,61,4308.20478,solar_photovoltaic
25,61,1188.7192199999997,solar_photovoltaic
33,61,447.19215,solar_photovoltaic
52,61,2132.48778,solar_photovoltaic
65,61,7586.421300950399,solar_photovoltaic
82,61,6083.68188,solar_photovoltaic
96,61,396.89991000000003,solar_photovoltaic
107,61,6804.220619948999,solar_photovoltaic
126,61,13659.898285123501,solar_photovoltaic
138,61,1475.6982899999998,solar_photovoltaic
26,62,11.235,biomass
13,62,15.682,biomass
108,62,137.081,biomass
40,62,5.952,biomass
97,62,178.173,biomass
1,62,16.294,biomass
66,62,228.795,biomass
2,62,850.8524639999999,conventional_hydroelectric
14,62,138.3928568,conventional_hydroelectric
27,62,907.8965928,conventional_hydroelectric
35,62,1757.5723792,conventional_hydroelectric
54,62,982.1300049,conventional_hydroelectric
67,62,2753.4364526863346,conventional_hydroelectric
84,62,17847.244385399998,conventional_hydroelectric
109,62,373.44615304620004,conventional_hydroelectric
128,62,74.71596000000001,conventional_hydroelectric
139,62,163.51628159999999,conventional_hydroelectric
110,62,50.0,conventional_steam_coal
41,62,0.0,conventional_steam_coal
3,62,0.0,conventional_steam_coal
36,62,0.0,conventional_steam_coal
85,62,0.0,conventional_steam_coal
28,62,74.364,geothermal
116,62,0.0,natural_gas_fired_combined_cycle
73,62,0.0,natural_gas_fired_combined_cycle
71,62,0.0,natural_gas_fired_combined_cycle
44,62,0.0,natural_gas_fired_combined_cycle
115,62,0.0,natural_gas_fired_combined_cycle
70,62,0.0,natural_gas_fired_combined_cycle
131,62,0.0,natural_gas_fired_combined_cycle
18,62,0.0,natural_gas_fired_combined_cycle
72,62,0.0,natural_gas_fired_combined_cycle
114,62,0.0,natural_gas_fired_combined_cycle
45,62,0.0,natural_gas_fired_combined_cycle
78,62,0.0,natural_gas_fired_combustion_turbine
75,62,0.0,natural_gas_fired_combustion_turbine
119,62,0.0,natural_gas_fired_combustion_turbine
117,62,0.0,natural_gas_fired_combustion_turbine
134,62,0.0,natural_gas_fired_combustion_turbine
103,62,0.0,natural_gas_fired_combustion_turbine
47,62,0.0,natural_gas_fired_combustion_turbine
8,62,0.0,natural_gas_fired_combustion_turbine
90,62,0.0,natural_gas_fired_combustion_turbine
60,62,0.0,natural_gas_fired_combustion_turbine
46,62,0.0,natural_gas_fired_combustion_turbine
37,62,0.0,natural_gas_fired_combustion_turbine
7,62,0.0,natural_gas_fired_combustion_turbine
133,62,0.0,natural_gas_fired_combustion_turbine
74,62,0.0,natural_gas_fired_combustion_turbine
20,62,0.0,natural_gas_fired_combustion_turbine
135,62,0.0,natural_gas_fired_combustion_turbine
142,62,0.0,natural_gas_fired_combustion_turbine
121,62,0.0,natural_gas_fired_combustion_turbine
91,62,0.0,natural_gas_fired_combustion_turbine
22,62,0.0,natural_gas_steam_turbine
123,62,0.0,natural_gas_steam_turbine
62,62,0.0,natural_gas_steam_turbine
49,62,0.0,natural_gas_steam_turbine
48,62,0.0,natural_gas_steam_turbine
21,62,0.0,natural_gas_steam_turbine
79,62,7405.999,nuclear
10,62,297.95340000000004,onshore_wind_turbine
23,62,3084.9918,onshore_wind_turbine
31,62,954.6776399999999,onshore_wind_turbine
38,62,964.5489,onshore_wind_turbine
50,62,1697.6179799999998,onshore_wind_turbine
63,62,139.4021999472,onshore_wind_turbine
80,62,878.2073999999999,onshore_wind_turbine
94,62,7283.6202,onshore_wind_turbine
105,62,720.140460354,onshore_wind_turbine
124,62,7646.8821009372,onshore_wind_turbine
136,62,1581.1979400000002,onshore_wind_turbine
144,62,2372.8895999999995,onshore_wind_turbine
11,62,19.125,small_hydroelectric
24,62,62.577,small_hydroelectric
32,62,192.0,small_hydroelectric
39,62,52.9,small_hydroelectric
51,62,25.641,small_hydroelectric
64,62,6.128,small_hydroelectric
81,62,241.672,small_hydroelectric
95,62,418.922,small_hydroelectric
106,62,31.614,small_hydroelectric
125,62,100.697,small_hydroelectric
137,62,36.822,small_hydroelectric
145,62,33.21,small_hydroelectric
12,62,4369.34412,solar_photovoltaic
25,62,1163.73738,solar_photovoltaic
33,62,410.97614999999996,solar_photovoltaic
52,62,1976.6760599999998,solar_photovoltaic
65,62,7785.844322284199,solar_photovoltaic
82,62,6298.567289999999,solar_photovoltaic
96,62,390.60291,solar_photovoltaic
107,62,6894.6849617415,solar_photovoltaic
126,62,14047.1445633585,solar_photovoltaic
138,62,1500.55092,solar_photovoltaic
26,63,11.235,biomass
13,63,15.682,biomass
108,63,137.081,biomass
40,63,5.952,biomass
97,63,178.173,biomass
1,63,16.294,biomass
66,63,228.795,biomass
2,63,850.8524639999999,conventional_hydroelectric
14,63,138.3928568,conventional_hydroelectric
27,63,907.8965928,conventional_hydroelectric
35,63,1757.5723792,conventional_hydroelectric
54,63,982.1300049,conventional_hydroelectric
67,63,2753.4364526863346,conventional_hydroelectric
84,63,17847.244385399998,conventional_hydroelectric
109,63,373.44615304620004,conventional_hydroelectric
128,63,74.71596000000001,conventional_hydroelectric
139,63,163.51628159999999,conventional_hydroelectric
110,63,50.0,conventional_steam_coal
41,63,1291.6456668369765,conventional_steam_coal
3,63,0.0,conventional_steam_coal
36,63,0.0,conventional_steam_coal
85,63,0.0,conventional_steam_coal
28,63,74.364,geothermal
116,63,0.0,natural_gas_fired_combined_cycle
73,63,0.0,natural_gas_fired_combined_cycle
71,63,0.0,natural_gas_fired_combined_cycle
44,63,0.0,natural_gas_fired_combined_cycle
115,63,0.0,natural_gas_fired_combined_cycle
70,63,0.0,natural_gas_fired_combined_cycle
131,63,0.0,natural_gas_fired_combined_cycle
18,63,0.0,natural_gas_fired_combined_cycle
72,63,0.0,natural_gas_fired_combined_cycle
114,63,0.0,natural_gas_fired_combined_cycle
45,63,0.0,natural_gas_fired_combined_cycle
78,63,0.0,natural_gas_fired_combustion_turbine
75,63,0.0,natural_gas_fired_combustion_turbine
119,63,0.0,natural_gas_fired_combustion_turbine
117,63,0.0,natural_gas_fired_combustion_turbine
134,63,0.0,natural_gas_fired_combustion_turbine
103,63,0.0,natural_gas_fired_combustion_turbine
47,63,0.0,natural_gas_fired_combustion_turbine
8,63,0.0,natural_gas_fired_combustion_turbine
90,63,0.0,natural_gas_fired_combustion_turbine
60,63,0.0,natural_gas_fired_combustion_turbine
46,63,0.0,natural_gas_fired_combustion_turbine
37,63,0.0,natural_gas_fired_combustion_turbine
7,63,0.0,natural_gas_fired_combustion_turbine
133,63,0.0,natural_gas_fired_combustion_turbine
74,63,0.0,natural_gas_fired_combustion_turbine
20,63,0.0,natural_gas_fired_combustion_turbine
135,63,0.0,natural_gas_fired_combustion_turbine
142,63,0.0,natural_gas_fired_combustion_turbine
121,63,0.0,natural_gas_fired_combustion_turbine
91,63,0.0,natural_gas_fired_combustion_turbine
22,63,0.0,natural_gas_steam_turbine
123,63,0.0,natural_gas_steam_turbine
62,63,0.0,natural_gas_steam_turbine
49,63,0.0,natural_gas_steam_turbine
48,63,0.0,natural_gas_steam_turbine
21,63,0.0,natural_gas_steam_turbine
79,63,7405.999,nuclear
10,63,354.91962,onshore_wind_turbine
23,63,3156.8658,onshore_wind_turbine
31,63,1096.6579499999998,onshore_wind_turbine
38,63,1505.9817,onshore_wind_turbine
50,63,1360.53324,onshore_wind_turbine
63,63,132.96791997120002,onshore_wind_turbine
80,63,2282.54268,onshore_wind_turbine
94,63,4604.0802,onshore_wind_turbine
105,63,315.469559538,onshore_wind_turbine
124,63,8647.0792556544,onshore_wind_turbine
136,63,1708.4030400000001,onshore_wind_turbine
144,63,2840.9791499999997,onshore_wind_turbine
11,63,19.125,small_hydroelectric
24,63,62.577,small_hydroelectric
32,63,192.0,small_hydroelectric
39,63,52.9,small_hydroelectric
51,63,25.641,small_hydroelectric
64,63,6.128,small_hydroelectric
81,63,241.672,small_hydroelectric
95,63,418.922,small_hydroelectric
106,63,31.614,small_hydroelectric
125,63,100.697,small_hydroelectric
137,63,36.822,small_hydroelectric
145,63,33.21,small_hydroelectric
12,63,4098.1518,solar_photovoltaic
25,63,1127.5457399999998,solar_photovoltaic
33,63,417.16304999999994,solar_photovoltaic
52,63,1756.5846,solar_photovoltaic
65,63,7172.472481854899,solar_photovoltaic
82,63,6041.8753799999995,solar_photovoltaic
96,63,383.99106000000006,solar_photovoltaic
107,63,6444.511529292001,solar_photovoltaic
126,63,13338.994026420001,solar_photovoltaic
138,63,1406.61972,solar_photovoltaic
26,64,11.235,biomass
13,64,15.682,biomass
108,64,137.081,biomass
40,64,5.952,biomass
97,64,178.173,biomass
1,64,16.294,biomass
66,64,228.795,biomass
2,64,850.8524639999999,conventional_hydroelectric
14,64,138.3928568,conventional_hydroelectric
27,64,907.8965928,conventional_hydroelectric
35,64,1757.5723792,conventional_hydroelectric
54,64,982.1300049,conventional_hydroelectric
67,64,2753.4364526863346,conventional_hydroelectric
84,64,17847.244385399998,conventional_hydroelectric
109,64,373.44615304620004,conventional_hydroelectric
128,64,74.71596000000001,conventional_hydroelectric
139,64,163.51628159999999,conventional_hydroelectric
110,64,50.0,conventional_steam_coal
41,64,1057.8964537581787,conventional_steam_coal
3,64,0.0,conventional_steam_coal
36,64,0.0,conventional_steam_coal
85,64,0.0,conventional_steam_coal
28,64,74.364,geothermal
116,64,0.0,natural_gas_fired_combined_cycle
73,64,0.0,natural_gas_fired_combined_cycle
71,64,0.0,natural_gas_fired_combined_cycle
44,64,0.0,natural_gas_fired_combined_cycle
115,64,0.0,natural_gas_fired_combined_cycle
70,64,0.0,natural_gas_fired_combined_cycle
131,64,0.0,natural_gas_fired_combined_cycle
18,64,0.0,natural_gas_fired_combined_cycle
72,64,0.0,natural_gas_fired_combined_cycle
114,64,0.0,natural_gas_fired_combined_cycle
45,64,0.0,natural_gas_fired_combined_cycle
78,64,0.0,natural_gas_fired_combustion_turbine
75,64,0.0,natural_gas_fired_combustion_turbine
119,64,0.0,natural_gas_fired_combustion_turbine
117,64,0.0,natural_gas_fired_combustion_turbine
134,64,0.0,natural_gas_fired_combustion_turbine
103,64,0.0,natural_gas_fired_combustion_turbine
47,64,0.0,natural_gas_fired_combustion_turbine
8,64,0.0,natural_gas_fired_combustion_turbine
90,64,0.0,natural_gas_fired_combustion_turbine
60,64,0.0,natural_gas_fired_combustion_turbine
46,64,0.0,natural_gas_fired_combustion_turbine
37,64,0.0,natural_gas_fired_combustion_turbine
7,64,0.0,natural_gas_fired_combustion_turbine
133,64,0.0,natural_gas_fired_combustion_turbine
74,64,0.0,natural_gas_fired_combustion_turbine
20,64,0.0,natural_gas_fired_combustion_turbine
135,64,0.0,natural_gas_fired_combustion_turbine
142,64,0.0,natural_gas_fired_combustion_turbine
121,64,0.0,natural_gas_fired_combustion_turbine
91,64,0.0,natural_gas_fired_combustion_turbine
22,64,0.0,natural_gas_steam_turbine
123,64,0.0,natural_gas_steam_turbine
62,64,0.0,natural_gas_steam_turbine
49,64,0.0,natural_gas_steam_turbine
48,64,0.0,natural_gas_steam_turbine
21,64,0.0,natural_gas_steam_turbine
79,64,7405.999,nuclear
10,64,377.38191000000006,onshore_wind_turbine
23,64,3600.0888,onshore_wind_turbine
31,64,1325.14956,onshore_wind_turbine
38,64,1608.2306999999998,onshore_wind_turbine
50,64,1701.97308,onshore_wind_turbine
63,64,103.1201998824,onshore_wind_turbine
80,64,3059.9852399999995,onshore_wind_turbine
94,64,5809.8732,onshore_wind_turbine
105,64,224.26289934300002,onshore_wind_turbine
124,64,8583.2567664294,onshore_wind_turbine
136,64,1684.1184300000002,onshore_wind_turbine
144,64,3185.7896699999997,onshore_wind_turbine
11,64,19.125,small_hydroelectric
24,64,62.577,small_hydroelectric
32,64,192.0,small_hydroelectric
39,64,52.9,small_hydroelectric
51,64,25.641,small_hydroelectric
64,64,6.128,small_hydroelectric
81,64,241.672,small_hydroelectric
95,64,418.922,small_hydroelectric
106,64,31.614,small_hydroelectric
125,64,100.697,small_hydroelectric
137,64,36.822,small_hydroelectric
145,64,33.21,small_hydroelectric
12,64,3810.6152999999995,solar_photovoltaic
25,64,1077.7422,solar_photovoltaic
33,64,482.27639999999997,solar_photovoltaic
52,64,1521.97836,solar_photovoltaic
65,64,6668.548049172,solar_photovoltaic
82,64,5826.153839999999,solar_photovoltaic
96,64,353.82842999999997,solar_photovoltaic
107,64,5984.450038383,solar_photovoltaic
126,64,12706.473812599499,solar_photovoltaic
138,64,1357.5015299999998,solar_photovoltaic
26,65,11.235,biomass
13,65,15.682,biomass
108,65,137.081,biomass
40,65,5.952,biomass
97,65,178.173,biomass
1,65,16.294,biomass
66,65,228.795,biomass
2,65,850.8524639999999,conventional_hydroelectric
14,65,138.3928568,conventional_hydroelectric
27,65,907.8965928,conventional_hydroelectric
35,65,1757.5723792,conventional_hydroelectric
54,65,982.1300049,conventional_hydroelectric
67,65,2753.4364526863346,conventional_hydroelectric
84,65,17847.244385399998,conventional_hydroelectric
109,65,373.44615304620004,conventional_hydroelectric
128,65,74.71596000000001,conventional_hydroelectric
139,65,163.51628159999999,conventional_hydroelectric
110,65,50.0,conventional_steam_coal
41,65,2254.575476818873,conventional_steam_coal
3,65,0.0,conventional_steam_coal
36,65,0.0,conventional_steam_coal
85,65,0.0,conventional_steam_coal
28,65,74.364,geothermal
116,65,0.0,natural_gas_fired_combined_cycle
73,65,0.0,natural_gas_fired_combined_cycle
71,65,0.0,natural_gas_fired_combined_cycle
44,65,0.0,natural_gas_fired_combined_cycle
115,65,0.0,natural_gas_fired_combined_cycle
70,65,0.0,natural_gas_fired_combined_cycle
131,65,0.0,natural_gas_fired_combined_cycle
18,65,0.0,natural_gas_fired_combined_cycle
72,65,0.0,natural_gas_fired_combined_cycle
114,65,0.0,natural_gas_fired_combined_cycle
45,65,0.0,natural_gas_fired_combined_cycle
78,65,0.0,natural_gas_fired_combustion_turbine
75,65,0.0,natural_gas_fired_combustion_turbine
119,65,0.0,natural_gas_fired_combustion_turbine
117,65,0.0,natural_gas_fired_combustion_turbine
134,65,0.0,natural_gas_fired_combustion_turbine
103,65,0.0,natural_gas_fired_combustion_turbine
47,65,0.0,natural_gas_fired_combustion_turbine
8,65,0.0,natural_gas_fired_combustion_turbine
90,65,0.0,natural_gas_fired_combustion_turbine
60,65,0.0,natural_gas_fired_combustion_turbine
46,65,0.0,natural_gas_fired_combustion_turbine
37,65,0.0,natural_gas_fired_combustion_turbine
7,65,0.0,natural_gas_fired_combustion_turbine
133,65,0.0,natural_gas_fired_combustion_turbine
74,65,0.0,natural_gas_fired_combustion_turbine
20,65,0.0,natural_gas_fired_combustion_turbine
135,65,0.0,natural_gas_fired_combustion_turbine
142,65,0.0,natural_gas_fired_combustion_turbine
121,65,0.0,natural_gas_fired_combustion_turbine
91,65,0.0,natural_gas_fired_combustion_turbine
22,65,0.0,natural_gas_steam_turbine
123,65,0.0,natural_gas_steam_turbine
62,65,0.0,natural_gas_steam_turbine
49,65,0.0,natural_gas_steam_turbine
48,65,0.0,natural_gas_steam_turbine
21,65,0.0,natural_gas_steam_turbine
79,65,7405.999,nuclear
10,65,458.43141,onshore_wind_turbine
23,65,4040.1174,onshore_wind_turbine
31,65,1294.61616,onshore_wind_turbine
38,65,1397.8899000000001,onshore_wind_turbine
50,65,1452.2806799999998,onshore_wind_turbine
63,65,122.83607997840002,onshore_wind_turbine
80,65,2716.66788,onshore_wind_turbine
94,65,6980.9898,onshore_wind_turbine
105,65,292.7423394,onshore_wind_turbine
124,65,9426.6684051936,onshore_wind_turbine
136,65,1521.83556,onshore_wind_turbine
144,65,4007.9588399999993,onshore_wind_turbine
11,65,19.125,small_hydroelectric
24,65,62.577,small_hydroelectric
32,65,192.0,small_hydroelectric
39,65,52.9,small_hydroelectric
51,65,25.641,small_hydroelectric
64,65,6.128,small_hydroelectric
81,65,241.672,small_hydroelectric
95,65,418.922,small_hydroelectric
106,65,31.614,small_hydroelectric
125,65,100.697,small_hydroelectric
137,65,36.822,small_hydroelectric
145,65,33.21,small_hydroelectric
12,65,3239.7796799999996,solar_photovoltaic
25,65,927.8511599999999,solar_photovoltaic
33,65,524.15115,solar_photovoltaic
52,65,1231.9789799999999,solar_photovoltaic
65,65,5814.7061993406,solar_photovoltaic
82,65,5475.81537,solar_photovoltaic
96,65,329.9628,solar_photovoltaic
107,65,5142.5783362365,solar_photovoltaic
126,65,11589.350762599499,solar_photovoltaic
138,65,1270.0281,solar_photovoltaic
26,66,11.235,biomass
13,66,15.682,biomass
108,66,137.081,biomass
40,66,5.952,biomass
97,66,178.173,biomass
1,66,16.294,biomass
66,66,228.795,biomass
2,66,850.8524639999999,conventional_hydroelectric
14,66,138.3928568,conventional_hydroelectric
27,66,907.8965928,conventional_hydroelectric
35,66,1757.5723792,conventional_hydroelectric
54,66,982.1300049,conventional_hydroelectric
67,66,2753.4364526863346,conventional_hydroelectric
84,66,17847.244385399998,conventional_hydroelectric
109,66,373.44615304620004,conventional_hydroelectric
128,66,74.71596000000001,conventional_hydroelectric
139,66,163.51628159999999,conventional_hydroelectric
110,66,50.0,conventional_steam_coal
41,66,7219.002,conventional_steam_coal
3,66,1621.7644575313875,conventional_steam_coal
36,66,0.0,conventional_steam_coal
85,66,0.0,conventional_steam_coal
28,66,74.364,geothermal
116,66,0.0,natural_gas_fired_combined_cycle
73,66,0.0,natural_gas_fired_combined_cycle
71,66,0.0,natural_gas_fired_combined_cycle
44,66,0.0,natural_gas_fired_combined_cycle
115,66,0.0,natural_gas_fired_combined_cycle
70,66,0.0,natural_gas_fired_combined_cycle
131,66,0.0,natural_gas_fired_combined_cycle
18,66,0.0,natural_gas_fired_combined_cycle
72,66,0.0,natural_gas_fired_combined_cycle
114,66,0.0,natural_gas_fired_combined_cycle
45,66,0.0,natural_gas_fired_combined_cycle
78,66,0.0,natural_gas_fired_combustion_turbine
75,66,0.0,natural_gas_fired_combustion_turbine
119,66,0.0,natural_gas_fired_combustion_turbine
117,66,0.0,natural_gas_fired_combustion_turbine
134,66,0.0,natural_gas_fired_combustion_turbine
103,66,0.0,natural_gas_fired_combustion_turbine
47,66,0.0,natural_gas_fired_combustion_turbine
8,66,0.0,natural_gas_fired_combustion_turbine
90,66,0.0,natural_gas_fired_combustion_turbine
60,66,0.0,natural_gas_fired_combustion_turbine
46,66,0.0,natural_gas_fired_combustion_turbine
37,66,0.0,natural_gas_fired_combustion_turbine
7,66,0.0,natural_gas_fired_combustion_turbine
133,66,0.0,natural_gas_fired_combustion_turbine
74,66,0.0,natural_gas_fired_combustion_turbine
20,66,0.0,natural_gas_fired_combustion_turbine
135,66,0.0,natural_gas_fired_combustion_turbine
142,66,0.0,natural_gas_fired_combustion_turbine
121,66,0.0,natural_gas_fired_combustion_turbine
91,66,0.0,natural_gas_fired_combustion_turbine
22,66,0.0,natural_gas_steam_turbine
123,66,0.0,natural_gas_steam_turbine
62,66,0.0,natural_gas_steam_turbine
49,66,0.0,natural_gas_steam_turbine
48,66,0.0,natural_gas_steam_turbine
21,66,0.0,natural_gas_steam_turbine
79,66,7405.999,nuclear
10,66,399.84420000000006,onshore_wind_turbine
23,66,5333.0508,onshore_wind_turbine
31,66,2000.4465899999998,onshore_wind_turbine
38,66,1635.7405500000002,onshore_wind_turbine
50,66,1236.5580599999998,onshore_wind_turbine
63,66,209.02031992320002,onshore_wind_turbine
80,66,3181.85892,onshore_wind_turbine
94,66,4537.8798,onshore_wind_turbine
105,66,706.652339526,onshore_wind_turbine
124,66,10458.382799007,onshore_wind_turbine
136,66,1373.81508,onshore_wind_turbine
144,66,2768.6801699999996,onshore_wind_turbine
11,66,19.125,small_hydroelectric
24,66,62.577,small_hydroelectric
32,66,192.0,small_hydroelectric
39,66,52.9,small_hydroelectric
51,66,25.641,small_hydroelectric
64,66,6.128,small_hydroelectric
81,66,241.672,small_hydroelectric
95,66,418.922,small_hydroelectric
106,66,31.614,small_hydroelectric
125,66,100.697,small_hydroelectric
137,66,36.822,small_hydroelectric
145,66,33.21,small_hydroelectric
12,66,2236.12596,solar_photovoltaic
25,66,640.72014,solar_photovoltaic
33,66,468.6954,solar_photovoltaic
52,66,781.7245800000001,solar_photovoltaic
65,66,4231.4014846449,solar_photovoltaic
82,66,4563.597539999999,solar_photovoltaic
96,66,253.32831000000002,solar_photovoltaic
107,66,3646.4394862365,solar_photovoltaic
126,66,8959.8234626985,solar_photovoltaic
138,66,931.0930199999999,solar_photovoltaic
26,67,11.235,biomass
13,67,15.682,biomass
108,67,137.081,biomass
40,67,5.952,biomass
97,67,178.173,biomass
1,67,16.294,biomass
66,67,228.795,biomass
2,67,850.8524639999999,conventional_hydroelectric
14,67,138.3928568,conventional_hydroelectric
27,67,907.8965928,conventional_hydroelectric
35,67,1757.5723792,conventional_hydroelectric
54,67,982.1300049,conventional_hydroelectric
67,67,2753.4364526863346,conventional_hydroelectric
84,67,17847.244385399998,conventional_hydroelectric
109,67,373.44615304620004,conventional_hydroelectric
128,67,74.71596000000001,conventional_hydroelectric
139,67,163.51628159999999,conventional_hydroelectric
110,67,50.0,conventional_steam_coal
41,67,7219.002,conventional_steam_coal
3,67,6951.6839276630035,conventional_steam_coal
36,67,0.0,conventional_steam_coal
85,67,0.0,conventional_steam_coal
28,67,74.364,geothermal
116,67,0.0,natural_gas_fired_combined_cycle
73,67,0.0,natural_gas_fired_combined_cycle
71,67,0.0,natural_gas_fired_combined_cycle
44,67,0.0,natural_gas_fired_combined_cycle
115,67,0.0,natural_gas_fired_combined_cycle
70,67,0.0,natural_gas_fired_combined_cycle
131,67,0.0,natural_gas_fired_combined_cycle
18,67,0.0,natural_gas_fired_combined_cycle
72,67,0.0,natural_gas_fired_combined_cycle
114,67,0.0,natural_gas_fired_combined_cycle
45,67,0.0,natural_gas_fired_combined_cycle
78,67,0.0,natural_gas_fired_combustion_turbine
75,67,0.0,natural_gas_fired_combustion_turbine
119,67,0.0,natural_gas_fired_combustion_turbine
117,67,0.0,natural_gas_fired_combustion_turbine
134,67,0.0,natural_gas_fired_combustion_turbine
103,67,0.0,natural_gas_fired_combustion_turbine
47,67,0.0,natural_gas_fired_combustion_turbine
8,67,0.0,natural_gas_fired_combustion_turbine
90,67,0.0,natural_gas_fired_combustion_turbine
60,67,0.0,natural_gas_fired_combustion_turbine
46,67,0.0,natural_gas_fired_combustion_turbine
37,67,0.0,natural_gas_fired_combustion_turbine
7,67,0.0,natural_gas_fired_combustion_turbine
133,67,0.0,natural_gas_fired_combustion_turbine
74,67,0.0,natural_gas_fired_combustion_turbine
20,67,0.0,natural_gas_fired_combustion_turbine
135,67,0.0,natural_gas_fired_combustion_turbine
142,67,0.0,natural_gas_fired_combustion_turbine
121,67,0.0,natural_gas_fired_combustion_turbine
91,67,0.0,natural_gas_fired_combustion_turbine
22,67,0.0,natural_gas_steam_turbine
123,67,0.0,natural_gas_steam_turbine
62,67,0.0,natural_gas_steam_turbine
49,67,0.0,natural_gas_steam_turbine
48,67,0.0,natural_gas_steam_turbine
21,67,0.0,natural_gas_steam_turbine
79,67,7405.999,nuclear
10,67,351.98640000000006,onshore_wind_turbine
23,67,6102.1026,onshore_wind_turbine
31,67,1868.64408,onshore_wind_turbine
38,67,1624.7853,onshore_wind_turbine
50,67,1173.5542799999998,onshore_wind_turbine
63,67,113.64659993760002,onshore_wind_turbine
80,67,2543.81436,onshore_wind_turbine
94,67,4358.193,onshore_wind_turbine
105,67,764.854980372,onshore_wind_turbine
124,67,9942.7883426124,onshore_wind_turbine
136,67,1440.11592,onshore_wind_turbine
144,67,3064.36446,onshore_wind_turbine
11,67,19.125,small_hydroelectric
24,67,62.577,small_hydroelectric
32,67,192.0,small_hydroelectric
39,67,52.9,small_hydroelectric
51,67,25.641,small_hydroelectric
64,67,6.128,small_hydroelectric
81,67,241.672,small_hydroelectric
95,67,418.922,small_hydroelectric
106,67,31.614,small_hydroelectric
125,67,100.697,small_hydroelectric
137,67,36.822,small_hydroelectric
145,67,33.21,small_hydroelectric
12,67,1234.2882599999998,solar_photovoltaic
25,67,247.73657999999998,solar_photovoltaic
33,67,335.4507,solar_photovoltaic
52,67,206.76156,solar_photovoltaic
65,67,2611.9043964735,solar_photovoltaic
82,67,3156.3907499999996,solar_photovoltaic
96,67,151.88364,solar_photovoltaic
107,67,2043.7210513875,solar_photovoltaic
126,67,5645.294826783001,solar_photovoltaic
138,67,542.0613,solar_photovoltaic
26,68,11.235,biomass
13,68,15.682,biomass
108,68,137.081,biomass
40,68,5.952,biomass
97,68,178.173,biomass
1,68,16.294,biomass
66,68,228.795,biomass
2,68,850.8524639999999,conventional_hydroelectric
14,68,138.3928568,conventional_hydroelectric
27,68,907.8965928,conventional_hydroelectric
35,68,1757.5723792,conventional_hydroelectric
54,68,982.1300049,conventional_hydroelectric
67,68,2753.4364526863346,conventional_hydroelectric
84,68,17847.244385399998,conventional_hydroelectric
109,68,373.44615304620004,conventional_hydroelectric
128,68,74.71596000000001,conventional_hydroelectric
139,68,163.51628159999999,conventional_hydroelectric
110,68,50.0,conventional_steam_coal
41,68,7219.002,conventional_steam_coal
3,68,14050.987,conventional_steam_coal
36,68,0.0,conventional_steam_coal
85,68,0.0,conventional_steam_coal
28,68,74.364,geothermal
116,68,0.0,natural_gas_fired_combined_cycle
73,68,0.0,natural_gas_fired_combined_cycle
71,68,0.0,natural_gas_fired_combined_cycle
44,68,0.0,natural_gas_fired_combined_cycle
115,68,0.0,natural_gas_fired_combined_cycle
70,68,0.0,natural_gas_fired_combined_cycle
131,68,0.0,natural_gas_fired_combined_cycle
18,68,0.0,natural_gas_fired_combined_cycle
72,68,0.0,natural_gas_fired_combined_cycle
114,68,0.0,natural_gas_fired_combined_cycle
45,68,0.0,natural_gas_fired_combined_cycle
78,68,0.0,natural_gas_fired_combustion_turbine
75,68,0.0,natural_gas_fired_combustion_turbine
119,68,0.0,natural_gas_fired_combustion_turbine
117,68,0.0,natural_gas_fired_combustion_turbine
134,68,0.0,natural_gas_fired_combustion_turbine
103,68,0.0,natural_gas_fired_combustion_turbine
47,68,0.0,natural_gas_fired_combustion_turbine
8,68,0.0,natural_gas_fired_combustion_turbine
90,68,0.0,natural_gas_fired_combustion_turbine
60,68,0.0,natural_gas_fired_combustion_turbine
46,68,0.0,natural_gas_fired_combustion_turbine
37,68,0.0,natural_gas_fired_combustion_turbine
7,68,0.0,natural_gas_fired_combustion_turbine
133,68,0.0,natural_gas_fired_combustion_turbine
74,68,0.0,natural_gas_fired_combustion_turbine
20,68,0.0,natural_gas_fired_combustion_turbine
135,68,0.0,natural_gas_fired_combustion_turbine
142,68,0.0,natural_gas_fired_combustion_turbine
121,68,0.0,natural_gas_fired_combustion_turbine
91,68,0.0,natural_gas_fired_combustion_turbine
22,68,0.0,natural_gas_steam_turbine
123,68,0.0,natural_gas_steam_turbine
62,68,0.0,natural_gas_steam_turbine
49,68,0.0,natural_gas_steam_turbine
48,68,0.0,natural_gas_steam_turbine
21,68,0.0,natural_gas_steam_turbine
79,68,7405.999,nuclear
10,68,360.24573000000004,onshore_wind_turbine
23,68,6169.9836,onshore_wind_turbine
31,68,1701.2192699999998,onshore_wind_turbine
38,68,1156.63095,onshore_wind_turbine
50,68,1551.8672999999997,onshore_wind_turbine
63,68,64.5175200912,onshore_wind_turbine
80,68,1923.6924,onshore_wind_turbine
94,68,6702.0024,onshore_wind_turbine
105,68,857.1706805340001,onshore_wind_turbine
124,68,10165.901341820401,onshore_wind_turbine
136,68,1458.61848,onshore_wind_turbine
144,68,3528.7463699999994,onshore_wind_turbine
11,68,19.125,small_hydroelectric
24,68,62.577,small_hydroelectric
32,68,192.0,small_hydroelectric
39,68,52.9,small_hydroelectric
51,68,25.641,small_hydroelectric
64,68,6.128,small_hydroelectric
81,68,241.672,small_hydroelectric
95,68,418.922,small_hydroelectric
106,68,31.614,small_hydroelectric
125,68,100.697,small_hydroelectric
137,68,36.822,small_hydroelectric
145,68,33.21,small_hydroelectric
12,68,0.0,solar_photovoltaic
25,68,0.0,solar_photovoltaic
33,68,139.35615,solar_photovoltaic
52,68,0.0,solar_photovoltaic
65,68,200.42333711669997,solar_photovoltaic
82,68,1360.38351,solar_photovoltaic
96,68,51.068670000000004,solar_photovoltaic
107,68,0.0,solar_photovoltaic
126,68,470.1844887885,solar_photovoltaic
138,68,0.0,solar_photovoltaic
26,69,11.235,biomass
13,69,15.682,biomass
108,69,137.081,biomass
40,69,5.952,biomass
97,69,178.173,biomass
1,69,16.294,biomass
66,69,228.795,biomass
2,69,850.8524639999999,conventional_hydroelectric
14,69,138.3928568,conventional_hydroelectric
27,69,907.8965928,conventional_hydroelectric
35,69,1757.5723792,conventional_hydroelectric
54,69,982.1300049,conventional_hydroelectric
67,69,2753.4364526863346,conventional_hydroelectric
84,69,17847.244385399998,conventional_hydroelectric
109,69,373.44615304620004,conventional_hydroelectric
128,69,74.71596000000001,conventional_hydroelectric
139,69,163.51628159999999,conventional_hydroelectric
110,69,50.0,conventional_steam_coal
41,69,7219.002,conventional_steam_coal
3,69,14050.987,conventional_steam_coal
36,69,0.0,conventional_steam_coal
85,69,0.0,conventional_steam_coal
28,69,74.364,geothermal
116,69,0.0,natural_gas_fired_combined_cycle
73,69,0.0,natural_gas_fired_combined_cycle
71,69,0.0,natural_gas_fired_combined_cycle
44,69,0.0,natural_gas_fired_combined_cycle
115,69,0.0,natural_gas_fired_combined_cycle
70,69,0.0,natural_gas_fired_combined_cycle
131,69,0.0,natural_gas_fired_combined_cycle
18,69,0.0,natural_gas_fired_combined_cycle
72,69,0.0,natural_gas_fired_combined_cycle
114,69,0.0,natural_gas_fired_combined_cycle
45,69,0.0,natural_gas_fired_combined_cycle
78,69,0.0,natural_gas_fired_combustion_turbine
75,69,0.0,natural_gas_fired_combustion_turbine
119,69,0.0,natural_gas_fired_combustion_turbine
117,69,0.0,natural_gas_fired_combustion_turbine
134,69,0.0,natural_gas_fired_combustion_turbine
103,69,0.0,natural_gas_fired_combustion_turbine
47,69,0.0,natural_gas_fired_combustion_turbine
8,69,0.0,natural_gas_fired_combustion_turbine
90,69,0.0,natural_gas_fired_combustion_turbine
60,69,0.0,natural_gas_fired_combustion_turbine
46,69,0.0,natural_gas_fired_combustion_turbine
37,69,0.0,natural_gas_fired_combustion_turbine
7,69,0.0,natural_gas_fired_combustion_turbine
133,69,0.0,natural_gas_fired_combustion_turbine
74,69,0.0,natural_gas_fired_combustion_turbine
20,69,0.0,natural_gas_fired_combustion_turbine
135,69,0.0,natural_gas_fired_combustion_turbine
142,69,0.0,natural_gas_fired_combustion_turbine
121,69,0.0,natural_gas_fired_combustion_turbine
91,69,0.0,natural_gas_fired_combustion_turbine
22,69,0.0,natural_gas_steam_turbine
123,69,0.0,natural_gas_steam_turbine
62,69,0.0,natural_gas_steam_turbine
49,69,0.0,natural_gas_steam_turbine
48,69,0.0,natural_gas_steam_turbine
21,69,0.0,natural_gas_steam_turbine
79,69,7405.999,nuclear
10,69,360.78606,onshore_wind_turbine
23,69,6233.8715999999995,onshore_wind_turbine
31,69,1828.44177,onshore_wind_turbine
38,69,1063.8765,onshore_wind_turbine
50,69,1995.2164799999998,onshore_wind_turbine
63,69,59.693280117600004,onshore_wind_turbine
80,69,1569.62148,onshore_wind_turbine
94,69,8648.6094,onshore_wind_turbine
105,69,894.967139871,onshore_wind_turbine
124,69,10307.296983297601,onshore_wind_turbine
136,69,1762.75431,onshore_wind_turbine
144,69,4508.490239999999,onshore_wind_turbine
11,69,19.125,small_hydroelectric
24,69,62.577,small_hydroelectric
32,69,192.0,small_hydroelectric
39,69,52.9,small_hydroelectric
51,69,25.641,small_hydroelectric
64,69,6.128,small_hydroelectric
81,69,241.672,small_hydroelectric
95,69,418.922,small_hydroelectric
106,69,31.614,small_hydroelectric
125,69,100.697,small_hydroelectric
137,69,36.822,small_hydroelectric
145,69,33.21,small_hydroelectric
12,69,0.0,solar_photovoltaic
25,69,0.0,solar_photovoltaic
33,69,0.0,solar_photovoltaic
52,69,0.0,solar_photovoltaic
65,69,0.0,solar_photovoltaic
82,69,0.0,solar_photovoltaic
96,69,0.0,solar_photovoltaic
107,69,0.0,solar_photovoltaic
126,69,0.0,solar_photovoltaic
138,69,0.0,solar_photovoltaic
26,70,11.235,biomass
13,70,15.682,biomass
108,70,137.081,biomass
40,70,5.952,biomass
97,70,178.173,biomass
1,70,16.294,biomass
66,70,228.795,biomass
2,70,850.8524639999999,conventional_hydroelectric
14,70,138.3928568,conventional_hydroelectric
27,70,907.8965928,conventional_hydroelectric
35,70,1757.5723792,conventional_hydroelectric
54,70,982.1300049,conventional_hydroelectric
67,70,2753.4364526863346,conventional_hydroelectric
84,70,17847.244385399998,conventional_hydroelectric
109,70,373.44615304620004,conventional_hydroelectric
128,70,74.71596000000001,conventional_hydroelectric
139,70,163.51628159999999,conventional_hydroelectric
110,70,50.0,conventional_steam_coal
41,70,7219.002,conventional_steam_coal
3,70,12152.80024389707,conventional_steam_coal
36,70,0.0,conventional_steam_coal
85,70,0.0,conventional_steam_coal
28,70,74.364,geothermal
116,70,0.0,natural_gas_fired_combined_cycle
73,70,0.0,natural_gas_fired_combined_cycle
71,70,0.0,natural_gas_fired_combined_cycle
44,70,0.0,natural_gas_fired_combined_cycle
115,70,0.0,natural_gas_fired_combined_cycle
70,70,0.0,natural_gas_fired_combined_cycle
131,70,0.0,natural_gas_fired_combined_cycle
18,70,0.0,natural_gas_fired_combined_cycle
72,70,0.0,natural_gas_fired_combined_cycle
114,70,0.0,natural_gas_fired_combined_cycle
45,70,0.0,natural_gas_fired_combined_cycle
78,70,0.0,natural_gas_fired_combustion_turbine
75,70,0.0,natural_gas_fired_combustion_turbine
119,70,0.0,natural_gas_fired_combustion_turbine
117,70,0.0,natural_gas_fired_combustion_turbine
134,70,0.0,natural_gas_fired_combustion_turbine
103,70,0.0,natural_gas_fired_combustion_turbine
47,70,0.0,natural_gas_fired_combustion_turbine
8,70,0.0,natural_gas_fired_combustion_turbine
90,70,0.0,natural_gas_fired_combustion_turbine
60,70,0.0,natural_gas_fired_combustion_turbine
46,70,0.0,natural_gas_fired_combustion_turbine
37,70,0.0,natural_gas_fired_combustion_turbine
7,70,0.0,natural_gas_fired_combustion_turbine
133,70,0.0,natural_gas_fired_combustion_turbine
74,70,0.0,natural_gas_fired_combustion_turbine
20,70,0.0,natural_gas_fired_combustion_turbine
135,70,0.0,natural_gas_fired_combustion_turbine
142,70,0.0,natural_gas_fired_combustion_turbine
121,70,0.0,natural_gas_fired_combustion_turbine
91,70,0.0,natural_gas_fired_combustion_turbine
22,70,0.0,natural_gas_steam_turbine
123,70,0.0,natural_gas_steam_turbine
62,70,0.0,natural_gas_steam_turbine
49,70,0.0,natural_gas_steam_turbine
48,70,0.0,natural_gas_steam_turbine
21,70,0.0,natural_gas_steam_turbine
79,70,7405.999,nuclear
10,70,350.36541000000005,onshore_wind_turbine
23,70,6140.4354,onshore_wind_turbine
31,70,2469.1342799999998,onshore_wind_turbine
38,70,1111.1058,onshore_wind_turbine
50,70,1943.8262999999997,onshore_wind_turbine
63,70,63.017160096,onshore_wind_turbine
80,70,1733.71284,onshore_wind_turbine
94,70,7747.023,onshore_wind_turbine
105,70,964.6119005040001,onshore_wind_turbine
124,70,10645.8657250704,onshore_wind_turbine
136,70,2027.5722000000003,onshore_wind_turbine
144,70,5326.951769999999,onshore_wind_turbine
11,70,19.125,small_hydroelectric
24,70,62.577,small_hydroelectric
32,70,192.0,small_hydroelectric
39,70,52.9,small_hydroelectric
51,70,25.641,small_hydroelectric
64,70,6.128,small_hydroelectric
81,70,241.672,small_hydroelectric
95,70,418.922,small_hydroelectric
106,70,31.614,small_hydroelectric
125,70,100.697,small_hydroelectric
137,70,36.822,small_hydroelectric
145,70,33.21,small_hydroelectric
12,70,0.0,solar_photovoltaic
25,70,0.0,solar_photovoltaic
33,70,0.0,solar_photovoltaic
52,70,0.0,solar_photovoltaic
65,70,0.0,solar_photovoltaic
82,70,0.0,solar_photovoltaic
96,70,0.0,solar_photovoltaic
107,70,0.0,solar_photovoltaic
126,70,0.0,solar_photovoltaic
138,70,0.0,solar_photovoltaic
26,71,11.235,biomass
13,71,15.682,biomass
108,71,137.081,biomass
40,71,5.952,biomass
97,71,178.173,biomass
1,71,16.294,biomass
66,71,228.795,biomass
2,71,850.8524639999999,conventional_hydroelectric
14,71,138.3928568,conventional_hydroelectric
27,71,907.8965928,conventional_hydroelectric
35,71,1757.5723792,conventional_hydroelectric
54,71,982.1300049,conventional_hydroelectric
67,71,2753.4364526863346,conventional_hydroelectric
84,71,17847.244385399998,conventional_hydroelectric
109,71,373.44615304620004,conventional_hydroelectric
128,71,74.71596000000001,conventional_hydroelectric
139,71,163.51628159999999,conventional_hydroelectric
110,71,50.0,conventional_steam_coal
41,71,7219.002,conventional_steam_coal
3,71,4869.7412936516575,conventional_steam_coal
36,71,0.0,conventional_steam_coal
85,71,0.0,conventional_steam_coal
28,71,74.364,geothermal
116,71,0.0,natural_gas_fired_combined_cycle
73,71,0.0,natural_gas_fired_combined_cycle
71,71,0.0,natural_gas_fired_combined_cycle
44,71,0.0,natural_gas_fired_combined_cycle
115,71,0.0,natural_gas_fired_combined_cycle
70,71,0.0,natural_gas_fired_combined_cycle
131,71,0.0,natural_gas_fired_combined_cycle
18,71,0.0,natural_gas_fired_combined_cycle
72,71,0.0,natural_gas_fired_combined_cycle
114,71,0.0,natural_gas_fired_combined_cycle
45,71,0.0,natural_gas_fired_combined_cycle
78,71,0.0,natural_gas_fired_combustion_turbine
75,71,0.0,natural_gas_fired_combustion_turbine
119,71,0.0,natural_gas_fired_combustion_turbine
117,71,0.0,natural_gas_fired_combustion_turbine
134,71,0.0,natural_gas_fired_combustion_turbine
103,71,0.0,natural_gas_fired_combustion_turbine
47,71,0.0,natural_gas_fired_combustion_turbine
8,71,0.0,natural_gas_fired_combustion_turbine
90,71,0.0,natural_gas_fired_combustion_turbine
60,71,0.0,natural_gas_fired_combustion_turbine
46,71,0.0,natural_gas_fired_combustion_turbine
37,71,0.0,natural_gas_fired_combustion_turbine
7,71,0.0,natural_gas_fired_combustion_turbine
133,71,0.0,natural_gas_fired_combustion_turbine
74,71,0.0,natural_gas_fired_combustion_turbine
20,71,0.0,natural_gas_fired_combustion_turbine
135,71,0.0,natural_gas_fired_combustion_turbine
142,71,0.0,natural_gas_fired_combustion_turbine
121,71,0.0,natural_gas_fired_combustion_turbine
91,71,0.0,natural_gas_fired_combustion_turbine
22,71,0.0,natural_gas_steam_turbine
123,71,0.0,natural_gas_steam_turbine
62,71,0.0,natural_gas_steam_turbine
49,71,0.0,natural_gas_steam_turbine
48,71,0.0,natural_gas_steam_turbine
21,71,0.0,natural_gas_steam_turbine
79,71,7405.999,nuclear
10,71,390.19545,onshore_wind_turbine
23,71,5809.8150000000005,onshore_wind_turbine
31,71,2694.06366,onshore_wind_turbine
38,71,868.87305,onshore_wind_turbine
50,71,1940.6325599999998,onshore_wind_turbine
63,71,72.98999999040001,onshore_wind_turbine
80,71,1581.96816,onshore_wind_turbine
94,71,9679.4442,onshore_wind_turbine
105,71,1045.6896594690002,onshore_wind_turbine
124,71,10786.780346456402,onshore_wind_turbine
136,71,1735.3859400000001,onshore_wind_turbine
144,71,4696.652969999999,onshore_wind_turbine
11,71,19.125,small_hydroelectric
24,71,62.577,small_hydroelectric
32,71,192.0,small_hydroelectric
39,71,52.9,small_hydroelectric
51,71,25.641,small_hydroelectric
64,71,6.128,small_hydroelectric
81,71,241.672,small_hydroelectric
95,71,418.922,small_hydroelectric
106,71,31.614,small_hydroelectric
125,71,100.697,small_hydroelectric
137,71,36.822,small_hydroelectric
145,71,33.21,small_hydroelectric
12,71,0.0,solar_photovoltaic
25,71,0.0,solar_photovoltaic
33,71,0.0,solar_photovoltaic
52,71,0.0,solar_photovoltaic
65,71,0.0,solar_photovoltaic
82,71,0.0,solar_photovoltaic
96,71,0.0,solar_photovoltaic
107,71,0.0,solar_photovoltaic
126,71,0.0,solar_photovoltaic
138,71,0.0,solar_photovoltaic
26,72,11.235,biomass
13,72,15.682,biomass
108,72,137.081,biomass
40,72,5.952,biomass
97,72,178.173,biomass
1,72,16.294,biomass
66,72,228.795,biomass
2,72,850.8524639999999,conventional_hydroelectric
14,72,138.3928568,conventional_hydroelectric
27,72,907.8965928,conventional_hydroelectric
35,72,1757.5723792,conventional_hydroelectric
54,72,982.1300049,conventional_hydroelectric
67,72,2753.4364526863346,conventional_hydroelectric
84,72,17847.244385399998,conventional_hydroelectric
109,72,373.44615304620004,conventional_hydroelectric
128,72,74.71596000000001,conventional_hydroelectric
139,72,163.51628159999999,conventional_hydroelectric
110,72,50.0,conventional_steam_coal
41,72,7219.002,conventional_steam_coal
3,72,1935.1848737342568,conventional_steam_coal
36,72,0.0,conventional_steam_coal
85,72,0.0,conventional_steam_coal
28,72,74.364,geothermal
116,72,0.0,natural_gas_fired_combined_cycle
73,72,0.0,natural_gas_fired_combined_cycle
71,72,0.0,natural_gas_fired_combined_cycle
44,72,0.0,natural_gas_fired_combined_cycle
115,72,0.0,natural_gas_fired_combined_cycle
70,72,0.0,natural_gas_fired_combined_cycle
131,72,0.0,natural_gas_fired_combined_cycle
18,72,0.0,natural_gas_fired_combined_cycle
72,72,0.0,natural_gas_fired_combined_cycle
114,72,0.0,natural_gas_fired_combined_cycle
45,72,0.0,natural_gas_fired_combined_cycle
78,72,0.0,natural_gas_fired_combustion_turbine
75,72,0.0,natural_gas_fired_combustion_turbine
119,72,0.0,natural_gas_fired_combustion_turbine
117,72,0.0,natural_gas_fired_combustion_turbine
134,72,0.0,natural_gas_fired_combustion_turbine
103,72,0.0,natural_gas_fired_combustion_turbine
47,72,0.0,natural_gas_fired_combustion_turbine
8,72,0.0,natural_gas_fired_combustion_turbine
90,72,0.0,natural_gas_fired_combustion_turbine
60,72,0.0,natural_gas_fired_combustion_turbine
46,72,0.0,natural_gas_fired_combustion_turbine
37,72,0.0,natural_gas_fired_combustion_turbine
7,72,0.0,natural_gas_fired_combustion_turbine
133,72,0.0,natural_gas_fired_combustion_turbine
74,72,0.0,natural_gas_fired_combustion_turbine
20,72,0.0,natural_gas_fired_combustion_turbine
135,72,0.0,natural_gas_fired_combustion_turbine
142,72,0.0,natural_gas_fired_combustion_turbine
121,72,0.0,natural_gas_fired_combustion_turbine
91,72,0.0,natural_gas_fired_combustion_turbine
22,72,0.0,natural_gas_steam_turbine
123,72,0.0,natural_gas_steam_turbine
62,72,0.0,natural_gas_steam_turbine
49,72,0.0,natural_gas_steam_turbine
48,72,0.0,natural_gas_steam_turbine
21,72,0.0,natural_gas_steam_turbine
79,72,7405.999,nuclear
10,72,356.84937,onshore_wind_turbine
23,72,5345.8284,onshore_wind_turbine
31,72,3062.50002,onshore_wind_turbine
38,72,1091.38635,onshore_wind_turbine
50,72,1445.31252,onshore_wind_turbine
63,72,30.807720141600004,onshore_wind_turbine
80,72,1106.42184,onshore_wind_turbine
94,72,8323.9122,onshore_wind_turbine
105,72,1118.111699565,onshore_wind_turbine
124,72,10861.9653661266,onshore_wind_turbine
136,72,1354.54158,onshore_wind_turbine
144,72,4222.0750499999995,onshore_wind_turbine
11,72,19.125,small_hydroelectric
24,72,62.577,small_hydroelectric
32,72,192.0,small_hydroelectric
39,72,52.9,small_hydroelectric
51,72,25.641,small_hydroelectric
64,72,6.128,small_hydroelectric
81,72,241.672,small_hydroelectric
95,72,418.922,small_hydroelectric
106,72,31.614,small_hydroelectric
125,72,100.697,small_hydroelectric
137,72,36.822,small_hydroelectric
145,72,33.21,small_hydroelectric
12,72,0.0,solar_photovoltaic
25,72,0.0,solar_photovoltaic
33,72,0.0,solar_photovoltaic
52,72,0.0,solar_photovoltaic
65,72,0.0,solar_photovoltaic
82,72,0.0,solar_photovoltaic
96,72,0.0,solar_photovoltaic
107,72,0.0,solar_photovoltaic
126,72,0.0,solar_photovoltaic
138,72,0.0,solar_photovoltaic
26,73,11.235,biomass
13,73,15.682,biomass
108,73,137.081,biomass
40,73,5.952,biomass
97,73,178.173,biomass
1,73,16.294,biomass
66,73,228.795,biomass
2,73,850.8524639999999,conventional_hydroelectric
14,73,138.3928568,conventional_hydroelectric
27,73,907.8965928,conventional_hydroelectric
35,73,1757.5723792,conventional_hydroelectric
54,73,982.1300049,conventional_hydroelectric
67,73,2753.4364526863346,conventional_hydroelectric
84,73,17847.244385399998,conventional_hydroelectric
109,73,373.44615304620004,conventional_hydroelectric
128,73,74.71596000000001,conventional_hydroelectric
139,73,163.51628159999999,conventional_hydroelectric
110,73,50.0,conventional_steam_coal
41,73,5662.031543107283,conventional_steam_coal
3,73,0.0,conventional_steam_coal
36,73,0.0,conventional_steam_coal
85,73,0.0,conventional_steam_coal
28,73,74.364,geothermal
116,73,0.0,natural_gas_fired_combined_cycle
73,73,0.0,natural_gas_fired_combined_cycle
71,73,0.0,natural_gas_fired_combined_cycle
44,73,0.0,natural_gas_fired_combined_cycle
115,73,0.0,natural_gas_fired_combined_cycle
70,73,0.0,natural_gas_fired_combined_cycle
131,73,0.0,natural_gas_fired_combined_cycle
18,73,0.0,natural_gas_fired_combined_cycle
72,73,0.0,natural_gas_fired_combined_cycle
114,73,0.0,natural_gas_fired_combined_cycle
45,73,0.0,natural_gas_fired_combined_cycle
78,73,0.0,natural_gas_fired_combustion_turbine
75,73,0.0,natural_gas_fired_combustion_turbine
119,73,0.0,natural_gas_fired_combustion_turbine
117,73,0.0,natural_gas_fired_combustion_turbine
134,73,0.0,natural_gas_fired_combustion_turbine
103,73,0.0,natural_gas_fired_combustion_turbine
47,73,0.0,natural_gas_fired_combustion_turbine
8,73,0.0,natural_gas_fired_combustion_turbine
90,73,0.0,natural_gas_fired_combustion_turbine
60,73,0.0,natural_gas_fired_combustion_turbine
46,73,0.0,natural_gas_fired_combustion_turbine
37,73,0.0,natural_gas_fired_combustion_turbine
7,73,0.0,natural_gas_fired_combustion_turbine
133,73,0.0,natural_gas_fired_combustion_turbine
74,73,0.0,natural_gas_fired_combustion_turbine
20,73,0.0,natural_gas_fired_combustion_turbine
135,73,0.0,natural_gas_fired_combustion_turbine
142,73,0.0,natural_gas_fired_combustion_turbine
121,73,0.0,natural_gas_fired_combustion_turbine
91,73,0.0,natural_gas_fired_combustion_turbine
22,73,0.0,natural_gas_steam_turbine
123,73,0.0,natural_gas_steam_turbine
62,73,0.0,natural_gas_steam_turbine
49,73,0.0,natural_gas_steam_turbine
48,73,0.0,natural_gas_steam_turbine
21,73,0.0,natural_gas_steam_turbine
79,73,7405.999,nuclear
10,73,295.79208,onshore_wind_turbine
23,73,4937.743799999999,onshore_wind_turbine
31,73,2967.3375899999996,onshore_wind_turbine
38,73,1190.7139499999998,onshore_wind_turbine
50,73,1776.0097799999999,onshore_wind_turbine
63,73,20.1551999376,onshore_wind_turbine
80,73,1382.0315999999998,onshore_wind_turbine
94,73,7756.4802,onshore_wind_turbine
105,73,1199.556300411,onshore_wind_turbine
124,73,10826.458176111602,onshore_wind_turbine
136,73,1088.56728,onshore_wind_turbine
144,73,3514.842719999999,onshore_wind_turbine
11,73,19.125,small_hydroelectric
24,73,62.577,small_hydroelectric
32,73,192.0,small_hydroelectric
39,73,52.9,small_hydroelectric
51,73,25.641,small_hydroelectric
64,73,6.128,small_hydroelectric
81,73,241.672,small_hydroelectric
95,73,418.922,small_hydroelectric
106,73,31.614,small_hydroelectric
125,73,100.697,small_hydroelectric
137,73,36.822,small_hydroelectric
145,73,33.21,small_hydroelectric
12,73,0.0,solar_photovoltaic
25,73,0.0,solar_photovoltaic
33,73,0.0,solar_photovoltaic
52,73,0.0,solar_photovoltaic
65,73,0.0,solar_photovoltaic
82,73,0.0,solar_photovoltaic
96,73,0.0,solar_photovoltaic
107,73,0.0,solar_photovoltaic
126,73,0.0,solar_photovoltaic
138,73,0.0,solar_photovoltaic
26,74,11.235,biomass
13,74,15.682,biomass
108,74,137.081,biomass
40,74,5.952,biomass
97,74,178.173,biomass
1,74,16.294,biomass
66,74,228.795,biomass
2,74,850.8524639999999,conventional_hydroelectric
14,74,138.3928568,conventional_hydroelectric
27,74,907.8965928,conventional_hydroelectric
35,74,1757.5723792,conventional_hydroelectric
54,74,982.1300049,conventional_hydroelectric
67,74,2753.4364526863346,conventional_hydroelectric
84,74,17847.244385399998,conventional_hydroelectric
109,74,373.44615304620004,conventional_hydroelectric
128,74,74.71596000000001,conventional_hydroelectric
139,74,163.51628159999999,conventional_hydroelectric
110,74,50.0,conventional_steam_coal
41,74,2728.910327133865,conventional_steam_coal
3,74,0.0,conventional_steam_coal
36,74,0.0,conventional_steam_coal
85,74,0.0,conventional_steam_coal
28,74,74.364,geothermal
116,74,0.0,natural_gas_fired_combined_cycle
73,74,0.0,natural_gas_fired_combined_cycle
71,74,0.0,natural_gas_fired_combined_cycle
44,74,0.0,natural_gas_fired_combined_cycle
115,74,0.0,natural_gas_fired_combined_cycle
70,74,0.0,natural_gas_fired_combined_cycle
131,74,0.0,natural_gas_fired_combined_cycle
18,74,0.0,natural_gas_fired_combined_cycle
72,74,0.0,natural_gas_fired_combined_cycle
114,74,0.0,natural_gas_fired_combined_cycle
45,74,0.0,natural_gas_fired_combined_cycle
78,74,0.0,natural_gas_fired_combustion_turbine
75,74,0.0,natural_gas_fired_combustion_turbine
119,74,0.0,natural_gas_fired_combustion_turbine
117,74,0.0,natural_gas_fired_combustion_turbine
134,74,0.0,natural_gas_fired_combustion_turbine
103,74,0.0,natural_gas_fired_combustion_turbine
47,74,0.0,natural_gas_fired_combustion_turbine
8,74,0.0,natural_gas_fired_combustion_turbine
90,74,0.0,natural_gas_fired_combustion_turbine
60,74,0.0,natural_gas_fired_combustion_turbine
46,74,0.0,natural_gas_fired_combustion_turbine
37,74,0.0,natural_gas_fired_combustion_turbine
7,74,0.0,natural_gas_fired_combustion_turbine
133,74,0.0,natural_gas_fired_combustion_turbine
74,74,0.0,natural_gas_fired_combustion_turbine
20,74,0.0,natural_gas_fired_combustion_turbine
135,74,0.0,natural_gas_fired_combustion_turbine
142,74,0.0,natural_gas_fired_combustion_turbine
121,74,0.0,natural_gas_fired_combustion_turbine
91,74,0.0,natural_gas_fired_combustion_turbine
22,74,0.0,natural_gas_steam_turbine
123,74,0.0,natural_gas_steam_turbine
62,74,0.0,natural_gas_steam_turbine
49,74,0.0,natural_gas_steam_turbine
48,74,0.0,natural_gas_steam_turbine
21,74,0.0,natural_gas_steam_turbine
79,74,7405.999,nuclear
10,74,314.24049,onshore_wind_turbine
23,74,5481.5904,onshore_wind_turbine
31,74,3219.23814,onshore_wind_turbine
38,74,1180.2456,onshore_wind_turbine
50,74,1710.1025999999997,onshore_wind_turbine
63,74,20.6338799088,onshore_wind_turbine
80,74,1348.1778,onshore_wind_turbine
94,74,6999.9042,onshore_wind_turbine
105,74,1184.5329003269999,onshore_wind_turbine
124,74,10817.910182197802,onshore_wind_turbine
136,74,1022.65191,onshore_wind_turbine
144,74,3924.5369399999995,onshore_wind_turbine
11,74,19.125,small_hydroelectric
24,74,62.577,small_hydroelectric
32,74,192.0,small_hydroelectric
39,74,52.9,small_hydroelectric
51,74,25.641,small_hydroelectric
64,74,6.128,small_hydroelectric
81,74,241.672,small_hydroelectric
95,74,418.922,small_hydroelectric
106,74,31.614,small_hydroelectric
125,74,100.697,small_hydroelectric
137,74,36.822,small_hydroelectric
145,74,33.21,small_hydroelectric
12,74,0.0,solar_photovoltaic
25,74,0.0,solar_photovoltaic
33,74,0.0,solar_photovoltaic
52,74,0.0,solar_photovoltaic
65,74,0.0,solar_photovoltaic
82,74,0.0,solar_photovoltaic
96,74,0.0,solar_photovoltaic
107,74,0.0,solar_photovoltaic
126,74,0.0,solar_photovoltaic
138,74,0.0,solar_photovoltaic
26,75,11.235,biomass
13,75,15.682,biomass
108,75,137.081,biomass
40,75,5.952,biomass
97,75,178.173,biomass
1,75,16.294,biomass
66,75,228.795,biomass
2,75,850.8524639999999,conventional_hydroelectric
14,75,138.3928568,conventional_hydroelectric
27,75,907.8965928,conventional_hydroelectric
35,75,1757.5723792,conventional_hydroelectric
54,75,982.1300049,conventional_hydroelectric
67,75,2753.4364526863346,conventional_hydroelectric
84,75,17847.244385399998,conventional_hydroelectric
109,75,373.44615304620004,conventional_hydroelectric
128,75,74.71596000000001,conventional_hydroelectric
139,75,163.51628159999999,conventional_hydroelectric
110,75,50.0,conventional_steam_coal
41,75,1681.614292822861,conventional_steam_coal
3,75,0.0,conventional_steam_coal
36,75,0.0,conventional_steam_coal
85,75,0.0,conventional_steam_coal
28,75,74.364,geothermal
116,75,0.0,natural_gas_fired_combined_cycle
73,75,0.0,natural_gas_fired_combined_cycle
71,75,0.0,natural_gas_fired_combined_cycle
44,75,0.0,natural_gas_fired_combined_cycle
115,75,0.0,natural_gas_fired_combined_cycle
70,75,0.0,natural_gas_fired_combined_cycle
131,75,0.0,natural_gas_fired_combined_cycle
18,75,0.0,natural_gas_fired_combined_cycle
72,75,0.0,natural_gas_fired_combined_cycle
114,75,0.0,natural_gas_fired_combined_cycle
45,75,0.0,natural_gas_fired_combined_cycle
78,75,0.0,natural_gas_fired_combustion_turbine
75,75,0.0,natural_gas_fired_combustion_turbine
119,75,0.0,natural_gas_fired_combustion_turbine
117,75,0.0,natural_gas_fired_combustion_turbine
134,75,0.0,natural_gas_fired_combustion_turbine
103,75,0.0,natural_gas_fired_combustion_turbine
47,75,0.0,natural_gas_fired_combustion_turbine
8,75,0.0,natural_gas_fired_combustion_turbine
90,75,0.0,natural_gas_fired_combustion_turbine
60,75,0.0,natural_gas_fired_combustion_turbine
46,75,0.0,natural_gas_fired_combustion_turbine
37,75,0.0,natural_gas_fired_combustion_turbine
7,75,0.0,natural_gas_fired_combustion_turbine
133,75,0.0,natural_gas_fired_combustion_turbine
74,75,0.0,natural_gas_fired_combustion_turbine
20,75,0.0,natural_gas_fired_combustion_turbine
135,75,0.0,natural_gas_fired_combustion_turbine
142,75,0.0,natural_gas_fired_combustion_turbine
121,75,0.0,natural_gas_fired_combustion_turbine
91,75,0.0,natural_gas_fired_combustion_turbine
22,75,0.0,natural_gas_steam_turbine
123,75,0.0,natural_gas_steam_turbine
62,75,0.0,natural_gas_steam_turbine
49,75,0.0,natural_gas_steam_turbine
48,75,0.0,natural_gas_steam_turbine
21,75,0.0,natural_gas_steam_turbine
79,75,7405.999,nuclear
10,75,275.64549,onshore_wind_turbine
23,75,5016.8052,onshore_wind_turbine
31,75,2950.5442199999998,onshore_wind_turbine
38,75,1249.62885,onshore_wind_turbine
50,75,1496.4123599999998,onshore_wind_turbine
63,75,28.7643600936,onshore_wind_turbine
80,75,454.43747999999994,onshore_wind_turbine
94,75,8372.7744,onshore_wind_turbine
105,75,1194.952440528,onshore_wind_turbine
124,75,10926.188616123001,onshore_wind_turbine
136,75,1469.41164,onshore_wind_turbine
144,75,3141.297989999999,onshore_wind_turbine
11,75,19.125,small_hydroelectric
24,75,62.577,small_hydroelectric
32,75,192.0,small_hydroelectric
39,75,52.9,small_hydroelectric
51,75,25.641,small_hydroelectric
64,75,6.128,small_hydroelectric
81,75,241.672,small_hydroelectric
95,75,418.922,small_hydroelectric
106,75,31.614,small_hydroelectric
125,75,100.697,small_hydroelectric
137,75,36.822,small_hydroelectric
145,75,33.21,small_hydroelectric
12,75,0.0,solar_photovoltaic
25,75,0.0,solar_photovoltaic
33,75,0.0,solar_photovoltaic
52,75,0.0,solar_photovoltaic
65,75,0.0,solar_photovoltaic
82,75,0.0,solar_photovoltaic
96,75,0.0,solar_photovoltaic
107,75,0.0,solar_photovoltaic
126,75,0.0,solar_photovoltaic
138,75,0.0,solar_photovoltaic
26,76,11.235,biomass
13,76,15.682,biomass
108,76,137.081,biomass
40,76,5.952,biomass
97,76,178.173,biomass
1,76,16.294,biomass
66,76,228.795,biomass
2,76,850.8524639999999,conventional_hydroelectric
14,76,138.3928568,conventional_hydroelectric
27,76,907.8965928,conventional_hydroelectric
35,76,1757.5723792,conventional_hydroelectric
54,76,982.1300049,conventional_hydroelectric
67,76,2753.4364526863346,conventional_hydroelectric
84,76,17847.244385399998,conventional_hydroelectric
109,76,373.44615304620004,conventional_hydroelectric
128,76,74.71596000000001,conventional_hydroelectric
139,76,163.51628159999999,conventional_hydroelectric
110,76,50.0,conventional_steam_coal
41,76,6238.226734866073,conventional_steam_coal
3,76,0.0,conventional_steam_coal
36,76,0.0,conventional_steam_coal
85,76,0.0,conventional_steam_coal
28,76,74.364,geothermal
116,76,0.0,natural_gas_fired_combined_cycle
73,76,0.0,natural_gas_fired_combined_cycle
71,76,0.0,natural_gas_fired_combined_cycle
44,76,0.0,natural_gas_fired_combined_cycle
115,76,0.0,natural_gas_fired_combined_cycle
70,76,0.0,natural_gas_fired_combined_cycle
131,76,0.0,natural_gas_fired_combined_cycle
18,76,0.0,natural_gas_fired_combined_cycle
72,76,0.0,natural_gas_fired_combined_cycle
114,76,0.0,natural_gas_fired_combined_cycle
45,76,0.0,natural_gas_fired_combined_cycle
78,76,0.0,natural_gas_fired_combustion_turbine
75,76,0.0,natural_gas_fired_combustion_turbine
119,76,0.0,natural_gas_fired_combustion_turbine
117,76,0.0,natural_gas_fired_combustion_turbine
134,76,0.0,natural_gas_fired_combustion_turbine
103,76,0.0,natural_gas_fired_combustion_turbine
47,76,0.0,natural_gas_fired_combustion_turbine
8,76,0.0,natural_gas_fired_combustion_turbine
90,76,0.0,natural_gas_fired_combustion_turbine
60,76,0.0,natural_gas_fired_combustion_turbine
46,76,0.0,natural_gas_fired_combustion_turbine
37,76,0.0,natural_gas_fired_combustion_turbine
7,76,0.0,natural_gas_fired_combustion_turbine
133,76,0.0,natural_gas_fired_combustion_turbine
74,76,0.0,natural_gas_fired_combustion_turbine
20,76,0.0,natural_gas_fired_combustion_turbine
135,76,0.0,natural_gas_fired_combustion_turbine
142,76,0.0,natural_gas_fired_combustion_turbine
121,76,0.0,natural_gas_fired_combustion_turbine
91,76,0.0,natural_gas_fired_combustion_turbine
22,76,0.0,natural_gas_steam_turbine
123,76,0.0,natural_gas_steam_turbine
62,76,0.0,natural_gas_steam_turbine
49,76,0.0,natural_gas_steam_turbine
48,76,0.0,natural_gas_steam_turbine
21,76,0.0,natural_gas_steam_turbine
79,76,5554.49925,nuclear
10,76,310.76694000000003,onshore_wind_turbine
23,76,4597.5402,onshore_wind_turbine
31,76,3048.2510999999995,onshore_wind_turbine
38,76,1065.3372,onshore_wind_turbine
50,76,1345.1452199999999,onshore_wind_turbine
63,76,26.331240153600003,onshore_wind_turbine
80,76,453.64092,onshore_wind_turbine
94,76,7018.8186,onshore_wind_turbine
105,76,1185.413219991,onshore_wind_turbine
124,76,10815.622134556801,onshore_wind_turbine
136,76,1169.5159800000001,onshore_wind_turbine
144,76,2013.2485199999996,onshore_wind_turbine
11,76,19.125,small_hydroelectric
24,76,62.577,small_hydroelectric
32,76,192.0,small_hydroelectric
39,76,52.9,small_hydroelectric
51,76,25.641,small_hydroelectric
64,76,6.128,small_hydroelectric
81,76,241.672,small_hydroelectric
95,76,418.922,small_hydroelectric
106,76,31.614,small_hydroelectric
125,76,100.697,small_hydroelectric
137,76,36.822,small_hydroelectric
145,76,33.21,small_hydroelectric
12,76,0.0,solar_photovoltaic
25,76,0.0,solar_photovoltaic
33,76,0.0,solar_photovoltaic
52,76,0.0,solar_photovoltaic
65,76,0.0,solar_photovoltaic
82,76,0.0,solar_photovoltaic
96,76,0.0,solar_photovoltaic
107,76,0.0,solar_photovoltaic
126,76,0.0,solar_photovoltaic
138,76,0.0,solar_photovoltaic
26,77,11.235,biomass
13,77,15.682,biomass
108,77,137.081,biomass
40,77,5.952,biomass
97,77,178.173,biomass
1,77,16.294,biomass
66,77,228.795,biomass
2,77,850.8524639999999,conventional_hydroelectric
14,77,138.3928568,conventional_hydroelectric
27,77,907.8965928,conventional_hydroelectric
35,77,1757.5723792,conventional_hydroelectric
54,77,982.1300049,conventional_hydroelectric
67,77,2753.4364526863346,conventional_hydroelectric
84,77,17847.244385399998,conventional_hydroelectric
109,77,373.44615304620004,conventional_hydroelectric
128,77,74.71596000000001,conventional_hydroelectric
139,77,163.51628159999999,conventional_hydroelectric
110,77,28.499999999999996,conventional_steam_coal
41,77,5159.790526347265,conventional_steam_coal
3,77,0.0,conventional_steam_coal
36,77,0.0,conventional_steam_coal
85,77,0.0,conventional_steam_coal
28,77,74.364,geothermal
116,77,0.0,natural_gas_fired_combined_cycle
73,77,0.0,natural_gas_fired_combined_cycle
71,77,0.0,natural_gas_fired_combined_cycle
44,77,0.0,natural_gas_fired_combined_cycle
115,77,0.0,natural_gas_fired_combined_cycle
70,77,0.0,natural_gas_fired_combined_cycle
131,77,0.0,natural_gas_fired_combined_cycle
18,77,0.0,natural_gas_fired_combined_cycle
72,77,0.0,natural_gas_fired_combined_cycle
114,77,0.0,natural_gas_fired_combined_cycle
45,77,0.0,natural_gas_fired_combined_cycle
78,77,0.0,natural_gas_fired_combustion_turbine
75,77,0.0,natural_gas_fired_combustion_turbine
119,77,0.0,natural_gas_fired_combustion_turbine
117,77,0.0,natural_gas_fired_combustion_turbine
134,77,0.0,natural_gas_fired_combustion_turbine
103,77,0.0,natural_gas_fired_combustion_turbine
47,77,0.0,natural_gas_fired_combustion_turbine
8,77,0.0,natural_gas_fired_combustion_turbine
90,77,0.0,natural_gas_fired_combustion_turbine
60,77,0.0,natural_gas_fired_combustion_turbine
46,77,0.0,natural_gas_fired_combustion_turbine
37,77,0.0,natural_gas_fired_combustion_turbine
7,77,0.0,natural_gas_fired_combustion_turbine
133,77,0.0,natural_gas_fired_combustion_turbine
74,77,0.0,natural_gas_fired_combustion_turbine
20,77,0.0,natural_gas_fired_combustion_turbine
135,77,0.0,natural_gas_fired_combustion_turbine
142,77,0.0,natural_gas_fired_combustion_turbine
121,77,0.0,natural_gas_fired_combustion_turbine
91,77,0.0,natural_gas_fired_combustion_turbine
22,77,0.0,natural_gas_steam_turbine
123,77,0.0,natural_gas_steam_turbine
62,77,0.0,natural_gas_steam_turbine
49,77,0.0,natural_gas_steam_turbine
48,77,0.0,natural_gas_steam_turbine
21,77,0.0,natural_gas_steam_turbine
79,77,3702.9995,nuclear
10,77,361.86672000000004,onshore_wind_turbine
23,77,3852.4464,onshore_wind_turbine
31,77,3456.8897699999998,onshore_wind_turbine
38,77,898.3305,onshore_wind_turbine
50,77,1258.9142399999998,onshore_wind_turbine
63,77,65.0002799904,onshore_wind_turbine
80,77,848.3363999999999,onshore_wind_turbine
94,77,8618.6616,onshore_wind_turbine
105,77,1221.617939787,onshore_wind_turbine
124,77,10830.075063442802,onshore_wind_turbine
136,77,1131.7399200000002,onshore_wind_turbine
144,77,2999.4807599999995,onshore_wind_turbine
11,77,19.125,small_hydroelectric
24,77,62.577,small_hydroelectric
32,77,192.0,small_hydroelectric
39,77,52.9,small_hydroelectric
51,77,25.641,small_hydroelectric
64,77,6.128,small_hydroelectric
81,77,241.672,small_hydroelectric
95,77,418.922,small_hydroelectric
106,77,31.614,small_hydroelectric
125,77,100.697,small_hydroelectric
137,77,36.822,small_hydroelectric
145,77,33.21,small_hydroelectric
12,77,0.0,solar_photovoltaic
25,77,309.39047999999997,solar_photovoltaic
33,77,0.0,solar_photovoltaic
52,77,96.86394,solar_photovoltaic
65,77,0.0,solar_photovoltaic
82,77,0.0,solar_photovoltaic
96,77,0.0,solar_photovoltaic
107,77,0.0,solar_photovoltaic
126,77,0.0,solar_photovoltaic
138,77,13.6983,solar_photovoltaic
26,78,0.0,biomass
13,78,0.0,biomass
108,78,0.0,biomass
40,78,0.0,biomass
97,78,0.0,biomass
1,78,0.0,biomass
66,78,0.0,biomass
2,78,850.8524639999999,conventional_hydroelectric
14,78,138.3928568,conventional_hydroelectric
27,78,907.8965928,conventional_hydroelectric
35,78,1757.5723792,conventional_hydroelectric
54,78,982.1300049,conventional_hydroelectric
67,78,2753.4364526863346,conventional_hydroelectric
84,78,17847.244385399998,conventional_hydroelectric
109,78,373.44615304620004,conventional_hydroelectric
128,78,74.71596000000001,conventional_hydroelectric
139,78,163.51628159999999,conventional_hydroelectric
110,78,0.0,conventional_steam_coal
41,78,0.0,conventional_steam_coal
3,78,0.0,conventional_steam_coal
36,78,0.0,conventional_steam_coal
85,78,0.0,conventional_steam_coal
28,78,74.364,geothermal
116,78,0.0,natural_gas_fired_combined_cycle
73,78,0.0,natural_gas_fired_combined_cycle
71,78,0.0,natural_gas_fired_combined_cycle
44,78,0.0,natural_gas_fired_combined_cycle
115,78,0.0,natural_gas_fired_combined_cycle
70,78,0.0,natural_gas_fired_combined_cycle
131,78,0.0,natural_gas_fired_combined_cycle
18,78,0.0,natural_gas_fired_combined_cycle
72,78,0.0,natural_gas_fired_combined_cycle
114,78,0.0,natural_gas_fired_combined_cycle
45,78,0.0,natural_gas_fired_combined_cycle
78,78,0.0,natural_gas_fired_combustion_turbine
75,78,0.0,natural_gas_fired_combustion_turbine
119,78,0.0,natural_gas_fired_combustion_turbine
117,78,0.0,natural_gas_fired_combustion_turbine
134,78,0.0,natural_gas_fired_combustion_turbine
103,78,0.0,natural_gas_fired_combustion_turbine
47,78,0.0,natural_gas_fired_combustion_turbine
8,78,0.0,natural_gas_fired_combustion_turbine
90,78,0.0,natural_gas_fired_combustion_turbine
60,78,0.0,natural_gas_fired_combustion_turbine
46,78,0.0,natural_gas_fired_combustion_turbine
37,78,0.0,natural_gas_fired_combustion_turbine
7,78,0.0,natural_gas_fired_combustion_turbine
133,78,0.0,natural_gas_fired_combustion_turbine
74,78,0.0,natural_gas_fired_combustion_turbine
20,78,0.0,natural_gas_fired_combustion_turbine
135,78,0.0,natural_gas_fired_combustion_turbine
142,78,0.0,natural_gas_fired_combustion_turbine
121,78,0.0,natural_gas_fired_combustion_turbine
91,78,0.0,natural_gas_fired_combustion_turbine
22,78,0.0,natural_gas_steam_turbine
123,78,0.0,natural_gas_steam_turbine
62,78,0.0,natural_gas_steam_turbine
49,78,0.0,natural_gas_steam_turbine
48,78,0.0,natural_gas_steam_turbine
21,78,0.0,natural_gas_steam_turbine
79,78,1851.49975,nuclear
10,78,255.26733000000002,onshore_wind_turbine
23,78,3605.679,onshore_wind_turbine
31,78,3964.2531,onshore_wind_turbine
38,78,852.0749999999999,onshore_wind_turbine
50,78,1183.1354999999999,onshore_wind_turbine
63,78,65.7961201536,onshore_wind_turbine
80,78,1278.08052,onshore_wind_turbine
94,78,9072.6072,onshore_wind_turbine
105,78,1227.829799889,onshore_wind_turbine
124,78,10872.9608674236,onshore_wind_turbine
136,78,886.5810000000001,onshore_wind_turbine
144,78,2598.1287299999995,onshore_wind_turbine
11,78,19.125,small_hydroelectric
24,78,62.577,small_hydroelectric
32,78,192.0,small_hydroelectric
39,78,52.9,small_hydroelectric
51,78,25.641,small_hydroelectric
64,78,6.128,small_hydroelectric
81,78,241.672,small_hydroelectric
95,78,418.922,small_hydroelectric
106,78,31.614,small_hydroelectric
125,78,100.697,small_hydroelectric
137,78,36.822,small_hydroelectric
145,78,33.21,small_hydroelectric
12,78,1230.0508799999998,solar_photovoltaic
25,78,690.68382,solar_photovoltaic
33,78,43.23285,solar_photovoltaic
52,78,978.11844,solar_photovoltaic
65,78,2227.0024149867,solar_photovoltaic
82,78,1556.0379299999997,solar_photovoltaic
96,78,131.79621000000003,solar_photovoltaic
107,78,1609.9891544205,solar_photovoltaic
126,78,3496.9058122035,solar_photovoltaic
138,78,625.4252399999999,solar_photovoltaic
26,79,0.0,biomass
13,79,0.0,biomass
108,79,0.0,biomass
40,79,0.0,biomass
97,79,0.0,biomass
1,79,0.0,biomass
66,79,0.0,biomass
2,79,850.8524639999999,conventional_hydroelectric
14,79,138.3928568,conventional_hydroelectric
27,79,907.8965928,conventional_hydroelectric
35,79,1757.5723792,conventional_hydroelectric
54,79,982.1300049,conventional_hydroelectric
67,79,2753.4364526863346,conventional_hydroelectric
84,79,17847.244385399998,conventional_hydroelectric
109,79,373.44615304620004,conventional_hydroelectric
128,79,74.71596000000001,conventional_hydroelectric
139,79,163.51628159999999,conventional_hydroelectric
110,79,0.0,conventional_steam_coal
41,79,0.0,conventional_steam_coal
3,79,0.0,conventional_steam_coal
36,79,0.0,conventional_steam_coal
85,79,0.0,conventional_steam_coal
28,79,74.364,geothermal
116,79,0.0,natural_gas_fired_combined_cycle
73,79,0.0,natural_gas_fired_combined_cycle
71,79,0.0,natural_gas_fired_combined_cycle
44,79,0.0,natural_gas_fired_combined_cycle
115,79,0.0,natural_gas_fired_combined_cycle
70,79,0.0,natural_gas_fired_combined_cycle
131,79,0.0,natural_gas_fired_combined_cycle
18,79,0.0,natural_gas_fired_combined_cycle
72,79,0.0,natural_gas_fired_combined_cycle
114,79,0.0,natural_gas_fired_combined_cycle
45,79,0.0,natural_gas_fired_combined_cycle
78,79,0.0,natural_gas_fired_combustion_turbine
75,79,0.0,natural_gas_fired_combustion_turbine
119,79,0.0,natural_gas_fired_combustion_turbine
117,79,0.0,natural_gas_fired_combustion_turbine
134,79,0.0,natural_gas_fired_combustion_turbine
103,79,0.0,natural_gas_fired_combustion_turbine
47,79,0.0,natural_gas_fired_combustion_turbine
8,79,0.0,natural_gas_fired_combustion_turbine
90,79,0.0,natural_gas_fired_combustion_turbine
60,79,0.0,natural_gas_fired_combustion_turbine
46,79,0.0,natural_gas_fired_combustion_turbine
37,79,0.0,natural_gas_fired_combustion_turbine
7,79,0.0,natural_gas_fired_combustion_turbine
133,79,0.0,natural_gas_fired_combustion_turbine
74,79,0.0,natural_gas_fired_combustion_turbine
20,79,0.0,natural_gas_fired_combustion_turbine
135,79,0.0,natural_gas_fired_combustion_turbine
142,79,0.0,natural_gas_fired_combustion_turbine
121,79,0.0,natural_gas_fired_combustion_turbine
91,79,0.0,natural_gas_fired_combustion_turbine
22,79,0.0,natural_gas_steam_turbine
123,79,0.0,natural_gas_steam_turbine
62,79,0.0,natural_gas_steam_turbine
49,79,0.0,natural_gas_steam_turbine
48,79,0.0,natural_gas_steam_turbine
21,79,0.0,natural_gas_steam_turbine
79,79,0.0,nuclear
10,79,207.33234000000002,onshore_wind_turbine
23,79,2371.842,onshore_wind_turbine
31,79,4171.88022,onshore_wind_turbine
38,79,1070.6931,onshore_wind_turbine
50,79,890.1824399999998,onshore_wind_turbine
63,79,60.9907199064,onshore_wind_turbine
80,79,847.5398399999999,onshore_wind_turbine
94,79,8886.6156,onshore_wind_turbine
105,79,1224.0232203780001,onshore_wind_turbine
124,79,10811.4342846444,onshore_wind_turbine
136,79,529.6357800000001,onshore_wind_turbine
144,79,1965.0491999999997,onshore_wind_turbine
11,79,19.125,small_hydroelectric
24,79,62.577,small_hydroelectric
32,79,192.0,small_hydroelectric
39,79,52.9,small_hydroelectric
51,79,25.641,small_hydroelectric
64,79,6.128,small_hydroelectric
81,79,241.672,small_hydroelectric
95,79,418.922,small_hydroelectric
106,79,31.614,small_hydroelectric
125,79,100.697,small_hydroelectric
137,79,36.822,small_hydroelectric
145,79,33.21,small_hydroelectric
12,79,2212.5177,solar_photovoltaic
25,79,967.5658799999999,solar_photovoltaic
33,79,182.2872,solar_photovoltaic
52,79,1540.64022,solar_photovoltaic
65,79,3648.2648692028997,solar_photovoltaic
82,79,3234.98697,solar_photovoltaic
96,79,214.41285000000002,solar_photovoltaic
107,79,3141.6930622484997,solar_photovoltaic
126,79,6951.3968358495,solar_photovoltaic
138,79,1038.72252,solar_photovoltaic
26,80,0.0,biomass
13,80,0.0,biomass
108,80,0.0,biomass
40,80,0.0,biomass
97,80,0.0,biomass
1,80,0.0,biomass
66,80,0.0,biomass
2,80,850.8524639999999,conventional_hydroelectric
14,80,138.3928568,conventional_hydroelectric
27,80,790.7759568,conventional_hydroelectric
35,80,1550.2702511999998,conventional_hydroelectric
54,80,982.1300049,conventional_hydroelectric
67,80,2753.4364526863346,conventional_hydroelectric
84,80,15435.847211399998,conventional_hydroelectric
109,80,373.44615304620004,conventional_hydroelectric
128,80,74.71596000000001,conventional_hydroelectric
139,80,144.1859136,conventional_hydroelectric
110,80,0.0,conventional_steam_coal
41,80,0.0,conventional_steam_coal
3,80,0.0,conventional_steam_coal
36,80,0.0,conventional_steam_coal
85,80,0.0,conventional_steam_coal
28,80,74.364,geothermal
116,80,0.0,natural_gas_fired_combined_cycle
73,80,0.0,natural_gas_fired_combined_cycle
71,80,0.0,natural_gas_fired_combined_cycle
44,80,0.0,natural_gas_fired_combined_cycle
115,80,0.0,natural_gas_fired_combined_cycle
70,80,0.0,natural_gas_fired_combined_cycle
131,80,0.0,natural_gas_fired_combined_cycle
18,80,0.0,natural_gas_fired_combined_cycle
72,80,0.0,natural_gas_fired_combined_cycle
114,80,0.0,natural_gas_fired_combined_cycle
45,80,0.0,natural_gas_fired_combined_cycle
78,80,0.0,natural_gas_fired_combustion_turbine
75,80,0.0,natural_gas_fired_combustion_turbine
119,80,0.0,natural_gas_fired_combustion_turbine
117,80,0.0,natural_gas_fired_combustion_turbine
134,80,0.0,natural_gas_fired_combustion_turbine
103,80,0.0,natural_gas_fired_combustion_turbine
47,80,0.0,natural_gas_fired_combustion_turbine
8,80,0.0,natural_gas_fired_combustion_turbine
90,80,0.0,natural_gas_fired_combustion_turbine
60,80,0.0,natural_gas_fired_combustion_turbine
46,80,0.0,natural_gas_fired_combustion_turbine
37,80,0.0,natural_gas_fired_combustion_turbine
7,80,0.0,natural_gas_fired_combustion_turbine
133,80,0.0,natural_gas_fired_combustion_turbine
74,80,0.0,natural_gas_fired_combustion_turbine
20,80,0.0,natural_gas_fired_combustion_turbine
135,80,0.0,natural_gas_fired_combustion_turbine
142,80,0.0,natural_gas_fired_combustion_turbine
121,80,0.0,natural_gas_fired_combustion_turbine
91,80,0.0,natural_gas_fired_combustion_turbine
22,80,0.0,natural_gas_steam_turbine
123,80,0.0,natural_gas_steam_turbine
62,80,0.0,natural_gas_steam_turbine
49,80,0.0,natural_gas_steam_turbine
48,80,0.0,natural_gas_steam_turbine
21,80,0.0,natural_gas_steam_turbine
79,80,0.0,nuclear
10,80,226.24389000000005,onshore_wind_turbine
23,80,1655.4978,onshore_wind_turbine
31,80,4062.4688699999997,onshore_wind_turbine
38,80,1280.30355,onshore_wind_turbine
50,80,1081.5165,onshore_wind_turbine
63,80,71.5483199016,onshore_wind_turbine
80,80,433.32863999999995,onshore_wind_turbine
94,80,10648.8072,onshore_wind_turbine
105,80,1074.319740459,onshore_wind_turbine
124,80,10602.6827153808,onshore_wind_turbine
136,80,1359.1672200000003,onshore_wind_turbine
144,80,1414.4646599999999,onshore_wind_turbine
11,80,19.125,small_hydroelectric
24,80,62.577,small_hydroelectric
32,80,192.0,small_hydroelectric
39,80,52.9,small_hydroelectric
51,80,25.641,small_hydroelectric
64,80,6.128,small_hydroelectric
81,80,241.672,small_hydroelectric
95,80,418.922,small_hydroelectric
106,80,31.614,small_hydroelectric
125,80,100.697,small_hydroelectric
137,80,36.822,small_hydroelectric
145,80,33.21,small_hydroelectric
12,80,3167.13888,solar_photovoltaic
25,80,1110.8911799999998,solar_photovoltaic
33,80,272.8272,solar_photovoltaic
52,80,1945.2767399999998,solar_photovoltaic
65,80,5278.2607826063995,solar_photovoltaic
82,80,4629.651809999999,solar_photovoltaic
96,80,291.61407,solar_photovoltaic
107,80,4659.2531986125,solar_photovoltaic
126,80,9992.842349703,solar_photovoltaic
138,80,1276.29018,solar_photovoltaic
26,81,0.0,biomass
13,81,0.0,biomass
108,81,0.0,biomass
40,81,0.0,biomass
97,81,0.0,biomass
1,81,0.0,biomass
66,81,0.0,biomass
2,81,621.5643,conventional_hydroelectric
14,81,138.3928568,conventional_hydroelectric
27,81,790.7759568,conventional_hydroelectric
35,81,1342.9681231999998,conventional_hydroelectric
54,81,895.8597219000001,conventional_hydroelectric
67,81,2149.6938716863347,conventional_hydroelectric
84,81,13024.450037399998,conventional_hydroelectric
109,81,373.44615304620004,conventional_hydroelectric
128,81,74.71596000000001,conventional_hydroelectric
139,81,163.51628159999999,conventional_hydroelectric
110,81,0.0,conventional_steam_coal
41,81,0.0,conventional_steam_coal
3,81,0.0,conventional_steam_coal
36,81,0.0,conventional_steam_coal
85,81,0.0,conventional_steam_coal
28,81,0.0,geothermal
116,81,0.0,natural_gas_fired_combined_cycle
73,81,0.0,natural_gas_fired_combined_cycle
71,81,0.0,natural_gas_fired_combined_cycle
44,81,0.0,natural_gas_fired_combined_cycle
115,81,0.0,natural_gas_fired_combined_cycle
70,81,0.0,natural_gas_fired_combined_cycle
131,81,0.0,natural_gas_fired_combined_cycle
18,81,0.0,natural_gas_fired_combined_cycle
72,81,0.0,natural_gas_fired_combined_cycle
114,81,0.0,natural_gas_fired_combined_cycle
45,81,0.0,natural_gas_fired_combined_cycle
78,81,0.0,natural_gas_fired_combustion_turbine
75,81,0.0,natural_gas_fired_combustion_turbine
119,81,0.0,natural_gas_fired_combustion_turbine
117,81,0.0,natural_gas_fired_combustion_turbine
134,81,0.0,natural_gas_fired_combustion_turbine
103,81,0.0,natural_gas_fired_combustion_turbine
47,81,0.0,natural_gas_fired_combustion_turbine
8,81,0.0,natural_gas_fired_combustion_turbine
90,81,0.0,natural_gas_fired_combustion_turbine
60,81,0.0,natural_gas_fired_combustion_turbine
46,81,0.0,natural_gas_fired_combustion_turbine
37,81,0.0,natural_gas_fired_combustion_turbine
7,81,0.0,natural_gas_fired_combustion_turbine
133,81,0.0,natural_gas_fired_combustion_turbine
74,81,0.0,natural_gas_fired_combustion_turbine
20,81,0.0,natural_gas_fired_combustion_turbine
135,81,0.0,natural_gas_fired_combustion_turbine
142,81,0.0,natural_gas_fired_combustion_turbine
121,81,0.0,natural_gas_fired_combustion_turbine
91,81,0.0,natural_gas_fired_combustion_turbine
22,81,0.0,natural_gas_steam_turbine
123,81,0.0,natural_gas_steam_turbine
62,81,0.0,natural_gas_steam_turbine
49,81,0.0,natural_gas_steam_turbine
48,81,0.0,natural_gas_steam_turbine
21,81,0.0,natural_gas_steam_turbine
79,81,0.0,nuclear
10,81,0.0,onshore_wind_turbine
23,81,1444.6674,onshore_wind_turbine
31,81,4314.87831,onshore_wind_turbine
38,81,1112.5665000000001,onshore_wind_turbine
50,81,1411.3427399999998,onshore_wind_turbine
63,81,0.0,onshore_wind_turbine
80,81,1275.2925599999999,onshore_wind_turbine
94,81,10224.8094,onshore_wind_turbine
105,81,893.54970054,onshore_wind_turbine
124,81,10626.891151192802,onshore_wind_turbine
136,81,1439.73045,onshore_wind_turbine
144,81,1402.4148299999997,onshore_wind_turbine
11,81,0.0,small_hydroelectric
24,81,62.577,small_hydroelectric
32,81,192.0,small_hydroelectric
39,81,52.9,small_hydroelectric
51,81,0.0,small_hydroelectric
64,81,0.0,small_hydroelectric
81,81,241.672,small_hydroelectric
95,81,418.922,small_hydroelectric
106,81,31.614,small_hydroelectric
125,81,100.697,small_hydroelectric
137,81,36.822,small_hydroelectric
145,81,24.105317230373657,small_hydroelectric
12,81,0.0,solar_photovoltaic
25,81,0.0,solar_photovoltaic
33,81,0.0,solar_photovoltaic
52,81,0.0,solar_photovoltaic
65,81,6368.0181336182995,solar_photovoltaic
82,81,5589.529049999999,solar_photovoltaic
96,81,0.0,solar_photovoltaic
107,81,5803.810258335,solar_photovoltaic
126,81,12180.562026651,solar_photovoltaic
138,81,1371.00414,solar_photovoltaic
26,82,0.0,biomass
13,82,0.0,biomass
108,82,0.0,biomass
40,82,0.0,biomass
97,82,0.0,biomass
1,82,0.0,biomass
66,82,0.0,biomass
2,82,850.8524639999999,conventional_hydroelectric
14,82,138.3928568,conventional_hydroelectric
27,82,907.8965928,conventional_hydroelectric
35,82,1550.2702511999998,conventional_hydroelectric
54,82,809.5894389,conventional_hydroelectric
67,82,2753.4364526863346,conventional_hydroelectric
84,82,10613.052863399998,conventional_hydroelectric
109,82,373.44615304620004,conventional_hydroelectric
128,82,74.71596000000001,conventional_hydroelectric
139,82,163.51628159999999,conventional_hydroelectric
110,82,0.0,conventional_steam_coal
41,82,0.0,conventional_steam_coal
3,82,0.0,conventional_steam_coal
36,82,0.0,conventional_steam_coal
85,82,0.0,conventional_steam_coal
28,82,74.364,geothermal
116,82,0.0,natural_gas_fired_combined_cycle
73,82,0.0,natural_gas_fired_combined_cycle
71,82,0.0,natural_gas_fired_combined_cycle
44,82,0.0,natural_gas_fired_combined_cycle
115,82,0.0,natural_gas_fired_combined_cycle
70,82,0.0,natural_gas_fired_combined_cycle
131,82,0.0,natural_gas_fired_combined_cycle
18,82,0.0,natural_gas_fired_combined_cycle
72,82,0.0,natural_gas_fired_combined_cycle
114,82,0.0,natural_gas_fired_combined_cycle
45,82,0.0,natural_gas_fired_combined_cycle
78,82,0.0,natural_gas_fired_combustion_turbine
75,82,0.0,natural_gas_fired_combustion_turbine
119,82,0.0,natural_gas_fired_combustion_turbine
117,82,0.0,natural_gas_fired_combustion_turbine
134,82,0.0,natural_gas_fired_combustion_turbine
103,82,0.0,natural_gas_fired_combustion_turbine
47,82,0.0,natural_gas_fired_combustion_turbine
8,82,0.0,natural_gas_fired_combustion_turbine
90,82,0.0,natural_gas_fired_combustion_turbine
60,82,0.0,natural_gas_fired_combustion_turbine
46,82,0.0,natural_gas_fired_combustion_turbine
37,82,0.0,natural_gas_fired_combustion_turbine
7,82,0.0,natural_gas_fired_combustion_turbine
133,82,0.0,natural_gas_fired_combustion_turbine
74,82,0.0,natural_gas_fired_combustion_turbine
20,82,0.0,natural_gas_fired_combustion_turbine
135,82,0.0,natural_gas_fired_combustion_turbine
142,82,0.0,natural_gas_fired_combustion_turbine
121,82,0.0,natural_gas_fired_combustion_turbine
91,82,0.0,natural_gas_fired_combustion_turbine
22,82,0.0,natural_gas_steam_turbine
123,82,0.0,natural_gas_steam_turbine
62,82,0.0,natural_gas_steam_turbine
49,82,0.0,natural_gas_steam_turbine
48,82,0.0,natural_gas_steam_turbine
21,82,0.0,natural_gas_steam_turbine
79,82,0.0,nuclear
10,82,470.24148,onshore_wind_turbine
23,82,878.46,onshore_wind_turbine
31,82,4019.72211,onshore_wind_turbine
38,82,886.40145,onshore_wind_turbine
50,82,1583.2240199999999,onshore_wind_turbine
63,82,105.32928006720002,onshore_wind_turbine
80,82,2888.7248399999994,onshore_wind_turbine
94,82,10551.0828,onshore_wind_turbine
105,82,734.582520189,onshore_wind_turbine
124,82,9518.805364371601,onshore_wind_turbine
136,82,1340.6646600000001,onshore_wind_turbine
144,82,1425.5875799999997,onshore_wind_turbine
11,82,19.125,small_hydroelectric
24,82,62.577,small_hydroelectric
32,82,192.0,small_hydroelectric
39,82,52.9,small_hydroelectric
51,82,25.641,small_hydroelectric
64,82,6.128,small_hydroelectric
81,82,241.672,small_hydroelectric
95,82,418.922,small_hydroelectric
106,82,31.614,small_hydroelectric
125,82,100.697,small_hydroelectric
137,82,36.822,small_hydroelectric
145,82,33.21,small_hydroelectric
12,82,4075.75422,solar_photovoltaic
25,82,1178.4702599999998,solar_photovoltaic
33,82,384.64410000000004,solar_photovoltaic
52,82,2155.8891599999997,solar_photovoltaic
65,82,6978.4125951513,solar_photovoltaic
82,82,5967.459809999999,solar_photovoltaic
96,82,363.77769,solar_photovoltaic
107,82,6398.1032367435,solar_photovoltaic
126,82,13099.090476222,solar_photovoltaic
138,82,1371.5912099999998,solar_photovoltaic
26,83,0.0,biomass
13,83,0.0,biomass
108,83,0.0,biomass
40,83,0.0,biomass
97,83,0.0,biomass
1,83,0.0,biomass
66,83,0.0,biomass
2,83,850.8524639999999,conventional_hydroelectric
14,83,138.3928568,conventional_hydroelectric
27,83,907.8965928,conventional_hydroelectric
35,83,1757.5723792,conventional_hydroelectric
54,83,895.8597219000001,conventional_hydroelectric
67,83,2753.4364526863346,conventional_hydroelectric
84,83,11535.396663136838,conventional_hydroelectric
109,83,373.44615304620004,conventional_hydroelectric
128,83,74.71596000000001,conventional_hydroelectric
139,83,163.51628159999999,conventional_hydroelectric
110,83,0.0,conventional_steam_coal
41,83,0.0,conventional_steam_coal
3,83,0.0,conventional_steam_coal
36,83,0.0,conventional_steam_coal
85,83,0.0,conventional_steam_coal
28,83,74.364,geothermal
116,83,0.0,natural_gas_fired_combined_cycle
73,83,0.0,natural_gas_fired_combined_cycle
71,83,0.0,natural_gas_fired_combined_cycle
44,83,0.0,natural_gas_fired_combined_cycle
115,83,0.0,natural_gas_fired_combined_cycle
70,83,0.0,natural_gas_fired_combined_cycle
131,83,0.0,natural_gas_fired_combined_cycle
18,83,0.0,natural_gas_fired_combined_cycle
72,83,0.0,natural_gas_fired_combined_cycle
114,83,0.0,natural_gas_fired_combined_cycle
45,83,0.0,natural_gas_fired_combined_cycle
78,83,0.0,natural_gas_fired_combustion_turbine
75,83,0.0,natural_gas_fired_combustion_turbine
119,83,0.0,natural_gas_fired_combustion_turbine
117,83,0.0,natural_gas_fired_combustion_turbine
134,83,0.0,natural_gas_fired_combustion_turbine
103,83,0.0,natural_gas_fired_combustion_turbine
47,83,0.0,natural_gas_fired_combustion_turbine
8,83,0.0,natural_gas_fired_combustion_turbine
90,83,0.0,natural_gas_fired_combustion_turbine
60,83,0.0,natural_gas_fired_combustion_turbine
46,83,0.0,natural_gas_fired_combustion_turbine
37,83,0.0,natural_gas_fired_combustion_turbine
7,83,0.0,natural_gas_fired_combustion_turbine
133,83,0.0,natural_gas_fired_combustion_turbine
74,83,0.0,natural_gas_fired_combustion_turbine
20,83,0.0,natural_gas_fired_combustion_turbine
135,83,0.0,natural_gas_fired_combustion_turbine
142,83,0.0,natural_gas_fired_combustion_turbine
121,83,0.0,natural_gas_fired_combustion_turbine
91,83,0.0,natural_gas_fired_combustion_turbine
22,83,0.0,natural_gas_steam_turbine
123,83,0.0,natural_gas_steam_turbine
62,83,0.0,natural_gas_steam_turbine
49,83,0.0,natural_gas_steam_turbine
48,83,0.0,natural_gas_steam_turbine
21,83,0.0,natural_gas_steam_turbine
79,83,0.0,nuclear
10,83,391.58487,onshore_wind_turbine
23,83,1003.0415999999999,onshore_wind_turbine
31,83,4254.82929,onshore_wind_turbine
38,83,1042.9398,onshore_wind_turbine
50,83,1767.58992,onshore_wind_turbine
63,83,96.88439989679999,onshore_wind_turbine
80,83,2905.05432,onshore_wind_turbine
94,83,11471.5836,onshore_wind_turbine
105,83,741.2216396760001,onshore_wind_turbine
124,83,9678.682554545401,onshore_wind_turbine
136,83,1600.4714400000003,onshore_wind_turbine
144,83,1423.7337599999996,onshore_wind_turbine
11,83,19.125,small_hydroelectric
24,83,62.577,small_hydroelectric
32,83,192.0,small_hydroelectric
39,83,52.9,small_hydroelectric
51,83,25.641,small_hydroelectric
64,83,6.128,small_hydroelectric
81,83,241.672,small_hydroelectric
95,83,418.922,small_hydroelectric
106,83,31.614,small_hydroelectric
125,83,100.697,small_hydroelectric
137,83,36.822,small_hydroelectric
145,83,33.21,small_hydroelectric
12,83,4268.85768,solar_photovoltaic
25,83,1182.15348,solar_photovoltaic
33,83,422.59545,solar_photovoltaic
52,83,2186.69604,solar_photovoltaic
65,83,7540.1822082063,solar_photovoltaic
82,83,6220.807199999999,solar_photovoltaic
96,83,403.95255000000003,solar_photovoltaic
107,83,6821.688716666999,solar_photovoltaic
126,83,13759.793312104499,solar_photovoltaic
138,83,1390.57314,solar_photovoltaic
26,84,0.0,biomass
13,84,0.0,biomass
108,84,0.0,biomass
40,84,0.0,biomass
97,84,0.0,biomass
1,84,0.0,biomass
66,84,0.0,biomass
2,84,850.8524639999999,conventional_hydroelectric
14,84,138.3928568,conventional_hydroelectric
27,84,907.8965928,conventional_hydroelectric
35,84,1757.5723792,conventional_hydroelectric
54,84,809.5894389,conventional_hydroelectric
67,84,2753.4364526863346,conventional_hydroelectric
84,84,13946.793837136838,conventional_hydroelectric
109,84,373.44615304620004,conventional_hydroelectric
128,84,74.71596000000001,conventional_hydroelectric
139,84,163.51628159999999,conventional_hydroelectric
110,84,0.0,conventional_steam_coal
41,84,0.0,conventional_steam_coal
3,84,0.0,conventional_steam_coal
36,84,0.0,conventional_steam_coal
85,84,0.0,conventional_steam_coal
28,84,0.0,geothermal
116,84,0.0,natural_gas_fired_combined_cycle
73,84,0.0,natural_gas_fired_combined_cycle
71,84,0.0,natural_gas_fired_combined_cycle
44,84,0.0,natural_gas_fired_combined_cycle
115,84,0.0,natural_gas_fired_combined_cycle
70,84,0.0,natural_gas_fired_combined_cycle
131,84,0.0,natural_gas_fired_combined_cycle
18,84,0.0,natural_gas_fired_combined_cycle
72,84,0.0,natural_gas_fired_combined_cycle
114,84,0.0,natural_gas_fired_combined_cycle
45,84,0.0,natural_gas_fired_combined_cycle
78,84,0.0,natural_gas_fired_combustion_turbine
75,84,0.0,natural_gas_fired_combustion_turbine
119,84,0.0,natural_gas_fired_combustion_turbine
117,84,0.0,natural_gas_fired_combustion_turbine
134,84,0.0,natural_gas_fired_combustion_turbine
103,84,0.0,natural_gas_fired_combustion_turbine
47,84,0.0,natural_gas_fired_combustion_turbine
8,84,0.0,natural_gas_fired_combustion_turbine
90,84,0.0,natural_gas_fired_combustion_turbine
60,84,0.0,natural_gas_fired_combustion_turbine
46,84,0.0,natural_gas_fired_combustion_turbine
37,84,0.0,natural_gas_fired_combustion_turbine
7,84,0.0,natural_gas_fired_combustion_turbine
133,84,0.0,natural_gas_fired_combustion_turbine
74,84,0.0,natural_gas_fired_combustion_turbine
20,84,0.0,natural_gas_fired_combustion_turbine
135,84,0.0,natural_gas_fired_combustion_turbine
142,84,0.0,natural_gas_fired_combustion_turbine
121,84,0.0,natural_gas_fired_combustion_turbine
91,84,0.0,natural_gas_fired_combustion_turbine
22,84,0.0,natural_gas_steam_turbine
123,84,0.0,natural_gas_steam_turbine
62,84,0.0,natural_gas_steam_turbine
49,84,0.0,natural_gas_steam_turbine
48,84,0.0,natural_gas_steam_turbine
21,84,0.0,natural_gas_steam_turbine
79,84,0.0,nuclear
10,84,0.0,onshore_wind_turbine
23,84,1600.3944,onshore_wind_turbine
31,84,0.0,onshore_wind_turbine
38,84,1115.73135,onshore_wind_turbine
50,84,1967.9245199999996,onshore_wind_turbine
63,84,0.0,onshore_wind_turbine
80,84,2497.2156,onshore_wind_turbine
94,84,13236.927599999999,onshore_wind_turbine
105,84,0.0,onshore_wind_turbine
124,84,8081.518913833202,onshore_wind_turbine
136,84,2022.17562,onshore_wind_turbine
144,84,1838.0625299999997,onshore_wind_turbine
11,84,0.0,small_hydroelectric
24,84,0.0,small_hydroelectric
32,84,192.0,small_hydroelectric
39,84,52.9,small_hydroelectric
51,84,25.641,small_hydroelectric
64,84,6.128,small_hydroelectric
81,84,241.672,small_hydroelectric
95,84,418.922,small_hydroelectric
106,84,31.614,small_hydroelectric
125,84,100.697,small_hydroelectric
137,84,32.66991503213103,small_hydroelectric
145,84,0.0,small_hydroelectric
12,84,0.0,solar_photovoltaic
25,84,0.0,solar_photovoltaic
33,84,0.0,solar_photovoltaic
52,84,2160.62868,solar_photovoltaic
65,84,7738.003558558799,solar_photovoltaic
82,84,6306.9285899999995,solar_photovoltaic
96,84,0.0,solar_photovoltaic
107,84,6936.037024368,solar_photovoltaic
126,84,14054.7116120385,solar_photovoltaic
138,84,1391.94297,solar_photovoltaic
26,85,0.0,biomass
13,85,0.0,biomass
108,85,0.0,biomass
40,85,0.0,biomass
97,85,0.0,biomass
1,85,0.0,biomass
66,85,0.0,biomass
2,85,850.8524639999999,conventional_hydroelectric
14,85,138.3928568,conventional_hydroelectric
27,85,907.8965928,conventional_hydroelectric
35,85,1757.5723792,conventional_hydroelectric
54,85,895.8597219000001,conventional_hydroelectric
67,85,2753.4364526863346,conventional_hydroelectric
84,85,16358.191011136838,conventional_hydroelectric
109,85,373.44615304620004,conventional_hydroelectric
128,85,74.71596000000001,conventional_hydroelectric
139,85,163.51628159999999,conventional_hydroelectric
110,85,0.0,conventional_steam_coal
41,85,0.0,conventional_steam_coal
3,85,0.0,conventional_steam_coal
36,85,0.0,conventional_steam_coal
85,85,0.0,conventional_steam_coal
28,85,74.364,geothermal
116,85,0.0,natural_gas_fired_combined_cycle
73,85,0.0,natural_gas_fired_combined_cycle
71,85,0.0,natural_gas_fired_combined_cycle
44,85,0.0,natural_gas_fired_combined_cycle
115,85,0.0,natural_gas_fired_combined_cycle
70,85,0.0,natural_gas_fired_combined_cycle
131,85,0.0,natural_gas_fired_combined_cycle
18,85,0.0,natural_gas_fired_combined_cycle
72,85,0.0,natural_gas_fired_combined_cycle
114,85,0.0,natural_gas_fired_combined_cycle
45,85,0.0,natural_gas_fired_combined_cycle
78,85,0.0,natural_gas_fired_combustion_turbine
75,85,0.0,natural_gas_fired_combustion_turbine
119,85,0.0,natural_gas_fired_combustion_turbine
117,85,0.0,natural_gas_fired_combustion_turbine
134,85,0.0,natural_gas_fired_combustion_turbine
103,85,0.0,natural_gas_fired_combustion_turbine
47,85,0.0,natural_gas_fired_combustion_turbine
8,85,0.0,natural_gas_fired_combustion_turbine
90,85,0.0,natural_gas_fired_combustion_turbine
60,85,0.0,natural_gas_fired_combustion_turbine
46,85,0.0,natural_gas_fired_combustion_turbine
37,85,0.0,natural_gas_fired_combustion_turbine
7,85,0.0,natural_gas_fired_combustion_turbine
133,85,0.0,natural_gas_fired_combustion_turbine
74,85,0.0,natural_gas_fired_combustion_turbine
20,85,0.0,natural_gas_fired_combustion_turbine
135,85,0.0,natural_gas_fired_combustion_turbine
142,85,0.0,natural_gas_fired_combustion_turbine
121,85,0.0,natural_gas_fired_combustion_turbine
91,85,0.0,natural_gas_fired_combustion_turbine
22,85,0.0,natural_gas_steam_turbine
123,85,0.0,natural_gas_steam_turbine
62,85,0.0,natural_gas_steam_turbine
49,85,0.0,natural_gas_steam_turbine
48,85,0.0,natural_gas_steam_turbine
21,85,0.0,natural_gas_steam_turbine
79,85,0.0,nuclear
10,85,465.37851000000006,onshore_wind_turbine
23,85,2976.3822,onshore_wind_turbine
31,85,3973.92201,onshore_wind_turbine
38,85,1288.58085,onshore_wind_turbine
50,85,1769.9126399999998,onshore_wind_turbine
63,85,70.9549198944,onshore_wind_turbine
80,85,2554.1696399999996,onshore_wind_turbine
94,85,13709.7876,onshore_wind_turbine
105,85,934.590179628,onshore_wind_turbine
124,85,7876.295845862401,onshore_wind_turbine
136,85,2161.33029,onshore_wind_turbine
144,85,2711.2117499999995,onshore_wind_turbine
11,85,19.125,small_hydroelectric
24,85,62.577,small_hydroelectric
32,85,192.0,small_hydroelectric
39,85,52.9,small_hydroelectric
51,85,25.641,small_hydroelectric
64,85,6.128,small_hydroelectric
81,85,241.672,small_hydroelectric
95,85,418.922,small_hydroelectric
106,85,31.614,small_hydroelectric
125,85,100.697,small_hydroelectric
137,85,36.822,small_hydroelectric
145,85,33.21,small_hydroelectric
12,85,4326.970319999999,solar_photovoltaic
25,85,1207.77588,solar_photovoltaic
33,85,469.9026,solar_photovoltaic
52,85,2196.1750799999995,solar_photovoltaic
65,85,7762.065213617999,solar_photovoltaic
82,85,6210.773639999999,solar_photovoltaic
96,85,411.25707000000006,solar_photovoltaic
107,85,6839.9760344685,solar_photovoltaic
126,85,13929.017334661501,solar_photovoltaic
138,85,1347.7170299999998,solar_photovoltaic
26,86,0.0,biomass
13,86,0.0,biomass
108,86,0.0,biomass
40,86,0.0,biomass
97,86,0.0,biomass
1,86,0.0,biomass
66,86,0.0,biomass
2,86,850.8524639999999,conventional_hydroelectric
14,86,138.3928568,conventional_hydroelectric
27,86,907.8965928,conventional_hydroelectric
35,86,1757.5723792,conventional_hydroelectric
54,86,982.1300049,conventional_hydroelectric
67,86,2149.6938716863347,conventional_hydroelectric
84,86,13946.793837136838,conventional_hydroelectric
109,86,373.44615304620004,conventional_hydroelectric
128,86,74.71596000000001,conventional_hydroelectric
139,86,163.51628159999999,conventional_hydroelectric
110,86,0.0,conventional_steam_coal
41,86,0.0,conventional_steam_coal
3,86,0.0,conventional_steam_coal
36,86,0.0,conventional_steam_coal
85,86,0.0,conventional_steam_coal
28,86,74.364,geothermal
116,86,0.0,natural_gas_fired_combined_cycle
73,86,0.0,natural_gas_fired_combined_cycle
71,86,0.0,natural_gas_fired_combined_cycle
44,86,0.0,natural_gas_fired_combined_cycle
115,86,0.0,natural_gas_fired_combined_cycle
70,86,0.0,natural_gas_fired_combined_cycle
131,86,0.0,natural_gas_fired_combined_cycle
18,86,0.0,natural_gas_fired_combined_cycle
72,86,0.0,natural_gas_fired_combined_cycle
114,86,0.0,natural_gas_fired_combined_cycle
45,86,0.0,natural_gas_fired_combined_cycle
78,86,0.0,natural_gas_fired_combustion_turbine
75,86,0.0,natural_gas_fired_combustion_turbine
119,86,0.0,natural_gas_fired_combustion_turbine
117,86,0.0,natural_gas_fired_combustion_turbine
134,86,0.0,natural_gas_fired_combustion_turbine
103,86,0.0,natural_gas_fired_combustion_turbine
47,86,0.0,natural_gas_fired_combustion_turbine
8,86,0.0,natural_gas_fired_combustion_turbine
90,86,0.0,natural_gas_fired_combustion_turbine
60,86,0.0,natural_gas_fired_combustion_turbine
46,86,0.0,natural_gas_fired_combustion_turbine
37,86,0.0,natural_gas_fired_combustion_turbine
7,86,0.0,natural_gas_fired_combustion_turbine
133,86,0.0,natural_gas_fired_combustion_turbine
74,86,0.0,natural_gas_fired_combustion_turbine
20,86,0.0,natural_gas_fired_combustion_turbine
135,86,0.0,natural_gas_fired_combustion_turbine
142,86,0.0,natural_gas_fired_combustion_turbine
121,86,0.0,natural_gas_fired_combustion_turbine
91,86,0.0,natural_gas_fired_combustion_turbine
22,86,0.0,natural_gas_steam_turbine
123,86,0.0,natural_gas_steam_turbine
62,86,0.0,natural_gas_steam_turbine
49,86,0.0,natural_gas_steam_turbine
48,86,0.0,natural_gas_steam_turbine
21,86,0.0,natural_gas_steam_turbine
79,86,0.0,nuclear
10,86,415.89972,onshore_wind_turbine
23,86,2718.4343999999996,onshore_wind_turbine
31,86,2037.5955599999998,onshore_wind_turbine
38,86,1353.582,onshore_wind_turbine
50,86,1803.3017399999997,onshore_wind_turbine
63,86,29.669399880000004,onshore_wind_turbine
80,86,2031.62628,onshore_wind_turbine
94,86,13764.9546,onshore_wind_turbine
105,86,1101.631860315,onshore_wind_turbine
124,86,10620.228058440001,onshore_wind_turbine
136,86,2199.49182,onshore_wind_turbine
144,86,1958.5608299999997,onshore_wind_turbine
11,86,19.125,small_hydroelectric
24,86,62.577,small_hydroelectric
32,86,192.0,small_hydroelectric
39,86,52.9,small_hydroelectric
51,86,25.641,small_hydroelectric
64,86,6.128,small_hydroelectric
81,86,241.672,small_hydroelectric
95,86,418.922,small_hydroelectric
106,86,31.614,small_hydroelectric
125,86,100.697,small_hydroelectric
137,86,36.822,small_hydroelectric
145,86,33.21,small_hydroelectric
12,86,4350.578579999999,solar_photovoltaic
25,86,1179.4311,solar_photovoltaic
33,86,492.38669999999996,solar_photovoltaic
52,86,2132.7839999999997,solar_photovoltaic
65,86,7832.959234798499,solar_photovoltaic
82,86,6355.424129999999,solar_photovoltaic
96,86,400.04841,solar_photovoltaic
107,86,6862.3898665395,solar_photovoltaic
126,86,14445.4589124675,solar_photovoltaic
138,86,1393.5084899999997,solar_photovoltaic
26,87,0.0,biomass
13,87,0.0,biomass
108,87,0.0,biomass
40,87,0.0,biomass
97,87,0.0,biomass
1,87,0.0,biomass
66,87,0.0,biomass
2,87,850.8524639999999,conventional_hydroelectric
14,87,138.3928568,conventional_hydroelectric
27,87,907.8965928,conventional_hydroelectric
35,87,1757.5723792,conventional_hydroelectric
54,87,895.8597219000001,conventional_hydroelectric
67,87,2753.4364526863346,conventional_hydroelectric
84,87,16358.191011136838,conventional_hydroelectric
109,87,373.44615304620004,conventional_hydroelectric
128,87,74.71596000000001,conventional_hydroelectric
139,87,163.51628159999999,conventional_hydroelectric
110,87,0.0,conventional_steam_coal
41,87,0.0,conventional_steam_coal
3,87,0.0,conventional_steam_coal
36,87,0.0,conventional_steam_coal
85,87,0.0,conventional_steam_coal
28,87,0.0,geothermal
116,87,0.0,natural_gas_fired_combined_cycle
73,87,0.0,natural_gas_fired_combined_cycle
71,87,0.0,natural_gas_fired_combined_cycle
44,87,0.0,natural_gas_fired_combined_cycle
115,87,0.0,natural_gas_fired_combined_cycle
70,87,0.0,natural_gas_fired_combined_cycle
131,87,0.0,natural_gas_fired_combined_cycle
18,87,0.0,natural_gas_fired_combined_cycle
72,87,0.0,natural_gas_fired_combined_cycle
114,87,0.0,natural_gas_fired_combined_cycle
45,87,0.0,natural_gas_fired_combined_cycle
78,87,0.0,natural_gas_fired_combustion_turbine
75,87,0.0,natural_gas_fired_combustion_turbine
119,87,0.0,natural_gas_fired_combustion_turbine
117,87,0.0,natural_gas_fired_combustion_turbine
134,87,0.0,natural_gas_fired_combustion_turbine
103,87,0.0,natural_gas_fired_combustion_turbine
47,87,0.0,natural_gas_fired_combustion_turbine
8,87,0.0,natural_gas_fired_combustion_turbine
90,87,0.0,natural_gas_fired_combustion_turbine
60,87,0.0,natural_gas_fired_combustion_turbine
46,87,0.0,natural_gas_fired_combustion_turbine
37,87,0.0,natural_gas_fired_combustion_turbine
7,87,0.0,natural_gas_fired_combustion_turbine
133,87,0.0,natural_gas_fired_combustion_turbine
74,87,0.0,natural_gas_fired_combustion_turbine
20,87,0.0,natural_gas_fired_combustion_turbine
135,87,0.0,natural_gas_fired_combustion_turbine
142,87,0.0,natural_gas_fired_combustion_turbine
121,87,0.0,natural_gas_fired_combustion_turbine
91,87,0.0,natural_gas_fired_combustion_turbine
22,87,0.0,natural_gas_steam_turbine
123,87,0.0,natural_gas_steam_turbine
62,87,0.0,natural_gas_steam_turbine
49,87,0.0,natural_gas_steam_turbine
48,87,0.0,natural_gas_steam_turbine
21,87,0.0,natural_gas_steam_turbine
79,87,0.0,nuclear
10,87,0.0,onshore_wind_turbine
23,87,2911.6956,onshore_wind_turbine
31,87,0.0,onshore_wind_turbine
38,87,1581.2077499999998,onshore_wind_turbine
50,87,1523.1236399999996,onshore_wind_turbine
63,87,0.0,onshore_wind_turbine
80,87,1881.4747199999997,onshore_wind_turbine
94,87,13211.7084,onshore_wind_turbine
105,87,1151.010299817,onshore_wind_turbine
124,87,10582.159625254802,onshore_wind_turbine
136,87,2440.0251000000003,onshore_wind_turbine
144,87,2038.2750899999999,onshore_wind_turbine
11,87,0.0,small_hydroelectric
24,87,62.577,small_hydroelectric
32,87,192.0,small_hydroelectric
39,87,52.9,small_hydroelectric
51,87,25.641,small_hydroelectric
64,87,0.0,small_hydroelectric
81,87,241.672,small_hydroelectric
95,87,418.922,small_hydroelectric
106,87,31.614,small_hydroelectric
125,87,100.697,small_hydroelectric
137,87,36.822,small_hydroelectric
145,87,27.685583348647924,small_hydroelectric
12,87,0.0,solar_photovoltaic
25,87,0.0,solar_photovoltaic
33,87,0.0,solar_photovoltaic
52,87,0.0,solar_photovoltaic
65,87,7307.3484620082,solar_photovoltaic
82,87,6140.53872,solar_photovoltaic
96,87,0.0,solar_photovoltaic
107,87,6526.8655541655,solar_photovoltaic
126,87,13701.2024122365,solar_photovoltaic
138,87,0.0,solar_photovoltaic
26,88,0.0,biomass
13,88,0.0,biomass
108,88,0.0,biomass
40,88,0.0,biomass
97,88,0.0,biomass
1,88,0.0,biomass
66,88,0.0,biomass
2,88,850.8524639999999,conventional_hydroelectric
14,88,138.3928568,conventional_hydroelectric
27,88,907.8965928,conventional_hydroelectric
35,88,1757.5723792,conventional_hydroelectric
54,88,982.1300049,conventional_hydroelectric
67,88,2753.4364526863346,conventional_hydroelectric
84,88,17847.244385399998,conventional_hydroelectric
109,88,373.44615304620004,conventional_hydroelectric
128,88,74.71596000000001,conventional_hydroelectric
139,88,163.51628159999999,conventional_hydroelectric
110,88,0.0,conventional_steam_coal
41,88,0.0,conventional_steam_coal
3,88,0.0,conventional_steam_coal
36,88,0.0,conventional_steam_coal
85,88,0.0,conventional_steam_coal
28,88,74.364,geothermal
116,88,0.0,natural_gas_fired_combined_cycle
73,88,0.0,natural_gas_fired_combined_cycle
71,88,0.0,natural_gas_fired_combined_cycle
44,88,0.0,natural_gas_fired_combined_cycle
115,88,0.0,natural_gas_fired_combined_cycle
70,88,0.0,natural_gas_fired_combined_cycle
131,88,0.0,natural_gas_fired_combined_cycle
18,88,0.0,natural_gas_fired_combined_cycle
72,88,0.0,natural_gas_fired_combined_cycle
114,88,0.0,natural_gas_fired_combined_cycle
45,88,0.0,natural_gas_fired_combined_cycle
78,88,0.0,natural_gas_fired_combustion_turbine
75,88,0.0,natural_gas_fired_combustion_turbine
119,88,0.0,natural_gas_fired_combustion_turbine
117,88,0.0,natural_gas_fired_combustion_turbine
134,88,0.0,natural_gas_fired_combustion_turbine
103,88,0.0,natural_gas_fired_combustion_turbine
47,88,0.0,natural_gas_fired_combustion_turbine
8,88,0.0,natural_gas_fired_combustion_turbine
90,88,0.0,natural_gas_fired_combustion_turbine
60,88,0.0,natural_gas_fired_combustion_turbine
46,88,0.0,natural_gas_fired_combustion_turbine
37,88,0.0,natural_gas_fired_combustion_turbine
7,88,0.0,natural_gas_fired_combustion_turbine
133,88,0.0,natural_gas_fired_combustion_turbine
74,88,0.0,natural_gas_fired_combustion_turbine
20,88,0.0,natural_gas_fired_combustion_turbine
135,88,0.0,natural_gas_fired_combustion_turbine
142,88,0.0,natural_gas_fired_combustion_turbine
121,88,0.0,natural_gas_fired_combustion_turbine
91,88,0.0,natural_gas_fired_combustion_turbine
22,88,0.0,natural_gas_steam_turbine
123,88,0.0,natural_gas_steam_turbine
62,88,0.0,natural_gas_steam_turbine
49,88,0.0,natural_gas_steam_turbine
48,88,0.0,natural_gas_steam_turbine
21,88,0.0,natural_gas_steam_turbine
79,88,0.0,nuclear
10,88,534.3091800000001,onshore_wind_turbine
23,88,3022.701,onshore_wind_turbine
31,88,3774.43713,onshore_wind_turbine
38,88,1467.76005,onshore_wind_turbine
50,88,1312.0464599999998,onshore_wind_turbine
63,88,14.6099999904,onshore_wind_turbine
80,88,1789.0737599999998,onshore_wind_turbine
94,88,12981.5832,onshore_wind_turbine
105,88,1166.8707596699999,onshore_wind_turbine
124,88,10135.0470873168,onshore_wind_turbine
136,88,3058.70445,onshore_wind_turbine
144,88,2822.4409499999997,onshore_wind_turbine
11,88,19.125,small_hydroelectric
24,88,62.577,small_hydroelectric
32,88,192.0,small_hydroelectric
39,88,52.9,small_hydroelectric
51,88,25.641,small_hydroelectric
64,88,6.128,small_hydroelectric
81,88,241.672,small_hydroelectric
95,88,418.922,small_hydroelectric
106,88,31.614,small_hydroelectric
125,88,100.697,small_hydroelectric
137,88,36.822,small_hydroelectric
145,88,33.21,small_hydroelectric
12,88,3769.4521799999998,solar_photovoltaic
25,88,1093.43592,solar_photovoltaic
33,88,492.61305000000004,solar_photovoltaic
52,88,1841.0073,solar_photovoltaic
65,88,6765.5258097699,solar_photovoltaic
82,88,5915.61975,solar_photovoltaic
96,88,378.76455000000004,solar_photovoltaic
107,88,6076.325008711499,solar_photovoltaic
126,88,12959.6201124345,solar_photovoltaic
138,88,1271.59362,solar_photovoltaic
26,89,0.0,biomass
13,89,0.0,biomass
108,89,0.0,biomass
40,89,0.0,biomass
97,89,0.0,biomass
1,89,0.0,biomass
66,89,0.0,biomass
2,89,850.8524639999999,conventional_hydroelectric
14,89,138.3928568,conventional_hydroelectric
27,89,907.8965928,conventional_hydroelectric
35,89,1757.5723792,conventional_hydroelectric
54,89,982.1300049,conventional_hydroelectric
67,89,2753.4364526863346,conventional_hydroelectric
84,89,17847.244385399998,conventional_hydroelectric
109,89,373.44615304620004,conventional_hydroelectric
128,89,74.71596000000001,conventional_hydroelectric
139,89,163.51628159999999,conventional_hydroelectric
110,89,0.0,conventional_steam_coal
41,89,0.0,conventional_steam_coal
3,89,0.0,conventional_steam_coal
36,89,0.0,conventional_steam_coal
85,89,0.0,conventional_steam_coal
28,89,74.364,geothermal
116,89,0.0,natural_gas_fired_combined_cycle
73,89,0.0,natural_gas_fired_combined_cycle
71,89,0.0,natural_gas_fired_combined_cycle
44,89,0.0,natural_gas_fired_combined_cycle
115,89,0.0,natural_gas_fired_combined_cycle
70,89,0.0,natural_gas_fired_combined_cycle
131,89,0.0,natural_gas_fired_combined_cycle
18,89,0.0,natural_gas_fired_combined_cycle
72,89,0.0,natural_gas_fired_combined_cycle
114,89,0.0,natural_gas_fired_combined_cycle
45,89,0.0,natural_gas_fired_combined_cycle
78,89,0.0,natural_gas_fired_combustion_turbine
75,89,0.0,natural_gas_fired_combustion_turbine
119,89,0.0,natural_gas_fired_combustion_turbine
117,89,0.0,natural_gas_fired_combustion_turbine
134,89,0.0,natural_gas_fired_combustion_turbine
103,89,0.0,natural_gas_fired_combustion_turbine
47,89,0.0,natural_gas_fired_combustion_turbine
8,89,0.0,natural_gas_fired_combustion_turbine
90,89,0.0,natural_gas_fired_combustion_turbine
60,89,0.0,natural_gas_fired_combustion_turbine
46,89,0.0,natural_gas_fired_combustion_turbine
37,89,0.0,natural_gas_fired_combustion_turbine
7,89,0.0,natural_gas_fired_combustion_turbine
133,89,0.0,natural_gas_fired_combustion_turbine
74,89,0.0,natural_gas_fired_combustion_turbine
20,89,0.0,natural_gas_fired_combustion_turbine
135,89,0.0,natural_gas_fired_combustion_turbine
142,89,0.0,natural_gas_fired_combustion_turbine
121,89,0.0,natural_gas_fired_combustion_turbine
91,89,0.0,natural_gas_fired_combustion_turbine
22,89,0.0,natural_gas_steam_turbine
123,89,0.0,natural_gas_steam_turbine
62,89,0.0,natural_gas_steam_turbine
49,89,0.0,natural_gas_steam_turbine
48,89,0.0,natural_gas_steam_turbine
21,89,0.0,natural_gas_steam_turbine
79,89,0.0,nuclear
10,89,506.82954,onshore_wind_turbine
23,89,4240.566,onshore_wind_turbine
31,89,3601.4145299999996,onshore_wind_turbine
38,89,1280.79045,onshore_wind_turbine
50,89,690.1381799999999,onshore_wind_turbine
63,89,15.686999901600002,onshore_wind_turbine
80,89,1731.3231599999997,onshore_wind_turbine
94,89,13030.4454,onshore_wind_turbine
105,89,1080.0226798830001,onshore_wind_turbine
124,89,10591.4560810212,onshore_wind_turbine
136,89,3059.8608600000002,onshore_wind_turbine
144,89,3006.8960399999996,onshore_wind_turbine
11,89,19.125,small_hydroelectric
24,89,62.577,small_hydroelectric
32,89,192.0,small_hydroelectric
39,89,52.9,small_hydroelectric
51,89,25.641,small_hydroelectric
64,89,6.128,small_hydroelectric
81,89,241.672,small_hydroelectric
95,89,418.922,small_hydroelectric
106,89,31.614,small_hydroelectric
125,89,100.697,small_hydroelectric
137,89,36.822,small_hydroelectric
145,89,33.21,small_hydroelectric
12,89,3175.6136399999996,solar_photovoltaic
25,89,932.65536,solar_photovoltaic
33,89,474.7314,solar_photovoltaic
52,89,1435.1859,solar_photovoltaic
65,89,5963.874330214499,solar_photovoltaic
82,89,5566.117409999999,solar_photovoltaic
96,89,348.47598000000005,solar_photovoltaic
107,89,5253.1298051759995,solar_photovoltaic
126,89,11982.677826057,solar_photovoltaic
138,89,1046.9415,solar_photovoltaic
26,90,0.0,biomass
13,90,0.0,biomass
108,90,0.0,biomass
40,90,0.0,biomass
97,90,0.0,biomass
1,90,0.0,biomass
66,90,0.0,biomass
2,90,850.8524639999999,conventional_hydroelectric
14,90,138.3928568,conventional_hydroelectric
27,90,907.8965928,conventional_hydroelectric
35,90,1757.5723792,conventional_hydroelectric
54,90,982.1300049,conventional_hydroelectric
67,90,2753.4364526863346,conventional_hydroelectric
84,90,17847.244385399998,conventional_hydroelectric
109,90,373.44615304620004,conventional_hydroelectric
128,90,74.71596000000001,conventional_hydroelectric
139,90,163.51628159999999,conventional_hydroelectric
110,90,0.0,conventional_steam_coal
41,90,0.0,conventional_steam_coal
3,90,0.0,conventional_steam_coal
36,90,0.0,conventional_steam_coal
85,90,0.0,conventional_steam_coal
28,90,74.364,geothermal
116,90,0.0,natural_gas_fired_combined_cycle
73,90,0.0,natural_gas_fired_combined_cycle
71,90,0.0,natural_gas_fired_combined_cycle
44,90,0.0,natural_gas_fired_combined_cycle
115,90,0.0,natural_gas_fired_combined_cycle
70,90,0.0,natural_gas_fired_combined_cycle
131,90,0.0,natural_gas_fired_combined_cycle
18,90,0.0,natural_gas_fired_combined_cycle
72,90,0.0,natural_gas_fired_combined_cycle
114,90,0.0,natural_gas_fired_combined_cycle
45,90,0.0,natural_gas_fired_combined_cycle
78,90,0.0,natural_gas_fired_combustion_turbine
75,90,0.0,natural_gas_fired_combustion_turbine
119,90,0.0,natural_gas_fired_combustion_turbine
117,90,0.0,natural_gas_fired_combustion_turbine
134,90,0.0,natural_gas_fired_combustion_turbine
103,90,0.0,natural_gas_fired_combustion_turbine
47,90,0.0,natural_gas_fired_combustion_turbine
8,90,0.0,natural_gas_fired_combustion_turbine
90,90,0.0,natural_gas_fired_combustion_turbine
60,90,0.0,natural_gas_fired_combustion_turbine
46,90,0.0,natural_gas_fired_combustion_turbine
37,90,0.0,natural_gas_fired_combustion_turbine
7,90,0.0,natural_gas_fired_combustion_turbine
133,90,0.0,natural_gas_fired_combustion_turbine
74,90,0.0,natural_gas_fired_combustion_turbine
20,90,0.0,natural_gas_fired_combustion_turbine
135,90,0.0,natural_gas_fired_combustion_turbine
142,90,0.0,natural_gas_fired_combustion_turbine
121,90,0.0,natural_gas_fired_combustion_turbine
91,90,0.0,natural_gas_fired_combustion_turbine
22,90,0.0,natural_gas_steam_turbine
123,90,0.0,natural_gas_steam_turbine
62,90,0.0,natural_gas_steam_turbine
49,90,0.0,natural_gas_steam_turbine
48,90,0.0,natural_gas_steam_turbine
21,90,0.0,natural_gas_steam_turbine
79,90,0.0,nuclear
10,90,560.7081600000001,onshore_wind_turbine
23,90,4897.8138,onshore_wind_turbine
31,90,3696.57696,onshore_wind_turbine
38,90,1285.4160000000002,onshore_wind_turbine
50,90,1065.5477999999998,onshore_wind_turbine
63,90,17.6700000336,onshore_wind_turbine
80,90,1574.00256,onshore_wind_turbine
94,90,12916.959,onshore_wind_turbine
105,90,1172.904779655,onshore_wind_turbine
124,90,10618.3206652776,onshore_wind_turbine
136,90,3095.3241000000003,onshore_wind_turbine
144,90,3709.4938199999992,onshore_wind_turbine
11,90,19.125,small_hydroelectric
24,90,62.577,small_hydroelectric
32,90,192.0,small_hydroelectric
39,90,52.9,small_hydroelectric
51,90,25.641,small_hydroelectric
64,90,6.128,small_hydroelectric
81,90,241.672,small_hydroelectric
95,90,418.922,small_hydroelectric
106,90,31.614,small_hydroelectric
125,90,100.697,small_hydroelectric
137,90,36.822,small_hydroelectric
145,90,33.21,small_hydroelectric
12,90,2177.40798,solar_photovoltaic
25,90,663.46002,solar_photovoltaic
33,90,387.13395,solar_photovoltaic
52,90,931.3156799999999,solar_photovoltaic
65,90,4381.2795252318,solar_photovoltaic
82,90,4632.99633,solar_photovoltaic
96,90,292.87347000000005,solar_photovoltaic
107,90,3746.9278513874997,solar_photovoltaic
126,90,9384.722571138,solar_photovoltaic
138,90,890.5851899999999,solar_photovoltaic
26,91,11.235,biomass
13,91,15.682,biomass
108,91,137.081,biomass
40,91,5.952,biomass
97,91,178.173,biomass
1,91,16.294,biomass
66,91,228.795,biomass
2,91,850.8524639999999,conventional_hydroelectric
14,91,138.3928568,conventional_hydroelectric
27,91,907.8965928,conventional_hydroelectric
35,91,1757.5723792,conventional_hydroelectric
54,91,982.1300049,conventional_hydroelectric
67,91,2753.4364526863346,conventional_hydroelectric
84,91,17847.244385399998,conventional_hydroelectric
109,91,373.44615304620004,conventional_hydroelectric
128,91,74.71596000000001,conventional_hydroelectric
139,91,163.51628159999999,conventional_hydroelectric
110,91,0.0,conventional_steam_coal
41,91,0.0,conventional_steam_coal
3,91,0.0,conventional_steam_coal
36,91,0.0,conventional_steam_coal
85,91,0.0,conventional_steam_coal
28,91,74.364,geothermal
116,91,0.0,natural_gas_fired_combined_cycle
73,91,0.0,natural_gas_fired_combined_cycle
71,91,0.0,natural_gas_fired_combined_cycle
44,91,0.0,natural_gas_fired_combined_cycle
115,91,0.0,natural_gas_fired_combined_cycle
70,91,0.0,natural_gas_fired_combined_cycle
131,91,0.0,natural_gas_fired_combined_cycle
18,91,0.0,natural_gas_fired_combined_cycle
72,91,0.0,natural_gas_fired_combined_cycle
114,91,0.0,natural_gas_fired_combined_cycle
45,91,0.0,natural_gas_fired_combined_cycle
78,91,0.0,natural_gas_fired_combustion_turbine
75,91,0.0,natural_gas_fired_combustion_turbine
119,91,0.0,natural_gas_fired_combustion_turbine
117,91,0.0,natural_gas_fired_combustion_turbine
134,91,0.0,natural_gas_fired_combustion_turbine
103,91,0.0,natural_gas_fired_combustion_turbine
47,91,0.0,natural_gas_fired_combustion_turbine
8,91,0.0,natural_gas_fired_combustion_turbine
90,91,0.0,natural_gas_fired_combustion_turbine
60,91,0.0,natural_gas_fired_combustion_turbine
46,91,0.0,natural_gas_fired_combustion_turbine
37,91,0.0,natural_gas_fired_combustion_turbine
7,91,0.0,natural_gas_fired_combustion_turbine
133,91,0.0,natural_gas_fired_combustion_turbine
74,91,0.0,natural_gas_fired_combustion_turbine
20,91,0.0,natural_gas_fired_combustion_turbine
135,91,0.0,natural_gas_fired_combustion_turbine
142,91,0.0,natural_gas_fired_combustion_turbine
121,91,0.0,natural_gas_fired_combustion_turbine
91,91,0.0,natural_gas_fired_combustion_turbine
22,91,0.0,natural_gas_steam_turbine
123,91,0.0,natural_gas_steam_turbine
62,91,0.0,natural_gas_steam_turbine
49,91,0.0,natural_gas_steam_turbine
48,91,0.0,natural_gas_steam_turbine
21,91,0.0,natural_gas_steam_turbine
79,91,1851.49975,nuclear
10,91,515.78358,onshore_wind_turbine
23,91,5887.2792,onshore_wind_turbine
31,91,3842.1195,onshore_wind_turbine
38,91,1340.67915,onshore_wind_turbine
50,91,1114.0345799999998,onshore_wind_turbine
63,91,23.2659598896,onshore_wind_turbine
80,91,1997.3741999999997,onshore_wind_turbine
94,91,13140.7794,onshore_wind_turbine
105,91,1045.908839556,onshore_wind_turbine
124,91,10633.4360429286,onshore_wind_turbine
136,91,3084.9164100000003,onshore_wind_turbine
144,91,4060.7927099999993,onshore_wind_turbine
11,91,19.125,small_hydroelectric
24,91,62.577,small_hydroelectric
32,91,192.0,small_hydroelectric
39,91,52.9,small_hydroelectric
51,91,25.641,small_hydroelectric
64,91,6.128,small_hydroelectric
81,91,241.672,small_hydroelectric
95,91,418.922,small_hydroelectric
106,91,31.614,small_hydroelectric
125,91,100.697,small_hydroelectric
137,91,36.822,small_hydroelectric
145,91,33.21,small_hydroelectric
12,91,1153.77804,solar_photovoltaic
25,91,275.76107999999994,solar_photovoltaic
33,91,250.41854999999998,solar_photovoltaic
52,91,213.57461999999998,solar_photovoltaic
65,91,2733.5689473474,solar_photovoltaic
82,91,3201.54177,solar_photovoltaic
96,91,207.10833000000002,solar_photovoltaic
107,91,2133.6330272715,solar_photovoltaic
126,91,6000.884249109,solar_photovoltaic
138,91,593.52777,solar_photovoltaic
26,92,11.235,biomass
13,92,15.682,biomass
108,92,137.081,biomass
40,92,5.952,biomass
97,92,178.173,biomass
1,92,16.294,biomass
66,92,228.795,biomass
2,92,850.8524639999999,conventional_hydroelectric
14,92,138.3928568,conventional_hydroelectric
27,92,907.8965928,conventional_hydroelectric
35,92,1757.5723792,conventional_hydroelectric
54,92,982.1300049,conventional_hydroelectric
67,92,2753.4364526863346,conventional_hydroelectric
84,92,17847.244385399998,conventional_hydroelectric
109,92,373.44615304620004,conventional_hydroelectric
128,92,74.71596000000001,conventional_hydroelectric
139,92,163.51628159999999,conventional_hydroelectric
110,92,0.0,conventional_steam_coal
41,92,0.0,conventional_steam_coal
3,92,0.0,conventional_steam_coal
36,92,0.0,conventional_steam_coal
85,92,0.0,conventional_steam_coal
28,92,74.364,geothermal
116,92,0.0,natural_gas_fired_combined_cycle
73,92,0.0,natural_gas_fired_combined_cycle
71,92,0.0,natural_gas_fired_combined_cycle
44,92,0.0,natural_gas_fired_combined_cycle
115,92,0.0,natural_gas_fired_combined_cycle
70,92,0.0,natural_gas_fired_combined_cycle
131,92,0.0,natural_gas_fired_combined_cycle
18,92,0.0,natural_gas_fired_combined_cycle
72,92,0.0,natural_gas_fired_combined_cycle
114,92,0.0,natural_gas_fired_combined_cycle
45,92,0.0,natural_gas_fired_combined_cycle
78,92,0.0,natural_gas_fired_combustion_turbine
75,92,0.0,natural_gas_fired_combustion_turbine
119,92,0.0,natural_gas_fired_combustion_turbine
117,92,0.0,natural_gas_fired_combustion_turbine
134,92,0.0,natural_gas_fired_combustion_turbine
103,92,0.0,natural_gas_fired_combustion_turbine
47,92,0.0,natural_gas_fired_combustion_turbine
8,92,0.0,natural_gas_fired_combustion_turbine
90,92,0.0,natural_gas_fired_combustion_turbine
60,92,0.0,natural_gas_fired_combustion_turbine
46,92,0.0,natural_gas_fired_combustion_turbine
37,92,0.0,natural_gas_fired_combustion_turbine
7,92,0.0,natural_gas_fired_combustion_turbine
133,92,0.0,natural_gas_fired_combustion_turbine
74,92,0.0,natural_gas_fired_combustion_turbine
20,92,0.0,natural_gas_fired_combustion_turbine
135,92,0.0,natural_gas_fired_combustion_turbine
142,92,0.0,natural_gas_fired_combustion_turbine
121,92,0.0,natural_gas_fired_combustion_turbine
91,92,0.0,natural_gas_fired_combustion_turbine
22,92,0.0,natural_gas_steam_turbine
123,92,0.0,natural_gas_steam_turbine
62,92,0.0,natural_gas_steam_turbine
49,92,0.0,natural_gas_steam_turbine
48,92,0.0,natural_gas_steam_turbine
21,92,0.0,natural_gas_steam_turbine
79,92,0.0,nuclear
10,92,409.57014000000004,onshore_wind_turbine
23,92,5983.909799999999,onshore_wind_turbine
31,92,3596.83452,onshore_wind_turbine
38,92,1271.53935,onshore_wind_turbine
50,92,1174.71564,onshore_wind_turbine
63,92,109.97915999760001,onshore_wind_turbine
80,92,2016.0933599999998,onshore_wind_turbine
94,92,13058.817000000001,onshore_wind_turbine
105,92,1124.731499535,onshore_wind_turbine
124,92,10702.982012936402,onshore_wind_turbine
136,92,2781.5515200000004,onshore_wind_turbine
144,92,4362.03846,onshore_wind_turbine
11,92,19.125,small_hydroelectric
24,92,62.577,small_hydroelectric
32,92,192.0,small_hydroelectric
39,92,52.9,small_hydroelectric
51,92,25.641,small_hydroelectric
64,92,6.128,small_hydroelectric
81,92,241.672,small_hydroelectric
95,92,418.922,small_hydroelectric
106,92,31.614,small_hydroelectric
125,92,100.697,small_hydroelectric
137,92,36.822,small_hydroelectric
145,92,33.21,small_hydroelectric
12,92,0.0,solar_photovoltaic
25,92,0.0,solar_photovoltaic
33,92,14.184600000000001,solar_photovoltaic
52,92,0.0,solar_photovoltaic
65,92,205.66836502739997,solar_photovoltaic
82,92,1513.3953,solar_photovoltaic
96,92,140.17122,solar_photovoltaic
107,92,0.0,solar_photovoltaic
126,92,673.8076876995001,solar_photovoltaic
138,92,0.0,solar_photovoltaic
26,93,11.235,biomass
13,93,15.682,biomass
108,93,137.081,biomass
40,93,5.952,biomass
97,93,178.173,biomass
1,93,16.294,biomass
66,93,228.795,biomass
2,93,850.8524639999999,conventional_hydroelectric
14,93,138.3928568,conventional_hydroelectric
27,93,907.8965928,conventional_hydroelectric
35,93,1757.5723792,conventional_hydroelectric
54,93,982.1300049,conventional_hydroelectric
67,93,2753.4364526863346,conventional_hydroelectric
84,93,17847.244385399998,conventional_hydroelectric
109,93,373.44615304620004,conventional_hydroelectric
128,93,74.71596000000001,conventional_hydroelectric
139,93,163.51628159999999,conventional_hydroelectric
110,93,0.0,conventional_steam_coal
41,93,0.0,conventional_steam_coal
3,93,0.0,conventional_steam_coal
36,93,0.0,conventional_steam_coal
85,93,0.0,conventional_steam_coal
28,93,74.364,geothermal
116,93,0.0,natural_gas_fired_combined_cycle
73,93,0.0,natural_gas_fired_combined_cycle
71,93,0.0,natural_gas_fired_combined_cycle
44,93,0.0,natural_gas_fired_combined_cycle
115,93,0.0,natural_gas_fired_combined_cycle
70,93,0.0,natural_gas_fired_combined_cycle
131,93,0.0,natural_gas_fired_combined_cycle
18,93,0.0,natural_gas_fired_combined_cycle
72,93,0.0,natural_gas_fired_combined_cycle
114,93,0.0,natural_gas_fired_combined_cycle
45,93,0.0,natural_gas_fired_combined_cycle
78,93,0.0,natural_gas_fired_combustion_turbine
75,93,0.0,natural_gas_fired_combustion_turbine
119,93,0.0,natural_gas_fired_combustion_turbine
117,93,0.0,natural_gas_fired_combustion_turbine
134,93,0.0,natural_gas_fired_combustion_turbine
103,93,0.0,natural_gas_fired_combustion_turbine
47,93,0.0,natural_gas_fired_combustion_turbine
8,93,0.0,natural_gas_fired_combustion_turbine
90,93,0.0,natural_gas_fired_combustion_turbine
60,93,0.0,natural_gas_fired_combustion_turbine
46,93,0.0,natural_gas_fired_combustion_turbine
37,93,0.0,natural_gas_fired_combustion_turbine
7,93,0.0,natural_gas_fired_combustion_turbine
133,93,0.0,natural_gas_fired_combustion_turbine
74,93,0.0,natural_gas_fired_combustion_turbine
20,93,0.0,natural_gas_fired_combustion_turbine
135,93,0.0,natural_gas_fired_combustion_turbine
142,93,0.0,natural_gas_fired_combustion_turbine
121,93,0.0,natural_gas_fired_combustion_turbine
91,93,0.0,natural_gas_fired_combustion_turbine
22,93,0.0,natural_gas_steam_turbine
123,93,0.0,natural_gas_steam_turbine
62,93,0.0,natural_gas_steam_turbine
49,93,0.0,natural_gas_steam_turbine
48,93,0.0,natural_gas_steam_turbine
21,93,0.0,natural_gas_steam_turbine
79,93,1375.0937920268834,nuclear
10,93,279.96813000000003,onshore_wind_turbine
23,93,5848.946400000001,onshore_wind_turbine
31,93,3325.08726,onshore_wind_turbine
38,93,1595.5713,onshore_wind_turbine
50,93,1530.6724799999997,onshore_wind_turbine
63,93,110.74872015360002,onshore_wind_turbine
80,93,1850.8071599999998,onshore_wind_turbine
94,93,13347.2616,onshore_wind_turbine
105,93,1084.561200009,onshore_wind_turbine
124,93,10860.600447378001,onshore_wind_turbine
136,93,1983.62862,onshore_wind_turbine
144,93,3214.5238799999993,onshore_wind_turbine
11,93,19.125,small_hydroelectric
24,93,62.577,small_hydroelectric
32,93,192.0,small_hydroelectric
39,93,52.9,small_hydroelectric
51,93,25.641,small_hydroelectric
64,93,6.128,small_hydroelectric
81,93,241.672,small_hydroelectric
95,93,418.922,small_hydroelectric
106,93,31.614,small_hydroelectric
125,93,100.697,small_hydroelectric
137,93,36.822,small_hydroelectric
145,93,33.21,small_hydroelectric
12,93,0.0,solar_photovoltaic
25,93,0.0,solar_photovoltaic
33,93,0.0,solar_photovoltaic
52,93,0.0,solar_photovoltaic
65,93,0.0,solar_photovoltaic
82,93,0.0,solar_photovoltaic
96,93,0.0,solar_photovoltaic
107,93,0.0,solar_photovoltaic
126,93,0.0,solar_photovoltaic
138,93,0.0,solar_photovoltaic
26,94,11.235,biomass
13,94,15.682,biomass
108,94,137.081,biomass
40,94,5.952,biomass
97,94,178.173,biomass
1,94,16.294,biomass
66,94,228.795,biomass
2,94,850.8524639999999,conventional_hydroelectric
14,94,138.3928568,conventional_hydroelectric
27,94,907.8965928,conventional_hydroelectric
35,94,1757.5723792,conventional_hydroelectric
54,94,982.1300049,conventional_hydroelectric
67,94,2753.4364526863346,conventional_hydroelectric
84,94,17847.244385399998,conventional_hydroelectric
109,94,373.44615304620004,conventional_hydroelectric
128,94,74.71596000000001,conventional_hydroelectric
139,94,163.51628159999999,conventional_hydroelectric
110,94,0.0,conventional_steam_coal
41,94,0.0,conventional_steam_coal
3,94,0.0,conventional_steam_coal
36,94,0.0,conventional_steam_coal
85,94,0.0,conventional_steam_coal
28,94,74.364,geothermal
116,94,0.0,natural_gas_fired_combined_cycle
73,94,0.0,natural_gas_fired_combined_cycle
71,94,0.0,natural_gas_fired_combined_cycle
44,94,0.0,natural_gas_fired_combined_cycle
115,94,0.0,natural_gas_fired_combined_cycle
70,94,0.0,natural_gas_fired_combined_cycle
131,94,0.0,natural_gas_fired_combined_cycle
18,94,0.0,natural_gas_fired_combined_cycle
72,94,0.0,natural_gas_fired_combined_cycle
114,94,0.0,natural_gas_fired_combined_cycle
45,94,0.0,natural_gas_fired_combined_cycle
78,94,0.0,natural_gas_fired_combustion_turbine
75,94,0.0,natural_gas_fired_combustion_turbine
119,94,0.0,natural_gas_fired_combustion_turbine
117,94,0.0,natural_gas_fired_combustion_turbine
134,94,0.0,natural_gas_fired_combustion_turbine
103,94,0.0,natural_gas_fired_combustion_turbine
47,94,0.0,natural_gas_fired_combustion_turbine
8,94,0.0,natural_gas_fired_combustion_turbine
90,94,0.0,natural_gas_fired_combustion_turbine
60,94,0.0,natural_gas_fired_combustion_turbine
46,94,0.0,natural_gas_fired_combustion_turbine
37,94,0.0,natural_gas_fired_combustion_turbine
7,94,0.0,natural_gas_fired_combustion_turbine
133,94,0.0,natural_gas_fired_combustion_turbine
74,94,0.0,natural_gas_fired_combustion_turbine
20,94,0.0,natural_gas_fired_combustion_turbine
135,94,0.0,natural_gas_fired_combustion_turbine
142,94,0.0,natural_gas_fired_combustion_turbine
121,94,0.0,natural_gas_fired_combustion_turbine
91,94,0.0,natural_gas_fired_combustion_turbine
22,94,0.0,natural_gas_steam_turbine
123,94,0.0,natural_gas_steam_turbine
62,94,0.0,natural_gas_steam_turbine
49,94,0.0,natural_gas_steam_turbine
48,94,0.0,natural_gas_steam_turbine
21,94,0.0,natural_gas_steam_turbine
79,94,1364.7232477508526,nuclear
10,94,172.36527,onshore_wind_turbine
23,94,5690.8236,onshore_wind_turbine
31,94,3055.88445,onshore_wind_turbine
38,94,1667.6325000000002,onshore_wind_turbine
50,94,1627.9363799999996,onshore_wind_turbine
63,94,85.241160084,onshore_wind_turbine
80,94,1258.5647999999999,onshore_wind_turbine
94,94,12926.416200000001,onshore_wind_turbine
105,94,1122.21725994,onshore_wind_turbine
124,94,10673.439324061801,onshore_wind_turbine
136,94,1332.18432,onshore_wind_turbine
144,94,3165.39765,onshore_wind_turbine
11,94,19.125,small_hydroelectric
24,94,62.577,small_hydroelectric
32,94,192.0,small_hydroelectric
39,94,52.9,small_hydroelectric
51,94,25.641,small_hydroelectric
64,94,6.128,small_hydroelectric
81,94,241.672,small_hydroelectric
95,94,418.922,small_hydroelectric
106,94,31.614,small_hydroelectric
125,94,100.697,small_hydroelectric
137,94,36.822,small_hydroelectric
145,94,33.21,small_hydroelectric
12,94,0.0,solar_photovoltaic
25,94,0.0,solar_photovoltaic
33,94,0.0,solar_photovoltaic
52,94,0.0,solar_photovoltaic
65,94,0.0,solar_photovoltaic
82,94,0.0,solar_photovoltaic
96,94,0.0,solar_photovoltaic
107,94,0.0,solar_photovoltaic
126,94,0.0,solar_photovoltaic
138,94,0.0,solar_photovoltaic
26,95,11.235,biomass
13,95,15.682,biomass
108,95,137.081,biomass
40,95,5.952,biomass
97,95,178.173,biomass
1,95,16.294,biomass
66,95,228.795,biomass
2,95,850.8524639999999,conventional_hydroelectric
14,95,138.3928568,conventional_hydroelectric
27,95,907.8965928,conventional_hydroelectric
35,95,1757.5723792,conventional_hydroelectric
54,95,982.1300049,conventional_hydroelectric
67,95,2753.4364526863346,conventional_hydroelectric
84,95,17847.244385399998,conventional_hydroelectric
109,95,373.44615304620004,conventional_hydroelectric
128,95,74.71596000000001,conventional_hydroelectric
139,95,163.51628159999999,conventional_hydroelectric
110,95,0.0,conventional_steam_coal
41,95,0.0,conventional_steam_coal
3,95,0.0,conventional_steam_coal
36,95,0.0,conventional_steam_coal
85,95,0.0,conventional_steam_coal
28,95,74.364,geothermal
116,95,0.0,natural_gas_fired_combined_cycle
73,95,0.0,natural_gas_fired_combined_cycle
71,95,0.0,natural_gas_fired_combined_cycle
44,95,0.0,natural_gas_fired_combined_cycle
115,95,0.0,natural_gas_fired_combined_cycle
70,95,0.0,natural_gas_fired_combined_cycle
131,95,0.0,natural_gas_fired_combined_cycle
18,95,0.0,natural_gas_fired_combined_cycle
72,95,0.0,natural_gas_fired_combined_cycle
114,95,0.0,natural_gas_fired_combined_cycle
45,95,0.0,natural_gas_fired_combined_cycle
78,95,0.0,natural_gas_fired_combustion_turbine
75,95,0.0,natural_gas_fired_combustion_turbine
119,95,0.0,natural_gas_fired_combustion_turbine
117,95,0.0,natural_gas_fired_combustion_turbine
134,95,0.0,natural_gas_fired_combustion_turbine
103,95,0.0,natural_gas_fired_combustion_turbine
47,95,0.0,natural_gas_fired_combustion_turbine
8,95,0.0,natural_gas_fired_combustion_turbine
90,95,0.0,natural_gas_fired_combustion_turbine
60,95,0.0,natural_gas_fired_combustion_turbine
46,95,0.0,natural_gas_fired_combustion_turbine
37,95,0.0,natural_gas_fired_combustion_turbine
7,95,0.0,natural_gas_fired_combustion_turbine
133,95,0.0,natural_gas_fired_combustion_turbine
74,95,0.0,natural_gas_fired_combustion_turbine
20,95,0.0,natural_gas_fired_combustion_turbine
135,95,0.0,natural_gas_fired_combustion_turbine
142,95,0.0,natural_gas_fired_combustion_turbine
121,95,0.0,natural_gas_fired_combustion_turbine
91,95,0.0,natural_gas_fired_combustion_turbine
22,95,0.0,natural_gas_steam_turbine
123,95,0.0,natural_gas_steam_turbine
62,95,0.0,natural_gas_steam_turbine
49,95,0.0,natural_gas_steam_turbine
48,95,0.0,natural_gas_steam_turbine
21,95,0.0,natural_gas_steam_turbine
79,95,3216.2229977508523,nuclear
10,95,177.84576,onshore_wind_turbine
23,95,5204.476199999999,onshore_wind_turbine
31,95,3115.9334699999995,onshore_wind_turbine
38,95,1736.5288500000001,onshore_wind_turbine
50,95,1741.4593199999997,onshore_wind_turbine
63,95,100.72499992080002,onshore_wind_turbine
80,95,1229.09208,onshore_wind_turbine
94,95,12756.1866,onshore_wind_turbine
105,95,1116.653040531,onshore_wind_turbine
124,95,10605.173344128001,onshore_wind_turbine
136,95,711.57762,onshore_wind_turbine
144,95,3549.1383899999996,onshore_wind_turbine
11,95,19.125,small_hydroelectric
24,95,62.577,small_hydroelectric
32,95,192.0,small_hydroelectric
39,95,52.9,small_hydroelectric
51,95,25.641,small_hydroelectric
64,95,6.128,small_hydroelectric
81,95,241.672,small_hydroelectric
95,95,418.922,small_hydroelectric
106,95,31.614,small_hydroelectric
125,95,100.697,small_hydroelectric
137,95,36.822,small_hydroelectric
145,95,33.21,small_hydroelectric
12,95,0.0,solar_photovoltaic
25,95,0.0,solar_photovoltaic
33,95,0.0,solar_photovoltaic
52,95,0.0,solar_photovoltaic
65,95,0.0,solar_photovoltaic
82,95,0.0,solar_photovoltaic
96,95,0.0,solar_photovoltaic
107,95,0.0,solar_photovoltaic
126,95,0.0,solar_photovoltaic
138,95,0.0,solar_photovoltaic
26,96,11.235,biomass
13,96,15.682,biomass
108,96,137.081,biomass
40,96,5.952,biomass
97,96,178.173,biomass
1,96,16.294,biomass
66,96,228.795,biomass
2,96,850.8524639999999,conventional_hydroelectric
14,96,138.3928568,conventional_hydroelectric
27,96,907.8965928,conventional_hydroelectric
35,96,1757.5723792,conventional_hydroelectric
54,96,982.1300049,conventional_hydroelectric
67,96,2753.4364526863346,conventional_hydroelectric
84,96,17847.244385399998,conventional_hydroelectric
109,96,373.44615304620004,conventional_hydroelectric
128,96,74.71596000000001,conventional_hydroelectric
139,96,163.51628159999999,conventional_hydroelectric
110,96,0.0,conventional_steam_coal
41,96,0.0,conventional_steam_coal
3,96,0.0,conventional_steam_coal
36,96,0.0,conventional_steam_coal
85,96,0.0,conventional_steam_coal
28,96,74.364,geothermal
116,96,0.0,natural_gas_fired_combined_cycle
73,96,0.0,natural_gas_fired_combined_cycle
71,96,0.0,natural_gas_fired_combined_cycle
44,96,0.0,natural_gas_fired_combined_cycle
115,96,0.0,natural_gas_fired_combined_cycle
70,96,0.0,natural_gas_fired_combined_cycle
131,96,0.0,natural_gas_fired_combined_cycle
18,96,0.0,natural_gas_fired_combined_cycle
72,96,0.0,natural_gas_fired_combined_cycle
114,96,0.0,natural_gas_fired_combined_cycle
45,96,0.0,natural_gas_fired_combined_cycle
78,96,0.0,natural_gas_fired_combustion_turbine
75,96,0.0,natural_gas_fired_combustion_turbine
119,96,0.0,natural_gas_fired_combustion_turbine
117,96,0.0,natural_gas_fired_combustion_turbine
134,96,0.0,natural_gas_fired_combustion_turbine
103,96,0.0,natural_gas_fired_combustion_turbine
47,96,0.0,natural_gas_fired_combustion_turbine
8,96,0.0,natural_gas_fired_combustion_turbine
90,96,0.0,natural_gas_fired_combustion_turbine
60,96,0.0,natural_gas_fired_combustion_turbine
46,96,0.0,natural_gas_fired_combustion_turbine
37,96,0.0,natural_gas_fired_combustion_turbine
7,96,0.0,natural_gas_fired_combustion_turbine
133,96,0.0,natural_gas_fired_combustion_turbine
74,96,0.0,natural_gas_fired_combustion_turbine
20,96,0.0,natural_gas_fired_combustion_turbine
135,96,0.0,natural_gas_fired_combustion_turbine
142,96,0.0,natural_gas_fired_combustion_turbine
121,96,0.0,natural_gas_fired_combustion_turbine
91,96,0.0,natural_gas_fired_combustion_turbine
22,96,0.0,natural_gas_steam_turbine
123,96,0.0,natural_gas_steam_turbine
62,96,0.0,natural_gas_steam_turbine
49,96,0.0,natural_gas_steam_turbine
48,96,0.0,natural_gas_steam_turbine
21,96,0.0,natural_gas_steam_turbine
79,96,5067.722747750852,nuclear
10,96,176.30196,onshore_wind_turbine
23,96,4548.8256,onshore_wind_turbine
31,96,3205.49811,onshore_wind_turbine
38,96,1727.5212,onshore_wind_turbine
50,96,1899.9849599999998,onshore_wind_turbine
63,96,90.6151201488,onshore_wind_turbine
80,96,1323.48444,onshore_wind_turbine
94,96,13809.0882,onshore_wind_turbine
105,96,1155.050940645,onshore_wind_turbine
124,96,10436.351583827402,onshore_wind_turbine
136,96,597.86397,onshore_wind_turbine
144,96,4492.73277,onshore_wind_turbine
11,96,19.125,small_hydroelectric
24,96,62.577,small_hydroelectric
32,96,192.0,small_hydroelectric
39,96,52.9,small_hydroelectric
51,96,25.641,small_hydroelectric
64,96,6.128,small_hydroelectric
81,96,241.672,small_hydroelectric
95,96,418.922,small_hydroelectric
106,96,31.614,small_hydroelectric
125,96,100.697,small_hydroelectric
137,96,36.822,small_hydroelectric
145,96,33.21,small_hydroelectric
12,96,0.0,solar_photovoltaic
25,96,0.0,solar_photovoltaic
33,96,0.0,solar_photovoltaic
52,96,0.0,solar_photovoltaic
65,96,0.0,solar_photovoltaic
82,96,0.0,solar_photovoltaic
96,96,0.0,solar_photovoltaic
107,96,0.0,solar_photovoltaic
126,96,0.0,solar_photovoltaic
138,96,0.0,solar_photovoltaic
