r_id,hour,gen,resource
26,1,11.235,biomass
13,1,15.682,biomass
108,1,137.081,biomass
40,1,5.952,biomass
97,1,178.173,biomass
1,1,16.294,biomass
66,1,228.795,biomass
2,1,837.0399239999999,conventional_hydroelectric
14,1,151.1408052,conventional_hydroelectric
27,1,897.8778396,conventional_hydroelectric
35,1,1509.5591104,conventional_hydroelectric
54,1,803.5609131000001,conventional_hydroelectric
67,1,3046.746840689916,conventional_hydroelectric
84,1,18192.974823599998,conventional_hydroelectric
109,1,394.01120310240003,conventional_hydroelectric
128,1,67.56618,conventional_hydroelectric
139,1,148.354752,conventional_hydroelectric
110,1,50.0,conventional_steam_coal
41,1,7219.002,conventional_steam_coal
3,1,7479.804223680096,conventional_steam_coal
36,1,0.0,conventional_steam_coal
85,1,0.0,conventional_steam_coal
28,1,74.364,geothermal
116,1,0.0,natural_gas_fired_combined_cycle
73,1,0.0,natural_gas_fired_combined_cycle
71,1,0.0,natural_gas_fired_combined_cycle
44,1,0.0,natural_gas_fired_combined_cycle
115,1,0.0,natural_gas_fired_combined_cycle
70,1,0.0,natural_gas_fired_combined_cycle
131,1,0.0,natural_gas_fired_combined_cycle
18,1,0.0,natural_gas_fired_combined_cycle
72,1,0.0,natural_gas_fired_combined_cycle
114,1,0.0,natural_gas_fired_combined_cycle
45,1,0.0,natural_gas_fired_combined_cycle
78,1,0.0,natural_gas_fired_combustion_turbine
75,1,0.0,natural_gas_fired_combustion_turbine
119,1,0.0,natural_gas_fired_combustion_turbine
117,1,0.0,natural_gas_fired_combustion_turbine
134,1,0.0,natural_gas_fired_combustion_turbine
103,1,0.0,natural_gas_fired_combustion_turbine
47,1,0.0,natural_gas_fired_combustion_turbine
8,1,0.0,natural_gas_fired_combustion_turbine
90,1,0.0,natural_gas_fired_combustion_turbine
60,1,0.0,natural_gas_fired_combustion_turbine
46,1,0.0,natural_gas_fired_combustion_turbine
37,1,0.0,natural_gas_fired_combustion_turbine
7,1,0.0,natural_gas_fired_combustion_turbine
133,1,0.0,natural_gas_fired_combustion_turbine
74,1,0.0,natural_gas_fired_combustion_turbine
20,1,0.0,natural_gas_fired_combustion_turbine
135,1,0.0,natural_gas_fired_combustion_turbine
142,1,0.0,natural_gas_fired_combustion_turbine
121,1,0.0,natural_gas_fired_combustion_turbine
91,1,0.0,natural_gas_fired_combustion_turbine
22,1,0.0,natural_gas_steam_turbine
123,1,0.0,natural_gas_steam_turbine
62,1,0.0,natural_gas_steam_turbine
49,1,0.0,natural_gas_steam_turbine
48,1,0.0,natural_gas_steam_turbine
21,1,0.0,natural_gas_steam_turbine
79,1,7405.999,nuclear
10,1,399.99858000000006,onshore_wind_turbine
23,1,2328.7176000000004,onshore_wind_turbine
31,1,547.5656399999999,onshore_wind_turbine
38,1,143.1486,onshore_wind_turbine
50,1,1719.1031399999997,onshore_wind_turbine
63,1,35.247000060000005,onshore_wind_turbine
80,1,1493.55,onshore_wind_turbine
94,1,3310.02,onshore_wind_turbine
105,1,1106.8336196189998,onshore_wind_turbine
124,1,10926.239034948601,onshore_wind_turbine
136,1,2119.6995300000003,onshore_wind_turbine
144,1,1367.1922499999996,onshore_wind_turbine
11,1,19.125,small_hydroelectric
24,1,62.577,small_hydroelectric
32,1,192.0,small_hydroelectric
39,1,52.9,small_hydroelectric
51,1,25.641,small_hydroelectric
64,1,6.128,small_hydroelectric
81,1,241.672,small_hydroelectric
95,1,418.922,small_hydroelectric
106,1,31.614,small_hydroelectric
125,1,100.697,small_hydroelectric
137,1,36.822,small_hydroelectric
145,1,33.21,small_hydroelectric
12,1,0.0,solar_photovoltaic
25,1,0.0,solar_photovoltaic
33,1,0.0,solar_photovoltaic
52,1,0.0,solar_photovoltaic
65,1,0.0,solar_photovoltaic
82,1,0.0,solar_photovoltaic
96,1,0.0,solar_photovoltaic
107,1,0.0,solar_photovoltaic
126,1,0.0,solar_photovoltaic
138,1,0.0,solar_photovoltaic
26,2,11.235,biomass
13,2,15.682,biomass
108,2,137.081,biomass
40,2,5.952,biomass
97,2,178.173,biomass
1,2,16.294,biomass
66,2,228.795,biomass
2,2,837.0399239999999,conventional_hydroelectric
14,2,151.0937648,conventional_hydroelectric
27,2,897.8778396,conventional_hydroelectric
35,2,1510.3083952,conventional_hydroelectric
54,2,804.1845537000002,conventional_hydroelectric
67,2,3045.7046573369907,conventional_hydroelectric
84,2,18192.974823599998,conventional_hydroelectric
109,2,393.9504558366,conventional_hydroelectric
128,2,67.59654,conventional_hydroelectric
139,2,148.4013312,conventional_hydroelectric
110,2,50.0,conventional_steam_coal
41,2,7219.002,conventional_steam_coal
3,2,2979.93847077921,conventional_steam_coal
36,2,0.0,conventional_steam_coal
85,2,0.0,conventional_steam_coal
28,2,74.364,geothermal
116,2,0.0,natural_gas_fired_combined_cycle
73,2,0.0,natural_gas_fired_combined_cycle
71,2,0.0,natural_gas_fired_combined_cycle
44,2,0.0,natural_gas_fired_combined_cycle
115,2,0.0,natural_gas_fired_combined_cycle
70,2,0.0,natural_gas_fired_combined_cycle
131,2,0.0,natural_gas_fired_combined_cycle
18,2,0.0,natural_gas_fired_combined_cycle
72,2,0.0,natural_gas_fired_combined_cycle
114,2,0.0,natural_gas_fired_combined_cycle
45,2,0.0,natural_gas_fired_combined_cycle
78,2,0.0,natural_gas_fired_combustion_turbine
75,2,0.0,natural_gas_fired_combustion_turbine
119,2,0.0,natural_gas_fired_combustion_turbine
117,2,0.0,natural_gas_fired_combustion_turbine
134,2,0.0,natural_gas_fired_combustion_turbine
103,2,0.0,natural_gas_fired_combustion_turbine
47,2,0.0,natural_gas_fired_combustion_turbine
8,2,0.0,natural_gas_fired_combustion_turbine
90,2,0.0,natural_gas_fired_combustion_turbine
60,2,0.0,natural_gas_fired_combustion_turbine
46,2,0.0,natural_gas_fired_combustion_turbine
37,2,0.0,natural_gas_fired_combustion_turbine
7,2,0.0,natural_gas_fired_combustion_turbine
133,2,0.0,natural_gas_fired_combustion_turbine
74,2,0.0,natural_gas_fired_combustion_turbine
20,2,0.0,natural_gas_fired_combustion_turbine
135,2,0.0,natural_gas_fired_combustion_turbine
142,2,0.0,natural_gas_fired_combustion_turbine
121,2,0.0,natural_gas_fired_combustion_turbine
91,2,0.0,natural_gas_fired_combustion_turbine
22,2,0.0,natural_gas_steam_turbine
123,2,0.0,natural_gas_steam_turbine
62,2,0.0,natural_gas_steam_turbine
49,2,0.0,natural_gas_steam_turbine
48,2,0.0,natural_gas_steam_turbine
21,2,0.0,natural_gas_steam_turbine
79,2,7405.999,nuclear
10,2,432.95871,onshore_wind_turbine
23,2,1802.4402,onshore_wind_turbine
31,2,851.37297,onshore_wind_turbine
38,2,207.66285,onshore_wind_turbine
50,2,1434.5699399999999,onshore_wind_turbine
63,2,48.2473200024,onshore_wind_turbine
80,2,1771.5494399999998,onshore_wind_turbine
94,2,5125.8024,onshore_wind_turbine
105,2,1158.871200165,onshore_wind_turbine
124,2,10872.669083779801,onshore_wind_turbine
136,2,2390.29947,onshore_wind_turbine
144,2,1747.2253499999997,onshore_wind_turbine
11,2,19.125,small_hydroelectric
24,2,62.577,small_hydroelectric
32,2,192.0,small_hydroelectric
39,2,52.9,small_hydroelectric
51,2,25.641,small_hydroelectric
64,2,6.128,small_hydroelectric
81,2,241.672,small_hydroelectric
95,2,418.922,small_hydroelectric
106,2,31.614,small_hydroelectric
125,2,100.697,small_hydroelectric
137,2,36.822,small_hydroelectric
145,2,33.21,small_hydroelectric
12,2,0.0,solar_photovoltaic
25,2,0.0,solar_photovoltaic
33,2,0.0,solar_photovoltaic
52,2,0.0,solar_photovoltaic
65,2,0.0,solar_photovoltaic
82,2,0.0,solar_photovoltaic
96,2,0.0,solar_photovoltaic
107,2,0.0,solar_photovoltaic
126,2,0.0,solar_photovoltaic
138,2,0.0,solar_photovoltaic
26,3,11.235,biomass
13,3,15.682,biomass
108,3,137.081,biomass
40,3,5.952,biomass
97,3,178.173,biomass
1,3,16.294,biomass
66,3,228.795,biomass
2,3,837.0399239999999,conventional_hydroelectric
14,3,151.0467244,conventional_hydroelectric
27,3,897.8778396,conventional_hydroelectric
35,3,1511.05768,conventional_hydroelectric
54,3,804.7042542,conventional_hydroelectric
67,3,3045.337414545582,conventional_hydroelectric
84,3,18190.069525799998,conventional_hydroelectric
109,3,393.88970717459995,conventional_hydroelectric
128,3,67.61172,conventional_hydroelectric
139,3,148.44791039999998,conventional_hydroelectric
110,3,50.0,conventional_steam_coal
41,3,6857.05143532361,conventional_steam_coal
3,3,0.0,conventional_steam_coal
36,3,0.0,conventional_steam_coal
85,3,0.0,conventional_steam_coal
28,3,74.364,geothermal
116,3,0.0,natural_gas_fired_combined_cycle
73,3,0.0,natural_gas_fired_combined_cycle
71,3,0.0,natural_gas_fired_combined_cycle
44,3,0.0,natural_gas_fired_combined_cycle
115,3,0.0,natural_gas_fired_combined_cycle
70,3,0.0,natural_gas_fired_combined_cycle
131,3,0.0,natural_gas_fired_combined_cycle
18,3,0.0,natural_gas_fired_combined_cycle
72,3,0.0,natural_gas_fired_combined_cycle
114,3,0.0,natural_gas_fired_combined_cycle
45,3,0.0,natural_gas_fired_combined_cycle
78,3,0.0,natural_gas_fired_combustion_turbine
75,3,0.0,natural_gas_fired_combustion_turbine
119,3,0.0,natural_gas_fired_combustion_turbine
117,3,0.0,natural_gas_fired_combustion_turbine
134,3,0.0,natural_gas_fired_combustion_turbine
103,3,0.0,natural_gas_fired_combustion_turbine
47,3,0.0,natural_gas_fired_combustion_turbine
8,3,0.0,natural_gas_fired_combustion_turbine
90,3,0.0,natural_gas_fired_combustion_turbine
60,3,0.0,natural_gas_fired_combustion_turbine
46,3,0.0,natural_gas_fired_combustion_turbine
37,3,0.0,natural_gas_fired_combustion_turbine
7,3,0.0,natural_gas_fired_combustion_turbine
133,3,0.0,natural_gas_fired_combustion_turbine
74,3,0.0,natural_gas_fired_combustion_turbine
20,3,0.0,natural_gas_fired_combustion_turbine
135,3,0.0,natural_gas_fired_combustion_turbine
142,3,0.0,natural_gas_fired_combustion_turbine
121,3,0.0,natural_gas_fired_combustion_turbine
91,3,0.0,natural_gas_fired_combustion_turbine
22,3,0.0,natural_gas_steam_turbine
123,3,0.0,natural_gas_steam_turbine
62,3,0.0,natural_gas_steam_turbine
49,3,0.0,natural_gas_steam_turbine
48,3,0.0,natural_gas_steam_turbine
21,3,0.0,natural_gas_steam_turbine
79,3,7405.999,nuclear
10,3,487.5320400000001,onshore_wind_turbine
23,3,1807.2318,onshore_wind_turbine
31,3,1063.5801,onshore_wind_turbine
38,3,259.27425,onshore_wind_turbine
50,3,1496.7026999999996,onshore_wind_turbine
63,3,45.5434799928,onshore_wind_turbine
80,3,1867.13664,onshore_wind_turbine
94,3,6342.6287999999995,onshore_wind_turbine
105,3,1189.464180597,onshore_wind_turbine
124,3,10864.5129839664,onshore_wind_turbine
136,3,2522.90115,onshore_wind_turbine
144,3,2000.2717799999996,onshore_wind_turbine
11,3,19.125,small_hydroelectric
24,3,62.577,small_hydroelectric
32,3,192.0,small_hydroelectric
39,3,52.9,small_hydroelectric
51,3,25.641,small_hydroelectric
64,3,6.128,small_hydroelectric
81,3,241.672,small_hydroelectric
95,3,418.922,small_hydroelectric
106,3,31.614,small_hydroelectric
125,3,100.697,small_hydroelectric
137,3,36.822,small_hydroelectric
145,3,33.21,small_hydroelectric
12,3,0.0,solar_photovoltaic
25,3,0.0,solar_photovoltaic
33,3,0.0,solar_photovoltaic
52,3,0.0,solar_photovoltaic
65,3,0.0,solar_photovoltaic
82,3,0.0,solar_photovoltaic
96,3,0.0,solar_photovoltaic
107,3,0.0,solar_photovoltaic
126,3,0.0,solar_photovoltaic
138,3,0.0,solar_photovoltaic
26,4,11.235,biomass
13,4,15.682,biomass
108,4,137.081,biomass
40,4,5.952,biomass
97,4,178.173,biomass
1,4,16.294,biomass
66,4,228.795,biomass
2,4,837.0399239999999,conventional_hydroelectric
14,4,150.999684,conventional_hydroelectric
27,4,897.8778396,conventional_hydroelectric
35,4,1511.8069647999998,conventional_hydroelectric
54,4,805.2239547000001,conventional_hydroelectric
67,4,3044.2952384666637,conventional_hydroelectric
84,4,18190.069525799998,conventional_hydroelectric
109,4,393.82895990879996,conventional_hydroelectric
128,4,67.6269,conventional_hydroelectric
139,4,148.49448959999998,conventional_hydroelectric
110,4,50.0,conventional_steam_coal
41,4,5253.052755681927,conventional_steam_coal
3,4,0.0,conventional_steam_coal
36,4,0.0,conventional_steam_coal
85,4,0.0,conventional_steam_coal
28,4,74.364,geothermal
116,4,0.0,natural_gas_fired_combined_cycle
73,4,0.0,natural_gas_fired_combined_cycle
71,4,0.0,natural_gas_fired_combined_cycle
44,4,0.0,natural_gas_fired_combined_cycle
115,4,0.0,natural_gas_fired_combined_cycle
70,4,0.0,natural_gas_fired_combined_cycle
131,4,0.0,natural_gas_fired_combined_cycle
18,4,0.0,natural_gas_fired_combined_cycle
72,4,0.0,natural_gas_fired_combined_cycle
114,4,0.0,natural_gas_fired_combined_cycle
45,4,0.0,natural_gas_fired_combined_cycle
78,4,0.0,natural_gas_fired_combustion_turbine
75,4,0.0,natural_gas_fired_combustion_turbine
119,4,0.0,natural_gas_fired_combustion_turbine
117,4,0.0,natural_gas_fired_combustion_turbine
134,4,0.0,natural_gas_fired_combustion_turbine
103,4,0.0,natural_gas_fired_combustion_turbine
47,4,0.0,natural_gas_fired_combustion_turbine
8,4,0.0,natural_gas_fired_combustion_turbine
90,4,0.0,natural_gas_fired_combustion_turbine
60,4,0.0,natural_gas_fired_combustion_turbine
46,4,0.0,natural_gas_fired_combustion_turbine
37,4,0.0,natural_gas_fired_combustion_turbine
7,4,0.0,natural_gas_fired_combustion_turbine
133,4,0.0,natural_gas_fired_combustion_turbine
74,4,0.0,natural_gas_fired_combustion_turbine
20,4,0.0,natural_gas_fired_combustion_turbine
135,4,0.0,natural_gas_fired_combustion_turbine
142,4,0.0,natural_gas_fired_combustion_turbine
121,4,0.0,natural_gas_fired_combustion_turbine
91,4,0.0,natural_gas_fired_combustion_turbine
22,4,0.0,natural_gas_steam_turbine
123,4,0.0,natural_gas_steam_turbine
62,4,0.0,natural_gas_steam_turbine
49,4,0.0,natural_gas_steam_turbine
48,4,0.0,natural_gas_steam_turbine
21,4,0.0,natural_gas_steam_turbine
79,4,7405.999,nuclear
10,4,557.00304,onshore_wind_turbine
23,4,2595.4500000000003,onshore_wind_turbine
31,4,1193.3470499999999,onshore_wind_turbine
38,4,274.1247,onshore_wind_turbine
50,4,1738.8462599999998,onshore_wind_turbine
63,4,45.920160096000004,onshore_wind_turbine
80,4,2055.92136,onshore_wind_turbine
94,4,7001.4803999999995,onshore_wind_turbine
105,4,1238.213819304,onshore_wind_turbine
124,4,10890.724254042601,onshore_wind_turbine
136,4,1954.71837,onshore_wind_turbine
144,4,2242.1952899999997,onshore_wind_turbine
11,4,19.125,small_hydroelectric
24,4,62.577,small_hydroelectric
32,4,192.0,small_hydroelectric
39,4,52.9,small_hydroelectric
51,4,25.641,small_hydroelectric
64,4,6.128,small_hydroelectric
81,4,241.672,small_hydroelectric
95,4,418.922,small_hydroelectric
106,4,31.614,small_hydroelectric
125,4,100.697,small_hydroelectric
137,4,36.822,small_hydroelectric
145,4,33.21,small_hydroelectric
12,4,0.0,solar_photovoltaic
25,4,0.0,solar_photovoltaic
33,4,0.0,solar_photovoltaic
52,4,0.0,solar_photovoltaic
65,4,0.0,solar_photovoltaic
82,4,0.0,solar_photovoltaic
96,4,0.0,solar_photovoltaic
107,4,0.0,solar_photovoltaic
126,4,0.0,solar_photovoltaic
138,4,0.0,solar_photovoltaic
26,5,11.235,biomass
13,5,15.682,biomass
108,5,137.081,biomass
40,5,5.952,biomass
97,5,178.173,biomass
1,5,16.294,biomass
66,5,228.795,biomass
2,5,837.3161747999999,conventional_hydroelectric
14,5,150.999684,conventional_hydroelectric
27,5,898.0189488,conventional_hydroelectric
35,5,1512.5562496,conventional_hydroelectric
54,5,805.7436552,conventional_hydroelectric
67,5,3043.253055113739,conventional_hydroelectric
84,5,18190.069525799998,conventional_hydroelectric
109,5,393.76821124680004,conventional_hydroelectric
128,5,67.65726000000001,conventional_hydroelectric
139,5,148.5410688,conventional_hydroelectric
110,5,50.0,conventional_steam_coal
41,5,6687.397551576052,conventional_steam_coal
3,5,0.0,conventional_steam_coal
36,5,0.0,conventional_steam_coal
85,5,0.0,conventional_steam_coal
28,5,74.364,geothermal
116,5,0.0,natural_gas_fired_combined_cycle
73,5,0.0,natural_gas_fired_combined_cycle
71,5,0.0,natural_gas_fired_combined_cycle
44,5,0.0,natural_gas_fired_combined_cycle
115,5,0.0,natural_gas_fired_combined_cycle
70,5,0.0,natural_gas_fired_combined_cycle
131,5,0.0,natural_gas_fired_combined_cycle
18,5,0.0,natural_gas_fired_combined_cycle
72,5,0.0,natural_gas_fired_combined_cycle
114,5,0.0,natural_gas_fired_combined_cycle
45,5,0.0,natural_gas_fired_combined_cycle
78,5,0.0,natural_gas_fired_combustion_turbine
75,5,0.0,natural_gas_fired_combustion_turbine
119,5,0.0,natural_gas_fired_combustion_turbine
117,5,0.0,natural_gas_fired_combustion_turbine
134,5,0.0,natural_gas_fired_combustion_turbine
103,5,0.0,natural_gas_fired_combustion_turbine
47,5,0.0,natural_gas_fired_combustion_turbine
8,5,0.0,natural_gas_fired_combustion_turbine
90,5,0.0,natural_gas_fired_combustion_turbine
60,5,0.0,natural_gas_fired_combustion_turbine
46,5,0.0,natural_gas_fired_combustion_turbine
37,5,0.0,natural_gas_fired_combustion_turbine
7,5,0.0,natural_gas_fired_combustion_turbine
133,5,0.0,natural_gas_fired_combustion_turbine
74,5,0.0,natural_gas_fired_combustion_turbine
20,5,0.0,natural_gas_fired_combustion_turbine
135,5,0.0,natural_gas_fired_combustion_turbine
142,5,0.0,natural_gas_fired_combustion_turbine
121,5,0.0,natural_gas_fired_combustion_turbine
91,5,0.0,natural_gas_fired_combustion_turbine
22,5,0.0,natural_gas_steam_turbine
123,5,0.0,natural_gas_steam_turbine
62,5,0.0,natural_gas_steam_turbine
49,5,0.0,natural_gas_steam_turbine
48,5,0.0,natural_gas_steam_turbine
21,5,0.0,natural_gas_steam_turbine
79,5,7405.999,nuclear
10,5,546.27363,onshore_wind_turbine
23,5,2758.3644,onshore_wind_turbine
31,5,1433.03424,onshore_wind_turbine
38,5,255.6225,onshore_wind_turbine
50,5,1555.0610399999996,onshore_wind_turbine
63,5,56.56536011520001,onshore_wind_turbine
80,5,2348.6571599999997,onshore_wind_turbine
94,5,7083.442800000001,onshore_wind_turbine
105,5,1244.443680333,onshore_wind_turbine
124,5,10768.3905646152,onshore_wind_turbine
136,5,1462.8586500000001,onshore_wind_turbine
144,5,2933.6701499999995,onshore_wind_turbine
11,5,19.125,small_hydroelectric
24,5,62.577,small_hydroelectric
32,5,192.0,small_hydroelectric
39,5,52.9,small_hydroelectric
51,5,25.641,small_hydroelectric
64,5,6.128,small_hydroelectric
81,5,241.672,small_hydroelectric
95,5,418.922,small_hydroelectric
106,5,31.614,small_hydroelectric
125,5,100.697,small_hydroelectric
137,5,36.822,small_hydroelectric
145,5,33.21,small_hydroelectric
12,5,0.0,solar_photovoltaic
25,5,96.8847,solar_photovoltaic
33,5,0.0,solar_photovoltaic
52,5,29.029559999999996,solar_photovoltaic
65,5,0.0,solar_photovoltaic
82,5,0.0,solar_photovoltaic
96,5,0.0,solar_photovoltaic
107,5,0.0,solar_photovoltaic
126,5,0.0,solar_photovoltaic
138,5,0.0,solar_photovoltaic
26,6,11.235,biomass
13,6,15.682,biomass
108,6,137.081,biomass
40,6,5.952,biomass
97,6,178.173,biomass
1,6,16.294,biomass
66,6,228.795,biomass
2,6,837.3161747999999,conventional_hydroelectric
14,6,150.95264360000002,conventional_hydroelectric
27,6,898.0189488,conventional_hydroelectric
35,6,1513.3055344,conventional_hydroelectric
54,6,806.2633557,conventional_hydroelectric
67,6,3042.2108790348207,conventional_hydroelectric
84,6,18187.164227999998,conventional_hydroelectric
109,6,393.6893399088,conventional_hydroelectric
128,6,67.67244,conventional_hydroelectric
139,6,148.587648,conventional_hydroelectric
110,6,50.0,conventional_steam_coal
41,6,4720.328002209,conventional_steam_coal
3,6,0.0,conventional_steam_coal
36,6,0.0,conventional_steam_coal
85,6,0.0,conventional_steam_coal
28,6,74.364,geothermal
116,6,0.0,natural_gas_fired_combined_cycle
73,6,0.0,natural_gas_fired_combined_cycle
71,6,0.0,natural_gas_fired_combined_cycle
44,6,0.0,natural_gas_fired_combined_cycle
115,6,0.0,natural_gas_fired_combined_cycle
70,6,0.0,natural_gas_fired_combined_cycle
131,6,0.0,natural_gas_fired_combined_cycle
18,6,0.0,natural_gas_fired_combined_cycle
72,6,0.0,natural_gas_fired_combined_cycle
114,6,0.0,natural_gas_fired_combined_cycle
45,6,0.0,natural_gas_fired_combined_cycle
78,6,0.0,natural_gas_fired_combustion_turbine
75,6,0.0,natural_gas_fired_combustion_turbine
119,6,0.0,natural_gas_fired_combustion_turbine
117,6,0.0,natural_gas_fired_combustion_turbine
134,6,0.0,natural_gas_fired_combustion_turbine
103,6,0.0,natural_gas_fired_combustion_turbine
47,6,0.0,natural_gas_fired_combustion_turbine
8,6,0.0,natural_gas_fired_combustion_turbine
90,6,0.0,natural_gas_fired_combustion_turbine
60,6,0.0,natural_gas_fired_combustion_turbine
46,6,0.0,natural_gas_fired_combustion_turbine
37,6,0.0,natural_gas_fired_combustion_turbine
7,6,0.0,natural_gas_fired_combustion_turbine
133,6,0.0,natural_gas_fired_combustion_turbine
74,6,0.0,natural_gas_fired_combustion_turbine
20,6,0.0,natural_gas_fired_combustion_turbine
135,6,0.0,natural_gas_fired_combustion_turbine
142,6,0.0,natural_gas_fired_combustion_turbine
121,6,0.0,natural_gas_fired_combustion_turbine
91,6,0.0,natural_gas_fired_combustion_turbine
22,6,0.0,natural_gas_steam_turbine
123,6,0.0,natural_gas_steam_turbine
62,6,0.0,natural_gas_steam_turbine
49,6,0.0,natural_gas_steam_turbine
48,6,0.0,natural_gas_steam_turbine
21,6,0.0,natural_gas_steam_turbine
79,6,7405.999,nuclear
10,6,451.7158800000001,onshore_wind_turbine
23,6,939.1536,onshore_wind_turbine
31,6,1526.6699999999998,onshore_wind_turbine
38,6,253.6749,onshore_wind_turbine
50,6,1295.2067399999999,onshore_wind_turbine
63,6,42.04656002640001,onshore_wind_turbine
80,6,1459.6961999999999,onshore_wind_turbine
94,6,6703.5786,onshore_wind_turbine
105,6,1275.229740015,onshore_wind_turbine
124,6,10716.4139988774,onshore_wind_turbine
136,6,1103.60061,onshore_wind_turbine
144,6,2998.55385,onshore_wind_turbine
11,6,19.125,small_hydroelectric
24,6,62.577,small_hydroelectric
32,6,192.0,small_hydroelectric
39,6,52.9,small_hydroelectric
51,6,25.641,small_hydroelectric
64,6,6.128,small_hydroelectric
81,6,241.672,small_hydroelectric
95,6,418.922,small_hydroelectric
106,6,31.614,small_hydroelectric
125,6,100.697,small_hydroelectric
137,6,36.822,small_hydroelectric
145,6,33.21,small_hydroelectric
12,6,980.6508,solar_photovoltaic
25,6,526.0599,solar_photovoltaic
33,6,39.8376,solar_photovoltaic
52,6,905.2483199999999,solar_photovoltaic
65,6,1978.0426851365999,solar_photovoltaic
82,6,1072.75479,solar_photovoltaic
96,6,27.203040000000005,solar_photovoltaic
107,6,1273.4722768965,solar_photovoltaic
126,6,2892.5778845955,solar_photovoltaic
138,6,577.0898099999999,solar_photovoltaic
26,7,11.235,biomass
13,7,15.682,biomass
108,7,137.081,biomass
40,7,5.952,biomass
97,7,178.173,biomass
1,7,16.294,biomass
66,7,228.795,biomass
2,7,837.3161747999999,conventional_hydroelectric
14,7,150.90560319999997,conventional_hydroelectric
27,7,898.0189488,conventional_hydroelectric
35,7,1514.0548191999999,conventional_hydroelectric
54,7,806.7830562,conventional_hydroelectric
67,7,3041.8436362434118,conventional_hydroelectric
84,7,18187.164227999998,conventional_hydroelectric
109,7,393.62859124680006,conventional_hydroelectric
128,7,67.70280000000001,conventional_hydroelectric
139,7,148.6109376,conventional_hydroelectric
110,7,50.0,conventional_steam_coal
41,7,1402.7506489291127,conventional_steam_coal
3,7,0.0,conventional_steam_coal
36,7,0.0,conventional_steam_coal
85,7,0.0,conventional_steam_coal
28,7,74.364,geothermal
116,7,0.0,natural_gas_fired_combined_cycle
73,7,0.0,natural_gas_fired_combined_cycle
71,7,0.0,natural_gas_fired_combined_cycle
44,7,0.0,natural_gas_fired_combined_cycle
115,7,0.0,natural_gas_fired_combined_cycle
70,7,0.0,natural_gas_fired_combined_cycle
131,7,0.0,natural_gas_fired_combined_cycle
18,7,0.0,natural_gas_fired_combined_cycle
72,7,0.0,natural_gas_fired_combined_cycle
114,7,0.0,natural_gas_fired_combined_cycle
45,7,0.0,natural_gas_fired_combined_cycle
78,7,0.0,natural_gas_fired_combustion_turbine
75,7,0.0,natural_gas_fired_combustion_turbine
119,7,0.0,natural_gas_fired_combustion_turbine
117,7,0.0,natural_gas_fired_combustion_turbine
134,7,0.0,natural_gas_fired_combustion_turbine
103,7,0.0,natural_gas_fired_combustion_turbine
47,7,0.0,natural_gas_fired_combustion_turbine
8,7,0.0,natural_gas_fired_combustion_turbine
90,7,0.0,natural_gas_fired_combustion_turbine
60,7,0.0,natural_gas_fired_combustion_turbine
46,7,0.0,natural_gas_fired_combustion_turbine
37,7,0.0,natural_gas_fired_combustion_turbine
7,7,0.0,natural_gas_fired_combustion_turbine
133,7,0.0,natural_gas_fired_combustion_turbine
74,7,0.0,natural_gas_fired_combustion_turbine
20,7,0.0,natural_gas_fired_combustion_turbine
135,7,0.0,natural_gas_fired_combustion_turbine
142,7,0.0,natural_gas_fired_combustion_turbine
121,7,0.0,natural_gas_fired_combustion_turbine
91,7,0.0,natural_gas_fired_combustion_turbine
22,7,0.0,natural_gas_steam_turbine
123,7,0.0,natural_gas_steam_turbine
62,7,0.0,natural_gas_steam_turbine
49,7,0.0,natural_gas_steam_turbine
48,7,0.0,natural_gas_steam_turbine
21,7,0.0,natural_gas_steam_turbine
79,7,5863.367203926287,nuclear
10,7,360.24573000000004,onshore_wind_turbine
23,7,1284.1488,onshore_wind_turbine
31,7,979.61325,onshore_wind_turbine
38,7,179.6661,onshore_wind_turbine
50,7,959.5736999999999,onshore_wind_turbine
63,7,35.6125199088,onshore_wind_turbine
80,7,1323.0861599999998,onshore_wind_turbine
94,7,6150.3324,onshore_wind_turbine
105,7,1277.17289973,onshore_wind_turbine
124,7,10477.4737495362,onshore_wind_turbine
136,7,938.61945,onshore_wind_turbine
144,7,3529.6732799999995,onshore_wind_turbine
11,7,19.125,small_hydroelectric
24,7,62.577,small_hydroelectric
32,7,192.0,small_hydroelectric
39,7,52.9,small_hydroelectric
51,7,25.641,small_hydroelectric
64,7,6.128,small_hydroelectric
81,7,241.672,small_hydroelectric
95,7,418.922,small_hydroelectric
106,7,31.614,small_hydroelectric
125,7,100.697,small_hydroelectric
137,7,36.822,small_hydroelectric
145,7,33.21,small_hydroelectric
12,7,2092.05504,solar_photovoltaic
25,7,715.8258,solar_photovoltaic
33,7,134.7537,solar_photovoltaic
52,7,1503.61272,solar_photovoltaic
65,7,3551.5956564594,solar_photovoltaic
82,7,3104.55069,solar_photovoltaic
96,7,96.02925,solar_photovoltaic
107,7,2994.3409231095,solar_photovoltaic
126,7,6489.5895831105,solar_photovoltaic
138,7,943.61718,solar_photovoltaic
26,8,11.235,biomass
13,8,15.682,biomass
108,8,137.081,biomass
40,8,5.952,biomass
97,8,178.173,biomass
1,8,16.294,biomass
66,8,228.795,biomass
2,8,837.3161747999999,conventional_hydroelectric
14,8,150.8585628,conventional_hydroelectric
27,8,898.0189488,conventional_hydroelectric
35,8,1514.804104,conventional_hydroelectric
54,8,807.3027567,conventional_hydroelectric
67,8,3040.748992752003,conventional_hydroelectric
84,8,18187.164227999998,conventional_hydroelectric
109,8,393.56784398100007,conventional_hydroelectric
128,8,67.71798000000001,conventional_hydroelectric
139,8,148.6575168,conventional_hydroelectric
110,8,21.500000000000004,conventional_steam_coal
41,8,0.0,conventional_steam_coal
3,8,0.0,conventional_steam_coal
36,8,0.0,conventional_steam_coal
85,8,0.0,conventional_steam_coal
28,8,74.364,geothermal
116,8,0.0,natural_gas_fired_combined_cycle
73,8,0.0,natural_gas_fired_combined_cycle
71,8,0.0,natural_gas_fired_combined_cycle
44,8,0.0,natural_gas_fired_combined_cycle
115,8,0.0,natural_gas_fired_combined_cycle
70,8,0.0,natural_gas_fired_combined_cycle
131,8,0.0,natural_gas_fired_combined_cycle
18,8,0.0,natural_gas_fired_combined_cycle
72,8,0.0,natural_gas_fired_combined_cycle
114,8,0.0,natural_gas_fired_combined_cycle
45,8,0.0,natural_gas_fired_combined_cycle
78,8,0.0,natural_gas_fired_combustion_turbine
75,8,0.0,natural_gas_fired_combustion_turbine
119,8,0.0,natural_gas_fired_combustion_turbine
117,8,0.0,natural_gas_fired_combustion_turbine
134,8,0.0,natural_gas_fired_combustion_turbine
103,8,0.0,natural_gas_fired_combustion_turbine
47,8,0.0,natural_gas_fired_combustion_turbine
8,8,0.0,natural_gas_fired_combustion_turbine
90,8,0.0,natural_gas_fired_combustion_turbine
60,8,0.0,natural_gas_fired_combustion_turbine
46,8,0.0,natural_gas_fired_combustion_turbine
37,8,0.0,natural_gas_fired_combustion_turbine
7,8,0.0,natural_gas_fired_combustion_turbine
133,8,0.0,natural_gas_fired_combustion_turbine
74,8,0.0,natural_gas_fired_combustion_turbine
20,8,0.0,natural_gas_fired_combustion_turbine
135,8,0.0,natural_gas_fired_combustion_turbine
142,8,0.0,natural_gas_fired_combustion_turbine
121,8,0.0,natural_gas_fired_combustion_turbine
91,8,0.0,natural_gas_fired_combustion_turbine
22,8,0.0,natural_gas_steam_turbine
123,8,0.0,natural_gas_steam_turbine
62,8,0.0,natural_gas_steam_turbine
49,8,0.0,natural_gas_steam_turbine
48,8,0.0,natural_gas_steam_turbine
21,8,0.0,natural_gas_steam_turbine
79,8,4011.8674539262875,nuclear
10,8,602.23638,onshore_wind_turbine
23,8,2175.3864,onshore_wind_turbine
31,8,1379.0919,onshore_wind_turbine
38,8,245.64105,onshore_wind_turbine
50,8,939.8305799999998,onshore_wind_turbine
63,8,28.000800067200004,onshore_wind_turbine
80,8,2509.1639999999998,onshore_wind_turbine
94,8,7914.1002,onshore_wind_turbine
105,8,1254.67290018,onshore_wind_turbine
124,8,8382.1865154522,onshore_wind_turbine
136,8,1531.0868400000002,onshore_wind_turbine
144,8,3131.1019799999995,onshore_wind_turbine
11,8,19.125,small_hydroelectric
24,8,62.577,small_hydroelectric
32,8,192.0,small_hydroelectric
39,8,52.9,small_hydroelectric
51,8,25.641,small_hydroelectric
64,8,6.128,small_hydroelectric
81,8,241.672,small_hydroelectric
95,8,418.922,small_hydroelectric
106,8,31.614,small_hydroelectric
125,8,100.697,small_hydroelectric
137,8,36.822,small_hydroelectric
145,8,33.21,small_hydroelectric
12,8,3082.39128,solar_photovoltaic
25,8,885.73434,solar_photovoltaic
33,8,281.50395,solar_photovoltaic
52,8,1944.0918599999998,solar_photovoltaic
65,8,5296.7608223925,solar_photovoltaic
82,8,4531.8246,solar_photovoltaic
96,8,188.2803,solar_photovoltaic
107,8,4623.8070347295,solar_photovoltaic
126,8,9641.803988722499,solar_photovoltaic
138,8,1132.8494099999998,solar_photovoltaic
26,9,11.235,biomass
13,9,15.682,biomass
108,9,137.081,biomass
40,9,5.952,biomass
97,9,178.173,biomass
1,9,16.294,biomass
66,9,228.795,biomass
2,9,837.3161747999999,conventional_hydroelectric
14,9,150.8585628,conventional_hydroelectric
27,9,898.0189488,conventional_hydroelectric
35,9,1515.5533888,conventional_hydroelectric
54,9,807.8224572,conventional_hydroelectric
67,9,3039.706809399078,conventional_hydroelectric
84,9,18184.2589302,conventional_hydroelectric
109,9,393.50709531900003,conventional_hydroelectric
128,9,67.73316,conventional_hydroelectric
139,9,148.704096,conventional_hydroelectric
110,9,0.0,conventional_steam_coal
41,9,0.0,conventional_steam_coal
3,9,0.0,conventional_steam_coal
36,9,0.0,conventional_steam_coal
85,9,0.0,conventional_steam_coal
28,9,74.364,geothermal
116,9,0.0,natural_gas_fired_combined_cycle
73,9,0.0,natural_gas_fired_combined_cycle
71,9,0.0,natural_gas_fired_combined_cycle
44,9,0.0,natural_gas_fired_combined_cycle
115,9,0.0,natural_gas_fired_combined_cycle
70,9,0.0,natural_gas_fired_combined_cycle
131,9,0.0,natural_gas_fired_combined_cycle
18,9,0.0,natural_gas_fired_combined_cycle
72,9,0.0,natural_gas_fired_combined_cycle
114,9,0.0,natural_gas_fired_combined_cycle
45,9,0.0,natural_gas_fired_combined_cycle
78,9,0.0,natural_gas_fired_combustion_turbine
75,9,0.0,natural_gas_fired_combustion_turbine
119,9,0.0,natural_gas_fired_combustion_turbine
117,9,0.0,natural_gas_fired_combustion_turbine
134,9,0.0,natural_gas_fired_combustion_turbine
103,9,0.0,natural_gas_fired_combustion_turbine
47,9,0.0,natural_gas_fired_combustion_turbine
8,9,0.0,natural_gas_fired_combustion_turbine
90,9,0.0,natural_gas_fired_combustion_turbine
60,9,0.0,natural_gas_fired_combustion_turbine
46,9,0.0,natural_gas_fired_combustion_turbine
37,9,0.0,natural_gas_fired_combustion_turbine
7,9,0.0,natural_gas_fired_combustion_turbine
133,9,0.0,natural_gas_fired_combustion_turbine
74,9,0.0,natural_gas_fired_combustion_turbine
20,9,0.0,natural_gas_fired_combustion_turbine
135,9,0.0,natural_gas_fired_combustion_turbine
142,9,0.0,natural_gas_fired_combustion_turbine
121,9,0.0,natural_gas_fired_combustion_turbine
91,9,0.0,natural_gas_fired_combustion_turbine
22,9,0.0,natural_gas_steam_turbine
123,9,0.0,natural_gas_steam_turbine
62,9,0.0,natural_gas_steam_turbine
49,9,0.0,natural_gas_steam_turbine
48,9,0.0,natural_gas_steam_turbine
21,9,0.0,natural_gas_steam_turbine
79,9,2160.3677039262875,nuclear
10,9,594.74895,onshore_wind_turbine
23,9,3450.7506,onshore_wind_turbine
31,9,2463.5364899999995,onshore_wind_turbine
38,9,480.81375,onshore_wind_turbine
50,9,1208.10474,onshore_wind_turbine
63,9,24.9000000768,onshore_wind_turbine
80,9,1629.36348,onshore_wind_turbine
94,9,8328.6408,onshore_wind_turbine
105,9,1136.240040033,onshore_wind_turbine
124,9,7282.2510619188,onshore_wind_turbine
136,9,1587.3654600000002,onshore_wind_turbine
144,9,3239.5504499999993,onshore_wind_turbine
11,9,19.125,small_hydroelectric
24,9,62.577,small_hydroelectric
32,9,192.0,small_hydroelectric
39,9,52.9,small_hydroelectric
51,9,25.641,small_hydroelectric
64,9,6.128,small_hydroelectric
81,9,241.672,small_hydroelectric
95,9,418.922,small_hydroelectric
106,9,31.614,small_hydroelectric
125,9,100.697,small_hydroelectric
137,9,36.822,small_hydroelectric
145,9,33.21,small_hydroelectric
12,9,3746.44926,solar_photovoltaic
25,9,1035.78552,solar_photovoltaic
33,9,375.2883,solar_photovoltaic
52,9,2041.25202,solar_photovoltaic
65,9,6498.130684125,solar_photovoltaic
82,9,5383.8410699999995,solar_photovoltaic
96,9,259.4364,solar_photovoltaic
107,9,5806.040039904,solar_photovoltaic
126,9,11839.185423681001,solar_photovoltaic
138,9,1267.67982,solar_photovoltaic
26,10,11.235,biomass
13,10,15.682,biomass
108,10,137.081,biomass
40,10,5.952,biomass
97,10,178.173,biomass
1,10,16.294,biomass
66,10,228.795,biomass
2,10,837.3161747999999,conventional_hydroelectric
14,10,150.8115224,conventional_hydroelectric
27,10,898.160058,conventional_hydroelectric
35,10,1516.3026736,conventional_hydroelectric
54,10,808.3421577,conventional_hydroelectric
67,10,3038.6646333201597,conventional_hydroelectric
84,10,18184.2589302,conventional_hydroelectric
109,10,393.44634805320004,conventional_hydroelectric
128,10,67.76352000000001,conventional_hydroelectric
139,10,148.7506752,conventional_hydroelectric
110,10,0.0,conventional_steam_coal
41,10,0.0,conventional_steam_coal
3,10,0.0,conventional_steam_coal
36,10,0.0,conventional_steam_coal
85,10,0.0,conventional_steam_coal
28,10,74.364,geothermal
116,10,0.0,natural_gas_fired_combined_cycle
73,10,0.0,natural_gas_fired_combined_cycle
71,10,0.0,natural_gas_fired_combined_cycle
44,10,0.0,natural_gas_fired_combined_cycle
115,10,0.0,natural_gas_fired_combined_cycle
70,10,0.0,natural_gas_fired_combined_cycle
131,10,0.0,natural_gas_fired_combined_cycle
18,10,0.0,natural_gas_fired_combined_cycle
72,10,0.0,natural_gas_fired_combined_cycle
114,10,0.0,natural_gas_fired_combined_cycle
45,10,0.0,natural_gas_fired_combined_cycle
78,10,0.0,natural_gas_fired_combustion_turbine
75,10,0.0,natural_gas_fired_combustion_turbine
119,10,0.0,natural_gas_fired_combustion_turbine
117,10,0.0,natural_gas_fired_combustion_turbine
134,10,0.0,natural_gas_fired_combustion_turbine
103,10,0.0,natural_gas_fired_combustion_turbine
47,10,0.0,natural_gas_fired_combustion_turbine
8,10,0.0,natural_gas_fired_combustion_turbine
90,10,0.0,natural_gas_fired_combustion_turbine
60,10,0.0,natural_gas_fired_combustion_turbine
46,10,0.0,natural_gas_fired_combustion_turbine
37,10,0.0,natural_gas_fired_combustion_turbine
7,10,0.0,natural_gas_fired_combustion_turbine
133,10,0.0,natural_gas_fired_combustion_turbine
74,10,0.0,natural_gas_fired_combustion_turbine
20,10,0.0,natural_gas_fired_combustion_turbine
135,10,0.0,natural_gas_fired_combustion_turbine
142,10,0.0,natural_gas_fired_combustion_turbine
121,10,0.0,natural_gas_fired_combustion_turbine
91,10,0.0,natural_gas_fired_combustion_turbine
22,10,0.0,natural_gas_steam_turbine
123,10,0.0,natural_gas_steam_turbine
62,10,0.0,natural_gas_steam_turbine
49,10,0.0,natural_gas_steam_turbine
48,10,0.0,natural_gas_steam_turbine
21,10,0.0,natural_gas_steam_turbine
79,10,308.86795392628756,nuclear
10,10,599.99787,onshore_wind_turbine
23,10,3716.6843999999996,onshore_wind_turbine
31,10,2458.95648,onshore_wind_turbine
38,10,608.3815500000001,onshore_wind_turbine
50,10,1090.5170399999997,onshore_wind_turbine
63,10,20.1689999688,onshore_wind_turbine
80,10,871.03836,onshore_wind_turbine
94,10,9854.402399999999,onshore_wind_turbine
105,10,1182.900480111,onshore_wind_turbine
124,10,7318.0913070606,onshore_wind_turbine
136,10,927.8262900000001,onshore_wind_turbine
144,10,3613.0951799999993,onshore_wind_turbine
11,10,19.125,small_hydroelectric
24,10,62.577,small_hydroelectric
32,10,192.0,small_hydroelectric
39,10,52.9,small_hydroelectric
51,10,25.641,small_hydroelectric
64,10,6.128,small_hydroelectric
81,10,241.672,small_hydroelectric
95,10,418.922,small_hydroelectric
106,10,31.614,small_hydroelectric
125,10,100.697,small_hydroelectric
137,10,36.822,small_hydroelectric
145,10,33.21,small_hydroelectric
12,10,4095.1250999999997,solar_photovoltaic
25,10,1126.74504,solar_photovoltaic
33,10,415.50314999999995,solar_photovoltaic
52,10,2054.87814,solar_photovoltaic
65,10,7157.520784707599,solar_photovoltaic
82,10,5739.19632,solar_photovoltaic
96,10,274.04544,solar_photovoltaic
107,10,6347.481723866999,solar_photovoltaic
126,10,12796.4430599925,solar_photovoltaic
138,10,1314.84111,solar_photovoltaic
26,11,11.235,biomass
13,11,15.682,biomass
108,11,137.081,biomass
40,11,5.952,biomass
97,11,178.173,biomass
1,11,16.294,biomass
66,11,228.795,biomass
2,11,837.3161747999999,conventional_hydroelectric
14,11,150.76448200000002,conventional_hydroelectric
27,11,898.160058,conventional_hydroelectric
35,11,1517.0519584,conventional_hydroelectric
54,11,808.8618582,conventional_hydroelectric
67,11,3038.297390528751,conventional_hydroelectric
84,11,18184.2589302,conventional_hydroelectric
109,11,393.3855993912,conventional_hydroelectric
128,11,67.7787,conventional_hydroelectric
139,11,148.79725439999999,conventional_hydroelectric
110,11,0.0,conventional_steam_coal
41,11,0.0,conventional_steam_coal
3,11,0.0,conventional_steam_coal
36,11,0.0,conventional_steam_coal
85,11,0.0,conventional_steam_coal
28,11,74.364,geothermal
116,11,0.0,natural_gas_fired_combined_cycle
73,11,0.0,natural_gas_fired_combined_cycle
71,11,0.0,natural_gas_fired_combined_cycle
44,11,0.0,natural_gas_fired_combined_cycle
115,11,0.0,natural_gas_fired_combined_cycle
70,11,0.0,natural_gas_fired_combined_cycle
131,11,0.0,natural_gas_fired_combined_cycle
18,11,0.0,natural_gas_fired_combined_cycle
72,11,0.0,natural_gas_fired_combined_cycle
114,11,0.0,natural_gas_fired_combined_cycle
45,11,0.0,natural_gas_fired_combined_cycle
78,11,0.0,natural_gas_fired_combustion_turbine
75,11,0.0,natural_gas_fired_combustion_turbine
119,11,0.0,natural_gas_fired_combustion_turbine
117,11,0.0,natural_gas_fired_combustion_turbine
134,11,0.0,natural_gas_fired_combustion_turbine
103,11,0.0,natural_gas_fired_combustion_turbine
47,11,0.0,natural_gas_fired_combustion_turbine
8,11,0.0,natural_gas_fired_combustion_turbine
90,11,0.0,natural_gas_fired_combustion_turbine
60,11,0.0,natural_gas_fired_combustion_turbine
46,11,0.0,natural_gas_fired_combustion_turbine
37,11,0.0,natural_gas_fired_combustion_turbine
7,11,0.0,natural_gas_fired_combustion_turbine
133,11,0.0,natural_gas_fired_combustion_turbine
74,11,0.0,natural_gas_fired_combustion_turbine
20,11,0.0,natural_gas_fired_combustion_turbine
135,11,0.0,natural_gas_fired_combustion_turbine
142,11,0.0,natural_gas_fired_combustion_turbine
121,11,0.0,natural_gas_fired_combustion_turbine
91,11,0.0,natural_gas_fired_combustion_turbine
22,11,0.0,natural_gas_steam_turbine
123,11,0.0,natural_gas_steam_turbine
62,11,0.0,natural_gas_steam_turbine
49,11,0.0,natural_gas_steam_turbine
48,11,0.0,natural_gas_steam_turbine
21,11,0.0,natural_gas_steam_turbine
79,11,0.0,nuclear
10,11,583.94235,onshore_wind_turbine
23,11,3604.0818,onshore_wind_turbine
31,11,2539.3610999999996,onshore_wind_turbine
38,11,735.2189999999999,onshore_wind_turbine
50,11,1496.9930399999996,onshore_wind_turbine
63,11,25.325999937600002,onshore_wind_turbine
80,11,281.58396,onshore_wind_turbine
94,11,9893.8074,onshore_wind_turbine
105,11,1184.513220009,onshore_wind_turbine
124,11,7045.466013247201,onshore_wind_turbine
136,11,1097.04762,onshore_wind_turbine
144,11,4235.9787,onshore_wind_turbine
11,11,19.125,small_hydroelectric
24,11,62.577,small_hydroelectric
32,11,192.0,small_hydroelectric
39,11,52.9,small_hydroelectric
51,11,25.641,small_hydroelectric
64,11,6.128,small_hydroelectric
81,11,241.672,small_hydroelectric
95,11,418.922,small_hydroelectric
106,11,31.614,small_hydroelectric
125,11,100.697,small_hydroelectric
137,11,36.822,small_hydroelectric
145,11,33.21,small_hydroelectric
12,11,4338.47178,solar_photovoltaic
25,11,1160.37444,solar_photovoltaic
33,11,464.31929999999994,solar_photovoltaic
52,11,2147.00256,solar_photovoltaic
65,11,7683.541350261599,solar_photovoltaic
82,11,5822.809319999999,solar_photovoltaic
96,11,318.3763200000001,solar_photovoltaic
107,11,6779.0194491195,solar_photovoltaic
126,11,13287.1095383595,solar_photovoltaic
138,11,1366.69896,solar_photovoltaic
26,12,11.235,biomass
13,12,15.682,biomass
108,12,137.081,biomass
40,12,5.952,biomass
97,12,178.173,biomass
1,12,16.294,biomass
66,12,228.795,biomass
2,12,837.5924256,conventional_hydroelectric
14,12,150.7174416,conventional_hydroelectric
27,12,898.160058,conventional_hydroelectric
35,12,1517.8012432,conventional_hydroelectric
54,12,809.3815587,conventional_hydroelectric
67,12,3037.255207175826,conventional_hydroelectric
84,12,18181.3536324,conventional_hydroelectric
109,12,393.3855993912,conventional_hydroelectric
128,12,67.80906,conventional_hydroelectric
139,12,148.84383359999998,conventional_hydroelectric
110,12,0.0,conventional_steam_coal
41,12,0.0,conventional_steam_coal
3,12,0.0,conventional_steam_coal
36,12,0.0,conventional_steam_coal
85,12,0.0,conventional_steam_coal
28,12,74.364,geothermal
116,12,0.0,natural_gas_fired_combined_cycle
73,12,0.0,natural_gas_fired_combined_cycle
71,12,0.0,natural_gas_fired_combined_cycle
44,12,0.0,natural_gas_fired_combined_cycle
115,12,0.0,natural_gas_fired_combined_cycle
70,12,0.0,natural_gas_fired_combined_cycle
131,12,0.0,natural_gas_fired_combined_cycle
18,12,0.0,natural_gas_fired_combined_cycle
72,12,0.0,natural_gas_fired_combined_cycle
114,12,0.0,natural_gas_fired_combined_cycle
45,12,0.0,natural_gas_fired_combined_cycle
78,12,0.0,natural_gas_fired_combustion_turbine
75,12,0.0,natural_gas_fired_combustion_turbine
119,12,0.0,natural_gas_fired_combustion_turbine
117,12,0.0,natural_gas_fired_combustion_turbine
134,12,0.0,natural_gas_fired_combustion_turbine
103,12,0.0,natural_gas_fired_combustion_turbine
47,12,0.0,natural_gas_fired_combustion_turbine
8,12,0.0,natural_gas_fired_combustion_turbine
90,12,0.0,natural_gas_fired_combustion_turbine
60,12,0.0,natural_gas_fired_combustion_turbine
46,12,0.0,natural_gas_fired_combustion_turbine
37,12,0.0,natural_gas_fired_combustion_turbine
7,12,0.0,natural_gas_fired_combustion_turbine
133,12,0.0,natural_gas_fired_combustion_turbine
74,12,0.0,natural_gas_fired_combustion_turbine
20,12,0.0,natural_gas_fired_combustion_turbine
135,12,0.0,natural_gas_fired_combustion_turbine
142,12,0.0,natural_gas_fired_combustion_turbine
121,12,0.0,natural_gas_fired_combustion_turbine
91,12,0.0,natural_gas_fired_combustion_turbine
22,12,0.0,natural_gas_steam_turbine
123,12,0.0,natural_gas_steam_turbine
62,12,0.0,natural_gas_steam_turbine
49,12,0.0,natural_gas_steam_turbine
48,12,0.0,natural_gas_steam_turbine
21,12,0.0,natural_gas_steam_turbine
79,12,0.0,nuclear
10,12,595.44366,onshore_wind_turbine
23,12,3229.5384,onshore_wind_turbine
31,12,2681.34141,onshore_wind_turbine
38,12,1281.27735,onshore_wind_turbine
50,12,1821.0124799999996,onshore_wind_turbine
63,12,36.2338799328,onshore_wind_turbine
80,12,412.21979999999996,onshore_wind_turbine
94,12,10480.1538,onshore_wind_turbine
105,12,1173.993300333,onshore_wind_turbine
124,12,5162.1815079054,onshore_wind_turbine
136,12,1058.50062,onshore_wind_turbine
144,12,4701.287519999999,onshore_wind_turbine
11,12,19.125,small_hydroelectric
24,12,62.577,small_hydroelectric
32,12,192.0,small_hydroelectric
39,12,52.9,small_hydroelectric
51,12,25.641,small_hydroelectric
64,12,6.128,small_hydroelectric
81,12,241.672,small_hydroelectric
95,12,418.922,small_hydroelectric
106,12,31.614,small_hydroelectric
125,12,100.697,small_hydroelectric
137,12,36.822,small_hydroelectric
145,12,33.21,small_hydroelectric
12,12,4415.3499600000005,solar_photovoltaic
25,12,1184.8758599999999,solar_photovoltaic
33,12,493.44300000000004,solar_photovoltaic
52,12,2231.12904,solar_photovoltaic
65,12,7817.262455090699,solar_photovoltaic
82,12,5731.671149999999,solar_photovoltaic
96,12,349.73538,solar_photovoltaic
107,12,7083.5182455839995,solar_photovoltaic
126,12,12819.892734991501,solar_photovoltaic
138,12,1387.4420999999998,solar_photovoltaic
26,13,11.235,biomass
13,13,15.682,biomass
108,13,137.081,biomass
40,13,5.952,biomass
97,13,178.173,biomass
1,13,16.294,biomass
66,13,228.795,biomass
2,13,837.5924256,conventional_hydroelectric
14,13,150.6704012,conventional_hydroelectric
27,13,898.160058,conventional_hydroelectric
35,13,1518.550528,conventional_hydroelectric
54,13,809.9012592,conventional_hydroelectric
67,13,3036.213031096908,conventional_hydroelectric
84,13,18181.3536324,conventional_hydroelectric
109,13,393.32485212539996,conventional_hydroelectric
128,13,67.82424,conventional_hydroelectric
139,13,148.89041279999998,conventional_hydroelectric
110,13,0.0,conventional_steam_coal
41,13,0.0,conventional_steam_coal
3,13,0.0,conventional_steam_coal
36,13,0.0,conventional_steam_coal
85,13,0.0,conventional_steam_coal
28,13,74.364,geothermal
116,13,0.0,natural_gas_fired_combined_cycle
73,13,0.0,natural_gas_fired_combined_cycle
71,13,0.0,natural_gas_fired_combined_cycle
44,13,0.0,natural_gas_fired_combined_cycle
115,13,0.0,natural_gas_fired_combined_cycle
70,13,0.0,natural_gas_fired_combined_cycle
131,13,0.0,natural_gas_fired_combined_cycle
18,13,0.0,natural_gas_fired_combined_cycle
72,13,0.0,natural_gas_fired_combined_cycle
114,13,0.0,natural_gas_fired_combined_cycle
45,13,0.0,natural_gas_fired_combined_cycle
78,13,0.0,natural_gas_fired_combustion_turbine
75,13,0.0,natural_gas_fired_combustion_turbine
119,13,0.0,natural_gas_fired_combustion_turbine
117,13,0.0,natural_gas_fired_combustion_turbine
134,13,0.0,natural_gas_fired_combustion_turbine
103,13,0.0,natural_gas_fired_combustion_turbine
47,13,0.0,natural_gas_fired_combustion_turbine
8,13,0.0,natural_gas_fired_combustion_turbine
90,13,0.0,natural_gas_fired_combustion_turbine
60,13,0.0,natural_gas_fired_combustion_turbine
46,13,0.0,natural_gas_fired_combustion_turbine
37,13,0.0,natural_gas_fired_combustion_turbine
7,13,0.0,natural_gas_fired_combustion_turbine
133,13,0.0,natural_gas_fired_combustion_turbine
74,13,0.0,natural_gas_fired_combustion_turbine
20,13,0.0,natural_gas_fired_combustion_turbine
135,13,0.0,natural_gas_fired_combustion_turbine
142,13,0.0,natural_gas_fired_combustion_turbine
121,13,0.0,natural_gas_fired_combustion_turbine
91,13,0.0,natural_gas_fired_combustion_turbine
22,13,0.0,natural_gas_steam_turbine
123,13,0.0,natural_gas_steam_turbine
62,13,0.0,natural_gas_steam_turbine
49,13,0.0,natural_gas_steam_turbine
48,13,0.0,natural_gas_steam_turbine
21,13,0.0,natural_gas_steam_turbine
79,13,0.0,nuclear
10,13,597.9137400000001,onshore_wind_turbine
23,13,3943.4868,onshore_wind_turbine
31,13,1976.0198699999999,onshore_wind_turbine
38,13,1225.0403999999999,onshore_wind_turbine
50,13,2023.6697999999997,onshore_wind_turbine
63,13,52.40975995920001,onshore_wind_turbine
80,13,391.50924,onshore_wind_turbine
94,13,8732.148000000001,onshore_wind_turbine
105,13,1251.921359304,onshore_wind_turbine
124,13,6372.4211936682,onshore_wind_turbine
136,13,967.1442300000001,onshore_wind_turbine
144,13,5074.8322499999995,onshore_wind_turbine
11,13,19.125,small_hydroelectric
24,13,62.577,small_hydroelectric
32,13,192.0,small_hydroelectric
39,13,52.9,small_hydroelectric
51,13,25.641,small_hydroelectric
64,13,6.128,small_hydroelectric
81,13,241.672,small_hydroelectric
95,13,418.922,small_hydroelectric
106,13,31.614,small_hydroelectric
125,13,100.697,small_hydroelectric
137,13,36.822,small_hydroelectric
145,13,33.21,small_hydroelectric
12,13,4428.66744,solar_photovoltaic
25,13,1202.9716799999999,solar_photovoltaic
33,13,484.5399,solar_photovoltaic
52,13,2209.5049799999997,solar_photovoltaic
65,13,7793.2167309513,solar_photovoltaic
82,13,5643.04137,solar_photovoltaic
96,13,369.69687,solar_photovoltaic
107,13,7037.7201327045,solar_photovoltaic
126,13,12786.67934802,solar_photovoltaic
138,13,1376.28777,solar_photovoltaic
26,14,11.235,biomass
13,14,15.682,biomass
108,14,137.081,biomass
40,14,5.952,biomass
97,14,178.173,biomass
1,14,16.294,biomass
66,14,228.795,biomass
2,14,837.5924256,conventional_hydroelectric
14,14,150.6704012,conventional_hydroelectric
27,14,898.3011672000001,conventional_hydroelectric
35,14,1519.0500511999999,conventional_hydroelectric
54,14,810.4209597,conventional_hydroelectric
67,14,3035.845788305499,conventional_hydroelectric
84,14,18181.3536324,conventional_hydroelectric
109,14,393.1852321254,conventional_hydroelectric
128,14,67.83942,conventional_hydroelectric
139,14,148.93699199999998,conventional_hydroelectric
110,14,0.0,conventional_steam_coal
41,14,0.0,conventional_steam_coal
3,14,0.0,conventional_steam_coal
36,14,0.0,conventional_steam_coal
85,14,0.0,conventional_steam_coal
28,14,74.364,geothermal
116,14,0.0,natural_gas_fired_combined_cycle
73,14,0.0,natural_gas_fired_combined_cycle
71,14,0.0,natural_gas_fired_combined_cycle
44,14,0.0,natural_gas_fired_combined_cycle
115,14,0.0,natural_gas_fired_combined_cycle
70,14,0.0,natural_gas_fired_combined_cycle
131,14,0.0,natural_gas_fired_combined_cycle
18,14,0.0,natural_gas_fired_combined_cycle
72,14,0.0,natural_gas_fired_combined_cycle
114,14,0.0,natural_gas_fired_combined_cycle
45,14,0.0,natural_gas_fired_combined_cycle
78,14,0.0,natural_gas_fired_combustion_turbine
75,14,0.0,natural_gas_fired_combustion_turbine
119,14,0.0,natural_gas_fired_combustion_turbine
117,14,0.0,natural_gas_fired_combustion_turbine
134,14,0.0,natural_gas_fired_combustion_turbine
103,14,0.0,natural_gas_fired_combustion_turbine
47,14,0.0,natural_gas_fired_combustion_turbine
8,14,0.0,natural_gas_fired_combustion_turbine
90,14,0.0,natural_gas_fired_combustion_turbine
60,14,0.0,natural_gas_fired_combustion_turbine
46,14,0.0,natural_gas_fired_combustion_turbine
37,14,0.0,natural_gas_fired_combustion_turbine
7,14,0.0,natural_gas_fired_combustion_turbine
133,14,0.0,natural_gas_fired_combustion_turbine
74,14,0.0,natural_gas_fired_combustion_turbine
20,14,0.0,natural_gas_fired_combustion_turbine
135,14,0.0,natural_gas_fired_combustion_turbine
142,14,0.0,natural_gas_fired_combustion_turbine
121,14,0.0,natural_gas_fired_combustion_turbine
91,14,0.0,natural_gas_fired_combustion_turbine
22,14,0.0,natural_gas_steam_turbine
123,14,0.0,natural_gas_steam_turbine
62,14,0.0,natural_gas_steam_turbine
49,14,0.0,natural_gas_steam_turbine
48,14,0.0,natural_gas_steam_turbine
21,14,0.0,natural_gas_steam_turbine
79,14,0.0,nuclear
10,14,598.29969,onshore_wind_turbine
23,14,4024.944,onshore_wind_turbine
31,14,1930.72866,onshore_wind_turbine
38,14,1383.2829000000002,onshore_wind_turbine
50,14,2012.0561999999995,onshore_wind_turbine
63,14,48.789359954400005,onshore_wind_turbine
80,14,1048.2729599999998,onshore_wind_turbine
94,14,7698.1608,onshore_wind_turbine
105,14,1242.1580393250001,onshore_wind_turbine
124,14,8198.245920136802,onshore_wind_turbine
136,14,953.6527800000001,onshore_wind_turbine
144,14,5217.576389999998,onshore_wind_turbine
11,14,19.125,small_hydroelectric
24,14,62.577,small_hydroelectric
32,14,192.0,small_hydroelectric
39,14,52.9,small_hydroelectric
51,14,25.641,small_hydroelectric
64,14,6.128,small_hydroelectric
81,14,241.672,small_hydroelectric
95,14,418.922,small_hydroelectric
106,14,31.614,small_hydroelectric
125,14,100.697,small_hydroelectric
137,14,36.822,small_hydroelectric
145,14,33.21,small_hydroelectric
12,14,4413.533939999999,solar_photovoltaic
25,14,1179.1108199999999,solar_photovoltaic
33,14,505.36409999999995,solar_photovoltaic
52,14,2107.6052999999997,solar_photovoltaic
65,14,7868.6581200008995,solar_photovoltaic
82,14,5490.029579999999,solar_photovoltaic
96,14,355.40268000000003,solar_photovoltaic
107,14,7128.184474496999,solar_photovoltaic
126,14,12810.0297629625,solar_photovoltaic
138,14,1351.8265199999998,solar_photovoltaic
26,15,11.235,biomass
13,15,15.682,biomass
108,15,137.081,biomass
40,15,5.952,biomass
97,15,178.173,biomass
1,15,16.294,biomass
66,15,228.795,biomass
2,15,837.5924256,conventional_hydroelectric
14,15,150.6233608,conventional_hydroelectric
27,15,898.3011672000001,conventional_hydroelectric
35,15,1519.799336,conventional_hydroelectric
54,15,810.9406602,conventional_hydroelectric
67,15,3034.75114481409,conventional_hydroelectric
84,15,18178.4483346,conventional_hydroelectric
109,15,393.12448346340005,conventional_hydroelectric
128,15,67.86978,conventional_hydroelectric
139,15,148.9835712,conventional_hydroelectric
110,15,0.0,conventional_steam_coal
41,15,0.0,conventional_steam_coal
3,15,0.0,conventional_steam_coal
36,15,0.0,conventional_steam_coal
85,15,0.0,conventional_steam_coal
28,15,74.364,geothermal
116,15,0.0,natural_gas_fired_combined_cycle
73,15,0.0,natural_gas_fired_combined_cycle
71,15,0.0,natural_gas_fired_combined_cycle
44,15,0.0,natural_gas_fired_combined_cycle
115,15,0.0,natural_gas_fired_combined_cycle
70,15,0.0,natural_gas_fired_combined_cycle
131,15,0.0,natural_gas_fired_combined_cycle
18,15,0.0,natural_gas_fired_combined_cycle
72,15,0.0,natural_gas_fired_combined_cycle
114,15,0.0,natural_gas_fired_combined_cycle
45,15,0.0,natural_gas_fired_combined_cycle
78,15,0.0,natural_gas_fired_combustion_turbine
75,15,0.0,natural_gas_fired_combustion_turbine
119,15,0.0,natural_gas_fired_combustion_turbine
117,15,0.0,natural_gas_fired_combustion_turbine
134,15,0.0,natural_gas_fired_combustion_turbine
103,15,0.0,natural_gas_fired_combustion_turbine
47,15,0.0,natural_gas_fired_combustion_turbine
8,15,0.0,natural_gas_fired_combustion_turbine
90,15,0.0,natural_gas_fired_combustion_turbine
60,15,0.0,natural_gas_fired_combustion_turbine
46,15,0.0,natural_gas_fired_combustion_turbine
37,15,0.0,natural_gas_fired_combustion_turbine
7,15,0.0,natural_gas_fired_combustion_turbine
133,15,0.0,natural_gas_fired_combustion_turbine
74,15,0.0,natural_gas_fired_combustion_turbine
20,15,0.0,natural_gas_fired_combustion_turbine
135,15,0.0,natural_gas_fired_combustion_turbine
142,15,0.0,natural_gas_fired_combustion_turbine
121,15,0.0,natural_gas_fired_combustion_turbine
91,15,0.0,natural_gas_fired_combustion_turbine
22,15,0.0,natural_gas_steam_turbine
123,15,0.0,natural_gas_steam_turbine
62,15,0.0,natural_gas_steam_turbine
49,15,0.0,natural_gas_steam_turbine
48,15,0.0,natural_gas_steam_turbine
21,15,0.0,natural_gas_steam_turbine
79,15,0.0,nuclear
10,15,594.1314300000001,onshore_wind_turbine
23,15,4793.9958,onshore_wind_turbine
31,15,1400.46528,onshore_wind_turbine
38,15,1242.81225,onshore_wind_turbine
50,15,2114.2558799999997,onshore_wind_turbine
63,15,88.78619984880001,onshore_wind_turbine
80,15,2848.1002799999997,onshore_wind_turbine
94,15,7753.3278,onshore_wind_turbine
105,15,1268.461139337,onshore_wind_turbine
124,15,8302.0729790328,onshore_wind_turbine
136,15,1118.6339400000002,onshore_wind_turbine
144,15,5760.74565,onshore_wind_turbine
11,15,19.125,small_hydroelectric
24,15,62.577,small_hydroelectric
32,15,192.0,small_hydroelectric
39,15,52.9,small_hydroelectric
51,15,25.641,small_hydroelectric
64,15,6.128,small_hydroelectric
81,15,241.672,small_hydroelectric
95,15,418.922,small_hydroelectric
106,15,31.614,small_hydroelectric
125,15,100.697,small_hydroelectric
137,15,36.822,small_hydroelectric
145,15,33.21,small_hydroelectric
12,15,4062.43674,solar_photovoltaic
25,15,1133.63106,solar_photovoltaic
33,15,510.1929,solar_photovoltaic
52,15,1841.0073,solar_photovoltaic
65,15,7233.306783036299,solar_photovoltaic
82,15,5144.707889999999,solar_photovoltaic
96,15,330.21468,solar_photovoltaic
107,15,6618.4957468455,solar_photovoltaic
126,15,11238.0500378295,solar_photovoltaic
138,15,1288.81434,solar_photovoltaic
26,16,11.235,biomass
13,16,15.682,biomass
108,16,137.081,biomass
40,16,5.952,biomass
97,16,178.173,biomass
1,16,16.294,biomass
66,16,228.795,biomass
2,16,837.5924256,conventional_hydroelectric
14,16,150.5763204,conventional_hydroelectric
27,16,898.3011672000001,conventional_hydroelectric
35,16,1520.5486208,conventional_hydroelectric
54,16,811.4603607,conventional_hydroelectric
67,16,3033.708961461165,conventional_hydroelectric
84,16,18178.4483346,conventional_hydroelectric
109,16,393.06373619760006,conventional_hydroelectric
128,16,67.88496,conventional_hydroelectric
139,16,149.0301504,conventional_hydroelectric
110,16,0.0,conventional_steam_coal
41,16,0.0,conventional_steam_coal
3,16,0.0,conventional_steam_coal
36,16,0.0,conventional_steam_coal
85,16,0.0,conventional_steam_coal
28,16,74.364,geothermal
116,16,0.0,natural_gas_fired_combined_cycle
73,16,0.0,natural_gas_fired_combined_cycle
71,16,0.0,natural_gas_fired_combined_cycle
44,16,0.0,natural_gas_fired_combined_cycle
115,16,0.0,natural_gas_fired_combined_cycle
70,16,0.0,natural_gas_fired_combined_cycle
131,16,0.0,natural_gas_fired_combined_cycle
18,16,0.0,natural_gas_fired_combined_cycle
72,16,0.0,natural_gas_fired_combined_cycle
114,16,0.0,natural_gas_fired_combined_cycle
45,16,0.0,natural_gas_fired_combined_cycle
78,16,0.0,natural_gas_fired_combustion_turbine
75,16,0.0,natural_gas_fired_combustion_turbine
119,16,0.0,natural_gas_fired_combustion_turbine
117,16,0.0,natural_gas_fired_combustion_turbine
134,16,0.0,natural_gas_fired_combustion_turbine
103,16,0.0,natural_gas_fired_combustion_turbine
47,16,0.0,natural_gas_fired_combustion_turbine
8,16,0.0,natural_gas_fired_combustion_turbine
90,16,0.0,natural_gas_fired_combustion_turbine
60,16,0.0,natural_gas_fired_combustion_turbine
46,16,0.0,natural_gas_fired_combustion_turbine
37,16,0.0,natural_gas_fired_combustion_turbine
7,16,0.0,natural_gas_fired_combustion_turbine
133,16,0.0,natural_gas_fired_combustion_turbine
74,16,0.0,natural_gas_fired_combustion_turbine
20,16,0.0,natural_gas_fired_combustion_turbine
135,16,0.0,natural_gas_fired_combustion_turbine
142,16,0.0,natural_gas_fired_combustion_turbine
121,16,0.0,natural_gas_fired_combustion_turbine
91,16,0.0,natural_gas_fired_combustion_turbine
22,16,0.0,natural_gas_steam_turbine
123,16,0.0,natural_gas_steam_turbine
62,16,0.0,natural_gas_steam_turbine
49,16,0.0,natural_gas_steam_turbine
48,16,0.0,natural_gas_steam_turbine
21,16,0.0,natural_gas_steam_turbine
79,16,1851.49975,nuclear
10,16,590.7350700000001,onshore_wind_turbine
23,16,5361.0018,onshore_wind_turbine
31,16,2427.4053,onshore_wind_turbine
38,16,981.1035,onshore_wind_turbine
50,16,2146.1932799999995,onshore_wind_turbine
63,16,57.1271998944,onshore_wind_turbine
80,16,2591.2096799999995,onshore_wind_turbine
94,16,5661.7104,onshore_wind_turbine
105,16,1235.768699907,onshore_wind_turbine
124,16,8310.2839756596,onshore_wind_turbine
136,16,1720.35261,onshore_wind_turbine
144,16,5194.4036399999995,onshore_wind_turbine
11,16,19.125,small_hydroelectric
24,16,62.577,small_hydroelectric
32,16,192.0,small_hydroelectric
39,16,52.9,small_hydroelectric
51,16,25.641,small_hydroelectric
64,16,6.128,small_hydroelectric
81,16,241.672,small_hydroelectric
95,16,418.922,small_hydroelectric
106,16,31.614,small_hydroelectric
125,16,100.697,small_hydroelectric
137,16,36.822,small_hydroelectric
145,16,33.21,small_hydroelectric
12,16,3803.3512199999996,solar_photovoltaic
25,16,1064.45058,solar_photovoltaic
33,16,379.13624999999996,solar_photovoltaic
52,16,1593.6636,solar_photovoltaic
65,16,6379.277792499599,solar_photovoltaic
82,16,4949.8895999999995,solar_photovoltaic
96,16,306.91578000000004,solar_photovoltaic
107,16,6116.227323486,solar_photovoltaic
126,16,10236.016225824002,solar_photovoltaic
138,16,1232.65131,solar_photovoltaic
26,17,11.235,biomass
13,17,15.682,biomass
108,17,137.081,biomass
40,17,5.952,biomass
97,17,178.173,biomass
1,17,16.294,biomass
66,17,228.795,biomass
2,17,837.5924256,conventional_hydroelectric
14,17,150.52928,conventional_hydroelectric
27,17,898.3011672000001,conventional_hydroelectric
35,17,1521.2979056,conventional_hydroelectric
54,17,811.9800612,conventional_hydroelectric
67,17,3032.666785382247,conventional_hydroelectric
84,17,18175.5430368,conventional_hydroelectric
109,17,393.0029875356,conventional_hydroelectric
128,17,67.90014000000001,conventional_hydroelectric
139,17,149.0767296,conventional_hydroelectric
110,17,0.0,conventional_steam_coal
41,17,0.0,conventional_steam_coal
3,17,0.0,conventional_steam_coal
36,17,0.0,conventional_steam_coal
85,17,0.0,conventional_steam_coal
28,17,74.364,geothermal
116,17,0.0,natural_gas_fired_combined_cycle
73,17,0.0,natural_gas_fired_combined_cycle
71,17,0.0,natural_gas_fired_combined_cycle
44,17,0.0,natural_gas_fired_combined_cycle
115,17,0.0,natural_gas_fired_combined_cycle
70,17,0.0,natural_gas_fired_combined_cycle
131,17,0.0,natural_gas_fired_combined_cycle
18,17,0.0,natural_gas_fired_combined_cycle
72,17,0.0,natural_gas_fired_combined_cycle
114,17,0.0,natural_gas_fired_combined_cycle
45,17,0.0,natural_gas_fired_combined_cycle
78,17,0.0,natural_gas_fired_combustion_turbine
75,17,0.0,natural_gas_fired_combustion_turbine
119,17,0.0,natural_gas_fired_combustion_turbine
117,17,0.0,natural_gas_fired_combustion_turbine
134,17,0.0,natural_gas_fired_combustion_turbine
103,17,0.0,natural_gas_fired_combustion_turbine
47,17,0.0,natural_gas_fired_combustion_turbine
8,17,0.0,natural_gas_fired_combustion_turbine
90,17,0.0,natural_gas_fired_combustion_turbine
60,17,0.0,natural_gas_fired_combustion_turbine
46,17,0.0,natural_gas_fired_combustion_turbine
37,17,0.0,natural_gas_fired_combustion_turbine
7,17,0.0,natural_gas_fired_combustion_turbine
133,17,0.0,natural_gas_fired_combustion_turbine
74,17,0.0,natural_gas_fired_combustion_turbine
20,17,0.0,natural_gas_fired_combustion_turbine
135,17,0.0,natural_gas_fired_combustion_turbine
142,17,0.0,natural_gas_fired_combustion_turbine
121,17,0.0,natural_gas_fired_combustion_turbine
91,17,0.0,natural_gas_fired_combustion_turbine
22,17,0.0,natural_gas_steam_turbine
123,17,0.0,natural_gas_steam_turbine
62,17,0.0,natural_gas_steam_turbine
49,17,0.0,natural_gas_steam_turbine
48,17,0.0,natural_gas_steam_turbine
21,17,0.0,natural_gas_steam_turbine
79,17,3702.9995,nuclear
10,17,574.9883100000001,onshore_wind_turbine
23,17,5745.1284000000005,onshore_wind_turbine
31,17,1757.7060599999998,onshore_wind_turbine
38,17,595.4787,onshore_wind_turbine
50,17,2174.3562599999996,onshore_wind_turbine
63,17,60.48275986320001,onshore_wind_turbine
80,17,3425.2079999999996,onshore_wind_turbine
94,17,6092.013,onshore_wind_turbine
105,17,1307.743620624,onshore_wind_turbine
124,17,6680.7884720478005,onshore_wind_turbine
136,17,1691.05689,onshore_wind_turbine
144,17,5577.21747,onshore_wind_turbine
11,17,19.125,small_hydroelectric
24,17,62.577,small_hydroelectric
32,17,192.0,small_hydroelectric
39,17,52.9,small_hydroelectric
51,17,25.641,small_hydroelectric
64,17,6.128,small_hydroelectric
81,17,241.672,small_hydroelectric
95,17,418.922,small_hydroelectric
106,17,31.614,small_hydroelectric
125,17,100.697,small_hydroelectric
137,17,36.822,small_hydroelectric
145,17,33.21,small_hydroelectric
12,17,3138.6878999999994,solar_photovoltaic
25,17,888.93714,solar_photovoltaic
33,17,291.46335,solar_photovoltaic
52,17,1177.4745,solar_photovoltaic
65,17,5284.462744691699,solar_photovoltaic
82,17,4754.23518,solar_photovoltaic
96,17,267.55953,solar_photovoltaic
107,17,5164.230751263,solar_photovoltaic
126,17,8636.828789842499,solar_photovoltaic
138,17,1138.9157999999998,solar_photovoltaic
26,18,11.235,biomass
13,18,15.682,biomass
108,18,137.081,biomass
40,18,5.952,biomass
97,18,178.173,biomass
1,18,16.294,biomass
66,18,228.795,biomass
2,18,837.8686764,conventional_hydroelectric
14,18,150.4822396,conventional_hydroelectric
27,18,898.3011672000001,conventional_hydroelectric
35,18,1522.0471904,conventional_hydroelectric
54,18,812.4997617,conventional_hydroelectric
67,18,3032.299542590838,conventional_hydroelectric
84,18,18175.5430368,conventional_hydroelectric
109,18,393.0029875356,conventional_hydroelectric
128,18,67.93050000000001,conventional_hydroelectric
139,18,149.1233088,conventional_hydroelectric
110,18,21.500000000000004,conventional_steam_coal
41,18,0.0,conventional_steam_coal
3,18,0.0,conventional_steam_coal
36,18,0.0,conventional_steam_coal
85,18,0.0,conventional_steam_coal
28,18,74.364,geothermal
116,18,0.0,natural_gas_fired_combined_cycle
73,18,0.0,natural_gas_fired_combined_cycle
71,18,0.0,natural_gas_fired_combined_cycle
44,18,0.0,natural_gas_fired_combined_cycle
115,18,0.0,natural_gas_fired_combined_cycle
70,18,0.0,natural_gas_fired_combined_cycle
131,18,0.0,natural_gas_fired_combined_cycle
18,18,0.0,natural_gas_fired_combined_cycle
72,18,0.0,natural_gas_fired_combined_cycle
114,18,0.0,natural_gas_fired_combined_cycle
45,18,0.0,natural_gas_fired_combined_cycle
78,18,0.0,natural_gas_fired_combustion_turbine
75,18,0.0,natural_gas_fired_combustion_turbine
119,18,0.0,natural_gas_fired_combustion_turbine
117,18,0.0,natural_gas_fired_combustion_turbine
134,18,0.0,natural_gas_fired_combustion_turbine
103,18,0.0,natural_gas_fired_combustion_turbine
47,18,0.0,natural_gas_fired_combustion_turbine
8,18,0.0,natural_gas_fired_combustion_turbine
90,18,0.0,natural_gas_fired_combustion_turbine
60,18,0.0,natural_gas_fired_combustion_turbine
46,18,0.0,natural_gas_fired_combustion_turbine
37,18,0.0,natural_gas_fired_combustion_turbine
7,18,0.0,natural_gas_fired_combustion_turbine
133,18,0.0,natural_gas_fired_combustion_turbine
74,18,0.0,natural_gas_fired_combustion_turbine
20,18,0.0,natural_gas_fired_combustion_turbine
135,18,0.0,natural_gas_fired_combustion_turbine
142,18,0.0,natural_gas_fired_combustion_turbine
121,18,0.0,natural_gas_fired_combustion_turbine
91,18,0.0,natural_gas_fired_combustion_turbine
22,18,0.0,natural_gas_steam_turbine
123,18,0.0,natural_gas_steam_turbine
62,18,0.0,natural_gas_steam_turbine
49,18,0.0,natural_gas_steam_turbine
48,18,0.0,natural_gas_steam_turbine
21,18,0.0,natural_gas_steam_turbine
79,18,5554.49925,nuclear
10,18,581.0091300000001,onshore_wind_turbine
23,18,5674.8516,onshore_wind_turbine
31,18,2659.4591399999995,onshore_wind_turbine
38,18,628.3444499999999,onshore_wind_turbine
50,18,2172.6142199999995,onshore_wind_turbine
63,18,119.47896009600001,onshore_wind_turbine
80,18,3075.1198799999997,onshore_wind_turbine
94,18,6765.0504,onshore_wind_turbine
105,18,1276.63632054,onshore_wind_turbine
124,18,5055.971789523601,onshore_wind_turbine
136,18,1374.20055,onshore_wind_turbine
144,18,5923.881809999999,onshore_wind_turbine
11,18,19.125,small_hydroelectric
24,18,62.577,small_hydroelectric
32,18,192.0,small_hydroelectric
39,18,52.9,small_hydroelectric
51,18,25.641,small_hydroelectric
64,18,6.128,small_hydroelectric
81,18,241.672,small_hydroelectric
95,18,418.922,small_hydroelectric
106,18,31.614,small_hydroelectric
125,18,100.697,small_hydroelectric
137,18,36.822,small_hydroelectric
145,18,33.21,small_hydroelectric
12,18,2059.9720199999997,solar_photovoltaic
25,18,582.1089,solar_photovoltaic
33,18,285.05010000000004,solar_photovoltaic
52,18,715.9637399999999,solar_photovoltaic
65,18,3848.4348031430995,solar_photovoltaic
82,18,3847.0341299999995,solar_photovoltaic
96,18,222.9138,solar_photovoltaic
107,18,3582.498507324,solar_photovoltaic
126,18,6655.125366460499,solar_photovoltaic
138,18,852.2299499999999,solar_photovoltaic
26,19,11.235,biomass
13,19,15.682,biomass
108,19,137.081,biomass
40,19,5.952,biomass
97,19,178.173,biomass
1,19,16.294,biomass
66,19,228.795,biomass
2,19,837.8686764,conventional_hydroelectric
14,19,150.4822396,conventional_hydroelectric
27,19,898.4422764000001,conventional_hydroelectric
35,19,1522.7964752,conventional_hydroelectric
54,19,813.0194622,conventional_hydroelectric
67,19,3031.2573592379126,conventional_hydroelectric
84,19,18175.5430368,conventional_hydroelectric
109,19,392.94224026980004,conventional_hydroelectric
128,19,67.94568000000001,conventional_hydroelectric
139,19,149.1465984,conventional_hydroelectric
110,19,50.0,conventional_steam_coal
41,19,5688.0101548356,conventional_steam_coal
3,19,0.0,conventional_steam_coal
36,19,0.0,conventional_steam_coal
85,19,0.0,conventional_steam_coal
28,19,74.364,geothermal
116,19,0.0,natural_gas_fired_combined_cycle
73,19,0.0,natural_gas_fired_combined_cycle
71,19,0.0,natural_gas_fired_combined_cycle
44,19,0.0,natural_gas_fired_combined_cycle
115,19,0.0,natural_gas_fired_combined_cycle
70,19,0.0,natural_gas_fired_combined_cycle
131,19,0.0,natural_gas_fired_combined_cycle
18,19,0.0,natural_gas_fired_combined_cycle
72,19,0.0,natural_gas_fired_combined_cycle
114,19,0.0,natural_gas_fired_combined_cycle
45,19,0.0,natural_gas_fired_combined_cycle
78,19,0.0,natural_gas_fired_combustion_turbine
75,19,0.0,natural_gas_fired_combustion_turbine
119,19,0.0,natural_gas_fired_combustion_turbine
117,19,0.0,natural_gas_fired_combustion_turbine
134,19,0.0,natural_gas_fired_combustion_turbine
103,19,0.0,natural_gas_fired_combustion_turbine
47,19,0.0,natural_gas_fired_combustion_turbine
8,19,0.0,natural_gas_fired_combustion_turbine
90,19,0.0,natural_gas_fired_combustion_turbine
60,19,0.0,natural_gas_fired_combustion_turbine
46,19,0.0,natural_gas_fired_combustion_turbine
37,19,0.0,natural_gas_fired_combustion_turbine
7,19,0.0,natural_gas_fired_combustion_turbine
133,19,0.0,natural_gas_fired_combustion_turbine
74,19,0.0,natural_gas_fired_combustion_turbine
20,19,0.0,natural_gas_fired_combustion_turbine
135,19,0.0,natural_gas_fired_combustion_turbine
142,19,0.0,natural_gas_fired_combustion_turbine
121,19,0.0,natural_gas_fired_combustion_turbine
91,19,0.0,natural_gas_fired_combustion_turbine
22,19,0.0,natural_gas_steam_turbine
123,19,0.0,natural_gas_steam_turbine
62,19,0.0,natural_gas_steam_turbine
49,19,0.0,natural_gas_steam_turbine
48,19,0.0,natural_gas_steam_turbine
21,19,0.0,natural_gas_steam_turbine
79,19,7405.999,nuclear
10,19,541.8738000000001,onshore_wind_turbine
23,19,5666.067,onshore_wind_turbine
31,19,2229.9559799999997,onshore_wind_turbine
38,19,939.2301,onshore_wind_turbine
50,19,2049.8003999999996,onshore_wind_turbine
63,19,115.02395994480001,onshore_wind_turbine
80,19,2457.3876,onshore_wind_turbine
94,19,6393.0672,onshore_wind_turbine
105,19,1295.040540465,onshore_wind_turbine
124,19,7701.570656010001,onshore_wind_turbine
136,19,1228.87836,onshore_wind_turbine
144,19,5933.150909999999,onshore_wind_turbine
11,19,19.125,small_hydroelectric
24,19,62.577,small_hydroelectric
32,19,192.0,small_hydroelectric
39,19,52.9,small_hydroelectric
51,19,25.641,small_hydroelectric
64,19,6.128,small_hydroelectric
81,19,241.672,small_hydroelectric
95,19,418.922,small_hydroelectric
106,19,31.614,small_hydroelectric
125,19,100.697,small_hydroelectric
137,19,36.822,small_hydroelectric
145,19,33.21,small_hydroelectric
12,19,934.64496,solar_photovoltaic
25,19,92.88119999999999,solar_photovoltaic
33,19,187.34234999999998,solar_photovoltaic
52,19,39.69348,solar_photovoltaic
65,19,2165.2260315639,solar_photovoltaic
82,19,2429.79378,solar_photovoltaic
96,19,159.62895,solar_photovoltaic
107,19,1866.0334186875,solar_photovoltaic
126,19,3708.1368639855,solar_photovoltaic
138,19,420.34211999999997,solar_photovoltaic
26,20,11.235,biomass
13,20,15.682,biomass
108,20,137.081,biomass
40,20,5.952,biomass
97,20,178.173,biomass
1,20,16.294,biomass
66,20,228.795,biomass
2,20,837.8686764,conventional_hydroelectric
14,20,150.4351992,conventional_hydroelectric
27,20,898.4422764000001,conventional_hydroelectric
35,20,1523.54576,conventional_hydroelectric
54,20,813.5391627,conventional_hydroelectric
67,20,3030.215183158995,conventional_hydroelectric
84,20,18172.637738999998,conventional_hydroelectric
109,20,392.8814916078,conventional_hydroelectric
128,20,67.97604,conventional_hydroelectric
139,20,149.19317759999998,conventional_hydroelectric
110,20,50.0,conventional_steam_coal
41,20,7219.002,conventional_steam_coal
3,20,0.0,conventional_steam_coal
36,20,0.0,conventional_steam_coal
85,20,0.0,conventional_steam_coal
28,20,74.364,geothermal
116,20,0.0,natural_gas_fired_combined_cycle
73,20,0.0,natural_gas_fired_combined_cycle
71,20,0.0,natural_gas_fired_combined_cycle
44,20,0.0,natural_gas_fired_combined_cycle
115,20,0.0,natural_gas_fired_combined_cycle
70,20,0.0,natural_gas_fired_combined_cycle
131,20,0.0,natural_gas_fired_combined_cycle
18,20,0.0,natural_gas_fired_combined_cycle
72,20,0.0,natural_gas_fired_combined_cycle
114,20,0.0,natural_gas_fired_combined_cycle
45,20,0.0,natural_gas_fired_combined_cycle
78,20,0.0,natural_gas_fired_combustion_turbine
75,20,0.0,natural_gas_fired_combustion_turbine
119,20,0.0,natural_gas_fired_combustion_turbine
117,20,0.0,natural_gas_fired_combustion_turbine
134,20,0.0,natural_gas_fired_combustion_turbine
103,20,0.0,natural_gas_fired_combustion_turbine
47,20,0.0,natural_gas_fired_combustion_turbine
8,20,0.0,natural_gas_fired_combustion_turbine
90,20,0.0,natural_gas_fired_combustion_turbine
60,20,0.0,natural_gas_fired_combustion_turbine
46,20,0.0,natural_gas_fired_combustion_turbine
37,20,0.0,natural_gas_fired_combustion_turbine
7,20,0.0,natural_gas_fired_combustion_turbine
133,20,0.0,natural_gas_fired_combustion_turbine
74,20,0.0,natural_gas_fired_combustion_turbine
20,20,0.0,natural_gas_fired_combustion_turbine
135,20,0.0,natural_gas_fired_combustion_turbine
142,20,0.0,natural_gas_fired_combustion_turbine
121,20,0.0,natural_gas_fired_combustion_turbine
91,20,0.0,natural_gas_fired_combustion_turbine
22,20,0.0,natural_gas_steam_turbine
123,20,0.0,natural_gas_steam_turbine
62,20,0.0,natural_gas_steam_turbine
49,20,0.0,natural_gas_steam_turbine
48,20,0.0,natural_gas_steam_turbine
21,20,0.0,natural_gas_steam_turbine
79,20,7405.999,nuclear
10,20,421.92054,onshore_wind_turbine
23,20,5538.291,onshore_wind_turbine
31,20,1539.9011399999997,onshore_wind_turbine
38,20,872.5248,onshore_wind_turbine
50,20,1610.8063199999997,onshore_wind_turbine
63,20,88.7138400072,onshore_wind_turbine
80,20,1149.43608,onshore_wind_turbine
94,20,6407.253,onshore_wind_turbine
105,20,1319.099100354,onshore_wind_turbine
124,20,9919.616694933,onshore_wind_turbine
136,20,1310.21253,onshore_wind_turbine
144,20,5795.041319999998,onshore_wind_turbine
11,20,19.125,small_hydroelectric
24,20,62.577,small_hydroelectric
32,20,192.0,small_hydroelectric
39,20,52.9,small_hydroelectric
51,20,25.641,small_hydroelectric
64,20,6.128,small_hydroelectric
81,20,241.672,small_hydroelectric
95,20,418.922,small_hydroelectric
106,20,31.614,small_hydroelectric
125,20,100.697,small_hydroelectric
137,20,36.822,small_hydroelectric
145,20,33.21,small_hydroelectric
12,20,0.0,solar_photovoltaic
25,20,0.0,solar_photovoltaic
33,20,0.0,solar_photovoltaic
52,20,0.0,solar_photovoltaic
65,20,32.741636811,solar_photovoltaic
82,20,51.00393,solar_photovoltaic
96,20,74.80836000000001,solar_photovoltaic
107,20,0.0,solar_photovoltaic
126,20,0.0,solar_photovoltaic
138,20,0.0,solar_photovoltaic
26,21,11.235,biomass
13,21,15.682,biomass
108,21,137.081,biomass
40,21,5.952,biomass
97,21,178.173,biomass
1,21,16.294,biomass
66,21,228.795,biomass
2,21,837.8686764,conventional_hydroelectric
14,21,150.38815879999999,conventional_hydroelectric
27,21,898.4422764000001,conventional_hydroelectric
35,21,1524.2950448,conventional_hydroelectric
54,21,814.1628033000001,conventional_hydroelectric
67,21,3029.8479403675856,conventional_hydroelectric
84,21,18172.637738999998,conventional_hydroelectric
109,21,392.820744342,conventional_hydroelectric
128,21,67.99122000000001,conventional_hydroelectric
139,21,149.2397568,conventional_hydroelectric
110,21,50.0,conventional_steam_coal
41,21,7219.002,conventional_steam_coal
3,21,0.0,conventional_steam_coal
36,21,0.0,conventional_steam_coal
85,21,0.0,conventional_steam_coal
28,21,74.364,geothermal
116,21,0.0,natural_gas_fired_combined_cycle
73,21,0.0,natural_gas_fired_combined_cycle
71,21,0.0,natural_gas_fired_combined_cycle
44,21,0.0,natural_gas_fired_combined_cycle
115,21,0.0,natural_gas_fired_combined_cycle
70,21,0.0,natural_gas_fired_combined_cycle
131,21,0.0,natural_gas_fired_combined_cycle
18,21,0.0,natural_gas_fired_combined_cycle
72,21,0.0,natural_gas_fired_combined_cycle
114,21,0.0,natural_gas_fired_combined_cycle
45,21,0.0,natural_gas_fired_combined_cycle
78,21,0.0,natural_gas_fired_combustion_turbine
75,21,0.0,natural_gas_fired_combustion_turbine
119,21,0.0,natural_gas_fired_combustion_turbine
117,21,0.0,natural_gas_fired_combustion_turbine
134,21,0.0,natural_gas_fired_combustion_turbine
103,21,0.0,natural_gas_fired_combustion_turbine
47,21,0.0,natural_gas_fired_combustion_turbine
8,21,0.0,natural_gas_fired_combustion_turbine
90,21,0.0,natural_gas_fired_combustion_turbine
60,21,0.0,natural_gas_fired_combustion_turbine
46,21,0.0,natural_gas_fired_combustion_turbine
37,21,0.0,natural_gas_fired_combustion_turbine
7,21,0.0,natural_gas_fired_combustion_turbine
133,21,0.0,natural_gas_fired_combustion_turbine
74,21,0.0,natural_gas_fired_combustion_turbine
20,21,0.0,natural_gas_fired_combustion_turbine
135,21,0.0,natural_gas_fired_combustion_turbine
142,21,0.0,natural_gas_fired_combustion_turbine
121,21,0.0,natural_gas_fired_combustion_turbine
91,21,0.0,natural_gas_fired_combustion_turbine
22,21,0.0,natural_gas_steam_turbine
123,21,0.0,natural_gas_steam_turbine
62,21,0.0,natural_gas_steam_turbine
49,21,0.0,natural_gas_steam_turbine
48,21,0.0,natural_gas_steam_turbine
21,21,0.0,natural_gas_steam_turbine
79,21,7405.999,nuclear
10,21,344.5761600000001,onshore_wind_turbine
23,21,4501.7082,onshore_wind_turbine
31,21,1197.41817,onshore_wind_turbine
38,21,840.8763,onshore_wind_turbine
50,21,1838.4328799999996,onshore_wind_turbine
63,21,62.038319983200005,onshore_wind_turbine
80,21,917.6371199999999,onshore_wind_turbine
94,21,4364.4978,onshore_wind_turbine
105,21,1327.1854795919999,onshore_wind_turbine
124,21,9434.8025360754,onshore_wind_turbine
136,21,1182.6219600000002,onshore_wind_turbine
144,21,5279.679359999999,onshore_wind_turbine
11,21,19.125,small_hydroelectric
24,21,62.577,small_hydroelectric
32,21,192.0,small_hydroelectric
39,21,52.9,small_hydroelectric
51,21,25.641,small_hydroelectric
64,21,6.128,small_hydroelectric
81,21,241.672,small_hydroelectric
95,21,418.922,small_hydroelectric
106,21,31.614,small_hydroelectric
125,21,100.697,small_hydroelectric
137,21,36.822,small_hydroelectric
145,21,33.21,small_hydroelectric
12,21,0.0,solar_photovoltaic
25,21,0.0,solar_photovoltaic
33,21,0.0,solar_photovoltaic
52,21,0.0,solar_photovoltaic
65,21,0.0,solar_photovoltaic
82,21,0.0,solar_photovoltaic
96,21,0.0,solar_photovoltaic
107,21,0.0,solar_photovoltaic
126,21,0.0,solar_photovoltaic
138,21,0.0,solar_photovoltaic
26,22,11.235,biomass
13,22,15.682,biomass
108,22,137.081,biomass
40,22,5.952,biomass
97,22,178.173,biomass
1,22,16.294,biomass
66,22,228.795,biomass
2,22,837.8686764,conventional_hydroelectric
14,22,150.3411184,conventional_hydroelectric
27,22,898.4422764000001,conventional_hydroelectric
35,22,1525.0443296,conventional_hydroelectric
54,22,814.6825038000001,conventional_hydroelectric
67,22,3028.753296876177,conventional_hydroelectric
84,22,18172.637738999998,conventional_hydroelectric
109,22,392.681124342,conventional_hydroelectric
128,22,68.00640000000001,conventional_hydroelectric
139,22,149.286336,conventional_hydroelectric
110,22,50.0,conventional_steam_coal
41,22,7219.002,conventional_steam_coal
3,22,0.0,conventional_steam_coal
36,22,0.0,conventional_steam_coal
85,22,0.0,conventional_steam_coal
28,22,74.364,geothermal
116,22,0.0,natural_gas_fired_combined_cycle
73,22,0.0,natural_gas_fired_combined_cycle
71,22,0.0,natural_gas_fired_combined_cycle
44,22,0.0,natural_gas_fired_combined_cycle
115,22,0.0,natural_gas_fired_combined_cycle
70,22,0.0,natural_gas_fired_combined_cycle
131,22,0.0,natural_gas_fired_combined_cycle
18,22,0.0,natural_gas_fired_combined_cycle
72,22,0.0,natural_gas_fired_combined_cycle
114,22,0.0,natural_gas_fired_combined_cycle
45,22,0.0,natural_gas_fired_combined_cycle
78,22,0.0,natural_gas_fired_combustion_turbine
75,22,0.0,natural_gas_fired_combustion_turbine
119,22,0.0,natural_gas_fired_combustion_turbine
117,22,0.0,natural_gas_fired_combustion_turbine
134,22,0.0,natural_gas_fired_combustion_turbine
103,22,0.0,natural_gas_fired_combustion_turbine
47,22,0.0,natural_gas_fired_combustion_turbine
8,22,0.0,natural_gas_fired_combustion_turbine
90,22,0.0,natural_gas_fired_combustion_turbine
60,22,0.0,natural_gas_fired_combustion_turbine
46,22,0.0,natural_gas_fired_combustion_turbine
37,22,0.0,natural_gas_fired_combustion_turbine
7,22,0.0,natural_gas_fired_combustion_turbine
133,22,0.0,natural_gas_fired_combustion_turbine
74,22,0.0,natural_gas_fired_combustion_turbine
20,22,0.0,natural_gas_fired_combustion_turbine
135,22,0.0,natural_gas_fired_combustion_turbine
142,22,0.0,natural_gas_fired_combustion_turbine
121,22,0.0,natural_gas_fired_combustion_turbine
91,22,0.0,natural_gas_fired_combustion_turbine
22,22,0.0,natural_gas_steam_turbine
123,22,0.0,natural_gas_steam_turbine
62,22,0.0,natural_gas_steam_turbine
49,22,0.0,natural_gas_steam_turbine
48,22,0.0,natural_gas_steam_turbine
21,22,0.0,natural_gas_steam_turbine
79,22,7405.999,nuclear
10,22,338.78691000000003,onshore_wind_turbine
23,22,2872.5642000000003,onshore_wind_turbine
31,22,1367.8963199999998,onshore_wind_turbine
38,22,666.80955,onshore_wind_turbine
50,22,1760.9120999999998,onshore_wind_turbine
63,22,50.2227600912,onshore_wind_turbine
80,22,753.94404,onshore_wind_turbine
94,22,4214.7588000000005,onshore_wind_turbine
105,22,1328.860500408,onshore_wind_turbine
124,22,10902.338036601,onshore_wind_turbine
136,22,1177.99632,onshore_wind_turbine
144,22,4041.327599999999,onshore_wind_turbine
11,22,19.125,small_hydroelectric
24,22,62.577,small_hydroelectric
32,22,192.0,small_hydroelectric
39,22,52.9,small_hydroelectric
51,22,25.641,small_hydroelectric
64,22,6.128,small_hydroelectric
81,22,241.672,small_hydroelectric
95,22,418.922,small_hydroelectric
106,22,31.614,small_hydroelectric
125,22,100.697,small_hydroelectric
137,22,36.822,small_hydroelectric
145,22,33.21,small_hydroelectric
12,22,0.0,solar_photovoltaic
25,22,0.0,solar_photovoltaic
33,22,0.0,solar_photovoltaic
52,22,0.0,solar_photovoltaic
65,22,0.0,solar_photovoltaic
82,22,0.0,solar_photovoltaic
96,22,0.0,solar_photovoltaic
107,22,0.0,solar_photovoltaic
126,22,0.0,solar_photovoltaic
138,22,0.0,solar_photovoltaic
26,23,11.235,biomass
13,23,15.682,biomass
108,23,137.081,biomass
40,23,5.952,biomass
97,23,178.173,biomass
1,23,16.294,biomass
66,23,228.795,biomass
2,23,837.8686764,conventional_hydroelectric
14,23,150.294078,conventional_hydroelectric
27,23,898.4422764000001,conventional_hydroelectric
35,23,1525.7936144,conventional_hydroelectric
54,23,815.2022043000001,conventional_hydroelectric
67,23,3027.7111135232517,conventional_hydroelectric
84,23,18169.732441199998,conventional_hydroelectric
109,23,392.62037568000005,conventional_hydroelectric
128,23,68.03676,conventional_hydroelectric
139,23,149.3329152,conventional_hydroelectric
110,23,50.0,conventional_steam_coal
41,23,7219.002,conventional_steam_coal
3,23,0.0,conventional_steam_coal
36,23,0.0,conventional_steam_coal
85,23,0.0,conventional_steam_coal
28,23,74.364,geothermal
116,23,0.0,natural_gas_fired_combined_cycle
73,23,0.0,natural_gas_fired_combined_cycle
71,23,0.0,natural_gas_fired_combined_cycle
44,23,0.0,natural_gas_fired_combined_cycle
115,23,0.0,natural_gas_fired_combined_cycle
70,23,0.0,natural_gas_fired_combined_cycle
131,23,0.0,natural_gas_fired_combined_cycle
18,23,0.0,natural_gas_fired_combined_cycle
72,23,0.0,natural_gas_fired_combined_cycle
114,23,0.0,natural_gas_fired_combined_cycle
45,23,0.0,natural_gas_fired_combined_cycle
78,23,0.0,natural_gas_fired_combustion_turbine
75,23,0.0,natural_gas_fired_combustion_turbine
119,23,0.0,natural_gas_fired_combustion_turbine
117,23,0.0,natural_gas_fired_combustion_turbine
134,23,0.0,natural_gas_fired_combustion_turbine
103,23,0.0,natural_gas_fired_combustion_turbine
47,23,0.0,natural_gas_fired_combustion_turbine
8,23,0.0,natural_gas_fired_combustion_turbine
90,23,0.0,natural_gas_fired_combustion_turbine
60,23,0.0,natural_gas_fired_combustion_turbine
46,23,0.0,natural_gas_fired_combustion_turbine
37,23,0.0,natural_gas_fired_combustion_turbine
7,23,0.0,natural_gas_fired_combustion_turbine
133,23,0.0,natural_gas_fired_combustion_turbine
74,23,0.0,natural_gas_fired_combustion_turbine
20,23,0.0,natural_gas_fired_combustion_turbine
135,23,0.0,natural_gas_fired_combustion_turbine
142,23,0.0,natural_gas_fired_combustion_turbine
121,23,0.0,natural_gas_fired_combustion_turbine
91,23,0.0,natural_gas_fired_combustion_turbine
22,23,0.0,natural_gas_steam_turbine
123,23,0.0,natural_gas_steam_turbine
62,23,0.0,natural_gas_steam_turbine
49,23,0.0,natural_gas_steam_turbine
48,23,0.0,natural_gas_steam_turbine
21,23,0.0,natural_gas_steam_turbine
79,23,7405.999,nuclear
10,23,386.18157,onshore_wind_turbine
23,23,2018.0621999999998,onshore_wind_turbine
31,23,1853.88627,onshore_wind_turbine
38,23,524.3913,onshore_wind_turbine
50,23,1952.5364999999997,onshore_wind_turbine
63,23,56.07755985360001,onshore_wind_turbine
80,23,768.6804,onshore_wind_turbine
94,23,3172.8906,onshore_wind_turbine
105,23,1318.647719466,onshore_wind_turbine
124,23,10895.269500964201,onshore_wind_turbine
136,23,1026.12114,onshore_wind_turbine
144,23,3274.7730299999994,onshore_wind_turbine
11,23,19.125,small_hydroelectric
24,23,62.577,small_hydroelectric
32,23,192.0,small_hydroelectric
39,23,52.9,small_hydroelectric
51,23,25.641,small_hydroelectric
64,23,6.128,small_hydroelectric
81,23,241.672,small_hydroelectric
95,23,418.922,small_hydroelectric
106,23,31.614,small_hydroelectric
125,23,100.697,small_hydroelectric
137,23,36.822,small_hydroelectric
145,23,33.21,small_hydroelectric
12,23,0.0,solar_photovoltaic
25,23,0.0,solar_photovoltaic
33,23,0.0,solar_photovoltaic
52,23,0.0,solar_photovoltaic
65,23,0.0,solar_photovoltaic
82,23,0.0,solar_photovoltaic
96,23,0.0,solar_photovoltaic
107,23,0.0,solar_photovoltaic
126,23,0.0,solar_photovoltaic
138,23,0.0,solar_photovoltaic
26,24,11.235,biomass
13,24,15.682,biomass
108,24,137.081,biomass
40,24,5.952,biomass
97,24,178.173,biomass
1,24,16.294,biomass
66,24,228.795,biomass
2,24,837.8686764,conventional_hydroelectric
14,24,150.294078,conventional_hydroelectric
27,24,898.5833856000002,conventional_hydroelectric
35,24,1526.5428992,conventional_hydroelectric
54,24,815.7219048000001,conventional_hydroelectric
67,24,3026.6689374443336,conventional_hydroelectric
84,24,18169.732441199998,conventional_hydroelectric
109,24,392.62037568000005,conventional_hydroelectric
128,24,68.05194,conventional_hydroelectric
139,24,149.37949439999997,conventional_hydroelectric
110,24,50.0,conventional_steam_coal
41,24,7219.002,conventional_steam_coal
3,24,0.0,conventional_steam_coal
36,24,0.0,conventional_steam_coal
85,24,0.0,conventional_steam_coal
28,24,74.364,geothermal
116,24,0.0,natural_gas_fired_combined_cycle
73,24,0.0,natural_gas_fired_combined_cycle
71,24,0.0,natural_gas_fired_combined_cycle
44,24,0.0,natural_gas_fired_combined_cycle
115,24,0.0,natural_gas_fired_combined_cycle
70,24,0.0,natural_gas_fired_combined_cycle
131,24,0.0,natural_gas_fired_combined_cycle
18,24,0.0,natural_gas_fired_combined_cycle
72,24,0.0,natural_gas_fired_combined_cycle
114,24,0.0,natural_gas_fired_combined_cycle
45,24,0.0,natural_gas_fired_combined_cycle
78,24,0.0,natural_gas_fired_combustion_turbine
75,24,0.0,natural_gas_fired_combustion_turbine
119,24,0.0,natural_gas_fired_combustion_turbine
117,24,0.0,natural_gas_fired_combustion_turbine
134,24,0.0,natural_gas_fired_combustion_turbine
103,24,0.0,natural_gas_fired_combustion_turbine
47,24,0.0,natural_gas_fired_combustion_turbine
8,24,0.0,natural_gas_fired_combustion_turbine
90,24,0.0,natural_gas_fired_combustion_turbine
60,24,0.0,natural_gas_fired_combustion_turbine
46,24,0.0,natural_gas_fired_combustion_turbine
37,24,0.0,natural_gas_fired_combustion_turbine
7,24,0.0,natural_gas_fired_combustion_turbine
133,24,0.0,natural_gas_fired_combustion_turbine
74,24,0.0,natural_gas_fired_combustion_turbine
20,24,0.0,natural_gas_fired_combustion_turbine
135,24,0.0,natural_gas_fired_combustion_turbine
142,24,0.0,natural_gas_fired_combustion_turbine
121,24,0.0,natural_gas_fired_combustion_turbine
91,24,0.0,natural_gas_fired_combustion_turbine
22,24,0.0,natural_gas_steam_turbine
123,24,0.0,natural_gas_steam_turbine
62,24,0.0,natural_gas_steam_turbine
49,24,0.0,natural_gas_steam_turbine
48,24,0.0,natural_gas_steam_turbine
21,24,0.0,natural_gas_steam_turbine
79,24,7405.999,nuclear
10,24,325.66461000000004,onshore_wind_turbine
23,24,2071.5684,onshore_wind_turbine
31,24,1422.34755,onshore_wind_turbine
38,24,591.5835,onshore_wind_turbine
50,24,2135.4507,onshore_wind_turbine
63,24,58.1520000792,onshore_wind_turbine
80,24,1217.94024,onshore_wind_turbine
94,24,1874.1018000000001,onshore_wind_turbine
105,24,1326.334680405,onshore_wind_turbine
124,24,10873.346994998401,onshore_wind_turbine
136,24,674.95797,onshore_wind_turbine
144,24,3534.3078299999993,onshore_wind_turbine
11,24,19.125,small_hydroelectric
24,24,62.577,small_hydroelectric
32,24,192.0,small_hydroelectric
39,24,52.9,small_hydroelectric
51,24,25.641,small_hydroelectric
64,24,6.128,small_hydroelectric
81,24,241.672,small_hydroelectric
95,24,418.922,small_hydroelectric
106,24,31.614,small_hydroelectric
125,24,100.697,small_hydroelectric
137,24,36.822,small_hydroelectric
145,24,33.21,small_hydroelectric
12,24,0.0,solar_photovoltaic
25,24,0.0,solar_photovoltaic
33,24,0.0,solar_photovoltaic
52,24,0.0,solar_photovoltaic
65,24,0.0,solar_photovoltaic
82,24,0.0,solar_photovoltaic
96,24,0.0,solar_photovoltaic
107,24,0.0,solar_photovoltaic
126,24,0.0,solar_photovoltaic
138,24,0.0,solar_photovoltaic
26,25,11.235,biomass
13,25,15.682,biomass
108,25,137.081,biomass
40,25,5.952,biomass
97,25,178.173,biomass
1,25,16.294,biomass
66,25,228.795,biomass
2,25,838.1449272,conventional_hydroelectric
14,25,150.2470376,conventional_hydroelectric
27,25,898.5833856000002,conventional_hydroelectric
35,25,1527.2921840000001,conventional_hydroelectric
54,25,816.2416053000001,conventional_hydroelectric
67,25,3026.3016946529247,conventional_hydroelectric
84,25,18169.732441199998,conventional_hydroelectric
109,25,392.55962841420006,conventional_hydroelectric
128,25,68.0823,conventional_hydroelectric
139,25,149.42607359999997,conventional_hydroelectric
110,25,50.0,conventional_steam_coal
41,25,7219.002,conventional_steam_coal
3,25,1223.6299981641132,conventional_steam_coal
36,25,0.0,conventional_steam_coal
85,25,0.0,conventional_steam_coal
28,25,74.364,geothermal
116,25,0.0,natural_gas_fired_combined_cycle
73,25,0.0,natural_gas_fired_combined_cycle
71,25,0.0,natural_gas_fired_combined_cycle
44,25,0.0,natural_gas_fired_combined_cycle
115,25,0.0,natural_gas_fired_combined_cycle
70,25,0.0,natural_gas_fired_combined_cycle
131,25,0.0,natural_gas_fired_combined_cycle
18,25,0.0,natural_gas_fired_combined_cycle
72,25,0.0,natural_gas_fired_combined_cycle
114,25,0.0,natural_gas_fired_combined_cycle
45,25,0.0,natural_gas_fired_combined_cycle
78,25,0.0,natural_gas_fired_combustion_turbine
75,25,0.0,natural_gas_fired_combustion_turbine
119,25,0.0,natural_gas_fired_combustion_turbine
117,25,0.0,natural_gas_fired_combustion_turbine
134,25,0.0,natural_gas_fired_combustion_turbine
103,25,0.0,natural_gas_fired_combustion_turbine
47,25,0.0,natural_gas_fired_combustion_turbine
8,25,0.0,natural_gas_fired_combustion_turbine
90,25,0.0,natural_gas_fired_combustion_turbine
60,25,0.0,natural_gas_fired_combustion_turbine
46,25,0.0,natural_gas_fired_combustion_turbine
37,25,0.0,natural_gas_fired_combustion_turbine
7,25,0.0,natural_gas_fired_combustion_turbine
133,25,0.0,natural_gas_fired_combustion_turbine
74,25,0.0,natural_gas_fired_combustion_turbine
20,25,0.0,natural_gas_fired_combustion_turbine
135,25,0.0,natural_gas_fired_combustion_turbine
142,25,0.0,natural_gas_fired_combustion_turbine
121,25,0.0,natural_gas_fired_combustion_turbine
91,25,0.0,natural_gas_fired_combustion_turbine
22,25,0.0,natural_gas_steam_turbine
123,25,0.0,natural_gas_steam_turbine
62,25,0.0,natural_gas_steam_turbine
49,25,0.0,natural_gas_steam_turbine
48,25,0.0,natural_gas_steam_turbine
21,25,0.0,natural_gas_steam_turbine
79,25,7405.999,nuclear
10,25,318.48594,onshore_wind_turbine
23,25,2297.5722,onshore_wind_turbine
31,25,1047.2956199999999,onshore_wind_turbine
38,25,460.85085,onshore_wind_turbine
50,25,2030.0572799999998,onshore_wind_turbine
63,25,44.079600158400005,onshore_wind_turbine
80,25,1511.87088,onshore_wind_turbine
94,25,2053.7886,onshore_wind_turbine
105,25,1322.392619394,onshore_wind_turbine
124,25,10652.7481499208,onshore_wind_turbine
136,25,222.03072,onshore_wind_turbine
144,25,3194.1318599999995,onshore_wind_turbine
11,25,19.125,small_hydroelectric
24,25,62.577,small_hydroelectric
32,25,192.0,small_hydroelectric
39,25,52.9,small_hydroelectric
51,25,25.641,small_hydroelectric
64,25,6.128,small_hydroelectric
81,25,241.672,small_hydroelectric
95,25,418.922,small_hydroelectric
106,25,31.614,small_hydroelectric
125,25,100.697,small_hydroelectric
137,25,36.822,small_hydroelectric
145,25,33.21,small_hydroelectric
12,25,0.0,solar_photovoltaic
25,25,0.0,solar_photovoltaic
33,25,0.0,solar_photovoltaic
52,25,0.0,solar_photovoltaic
65,25,0.0,solar_photovoltaic
82,25,0.0,solar_photovoltaic
96,25,0.0,solar_photovoltaic
107,25,0.0,solar_photovoltaic
126,25,0.0,solar_photovoltaic
138,25,0.0,solar_photovoltaic
26,26,11.235,biomass
13,26,15.682,biomass
108,26,137.081,biomass
40,26,5.952,biomass
97,26,178.173,biomass
1,26,16.294,biomass
66,26,228.795,biomass
2,26,838.1449272,conventional_hydroelectric
14,26,150.19999719999998,conventional_hydroelectric
27,26,898.5833856000002,conventional_hydroelectric
35,26,1527.7917072,conventional_hydroelectric
54,26,816.7613058000001,conventional_hydroelectric
67,26,3025.2595112999998,conventional_hydroelectric
84,26,18166.827143399998,conventional_hydroelectric
109,26,392.4988797522,conventional_hydroelectric
128,26,68.09748,conventional_hydroelectric
139,26,149.4726528,conventional_hydroelectric
110,26,50.0,conventional_steam_coal
41,26,7219.002,conventional_steam_coal
3,26,0.0,conventional_steam_coal
36,26,0.0,conventional_steam_coal
85,26,0.0,conventional_steam_coal
28,26,74.364,geothermal
116,26,0.0,natural_gas_fired_combined_cycle
73,26,0.0,natural_gas_fired_combined_cycle
71,26,0.0,natural_gas_fired_combined_cycle
44,26,0.0,natural_gas_fired_combined_cycle
115,26,0.0,natural_gas_fired_combined_cycle
70,26,0.0,natural_gas_fired_combined_cycle
131,26,0.0,natural_gas_fired_combined_cycle
18,26,0.0,natural_gas_fired_combined_cycle
72,26,0.0,natural_gas_fired_combined_cycle
114,26,0.0,natural_gas_fired_combined_cycle
45,26,0.0,natural_gas_fired_combined_cycle
78,26,0.0,natural_gas_fired_combustion_turbine
75,26,0.0,natural_gas_fired_combustion_turbine
119,26,0.0,natural_gas_fired_combustion_turbine
117,26,0.0,natural_gas_fired_combustion_turbine
134,26,0.0,natural_gas_fired_combustion_turbine
103,26,0.0,natural_gas_fired_combustion_turbine
47,26,0.0,natural_gas_fired_combustion_turbine
8,26,0.0,natural_gas_fired_combustion_turbine
90,26,0.0,natural_gas_fired_combustion_turbine
60,26,0.0,natural_gas_fired_combustion_turbine
46,26,0.0,natural_gas_fired_combustion_turbine
37,26,0.0,natural_gas_fired_combustion_turbine
7,26,0.0,natural_gas_fired_combustion_turbine
133,26,0.0,natural_gas_fired_combustion_turbine
74,26,0.0,natural_gas_fired_combustion_turbine
20,26,0.0,natural_gas_fired_combustion_turbine
135,26,0.0,natural_gas_fired_combustion_turbine
142,26,0.0,natural_gas_fired_combustion_turbine
121,26,0.0,natural_gas_fired_combustion_turbine
91,26,0.0,natural_gas_fired_combustion_turbine
22,26,0.0,natural_gas_steam_turbine
123,26,0.0,natural_gas_steam_turbine
62,26,0.0,natural_gas_steam_turbine
49,26,0.0,natural_gas_steam_turbine
48,26,0.0,natural_gas_steam_turbine
21,26,0.0,natural_gas_steam_turbine
79,26,7405.999,nuclear
10,26,357.08094000000006,onshore_wind_turbine
23,26,2179.3794,onshore_wind_turbine
31,26,958.2398699999999,onshore_wind_turbine
38,26,346.42935,onshore_wind_turbine
50,26,1974.0216599999997,onshore_wind_turbine
63,26,18.324360103200004,onshore_wind_turbine
80,26,1292.8168799999999,onshore_wind_turbine
94,26,1563.5904,onshore_wind_turbine
105,26,1265.860800162,onshore_wind_turbine
124,26,10335.223769224202,onshore_wind_turbine
136,26,457.55289000000005,onshore_wind_turbine
144,26,2498.9493599999996,onshore_wind_turbine
11,26,19.125,small_hydroelectric
24,26,62.577,small_hydroelectric
32,26,192.0,small_hydroelectric
39,26,52.9,small_hydroelectric
51,26,25.641,small_hydroelectric
64,26,6.128,small_hydroelectric
81,26,241.672,small_hydroelectric
95,26,418.922,small_hydroelectric
106,26,31.614,small_hydroelectric
125,26,100.697,small_hydroelectric
137,26,36.822,small_hydroelectric
145,26,33.21,small_hydroelectric
12,26,0.0,solar_photovoltaic
25,26,0.0,solar_photovoltaic
33,26,0.0,solar_photovoltaic
52,26,0.0,solar_photovoltaic
65,26,0.0,solar_photovoltaic
82,26,0.0,solar_photovoltaic
96,26,0.0,solar_photovoltaic
107,26,0.0,solar_photovoltaic
126,26,0.0,solar_photovoltaic
138,26,0.0,solar_photovoltaic
26,27,11.235,biomass
13,27,15.682,biomass
108,27,137.081,biomass
40,27,5.952,biomass
97,27,178.173,biomass
1,27,16.294,biomass
66,27,228.795,biomass
2,27,838.1449272,conventional_hydroelectric
14,27,150.1529568,conventional_hydroelectric
27,27,898.5833856000002,conventional_hydroelectric
35,27,1528.540992,conventional_hydroelectric
54,27,817.2810063000001,conventional_hydroelectric
67,27,3024.217327947075,conventional_hydroelectric
84,27,18166.827143399998,conventional_hydroelectric
109,27,392.43813248640004,conventional_hydroelectric
128,27,68.11266,conventional_hydroelectric
139,27,149.519232,conventional_hydroelectric
110,27,50.0,conventional_steam_coal
41,27,7219.002,conventional_steam_coal
3,27,3490.349665096544,conventional_steam_coal
36,27,0.0,conventional_steam_coal
85,27,0.0,conventional_steam_coal
28,27,74.364,geothermal
116,27,0.0,natural_gas_fired_combined_cycle
73,27,0.0,natural_gas_fired_combined_cycle
71,27,0.0,natural_gas_fired_combined_cycle
44,27,0.0,natural_gas_fired_combined_cycle
115,27,0.0,natural_gas_fired_combined_cycle
70,27,0.0,natural_gas_fired_combined_cycle
131,27,0.0,natural_gas_fired_combined_cycle
18,27,0.0,natural_gas_fired_combined_cycle
72,27,0.0,natural_gas_fired_combined_cycle
114,27,0.0,natural_gas_fired_combined_cycle
45,27,0.0,natural_gas_fired_combined_cycle
78,27,0.0,natural_gas_fired_combustion_turbine
75,27,0.0,natural_gas_fired_combustion_turbine
119,27,0.0,natural_gas_fired_combustion_turbine
117,27,0.0,natural_gas_fired_combustion_turbine
134,27,0.0,natural_gas_fired_combustion_turbine
103,27,0.0,natural_gas_fired_combustion_turbine
47,27,0.0,natural_gas_fired_combustion_turbine
8,27,0.0,natural_gas_fired_combustion_turbine
90,27,0.0,natural_gas_fired_combustion_turbine
60,27,0.0,natural_gas_fired_combustion_turbine
46,27,0.0,natural_gas_fired_combustion_turbine
37,27,0.0,natural_gas_fired_combustion_turbine
7,27,0.0,natural_gas_fired_combustion_turbine
133,27,0.0,natural_gas_fired_combustion_turbine
74,27,0.0,natural_gas_fired_combustion_turbine
20,27,0.0,natural_gas_fired_combustion_turbine
135,27,0.0,natural_gas_fired_combustion_turbine
142,27,0.0,natural_gas_fired_combustion_turbine
121,27,0.0,natural_gas_fired_combustion_turbine
91,27,0.0,natural_gas_fired_combustion_turbine
22,27,0.0,natural_gas_steam_turbine
123,27,0.0,natural_gas_steam_turbine
62,27,0.0,natural_gas_steam_turbine
49,27,0.0,natural_gas_steam_turbine
48,27,0.0,natural_gas_steam_turbine
21,27,0.0,natural_gas_steam_turbine
79,27,7405.999,nuclear
10,27,359.70540000000005,onshore_wind_turbine
23,27,2382.2238,onshore_wind_turbine
31,27,777.5839199999999,onshore_wind_turbine
38,27,426.76785,onshore_wind_turbine
50,27,1685.1333599999998,onshore_wind_turbine
63,27,13.586999911200001,onshore_wind_turbine
80,27,1281.6650399999999,onshore_wind_turbine
94,27,1695.9912,onshore_wind_turbine
105,27,1235.908199484,onshore_wind_turbine
124,27,10403.593801774801,onshore_wind_turbine
136,27,325.33668000000006,onshore_wind_turbine
144,27,2241.2683799999995,onshore_wind_turbine
11,27,19.125,small_hydroelectric
24,27,62.577,small_hydroelectric
32,27,192.0,small_hydroelectric
39,27,52.9,small_hydroelectric
51,27,25.641,small_hydroelectric
64,27,6.128,small_hydroelectric
81,27,241.672,small_hydroelectric
95,27,418.922,small_hydroelectric
106,27,31.614,small_hydroelectric
125,27,100.697,small_hydroelectric
137,27,36.822,small_hydroelectric
145,27,33.21,small_hydroelectric
12,27,0.0,solar_photovoltaic
25,27,0.0,solar_photovoltaic
33,27,0.0,solar_photovoltaic
52,27,0.0,solar_photovoltaic
65,27,0.0,solar_photovoltaic
82,27,0.0,solar_photovoltaic
96,27,0.0,solar_photovoltaic
107,27,0.0,solar_photovoltaic
126,27,0.0,solar_photovoltaic
138,27,0.0,solar_photovoltaic
26,28,11.235,biomass
13,28,15.682,biomass
108,28,137.081,biomass
40,28,5.952,biomass
97,28,178.173,biomass
1,28,16.294,biomass
66,28,228.795,biomass
2,28,838.1449272,conventional_hydroelectric
14,28,150.10591639999998,conventional_hydroelectric
27,28,898.5833856000002,conventional_hydroelectric
35,28,1529.2902768,conventional_hydroelectric
54,28,817.8007068000001,conventional_hydroelectric
67,28,3023.175151868157,conventional_hydroelectric
84,28,18166.827143399998,conventional_hydroelectric
109,28,392.3773838244,conventional_hydroelectric
128,28,68.14302,conventional_hydroelectric
139,28,149.56581119999998,conventional_hydroelectric
110,28,50.0,conventional_steam_coal
41,28,7219.002,conventional_steam_coal
3,28,2394.8677130758456,conventional_steam_coal
36,28,0.0,conventional_steam_coal
85,28,0.0,conventional_steam_coal
28,28,74.364,geothermal
116,28,0.0,natural_gas_fired_combined_cycle
73,28,0.0,natural_gas_fired_combined_cycle
71,28,0.0,natural_gas_fired_combined_cycle
44,28,0.0,natural_gas_fired_combined_cycle
115,28,0.0,natural_gas_fired_combined_cycle
70,28,0.0,natural_gas_fired_combined_cycle
131,28,0.0,natural_gas_fired_combined_cycle
18,28,0.0,natural_gas_fired_combined_cycle
72,28,0.0,natural_gas_fired_combined_cycle
114,28,0.0,natural_gas_fired_combined_cycle
45,28,0.0,natural_gas_fired_combined_cycle
78,28,0.0,natural_gas_fired_combustion_turbine
75,28,0.0,natural_gas_fired_combustion_turbine
119,28,0.0,natural_gas_fired_combustion_turbine
117,28,0.0,natural_gas_fired_combustion_turbine
134,28,0.0,natural_gas_fired_combustion_turbine
103,28,0.0,natural_gas_fired_combustion_turbine
47,28,0.0,natural_gas_fired_combustion_turbine
8,28,0.0,natural_gas_fired_combustion_turbine
90,28,0.0,natural_gas_fired_combustion_turbine
60,28,0.0,natural_gas_fired_combustion_turbine
46,28,0.0,natural_gas_fired_combustion_turbine
37,28,0.0,natural_gas_fired_combustion_turbine
7,28,0.0,natural_gas_fired_combustion_turbine
133,28,0.0,natural_gas_fired_combustion_turbine
74,28,0.0,natural_gas_fired_combustion_turbine
20,28,0.0,natural_gas_fired_combustion_turbine
135,28,0.0,natural_gas_fired_combustion_turbine
142,28,0.0,natural_gas_fired_combustion_turbine
121,28,0.0,natural_gas_fired_combustion_turbine
91,28,0.0,natural_gas_fired_combustion_turbine
22,28,0.0,natural_gas_steam_turbine
123,28,0.0,natural_gas_steam_turbine
62,28,0.0,natural_gas_steam_turbine
49,28,0.0,natural_gas_steam_turbine
48,28,0.0,natural_gas_steam_turbine
21,28,0.0,natural_gas_steam_turbine
79,28,7405.999,nuclear
10,28,459.82083000000006,onshore_wind_turbine
23,28,2445.3132,onshore_wind_turbine
31,28,453.42098999999996,onshore_wind_turbine
38,28,408.26565,onshore_wind_turbine
50,28,1797.2045999999998,onshore_wind_turbine
63,28,21.069000060000004,onshore_wind_turbine
80,28,1221.5247599999998,onshore_wind_turbine
94,28,2643.2873999999997,onshore_wind_turbine
105,28,1220.3142005880002,onshore_wind_turbine
124,28,10292.3431831836,onshore_wind_turbine
136,28,370.43667000000005,onshore_wind_turbine
144,28,2154.1388399999996,onshore_wind_turbine
11,28,19.125,small_hydroelectric
24,28,62.577,small_hydroelectric
32,28,192.0,small_hydroelectric
39,28,52.9,small_hydroelectric
51,28,25.641,small_hydroelectric
64,28,6.128,small_hydroelectric
81,28,241.672,small_hydroelectric
95,28,418.922,small_hydroelectric
106,28,31.614,small_hydroelectric
125,28,100.697,small_hydroelectric
137,28,36.822,small_hydroelectric
145,28,33.21,small_hydroelectric
12,28,0.0,solar_photovoltaic
25,28,0.0,solar_photovoltaic
33,28,0.0,solar_photovoltaic
52,28,0.0,solar_photovoltaic
65,28,0.0,solar_photovoltaic
82,28,0.0,solar_photovoltaic
96,28,0.0,solar_photovoltaic
107,28,0.0,solar_photovoltaic
126,28,0.0,solar_photovoltaic
138,28,0.0,solar_photovoltaic
26,29,11.235,biomass
13,29,15.682,biomass
108,29,137.081,biomass
40,29,5.952,biomass
97,29,178.173,biomass
1,29,16.294,biomass
66,29,228.795,biomass
2,29,838.1449272,conventional_hydroelectric
14,29,150.10591639999998,conventional_hydroelectric
27,29,898.7244948000001,conventional_hydroelectric
35,29,1530.0395616,conventional_hydroelectric
54,29,818.3204073,conventional_hydroelectric
67,29,3022.807909076748,conventional_hydroelectric
84,29,18163.921845599998,conventional_hydroelectric
109,29,392.3166365586,conventional_hydroelectric
128,29,68.15820000000001,conventional_hydroelectric
139,29,149.61239039999998,conventional_hydroelectric
110,29,50.0,conventional_steam_coal
41,29,7219.002,conventional_steam_coal
3,29,0.0,conventional_steam_coal
36,29,0.0,conventional_steam_coal
85,29,0.0,conventional_steam_coal
28,29,74.364,geothermal
116,29,0.0,natural_gas_fired_combined_cycle
73,29,0.0,natural_gas_fired_combined_cycle
71,29,0.0,natural_gas_fired_combined_cycle
44,29,0.0,natural_gas_fired_combined_cycle
115,29,0.0,natural_gas_fired_combined_cycle
70,29,0.0,natural_gas_fired_combined_cycle
131,29,0.0,natural_gas_fired_combined_cycle
18,29,0.0,natural_gas_fired_combined_cycle
72,29,0.0,natural_gas_fired_combined_cycle
114,29,0.0,natural_gas_fired_combined_cycle
45,29,0.0,natural_gas_fired_combined_cycle
78,29,0.0,natural_gas_fired_combustion_turbine
75,29,0.0,natural_gas_fired_combustion_turbine
119,29,0.0,natural_gas_fired_combustion_turbine
117,29,0.0,natural_gas_fired_combustion_turbine
134,29,0.0,natural_gas_fired_combustion_turbine
103,29,0.0,natural_gas_fired_combustion_turbine
47,29,0.0,natural_gas_fired_combustion_turbine
8,29,0.0,natural_gas_fired_combustion_turbine
90,29,0.0,natural_gas_fired_combustion_turbine
60,29,0.0,natural_gas_fired_combustion_turbine
46,29,0.0,natural_gas_fired_combustion_turbine
37,29,0.0,natural_gas_fired_combustion_turbine
7,29,0.0,natural_gas_fired_combustion_turbine
133,29,0.0,natural_gas_fired_combustion_turbine
74,29,0.0,natural_gas_fired_combustion_turbine
20,29,0.0,natural_gas_fired_combustion_turbine
135,29,0.0,natural_gas_fired_combustion_turbine
142,29,0.0,natural_gas_fired_combustion_turbine
121,29,0.0,natural_gas_fired_combustion_turbine
91,29,0.0,natural_gas_fired_combustion_turbine
22,29,0.0,natural_gas_steam_turbine
123,29,0.0,natural_gas_steam_turbine
62,29,0.0,natural_gas_steam_turbine
49,29,0.0,natural_gas_steam_turbine
48,29,0.0,natural_gas_steam_turbine
21,29,0.0,natural_gas_steam_turbine
79,29,6165.054881112295,nuclear
10,29,527.51646,onshore_wind_turbine
23,29,2392.6056,onshore_wind_turbine
31,29,416.78090999999995,onshore_wind_turbine
38,29,274.85505,onshore_wind_turbine
50,29,1698.1986599999998,onshore_wind_turbine
63,29,51.6004800528,onshore_wind_turbine
80,29,1331.0517599999998,onshore_wind_turbine
94,29,3150.8238,onshore_wind_turbine
105,29,1186.655399874,onshore_wind_turbine
124,29,8648.784807663,onshore_wind_turbine
136,29,668.0195100000001,onshore_wind_turbine
144,29,1816.7435999999998,onshore_wind_turbine
11,29,19.125,small_hydroelectric
24,29,62.577,small_hydroelectric
32,29,192.0,small_hydroelectric
39,29,52.9,small_hydroelectric
51,29,25.641,small_hydroelectric
64,29,6.128,small_hydroelectric
81,29,241.672,small_hydroelectric
95,29,418.922,small_hydroelectric
106,29,31.614,small_hydroelectric
125,29,100.697,small_hydroelectric
137,29,36.822,small_hydroelectric
145,29,33.21,small_hydroelectric
12,29,0.0,solar_photovoltaic
25,29,221.31347999999997,solar_photovoltaic
33,29,0.0,solar_photovoltaic
52,29,30.806879999999996,solar_photovoltaic
65,29,0.0,solar_photovoltaic
82,29,0.0,solar_photovoltaic
96,29,0.0,solar_photovoltaic
107,29,0.0,solar_photovoltaic
126,29,0.0,solar_photovoltaic
138,29,0.0,solar_photovoltaic
26,30,11.235,biomass
13,30,15.682,biomass
108,30,137.081,biomass
40,30,5.952,biomass
97,30,178.173,biomass
1,30,16.294,biomass
66,30,228.795,biomass
2,30,838.1449272,conventional_hydroelectric
14,30,150.058876,conventional_hydroelectric
27,30,898.7244948000001,conventional_hydroelectric
35,30,1530.7888464,conventional_hydroelectric
54,30,818.8401077999999,conventional_hydroelectric
67,30,3021.713265585339,conventional_hydroelectric
84,30,18163.921845599998,conventional_hydroelectric
109,30,392.2377638244,conventional_hydroelectric
128,30,68.17338000000001,conventional_hydroelectric
139,30,149.65896959999998,conventional_hydroelectric
110,30,28.499999999999996,conventional_steam_coal
41,30,7219.002,conventional_steam_coal
3,30,0.0,conventional_steam_coal
36,30,0.0,conventional_steam_coal
85,30,0.0,conventional_steam_coal
28,30,74.364,geothermal
116,30,0.0,natural_gas_fired_combined_cycle
73,30,0.0,natural_gas_fired_combined_cycle
71,30,0.0,natural_gas_fired_combined_cycle
44,30,0.0,natural_gas_fired_combined_cycle
115,30,0.0,natural_gas_fired_combined_cycle
70,30,0.0,natural_gas_fired_combined_cycle
131,30,0.0,natural_gas_fired_combined_cycle
18,30,0.0,natural_gas_fired_combined_cycle
72,30,0.0,natural_gas_fired_combined_cycle
114,30,0.0,natural_gas_fired_combined_cycle
45,30,0.0,natural_gas_fired_combined_cycle
78,30,0.0,natural_gas_fired_combustion_turbine
75,30,0.0,natural_gas_fired_combustion_turbine
119,30,0.0,natural_gas_fired_combustion_turbine
117,30,0.0,natural_gas_fired_combustion_turbine
134,30,0.0,natural_gas_fired_combustion_turbine
103,30,0.0,natural_gas_fired_combustion_turbine
47,30,0.0,natural_gas_fired_combustion_turbine
8,30,0.0,natural_gas_fired_combustion_turbine
90,30,0.0,natural_gas_fired_combustion_turbine
60,30,0.0,natural_gas_fired_combustion_turbine
46,30,0.0,natural_gas_fired_combustion_turbine
37,30,0.0,natural_gas_fired_combustion_turbine
7,30,0.0,natural_gas_fired_combustion_turbine
133,30,0.0,natural_gas_fired_combustion_turbine
74,30,0.0,natural_gas_fired_combustion_turbine
20,30,0.0,natural_gas_fired_combustion_turbine
135,30,0.0,natural_gas_fired_combustion_turbine
142,30,0.0,natural_gas_fired_combustion_turbine
121,30,0.0,natural_gas_fired_combustion_turbine
91,30,0.0,natural_gas_fired_combustion_turbine
22,30,0.0,natural_gas_steam_turbine
123,30,0.0,natural_gas_steam_turbine
62,30,0.0,natural_gas_steam_turbine
49,30,0.0,natural_gas_steam_turbine
48,30,0.0,natural_gas_steam_turbine
21,30,0.0,natural_gas_steam_turbine
79,30,4313.555131112295,nuclear
10,30,580.62318,onshore_wind_turbine
23,30,2398.1958,onshore_wind_turbine
31,30,418.81647,onshore_wind_turbine
38,30,541.18935,onshore_wind_turbine
50,30,1643.0340599999997,onshore_wind_turbine
63,30,59.6410800576,onshore_wind_turbine
80,30,1616.6185199999998,onshore_wind_turbine
94,30,3877.4519999999998,onshore_wind_turbine
105,30,1135.733220405,onshore_wind_turbine
124,30,5509.457524725,onshore_wind_turbine
136,30,855.35793,onshore_wind_turbine
144,30,1358.8500599999998,onshore_wind_turbine
11,30,19.125,small_hydroelectric
24,30,62.577,small_hydroelectric
32,30,192.0,small_hydroelectric
39,30,52.9,small_hydroelectric
51,30,25.641,small_hydroelectric
64,30,6.128,small_hydroelectric
81,30,241.672,small_hydroelectric
95,30,418.922,small_hydroelectric
106,30,31.614,small_hydroelectric
125,30,100.697,small_hydroelectric
137,30,36.822,small_hydroelectric
145,30,33.21,small_hydroelectric
12,30,992.7576,solar_photovoltaic
25,30,652.5704999999999,solar_photovoltaic
33,30,59.756400000000006,solar_photovoltaic
52,30,862.29642,solar_photovoltaic
65,30,1917.5471434344,solar_photovoltaic
82,30,1.6722599999999999,solar_photovoltaic
96,30,101.50764000000001,solar_photovoltaic
107,30,1576.34628018,solar_photovoltaic
126,30,1288.618355148,solar_photovoltaic
138,30,411.34038,solar_photovoltaic
26,31,11.235,biomass
13,31,0.0,biomass
108,31,0.0,biomass
40,31,0.0,biomass
97,31,0.0,biomass
1,31,0.0,biomass
66,31,0.0,biomass
2,31,838.1449272,conventional_hydroelectric
14,31,150.0118356,conventional_hydroelectric
27,31,898.7244948000001,conventional_hydroelectric
35,31,1531.5381312,conventional_hydroelectric
54,31,819.3598083,conventional_hydroelectric
67,31,3020.671082232414,conventional_hydroelectric
84,31,18163.921845599998,conventional_hydroelectric
109,31,392.17701655860003,conventional_hydroelectric
128,31,68.20374,conventional_hydroelectric
139,31,149.6822592,conventional_hydroelectric
110,31,0.0,conventional_steam_coal
41,31,0.0,conventional_steam_coal
3,31,0.0,conventional_steam_coal
36,31,0.0,conventional_steam_coal
85,31,0.0,conventional_steam_coal
28,31,74.364,geothermal
116,31,0.0,natural_gas_fired_combined_cycle
73,31,0.0,natural_gas_fired_combined_cycle
71,31,0.0,natural_gas_fired_combined_cycle
44,31,0.0,natural_gas_fired_combined_cycle
115,31,0.0,natural_gas_fired_combined_cycle
70,31,0.0,natural_gas_fired_combined_cycle
131,31,0.0,natural_gas_fired_combined_cycle
18,31,0.0,natural_gas_fired_combined_cycle
72,31,0.0,natural_gas_fired_combined_cycle
114,31,0.0,natural_gas_fired_combined_cycle
45,31,0.0,natural_gas_fired_combined_cycle
78,31,0.0,natural_gas_fired_combustion_turbine
75,31,0.0,natural_gas_fired_combustion_turbine
119,31,0.0,natural_gas_fired_combustion_turbine
117,31,0.0,natural_gas_fired_combustion_turbine
134,31,0.0,natural_gas_fired_combustion_turbine
103,31,0.0,natural_gas_fired_combustion_turbine
47,31,0.0,natural_gas_fired_combustion_turbine
8,31,0.0,natural_gas_fired_combustion_turbine
90,31,0.0,natural_gas_fired_combustion_turbine
60,31,0.0,natural_gas_fired_combustion_turbine
46,31,0.0,natural_gas_fired_combustion_turbine
37,31,0.0,natural_gas_fired_combustion_turbine
7,31,0.0,natural_gas_fired_combustion_turbine
133,31,0.0,natural_gas_fired_combustion_turbine
74,31,0.0,natural_gas_fired_combustion_turbine
20,31,0.0,natural_gas_fired_combustion_turbine
135,31,0.0,natural_gas_fired_combustion_turbine
142,31,0.0,natural_gas_fired_combustion_turbine
121,31,0.0,natural_gas_fired_combustion_turbine
91,31,0.0,natural_gas_fired_combustion_turbine
22,31,0.0,natural_gas_steam_turbine
123,31,0.0,natural_gas_steam_turbine
62,31,0.0,natural_gas_steam_turbine
49,31,0.0,natural_gas_steam_turbine
48,31,0.0,natural_gas_steam_turbine
21,31,0.0,natural_gas_steam_turbine
79,31,2462.0553811122954,nuclear
10,31,604.3205100000001,onshore_wind_turbine
23,31,2475.66,onshore_wind_turbine
31,31,329.2518299999999,onshore_wind_turbine
38,31,649.76805,onshore_wind_turbine
50,31,1826.8192799999997,onshore_wind_turbine
63,31,39.213600136800004,onshore_wind_turbine
80,31,1247.81124,onshore_wind_turbine
94,31,3439.2684,onshore_wind_turbine
105,31,1194.2075994660001,onshore_wind_turbine
124,31,7420.287357773401,onshore_wind_turbine
136,31,595.1656800000001,onshore_wind_turbine
144,31,1323.6274799999999,onshore_wind_turbine
11,31,19.125,small_hydroelectric
24,31,62.577,small_hydroelectric
32,31,192.0,small_hydroelectric
39,31,52.9,small_hydroelectric
51,31,25.641,small_hydroelectric
64,31,6.128,small_hydroelectric
81,31,241.672,small_hydroelectric
95,31,418.922,small_hydroelectric
106,31,31.614,small_hydroelectric
125,31,100.697,small_hydroelectric
137,31,36.822,small_hydroelectric
145,31,33.21,small_hydroelectric
12,31,2191.93614,solar_photovoltaic
25,31,943.70502,solar_photovoltaic
33,31,170.13975,solar_photovoltaic
52,31,1487.61684,solar_photovoltaic
65,31,3500.4422451974997,solar_photovoltaic
82,31,2025.1068599999999,solar_photovoltaic
96,31,204.27468000000002,solar_photovoltaic
107,31,3331.245270459,solar_photovoltaic
126,31,5983.240675164,solar_photovoltaic
138,31,811.9178099999999,solar_photovoltaic
26,32,0.0,biomass
13,32,0.0,biomass
108,32,0.0,biomass
40,32,0.0,biomass
97,32,0.0,biomass
1,32,0.0,biomass
66,32,0.0,biomass
2,32,608.8567631999999,conventional_hydroelectric
14,32,149.9647952,conventional_hydroelectric
27,32,781.6038588000001,conventional_hydroelectric
35,32,1324.2360032,conventional_hydroelectric
54,32,819.8795088,conventional_hydroelectric
67,32,3020.303839441005,conventional_hydroelectric
84,32,18161.016547799998,conventional_hydroelectric
109,32,276.29241655860005,conventional_hydroelectric
128,32,68.21892000000001,conventional_hydroelectric
139,32,149.7288384,conventional_hydroelectric
110,32,0.0,conventional_steam_coal
41,32,0.0,conventional_steam_coal
3,32,0.0,conventional_steam_coal
36,32,0.0,conventional_steam_coal
85,32,0.0,conventional_steam_coal
28,32,74.364,geothermal
116,32,0.0,natural_gas_fired_combined_cycle
73,32,0.0,natural_gas_fired_combined_cycle
71,32,0.0,natural_gas_fired_combined_cycle
44,32,0.0,natural_gas_fired_combined_cycle
115,32,0.0,natural_gas_fired_combined_cycle
70,32,0.0,natural_gas_fired_combined_cycle
131,32,0.0,natural_gas_fired_combined_cycle
18,32,0.0,natural_gas_fired_combined_cycle
72,32,0.0,natural_gas_fired_combined_cycle
114,32,0.0,natural_gas_fired_combined_cycle
45,32,0.0,natural_gas_fired_combined_cycle
78,32,0.0,natural_gas_fired_combustion_turbine
75,32,0.0,natural_gas_fired_combustion_turbine
119,32,0.0,natural_gas_fired_combustion_turbine
117,32,0.0,natural_gas_fired_combustion_turbine
134,32,0.0,natural_gas_fired_combustion_turbine
103,32,0.0,natural_gas_fired_combustion_turbine
47,32,0.0,natural_gas_fired_combustion_turbine
8,32,0.0,natural_gas_fired_combustion_turbine
90,32,0.0,natural_gas_fired_combustion_turbine
60,32,0.0,natural_gas_fired_combustion_turbine
46,32,0.0,natural_gas_fired_combustion_turbine
37,32,0.0,natural_gas_fired_combustion_turbine
7,32,0.0,natural_gas_fired_combustion_turbine
133,32,0.0,natural_gas_fired_combustion_turbine
74,32,0.0,natural_gas_fired_combustion_turbine
20,32,0.0,natural_gas_fired_combustion_turbine
135,32,0.0,natural_gas_fired_combustion_turbine
142,32,0.0,natural_gas_fired_combustion_turbine
121,32,0.0,natural_gas_fired_combustion_turbine
91,32,0.0,natural_gas_fired_combustion_turbine
22,32,0.0,natural_gas_steam_turbine
123,32,0.0,natural_gas_steam_turbine
62,32,0.0,natural_gas_steam_turbine
49,32,0.0,natural_gas_steam_turbine
48,32,0.0,natural_gas_steam_turbine
21,32,0.0,natural_gas_steam_turbine
79,32,610.5556311122955,nuclear
10,32,609.4150500000001,onshore_wind_turbine
23,32,3098.568,onshore_wind_turbine
31,32,459.52767,onshore_wind_turbine
38,32,602.53875,onshore_wind_turbine
50,32,2104.3843199999997,onshore_wind_turbine
63,32,8.2980000936,onshore_wind_turbine
80,32,851.92092,onshore_wind_turbine
94,32,2919.1224,onshore_wind_turbine
105,32,1265.5284604199999,onshore_wind_turbine
124,32,9720.5759675376,onshore_wind_turbine
136,32,1175.6835,onshore_wind_turbine
144,32,1365.3384299999996,onshore_wind_turbine
11,32,19.125,small_hydroelectric
24,32,62.577,small_hydroelectric
32,32,192.0,small_hydroelectric
39,32,52.9,small_hydroelectric
51,32,25.641,small_hydroelectric
64,32,6.128,small_hydroelectric
81,32,241.672,small_hydroelectric
95,32,418.922,small_hydroelectric
106,32,31.614,small_hydroelectric
125,32,100.697,small_hydroelectric
137,32,36.822,small_hydroelectric
145,32,33.21,small_hydroelectric
12,32,3214.3554,solar_photovoltaic
25,32,1103.84502,solar_photovoltaic
33,32,238.27110000000002,solar_photovoltaic
52,32,1916.24718,solar_photovoltaic
65,32,5221.8052206138,solar_photovoltaic
82,32,3520.9434299999994,solar_photovoltaic
96,32,280.65729,solar_photovoltaic
107,32,5007.7281627555,solar_photovoltaic
126,32,9587.203478763002,solar_photovoltaic
138,32,946.94391,solar_photovoltaic
26,33,0.0,biomass
13,33,0.0,biomass
108,33,0.0,biomass
40,33,0.0,biomass
97,33,0.0,biomass
1,33,0.0,biomass
66,33,0.0,biomass
2,33,379.84485,conventional_hydroelectric
14,33,149.91775479999998,conventional_hydroelectric
27,33,664.4832228000001,conventional_hydroelectric
35,33,1116.9338751999999,conventional_hydroelectric
54,33,733.6092258000001,conventional_hydroelectric
67,33,2416.561258441005,conventional_hydroelectric
84,33,18161.016547799998,conventional_hydroelectric
109,33,392.05552063079995,conventional_hydroelectric
128,33,68.24928,conventional_hydroelectric
139,33,130.4916288,conventional_hydroelectric
110,33,0.0,conventional_steam_coal
41,33,0.0,conventional_steam_coal
3,33,0.0,conventional_steam_coal
36,33,0.0,conventional_steam_coal
85,33,0.0,conventional_steam_coal
28,33,74.364,geothermal
116,33,0.0,natural_gas_fired_combined_cycle
73,33,0.0,natural_gas_fired_combined_cycle
71,33,0.0,natural_gas_fired_combined_cycle
44,33,0.0,natural_gas_fired_combined_cycle
115,33,0.0,natural_gas_fired_combined_cycle
70,33,0.0,natural_gas_fired_combined_cycle
131,33,0.0,natural_gas_fired_combined_cycle
18,33,0.0,natural_gas_fired_combined_cycle
72,33,0.0,natural_gas_fired_combined_cycle
114,33,0.0,natural_gas_fired_combined_cycle
45,33,0.0,natural_gas_fired_combined_cycle
78,33,0.0,natural_gas_fired_combustion_turbine
75,33,0.0,natural_gas_fired_combustion_turbine
119,33,0.0,natural_gas_fired_combustion_turbine
117,33,0.0,natural_gas_fired_combustion_turbine
134,33,0.0,natural_gas_fired_combustion_turbine
103,33,0.0,natural_gas_fired_combustion_turbine
47,33,0.0,natural_gas_fired_combustion_turbine
8,33,0.0,natural_gas_fired_combustion_turbine
90,33,0.0,natural_gas_fired_combustion_turbine
60,33,0.0,natural_gas_fired_combustion_turbine
46,33,0.0,natural_gas_fired_combustion_turbine
37,33,0.0,natural_gas_fired_combustion_turbine
7,33,0.0,natural_gas_fired_combustion_turbine
133,33,0.0,natural_gas_fired_combustion_turbine
74,33,0.0,natural_gas_fired_combustion_turbine
20,33,0.0,natural_gas_fired_combustion_turbine
135,33,0.0,natural_gas_fired_combustion_turbine
142,33,0.0,natural_gas_fired_combustion_turbine
121,33,0.0,natural_gas_fired_combustion_turbine
91,33,0.0,natural_gas_fired_combustion_turbine
22,33,0.0,natural_gas_steam_turbine
123,33,0.0,natural_gas_steam_turbine
62,33,0.0,natural_gas_steam_turbine
49,33,0.0,natural_gas_steam_turbine
48,33,0.0,natural_gas_steam_turbine
21,33,0.0,natural_gas_steam_turbine
79,33,0.0,nuclear
10,33,606.6362100000001,onshore_wind_turbine
23,33,5486.3820000000005,onshore_wind_turbine
31,33,592.85685,onshore_wind_turbine
38,33,850.37085,onshore_wind_turbine
50,33,2159.8392599999997,onshore_wind_turbine
63,33,10.722000076800002,onshore_wind_turbine
80,33,969.0152399999998,onshore_wind_turbine
94,33,3601.617,onshore_wind_turbine
105,33,1197.658259658,onshore_wind_turbine
124,33,8496.7562670804,onshore_wind_turbine
136,33,1436.64669,onshore_wind_turbine
144,33,1511.7902099999997,onshore_wind_turbine
11,33,19.125,small_hydroelectric
24,33,62.577,small_hydroelectric
32,33,192.0,small_hydroelectric
39,33,52.9,small_hydroelectric
51,33,25.641,small_hydroelectric
64,33,6.128,small_hydroelectric
81,33,241.672,small_hydroelectric
95,33,418.922,small_hydroelectric
106,33,31.614,small_hydroelectric
125,33,100.697,small_hydroelectric
137,33,36.822,small_hydroelectric
145,33,33.21,small_hydroelectric
12,33,3828.1701599999997,solar_photovoltaic
25,33,1163.0968199999998,solar_photovoltaic
33,33,261.58515,solar_photovoltaic
52,33,2069.9853599999997,solar_photovoltaic
65,33,6437.334835064099,solar_photovoltaic
82,33,4576.13949,solar_photovoltaic
96,33,334.81149,solar_photovoltaic
107,33,6195.044520837,solar_photovoltaic
126,33,12046.4207354205,solar_photovoltaic
138,33,1220.9099099999999,solar_photovoltaic
26,34,0.0,biomass
13,34,0.0,biomass
108,34,0.0,biomass
40,34,0.0,biomass
97,34,0.0,biomass
1,34,0.0,biomass
66,34,0.0,biomass
2,34,609.133014,conventional_hydroelectric
14,34,149.91775479999998,conventional_hydroelectric
27,34,547.3625868000001,conventional_hydroelectric
35,34,909.6317471999998,conventional_hydroelectric
54,34,647.3389428,conventional_hydroelectric
67,34,1812.818677441005,conventional_hydroelectric
84,34,15749.619373799998,conventional_hydroelectric
109,34,391.9947719688,conventional_hydroelectric
128,34,68.26446,conventional_hydroelectric
139,34,149.8219968,conventional_hydroelectric
110,34,0.0,conventional_steam_coal
41,34,0.0,conventional_steam_coal
3,34,0.0,conventional_steam_coal
36,34,0.0,conventional_steam_coal
85,34,0.0,conventional_steam_coal
28,34,74.364,geothermal
116,34,0.0,natural_gas_fired_combined_cycle
73,34,0.0,natural_gas_fired_combined_cycle
71,34,0.0,natural_gas_fired_combined_cycle
44,34,0.0,natural_gas_fired_combined_cycle
115,34,0.0,natural_gas_fired_combined_cycle
70,34,0.0,natural_gas_fired_combined_cycle
131,34,0.0,natural_gas_fired_combined_cycle
18,34,0.0,natural_gas_fired_combined_cycle
72,34,0.0,natural_gas_fired_combined_cycle
114,34,0.0,natural_gas_fired_combined_cycle
45,34,0.0,natural_gas_fired_combined_cycle
78,34,0.0,natural_gas_fired_combustion_turbine
75,34,0.0,natural_gas_fired_combustion_turbine
119,34,0.0,natural_gas_fired_combustion_turbine
117,34,0.0,natural_gas_fired_combustion_turbine
134,34,0.0,natural_gas_fired_combustion_turbine
103,34,0.0,natural_gas_fired_combustion_turbine
47,34,0.0,natural_gas_fired_combustion_turbine
8,34,0.0,natural_gas_fired_combustion_turbine
90,34,0.0,natural_gas_fired_combustion_turbine
60,34,0.0,natural_gas_fired_combustion_turbine
46,34,0.0,natural_gas_fired_combustion_turbine
37,34,0.0,natural_gas_fired_combustion_turbine
7,34,0.0,natural_gas_fired_combustion_turbine
133,34,0.0,natural_gas_fired_combustion_turbine
74,34,0.0,natural_gas_fired_combustion_turbine
20,34,0.0,natural_gas_fired_combustion_turbine
135,34,0.0,natural_gas_fired_combustion_turbine
142,34,0.0,natural_gas_fired_combustion_turbine
121,34,0.0,natural_gas_fired_combustion_turbine
91,34,0.0,natural_gas_fired_combustion_turbine
22,34,0.0,natural_gas_steam_turbine
123,34,0.0,natural_gas_steam_turbine
62,34,0.0,natural_gas_steam_turbine
49,34,0.0,natural_gas_steam_turbine
48,34,0.0,natural_gas_steam_turbine
21,34,0.0,natural_gas_steam_turbine
79,34,0.0,nuclear
10,34,605.7871200000001,onshore_wind_turbine
23,34,6120.4704,onshore_wind_turbine
31,34,977.5776899999998,onshore_wind_turbine
38,34,862.7868,onshore_wind_turbine
50,34,2176.3886399999997,onshore_wind_turbine
63,34,11.2620000648,onshore_wind_turbine
80,34,1245.4215599999998,onshore_wind_turbine
94,34,2184.6132000000002,onshore_wind_turbine
105,34,1134.733559652,onshore_wind_turbine
124,34,6859.1891075334,onshore_wind_turbine
136,34,1402.7253300000002,onshore_wind_turbine
144,34,2083.69368,onshore_wind_turbine
11,34,19.125,small_hydroelectric
24,34,62.577,small_hydroelectric
32,34,192.0,small_hydroelectric
39,34,52.9,small_hydroelectric
51,34,25.641,small_hydroelectric
64,34,6.128,small_hydroelectric
81,34,241.672,small_hydroelectric
95,34,418.922,small_hydroelectric
106,34,31.614,small_hydroelectric
125,34,100.697,small_hydroelectric
137,34,36.822,small_hydroelectric
145,34,33.21,small_hydroelectric
12,34,4178.05668,solar_photovoltaic
25,34,1201.6905599999998,solar_photovoltaic
33,34,308.66595,solar_photovoltaic
52,34,2161.81356,solar_photovoltaic
65,34,7320.297866796599,solar_photovoltaic
82,34,5249.224139999999,solar_photovoltaic
96,34,334.68555000000003,solar_photovoltaic
107,34,6745.035000255,solar_photovoltaic
126,34,13089.998526321,solar_photovoltaic
138,34,1314.84111,solar_photovoltaic
26,35,0.0,biomass
13,35,0.0,biomass
108,35,0.0,biomass
40,35,0.0,biomass
97,35,0.0,biomass
1,35,0.0,biomass
66,35,0.0,biomass
2,35,838.4211779999999,conventional_hydroelectric
14,35,149.8707144,conventional_hydroelectric
27,35,430.66527840000003,conventional_hydroelectric
35,35,702.3296191999998,conventional_hydroelectric
54,35,733.6092258000001,conventional_hydroelectric
67,35,1209.0760964410051,conventional_hydroelectric
84,35,13338.222199799999,conventional_hydroelectric
109,35,391.93402470300003,conventional_hydroelectric
128,35,68.27964,conventional_hydroelectric
139,35,149.868576,conventional_hydroelectric
110,35,0.0,conventional_steam_coal
41,35,0.0,conventional_steam_coal
3,35,0.0,conventional_steam_coal
36,35,0.0,conventional_steam_coal
85,35,0.0,conventional_steam_coal
28,35,74.364,geothermal
116,35,0.0,natural_gas_fired_combined_cycle
73,35,0.0,natural_gas_fired_combined_cycle
71,35,0.0,natural_gas_fired_combined_cycle
44,35,0.0,natural_gas_fired_combined_cycle
115,35,0.0,natural_gas_fired_combined_cycle
70,35,0.0,natural_gas_fired_combined_cycle
131,35,0.0,natural_gas_fired_combined_cycle
18,35,0.0,natural_gas_fired_combined_cycle
72,35,0.0,natural_gas_fired_combined_cycle
114,35,0.0,natural_gas_fired_combined_cycle
45,35,0.0,natural_gas_fired_combined_cycle
78,35,0.0,natural_gas_fired_combustion_turbine
75,35,0.0,natural_gas_fired_combustion_turbine
119,35,0.0,natural_gas_fired_combustion_turbine
117,35,0.0,natural_gas_fired_combustion_turbine
134,35,0.0,natural_gas_fired_combustion_turbine
103,35,0.0,natural_gas_fired_combustion_turbine
47,35,0.0,natural_gas_fired_combustion_turbine
8,35,0.0,natural_gas_fired_combustion_turbine
90,35,0.0,natural_gas_fired_combustion_turbine
60,35,0.0,natural_gas_fired_combustion_turbine
46,35,0.0,natural_gas_fired_combustion_turbine
37,35,0.0,natural_gas_fired_combustion_turbine
7,35,0.0,natural_gas_fired_combustion_turbine
133,35,0.0,natural_gas_fired_combustion_turbine
74,35,0.0,natural_gas_fired_combustion_turbine
20,35,0.0,natural_gas_fired_combustion_turbine
135,35,0.0,natural_gas_fired_combustion_turbine
142,35,0.0,natural_gas_fired_combustion_turbine
121,35,0.0,natural_gas_fired_combustion_turbine
91,35,0.0,natural_gas_fired_combustion_turbine
22,35,0.0,natural_gas_steam_turbine
123,35,0.0,natural_gas_steam_turbine
62,35,0.0,natural_gas_steam_turbine
49,35,0.0,natural_gas_steam_turbine
48,35,0.0,natural_gas_steam_turbine
21,35,0.0,natural_gas_steam_turbine
79,35,0.0,nuclear
10,35,609.1062900000001,onshore_wind_turbine
23,35,6033.423,onshore_wind_turbine
31,35,1056.45564,onshore_wind_turbine
38,35,946.77705,onshore_wind_turbine
50,35,2195.5510799999997,onshore_wind_turbine
63,35,27.368519980800002,onshore_wind_turbine
80,35,1465.6704,onshore_wind_turbine
94,35,2009.655,onshore_wind_turbine
105,35,964.9989602820001,onshore_wind_turbine
124,35,8218.5949555974,onshore_wind_turbine
136,35,1646.7278400000002,onshore_wind_turbine
144,35,2423.8696499999996,onshore_wind_turbine
11,35,19.125,small_hydroelectric
24,35,62.577,small_hydroelectric
32,35,192.0,small_hydroelectric
39,35,52.9,small_hydroelectric
51,35,25.641,small_hydroelectric
64,35,6.128,small_hydroelectric
81,35,241.672,small_hydroelectric
95,35,418.922,small_hydroelectric
106,35,31.614,small_hydroelectric
125,35,100.697,small_hydroelectric
137,35,36.822,small_hydroelectric
145,35,33.21,small_hydroelectric
12,35,4454.091719999999,solar_photovoltaic
25,35,1214.82204,solar_photovoltaic
33,35,342.0903,solar_photovoltaic
52,35,2222.83488,solar_photovoltaic
65,35,7799.7968143701,solar_photovoltaic
82,35,5821.97319,solar_photovoltaic
96,35,361.95156000000003,solar_photovoltaic
107,35,7097.0909664165,solar_photovoltaic
126,35,13600.3812845955,solar_photovoltaic
138,35,1391.74728,solar_photovoltaic
26,36,0.0,biomass
13,36,0.0,biomass
108,36,0.0,biomass
40,36,0.0,biomass
97,36,0.0,biomass
1,36,0.0,biomass
66,36,0.0,biomass
2,36,609.133014,conventional_hydroelectric
14,36,149.823674,conventional_hydroelectric
27,36,313.54464240000004,conventional_hydroelectric
35,36,495.02749119999976,conventional_hydroelectric
54,36,819.8795088000002,conventional_hydroelectric
67,36,605.3335154410051,conventional_hydroelectric
84,36,10926.825025799999,conventional_hydroelectric
109,36,391.93402470300003,conventional_hydroelectric
128,36,68.31,conventional_hydroelectric
139,36,149.91515520000002,conventional_hydroelectric
110,36,0.0,conventional_steam_coal
41,36,0.0,conventional_steam_coal
3,36,0.0,conventional_steam_coal
36,36,0.0,conventional_steam_coal
85,36,0.0,conventional_steam_coal
28,36,74.364,geothermal
116,36,0.0,natural_gas_fired_combined_cycle
73,36,0.0,natural_gas_fired_combined_cycle
71,36,0.0,natural_gas_fired_combined_cycle
44,36,0.0,natural_gas_fired_combined_cycle
115,36,0.0,natural_gas_fired_combined_cycle
70,36,0.0,natural_gas_fired_combined_cycle
131,36,0.0,natural_gas_fired_combined_cycle
18,36,0.0,natural_gas_fired_combined_cycle
72,36,0.0,natural_gas_fired_combined_cycle
114,36,0.0,natural_gas_fired_combined_cycle
45,36,0.0,natural_gas_fired_combined_cycle
78,36,0.0,natural_gas_fired_combustion_turbine
75,36,0.0,natural_gas_fired_combustion_turbine
119,36,0.0,natural_gas_fired_combustion_turbine
117,36,0.0,natural_gas_fired_combustion_turbine
134,36,0.0,natural_gas_fired_combustion_turbine
103,36,0.0,natural_gas_fired_combustion_turbine
47,36,0.0,natural_gas_fired_combustion_turbine
8,36,0.0,natural_gas_fired_combustion_turbine
90,36,0.0,natural_gas_fired_combustion_turbine
60,36,0.0,natural_gas_fired_combustion_turbine
46,36,0.0,natural_gas_fired_combustion_turbine
37,36,0.0,natural_gas_fired_combustion_turbine
7,36,0.0,natural_gas_fired_combustion_turbine
133,36,0.0,natural_gas_fired_combustion_turbine
74,36,0.0,natural_gas_fired_combustion_turbine
20,36,0.0,natural_gas_fired_combustion_turbine
135,36,0.0,natural_gas_fired_combustion_turbine
142,36,0.0,natural_gas_fired_combustion_turbine
121,36,0.0,natural_gas_fired_combustion_turbine
91,36,0.0,natural_gas_fired_combustion_turbine
22,36,0.0,natural_gas_steam_turbine
123,36,0.0,natural_gas_steam_turbine
62,36,0.0,natural_gas_steam_turbine
49,36,0.0,natural_gas_steam_turbine
48,36,0.0,natural_gas_steam_turbine
21,36,0.0,natural_gas_steam_turbine
79,36,0.0,nuclear
10,36,601.61886,onshore_wind_turbine
23,36,5941.584,onshore_wind_turbine
31,36,1266.6272099999999,onshore_wind_turbine
38,36,672.8957999999999,onshore_wind_turbine
50,36,2194.0993799999997,onshore_wind_turbine
63,36,49.7621999376,onshore_wind_turbine
80,36,1763.98212,onshore_wind_turbine
94,36,1870.9494,onshore_wind_turbine
105,36,802.5358805100001,onshore_wind_turbine
124,36,9321.957447640201,onshore_wind_turbine
136,36,1451.68002,onshore_wind_turbine
144,36,3715.055279999999,onshore_wind_turbine
11,36,19.125,small_hydroelectric
24,36,62.577,small_hydroelectric
32,36,192.0,small_hydroelectric
39,36,52.9,small_hydroelectric
51,36,25.641,small_hydroelectric
64,36,6.128,small_hydroelectric
81,36,241.672,small_hydroelectric
95,36,418.922,small_hydroelectric
106,36,31.614,small_hydroelectric
125,36,100.697,small_hydroelectric
137,36,36.822,small_hydroelectric
145,36,33.21,small_hydroelectric
12,36,4532.78592,solar_photovoltaic
25,36,1153.6485599999999,solar_photovoltaic
33,36,346.84365,solar_photovoltaic
52,36,2195.5826399999996,solar_photovoltaic
65,36,8016.261572208599,solar_photovoltaic
82,36,6141.37485,solar_photovoltaic
96,36,342.05304,solar_photovoltaic
107,36,7312.996654294499,solar_photovoltaic
126,36,13642.7789112795,solar_photovoltaic
138,36,1353.39204,solar_photovoltaic
26,37,0.0,biomass
13,37,0.0,biomass
108,37,0.0,biomass
40,37,0.0,biomass
97,37,0.0,biomass
1,37,0.0,biomass
66,37,0.0,biomass
2,37,379.84485,conventional_hydroelectric
14,37,149.7766336,conventional_hydroelectric
27,37,196.42400640000002,conventional_hydroelectric
35,37,296.46701919999987,conventional_hydroelectric
54,37,798.9622918169457,conventional_hydroelectric
67,37,603.742581,conventional_hydroelectric
84,37,8515.4278518,conventional_hydroelectric
109,37,391.873276041,conventional_hydroelectric
128,37,68.32518,conventional_hydroelectric
139,37,149.9617344,conventional_hydroelectric
110,37,0.0,conventional_steam_coal
41,37,0.0,conventional_steam_coal
3,37,0.0,conventional_steam_coal
36,37,0.0,conventional_steam_coal
85,37,0.0,conventional_steam_coal
28,37,74.364,geothermal
116,37,0.0,natural_gas_fired_combined_cycle
73,37,0.0,natural_gas_fired_combined_cycle
71,37,0.0,natural_gas_fired_combined_cycle
44,37,0.0,natural_gas_fired_combined_cycle
115,37,0.0,natural_gas_fired_combined_cycle
70,37,0.0,natural_gas_fired_combined_cycle
131,37,0.0,natural_gas_fired_combined_cycle
18,37,0.0,natural_gas_fired_combined_cycle
72,37,0.0,natural_gas_fired_combined_cycle
114,37,0.0,natural_gas_fired_combined_cycle
45,37,0.0,natural_gas_fired_combined_cycle
78,37,0.0,natural_gas_fired_combustion_turbine
75,37,0.0,natural_gas_fired_combustion_turbine
119,37,0.0,natural_gas_fired_combustion_turbine
117,37,0.0,natural_gas_fired_combustion_turbine
134,37,0.0,natural_gas_fired_combustion_turbine
103,37,0.0,natural_gas_fired_combustion_turbine
47,37,0.0,natural_gas_fired_combustion_turbine
8,37,0.0,natural_gas_fired_combustion_turbine
90,37,0.0,natural_gas_fired_combustion_turbine
60,37,0.0,natural_gas_fired_combustion_turbine
46,37,0.0,natural_gas_fired_combustion_turbine
37,37,0.0,natural_gas_fired_combustion_turbine
7,37,0.0,natural_gas_fired_combustion_turbine
133,37,0.0,natural_gas_fired_combustion_turbine
74,37,0.0,natural_gas_fired_combustion_turbine
20,37,0.0,natural_gas_fired_combustion_turbine
135,37,0.0,natural_gas_fired_combustion_turbine
142,37,0.0,natural_gas_fired_combustion_turbine
121,37,0.0,natural_gas_fired_combustion_turbine
91,37,0.0,natural_gas_fired_combustion_turbine
22,37,0.0,natural_gas_steam_turbine
123,37,0.0,natural_gas_steam_turbine
62,37,0.0,natural_gas_steam_turbine
49,37,0.0,natural_gas_steam_turbine
48,37,0.0,natural_gas_steam_turbine
21,37,0.0,natural_gas_steam_turbine
79,37,0.0,nuclear
10,37,595.7524200000001,onshore_wind_turbine
23,37,6118.0746,onshore_wind_turbine
31,37,866.1307799999998,onshore_wind_turbine
38,37,667.5399,onshore_wind_turbine
50,37,2183.0664599999996,onshore_wind_turbine
63,37,96.4993200792,onshore_wind_turbine
80,37,2262.6286800000003,onshore_wind_turbine
94,37,2525.0724,onshore_wind_turbine
105,37,743.092740621,onshore_wind_turbine
124,37,9948.1272650298,onshore_wind_turbine
136,37,2122.01235,onshore_wind_turbine
144,37,4860.716039999999,onshore_wind_turbine
11,37,19.125,small_hydroelectric
24,37,62.577,small_hydroelectric
32,37,192.0,small_hydroelectric
39,37,52.9,small_hydroelectric
51,37,25.641,small_hydroelectric
64,37,6.128,small_hydroelectric
81,37,241.672,small_hydroelectric
95,37,418.922,small_hydroelectric
106,37,31.614,small_hydroelectric
125,37,100.697,small_hydroelectric
137,37,36.822,small_hydroelectric
145,37,33.21,small_hydroelectric
12,37,4560.63156,solar_photovoltaic
25,37,1132.1897999999999,solar_photovoltaic
33,37,372.11940000000004,solar_photovoltaic
52,37,2166.8493,solar_photovoltaic
65,37,7851.464405060099,solar_photovoltaic
82,37,6108.76578,solar_photovoltaic
96,37,328.95528,solar_photovoltaic
107,37,7315.5425984865005,solar_photovoltaic
126,37,13609.6647843645,solar_photovoltaic
138,37,1323.45147,solar_photovoltaic
26,38,0.0,biomass
13,38,0.0,biomass
108,38,0.0,biomass
40,38,0.0,biomass
97,38,0.0,biomass
1,38,0.0,biomass
66,38,0.0,biomass
2,38,150.556686,conventional_hydroelectric
14,38,149.6825528,conventional_hydroelectric
27,38,313.54464240000004,conventional_hydroelectric
35,38,503.7691471999999,conventional_hydroelectric
54,38,712.6920088169458,conventional_hydroelectric
67,38,0.0,conventional_hydroelectric
84,38,6104.0306777999995,conventional_hydroelectric
109,38,275.98867604099996,conventional_hydroelectric
128,38,55.72578,conventional_hydroelectric
139,38,130.63136640000002,conventional_hydroelectric
110,38,0.0,conventional_steam_coal
41,38,0.0,conventional_steam_coal
3,38,0.0,conventional_steam_coal
36,38,0.0,conventional_steam_coal
85,38,0.0,conventional_steam_coal
28,38,74.364,geothermal
116,38,0.0,natural_gas_fired_combined_cycle
73,38,0.0,natural_gas_fired_combined_cycle
71,38,0.0,natural_gas_fired_combined_cycle
44,38,0.0,natural_gas_fired_combined_cycle
115,38,0.0,natural_gas_fired_combined_cycle
70,38,0.0,natural_gas_fired_combined_cycle
131,38,0.0,natural_gas_fired_combined_cycle
18,38,0.0,natural_gas_fired_combined_cycle
72,38,0.0,natural_gas_fired_combined_cycle
114,38,0.0,natural_gas_fired_combined_cycle
45,38,0.0,natural_gas_fired_combined_cycle
78,38,0.0,natural_gas_fired_combustion_turbine
75,38,0.0,natural_gas_fired_combustion_turbine
119,38,0.0,natural_gas_fired_combustion_turbine
117,38,0.0,natural_gas_fired_combustion_turbine
134,38,0.0,natural_gas_fired_combustion_turbine
103,38,0.0,natural_gas_fired_combustion_turbine
47,38,0.0,natural_gas_fired_combustion_turbine
8,38,0.0,natural_gas_fired_combustion_turbine
90,38,0.0,natural_gas_fired_combustion_turbine
60,38,0.0,natural_gas_fired_combustion_turbine
46,38,0.0,natural_gas_fired_combustion_turbine
37,38,0.0,natural_gas_fired_combustion_turbine
7,38,0.0,natural_gas_fired_combustion_turbine
133,38,0.0,natural_gas_fired_combustion_turbine
74,38,0.0,natural_gas_fired_combustion_turbine
20,38,0.0,natural_gas_fired_combustion_turbine
135,38,0.0,natural_gas_fired_combustion_turbine
142,38,0.0,natural_gas_fired_combustion_turbine
121,38,0.0,natural_gas_fired_combustion_turbine
91,38,0.0,natural_gas_fired_combustion_turbine
22,38,0.0,natural_gas_steam_turbine
123,38,0.0,natural_gas_steam_turbine
62,38,0.0,natural_gas_steam_turbine
49,38,0.0,natural_gas_steam_turbine
48,38,0.0,natural_gas_steam_turbine
21,38,0.0,natural_gas_steam_turbine
79,38,0.0,nuclear
10,38,567.88683,onshore_wind_turbine
23,38,6110.0886,onshore_wind_turbine
31,38,939.9198299999999,onshore_wind_turbine
38,38,929.979,onshore_wind_turbine
50,38,2178.71136,onshore_wind_turbine
63,38,94.6580398992,onshore_wind_turbine
80,38,1765.1769599999998,onshore_wind_turbine
94,38,4514.2368,onshore_wind_turbine
105,38,313.93481931,onshore_wind_turbine
124,38,10506.2525141046,onshore_wind_turbine
136,38,2061.10809,onshore_wind_turbine
144,38,6522.6656699999985,onshore_wind_turbine
11,38,19.125,small_hydroelectric
24,38,62.577,small_hydroelectric
32,38,192.0,small_hydroelectric
39,38,52.9,small_hydroelectric
51,38,25.641,small_hydroelectric
64,38,6.128,small_hydroelectric
81,38,241.672,small_hydroelectric
95,38,418.922,small_hydroelectric
106,38,31.614,small_hydroelectric
125,38,100.697,small_hydroelectric
137,38,36.822,small_hydroelectric
145,38,33.21,small_hydroelectric
12,38,4526.73252,solar_photovoltaic
25,38,1093.27578,solar_photovoltaic
33,38,344.12745,solar_photovoltaic
52,38,1997.4114599999998,solar_photovoltaic
65,38,7679.2906190811,solar_photovoltaic
82,38,6049.400549999999,solar_photovoltaic
96,38,326.05866000000003,solar_photovoltaic
107,38,7204.088672980501,solar_photovoltaic
126,38,13667.1573620055,solar_photovoltaic
138,38,1343.21616,solar_photovoltaic
26,39,0.0,biomass
13,39,0.0,biomass
108,39,0.0,biomass
40,39,0.0,biomass
97,39,0.0,biomass
1,39,0.0,biomass
66,39,0.0,biomass
2,39,0.0,conventional_hydroelectric
14,39,110.6390208,conventional_hydroelectric
27,39,430.66527840000003,conventional_hydroelectric
35,39,711.0712752,conventional_hydroelectric
54,39,626.4217258169458,conventional_hydroelectric
67,39,595.8418892009217,conventional_hydroelectric
84,39,8503.806660600003,conventional_hydroelectric
109,39,160.10407604099996,conventional_hydroelectric
128,39,43.21746,conventional_hydroelectric
139,39,111.30099840000003,conventional_hydroelectric
110,39,0.0,conventional_steam_coal
41,39,0.0,conventional_steam_coal
3,39,0.0,conventional_steam_coal
36,39,0.0,conventional_steam_coal
85,39,0.0,conventional_steam_coal
28,39,74.364,geothermal
116,39,0.0,natural_gas_fired_combined_cycle
73,39,0.0,natural_gas_fired_combined_cycle
71,39,0.0,natural_gas_fired_combined_cycle
44,39,0.0,natural_gas_fired_combined_cycle
115,39,0.0,natural_gas_fired_combined_cycle
70,39,0.0,natural_gas_fired_combined_cycle
131,39,0.0,natural_gas_fired_combined_cycle
18,39,0.0,natural_gas_fired_combined_cycle
72,39,0.0,natural_gas_fired_combined_cycle
114,39,0.0,natural_gas_fired_combined_cycle
45,39,0.0,natural_gas_fired_combined_cycle
78,39,0.0,natural_gas_fired_combustion_turbine
75,39,0.0,natural_gas_fired_combustion_turbine
119,39,0.0,natural_gas_fired_combustion_turbine
117,39,0.0,natural_gas_fired_combustion_turbine
134,39,0.0,natural_gas_fired_combustion_turbine
103,39,0.0,natural_gas_fired_combustion_turbine
47,39,0.0,natural_gas_fired_combustion_turbine
8,39,0.0,natural_gas_fired_combustion_turbine
90,39,0.0,natural_gas_fired_combustion_turbine
60,39,0.0,natural_gas_fired_combustion_turbine
46,39,0.0,natural_gas_fired_combustion_turbine
37,39,0.0,natural_gas_fired_combustion_turbine
7,39,0.0,natural_gas_fired_combustion_turbine
133,39,0.0,natural_gas_fired_combustion_turbine
74,39,0.0,natural_gas_fired_combustion_turbine
20,39,0.0,natural_gas_fired_combustion_turbine
135,39,0.0,natural_gas_fired_combustion_turbine
142,39,0.0,natural_gas_fired_combustion_turbine
121,39,0.0,natural_gas_fired_combustion_turbine
91,39,0.0,natural_gas_fired_combustion_turbine
22,39,0.0,natural_gas_steam_turbine
123,39,0.0,natural_gas_steam_turbine
62,39,0.0,natural_gas_steam_turbine
49,39,0.0,natural_gas_steam_turbine
48,39,0.0,natural_gas_steam_turbine
21,39,0.0,natural_gas_steam_turbine
79,39,0.0,nuclear
10,39,541.5650400000001,onshore_wind_turbine
23,39,6062.9712,onshore_wind_turbine
31,39,925.6709099999999,onshore_wind_turbine
38,39,788.2910999999999,onshore_wind_turbine
50,39,2210.3584199999996,onshore_wind_turbine
63,39,15.036959952000002,onshore_wind_turbine
80,39,1992.5948399999997,onshore_wind_turbine
94,39,6240.1758,onshore_wind_turbine
105,39,227.257020207,onshore_wind_turbine
124,39,10394.0738038368,onshore_wind_turbine
136,39,2695.59171,onshore_wind_turbine
144,39,7164.087389999999,onshore_wind_turbine
11,39,19.125,small_hydroelectric
24,39,62.577,small_hydroelectric
32,39,192.0,small_hydroelectric
39,39,52.9,small_hydroelectric
51,39,25.641,small_hydroelectric
64,39,6.128,small_hydroelectric
81,39,241.672,small_hydroelectric
95,39,418.922,small_hydroelectric
106,39,31.614,small_hydroelectric
125,39,100.697,small_hydroelectric
137,39,36.822,small_hydroelectric
145,39,33.21,small_hydroelectric
12,39,4284.59652,solar_photovoltaic
25,39,1039.78902,solar_photovoltaic
33,39,303.4599,solar_photovoltaic
52,39,1829.45472,solar_photovoltaic
65,39,7228.5385825764,solar_photovoltaic
82,39,5847.89322,solar_photovoltaic
96,39,311.13477,solar_photovoltaic
107,39,6883.1279064405,solar_photovoltaic
126,39,13379.381698185,solar_photovoltaic
138,39,1049.6811599999999,solar_photovoltaic
26,40,0.0,biomass
13,40,0.0,biomass
108,40,0.0,biomass
40,40,0.0,biomass
97,40,0.0,biomass
1,40,0.0,biomass
66,40,0.0,biomass
2,40,229.288164,conventional_hydroelectric
14,40,149.6825528,conventional_hydroelectric
27,40,547.7859144,conventional_hydroelectric
35,40,918.3734032,conventional_hydroelectric
54,40,566.8893054,conventional_hydroelectric
67,40,1199.5844702009217,conventional_hydroelectric
84,40,10915.203834600003,conventional_hydroelectric
109,40,44.21947604099995,conventional_hydroelectric
128,40,55.816860000000005,conventional_hydroelectric
139,40,130.63136640000002,conventional_hydroelectric
110,40,0.0,conventional_steam_coal
41,40,0.0,conventional_steam_coal
3,40,0.0,conventional_steam_coal
36,40,0.0,conventional_steam_coal
85,40,0.0,conventional_steam_coal
28,40,74.364,geothermal
116,40,0.0,natural_gas_fired_combined_cycle
73,40,0.0,natural_gas_fired_combined_cycle
71,40,0.0,natural_gas_fired_combined_cycle
44,40,0.0,natural_gas_fired_combined_cycle
115,40,0.0,natural_gas_fired_combined_cycle
70,40,0.0,natural_gas_fired_combined_cycle
131,40,0.0,natural_gas_fired_combined_cycle
18,40,0.0,natural_gas_fired_combined_cycle
72,40,0.0,natural_gas_fired_combined_cycle
114,40,0.0,natural_gas_fired_combined_cycle
45,40,0.0,natural_gas_fired_combined_cycle
78,40,0.0,natural_gas_fired_combustion_turbine
75,40,0.0,natural_gas_fired_combustion_turbine
119,40,0.0,natural_gas_fired_combustion_turbine
117,40,0.0,natural_gas_fired_combustion_turbine
134,40,0.0,natural_gas_fired_combustion_turbine
103,40,0.0,natural_gas_fired_combustion_turbine
47,40,0.0,natural_gas_fired_combustion_turbine
8,40,0.0,natural_gas_fired_combustion_turbine
90,40,0.0,natural_gas_fired_combustion_turbine
60,40,0.0,natural_gas_fired_combustion_turbine
46,40,0.0,natural_gas_fired_combustion_turbine
37,40,0.0,natural_gas_fired_combustion_turbine
7,40,0.0,natural_gas_fired_combustion_turbine
133,40,0.0,natural_gas_fired_combustion_turbine
74,40,0.0,natural_gas_fired_combustion_turbine
20,40,0.0,natural_gas_fired_combustion_turbine
135,40,0.0,natural_gas_fired_combustion_turbine
142,40,0.0,natural_gas_fired_combustion_turbine
121,40,0.0,natural_gas_fired_combustion_turbine
91,40,0.0,natural_gas_fired_combustion_turbine
22,40,0.0,natural_gas_steam_turbine
123,40,0.0,natural_gas_steam_turbine
62,40,0.0,natural_gas_steam_turbine
49,40,0.0,natural_gas_steam_turbine
48,40,0.0,natural_gas_steam_turbine
21,40,0.0,natural_gas_steam_turbine
79,40,0.0,nuclear
10,40,552.2944500000001,onshore_wind_turbine
23,40,6128.4564,onshore_wind_turbine
31,40,991.3177199999999,onshore_wind_turbine
38,40,765.65025,onshore_wind_turbine
50,40,2214.42318,onshore_wind_turbine
63,40,29.109120014400002,onshore_wind_turbine
80,40,2258.64588,onshore_wind_turbine
94,40,5280.27,onshore_wind_turbine
105,40,235.522800135,onshore_wind_turbine
124,40,10496.764436182202,onshore_wind_turbine
136,40,2618.1122400000004,onshore_wind_turbine
144,40,6274.253789999999,onshore_wind_turbine
11,40,19.125,small_hydroelectric
24,40,62.577,small_hydroelectric
32,40,192.0,small_hydroelectric
39,40,52.9,small_hydroelectric
51,40,25.641,small_hydroelectric
64,40,6.128,small_hydroelectric
81,40,241.672,small_hydroelectric
95,40,418.922,small_hydroelectric
106,40,31.614,small_hydroelectric
125,40,100.697,small_hydroelectric
137,40,36.822,small_hydroelectric
145,40,33.21,small_hydroelectric
12,40,4007.95614,solar_photovoltaic
25,40,1001.9959799999999,solar_photovoltaic
33,40,289.80345,solar_photovoltaic
52,40,1661.7942,solar_photovoltaic
65,40,6584.834101595099,solar_photovoltaic
82,40,5448.223079999999,solar_photovoltaic
96,40,303.13758,solar_photovoltaic
107,40,6419.8185595965,solar_photovoltaic
126,40,12799.679570808,solar_photovoltaic
138,40,868.66791,solar_photovoltaic
26,41,0.0,biomass
13,41,0.0,biomass
108,41,0.0,biomass
40,41,0.0,biomass
97,41,0.0,biomass
1,41,0.0,biomass
66,41,0.0,biomass
2,41,458.576328,conventional_hydroelectric
14,41,149.63551239999998,conventional_hydroelectric
27,41,664.9065504,conventional_hydroelectric
35,41,1125.6755312,conventional_hydroelectric
54,41,653.1595884000001,conventional_hydroelectric
67,41,1803.3270512009217,conventional_hydroelectric
84,41,13326.601008600002,conventional_hydroelectric
109,41,159.72146418539998,conventional_hydroelectric
128,41,68.41626000000001,conventional_hydroelectric
139,41,111.557184,conventional_hydroelectric
110,41,0.0,conventional_steam_coal
41,41,0.0,conventional_steam_coal
3,41,0.0,conventional_steam_coal
36,41,0.0,conventional_steam_coal
85,41,0.0,conventional_steam_coal
28,41,74.364,geothermal
116,41,0.0,natural_gas_fired_combined_cycle
73,41,0.0,natural_gas_fired_combined_cycle
71,41,0.0,natural_gas_fired_combined_cycle
44,41,0.0,natural_gas_fired_combined_cycle
115,41,0.0,natural_gas_fired_combined_cycle
70,41,0.0,natural_gas_fired_combined_cycle
131,41,0.0,natural_gas_fired_combined_cycle
18,41,0.0,natural_gas_fired_combined_cycle
72,41,0.0,natural_gas_fired_combined_cycle
114,41,0.0,natural_gas_fired_combined_cycle
45,41,0.0,natural_gas_fired_combined_cycle
78,41,0.0,natural_gas_fired_combustion_turbine
75,41,0.0,natural_gas_fired_combustion_turbine
119,41,0.0,natural_gas_fired_combustion_turbine
117,41,0.0,natural_gas_fired_combustion_turbine
134,41,0.0,natural_gas_fired_combustion_turbine
103,41,0.0,natural_gas_fired_combustion_turbine
47,41,0.0,natural_gas_fired_combustion_turbine
8,41,0.0,natural_gas_fired_combustion_turbine
90,41,0.0,natural_gas_fired_combustion_turbine
60,41,0.0,natural_gas_fired_combustion_turbine
46,41,0.0,natural_gas_fired_combustion_turbine
37,41,0.0,natural_gas_fired_combustion_turbine
7,41,0.0,natural_gas_fired_combustion_turbine
133,41,0.0,natural_gas_fired_combustion_turbine
74,41,0.0,natural_gas_fired_combustion_turbine
20,41,0.0,natural_gas_fired_combustion_turbine
135,41,0.0,natural_gas_fired_combustion_turbine
142,41,0.0,natural_gas_fired_combustion_turbine
121,41,0.0,natural_gas_fired_combustion_turbine
91,41,0.0,natural_gas_fired_combustion_turbine
22,41,0.0,natural_gas_steam_turbine
123,41,0.0,natural_gas_steam_turbine
62,41,0.0,natural_gas_steam_turbine
49,41,0.0,natural_gas_steam_turbine
48,41,0.0,natural_gas_steam_turbine
21,41,0.0,natural_gas_steam_turbine
79,41,0.0,nuclear
10,41,534.77232,onshore_wind_turbine
23,41,6080.5404,onshore_wind_turbine
31,41,955.18653,onshore_wind_turbine
38,41,500.5332,onshore_wind_turbine
50,41,2204.8419599999997,onshore_wind_turbine
63,41,25.663679865600002,onshore_wind_turbine
80,41,3087.06828,onshore_wind_turbine
94,41,4761.700199999999,onshore_wind_turbine
105,41,560.363339718,onshore_wind_turbine
124,41,10405.750354771202,onshore_wind_turbine
136,41,1955.87478,onshore_wind_turbine
144,41,6011.011349999999,onshore_wind_turbine
11,41,19.125,small_hydroelectric
24,41,62.577,small_hydroelectric
32,41,192.0,small_hydroelectric
39,41,52.9,small_hydroelectric
51,41,25.641,small_hydroelectric
64,41,6.128,small_hydroelectric
81,41,241.672,small_hydroelectric
95,41,418.922,small_hydroelectric
106,41,31.614,small_hydroelectric
125,41,100.697,small_hydroelectric
137,41,36.822,small_hydroelectric
145,41,33.21,small_hydroelectric
12,41,3356.0049599999998,solar_photovoltaic
25,41,866.0371199999998,solar_photovoltaic
33,41,272.60085,solar_photovoltaic
52,41,1202.0607599999998,solar_photovoltaic
65,41,5678.487663664499,solar_photovoltaic
82,41,4894.705019999999,solar_photovoltaic
96,41,282.73530000000005,solar_photovoltaic
107,41,5493.3935959605,solar_photovoltaic
126,41,11680.616871171002,solar_photovoltaic
138,41,1022.87163,solar_photovoltaic
26,42,0.0,biomass
13,42,0.0,biomass
108,42,0.0,biomass
40,42,0.0,biomass
97,42,0.0,biomass
1,42,0.0,biomass
66,42,0.0,biomass
2,42,687.8644919999999,conventional_hydroelectric
14,42,149.588472,conventional_hydroelectric
27,42,782.0271864,conventional_hydroelectric
35,42,1332.9776592,conventional_hydroelectric
54,42,739.4298714000001,conventional_hydroelectric
67,42,2407.0696322009217,conventional_hydroelectric
84,42,15737.998182600002,conventional_hydroelectric
109,42,275.6060641854,conventional_hydroelectric
128,42,55.84722000000001,conventional_hydroelectric
139,42,130.887552,conventional_hydroelectric
110,42,0.0,conventional_steam_coal
41,42,0.0,conventional_steam_coal
3,42,0.0,conventional_steam_coal
36,42,0.0,conventional_steam_coal
85,42,0.0,conventional_steam_coal
28,42,74.364,geothermal
116,42,0.0,natural_gas_fired_combined_cycle
73,42,0.0,natural_gas_fired_combined_cycle
71,42,0.0,natural_gas_fired_combined_cycle
44,42,0.0,natural_gas_fired_combined_cycle
115,42,0.0,natural_gas_fired_combined_cycle
70,42,0.0,natural_gas_fired_combined_cycle
131,42,0.0,natural_gas_fired_combined_cycle
18,42,0.0,natural_gas_fired_combined_cycle
72,42,0.0,natural_gas_fired_combined_cycle
114,42,0.0,natural_gas_fired_combined_cycle
45,42,0.0,natural_gas_fired_combined_cycle
78,42,0.0,natural_gas_fired_combustion_turbine
75,42,0.0,natural_gas_fired_combustion_turbine
119,42,0.0,natural_gas_fired_combustion_turbine
117,42,0.0,natural_gas_fired_combustion_turbine
134,42,0.0,natural_gas_fired_combustion_turbine
103,42,0.0,natural_gas_fired_combustion_turbine
47,42,0.0,natural_gas_fired_combustion_turbine
8,42,0.0,natural_gas_fired_combustion_turbine
90,42,0.0,natural_gas_fired_combustion_turbine
60,42,0.0,natural_gas_fired_combustion_turbine
46,42,0.0,natural_gas_fired_combustion_turbine
37,42,0.0,natural_gas_fired_combustion_turbine
7,42,0.0,natural_gas_fired_combustion_turbine
133,42,0.0,natural_gas_fired_combustion_turbine
74,42,0.0,natural_gas_fired_combustion_turbine
20,42,0.0,natural_gas_fired_combustion_turbine
135,42,0.0,natural_gas_fired_combustion_turbine
142,42,0.0,natural_gas_fired_combustion_turbine
121,42,0.0,natural_gas_fired_combustion_turbine
91,42,0.0,natural_gas_fired_combustion_turbine
22,42,0.0,natural_gas_steam_turbine
123,42,0.0,natural_gas_steam_turbine
62,42,0.0,natural_gas_steam_turbine
49,42,0.0,natural_gas_steam_turbine
48,42,0.0,natural_gas_steam_turbine
21,42,0.0,natural_gas_steam_turbine
79,42,0.0,nuclear
10,42,487.1460900000001,onshore_wind_turbine
23,42,6093.318,onshore_wind_turbine
31,42,904.2975299999999,onshore_wind_turbine
38,42,735.2189999999999,onshore_wind_turbine
50,42,2220.22998,onshore_wind_turbine
63,42,46.291439882400006,onshore_wind_turbine
80,42,3051.2230799999998,onshore_wind_turbine
94,42,3146.0952,onshore_wind_turbine
105,42,827.952899634,onshore_wind_turbine
124,42,10208.879193328201,onshore_wind_turbine
136,42,1511.4278700000002,onshore_wind_turbine
144,42,6284.449799999999,onshore_wind_turbine
11,42,19.125,small_hydroelectric
24,42,62.577,small_hydroelectric
32,42,192.0,small_hydroelectric
39,42,52.9,small_hydroelectric
51,42,25.641,small_hydroelectric
64,42,6.128,small_hydroelectric
81,42,241.672,small_hydroelectric
95,42,418.922,small_hydroelectric
106,42,31.614,small_hydroelectric
125,42,100.697,small_hydroelectric
137,42,36.822,small_hydroelectric
145,42,33.21,small_hydroelectric
12,42,2274.2623799999997,solar_photovoltaic
25,42,581.7886199999999,solar_photovoltaic
33,42,170.13975,solar_photovoltaic
52,42,751.5101399999999,solar_photovoltaic
65,42,3946.6771148796,solar_photovoltaic
82,42,3863.7567299999996,solar_photovoltaic
96,42,245.26815000000002,solar_photovoltaic
107,42,3848.192876895,solar_photovoltaic
126,42,8969.312999142,solar_photovoltaic
138,42,563.1958199999999,solar_photovoltaic
26,43,11.235,biomass
13,43,15.682,biomass
108,43,137.081,biomass
40,43,5.952,biomass
97,43,178.173,biomass
1,43,16.294,biomass
66,43,228.795,biomass
2,43,838.6974287999999,conventional_hydroelectric
14,43,149.5414316,conventional_hydroelectric
27,43,899.1478224,conventional_hydroelectric
35,43,1540.2797872,conventional_hydroelectric
54,43,825.7001544000001,conventional_hydroelectric
67,43,3010.8122132009216,conventional_hydroelectric
84,43,18149.395356600002,conventional_hydroelectric
109,43,391.4906641854,conventional_hydroelectric
128,43,68.44662000000001,conventional_hydroelectric
139,43,150.21792,conventional_hydroelectric
110,43,0.0,conventional_steam_coal
41,43,0.0,conventional_steam_coal
3,43,0.0,conventional_steam_coal
36,43,0.0,conventional_steam_coal
85,43,0.0,conventional_steam_coal
28,43,74.364,geothermal
116,43,0.0,natural_gas_fired_combined_cycle
73,43,0.0,natural_gas_fired_combined_cycle
71,43,0.0,natural_gas_fired_combined_cycle
44,43,0.0,natural_gas_fired_combined_cycle
115,43,0.0,natural_gas_fired_combined_cycle
70,43,0.0,natural_gas_fired_combined_cycle
131,43,0.0,natural_gas_fired_combined_cycle
18,43,0.0,natural_gas_fired_combined_cycle
72,43,0.0,natural_gas_fired_combined_cycle
114,43,0.0,natural_gas_fired_combined_cycle
45,43,0.0,natural_gas_fired_combined_cycle
78,43,0.0,natural_gas_fired_combustion_turbine
75,43,0.0,natural_gas_fired_combustion_turbine
119,43,0.0,natural_gas_fired_combustion_turbine
117,43,0.0,natural_gas_fired_combustion_turbine
134,43,0.0,natural_gas_fired_combustion_turbine
103,43,0.0,natural_gas_fired_combustion_turbine
47,43,0.0,natural_gas_fired_combustion_turbine
8,43,0.0,natural_gas_fired_combustion_turbine
90,43,0.0,natural_gas_fired_combustion_turbine
60,43,0.0,natural_gas_fired_combustion_turbine
46,43,0.0,natural_gas_fired_combustion_turbine
37,43,0.0,natural_gas_fired_combustion_turbine
7,43,0.0,natural_gas_fired_combustion_turbine
133,43,0.0,natural_gas_fired_combustion_turbine
74,43,0.0,natural_gas_fired_combustion_turbine
20,43,0.0,natural_gas_fired_combustion_turbine
135,43,0.0,natural_gas_fired_combustion_turbine
142,43,0.0,natural_gas_fired_combustion_turbine
121,43,0.0,natural_gas_fired_combustion_turbine
91,43,0.0,natural_gas_fired_combustion_turbine
22,43,0.0,natural_gas_steam_turbine
123,43,0.0,natural_gas_steam_turbine
62,43,0.0,natural_gas_steam_turbine
49,43,0.0,natural_gas_steam_turbine
48,43,0.0,natural_gas_steam_turbine
21,43,0.0,natural_gas_steam_turbine
79,43,1851.49975,nuclear
10,43,392.5883400000001,onshore_wind_turbine
23,43,6125.262,onshore_wind_turbine
31,43,774.02169,onshore_wind_turbine
38,43,652.446,onshore_wind_turbine
50,43,2197.29312,onshore_wind_turbine
63,43,20.1313198488,onshore_wind_turbine
80,43,2963.2032,onshore_wind_turbine
94,43,3338.3916,onshore_wind_turbine
105,43,889.221540438,onshore_wind_turbine
124,43,10251.558206128802,onshore_wind_turbine
136,43,1350.68688,onshore_wind_turbine
144,43,5766.307109999999,onshore_wind_turbine
11,43,19.125,small_hydroelectric
24,43,62.577,small_hydroelectric
32,43,192.0,small_hydroelectric
39,43,52.9,small_hydroelectric
51,43,25.641,small_hydroelectric
64,43,6.128,small_hydroelectric
81,43,241.672,small_hydroelectric
95,43,418.922,small_hydroelectric
106,43,31.614,small_hydroelectric
125,43,100.697,small_hydroelectric
137,43,36.822,small_hydroelectric
145,43,33.21,small_hydroelectric
12,43,1161.64746,solar_photovoltaic
25,43,144.12599999999998,solar_photovoltaic
33,43,25.0494,solar_photovoltaic
52,43,34.36152,solar_photovoltaic
65,43,2252.1801335873997,solar_photovoltaic
82,43,2508.39,solar_photovoltaic
96,43,162.21072,solar_photovoltaic
107,43,2130.9137098485003,solar_photovoltaic
126,43,5397.865521897,solar_photovoltaic
138,43,233.65386,solar_photovoltaic
26,44,11.235,biomass
13,44,15.682,biomass
108,44,137.081,biomass
40,44,5.952,biomass
97,44,178.173,biomass
1,44,16.294,biomass
66,44,228.795,biomass
2,44,838.6974287999999,conventional_hydroelectric
14,44,149.5414316,conventional_hydroelectric
27,44,899.1478224,conventional_hydroelectric
35,44,1541.029072,conventional_hydroelectric
54,44,826.2198549000001,conventional_hydroelectric
67,44,3009.7175697095126,conventional_hydroelectric
84,44,18149.395356600002,conventional_hydroelectric
109,44,391.42991691960003,conventional_hydroelectric
128,44,68.47698000000001,conventional_hydroelectric
139,44,150.2644992,conventional_hydroelectric
110,44,0.0,conventional_steam_coal
41,44,0.0,conventional_steam_coal
3,44,0.0,conventional_steam_coal
36,44,0.0,conventional_steam_coal
85,44,0.0,conventional_steam_coal
28,44,74.364,geothermal
116,44,0.0,natural_gas_fired_combined_cycle
73,44,0.0,natural_gas_fired_combined_cycle
71,44,0.0,natural_gas_fired_combined_cycle
44,44,0.0,natural_gas_fired_combined_cycle
115,44,0.0,natural_gas_fired_combined_cycle
70,44,0.0,natural_gas_fired_combined_cycle
131,44,0.0,natural_gas_fired_combined_cycle
18,44,0.0,natural_gas_fired_combined_cycle
72,44,0.0,natural_gas_fired_combined_cycle
114,44,0.0,natural_gas_fired_combined_cycle
45,44,0.0,natural_gas_fired_combined_cycle
78,44,0.0,natural_gas_fired_combustion_turbine
75,44,0.0,natural_gas_fired_combustion_turbine
119,44,0.0,natural_gas_fired_combustion_turbine
117,44,0.0,natural_gas_fired_combustion_turbine
134,44,0.0,natural_gas_fired_combustion_turbine
103,44,0.0,natural_gas_fired_combustion_turbine
47,44,0.0,natural_gas_fired_combustion_turbine
8,44,0.0,natural_gas_fired_combustion_turbine
90,44,0.0,natural_gas_fired_combustion_turbine
60,44,0.0,natural_gas_fired_combustion_turbine
46,44,0.0,natural_gas_fired_combustion_turbine
37,44,0.0,natural_gas_fired_combustion_turbine
7,44,0.0,natural_gas_fired_combustion_turbine
133,44,0.0,natural_gas_fired_combustion_turbine
74,44,0.0,natural_gas_fired_combustion_turbine
20,44,0.0,natural_gas_fired_combustion_turbine
135,44,0.0,natural_gas_fired_combustion_turbine
142,44,0.0,natural_gas_fired_combustion_turbine
121,44,0.0,natural_gas_fired_combustion_turbine
91,44,0.0,natural_gas_fired_combustion_turbine
22,44,0.0,natural_gas_steam_turbine
123,44,0.0,natural_gas_steam_turbine
62,44,0.0,natural_gas_steam_turbine
49,44,0.0,natural_gas_steam_turbine
48,44,0.0,natural_gas_steam_turbine
21,44,0.0,natural_gas_steam_turbine
79,44,3702.9995,nuclear
10,44,300.9638100000001,onshore_wind_turbine
23,44,6091.7208,onshore_wind_turbine
31,44,538.40562,onshore_wind_turbine
38,44,415.08225000000004,onshore_wind_turbine
50,44,2061.1236599999997,onshore_wind_turbine
63,44,43.361639916,onshore_wind_turbine
80,44,2532.26424,onshore_wind_turbine
94,44,4752.2429999999995,onshore_wind_turbine
105,44,884.864580012,onshore_wind_turbine
124,44,10043.8324532898,onshore_wind_turbine
136,44,1144.0749600000001,onshore_wind_turbine
144,44,5067.416969999999,onshore_wind_turbine
11,44,19.125,small_hydroelectric
24,44,62.577,small_hydroelectric
32,44,192.0,small_hydroelectric
39,44,52.9,small_hydroelectric
51,44,25.641,small_hydroelectric
64,44,6.128,small_hydroelectric
81,44,241.672,small_hydroelectric
95,44,418.922,small_hydroelectric
106,44,31.614,small_hydroelectric
125,44,100.697,small_hydroelectric
137,44,36.822,small_hydroelectric
145,44,33.21,small_hydroelectric
12,44,0.0,solar_photovoltaic
25,44,0.0,solar_photovoltaic
33,44,0.0,solar_photovoltaic
52,44,0.0,solar_photovoltaic
65,44,60.1587921,solar_photovoltaic
82,44,180.60407999999998,solar_photovoltaic
96,44,55.16172,solar_photovoltaic
107,44,0.0,solar_photovoltaic
126,44,0.0,solar_photovoltaic
138,44,0.0,solar_photovoltaic
26,45,11.235,biomass
13,45,15.682,biomass
108,45,137.081,biomass
40,45,5.952,biomass
97,45,178.173,biomass
1,45,16.294,biomass
66,45,228.795,biomass
2,45,838.6974287999999,conventional_hydroelectric
14,45,149.49439120000002,conventional_hydroelectric
27,45,899.1478224,conventional_hydroelectric
35,45,1541.7783568,conventional_hydroelectric
54,45,826.7395554000001,conventional_hydroelectric
67,45,3008.6753863565878,conventional_hydroelectric
84,45,18149.395356600002,conventional_hydroelectric
109,45,391.3691682576,conventional_hydroelectric
128,45,68.49216,conventional_hydroelectric
139,45,150.31107839999999,conventional_hydroelectric
110,45,0.0,conventional_steam_coal
41,45,0.0,conventional_steam_coal
3,45,0.0,conventional_steam_coal
36,45,0.0,conventional_steam_coal
85,45,0.0,conventional_steam_coal
28,45,74.364,geothermal
116,45,0.0,natural_gas_fired_combined_cycle
73,45,0.0,natural_gas_fired_combined_cycle
71,45,0.0,natural_gas_fired_combined_cycle
44,45,0.0,natural_gas_fired_combined_cycle
115,45,0.0,natural_gas_fired_combined_cycle
70,45,0.0,natural_gas_fired_combined_cycle
131,45,0.0,natural_gas_fired_combined_cycle
18,45,0.0,natural_gas_fired_combined_cycle
72,45,0.0,natural_gas_fired_combined_cycle
114,45,0.0,natural_gas_fired_combined_cycle
45,45,0.0,natural_gas_fired_combined_cycle
78,45,0.0,natural_gas_fired_combustion_turbine
75,45,0.0,natural_gas_fired_combustion_turbine
119,45,0.0,natural_gas_fired_combustion_turbine
117,45,0.0,natural_gas_fired_combustion_turbine
134,45,0.0,natural_gas_fired_combustion_turbine
103,45,0.0,natural_gas_fired_combustion_turbine
47,45,0.0,natural_gas_fired_combustion_turbine
8,45,0.0,natural_gas_fired_combustion_turbine
90,45,0.0,natural_gas_fired_combustion_turbine
60,45,0.0,natural_gas_fired_combustion_turbine
46,45,0.0,natural_gas_fired_combustion_turbine
37,45,0.0,natural_gas_fired_combustion_turbine
7,45,0.0,natural_gas_fired_combustion_turbine
133,45,0.0,natural_gas_fired_combustion_turbine
74,45,0.0,natural_gas_fired_combustion_turbine
20,45,0.0,natural_gas_fired_combustion_turbine
135,45,0.0,natural_gas_fired_combustion_turbine
142,45,0.0,natural_gas_fired_combustion_turbine
121,45,0.0,natural_gas_fired_combustion_turbine
91,45,0.0,natural_gas_fired_combustion_turbine
22,45,0.0,natural_gas_steam_turbine
123,45,0.0,natural_gas_steam_turbine
62,45,0.0,natural_gas_steam_turbine
49,45,0.0,natural_gas_steam_turbine
48,45,0.0,natural_gas_steam_turbine
21,45,0.0,natural_gas_steam_turbine
79,45,2528.7725588890057,nuclear
10,45,127.51788000000002,onshore_wind_turbine
23,45,6122.067599999999,onshore_wind_turbine
31,45,607.10577,onshore_wind_turbine
38,45,432.3672,onshore_wind_turbine
50,45,2012.34654,onshore_wind_turbine
63,45,108.8423999832,onshore_wind_turbine
80,45,2977.54128,onshore_wind_turbine
94,45,4886.22,onshore_wind_turbine
105,45,1004.981399856,onshore_wind_turbine
124,45,9630.4854870576,onshore_wind_turbine
136,45,1294.79373,onshore_wind_turbine
144,45,5079.466799999999,onshore_wind_turbine
11,45,19.125,small_hydroelectric
24,45,62.577,small_hydroelectric
32,45,192.0,small_hydroelectric
39,45,52.9,small_hydroelectric
51,45,25.641,small_hydroelectric
64,45,6.128,small_hydroelectric
81,45,241.672,small_hydroelectric
95,45,418.922,small_hydroelectric
106,45,31.614,small_hydroelectric
125,45,100.697,small_hydroelectric
137,45,36.822,small_hydroelectric
145,45,33.21,small_hydroelectric
12,45,0.0,solar_photovoltaic
25,45,0.0,solar_photovoltaic
33,45,0.0,solar_photovoltaic
52,45,0.0,solar_photovoltaic
65,45,0.0,solar_photovoltaic
82,45,0.0,solar_photovoltaic
96,45,0.0,solar_photovoltaic
107,45,0.0,solar_photovoltaic
126,45,0.0,solar_photovoltaic
138,45,0.0,solar_photovoltaic
26,46,11.235,biomass
13,46,15.682,biomass
108,46,137.081,biomass
40,46,5.952,biomass
97,46,178.173,biomass
1,46,16.294,biomass
66,46,228.795,biomass
2,46,838.9736796,conventional_hydroelectric
14,46,149.44735079999998,conventional_hydroelectric
27,46,899.1478224,conventional_hydroelectric
35,46,1542.5276416000002,conventional_hydroelectric
54,46,827.2592559000001,conventional_hydroelectric
67,46,3007.6332102776696,conventional_hydroelectric
84,46,18146.490058800002,conventional_hydroelectric
109,46,391.2295482576,conventional_hydroelectric
128,46,68.52252000000001,conventional_hydroelectric
139,46,150.35765759999998,conventional_hydroelectric
110,46,0.0,conventional_steam_coal
41,46,0.0,conventional_steam_coal
3,46,0.0,conventional_steam_coal
36,46,0.0,conventional_steam_coal
85,46,0.0,conventional_steam_coal
28,46,74.364,geothermal
116,46,0.0,natural_gas_fired_combined_cycle
73,46,0.0,natural_gas_fired_combined_cycle
71,46,0.0,natural_gas_fired_combined_cycle
44,46,0.0,natural_gas_fired_combined_cycle
115,46,0.0,natural_gas_fired_combined_cycle
70,46,0.0,natural_gas_fired_combined_cycle
131,46,0.0,natural_gas_fired_combined_cycle
18,46,0.0,natural_gas_fired_combined_cycle
72,46,0.0,natural_gas_fired_combined_cycle
114,46,0.0,natural_gas_fired_combined_cycle
45,46,0.0,natural_gas_fired_combined_cycle
78,46,0.0,natural_gas_fired_combustion_turbine
75,46,0.0,natural_gas_fired_combustion_turbine
119,46,0.0,natural_gas_fired_combustion_turbine
117,46,0.0,natural_gas_fired_combustion_turbine
134,46,0.0,natural_gas_fired_combustion_turbine
103,46,0.0,natural_gas_fired_combustion_turbine
47,46,0.0,natural_gas_fired_combustion_turbine
8,46,0.0,natural_gas_fired_combustion_turbine
90,46,0.0,natural_gas_fired_combustion_turbine
60,46,0.0,natural_gas_fired_combustion_turbine
46,46,0.0,natural_gas_fired_combustion_turbine
37,46,0.0,natural_gas_fired_combustion_turbine
7,46,0.0,natural_gas_fired_combustion_turbine
133,46,0.0,natural_gas_fired_combustion_turbine
74,46,0.0,natural_gas_fired_combustion_turbine
20,46,0.0,natural_gas_fired_combustion_turbine
135,46,0.0,natural_gas_fired_combustion_turbine
142,46,0.0,natural_gas_fired_combustion_turbine
121,46,0.0,natural_gas_fired_combustion_turbine
91,46,0.0,natural_gas_fired_combustion_turbine
22,46,0.0,natural_gas_steam_turbine
123,46,0.0,natural_gas_steam_turbine
62,46,0.0,natural_gas_steam_turbine
49,46,0.0,natural_gas_steam_turbine
48,46,0.0,natural_gas_steam_turbine
21,46,0.0,natural_gas_steam_turbine
79,46,4380.272308889005,nuclear
10,46,96.95064,onshore_wind_turbine
23,46,6173.178,onshore_wind_turbine
31,46,1032.02892,onshore_wind_turbine
38,46,269.2557,onshore_wind_turbine
50,46,1935.9871199999995,onshore_wind_turbine
63,46,94.85447992560002,onshore_wind_turbine
80,46,2139.56016,onshore_wind_turbine
94,46,6347.3574,onshore_wind_turbine
105,46,985.324200651,onshore_wind_turbine
124,46,10746.114335886601,onshore_wind_turbine
136,46,1257.78861,onshore_wind_turbine
144,46,5358.466709999999,onshore_wind_turbine
11,46,19.125,small_hydroelectric
24,46,62.577,small_hydroelectric
32,46,192.0,small_hydroelectric
39,46,52.9,small_hydroelectric
51,46,25.641,small_hydroelectric
64,46,6.128,small_hydroelectric
81,46,241.672,small_hydroelectric
95,46,418.922,small_hydroelectric
106,46,31.614,small_hydroelectric
125,46,100.697,small_hydroelectric
137,46,36.822,small_hydroelectric
145,46,33.21,small_hydroelectric
12,46,0.0,solar_photovoltaic
25,46,0.0,solar_photovoltaic
33,46,0.0,solar_photovoltaic
52,46,0.0,solar_photovoltaic
65,46,0.0,solar_photovoltaic
82,46,0.0,solar_photovoltaic
96,46,0.0,solar_photovoltaic
107,46,0.0,solar_photovoltaic
126,46,0.0,solar_photovoltaic
138,46,0.0,solar_photovoltaic
26,47,11.235,biomass
13,47,15.682,biomass
108,47,137.081,biomass
40,47,5.952,biomass
97,47,178.173,biomass
1,47,16.294,biomass
66,47,228.795,biomass
2,47,838.9736796,conventional_hydroelectric
14,47,149.4003104,conventional_hydroelectric
27,47,899.1478224,conventional_hydroelectric
35,47,1543.2769264,conventional_hydroelectric
54,47,827.7789564000001,conventional_hydroelectric
67,47,3007.2659674862607,conventional_hydroelectric
84,47,18146.490058800002,conventional_hydroelectric
109,47,391.1688009918,conventional_hydroelectric
128,47,68.5377,conventional_hydroelectric
139,47,150.4042368,conventional_hydroelectric
110,47,0.0,conventional_steam_coal
41,47,0.0,conventional_steam_coal
3,47,0.0,conventional_steam_coal
36,47,0.0,conventional_steam_coal
85,47,0.0,conventional_steam_coal
28,47,74.364,geothermal
116,47,0.0,natural_gas_fired_combined_cycle
73,47,0.0,natural_gas_fired_combined_cycle
71,47,0.0,natural_gas_fired_combined_cycle
44,47,0.0,natural_gas_fired_combined_cycle
115,47,0.0,natural_gas_fired_combined_cycle
70,47,0.0,natural_gas_fired_combined_cycle
131,47,0.0,natural_gas_fired_combined_cycle
18,47,0.0,natural_gas_fired_combined_cycle
72,47,0.0,natural_gas_fired_combined_cycle
114,47,0.0,natural_gas_fired_combined_cycle
45,47,0.0,natural_gas_fired_combined_cycle
78,47,0.0,natural_gas_fired_combustion_turbine
75,47,0.0,natural_gas_fired_combustion_turbine
119,47,0.0,natural_gas_fired_combustion_turbine
117,47,0.0,natural_gas_fired_combustion_turbine
134,47,0.0,natural_gas_fired_combustion_turbine
103,47,0.0,natural_gas_fired_combustion_turbine
47,47,0.0,natural_gas_fired_combustion_turbine
8,47,0.0,natural_gas_fired_combustion_turbine
90,47,0.0,natural_gas_fired_combustion_turbine
60,47,0.0,natural_gas_fired_combustion_turbine
46,47,0.0,natural_gas_fired_combustion_turbine
37,47,0.0,natural_gas_fired_combustion_turbine
7,47,0.0,natural_gas_fired_combustion_turbine
133,47,0.0,natural_gas_fired_combustion_turbine
74,47,0.0,natural_gas_fired_combustion_turbine
20,47,0.0,natural_gas_fired_combustion_turbine
135,47,0.0,natural_gas_fired_combustion_turbine
142,47,0.0,natural_gas_fired_combustion_turbine
121,47,0.0,natural_gas_fired_combustion_turbine
91,47,0.0,natural_gas_fired_combustion_turbine
22,47,0.0,natural_gas_steam_turbine
123,47,0.0,natural_gas_steam_turbine
62,47,0.0,natural_gas_steam_turbine
49,47,0.0,natural_gas_steam_turbine
48,47,0.0,natural_gas_steam_turbine
21,47,0.0,natural_gas_steam_turbine
79,47,4137.34900652589,nuclear
10,47,137.55258,onshore_wind_turbine
23,47,5972.7294,onshore_wind_turbine
31,47,1183.67814,onshore_wind_turbine
38,47,163.1115,onshore_wind_turbine
50,47,1662.1964999999998,onshore_wind_turbine
63,47,109.3473599616,onshore_wind_turbine
80,47,1382.0315999999998,onshore_wind_turbine
94,47,7085.019,onshore_wind_turbine
105,47,976.968359577,onshore_wind_turbine
124,47,10788.8341481316,onshore_wind_turbine
136,47,875.0169000000001,onshore_wind_turbine
144,47,4706.84898,onshore_wind_turbine
11,47,19.125,small_hydroelectric
24,47,62.577,small_hydroelectric
32,47,192.0,small_hydroelectric
39,47,52.9,small_hydroelectric
51,47,25.641,small_hydroelectric
64,47,6.128,small_hydroelectric
81,47,241.672,small_hydroelectric
95,47,418.922,small_hydroelectric
106,47,31.614,small_hydroelectric
125,47,100.697,small_hydroelectric
137,47,36.822,small_hydroelectric
145,47,33.21,small_hydroelectric
12,47,0.0,solar_photovoltaic
25,47,0.0,solar_photovoltaic
33,47,0.0,solar_photovoltaic
52,47,0.0,solar_photovoltaic
65,47,0.0,solar_photovoltaic
82,47,0.0,solar_photovoltaic
96,47,0.0,solar_photovoltaic
107,47,0.0,solar_photovoltaic
126,47,0.0,solar_photovoltaic
138,47,0.0,solar_photovoltaic
26,48,11.235,biomass
13,48,15.682,biomass
108,48,137.081,biomass
40,48,5.952,biomass
97,48,178.173,biomass
1,48,16.294,biomass
66,48,228.795,biomass
2,48,838.9736796,conventional_hydroelectric
14,48,149.35327,conventional_hydroelectric
27,48,899.2889316000001,conventional_hydroelectric
35,48,1544.0262111999998,conventional_hydroelectric
54,48,828.2986569000001,conventional_hydroelectric
67,48,3006.223784133336,conventional_hydroelectric
84,48,18146.490058800002,conventional_hydroelectric
109,48,391.1688009918,conventional_hydroelectric
128,48,68.55288,conventional_hydroelectric
139,48,150.450816,conventional_hydroelectric
110,48,0.0,conventional_steam_coal
41,48,0.0,conventional_steam_coal
3,48,0.0,conventional_steam_coal
36,48,0.0,conventional_steam_coal
85,48,0.0,conventional_steam_coal
28,48,74.364,geothermal
116,48,0.0,natural_gas_fired_combined_cycle
73,48,0.0,natural_gas_fired_combined_cycle
71,48,0.0,natural_gas_fired_combined_cycle
44,48,0.0,natural_gas_fired_combined_cycle
115,48,0.0,natural_gas_fired_combined_cycle
70,48,0.0,natural_gas_fired_combined_cycle
131,48,0.0,natural_gas_fired_combined_cycle
18,48,0.0,natural_gas_fired_combined_cycle
72,48,0.0,natural_gas_fired_combined_cycle
114,48,0.0,natural_gas_fired_combined_cycle
45,48,0.0,natural_gas_fired_combined_cycle
78,48,0.0,natural_gas_fired_combustion_turbine
75,48,0.0,natural_gas_fired_combustion_turbine
119,48,0.0,natural_gas_fired_combustion_turbine
117,48,0.0,natural_gas_fired_combustion_turbine
134,48,0.0,natural_gas_fired_combustion_turbine
103,48,0.0,natural_gas_fired_combustion_turbine
47,48,0.0,natural_gas_fired_combustion_turbine
8,48,0.0,natural_gas_fired_combustion_turbine
90,48,0.0,natural_gas_fired_combustion_turbine
60,48,0.0,natural_gas_fired_combustion_turbine
46,48,0.0,natural_gas_fired_combustion_turbine
37,48,0.0,natural_gas_fired_combustion_turbine
7,48,0.0,natural_gas_fired_combustion_turbine
133,48,0.0,natural_gas_fired_combustion_turbine
74,48,0.0,natural_gas_fired_combustion_turbine
20,48,0.0,natural_gas_fired_combustion_turbine
135,48,0.0,natural_gas_fired_combustion_turbine
142,48,0.0,natural_gas_fired_combustion_turbine
121,48,0.0,natural_gas_fired_combustion_turbine
91,48,0.0,natural_gas_fired_combustion_turbine
22,48,0.0,natural_gas_steam_turbine
123,48,0.0,natural_gas_steam_turbine
62,48,0.0,natural_gas_steam_turbine
49,48,0.0,natural_gas_steam_turbine
48,48,0.0,natural_gas_steam_turbine
21,48,0.0,natural_gas_steam_turbine
79,48,5988.848756525891,nuclear
10,48,131.76333,onshore_wind_turbine
23,48,5763.4962000000005,onshore_wind_turbine
31,48,976.0510199999999,onshore_wind_turbine
38,48,129.0285,onshore_wind_turbine
50,48,1512.9617399999997,onshore_wind_turbine
63,48,75.52271988000001,onshore_wind_turbine
80,48,1214.35572,onshore_wind_turbine
94,48,8327.0646,onshore_wind_turbine
105,48,989.907060177,onshore_wind_turbine
124,48,10973.7819845148,onshore_wind_turbine
136,48,1072.7630100000001,onshore_wind_turbine
144,48,4745.779199999999,onshore_wind_turbine
11,48,19.125,small_hydroelectric
24,48,62.577,small_hydroelectric
32,48,192.0,small_hydroelectric
39,48,52.9,small_hydroelectric
51,48,25.641,small_hydroelectric
64,48,6.128,small_hydroelectric
81,48,241.672,small_hydroelectric
95,48,418.922,small_hydroelectric
106,48,31.614,small_hydroelectric
125,48,100.697,small_hydroelectric
137,48,36.822,small_hydroelectric
145,48,33.21,small_hydroelectric
12,48,0.0,solar_photovoltaic
25,48,0.0,solar_photovoltaic
33,48,0.0,solar_photovoltaic
52,48,0.0,solar_photovoltaic
65,48,0.0,solar_photovoltaic
82,48,0.0,solar_photovoltaic
96,48,0.0,solar_photovoltaic
107,48,0.0,solar_photovoltaic
126,48,0.0,solar_photovoltaic
138,48,0.0,solar_photovoltaic
26,49,11.235,biomass
13,49,15.682,biomass
108,49,137.081,biomass
40,49,5.952,biomass
97,49,178.173,biomass
1,49,16.294,biomass
66,49,228.795,biomass
2,49,838.9736796,conventional_hydroelectric
14,49,149.35327,conventional_hydroelectric
27,49,899.2889316000001,conventional_hydroelectric
35,49,1544.7754960000002,conventional_hydroelectric
54,49,828.8183574000001,conventional_hydroelectric
67,49,3005.181608054418,conventional_hydroelectric
84,49,18143.584761000002,conventional_hydroelectric
109,49,391.1080523298,conventional_hydroelectric
128,49,68.58324,conventional_hydroelectric
139,49,150.4973952,conventional_hydroelectric
110,49,0.0,conventional_steam_coal
41,49,0.0,conventional_steam_coal
3,49,0.0,conventional_steam_coal
36,49,0.0,conventional_steam_coal
85,49,0.0,conventional_steam_coal
28,49,74.364,geothermal
116,49,0.0,natural_gas_fired_combined_cycle
73,49,0.0,natural_gas_fired_combined_cycle
71,49,0.0,natural_gas_fired_combined_cycle
44,49,0.0,natural_gas_fired_combined_cycle
115,49,0.0,natural_gas_fired_combined_cycle
70,49,0.0,natural_gas_fired_combined_cycle
131,49,0.0,natural_gas_fired_combined_cycle
18,49,0.0,natural_gas_fired_combined_cycle
72,49,0.0,natural_gas_fired_combined_cycle
114,49,0.0,natural_gas_fired_combined_cycle
45,49,0.0,natural_gas_fired_combined_cycle
78,49,0.0,natural_gas_fired_combustion_turbine
75,49,0.0,natural_gas_fired_combustion_turbine
119,49,0.0,natural_gas_fired_combustion_turbine
117,49,0.0,natural_gas_fired_combustion_turbine
134,49,0.0,natural_gas_fired_combustion_turbine
103,49,0.0,natural_gas_fired_combustion_turbine
47,49,0.0,natural_gas_fired_combustion_turbine
8,49,0.0,natural_gas_fired_combustion_turbine
90,49,0.0,natural_gas_fired_combustion_turbine
60,49,0.0,natural_gas_fired_combustion_turbine
46,49,0.0,natural_gas_fired_combustion_turbine
37,49,0.0,natural_gas_fired_combustion_turbine
7,49,0.0,natural_gas_fired_combustion_turbine
133,49,0.0,natural_gas_fired_combustion_turbine
74,49,0.0,natural_gas_fired_combustion_turbine
20,49,0.0,natural_gas_fired_combustion_turbine
135,49,0.0,natural_gas_fired_combustion_turbine
142,49,0.0,natural_gas_fired_combustion_turbine
121,49,0.0,natural_gas_fired_combustion_turbine
91,49,0.0,natural_gas_fired_combustion_turbine
22,49,0.0,natural_gas_steam_turbine
123,49,0.0,natural_gas_steam_turbine
62,49,0.0,natural_gas_steam_turbine
49,49,0.0,natural_gas_steam_turbine
48,49,0.0,natural_gas_steam_turbine
21,49,0.0,natural_gas_steam_turbine
79,49,4539.721674019974,nuclear
10,49,147.20133,onshore_wind_turbine
23,49,5763.4962000000005,onshore_wind_turbine
31,49,669.6992399999999,onshore_wind_turbine
38,49,255.6225,onshore_wind_turbine
50,49,1286.4965399999999,onshore_wind_turbine
63,49,88.94567999760001,onshore_wind_turbine
80,49,922.8147599999999,onshore_wind_turbine
94,49,9712.544399999999,onshore_wind_turbine
105,49,1028.3901600420002,onshore_wind_turbine
124,49,11136.986944756201,onshore_wind_turbine
136,49,1111.69548,onshore_wind_turbine
144,49,5378.85873,onshore_wind_turbine
11,49,19.125,small_hydroelectric
24,49,62.577,small_hydroelectric
32,49,192.0,small_hydroelectric
39,49,52.9,small_hydroelectric
51,49,25.641,small_hydroelectric
64,49,6.128,small_hydroelectric
81,49,241.672,small_hydroelectric
95,49,418.922,small_hydroelectric
106,49,31.614,small_hydroelectric
125,49,100.697,small_hydroelectric
137,49,36.822,small_hydroelectric
145,49,33.21,small_hydroelectric
12,49,0.0,solar_photovoltaic
25,49,0.0,solar_photovoltaic
33,49,0.0,solar_photovoltaic
52,49,0.0,solar_photovoltaic
65,49,0.0,solar_photovoltaic
82,49,0.0,solar_photovoltaic
96,49,0.0,solar_photovoltaic
107,49,0.0,solar_photovoltaic
126,49,0.0,solar_photovoltaic
138,49,0.0,solar_photovoltaic
26,50,11.235,biomass
13,50,15.682,biomass
108,50,137.081,biomass
40,50,5.952,biomass
97,50,178.173,biomass
1,50,16.294,biomass
66,50,228.795,biomass
2,50,838.9736796,conventional_hydroelectric
14,50,149.3062296,conventional_hydroelectric
27,50,899.2889316000001,conventional_hydroelectric
35,50,1545.5247808000001,conventional_hydroelectric
54,50,829.3380579000001,conventional_hydroelectric
67,50,3004.814365263009,conventional_hydroelectric
84,50,18143.584761000002,conventional_hydroelectric
109,50,391.047305064,conventional_hydroelectric
128,50,68.59842,conventional_hydroelectric
139,50,150.5439744,conventional_hydroelectric
110,50,0.0,conventional_steam_coal
41,50,0.0,conventional_steam_coal
3,50,0.0,conventional_steam_coal
36,50,0.0,conventional_steam_coal
85,50,0.0,conventional_steam_coal
28,50,74.364,geothermal
116,50,0.0,natural_gas_fired_combined_cycle
73,50,0.0,natural_gas_fired_combined_cycle
71,50,0.0,natural_gas_fired_combined_cycle
44,50,0.0,natural_gas_fired_combined_cycle
115,50,0.0,natural_gas_fired_combined_cycle
70,50,0.0,natural_gas_fired_combined_cycle
131,50,0.0,natural_gas_fired_combined_cycle
18,50,0.0,natural_gas_fired_combined_cycle
72,50,0.0,natural_gas_fired_combined_cycle
114,50,0.0,natural_gas_fired_combined_cycle
45,50,0.0,natural_gas_fired_combined_cycle
78,50,0.0,natural_gas_fired_combustion_turbine
75,50,0.0,natural_gas_fired_combustion_turbine
119,50,0.0,natural_gas_fired_combustion_turbine
117,50,0.0,natural_gas_fired_combustion_turbine
134,50,0.0,natural_gas_fired_combustion_turbine
103,50,0.0,natural_gas_fired_combustion_turbine
47,50,0.0,natural_gas_fired_combustion_turbine
8,50,0.0,natural_gas_fired_combustion_turbine
90,50,0.0,natural_gas_fired_combustion_turbine
60,50,0.0,natural_gas_fired_combustion_turbine
46,50,0.0,natural_gas_fired_combustion_turbine
37,50,0.0,natural_gas_fired_combustion_turbine
7,50,0.0,natural_gas_fired_combustion_turbine
133,50,0.0,natural_gas_fired_combustion_turbine
74,50,0.0,natural_gas_fired_combustion_turbine
20,50,0.0,natural_gas_fired_combustion_turbine
135,50,0.0,natural_gas_fired_combustion_turbine
142,50,0.0,natural_gas_fired_combustion_turbine
121,50,0.0,natural_gas_fired_combustion_turbine
91,50,0.0,natural_gas_fired_combustion_turbine
22,50,0.0,natural_gas_steam_turbine
123,50,0.0,natural_gas_steam_turbine
62,50,0.0,natural_gas_steam_turbine
49,50,0.0,natural_gas_steam_turbine
48,50,0.0,natural_gas_steam_turbine
21,50,0.0,natural_gas_steam_turbine
79,50,2769.4637601691725,nuclear
10,50,100.96452000000001,onshore_wind_turbine
23,50,5631.7272,onshore_wind_turbine
31,50,745.5238499999999,onshore_wind_turbine
38,50,387.0855,onshore_wind_turbine
50,50,1126.22886,onshore_wind_turbine
63,50,104.3289601176,onshore_wind_turbine
80,50,754.7406,onshore_wind_turbine
94,50,10298.8908,onshore_wind_turbine
105,50,1043.465340141,onshore_wind_turbine
124,50,11019.117694345201,onshore_wind_turbine
136,50,1207.29204,onshore_wind_turbine
144,50,4651.23438,onshore_wind_turbine
11,50,19.125,small_hydroelectric
24,50,62.577,small_hydroelectric
32,50,192.0,small_hydroelectric
39,50,52.9,small_hydroelectric
51,50,25.641,small_hydroelectric
64,50,6.128,small_hydroelectric
81,50,241.672,small_hydroelectric
95,50,418.922,small_hydroelectric
106,50,31.614,small_hydroelectric
125,50,100.697,small_hydroelectric
137,50,36.822,small_hydroelectric
145,50,33.21,small_hydroelectric
12,50,0.0,solar_photovoltaic
25,50,0.0,solar_photovoltaic
33,50,0.0,solar_photovoltaic
52,50,0.0,solar_photovoltaic
65,50,0.0,solar_photovoltaic
82,50,0.0,solar_photovoltaic
96,50,0.0,solar_photovoltaic
107,50,0.0,solar_photovoltaic
126,50,0.0,solar_photovoltaic
138,50,0.0,solar_photovoltaic
26,51,11.235,biomass
13,51,15.682,biomass
108,51,137.081,biomass
40,51,5.952,biomass
97,51,178.173,biomass
1,51,16.294,biomass
66,51,228.795,biomass
2,51,838.9736796,conventional_hydroelectric
14,51,149.2591892,conventional_hydroelectric
27,51,899.2889316000001,conventional_hydroelectric
35,51,1546.2740655999999,conventional_hydroelectric
54,51,829.8577584000001,conventional_hydroelectric
67,51,3003.7721819100834,conventional_hydroelectric
84,51,18143.584761000002,conventional_hydroelectric
109,51,390.986556402,conventional_hydroelectric
128,51,68.62878,conventional_hydroelectric
139,51,150.5905536,conventional_hydroelectric
110,51,0.0,conventional_steam_coal
41,51,0.0,conventional_steam_coal
3,51,0.0,conventional_steam_coal
36,51,0.0,conventional_steam_coal
85,51,0.0,conventional_steam_coal
28,51,74.364,geothermal
116,51,0.0,natural_gas_fired_combined_cycle
73,51,0.0,natural_gas_fired_combined_cycle
71,51,0.0,natural_gas_fired_combined_cycle
44,51,0.0,natural_gas_fired_combined_cycle
115,51,0.0,natural_gas_fired_combined_cycle
70,51,0.0,natural_gas_fired_combined_cycle
131,51,0.0,natural_gas_fired_combined_cycle
18,51,0.0,natural_gas_fired_combined_cycle
72,51,0.0,natural_gas_fired_combined_cycle
114,51,0.0,natural_gas_fired_combined_cycle
45,51,0.0,natural_gas_fired_combined_cycle
78,51,0.0,natural_gas_fired_combustion_turbine
75,51,0.0,natural_gas_fired_combustion_turbine
119,51,0.0,natural_gas_fired_combustion_turbine
117,51,0.0,natural_gas_fired_combustion_turbine
134,51,0.0,natural_gas_fired_combustion_turbine
103,51,0.0,natural_gas_fired_combustion_turbine
47,51,0.0,natural_gas_fired_combustion_turbine
8,51,0.0,natural_gas_fired_combustion_turbine
90,51,0.0,natural_gas_fired_combustion_turbine
60,51,0.0,natural_gas_fired_combustion_turbine
46,51,0.0,natural_gas_fired_combustion_turbine
37,51,0.0,natural_gas_fired_combustion_turbine
7,51,0.0,natural_gas_fired_combustion_turbine
133,51,0.0,natural_gas_fired_combustion_turbine
74,51,0.0,natural_gas_fired_combustion_turbine
20,51,0.0,natural_gas_fired_combustion_turbine
135,51,0.0,natural_gas_fired_combustion_turbine
142,51,0.0,natural_gas_fired_combustion_turbine
121,51,0.0,natural_gas_fired_combustion_turbine
91,51,0.0,natural_gas_fired_combustion_turbine
22,51,0.0,natural_gas_steam_turbine
123,51,0.0,natural_gas_steam_turbine
62,51,0.0,natural_gas_steam_turbine
49,51,0.0,natural_gas_steam_turbine
48,51,0.0,natural_gas_steam_turbine
21,51,0.0,natural_gas_steam_turbine
79,51,4620.963510169173,nuclear
10,51,58.89597000000001,onshore_wind_turbine
23,51,4651.845,onshore_wind_turbine
31,51,1065.10677,onshore_wind_turbine
38,51,439.1838,onshore_wind_turbine
50,51,1105.9050599999998,onshore_wind_turbine
63,51,85.7149201224,onshore_wind_turbine
80,51,663.9327599999999,onshore_wind_turbine
94,51,9504.485999999999,onshore_wind_turbine
105,51,1106.801279388,onshore_wind_turbine
124,51,10625.1615252156,onshore_wind_turbine
136,51,1315.99458,onshore_wind_turbine
144,51,3145.9325399999993,onshore_wind_turbine
11,51,19.125,small_hydroelectric
24,51,62.577,small_hydroelectric
32,51,192.0,small_hydroelectric
39,51,52.9,small_hydroelectric
51,51,25.641,small_hydroelectric
64,51,6.128,small_hydroelectric
81,51,241.672,small_hydroelectric
95,51,418.922,small_hydroelectric
106,51,31.614,small_hydroelectric
125,51,100.697,small_hydroelectric
137,51,36.822,small_hydroelectric
145,51,33.21,small_hydroelectric
12,51,0.0,solar_photovoltaic
25,51,0.0,solar_photovoltaic
33,51,0.0,solar_photovoltaic
52,51,0.0,solar_photovoltaic
65,51,0.0,solar_photovoltaic
82,51,0.0,solar_photovoltaic
96,51,0.0,solar_photovoltaic
107,51,0.0,solar_photovoltaic
126,51,0.0,solar_photovoltaic
138,51,0.0,solar_photovoltaic
26,52,11.235,biomass
13,52,15.682,biomass
108,52,137.081,biomass
40,52,5.952,biomass
97,52,178.173,biomass
1,52,16.294,biomass
66,52,228.795,biomass
2,52,839.2499304,conventional_hydroelectric
14,52,149.2121488,conventional_hydroelectric
27,52,899.2889316000001,conventional_hydroelectric
35,52,1546.7735888,conventional_hydroelectric
54,52,830.3774589000001,conventional_hydroelectric
67,52,3002.677538418675,conventional_hydroelectric
84,52,18140.6794632,conventional_hydroelectric
109,52,390.92580913620003,conventional_hydroelectric
128,52,68.64396,conventional_hydroelectric
139,52,150.6371328,conventional_hydroelectric
110,52,0.0,conventional_steam_coal
41,52,0.0,conventional_steam_coal
3,52,0.0,conventional_steam_coal
36,52,0.0,conventional_steam_coal
85,52,0.0,conventional_steam_coal
28,52,74.364,geothermal
116,52,0.0,natural_gas_fired_combined_cycle
73,52,0.0,natural_gas_fired_combined_cycle
71,52,0.0,natural_gas_fired_combined_cycle
44,52,0.0,natural_gas_fired_combined_cycle
115,52,0.0,natural_gas_fired_combined_cycle
70,52,0.0,natural_gas_fired_combined_cycle
131,52,0.0,natural_gas_fired_combined_cycle
18,52,0.0,natural_gas_fired_combined_cycle
72,52,0.0,natural_gas_fired_combined_cycle
114,52,0.0,natural_gas_fired_combined_cycle
45,52,0.0,natural_gas_fired_combined_cycle
78,52,0.0,natural_gas_fired_combustion_turbine
75,52,0.0,natural_gas_fired_combustion_turbine
119,52,0.0,natural_gas_fired_combustion_turbine
117,52,0.0,natural_gas_fired_combustion_turbine
134,52,0.0,natural_gas_fired_combustion_turbine
103,52,0.0,natural_gas_fired_combustion_turbine
47,52,0.0,natural_gas_fired_combustion_turbine
8,52,0.0,natural_gas_fired_combustion_turbine
90,52,0.0,natural_gas_fired_combustion_turbine
60,52,0.0,natural_gas_fired_combustion_turbine
46,52,0.0,natural_gas_fired_combustion_turbine
37,52,0.0,natural_gas_fired_combustion_turbine
7,52,0.0,natural_gas_fired_combustion_turbine
133,52,0.0,natural_gas_fired_combustion_turbine
74,52,0.0,natural_gas_fired_combustion_turbine
20,52,0.0,natural_gas_fired_combustion_turbine
135,52,0.0,natural_gas_fired_combustion_turbine
142,52,0.0,natural_gas_fired_combustion_turbine
121,52,0.0,natural_gas_fired_combustion_turbine
91,52,0.0,natural_gas_fired_combustion_turbine
22,52,0.0,natural_gas_steam_turbine
123,52,0.0,natural_gas_steam_turbine
62,52,0.0,natural_gas_steam_turbine
49,52,0.0,natural_gas_steam_turbine
48,52,0.0,natural_gas_steam_turbine
21,52,0.0,natural_gas_steam_turbine
79,52,5426.8709693593555,nuclear
10,52,43.30359,onshore_wind_turbine
23,52,3506.6526,onshore_wind_turbine
31,52,950.09763,onshore_wind_turbine
38,52,405.34425000000005,onshore_wind_turbine
50,52,861.43878,onshore_wind_turbine
63,52,53.403240108,onshore_wind_turbine
80,52,546.4401599999999,onshore_wind_turbine
94,52,9167.1792,onshore_wind_turbine
105,52,1162.515300408,onshore_wind_turbine
124,52,10577.1652782576,onshore_wind_turbine
136,52,1369.57491,onshore_wind_turbine
144,52,2914.20504,onshore_wind_turbine
11,52,19.125,small_hydroelectric
24,52,62.577,small_hydroelectric
32,52,192.0,small_hydroelectric
39,52,52.9,small_hydroelectric
51,52,25.641,small_hydroelectric
64,52,6.128,small_hydroelectric
81,52,241.672,small_hydroelectric
95,52,418.922,small_hydroelectric
106,52,31.614,small_hydroelectric
125,52,100.697,small_hydroelectric
137,52,36.822,small_hydroelectric
145,52,33.21,small_hydroelectric
12,52,0.0,solar_photovoltaic
25,52,0.0,solar_photovoltaic
33,52,0.0,solar_photovoltaic
52,52,0.0,solar_photovoltaic
65,52,0.0,solar_photovoltaic
82,52,0.0,solar_photovoltaic
96,52,0.0,solar_photovoltaic
107,52,0.0,solar_photovoltaic
126,52,0.0,solar_photovoltaic
138,52,0.0,solar_photovoltaic
26,53,11.235,biomass
13,53,15.682,biomass
108,53,137.081,biomass
40,53,5.952,biomass
97,53,178.173,biomass
1,53,16.294,biomass
66,53,228.795,biomass
2,53,839.2499304,conventional_hydroelectric
14,53,149.2121488,conventional_hydroelectric
27,53,899.4300408,conventional_hydroelectric
35,53,1547.5228736000001,conventional_hydroelectric
54,53,830.8971594000001,conventional_hydroelectric
67,53,3001.635362339757,conventional_hydroelectric
84,53,18140.6794632,conventional_hydroelectric
109,53,390.8650604742,conventional_hydroelectric
128,53,68.65914000000001,conventional_hydroelectric
139,53,150.68371199999999,conventional_hydroelectric
110,53,0.0,conventional_steam_coal
41,53,0.0,conventional_steam_coal
3,53,0.0,conventional_steam_coal
36,53,0.0,conventional_steam_coal
85,53,0.0,conventional_steam_coal
28,53,74.364,geothermal
116,53,0.0,natural_gas_fired_combined_cycle
73,53,0.0,natural_gas_fired_combined_cycle
71,53,0.0,natural_gas_fired_combined_cycle
44,53,0.0,natural_gas_fired_combined_cycle
115,53,0.0,natural_gas_fired_combined_cycle
70,53,0.0,natural_gas_fired_combined_cycle
131,53,0.0,natural_gas_fired_combined_cycle
18,53,0.0,natural_gas_fired_combined_cycle
72,53,0.0,natural_gas_fired_combined_cycle
114,53,0.0,natural_gas_fired_combined_cycle
45,53,0.0,natural_gas_fired_combined_cycle
78,53,0.0,natural_gas_fired_combustion_turbine
75,53,0.0,natural_gas_fired_combustion_turbine
119,53,0.0,natural_gas_fired_combustion_turbine
117,53,0.0,natural_gas_fired_combustion_turbine
134,53,0.0,natural_gas_fired_combustion_turbine
103,53,0.0,natural_gas_fired_combustion_turbine
47,53,0.0,natural_gas_fired_combustion_turbine
8,53,0.0,natural_gas_fired_combustion_turbine
90,53,0.0,natural_gas_fired_combustion_turbine
60,53,0.0,natural_gas_fired_combustion_turbine
46,53,0.0,natural_gas_fired_combustion_turbine
37,53,0.0,natural_gas_fired_combustion_turbine
7,53,0.0,natural_gas_fired_combustion_turbine
133,53,0.0,natural_gas_fired_combustion_turbine
74,53,0.0,natural_gas_fired_combustion_turbine
20,53,0.0,natural_gas_fired_combustion_turbine
135,53,0.0,natural_gas_fired_combustion_turbine
142,53,0.0,natural_gas_fired_combustion_turbine
121,53,0.0,natural_gas_fired_combustion_turbine
91,53,0.0,natural_gas_fired_combustion_turbine
22,53,0.0,natural_gas_steam_turbine
123,53,0.0,natural_gas_steam_turbine
62,53,0.0,natural_gas_steam_turbine
49,53,0.0,natural_gas_steam_turbine
48,53,0.0,natural_gas_steam_turbine
21,53,0.0,natural_gas_steam_turbine
79,53,3575.3712193593556,nuclear
10,53,75.02868000000001,onshore_wind_turbine
23,53,2176.9836,onshore_wind_turbine
31,53,822.87513,onshore_wind_turbine
38,53,280.9413,onshore_wind_turbine
50,53,737.4635999999999,onshore_wind_turbine
63,53,7.6203600816,onshore_wind_turbine
80,53,223.43507999999997,onshore_wind_turbine
94,53,9871.7406,onshore_wind_turbine
105,53,1148.545379835,onshore_wind_turbine
124,53,10033.717495348801,onshore_wind_turbine
136,53,1445.5125,onshore_wind_turbine
144,53,1918.7036999999996,onshore_wind_turbine
11,53,19.125,small_hydroelectric
24,53,62.577,small_hydroelectric
32,53,192.0,small_hydroelectric
39,53,52.9,small_hydroelectric
51,53,25.641,small_hydroelectric
64,53,6.128,small_hydroelectric
81,53,241.672,small_hydroelectric
95,53,418.922,small_hydroelectric
106,53,31.614,small_hydroelectric
125,53,100.697,small_hydroelectric
137,53,36.822,small_hydroelectric
145,53,33.21,small_hydroelectric
12,53,0.0,solar_photovoltaic
25,53,290.97438,solar_photovoltaic
33,53,0.0,solar_photovoltaic
52,53,31.39932,solar_photovoltaic
65,53,0.0,solar_photovoltaic
82,53,0.0,solar_photovoltaic
96,53,0.0,solar_photovoltaic
107,53,0.0,solar_photovoltaic
126,53,0.0,solar_photovoltaic
138,53,0.0,solar_photovoltaic
26,54,11.235,biomass
13,54,15.682,biomass
108,54,137.081,biomass
40,54,5.952,biomass
97,54,178.173,biomass
1,54,16.294,biomass
66,54,228.795,biomass
2,54,839.2499304,conventional_hydroelectric
14,54,149.1651084,conventional_hydroelectric
27,54,899.4300408,conventional_hydroelectric
35,54,1548.2721584,conventional_hydroelectric
54,54,831.4168599000001,conventional_hydroelectric
67,54,3001.268119548348,conventional_hydroelectric
84,54,18137.7741654,conventional_hydroelectric
109,54,390.78618913620005,conventional_hydroelectric
128,54,68.68950000000001,conventional_hydroelectric
139,54,150.73029119999998,conventional_hydroelectric
110,54,0.0,conventional_steam_coal
41,54,0.0,conventional_steam_coal
3,54,0.0,conventional_steam_coal
36,54,0.0,conventional_steam_coal
85,54,0.0,conventional_steam_coal
28,54,74.364,geothermal
116,54,0.0,natural_gas_fired_combined_cycle
73,54,0.0,natural_gas_fired_combined_cycle
71,54,0.0,natural_gas_fired_combined_cycle
44,54,0.0,natural_gas_fired_combined_cycle
115,54,0.0,natural_gas_fired_combined_cycle
70,54,0.0,natural_gas_fired_combined_cycle
131,54,0.0,natural_gas_fired_combined_cycle
18,54,0.0,natural_gas_fired_combined_cycle
72,54,0.0,natural_gas_fired_combined_cycle
114,54,0.0,natural_gas_fired_combined_cycle
45,54,0.0,natural_gas_fired_combined_cycle
78,54,0.0,natural_gas_fired_combustion_turbine
75,54,0.0,natural_gas_fired_combustion_turbine
119,54,0.0,natural_gas_fired_combustion_turbine
117,54,0.0,natural_gas_fired_combustion_turbine
134,54,0.0,natural_gas_fired_combustion_turbine
103,54,0.0,natural_gas_fired_combustion_turbine
47,54,0.0,natural_gas_fired_combustion_turbine
8,54,0.0,natural_gas_fired_combustion_turbine
90,54,0.0,natural_gas_fired_combustion_turbine
60,54,0.0,natural_gas_fired_combustion_turbine
46,54,0.0,natural_gas_fired_combustion_turbine
37,54,0.0,natural_gas_fired_combustion_turbine
7,54,0.0,natural_gas_fired_combustion_turbine
133,54,0.0,natural_gas_fired_combustion_turbine
74,54,0.0,natural_gas_fired_combustion_turbine
20,54,0.0,natural_gas_fired_combustion_turbine
135,54,0.0,natural_gas_fired_combustion_turbine
142,54,0.0,natural_gas_fired_combustion_turbine
121,54,0.0,natural_gas_fired_combustion_turbine
91,54,0.0,natural_gas_fired_combustion_turbine
22,54,0.0,natural_gas_steam_turbine
123,54,0.0,natural_gas_steam_turbine
62,54,0.0,natural_gas_steam_turbine
49,54,0.0,natural_gas_steam_turbine
48,54,0.0,natural_gas_steam_turbine
21,54,0.0,natural_gas_steam_turbine
79,54,1723.8714693593558,nuclear
10,54,47.549040000000005,onshore_wind_turbine
23,54,1518.9372,onshore_wind_turbine
31,54,1391.81415,onshore_wind_turbine
38,54,228.59955,onshore_wind_turbine
50,54,588.5191799999999,onshore_wind_turbine
63,54,7.923960100800001,onshore_wind_turbine
80,54,138.99972,onshore_wind_turbine
94,54,9504.485999999999,onshore_wind_turbine
105,54,1045.451339541,onshore_wind_turbine
124,54,9896.562776232002,onshore_wind_turbine
136,54,1372.6586700000003,onshore_wind_turbine
144,54,2178.2384999999995,onshore_wind_turbine
11,54,19.125,small_hydroelectric
24,54,62.577,small_hydroelectric
32,54,192.0,small_hydroelectric
39,54,52.9,small_hydroelectric
51,54,25.641,small_hydroelectric
64,54,6.128,small_hydroelectric
81,54,241.672,small_hydroelectric
95,54,418.922,small_hydroelectric
106,54,31.614,small_hydroelectric
125,54,100.697,small_hydroelectric
137,54,36.822,small_hydroelectric
145,54,33.21,small_hydroelectric
12,54,1220.36544,solar_photovoltaic
25,54,704.616,solar_photovoltaic
33,54,95.74605000000001,solar_photovoltaic
52,54,966.5658599999999,solar_photovoltaic
65,54,1931.2548007668,solar_photovoltaic
82,54,82.77687,solar_photovoltaic
96,54,82.55367,solar_photovoltaic
107,54,1540.803329043,solar_photovoltaic
126,54,1860.7367617725,solar_photovoltaic
138,54,470.04738,solar_photovoltaic
26,55,0.0,biomass
13,55,0.0,biomass
108,55,0.0,biomass
40,55,0.0,biomass
97,55,0.0,biomass
1,55,0.0,biomass
66,55,0.0,biomass
2,55,609.9617664,conventional_hydroelectric
14,55,110.12157640000001,conventional_hydroelectric
27,55,782.3094048,conventional_hydroelectric
35,55,1340.9700304,conventional_hydroelectric
54,55,745.1465769000001,conventional_hydroelectric
67,55,2397.525538548348,conventional_hydroelectric
84,55,15726.376991399999,conventional_hydroelectric
109,55,274.9015891362001,conventional_hydroelectric
128,55,56.120459999999994,conventional_hydroelectric
139,55,131.3999232,conventional_hydroelectric
110,55,0.0,conventional_steam_coal
41,55,0.0,conventional_steam_coal
3,55,0.0,conventional_steam_coal
36,55,0.0,conventional_steam_coal
85,55,0.0,conventional_steam_coal
28,55,74.364,geothermal
116,55,0.0,natural_gas_fired_combined_cycle
73,55,0.0,natural_gas_fired_combined_cycle
71,55,0.0,natural_gas_fired_combined_cycle
44,55,0.0,natural_gas_fired_combined_cycle
115,55,0.0,natural_gas_fired_combined_cycle
70,55,0.0,natural_gas_fired_combined_cycle
131,55,0.0,natural_gas_fired_combined_cycle
18,55,0.0,natural_gas_fired_combined_cycle
72,55,0.0,natural_gas_fired_combined_cycle
114,55,0.0,natural_gas_fired_combined_cycle
45,55,0.0,natural_gas_fired_combined_cycle
78,55,0.0,natural_gas_fired_combustion_turbine
75,55,0.0,natural_gas_fired_combustion_turbine
119,55,0.0,natural_gas_fired_combustion_turbine
117,55,0.0,natural_gas_fired_combustion_turbine
134,55,0.0,natural_gas_fired_combustion_turbine
103,55,0.0,natural_gas_fired_combustion_turbine
47,55,0.0,natural_gas_fired_combustion_turbine
8,55,0.0,natural_gas_fired_combustion_turbine
90,55,0.0,natural_gas_fired_combustion_turbine
60,55,0.0,natural_gas_fired_combustion_turbine
46,55,0.0,natural_gas_fired_combustion_turbine
37,55,0.0,natural_gas_fired_combustion_turbine
7,55,0.0,natural_gas_fired_combustion_turbine
133,55,0.0,natural_gas_fired_combustion_turbine
74,55,0.0,natural_gas_fired_combustion_turbine
20,55,0.0,natural_gas_fired_combustion_turbine
135,55,0.0,natural_gas_fired_combustion_turbine
142,55,0.0,natural_gas_fired_combustion_turbine
121,55,0.0,natural_gas_fired_combustion_turbine
91,55,0.0,natural_gas_fired_combustion_turbine
22,55,0.0,natural_gas_steam_turbine
123,55,0.0,natural_gas_steam_turbine
62,55,0.0,natural_gas_steam_turbine
49,55,0.0,natural_gas_steam_turbine
48,55,0.0,natural_gas_steam_turbine
21,55,0.0,natural_gas_steam_turbine
79,55,0.0,nuclear
10,55,4.9401600000000006,onshore_wind_turbine
23,55,515.8956000000001,onshore_wind_turbine
31,55,2560.7344799999996,onshore_wind_turbine
38,55,227.8692,onshore_wind_turbine
50,55,476.15759999999995,onshore_wind_turbine
63,55,0.0,onshore_wind_turbine
80,55,155.72748,onshore_wind_turbine
94,55,9257.0226,onshore_wind_turbine
105,55,804.303719919,onshore_wind_turbine
124,55,8552.4012361458,onshore_wind_turbine
136,55,1482.51762,onshore_wind_turbine
144,55,2815.9525799999997,onshore_wind_turbine
11,55,19.125,small_hydroelectric
24,55,62.577,small_hydroelectric
32,55,192.0,small_hydroelectric
39,55,52.9,small_hydroelectric
51,55,25.641,small_hydroelectric
64,55,6.128,small_hydroelectric
81,55,241.672,small_hydroelectric
95,55,418.922,small_hydroelectric
106,55,31.614,small_hydroelectric
125,55,100.697,small_hydroelectric
137,55,36.822,small_hydroelectric
145,55,33.21,small_hydroelectric
12,55,2278.49976,solar_photovoltaic
25,55,992.5477199999999,solar_photovoltaic
33,55,212.39174999999997,solar_photovoltaic
52,55,1550.11926,solar_photovoltaic
65,55,3668.3458782371995,solar_photovoltaic
82,55,2915.58531,solar_photovoltaic
96,55,198.98520000000002,solar_photovoltaic
107,55,3308.642821845,solar_photovoltaic
126,55,6719.9547863115,solar_photovoltaic
138,55,863.3842799999999,solar_photovoltaic
26,56,0.0,biomass
13,56,0.0,biomass
108,56,0.0,biomass
40,56,0.0,biomass
97,56,0.0,biomass
1,56,0.0,biomass
66,56,0.0,biomass
2,56,380.6736024,conventional_hydroelectric
14,56,149.0710276,conventional_hydroelectric
27,56,665.1887688,conventional_hydroelectric
35,56,1136.6650415999998,conventional_hydroelectric
54,56,658.8762939000001,conventional_hydroelectric
67,56,1793.782957548348,conventional_hydroelectric
84,56,13314.979817399999,conventional_hydroelectric
109,56,159.01698913620007,conventional_hydroelectric
128,56,68.71986,conventional_hydroelectric
139,56,131.5163712,conventional_hydroelectric
110,56,0.0,conventional_steam_coal
41,56,0.0,conventional_steam_coal
3,56,0.0,conventional_steam_coal
36,56,0.0,conventional_steam_coal
85,56,0.0,conventional_steam_coal
28,56,74.364,geothermal
116,56,0.0,natural_gas_fired_combined_cycle
73,56,0.0,natural_gas_fired_combined_cycle
71,56,0.0,natural_gas_fired_combined_cycle
44,56,0.0,natural_gas_fired_combined_cycle
115,56,0.0,natural_gas_fired_combined_cycle
70,56,0.0,natural_gas_fired_combined_cycle
131,56,0.0,natural_gas_fired_combined_cycle
18,56,0.0,natural_gas_fired_combined_cycle
72,56,0.0,natural_gas_fired_combined_cycle
114,56,0.0,natural_gas_fired_combined_cycle
45,56,0.0,natural_gas_fired_combined_cycle
78,56,0.0,natural_gas_fired_combustion_turbine
75,56,0.0,natural_gas_fired_combustion_turbine
119,56,0.0,natural_gas_fired_combustion_turbine
117,56,0.0,natural_gas_fired_combustion_turbine
134,56,0.0,natural_gas_fired_combustion_turbine
103,56,0.0,natural_gas_fired_combustion_turbine
47,56,0.0,natural_gas_fired_combustion_turbine
8,56,0.0,natural_gas_fired_combustion_turbine
90,56,0.0,natural_gas_fired_combustion_turbine
60,56,0.0,natural_gas_fired_combustion_turbine
46,56,0.0,natural_gas_fired_combustion_turbine
37,56,0.0,natural_gas_fired_combustion_turbine
7,56,0.0,natural_gas_fired_combustion_turbine
133,56,0.0,natural_gas_fired_combustion_turbine
74,56,0.0,natural_gas_fired_combustion_turbine
20,56,0.0,natural_gas_fired_combustion_turbine
135,56,0.0,natural_gas_fired_combustion_turbine
142,56,0.0,natural_gas_fired_combustion_turbine
121,56,0.0,natural_gas_fired_combustion_turbine
91,56,0.0,natural_gas_fired_combustion_turbine
22,56,0.0,natural_gas_steam_turbine
123,56,0.0,natural_gas_steam_turbine
62,56,0.0,natural_gas_steam_turbine
49,56,0.0,natural_gas_steam_turbine
48,56,0.0,natural_gas_steam_turbine
21,56,0.0,natural_gas_steam_turbine
79,56,0.0,nuclear
10,56,0.0,onshore_wind_turbine
23,56,860.8908,onshore_wind_turbine
31,56,2947.49088,onshore_wind_turbine
38,56,401.93595,onshore_wind_turbine
50,56,1222.0410599999998,onshore_wind_turbine
63,56,0.0,onshore_wind_turbine
80,56,183.60708,onshore_wind_turbine
94,56,10248.4524,onshore_wind_turbine
105,56,133.544159469,onshore_wind_turbine
124,56,2907.3442191552003,onshore_wind_turbine
136,56,1868.3730900000003,onshore_wind_turbine
144,56,3955.1249699999994,onshore_wind_turbine
11,56,19.125,small_hydroelectric
24,56,62.577,small_hydroelectric
32,56,192.0,small_hydroelectric
39,56,52.9,small_hydroelectric
51,56,25.641,small_hydroelectric
64,56,6.128,small_hydroelectric
81,56,241.672,small_hydroelectric
95,56,418.922,small_hydroelectric
106,56,31.614,small_hydroelectric
125,56,100.697,small_hydroelectric
137,56,36.822,small_hydroelectric
145,56,33.21,small_hydroelectric
12,56,3221.61948,solar_photovoltaic
25,56,1178.4702599999998,solar_photovoltaic
33,56,324.81225,solar_photovoltaic
52,56,1998.3001199999999,solar_photovoltaic
65,56,5335.0973961216,solar_photovoltaic
82,56,4382.99346,solar_photovoltaic
96,56,274.73811,solar_photovoltaic
107,56,4901.8216167945,solar_photovoltaic
126,56,9887.290950066,solar_photovoltaic
138,56,1046.3544299999999,solar_photovoltaic
26,57,0.0,biomass
13,57,0.0,biomass
108,57,0.0,biomass
40,57,0.0,biomass
97,57,0.0,biomass
1,57,0.0,biomass
66,57,0.0,biomass
2,57,609.9617664,conventional_hydroelectric
14,57,149.02398720000002,conventional_hydroelectric
27,57,548.0681328000001,conventional_hydroelectric
35,57,1343.9671695999998,conventional_hydroelectric
54,57,575.7242138999998,conventional_hydroelectric
67,57,1190.040376548348,conventional_hydroelectric
84,57,10903.5826434,conventional_hydroelectric
109,57,274.6585972806,conventional_hydroelectric
128,57,68.75022000000001,conventional_hydroelectric
139,57,150.8467392,conventional_hydroelectric
110,57,0.0,conventional_steam_coal
41,57,0.0,conventional_steam_coal
3,57,0.0,conventional_steam_coal
36,57,0.0,conventional_steam_coal
85,57,0.0,conventional_steam_coal
28,57,74.364,geothermal
116,57,0.0,natural_gas_fired_combined_cycle
73,57,0.0,natural_gas_fired_combined_cycle
71,57,0.0,natural_gas_fired_combined_cycle
44,57,0.0,natural_gas_fired_combined_cycle
115,57,0.0,natural_gas_fired_combined_cycle
70,57,0.0,natural_gas_fired_combined_cycle
131,57,0.0,natural_gas_fired_combined_cycle
18,57,0.0,natural_gas_fired_combined_cycle
72,57,0.0,natural_gas_fired_combined_cycle
114,57,0.0,natural_gas_fired_combined_cycle
45,57,0.0,natural_gas_fired_combined_cycle
78,57,0.0,natural_gas_fired_combustion_turbine
75,57,0.0,natural_gas_fired_combustion_turbine
119,57,0.0,natural_gas_fired_combustion_turbine
117,57,0.0,natural_gas_fired_combustion_turbine
134,57,0.0,natural_gas_fired_combustion_turbine
103,57,0.0,natural_gas_fired_combustion_turbine
47,57,0.0,natural_gas_fired_combustion_turbine
8,57,0.0,natural_gas_fired_combustion_turbine
90,57,0.0,natural_gas_fired_combustion_turbine
60,57,0.0,natural_gas_fired_combustion_turbine
46,57,0.0,natural_gas_fired_combustion_turbine
37,57,0.0,natural_gas_fired_combustion_turbine
7,57,0.0,natural_gas_fired_combustion_turbine
133,57,0.0,natural_gas_fired_combustion_turbine
74,57,0.0,natural_gas_fired_combustion_turbine
20,57,0.0,natural_gas_fired_combustion_turbine
135,57,0.0,natural_gas_fired_combustion_turbine
142,57,0.0,natural_gas_fired_combustion_turbine
121,57,0.0,natural_gas_fired_combustion_turbine
91,57,0.0,natural_gas_fired_combustion_turbine
22,57,0.0,natural_gas_steam_turbine
123,57,0.0,natural_gas_steam_turbine
62,57,0.0,natural_gas_steam_turbine
49,57,0.0,natural_gas_steam_turbine
48,57,0.0,natural_gas_steam_turbine
21,57,0.0,natural_gas_steam_turbine
79,57,0.0,nuclear
10,57,4.168260000000001,onshore_wind_turbine
23,57,696.3792,onshore_wind_turbine
31,57,3262.49379,onshore_wind_turbine
38,57,582.5758500000001,onshore_wind_turbine
50,57,1355.8878,onshore_wind_turbine
63,57,0.0,onshore_wind_turbine
80,57,112.31495999999999,onshore_wind_turbine
94,57,11700.132599999999,onshore_wind_turbine
105,57,12.581039583,onshore_wind_turbine
124,57,722.3296553682001,onshore_wind_turbine
136,57,1849.4850600000002,onshore_wind_turbine
144,57,4055.2312499999994,onshore_wind_turbine
11,57,19.125,small_hydroelectric
24,57,62.577,small_hydroelectric
32,57,192.0,small_hydroelectric
39,57,52.9,small_hydroelectric
51,57,25.641,small_hydroelectric
64,57,6.128,small_hydroelectric
81,57,241.672,small_hydroelectric
95,57,418.922,small_hydroelectric
106,57,31.614,small_hydroelectric
125,57,100.697,small_hydroelectric
137,57,36.822,small_hydroelectric
145,57,33.21,small_hydroelectric
12,57,3891.12552,solar_photovoltaic
25,57,1198.9681799999998,solar_photovoltaic
33,57,410.44800000000004,solar_photovoltaic
52,57,2092.7943,solar_photovoltaic
65,57,6523.8174305217,solar_photovoltaic
82,57,5449.059209999999,solar_photovoltaic
96,57,352.88388000000003,solar_photovoltaic
107,57,6084.4896882585,solar_photovoltaic
126,57,12290.288376981001,solar_photovoltaic
138,57,1155.94083,solar_photovoltaic
26,58,0.0,biomass
13,58,0.0,biomass
108,58,0.0,biomass
40,58,0.0,biomass
97,58,0.0,biomass
1,58,0.0,biomass
66,58,0.0,biomass
2,58,839.2499304,conventional_hydroelectric
14,58,149.02398720000002,conventional_hydroelectric
27,58,665.1887688,conventional_hydroelectric
35,58,1551.2692975999998,conventional_hydroelectric
54,58,661.9944968999998,conventional_hydroelectric
67,58,603.742581,conventional_hydroelectric
84,58,12368.37423356594,conventional_hydroelectric
109,58,390.5431972806,conventional_hydroelectric
128,58,68.76540000000001,conventional_hydroelectric
139,58,150.8933184,conventional_hydroelectric
110,58,0.0,conventional_steam_coal
41,58,0.0,conventional_steam_coal
3,58,0.0,conventional_steam_coal
36,58,0.0,conventional_steam_coal
85,58,0.0,conventional_steam_coal
28,58,74.364,geothermal
116,58,0.0,natural_gas_fired_combined_cycle
73,58,0.0,natural_gas_fired_combined_cycle
71,58,0.0,natural_gas_fired_combined_cycle
44,58,0.0,natural_gas_fired_combined_cycle
115,58,0.0,natural_gas_fired_combined_cycle
70,58,0.0,natural_gas_fired_combined_cycle
131,58,0.0,natural_gas_fired_combined_cycle
18,58,0.0,natural_gas_fired_combined_cycle
72,58,0.0,natural_gas_fired_combined_cycle
114,58,0.0,natural_gas_fired_combined_cycle
45,58,0.0,natural_gas_fired_combined_cycle
78,58,0.0,natural_gas_fired_combustion_turbine
75,58,0.0,natural_gas_fired_combustion_turbine
119,58,0.0,natural_gas_fired_combustion_turbine
117,58,0.0,natural_gas_fired_combustion_turbine
134,58,0.0,natural_gas_fired_combustion_turbine
103,58,0.0,natural_gas_fired_combustion_turbine
47,58,0.0,natural_gas_fired_combustion_turbine
8,58,0.0,natural_gas_fired_combustion_turbine
90,58,0.0,natural_gas_fired_combustion_turbine
60,58,0.0,natural_gas_fired_combustion_turbine
46,58,0.0,natural_gas_fired_combustion_turbine
37,58,0.0,natural_gas_fired_combustion_turbine
7,58,0.0,natural_gas_fired_combustion_turbine
133,58,0.0,natural_gas_fired_combustion_turbine
74,58,0.0,natural_gas_fired_combustion_turbine
20,58,0.0,natural_gas_fired_combustion_turbine
135,58,0.0,natural_gas_fired_combustion_turbine
142,58,0.0,natural_gas_fired_combustion_turbine
121,58,0.0,natural_gas_fired_combustion_turbine
91,58,0.0,natural_gas_fired_combustion_turbine
22,58,0.0,natural_gas_steam_turbine
123,58,0.0,natural_gas_steam_turbine
62,58,0.0,natural_gas_steam_turbine
49,58,0.0,natural_gas_steam_turbine
48,58,0.0,natural_gas_steam_turbine
21,58,0.0,natural_gas_steam_turbine
79,58,0.0,nuclear
10,58,8.95404,onshore_wind_turbine
23,58,599.7486,onshore_wind_turbine
31,58,3464.5231199999994,onshore_wind_turbine
38,58,784.8828000000001,onshore_wind_turbine
50,58,1538.2213199999999,onshore_wind_turbine
63,58,6.5274000792,onshore_wind_turbine
80,58,95.18892,onshore_wind_turbine
94,58,11591.374800000001,onshore_wind_turbine
105,58,4.634880075,onshore_wind_turbine
124,58,189.8185475406,onshore_wind_turbine
136,58,1706.8611600000002,onshore_wind_turbine
144,58,4751.340659999999,onshore_wind_turbine
11,58,19.125,small_hydroelectric
24,58,62.577,small_hydroelectric
32,58,192.0,small_hydroelectric
39,58,52.9,small_hydroelectric
51,58,25.641,small_hydroelectric
64,58,6.128,small_hydroelectric
81,58,241.672,small_hydroelectric
95,58,418.922,small_hydroelectric
106,58,31.614,small_hydroelectric
125,58,100.697,small_hydroelectric
137,58,36.822,small_hydroelectric
145,58,33.21,small_hydroelectric
12,58,4195.0062,solar_photovoltaic
25,58,1231.31646,solar_photovoltaic
33,58,393.62265,solar_photovoltaic
52,58,2184.32628,solar_photovoltaic
65,58,7222.458567133499,solar_photovoltaic
82,58,5827.826099999999,solar_photovoltaic
96,58,381.78711,solar_photovoltaic
107,58,6589.9992013890005,solar_photovoltaic
126,58,13302.883221633,solar_photovoltaic
138,58,1240.6745999999998,solar_photovoltaic
26,59,0.0,biomass
13,59,0.0,biomass
108,59,0.0,biomass
40,59,0.0,biomass
97,59,0.0,biomass
1,59,0.0,biomass
66,59,0.0,biomass
2,59,839.5261812,conventional_hydroelectric
14,59,148.97694679999998,conventional_hydroelectric
27,59,548.0681328000001,conventional_hydroelectric
35,59,1343.9671695999998,conventional_hydroelectric
54,59,748.2647798999999,conventional_hydroelectric
67,59,0.0,conventional_hydroelectric
84,59,9956.977059565941,conventional_hydroelectric
109,59,390.4824486186,conventional_hydroelectric
128,59,68.79576,conventional_hydroelectric
139,59,150.9398976,conventional_hydroelectric
110,59,0.0,conventional_steam_coal
41,59,0.0,conventional_steam_coal
3,59,0.0,conventional_steam_coal
36,59,0.0,conventional_steam_coal
85,59,0.0,conventional_steam_coal
28,59,74.364,geothermal
116,59,0.0,natural_gas_fired_combined_cycle
73,59,0.0,natural_gas_fired_combined_cycle
71,59,0.0,natural_gas_fired_combined_cycle
44,59,0.0,natural_gas_fired_combined_cycle
115,59,0.0,natural_gas_fired_combined_cycle
70,59,0.0,natural_gas_fired_combined_cycle
131,59,0.0,natural_gas_fired_combined_cycle
18,59,0.0,natural_gas_fired_combined_cycle
72,59,0.0,natural_gas_fired_combined_cycle
114,59,0.0,natural_gas_fired_combined_cycle
45,59,0.0,natural_gas_fired_combined_cycle
78,59,0.0,natural_gas_fired_combustion_turbine
75,59,0.0,natural_gas_fired_combustion_turbine
119,59,0.0,natural_gas_fired_combustion_turbine
117,59,0.0,natural_gas_fired_combustion_turbine
134,59,0.0,natural_gas_fired_combustion_turbine
103,59,0.0,natural_gas_fired_combustion_turbine
47,59,0.0,natural_gas_fired_combustion_turbine
8,59,0.0,natural_gas_fired_combustion_turbine
90,59,0.0,natural_gas_fired_combustion_turbine
60,59,0.0,natural_gas_fired_combustion_turbine
46,59,0.0,natural_gas_fired_combustion_turbine
37,59,0.0,natural_gas_fired_combustion_turbine
7,59,0.0,natural_gas_fired_combustion_turbine
133,59,0.0,natural_gas_fired_combustion_turbine
74,59,0.0,natural_gas_fired_combustion_turbine
20,59,0.0,natural_gas_fired_combustion_turbine
135,59,0.0,natural_gas_fired_combustion_turbine
142,59,0.0,natural_gas_fired_combustion_turbine
121,59,0.0,natural_gas_fired_combustion_turbine
91,59,0.0,natural_gas_fired_combustion_turbine
22,59,0.0,natural_gas_steam_turbine
123,59,0.0,natural_gas_steam_turbine
62,59,0.0,natural_gas_steam_turbine
49,59,0.0,natural_gas_steam_turbine
48,59,0.0,natural_gas_steam_turbine
21,59,0.0,natural_gas_steam_turbine
79,59,0.0,nuclear
10,59,13.43106,onshore_wind_turbine
23,59,681.2058,onshore_wind_turbine
31,59,2441.14533,onshore_wind_turbine
38,59,1046.10465,onshore_wind_turbine
50,59,1653.7766399999998,onshore_wind_turbine
63,59,39.6076801488,onshore_wind_turbine
80,59,102.35795999999999,onshore_wind_turbine
94,59,11632.356,onshore_wind_turbine
105,59,67.042559493,onshore_wind_turbine
124,59,136.5468864936,onshore_wind_turbine
136,59,1844.47395,onshore_wind_turbine
144,59,4162.752809999999,onshore_wind_turbine
11,59,19.125,small_hydroelectric
24,59,62.577,small_hydroelectric
32,59,192.0,small_hydroelectric
39,59,52.9,small_hydroelectric
51,59,25.641,small_hydroelectric
64,59,6.128,small_hydroelectric
81,59,241.672,small_hydroelectric
95,59,418.922,small_hydroelectric
106,59,31.614,small_hydroelectric
125,59,100.697,small_hydroelectric
137,59,36.822,small_hydroelectric
145,59,33.21,small_hydroelectric
12,59,4417.77132,solar_photovoltaic
25,59,1235.1598199999999,solar_photovoltaic
33,59,388.4166,solar_photovoltaic
52,59,2213.05962,solar_photovoltaic
65,59,7713.2069126373,solar_photovoltaic
82,59,6126.3245099999995,solar_photovoltaic
96,59,396.33318,solar_photovoltaic
107,59,6952.6026645195,solar_photovoltaic
126,59,13976.782671666,solar_photovoltaic
138,59,1237.3478699999998,solar_photovoltaic
26,60,0.0,biomass
13,60,0.0,biomass
108,60,0.0,biomass
40,60,0.0,biomass
97,60,0.0,biomass
1,60,0.0,biomass
66,60,0.0,biomass
2,60,687.8644919999999,conventional_hydroelectric
14,60,148.9299064,conventional_hydroelectric
27,60,430.94749680000007,conventional_hydroelectric
35,60,1136.6650415999998,conventional_hydroelectric
54,60,834.5350629,conventional_hydroelectric
67,60,0.0,conventional_hydroelectric
84,60,7545.579885565941,conventional_hydroelectric
109,60,390.4824486186,conventional_hydroelectric
128,60,68.81094,conventional_hydroelectric
139,60,150.9864768,conventional_hydroelectric
110,60,0.0,conventional_steam_coal
41,60,0.0,conventional_steam_coal
3,60,0.0,conventional_steam_coal
36,60,0.0,conventional_steam_coal
85,60,0.0,conventional_steam_coal
28,60,74.364,geothermal
116,60,0.0,natural_gas_fired_combined_cycle
73,60,0.0,natural_gas_fired_combined_cycle
71,60,0.0,natural_gas_fired_combined_cycle
44,60,0.0,natural_gas_fired_combined_cycle
115,60,0.0,natural_gas_fired_combined_cycle
70,60,0.0,natural_gas_fired_combined_cycle
131,60,0.0,natural_gas_fired_combined_cycle
18,60,0.0,natural_gas_fired_combined_cycle
72,60,0.0,natural_gas_fired_combined_cycle
114,60,0.0,natural_gas_fired_combined_cycle
45,60,0.0,natural_gas_fired_combined_cycle
78,60,0.0,natural_gas_fired_combustion_turbine
75,60,0.0,natural_gas_fired_combustion_turbine
119,60,0.0,natural_gas_fired_combustion_turbine
117,60,0.0,natural_gas_fired_combustion_turbine
134,60,0.0,natural_gas_fired_combustion_turbine
103,60,0.0,natural_gas_fired_combustion_turbine
47,60,0.0,natural_gas_fired_combustion_turbine
8,60,0.0,natural_gas_fired_combustion_turbine
90,60,0.0,natural_gas_fired_combustion_turbine
60,60,0.0,natural_gas_fired_combustion_turbine
46,60,0.0,natural_gas_fired_combustion_turbine
37,60,0.0,natural_gas_fired_combustion_turbine
7,60,0.0,natural_gas_fired_combustion_turbine
133,60,0.0,natural_gas_fired_combustion_turbine
74,60,0.0,natural_gas_fired_combustion_turbine
20,60,0.0,natural_gas_fired_combustion_turbine
135,60,0.0,natural_gas_fired_combustion_turbine
142,60,0.0,natural_gas_fired_combustion_turbine
121,60,0.0,natural_gas_fired_combustion_turbine
91,60,0.0,natural_gas_fired_combustion_turbine
22,60,0.0,natural_gas_steam_turbine
123,60,0.0,natural_gas_steam_turbine
62,60,0.0,natural_gas_steam_turbine
49,60,0.0,natural_gas_steam_turbine
48,60,0.0,natural_gas_steam_turbine
21,60,0.0,natural_gas_steam_turbine
79,60,0.0,nuclear
10,60,7.79619,onshore_wind_turbine
23,60,2085.1446,onshore_wind_turbine
31,60,1710.88818,onshore_wind_turbine
38,60,1103.3154,onshore_wind_turbine
50,60,1709.8122599999997,onshore_wind_turbine
63,60,45.35676006960001,onshore_wind_turbine
80,60,252.50951999999998,onshore_wind_turbine
94,60,11950.7484,onshore_wind_turbine
105,60,219.170159901,onshore_wind_turbine
124,60,853.4894970228,onshore_wind_turbine
136,60,1764.68166,onshore_wind_turbine
144,60,3963.4671599999992,onshore_wind_turbine
11,60,19.125,small_hydroelectric
24,60,62.577,small_hydroelectric
32,60,192.0,small_hydroelectric
39,60,52.9,small_hydroelectric
51,60,25.641,small_hydroelectric
64,60,6.128,small_hydroelectric
81,60,241.672,small_hydroelectric
95,60,418.922,small_hydroelectric
106,60,31.614,small_hydroelectric
125,60,100.697,small_hydroelectric
137,60,36.822,small_hydroelectric
145,60,33.21,small_hydroelectric
12,60,4476.4893,solar_photovoltaic
25,60,1228.5940799999998,solar_photovoltaic
33,60,378.83445,solar_photovoltaic
52,60,2185.21494,solar_photovoltaic
65,60,7852.314212790599,solar_photovoltaic
82,60,6197.395559999999,solar_photovoltaic
96,60,373.4121,solar_photovoltaic
107,60,7044.6356967165,solar_photovoltaic
126,60,14265.979135156502,solar_photovoltaic
138,60,1257.3082499999998,solar_photovoltaic
26,61,0.0,biomass
13,61,0.0,biomass
108,61,0.0,biomass
40,61,0.0,biomass
97,61,0.0,biomass
1,61,0.0,biomass
66,61,0.0,biomass
2,61,458.576328,conventional_hydroelectric
14,61,148.882866,conventional_hydroelectric
27,61,313.8268608000001,conventional_hydroelectric
35,61,929.3629135999997,conventional_hydroelectric
54,61,835.1587035,conventional_hydroelectric
67,61,0.0,conventional_hydroelectric
84,61,5134.182711565942,conventional_hydroelectric
109,61,390.4217013528,conventional_hydroelectric
128,61,68.82612,conventional_hydroelectric
139,61,151.033056,conventional_hydroelectric
110,61,0.0,conventional_steam_coal
41,61,0.0,conventional_steam_coal
3,61,0.0,conventional_steam_coal
36,61,0.0,conventional_steam_coal
85,61,0.0,conventional_steam_coal
28,61,74.364,geothermal
116,61,0.0,natural_gas_fired_combined_cycle
73,61,0.0,natural_gas_fired_combined_cycle
71,61,0.0,natural_gas_fired_combined_cycle
44,61,0.0,natural_gas_fired_combined_cycle
115,61,0.0,natural_gas_fired_combined_cycle
70,61,0.0,natural_gas_fired_combined_cycle
131,61,0.0,natural_gas_fired_combined_cycle
18,61,0.0,natural_gas_fired_combined_cycle
72,61,0.0,natural_gas_fired_combined_cycle
114,61,0.0,natural_gas_fired_combined_cycle
45,61,0.0,natural_gas_fired_combined_cycle
78,61,0.0,natural_gas_fired_combustion_turbine
75,61,0.0,natural_gas_fired_combustion_turbine
119,61,0.0,natural_gas_fired_combustion_turbine
117,61,0.0,natural_gas_fired_combustion_turbine
134,61,0.0,natural_gas_fired_combustion_turbine
103,61,0.0,natural_gas_fired_combustion_turbine
47,61,0.0,natural_gas_fired_combustion_turbine
8,61,0.0,natural_gas_fired_combustion_turbine
90,61,0.0,natural_gas_fired_combustion_turbine
60,61,0.0,natural_gas_fired_combustion_turbine
46,61,0.0,natural_gas_fired_combustion_turbine
37,61,0.0,natural_gas_fired_combustion_turbine
7,61,0.0,natural_gas_fired_combustion_turbine
133,61,0.0,natural_gas_fired_combustion_turbine
74,61,0.0,natural_gas_fired_combustion_turbine
20,61,0.0,natural_gas_fired_combustion_turbine
135,61,0.0,natural_gas_fired_combustion_turbine
142,61,0.0,natural_gas_fired_combustion_turbine
121,61,0.0,natural_gas_fired_combustion_turbine
91,61,0.0,natural_gas_fired_combustion_turbine
22,61,0.0,natural_gas_steam_turbine
123,61,0.0,natural_gas_steam_turbine
62,61,0.0,natural_gas_steam_turbine
49,61,0.0,natural_gas_steam_turbine
48,61,0.0,natural_gas_steam_turbine
21,61,0.0,natural_gas_steam_turbine
79,61,0.0,nuclear
10,61,9.33999,onshore_wind_turbine
23,61,3035.4786,onshore_wind_turbine
31,61,1919.0241899999999,onshore_wind_turbine
38,61,1468.24695,onshore_wind_turbine
50,61,1687.45608,onshore_wind_turbine
63,61,81.5908798608,onshore_wind_turbine
80,61,99.17172,onshore_wind_turbine
94,61,12677.3766,onshore_wind_turbine
105,61,420.979620411,onshore_wind_turbine
124,61,2069.522219094,onshore_wind_turbine
136,61,1806.6978900000001,onshore_wind_turbine
144,61,4295.300939999999,onshore_wind_turbine
11,61,19.125,small_hydroelectric
24,61,62.577,small_hydroelectric
32,61,192.0,small_hydroelectric
39,61,52.9,small_hydroelectric
51,61,25.641,small_hydroelectric
64,61,6.128,small_hydroelectric
81,61,241.672,small_hydroelectric
95,61,418.922,small_hydroelectric
106,61,31.614,small_hydroelectric
125,61,100.697,small_hydroelectric
137,61,36.822,small_hydroelectric
145,61,33.21,small_hydroelectric
12,61,4473.4626,solar_photovoltaic
25,61,1236.7612199999999,solar_photovoltaic
33,61,374.23199999999997,solar_photovoltaic
52,61,2190.5469,solar_photovoltaic
65,61,7925.3698461062995,solar_photovoltaic
82,61,6174.82005,solar_photovoltaic
96,61,369.94875,solar_photovoltaic
107,61,7068.4312844685,solar_photovoltaic
126,61,14250.782249076,solar_photovoltaic
138,61,1264.5487799999999,solar_photovoltaic
26,62,0.0,biomass
13,62,0.0,biomass
108,62,0.0,biomass
40,62,0.0,biomass
97,62,0.0,biomass
1,62,0.0,biomass
66,62,0.0,biomass
2,62,229.288164,conventional_hydroelectric
14,62,148.8358256,conventional_hydroelectric
27,62,197.12955240000016,conventional_hydroelectric
35,62,722.0607855999997,conventional_hydroelectric
54,62,835.6784040000001,conventional_hydroelectric
67,62,0.0,conventional_hydroelectric
84,62,7545.579885565942,conventional_hydroelectric
109,62,390.28208135280005,conventional_hydroelectric
128,62,68.85648,conventional_hydroelectric
139,62,151.0796352,conventional_hydroelectric
110,62,0.0,conventional_steam_coal
41,62,0.0,conventional_steam_coal
3,62,0.0,conventional_steam_coal
36,62,0.0,conventional_steam_coal
85,62,0.0,conventional_steam_coal
28,62,74.364,geothermal
116,62,0.0,natural_gas_fired_combined_cycle
73,62,0.0,natural_gas_fired_combined_cycle
71,62,0.0,natural_gas_fired_combined_cycle
44,62,0.0,natural_gas_fired_combined_cycle
115,62,0.0,natural_gas_fired_combined_cycle
70,62,0.0,natural_gas_fired_combined_cycle
131,62,0.0,natural_gas_fired_combined_cycle
18,62,0.0,natural_gas_fired_combined_cycle
72,62,0.0,natural_gas_fired_combined_cycle
114,62,0.0,natural_gas_fired_combined_cycle
45,62,0.0,natural_gas_fired_combined_cycle
78,62,0.0,natural_gas_fired_combustion_turbine
75,62,0.0,natural_gas_fired_combustion_turbine
119,62,0.0,natural_gas_fired_combustion_turbine
117,62,0.0,natural_gas_fired_combustion_turbine
134,62,0.0,natural_gas_fired_combustion_turbine
103,62,0.0,natural_gas_fired_combustion_turbine
47,62,0.0,natural_gas_fired_combustion_turbine
8,62,0.0,natural_gas_fired_combustion_turbine
90,62,0.0,natural_gas_fired_combustion_turbine
60,62,0.0,natural_gas_fired_combustion_turbine
46,62,0.0,natural_gas_fired_combustion_turbine
37,62,0.0,natural_gas_fired_combustion_turbine
7,62,0.0,natural_gas_fired_combustion_turbine
133,62,0.0,natural_gas_fired_combustion_turbine
74,62,0.0,natural_gas_fired_combustion_turbine
20,62,0.0,natural_gas_fired_combustion_turbine
135,62,0.0,natural_gas_fired_combustion_turbine
142,62,0.0,natural_gas_fired_combustion_turbine
121,62,0.0,natural_gas_fired_combustion_turbine
91,62,0.0,natural_gas_fired_combustion_turbine
22,62,0.0,natural_gas_steam_turbine
123,62,0.0,natural_gas_steam_turbine
62,62,0.0,natural_gas_steam_turbine
49,62,0.0,natural_gas_steam_turbine
48,62,0.0,natural_gas_steam_turbine
21,62,0.0,natural_gas_steam_turbine
79,62,0.0,nuclear
10,62,58.201260000000005,onshore_wind_turbine
23,62,3726.2676,onshore_wind_turbine
31,62,2332.2428699999996,onshore_wind_turbine
38,62,1623.08115,onshore_wind_turbine
50,62,1874.4350399999996,onshore_wind_turbine
63,62,132.7347599256,onshore_wind_turbine
80,62,180.02255999999997,onshore_wind_turbine
94,62,12844.4538,onshore_wind_turbine
105,62,466.36896001499997,onshore_wind_turbine
124,62,2077.9596028818,onshore_wind_turbine
136,62,1638.6329700000001,onshore_wind_turbine
144,62,3782.7197099999994,onshore_wind_turbine
11,62,19.125,small_hydroelectric
24,62,62.577,small_hydroelectric
32,62,192.0,small_hydroelectric
39,62,52.9,small_hydroelectric
51,62,25.641,small_hydroelectric
64,62,6.128,small_hydroelectric
81,62,241.672,small_hydroelectric
95,62,418.922,small_hydroelectric
106,62,31.614,small_hydroelectric
125,62,100.697,small_hydroelectric
137,62,36.822,small_hydroelectric
145,62,33.21,small_hydroelectric
12,62,4470.4359,solar_photovoltaic
25,62,1188.2387999999999,solar_photovoltaic
33,62,373.0248,solar_photovoltaic
52,62,2024.36748,solar_photovoltaic
65,62,7892.787328083899,solar_photovoltaic
82,62,6234.18528,solar_photovoltaic
96,62,367.61886000000004,solar_photovoltaic
107,62,7056.418767171001,solar_photovoltaic
126,62,14348.929176288,solar_photovoltaic
138,62,1163.37705,solar_photovoltaic
26,63,0.0,biomass
13,63,0.0,biomass
108,63,0.0,biomass
40,63,0.0,biomass
97,63,0.0,biomass
1,63,0.0,biomass
66,63,0.0,biomass
2,63,0.0,conventional_hydroelectric
14,63,148.8358256,conventional_hydroelectric
27,63,314.2501884000002,conventional_hydroelectric
35,63,522.0017439999997,conventional_hydroelectric
54,63,836.1981045,conventional_hydroelectric
67,63,0.0,conventional_hydroelectric
84,63,9956.977059565945,conventional_hydroelectric
109,63,390.2213326908,conventional_hydroelectric
128,63,68.87166,conventional_hydroelectric
139,63,151.1262144,conventional_hydroelectric
110,63,0.0,conventional_steam_coal
41,63,0.0,conventional_steam_coal
3,63,0.0,conventional_steam_coal
36,63,0.0,conventional_steam_coal
85,63,0.0,conventional_steam_coal
28,63,74.364,geothermal
116,63,0.0,natural_gas_fired_combined_cycle
73,63,0.0,natural_gas_fired_combined_cycle
71,63,0.0,natural_gas_fired_combined_cycle
44,63,0.0,natural_gas_fired_combined_cycle
115,63,0.0,natural_gas_fired_combined_cycle
70,63,0.0,natural_gas_fired_combined_cycle
131,63,0.0,natural_gas_fired_combined_cycle
18,63,0.0,natural_gas_fired_combined_cycle
72,63,0.0,natural_gas_fired_combined_cycle
114,63,0.0,natural_gas_fired_combined_cycle
45,63,0.0,natural_gas_fired_combined_cycle
78,63,0.0,natural_gas_fired_combustion_turbine
75,63,0.0,natural_gas_fired_combustion_turbine
119,63,0.0,natural_gas_fired_combustion_turbine
117,63,0.0,natural_gas_fired_combustion_turbine
134,63,0.0,natural_gas_fired_combustion_turbine
103,63,0.0,natural_gas_fired_combustion_turbine
47,63,0.0,natural_gas_fired_combustion_turbine
8,63,0.0,natural_gas_fired_combustion_turbine
90,63,0.0,natural_gas_fired_combustion_turbine
60,63,0.0,natural_gas_fired_combustion_turbine
46,63,0.0,natural_gas_fired_combustion_turbine
37,63,0.0,natural_gas_fired_combustion_turbine
7,63,0.0,natural_gas_fired_combustion_turbine
133,63,0.0,natural_gas_fired_combustion_turbine
74,63,0.0,natural_gas_fired_combustion_turbine
20,63,0.0,natural_gas_fired_combustion_turbine
135,63,0.0,natural_gas_fired_combustion_turbine
142,63,0.0,natural_gas_fired_combustion_turbine
121,63,0.0,natural_gas_fired_combustion_turbine
91,63,0.0,natural_gas_fired_combustion_turbine
22,63,0.0,natural_gas_steam_turbine
123,63,0.0,natural_gas_steam_turbine
62,63,0.0,natural_gas_steam_turbine
49,63,0.0,natural_gas_steam_turbine
48,63,0.0,natural_gas_steam_turbine
21,63,0.0,natural_gas_steam_turbine
79,63,0.0,nuclear
10,63,29.71815,onshore_wind_turbine
23,63,3064.2282,onshore_wind_turbine
31,63,2032.5066599999998,onshore_wind_turbine
38,63,1744.8061500000001,onshore_wind_turbine
50,63,1856.7242999999996,onshore_wind_turbine
63,63,56.3224799664,onshore_wind_turbine
80,63,351.68124,onshore_wind_turbine
94,63,13597.877400000001,onshore_wind_turbine
105,63,312.187739724,onshore_wind_turbine
124,63,1206.5798939502001,onshore_wind_turbine
136,63,1683.7329600000003,onshore_wind_turbine
144,63,4297.154759999999,onshore_wind_turbine
11,63,19.125,small_hydroelectric
24,63,62.577,small_hydroelectric
32,63,192.0,small_hydroelectric
39,63,52.9,small_hydroelectric
51,63,25.641,small_hydroelectric
64,63,6.128,small_hydroelectric
81,63,241.672,small_hydroelectric
95,63,418.922,small_hydroelectric
106,63,31.614,small_hydroelectric
125,63,100.697,small_hydroelectric
137,63,36.822,small_hydroelectric
145,63,33.21,small_hydroelectric
12,63,4271.279039999999,solar_photovoltaic
25,63,1103.20446,solar_photovoltaic
33,63,442.66515,solar_photovoltaic
52,63,2012.51868,solar_photovoltaic
65,63,7571.6343925605,solar_photovoltaic
82,63,6159.76971,solar_photovoltaic
96,63,374.67150000000004,solar_photovoltaic
107,63,6771.5193313125,solar_photovoltaic
126,63,13895.4546630615,solar_photovoltaic
138,63,1258.2866999999999,solar_photovoltaic
26,64,0.0,biomass
13,64,0.0,biomass
108,64,0.0,biomass
40,64,0.0,biomass
97,64,0.0,biomass
1,64,0.0,biomass
66,64,0.0,biomass
2,64,0.0,conventional_hydroelectric
14,64,148.7887852,conventional_hydroelectric
27,64,431.3708244000002,conventional_hydroelectric
35,64,729.3038719999997,conventional_hydroelectric
54,64,836.7178050000001,conventional_hydroelectric
67,64,603.742581,conventional_hydroelectric
84,64,12368.37423356595,conventional_hydroelectric
109,64,390.160585425,conventional_hydroelectric
128,64,68.90202000000001,conventional_hydroelectric
139,64,151.1727936,conventional_hydroelectric
110,64,0.0,conventional_steam_coal
41,64,0.0,conventional_steam_coal
3,64,0.0,conventional_steam_coal
36,64,0.0,conventional_steam_coal
85,64,0.0,conventional_steam_coal
28,64,74.364,geothermal
116,64,0.0,natural_gas_fired_combined_cycle
73,64,0.0,natural_gas_fired_combined_cycle
71,64,0.0,natural_gas_fired_combined_cycle
44,64,0.0,natural_gas_fired_combined_cycle
115,64,0.0,natural_gas_fired_combined_cycle
70,64,0.0,natural_gas_fired_combined_cycle
131,64,0.0,natural_gas_fired_combined_cycle
18,64,0.0,natural_gas_fired_combined_cycle
72,64,0.0,natural_gas_fired_combined_cycle
114,64,0.0,natural_gas_fired_combined_cycle
45,64,0.0,natural_gas_fired_combined_cycle
78,64,0.0,natural_gas_fired_combustion_turbine
75,64,0.0,natural_gas_fired_combustion_turbine
119,64,0.0,natural_gas_fired_combustion_turbine
117,64,0.0,natural_gas_fired_combustion_turbine
134,64,0.0,natural_gas_fired_combustion_turbine
103,64,0.0,natural_gas_fired_combustion_turbine
47,64,0.0,natural_gas_fired_combustion_turbine
8,64,0.0,natural_gas_fired_combustion_turbine
90,64,0.0,natural_gas_fired_combustion_turbine
60,64,0.0,natural_gas_fired_combustion_turbine
46,64,0.0,natural_gas_fired_combustion_turbine
37,64,0.0,natural_gas_fired_combustion_turbine
7,64,0.0,natural_gas_fired_combustion_turbine
133,64,0.0,natural_gas_fired_combustion_turbine
74,64,0.0,natural_gas_fired_combustion_turbine
20,64,0.0,natural_gas_fired_combustion_turbine
135,64,0.0,natural_gas_fired_combustion_turbine
142,64,0.0,natural_gas_fired_combustion_turbine
121,64,0.0,natural_gas_fired_combustion_turbine
91,64,0.0,natural_gas_fired_combustion_turbine
22,64,0.0,natural_gas_steam_turbine
123,64,0.0,natural_gas_steam_turbine
62,64,0.0,natural_gas_steam_turbine
49,64,0.0,natural_gas_steam_turbine
48,64,0.0,natural_gas_steam_turbine
21,64,0.0,natural_gas_steam_turbine
79,64,0.0,nuclear
10,64,68.93067,onshore_wind_turbine
23,64,3090.582,onshore_wind_turbine
31,64,1771.95498,onshore_wind_turbine
38,64,1773.5332500000002,onshore_wind_turbine
50,64,1948.47174,onshore_wind_turbine
63,64,78.4444800864,onshore_wind_turbine
80,64,634.4600399999999,onshore_wind_turbine
94,64,13763.3784,onshore_wind_turbine
105,64,224.302680189,onshore_wind_turbine
124,64,1974.5040256062002,onshore_wind_turbine
136,64,1164.8903400000002,onshore_wind_turbine
144,64,4645.672919999999,onshore_wind_turbine
11,64,19.125,small_hydroelectric
24,64,62.577,small_hydroelectric
32,64,192.0,small_hydroelectric
39,64,52.9,small_hydroelectric
51,64,25.641,small_hydroelectric
64,64,6.128,small_hydroelectric
81,64,241.672,small_hydroelectric
95,64,418.922,small_hydroelectric
106,64,31.614,small_hydroelectric
125,64,100.697,small_hydroelectric
137,64,36.822,small_hydroelectric
145,64,33.21,small_hydroelectric
12,64,3997.06002,solar_photovoltaic
25,64,1018.17012,solar_photovoltaic
33,64,495.1029,solar_photovoltaic
52,64,1869.1481999999999,solar_photovoltaic
65,64,6995.869254895199,solar_photovoltaic
82,64,5944.048169999999,solar_photovoltaic
96,64,345.07560000000007,solar_photovoltaic
107,64,6364.285346338501,solar_photovoltaic
126,64,13284.381685882501,solar_photovoltaic
138,64,1222.27974,solar_photovoltaic
26,65,0.0,biomass
13,65,0.0,biomass
108,65,0.0,biomass
40,65,0.0,biomass
97,65,0.0,biomass
1,65,0.0,biomass
66,65,0.0,biomass
2,65,229.288164,conventional_hydroelectric
14,65,148.7417448,conventional_hydroelectric
27,65,548.4914604000002,conventional_hydroelectric
35,65,936.6059999999998,conventional_hydroelectric
54,65,837.2375055,conventional_hydroelectric
67,65,1207.485162,conventional_hydroelectric
84,65,14779.771407565951,conventional_hydroelectric
109,65,390.099836763,conventional_hydroelectric
128,65,68.91720000000001,conventional_hydroelectric
139,65,151.2193728,conventional_hydroelectric
110,65,0.0,conventional_steam_coal
41,65,0.0,conventional_steam_coal
3,65,0.0,conventional_steam_coal
36,65,0.0,conventional_steam_coal
85,65,0.0,conventional_steam_coal
28,65,74.364,geothermal
116,65,0.0,natural_gas_fired_combined_cycle
73,65,0.0,natural_gas_fired_combined_cycle
71,65,0.0,natural_gas_fired_combined_cycle
44,65,0.0,natural_gas_fired_combined_cycle
115,65,0.0,natural_gas_fired_combined_cycle
70,65,0.0,natural_gas_fired_combined_cycle
131,65,0.0,natural_gas_fired_combined_cycle
18,65,0.0,natural_gas_fired_combined_cycle
72,65,0.0,natural_gas_fired_combined_cycle
114,65,0.0,natural_gas_fired_combined_cycle
45,65,0.0,natural_gas_fired_combined_cycle
78,65,0.0,natural_gas_fired_combustion_turbine
75,65,0.0,natural_gas_fired_combustion_turbine
119,65,0.0,natural_gas_fired_combustion_turbine
117,65,0.0,natural_gas_fired_combustion_turbine
134,65,0.0,natural_gas_fired_combustion_turbine
103,65,0.0,natural_gas_fired_combustion_turbine
47,65,0.0,natural_gas_fired_combustion_turbine
8,65,0.0,natural_gas_fired_combustion_turbine
90,65,0.0,natural_gas_fired_combustion_turbine
60,65,0.0,natural_gas_fired_combustion_turbine
46,65,0.0,natural_gas_fired_combustion_turbine
37,65,0.0,natural_gas_fired_combustion_turbine
7,65,0.0,natural_gas_fired_combustion_turbine
133,65,0.0,natural_gas_fired_combustion_turbine
74,65,0.0,natural_gas_fired_combustion_turbine
20,65,0.0,natural_gas_fired_combustion_turbine
135,65,0.0,natural_gas_fired_combustion_turbine
142,65,0.0,natural_gas_fired_combustion_turbine
121,65,0.0,natural_gas_fired_combustion_turbine
91,65,0.0,natural_gas_fired_combustion_turbine
22,65,0.0,natural_gas_steam_turbine
123,65,0.0,natural_gas_steam_turbine
62,65,0.0,natural_gas_steam_turbine
49,65,0.0,natural_gas_steam_turbine
48,65,0.0,natural_gas_steam_turbine
21,65,0.0,natural_gas_steam_turbine
79,65,0.0,nuclear
10,65,105.75030000000002,onshore_wind_turbine
23,65,5138.1924,onshore_wind_turbine
31,65,1797.9083699999999,onshore_wind_turbine
38,65,1667.87595,onshore_wind_turbine
50,65,1947.3103799999997,onshore_wind_turbine
63,65,53.86188006,onshore_wind_turbine
80,65,1261.75104,onshore_wind_turbine
94,65,13955.674799999999,onshore_wind_turbine
105,65,211.510740105,onshore_wind_turbine
124,65,4394.0422542258,onshore_wind_turbine
136,65,1441.2723300000002,onshore_wind_turbine
144,65,4572.447029999999,onshore_wind_turbine
11,65,19.125,small_hydroelectric
24,65,62.577,small_hydroelectric
32,65,192.0,small_hydroelectric
39,65,52.9,small_hydroelectric
51,65,25.641,small_hydroelectric
64,65,6.128,small_hydroelectric
81,65,241.672,small_hydroelectric
95,65,418.922,small_hydroelectric
106,65,31.614,small_hydroelectric
125,65,100.697,small_hydroelectric
137,65,36.822,small_hydroelectric
145,65,33.21,small_hydroelectric
12,65,3371.7438,solar_photovoltaic
25,65,806.78532,solar_photovoltaic
33,65,405.39285,solar_photovoltaic
52,65,1495.9109999999998,solar_photovoltaic
65,65,6045.323400291599,solar_photovoltaic
82,65,5563.60902,solar_photovoltaic
96,65,314.53515000000004,solar_photovoltaic
107,65,5493.7029340905,solar_photovoltaic
126,65,12112.1639355525,solar_photovoltaic
138,65,1090.58037,solar_photovoltaic
26,66,0.0,biomass
13,66,0.0,biomass
108,66,0.0,biomass
40,66,0.0,biomass
97,66,0.0,biomass
1,66,0.0,biomass
66,66,0.0,biomass
2,66,458.576328,conventional_hydroelectric
14,66,148.6947044,conventional_hydroelectric
27,66,665.6120964000002,conventional_hydroelectric
35,66,1143.9081279999998,conventional_hydroelectric
54,66,837.7572060000001,conventional_hydroelectric
67,66,1811.227743,conventional_hydroelectric
84,66,17191.16858156595,conventional_hydroelectric
109,66,390.099836763,conventional_hydroelectric
128,66,68.93238000000001,conventional_hydroelectric
139,66,131.95887359999998,conventional_hydroelectric
110,66,0.0,conventional_steam_coal
41,66,0.0,conventional_steam_coal
3,66,0.0,conventional_steam_coal
36,66,0.0,conventional_steam_coal
85,66,0.0,conventional_steam_coal
28,66,74.364,geothermal
116,66,0.0,natural_gas_fired_combined_cycle
73,66,0.0,natural_gas_fired_combined_cycle
71,66,0.0,natural_gas_fired_combined_cycle
44,66,0.0,natural_gas_fired_combined_cycle
115,66,0.0,natural_gas_fired_combined_cycle
70,66,0.0,natural_gas_fired_combined_cycle
131,66,0.0,natural_gas_fired_combined_cycle
18,66,0.0,natural_gas_fired_combined_cycle
72,66,0.0,natural_gas_fired_combined_cycle
114,66,0.0,natural_gas_fired_combined_cycle
45,66,0.0,natural_gas_fired_combined_cycle
78,66,0.0,natural_gas_fired_combustion_turbine
75,66,0.0,natural_gas_fired_combustion_turbine
119,66,0.0,natural_gas_fired_combustion_turbine
117,66,0.0,natural_gas_fired_combustion_turbine
134,66,0.0,natural_gas_fired_combustion_turbine
103,66,0.0,natural_gas_fired_combustion_turbine
47,66,0.0,natural_gas_fired_combustion_turbine
8,66,0.0,natural_gas_fired_combustion_turbine
90,66,0.0,natural_gas_fired_combustion_turbine
60,66,0.0,natural_gas_fired_combustion_turbine
46,66,0.0,natural_gas_fired_combustion_turbine
37,66,0.0,natural_gas_fired_combustion_turbine
7,66,0.0,natural_gas_fired_combustion_turbine
133,66,0.0,natural_gas_fired_combustion_turbine
74,66,0.0,natural_gas_fired_combustion_turbine
20,66,0.0,natural_gas_fired_combustion_turbine
135,66,0.0,natural_gas_fired_combustion_turbine
142,66,0.0,natural_gas_fired_combustion_turbine
121,66,0.0,natural_gas_fired_combustion_turbine
91,66,0.0,natural_gas_fired_combustion_turbine
22,66,0.0,natural_gas_steam_turbine
123,66,0.0,natural_gas_steam_turbine
62,66,0.0,natural_gas_steam_turbine
49,66,0.0,natural_gas_steam_turbine
48,66,0.0,natural_gas_steam_turbine
21,66,0.0,natural_gas_steam_turbine
79,66,0.0,nuclear
10,66,58.43283000000001,onshore_wind_turbine
23,66,5131.005,onshore_wind_turbine
31,66,2815.68837,onshore_wind_turbine
38,66,1175.3766,onshore_wind_turbine
50,66,1721.1355199999998,onshore_wind_turbine
63,66,56.464440110400005,onshore_wind_turbine
80,66,1545.3264,onshore_wind_turbine
94,66,14018.7228,onshore_wind_turbine
105,66,83.558400597,onshore_wind_turbine
124,66,6345.805016535601,onshore_wind_turbine
136,66,1497.1654800000001,onshore_wind_turbine
144,66,5870.121029999998,onshore_wind_turbine
11,66,19.125,small_hydroelectric
24,66,62.577,small_hydroelectric
32,66,192.0,small_hydroelectric
39,66,52.9,small_hydroelectric
51,66,25.641,small_hydroelectric
64,66,6.128,small_hydroelectric
81,66,241.672,small_hydroelectric
95,66,418.922,small_hydroelectric
106,66,31.614,small_hydroelectric
125,66,100.697,small_hydroelectric
137,66,36.822,small_hydroelectric
145,66,33.21,small_hydroelectric
12,66,2283.94782,solar_photovoltaic
25,66,553.7641199999999,solar_photovoltaic
33,66,413.23965,solar_photovoltaic
52,66,931.9081199999999,solar_photovoltaic
65,66,4323.707910276,solar_photovoltaic
82,66,4514.26587,solar_photovoltaic
96,66,246.77943000000005,solar_photovoltaic
107,66,3900.2267098485,solar_photovoltaic
126,66,9244.7478630285,solar_photovoltaic
138,66,893.1291599999998,solar_photovoltaic
26,67,0.0,biomass
13,67,0.0,biomass
108,67,0.0,biomass
40,67,0.0,biomass
97,67,0.0,biomass
1,67,0.0,biomass
66,67,0.0,biomass
2,67,687.8644919999999,conventional_hydroelectric
14,67,148.647664,conventional_hydroelectric
27,67,782.7327324000001,conventional_hydroelectric
35,67,1351.2102559999998,conventional_hydroelectric
54,67,838.2769065,conventional_hydroelectric
67,67,2414.970324,conventional_hydroelectric
84,67,18126.1529742,conventional_hydroelectric
109,67,390.0390894972,conventional_hydroelectric
128,67,56.37852000000001,conventional_hydroelectric
139,67,151.28924159999997,conventional_hydroelectric
110,67,0.0,conventional_steam_coal
41,67,0.0,conventional_steam_coal
3,67,0.0,conventional_steam_coal
36,67,0.0,conventional_steam_coal
85,67,0.0,conventional_steam_coal
28,67,74.364,geothermal
116,67,0.0,natural_gas_fired_combined_cycle
73,67,0.0,natural_gas_fired_combined_cycle
71,67,0.0,natural_gas_fired_combined_cycle
44,67,0.0,natural_gas_fired_combined_cycle
115,67,0.0,natural_gas_fired_combined_cycle
70,67,0.0,natural_gas_fired_combined_cycle
131,67,0.0,natural_gas_fired_combined_cycle
18,67,0.0,natural_gas_fired_combined_cycle
72,67,0.0,natural_gas_fired_combined_cycle
114,67,0.0,natural_gas_fired_combined_cycle
45,67,0.0,natural_gas_fired_combined_cycle
78,67,0.0,natural_gas_fired_combustion_turbine
75,67,0.0,natural_gas_fired_combustion_turbine
119,67,0.0,natural_gas_fired_combustion_turbine
117,67,0.0,natural_gas_fired_combustion_turbine
134,67,0.0,natural_gas_fired_combustion_turbine
103,67,0.0,natural_gas_fired_combustion_turbine
47,67,0.0,natural_gas_fired_combustion_turbine
8,67,0.0,natural_gas_fired_combustion_turbine
90,67,0.0,natural_gas_fired_combustion_turbine
60,67,0.0,natural_gas_fired_combustion_turbine
46,67,0.0,natural_gas_fired_combustion_turbine
37,67,0.0,natural_gas_fired_combustion_turbine
7,67,0.0,natural_gas_fired_combustion_turbine
133,67,0.0,natural_gas_fired_combustion_turbine
74,67,0.0,natural_gas_fired_combustion_turbine
20,67,0.0,natural_gas_fired_combustion_turbine
135,67,0.0,natural_gas_fired_combustion_turbine
142,67,0.0,natural_gas_fired_combustion_turbine
121,67,0.0,natural_gas_fired_combustion_turbine
91,67,0.0,natural_gas_fired_combustion_turbine
22,67,0.0,natural_gas_steam_turbine
123,67,0.0,natural_gas_steam_turbine
62,67,0.0,natural_gas_steam_turbine
49,67,0.0,natural_gas_steam_turbine
48,67,0.0,natural_gas_steam_turbine
21,67,0.0,natural_gas_steam_turbine
79,67,1101.6764598262398,nuclear
10,67,49.86474000000001,onshore_wind_turbine
23,67,5047.9506,onshore_wind_turbine
31,67,2555.13669,onshore_wind_turbine
38,67,1265.20965,onshore_wind_turbine
50,67,1065.5477999999998,onshore_wind_turbine
63,67,113.6530801176,onshore_wind_turbine
80,67,1322.68788,onshore_wind_turbine
94,67,14151.1236,onshore_wind_turbine
105,67,152.174520477,onshore_wind_turbine
124,67,8177.1966600654005,onshore_wind_turbine
136,67,1159.49376,onshore_wind_turbine
144,67,5411.300579999999,onshore_wind_turbine
11,67,19.125,small_hydroelectric
24,67,62.577,small_hydroelectric
32,67,192.0,small_hydroelectric
39,67,52.9,small_hydroelectric
51,67,25.641,small_hydroelectric
64,67,6.128,small_hydroelectric
81,67,241.672,small_hydroelectric
95,67,418.922,small_hydroelectric
106,67,31.614,small_hydroelectric
125,67,100.697,small_hydroelectric
137,67,36.822,small_hydroelectric
145,67,33.21,small_hydroelectric
12,67,1196.7571799999998,solar_photovoltaic
25,67,180.79806,solar_photovoltaic
33,67,268.22475,solar_photovoltaic
52,67,96.2715,solar_photovoltaic
65,67,2601.866277363,solar_photovoltaic
82,67,2920.60209,solar_photovoltaic
96,67,162.02181,solar_photovoltaic
107,67,2173.0339848480003,solar_photovoltaic
126,67,5630.3549355195,solar_photovoltaic
138,67,499.00949999999995,solar_photovoltaic
26,68,11.235,biomass
13,68,15.682,biomass
108,68,137.081,biomass
40,68,5.952,biomass
97,68,178.173,biomass
1,68,16.294,biomass
66,68,228.795,biomass
2,68,839.802432,conventional_hydroelectric
14,68,148.647664,conventional_hydroelectric
27,68,899.8533684000001,conventional_hydroelectric
35,68,1558.5123839999999,conventional_hydroelectric
54,68,838.7966070000001,conventional_hydroelectric
67,68,2989.2724236725217,conventional_hydroelectric
84,68,18126.1529742,conventional_hydroelectric
109,68,389.9783408352,conventional_hydroelectric
128,68,68.97792000000001,conventional_hydroelectric
139,68,151.3358208,conventional_hydroelectric
110,68,28.499999999999996,conventional_steam_coal
41,68,0.0,conventional_steam_coal
3,68,0.0,conventional_steam_coal
36,68,0.0,conventional_steam_coal
85,68,0.0,conventional_steam_coal
28,68,74.364,geothermal
116,68,0.0,natural_gas_fired_combined_cycle
73,68,0.0,natural_gas_fired_combined_cycle
71,68,0.0,natural_gas_fired_combined_cycle
44,68,0.0,natural_gas_fired_combined_cycle
115,68,0.0,natural_gas_fired_combined_cycle
70,68,0.0,natural_gas_fired_combined_cycle
131,68,0.0,natural_gas_fired_combined_cycle
18,68,0.0,natural_gas_fired_combined_cycle
72,68,0.0,natural_gas_fired_combined_cycle
114,68,0.0,natural_gas_fired_combined_cycle
45,68,0.0,natural_gas_fired_combined_cycle
78,68,0.0,natural_gas_fired_combustion_turbine
75,68,0.0,natural_gas_fired_combustion_turbine
119,68,0.0,natural_gas_fired_combustion_turbine
117,68,0.0,natural_gas_fired_combustion_turbine
134,68,0.0,natural_gas_fired_combustion_turbine
103,68,0.0,natural_gas_fired_combustion_turbine
47,68,0.0,natural_gas_fired_combustion_turbine
8,68,0.0,natural_gas_fired_combustion_turbine
90,68,0.0,natural_gas_fired_combustion_turbine
60,68,0.0,natural_gas_fired_combustion_turbine
46,68,0.0,natural_gas_fired_combustion_turbine
37,68,0.0,natural_gas_fired_combustion_turbine
7,68,0.0,natural_gas_fired_combustion_turbine
133,68,0.0,natural_gas_fired_combustion_turbine
74,68,0.0,natural_gas_fired_combustion_turbine
20,68,0.0,natural_gas_fired_combustion_turbine
135,68,0.0,natural_gas_fired_combustion_turbine
142,68,0.0,natural_gas_fired_combustion_turbine
121,68,0.0,natural_gas_fired_combustion_turbine
91,68,0.0,natural_gas_fired_combustion_turbine
22,68,0.0,natural_gas_steam_turbine
123,68,0.0,natural_gas_steam_turbine
62,68,0.0,natural_gas_steam_turbine
49,68,0.0,natural_gas_steam_turbine
48,68,0.0,natural_gas_steam_turbine
21,68,0.0,natural_gas_steam_turbine
79,68,2953.17620982624,nuclear
10,68,30.876000000000005,onshore_wind_turbine
23,68,5321.0718,onshore_wind_turbine
31,68,2365.3207199999997,onshore_wind_turbine
38,68,1161.4999500000001,onshore_wind_turbine
50,68,579.2283,onshore_wind_turbine
63,68,181.6852800384,onshore_wind_turbine
80,68,1234.26972,onshore_wind_turbine
94,68,12983.1594,onshore_wind_turbine
105,68,92.436480108,onshore_wind_turbine
124,68,8666.490988306801,onshore_wind_turbine
136,68,1002.60747,onshore_wind_turbine
144,68,5287.094639999999,onshore_wind_turbine
11,68,19.125,small_hydroelectric
24,68,62.577,small_hydroelectric
32,68,192.0,small_hydroelectric
39,68,52.9,small_hydroelectric
51,68,25.641,small_hydroelectric
64,68,6.128,small_hydroelectric
81,68,241.672,small_hydroelectric
95,68,418.922,small_hydroelectric
106,68,31.614,small_hydroelectric
125,68,100.697,small_hydroelectric
137,68,36.822,small_hydroelectric
145,68,33.21,small_hydroelectric
12,68,0.0,solar_photovoltaic
25,68,0.0,solar_photovoltaic
33,68,0.0,solar_photovoltaic
52,68,0.0,solar_photovoltaic
65,68,94.72824278969999,solar_photovoltaic
82,68,305.18744999999996,solar_photovoltaic
96,68,78.0828,solar_photovoltaic
107,68,0.0,solar_photovoltaic
126,68,0.0,solar_photovoltaic
138,68,0.0,solar_photovoltaic
26,69,11.235,biomass
13,69,15.682,biomass
108,69,137.081,biomass
40,69,5.952,biomass
97,69,178.173,biomass
1,69,16.294,biomass
66,69,228.795,biomass
2,69,839.802432,conventional_hydroelectric
14,69,148.6006236,conventional_hydroelectric
27,69,899.8533684000001,conventional_hydroelectric
35,69,1559.2616687999998,conventional_hydroelectric
54,69,839.3163075,conventional_hydroelectric
67,69,2988.2302403195968,conventional_hydroelectric
84,69,18123.2476764,conventional_hydroelectric
109,69,389.9175921732,conventional_hydroelectric
128,69,68.99310000000001,conventional_hydroelectric
139,69,151.3824,conventional_hydroelectric
110,69,50.0,conventional_steam_coal
41,69,0.0,conventional_steam_coal
3,69,0.0,conventional_steam_coal
36,69,0.0,conventional_steam_coal
85,69,0.0,conventional_steam_coal
28,69,74.364,geothermal
116,69,0.0,natural_gas_fired_combined_cycle
73,69,0.0,natural_gas_fired_combined_cycle
71,69,0.0,natural_gas_fired_combined_cycle
44,69,0.0,natural_gas_fired_combined_cycle
115,69,0.0,natural_gas_fired_combined_cycle
70,69,0.0,natural_gas_fired_combined_cycle
131,69,0.0,natural_gas_fired_combined_cycle
18,69,0.0,natural_gas_fired_combined_cycle
72,69,0.0,natural_gas_fired_combined_cycle
114,69,0.0,natural_gas_fired_combined_cycle
45,69,0.0,natural_gas_fired_combined_cycle
78,69,0.0,natural_gas_fired_combustion_turbine
75,69,0.0,natural_gas_fired_combustion_turbine
119,69,0.0,natural_gas_fired_combustion_turbine
117,69,0.0,natural_gas_fired_combustion_turbine
134,69,0.0,natural_gas_fired_combustion_turbine
103,69,0.0,natural_gas_fired_combustion_turbine
47,69,0.0,natural_gas_fired_combustion_turbine
8,69,0.0,natural_gas_fired_combustion_turbine
90,69,0.0,natural_gas_fired_combustion_turbine
60,69,0.0,natural_gas_fired_combustion_turbine
46,69,0.0,natural_gas_fired_combustion_turbine
37,69,0.0,natural_gas_fired_combustion_turbine
7,69,0.0,natural_gas_fired_combustion_turbine
133,69,0.0,natural_gas_fired_combustion_turbine
74,69,0.0,natural_gas_fired_combustion_turbine
20,69,0.0,natural_gas_fired_combustion_turbine
135,69,0.0,natural_gas_fired_combustion_turbine
142,69,0.0,natural_gas_fired_combustion_turbine
121,69,0.0,natural_gas_fired_combustion_turbine
91,69,0.0,natural_gas_fired_combustion_turbine
22,69,0.0,natural_gas_steam_turbine
123,69,0.0,natural_gas_steam_turbine
62,69,0.0,natural_gas_steam_turbine
49,69,0.0,natural_gas_steam_turbine
48,69,0.0,natural_gas_steam_turbine
21,69,0.0,natural_gas_steam_turbine
79,69,4804.67595982624,nuclear
10,69,36.12492,onshore_wind_turbine
23,69,4159.9074,onshore_wind_turbine
31,69,2336.3139899999996,onshore_wind_turbine
38,69,1233.07425,onshore_wind_turbine
50,69,893.66652,onshore_wind_turbine
63,69,127.7870399136,onshore_wind_turbine
80,69,1029.5538,onshore_wind_turbine
94,69,11178.4104,onshore_wind_turbine
105,69,83.565660087,onshore_wind_turbine
124,69,8473.798797347401,onshore_wind_turbine
136,69,1011.8587500000001,onshore_wind_turbine
144,69,5031.267479999999,onshore_wind_turbine
11,69,19.125,small_hydroelectric
24,69,62.577,small_hydroelectric
32,69,192.0,small_hydroelectric
39,69,52.9,small_hydroelectric
51,69,25.641,small_hydroelectric
64,69,6.128,small_hydroelectric
81,69,241.672,small_hydroelectric
95,69,418.922,small_hydroelectric
106,69,31.614,small_hydroelectric
125,69,100.697,small_hydroelectric
137,69,36.822,small_hydroelectric
145,69,33.21,small_hydroelectric
12,69,0.0,solar_photovoltaic
25,69,0.0,solar_photovoltaic
33,69,0.0,solar_photovoltaic
52,69,0.0,solar_photovoltaic
65,69,0.0,solar_photovoltaic
82,69,0.0,solar_photovoltaic
96,69,0.0,solar_photovoltaic
107,69,0.0,solar_photovoltaic
126,69,0.0,solar_photovoltaic
138,69,0.0,solar_photovoltaic
26,70,11.235,biomass
13,70,15.682,biomass
108,70,137.081,biomass
40,70,5.952,biomass
97,70,178.173,biomass
1,70,16.294,biomass
66,70,228.795,biomass
2,70,839.802432,conventional_hydroelectric
14,70,148.55358320000002,conventional_hydroelectric
27,70,899.8533684000001,conventional_hydroelectric
35,70,1560.0109536,conventional_hydroelectric
54,70,839.8360080000001,conventional_hydroelectric
67,70,2987.188064240679,conventional_hydroelectric
84,70,18123.2476764,conventional_hydroelectric
109,70,389.8568449074,conventional_hydroelectric
128,70,69.02346,conventional_hydroelectric
139,70,151.4289792,conventional_hydroelectric
110,70,50.0,conventional_steam_coal
41,70,0.0,conventional_steam_coal
3,70,0.0,conventional_steam_coal
36,70,0.0,conventional_steam_coal
85,70,0.0,conventional_steam_coal
28,70,74.364,geothermal
116,70,0.0,natural_gas_fired_combined_cycle
73,70,0.0,natural_gas_fired_combined_cycle
71,70,0.0,natural_gas_fired_combined_cycle
44,70,0.0,natural_gas_fired_combined_cycle
115,70,0.0,natural_gas_fired_combined_cycle
70,70,0.0,natural_gas_fired_combined_cycle
131,70,0.0,natural_gas_fired_combined_cycle
18,70,0.0,natural_gas_fired_combined_cycle
72,70,0.0,natural_gas_fired_combined_cycle
114,70,0.0,natural_gas_fired_combined_cycle
45,70,0.0,natural_gas_fired_combined_cycle
78,70,0.0,natural_gas_fired_combustion_turbine
75,70,0.0,natural_gas_fired_combustion_turbine
119,70,0.0,natural_gas_fired_combustion_turbine
117,70,0.0,natural_gas_fired_combustion_turbine
134,70,0.0,natural_gas_fired_combustion_turbine
103,70,0.0,natural_gas_fired_combustion_turbine
47,70,0.0,natural_gas_fired_combustion_turbine
8,70,0.0,natural_gas_fired_combustion_turbine
90,70,0.0,natural_gas_fired_combustion_turbine
60,70,0.0,natural_gas_fired_combustion_turbine
46,70,0.0,natural_gas_fired_combustion_turbine
37,70,0.0,natural_gas_fired_combustion_turbine
7,70,0.0,natural_gas_fired_combustion_turbine
133,70,0.0,natural_gas_fired_combustion_turbine
74,70,0.0,natural_gas_fired_combustion_turbine
20,70,0.0,natural_gas_fired_combustion_turbine
135,70,0.0,natural_gas_fired_combustion_turbine
142,70,0.0,natural_gas_fired_combustion_turbine
121,70,0.0,natural_gas_fired_combustion_turbine
91,70,0.0,natural_gas_fired_combustion_turbine
22,70,0.0,natural_gas_steam_turbine
123,70,0.0,natural_gas_steam_turbine
62,70,0.0,natural_gas_steam_turbine
49,70,0.0,natural_gas_steam_turbine
48,70,0.0,natural_gas_steam_turbine
21,70,0.0,natural_gas_steam_turbine
79,70,6656.17570982624,nuclear
10,70,94.71213000000002,onshore_wind_turbine
23,70,2200.143,onshore_wind_turbine
31,70,2215.19817,onshore_wind_turbine
38,70,1268.3745000000001,onshore_wind_turbine
50,70,845.76042,onshore_wind_turbine
63,70,122.0633999952,onshore_wind_turbine
80,70,1123.54788,onshore_wind_turbine
94,70,9986.8032,onshore_wind_turbine
105,70,90.544080312,onshore_wind_turbine
124,70,8360.925718299,onshore_wind_turbine
136,70,835.3134900000001,onshore_wind_turbine
144,70,5067.416969999999,onshore_wind_turbine
11,70,19.125,small_hydroelectric
24,70,62.577,small_hydroelectric
32,70,192.0,small_hydroelectric
39,70,52.9,small_hydroelectric
51,70,25.641,small_hydroelectric
64,70,6.128,small_hydroelectric
81,70,241.672,small_hydroelectric
95,70,418.922,small_hydroelectric
106,70,31.614,small_hydroelectric
125,70,100.697,small_hydroelectric
137,70,36.822,small_hydroelectric
145,70,33.21,small_hydroelectric
12,70,0.0,solar_photovoltaic
25,70,0.0,solar_photovoltaic
33,70,0.0,solar_photovoltaic
52,70,0.0,solar_photovoltaic
65,70,0.0,solar_photovoltaic
82,70,0.0,solar_photovoltaic
96,70,0.0,solar_photovoltaic
107,70,0.0,solar_photovoltaic
126,70,0.0,solar_photovoltaic
138,70,0.0,solar_photovoltaic
26,71,11.235,biomass
13,71,15.682,biomass
108,71,137.081,biomass
40,71,5.952,biomass
97,71,178.173,biomass
1,71,16.294,biomass
66,71,228.795,biomass
2,71,839.802432,conventional_hydroelectric
14,71,148.50654279999998,conventional_hydroelectric
27,71,899.8533684000001,conventional_hydroelectric
35,71,1560.7602384,conventional_hydroelectric
54,71,840.3557085000001,conventional_hydroelectric
67,71,2986.1458808877537,conventional_hydroelectric
84,71,18120.342378600002,conventional_hydroelectric
109,71,389.7172249074,conventional_hydroelectric
128,71,69.03864,conventional_hydroelectric
139,71,151.47555839999998,conventional_hydroelectric
110,71,50.0,conventional_steam_coal
41,71,0.0,conventional_steam_coal
3,71,0.0,conventional_steam_coal
36,71,0.0,conventional_steam_coal
85,71,0.0,conventional_steam_coal
28,71,74.364,geothermal
116,71,0.0,natural_gas_fired_combined_cycle
73,71,0.0,natural_gas_fired_combined_cycle
71,71,0.0,natural_gas_fired_combined_cycle
44,71,0.0,natural_gas_fired_combined_cycle
115,71,0.0,natural_gas_fired_combined_cycle
70,71,0.0,natural_gas_fired_combined_cycle
131,71,0.0,natural_gas_fired_combined_cycle
18,71,0.0,natural_gas_fired_combined_cycle
72,71,0.0,natural_gas_fired_combined_cycle
114,71,0.0,natural_gas_fired_combined_cycle
45,71,0.0,natural_gas_fired_combined_cycle
78,71,0.0,natural_gas_fired_combustion_turbine
75,71,0.0,natural_gas_fired_combustion_turbine
119,71,0.0,natural_gas_fired_combustion_turbine
117,71,0.0,natural_gas_fired_combustion_turbine
134,71,0.0,natural_gas_fired_combustion_turbine
103,71,0.0,natural_gas_fired_combustion_turbine
47,71,0.0,natural_gas_fired_combustion_turbine
8,71,0.0,natural_gas_fired_combustion_turbine
90,71,0.0,natural_gas_fired_combustion_turbine
60,71,0.0,natural_gas_fired_combustion_turbine
46,71,0.0,natural_gas_fired_combustion_turbine
37,71,0.0,natural_gas_fired_combustion_turbine
7,71,0.0,natural_gas_fired_combustion_turbine
133,71,0.0,natural_gas_fired_combustion_turbine
74,71,0.0,natural_gas_fired_combustion_turbine
20,71,0.0,natural_gas_fired_combustion_turbine
135,71,0.0,natural_gas_fired_combustion_turbine
142,71,0.0,natural_gas_fired_combustion_turbine
121,71,0.0,natural_gas_fired_combustion_turbine
91,71,0.0,natural_gas_fired_combustion_turbine
22,71,0.0,natural_gas_steam_turbine
123,71,0.0,natural_gas_steam_turbine
62,71,0.0,natural_gas_steam_turbine
49,71,0.0,natural_gas_steam_turbine
48,71,0.0,natural_gas_steam_turbine
21,71,0.0,natural_gas_steam_turbine
79,71,7405.999,nuclear
10,71,175.2213,onshore_wind_turbine
23,71,1288.9404,onshore_wind_turbine
31,71,2725.6148399999997,onshore_wind_turbine
38,71,1185.84495,onshore_wind_turbine
50,71,1003.1246999999998,onshore_wind_turbine
63,71,59.618280165600005,onshore_wind_turbine
80,71,1146.24984,onshore_wind_turbine
94,71,7193.7768,onshore_wind_turbine
105,71,107.21802035699999,onshore_wind_turbine
124,71,9477.541204348801,onshore_wind_turbine
136,71,754.75026,onshore_wind_turbine
144,71,5824.702439999999,onshore_wind_turbine
11,71,19.125,small_hydroelectric
24,71,62.577,small_hydroelectric
32,71,192.0,small_hydroelectric
39,71,52.9,small_hydroelectric
51,71,25.641,small_hydroelectric
64,71,6.128,small_hydroelectric
81,71,241.672,small_hydroelectric
95,71,418.922,small_hydroelectric
106,71,31.614,small_hydroelectric
125,71,100.697,small_hydroelectric
137,71,36.822,small_hydroelectric
145,71,33.21,small_hydroelectric
12,71,0.0,solar_photovoltaic
25,71,0.0,solar_photovoltaic
33,71,0.0,solar_photovoltaic
52,71,0.0,solar_photovoltaic
65,71,0.0,solar_photovoltaic
82,71,0.0,solar_photovoltaic
96,71,0.0,solar_photovoltaic
107,71,0.0,solar_photovoltaic
126,71,0.0,solar_photovoltaic
138,71,0.0,solar_photovoltaic
26,72,11.235,biomass
13,72,15.682,biomass
108,72,137.081,biomass
40,72,5.952,biomass
97,72,178.173,biomass
1,72,16.294,biomass
66,72,228.795,biomass
2,72,839.802432,conventional_hydroelectric
14,72,148.4595024,conventional_hydroelectric
27,72,899.9944776000001,conventional_hydroelectric
35,72,1561.5095231999999,conventional_hydroelectric
54,72,840.8754090000001,conventional_hydroelectric
67,72,2985.778638096345,conventional_hydroelectric
84,72,18120.342378600002,conventional_hydroelectric
109,72,389.7172249074,conventional_hydroelectric
128,72,69.069,conventional_hydroelectric
139,72,151.52213759999998,conventional_hydroelectric
110,72,50.0,conventional_steam_coal
41,72,0.0,conventional_steam_coal
3,72,0.0,conventional_steam_coal
36,72,0.0,conventional_steam_coal
85,72,0.0,conventional_steam_coal
28,72,74.364,geothermal
116,72,0.0,natural_gas_fired_combined_cycle
73,72,0.0,natural_gas_fired_combined_cycle
71,72,0.0,natural_gas_fired_combined_cycle
44,72,0.0,natural_gas_fired_combined_cycle
115,72,0.0,natural_gas_fired_combined_cycle
70,72,0.0,natural_gas_fired_combined_cycle
131,72,0.0,natural_gas_fired_combined_cycle
18,72,0.0,natural_gas_fired_combined_cycle
72,72,0.0,natural_gas_fired_combined_cycle
114,72,0.0,natural_gas_fired_combined_cycle
45,72,0.0,natural_gas_fired_combined_cycle
78,72,0.0,natural_gas_fired_combustion_turbine
75,72,0.0,natural_gas_fired_combustion_turbine
119,72,0.0,natural_gas_fired_combustion_turbine
117,72,0.0,natural_gas_fired_combustion_turbine
134,72,0.0,natural_gas_fired_combustion_turbine
103,72,0.0,natural_gas_fired_combustion_turbine
47,72,0.0,natural_gas_fired_combustion_turbine
8,72,0.0,natural_gas_fired_combustion_turbine
90,72,0.0,natural_gas_fired_combustion_turbine
60,72,0.0,natural_gas_fired_combustion_turbine
46,72,0.0,natural_gas_fired_combustion_turbine
37,72,0.0,natural_gas_fired_combustion_turbine
7,72,0.0,natural_gas_fired_combustion_turbine
133,72,0.0,natural_gas_fired_combustion_turbine
74,72,0.0,natural_gas_fired_combustion_turbine
20,72,0.0,natural_gas_fired_combustion_turbine
135,72,0.0,natural_gas_fired_combustion_turbine
142,72,0.0,natural_gas_fired_combustion_turbine
121,72,0.0,natural_gas_fired_combustion_turbine
91,72,0.0,natural_gas_fired_combustion_turbine
22,72,0.0,natural_gas_steam_turbine
123,72,0.0,natural_gas_steam_turbine
62,72,0.0,natural_gas_steam_turbine
49,72,0.0,natural_gas_steam_turbine
48,72,0.0,natural_gas_steam_turbine
21,72,0.0,natural_gas_steam_turbine
79,72,7405.999,nuclear
10,72,144.11373000000003,onshore_wind_turbine
23,72,1361.613,onshore_wind_turbine
31,72,2539.8699899999997,onshore_wind_turbine
38,72,1314.1430999999998,onshore_wind_turbine
50,72,903.8284199999999,onshore_wind_turbine
63,72,36.75492009840001,onshore_wind_turbine
80,72,859.0899599999999,onshore_wind_turbine
94,72,5872.9212,onshore_wind_turbine
105,72,51.743220543,onshore_wind_turbine
124,72,9623.935645295402,onshore_wind_turbine
136,72,674.18703,onshore_wind_turbine
144,72,6653.359979999999,onshore_wind_turbine
11,72,19.125,small_hydroelectric
24,72,62.577,small_hydroelectric
32,72,192.0,small_hydroelectric
39,72,52.9,small_hydroelectric
51,72,25.641,small_hydroelectric
64,72,6.128,small_hydroelectric
81,72,241.672,small_hydroelectric
95,72,418.922,small_hydroelectric
106,72,31.614,small_hydroelectric
125,72,100.697,small_hydroelectric
137,72,36.822,small_hydroelectric
145,72,33.21,small_hydroelectric
12,72,0.0,solar_photovoltaic
25,72,0.0,solar_photovoltaic
33,72,0.0,solar_photovoltaic
52,72,0.0,solar_photovoltaic
65,72,0.0,solar_photovoltaic
82,72,0.0,solar_photovoltaic
96,72,0.0,solar_photovoltaic
107,72,0.0,solar_photovoltaic
126,72,0.0,solar_photovoltaic
138,72,0.0,solar_photovoltaic
26,73,11.235,biomass
13,73,15.682,biomass
108,73,137.081,biomass
40,73,5.952,biomass
97,73,178.173,biomass
1,73,16.294,biomass
66,73,228.795,biomass
2,73,840.0786827999999,conventional_hydroelectric
14,73,148.4595024,conventional_hydroelectric
27,73,899.9944776000001,conventional_hydroelectric
35,73,1562.2588079999998,conventional_hydroelectric
54,73,841.3951095000001,conventional_hydroelectric
67,73,2984.683994604936,conventional_hydroelectric
84,73,18120.342378600002,conventional_hydroelectric
109,73,389.6564762454,conventional_hydroelectric
128,73,69.08418,conventional_hydroelectric
139,73,151.5687168,conventional_hydroelectric
110,73,50.0,conventional_steam_coal
41,73,0.0,conventional_steam_coal
3,73,0.0,conventional_steam_coal
36,73,0.0,conventional_steam_coal
85,73,0.0,conventional_steam_coal
28,73,74.364,geothermal
116,73,0.0,natural_gas_fired_combined_cycle
73,73,0.0,natural_gas_fired_combined_cycle
71,73,0.0,natural_gas_fired_combined_cycle
44,73,0.0,natural_gas_fired_combined_cycle
115,73,0.0,natural_gas_fired_combined_cycle
70,73,0.0,natural_gas_fired_combined_cycle
131,73,0.0,natural_gas_fired_combined_cycle
18,73,0.0,natural_gas_fired_combined_cycle
72,73,0.0,natural_gas_fired_combined_cycle
114,73,0.0,natural_gas_fired_combined_cycle
45,73,0.0,natural_gas_fired_combined_cycle
78,73,0.0,natural_gas_fired_combustion_turbine
75,73,0.0,natural_gas_fired_combustion_turbine
119,73,0.0,natural_gas_fired_combustion_turbine
117,73,0.0,natural_gas_fired_combustion_turbine
134,73,0.0,natural_gas_fired_combustion_turbine
103,73,0.0,natural_gas_fired_combustion_turbine
47,73,0.0,natural_gas_fired_combustion_turbine
8,73,0.0,natural_gas_fired_combustion_turbine
90,73,0.0,natural_gas_fired_combustion_turbine
60,73,0.0,natural_gas_fired_combustion_turbine
46,73,0.0,natural_gas_fired_combustion_turbine
37,73,0.0,natural_gas_fired_combustion_turbine
7,73,0.0,natural_gas_fired_combustion_turbine
133,73,0.0,natural_gas_fired_combustion_turbine
74,73,0.0,natural_gas_fired_combustion_turbine
20,73,0.0,natural_gas_fired_combustion_turbine
135,73,0.0,natural_gas_fired_combustion_turbine
142,73,0.0,natural_gas_fired_combustion_turbine
121,73,0.0,natural_gas_fired_combustion_turbine
91,73,0.0,natural_gas_fired_combustion_turbine
22,73,0.0,natural_gas_steam_turbine
123,73,0.0,natural_gas_steam_turbine
62,73,0.0,natural_gas_steam_turbine
49,73,0.0,natural_gas_steam_turbine
48,73,0.0,natural_gas_steam_turbine
21,73,0.0,natural_gas_steam_turbine
79,73,7405.999,nuclear
10,73,120.80235000000002,onshore_wind_turbine
23,73,1185.921,onshore_wind_turbine
31,73,2514.9343799999997,onshore_wind_turbine
38,73,1326.8025,onshore_wind_turbine
50,73,929.0879999999999,onshore_wind_turbine
63,73,19.176600016800002,onshore_wind_turbine
80,73,1309.5446399999998,onshore_wind_turbine
94,73,4255.740000000001,onshore_wind_turbine
105,73,90.768959316,onshore_wind_turbine
124,73,9315.6543927612,onshore_wind_turbine
136,73,694.61694,onshore_wind_turbine
144,73,6763.662269999999,onshore_wind_turbine
11,73,19.125,small_hydroelectric
24,73,62.577,small_hydroelectric
32,73,192.0,small_hydroelectric
39,73,52.9,small_hydroelectric
51,73,25.641,small_hydroelectric
64,73,6.128,small_hydroelectric
81,73,241.672,small_hydroelectric
95,73,418.922,small_hydroelectric
106,73,31.614,small_hydroelectric
125,73,100.697,small_hydroelectric
137,73,36.822,small_hydroelectric
145,73,33.21,small_hydroelectric
12,73,0.0,solar_photovoltaic
25,73,0.0,solar_photovoltaic
33,73,0.0,solar_photovoltaic
52,73,0.0,solar_photovoltaic
65,73,0.0,solar_photovoltaic
82,73,0.0,solar_photovoltaic
96,73,0.0,solar_photovoltaic
107,73,0.0,solar_photovoltaic
126,73,0.0,solar_photovoltaic
138,73,0.0,solar_photovoltaic
26,74,11.235,biomass
13,74,15.682,biomass
108,74,137.081,biomass
40,74,5.952,biomass
97,74,178.173,biomass
1,74,16.294,biomass
66,74,228.795,biomass
2,74,840.0786827999999,conventional_hydroelectric
14,74,148.412462,conventional_hydroelectric
27,74,899.9944776000001,conventional_hydroelectric
35,74,1563.0080928,conventional_hydroelectric
54,74,841.9148100000001,conventional_hydroelectric
67,74,2983.641818526018,conventional_hydroelectric
84,74,18117.437080800002,conventional_hydroelectric
109,74,389.5957289796,conventional_hydroelectric
128,74,69.09936,conventional_hydroelectric
139,74,151.615296,conventional_hydroelectric
110,74,50.0,conventional_steam_coal
41,74,0.0,conventional_steam_coal
3,74,0.0,conventional_steam_coal
36,74,0.0,conventional_steam_coal
85,74,0.0,conventional_steam_coal
28,74,74.364,geothermal
116,74,0.0,natural_gas_fired_combined_cycle
73,74,0.0,natural_gas_fired_combined_cycle
71,74,0.0,natural_gas_fired_combined_cycle
44,74,0.0,natural_gas_fired_combined_cycle
115,74,0.0,natural_gas_fired_combined_cycle
70,74,0.0,natural_gas_fired_combined_cycle
131,74,0.0,natural_gas_fired_combined_cycle
18,74,0.0,natural_gas_fired_combined_cycle
72,74,0.0,natural_gas_fired_combined_cycle
114,74,0.0,natural_gas_fired_combined_cycle
45,74,0.0,natural_gas_fired_combined_cycle
78,74,0.0,natural_gas_fired_combustion_turbine
75,74,0.0,natural_gas_fired_combustion_turbine
119,74,0.0,natural_gas_fired_combustion_turbine
117,74,0.0,natural_gas_fired_combustion_turbine
134,74,0.0,natural_gas_fired_combustion_turbine
103,74,0.0,natural_gas_fired_combustion_turbine
47,74,0.0,natural_gas_fired_combustion_turbine
8,74,0.0,natural_gas_fired_combustion_turbine
90,74,0.0,natural_gas_fired_combustion_turbine
60,74,0.0,natural_gas_fired_combustion_turbine
46,74,0.0,natural_gas_fired_combustion_turbine
37,74,0.0,natural_gas_fired_combustion_turbine
7,74,0.0,natural_gas_fired_combustion_turbine
133,74,0.0,natural_gas_fired_combustion_turbine
74,74,0.0,natural_gas_fired_combustion_turbine
20,74,0.0,natural_gas_fired_combustion_turbine
135,74,0.0,natural_gas_fired_combustion_turbine
142,74,0.0,natural_gas_fired_combustion_turbine
121,74,0.0,natural_gas_fired_combustion_turbine
91,74,0.0,natural_gas_fired_combustion_turbine
22,74,0.0,natural_gas_steam_turbine
123,74,0.0,natural_gas_steam_turbine
62,74,0.0,natural_gas_steam_turbine
49,74,0.0,natural_gas_steam_turbine
48,74,0.0,natural_gas_steam_turbine
21,74,0.0,natural_gas_steam_turbine
79,74,7405.999,nuclear
10,74,181.16493000000003,onshore_wind_turbine
23,74,1221.0594,onshore_wind_turbine
31,74,2185.68255,onshore_wind_turbine
38,74,1272.5131500000002,onshore_wind_turbine
50,74,974.9617199999998,onshore_wind_turbine
63,74,13.3136400648,onshore_wind_turbine
80,74,1624.9823999999999,onshore_wind_turbine
94,74,3513.3498,onshore_wind_turbine
105,74,332.191380339,onshore_wind_turbine
124,74,9335.9204642484,onshore_wind_turbine
136,74,707.72292,onshore_wind_turbine
144,74,6467.051069999999,onshore_wind_turbine
11,74,19.125,small_hydroelectric
24,74,62.577,small_hydroelectric
32,74,192.0,small_hydroelectric
39,74,52.9,small_hydroelectric
51,74,25.641,small_hydroelectric
64,74,6.128,small_hydroelectric
81,74,241.672,small_hydroelectric
95,74,418.922,small_hydroelectric
106,74,31.614,small_hydroelectric
125,74,100.697,small_hydroelectric
137,74,36.822,small_hydroelectric
145,74,33.21,small_hydroelectric
12,74,0.0,solar_photovoltaic
25,74,0.0,solar_photovoltaic
33,74,0.0,solar_photovoltaic
52,74,0.0,solar_photovoltaic
65,74,0.0,solar_photovoltaic
82,74,0.0,solar_photovoltaic
96,74,0.0,solar_photovoltaic
107,74,0.0,solar_photovoltaic
126,74,0.0,solar_photovoltaic
138,74,0.0,solar_photovoltaic
26,75,11.235,biomass
13,75,15.682,biomass
108,75,137.081,biomass
40,75,5.952,biomass
97,75,178.173,biomass
1,75,16.294,biomass
66,75,228.795,biomass
2,75,840.0786827999999,conventional_hydroelectric
14,75,148.36542160000002,conventional_hydroelectric
27,75,899.9944776000001,conventional_hydroelectric
35,75,1563.7573776,conventional_hydroelectric
54,75,842.4345105000001,conventional_hydroelectric
67,75,2982.599635173093,conventional_hydroelectric
84,75,18117.437080800002,conventional_hydroelectric
109,75,389.5349803176,conventional_hydroelectric
128,75,69.12972,conventional_hydroelectric
139,75,151.6618752,conventional_hydroelectric
110,75,50.0,conventional_steam_coal
41,75,0.0,conventional_steam_coal
3,75,0.0,conventional_steam_coal
36,75,0.0,conventional_steam_coal
85,75,0.0,conventional_steam_coal
28,75,74.364,geothermal
116,75,0.0,natural_gas_fired_combined_cycle
73,75,0.0,natural_gas_fired_combined_cycle
71,75,0.0,natural_gas_fired_combined_cycle
44,75,0.0,natural_gas_fired_combined_cycle
115,75,0.0,natural_gas_fired_combined_cycle
70,75,0.0,natural_gas_fired_combined_cycle
131,75,0.0,natural_gas_fired_combined_cycle
18,75,0.0,natural_gas_fired_combined_cycle
72,75,0.0,natural_gas_fired_combined_cycle
114,75,0.0,natural_gas_fired_combined_cycle
45,75,0.0,natural_gas_fired_combined_cycle
78,75,0.0,natural_gas_fired_combustion_turbine
75,75,0.0,natural_gas_fired_combustion_turbine
119,75,0.0,natural_gas_fired_combustion_turbine
117,75,0.0,natural_gas_fired_combustion_turbine
134,75,0.0,natural_gas_fired_combustion_turbine
103,75,0.0,natural_gas_fired_combustion_turbine
47,75,0.0,natural_gas_fired_combustion_turbine
8,75,0.0,natural_gas_fired_combustion_turbine
90,75,0.0,natural_gas_fired_combustion_turbine
60,75,0.0,natural_gas_fired_combustion_turbine
46,75,0.0,natural_gas_fired_combustion_turbine
37,75,0.0,natural_gas_fired_combustion_turbine
7,75,0.0,natural_gas_fired_combustion_turbine
133,75,0.0,natural_gas_fired_combustion_turbine
74,75,0.0,natural_gas_fired_combustion_turbine
20,75,0.0,natural_gas_fired_combustion_turbine
135,75,0.0,natural_gas_fired_combustion_turbine
142,75,0.0,natural_gas_fired_combustion_turbine
121,75,0.0,natural_gas_fired_combustion_turbine
91,75,0.0,natural_gas_fired_combustion_turbine
22,75,0.0,natural_gas_steam_turbine
123,75,0.0,natural_gas_steam_turbine
62,75,0.0,natural_gas_steam_turbine
49,75,0.0,natural_gas_steam_turbine
48,75,0.0,natural_gas_steam_turbine
21,75,0.0,natural_gas_steam_turbine
79,75,7405.999,nuclear
10,75,195.75384000000003,onshore_wind_turbine
23,75,1323.2802,onshore_wind_turbine
31,75,2054.38893,onshore_wind_turbine
38,75,1431.24255,onshore_wind_turbine
50,75,973.2196799999999,onshore_wind_turbine
63,75,12.458999899200002,onshore_wind_turbine
80,75,1887.05064,onshore_wind_turbine
94,75,4013.0052,onshore_wind_turbine
105,75,720.510179949,onshore_wind_turbine
124,75,9428.0532261102,onshore_wind_turbine
136,75,631.3998600000001,onshore_wind_turbine
144,75,6457.781969999999,onshore_wind_turbine
11,75,19.125,small_hydroelectric
24,75,62.577,small_hydroelectric
32,75,192.0,small_hydroelectric
39,75,52.9,small_hydroelectric
51,75,25.641,small_hydroelectric
64,75,6.128,small_hydroelectric
81,75,241.672,small_hydroelectric
95,75,418.922,small_hydroelectric
106,75,31.614,small_hydroelectric
125,75,100.697,small_hydroelectric
137,75,36.822,small_hydroelectric
145,75,33.21,small_hydroelectric
12,75,0.0,solar_photovoltaic
25,75,0.0,solar_photovoltaic
33,75,0.0,solar_photovoltaic
52,75,0.0,solar_photovoltaic
65,75,0.0,solar_photovoltaic
82,75,0.0,solar_photovoltaic
96,75,0.0,solar_photovoltaic
107,75,0.0,solar_photovoltaic
126,75,0.0,solar_photovoltaic
138,75,0.0,solar_photovoltaic
26,76,11.235,biomass
13,76,15.682,biomass
108,76,137.081,biomass
40,76,5.952,biomass
97,76,178.173,biomass
1,76,16.294,biomass
66,76,228.795,biomass
2,76,840.0786827999999,conventional_hydroelectric
14,76,148.3183812,conventional_hydroelectric
27,76,899.9944776000001,conventional_hydroelectric
35,76,1564.5066623999999,conventional_hydroelectric
54,76,842.9542110000001,conventional_hydroelectric
67,76,2982.2323923816834,conventional_hydroelectric
84,76,18117.437080800002,conventional_hydroelectric
109,76,389.4742330518,conventional_hydroelectric
128,76,69.1449,conventional_hydroelectric
139,76,151.7084544,conventional_hydroelectric
110,76,50.0,conventional_steam_coal
41,76,0.0,conventional_steam_coal
3,76,0.0,conventional_steam_coal
36,76,0.0,conventional_steam_coal
85,76,0.0,conventional_steam_coal
28,76,74.364,geothermal
116,76,0.0,natural_gas_fired_combined_cycle
73,76,0.0,natural_gas_fired_combined_cycle
71,76,0.0,natural_gas_fired_combined_cycle
44,76,0.0,natural_gas_fired_combined_cycle
115,76,0.0,natural_gas_fired_combined_cycle
70,76,0.0,natural_gas_fired_combined_cycle
131,76,0.0,natural_gas_fired_combined_cycle
18,76,0.0,natural_gas_fired_combined_cycle
72,76,0.0,natural_gas_fired_combined_cycle
114,76,0.0,natural_gas_fired_combined_cycle
45,76,0.0,natural_gas_fired_combined_cycle
78,76,0.0,natural_gas_fired_combustion_turbine
75,76,0.0,natural_gas_fired_combustion_turbine
119,76,0.0,natural_gas_fired_combustion_turbine
117,76,0.0,natural_gas_fired_combustion_turbine
134,76,0.0,natural_gas_fired_combustion_turbine
103,76,0.0,natural_gas_fired_combustion_turbine
47,76,0.0,natural_gas_fired_combustion_turbine
8,76,0.0,natural_gas_fired_combustion_turbine
90,76,0.0,natural_gas_fired_combustion_turbine
60,76,0.0,natural_gas_fired_combustion_turbine
46,76,0.0,natural_gas_fired_combustion_turbine
37,76,0.0,natural_gas_fired_combustion_turbine
7,76,0.0,natural_gas_fired_combustion_turbine
133,76,0.0,natural_gas_fired_combustion_turbine
74,76,0.0,natural_gas_fired_combustion_turbine
20,76,0.0,natural_gas_fired_combustion_turbine
135,76,0.0,natural_gas_fired_combustion_turbine
142,76,0.0,natural_gas_fired_combustion_turbine
121,76,0.0,natural_gas_fired_combustion_turbine
91,76,0.0,natural_gas_fired_combustion_turbine
22,76,0.0,natural_gas_steam_turbine
123,76,0.0,natural_gas_steam_turbine
62,76,0.0,natural_gas_steam_turbine
49,76,0.0,natural_gas_steam_turbine
48,76,0.0,natural_gas_steam_turbine
21,76,0.0,natural_gas_steam_turbine
79,76,7405.999,nuclear
10,76,192.43467,onshore_wind_turbine
23,76,1574.0406,onshore_wind_turbine
31,76,2142.9357899999995,onshore_wind_turbine
38,76,1411.5230999999999,onshore_wind_turbine
50,76,909.0545399999999,onshore_wind_turbine
63,76,42.926040048000004,onshore_wind_turbine
80,76,1148.63952,onshore_wind_turbine
94,76,5447.3472,onshore_wind_turbine
105,76,747.12401946,onshore_wind_turbine
124,76,9563.1946750824,onshore_wind_turbine
136,76,677.27079,onshore_wind_turbine
144,76,6052.722299999999,onshore_wind_turbine
11,76,19.125,small_hydroelectric
24,76,62.577,small_hydroelectric
32,76,192.0,small_hydroelectric
39,76,52.9,small_hydroelectric
51,76,25.641,small_hydroelectric
64,76,6.128,small_hydroelectric
81,76,241.672,small_hydroelectric
95,76,418.922,small_hydroelectric
106,76,31.614,small_hydroelectric
125,76,100.697,small_hydroelectric
137,76,36.822,small_hydroelectric
145,76,33.21,small_hydroelectric
12,76,0.0,solar_photovoltaic
25,76,0.0,solar_photovoltaic
33,76,0.0,solar_photovoltaic
52,76,0.0,solar_photovoltaic
65,76,0.0,solar_photovoltaic
82,76,0.0,solar_photovoltaic
96,76,0.0,solar_photovoltaic
107,76,0.0,solar_photovoltaic
126,76,0.0,solar_photovoltaic
138,76,0.0,solar_photovoltaic
26,77,11.235,biomass
13,77,15.682,biomass
108,77,137.081,biomass
40,77,5.952,biomass
97,77,178.173,biomass
1,77,16.294,biomass
66,77,228.795,biomass
2,77,840.0786827999999,conventional_hydroelectric
14,77,148.2713408,conventional_hydroelectric
27,77,900.1355868,conventional_hydroelectric
35,77,1565.0061856000002,conventional_hydroelectric
54,77,843.4739115000001,conventional_hydroelectric
67,77,2981.1902163027657,conventional_hydroelectric
84,77,18114.531783000002,conventional_hydroelectric
109,77,389.4134843898,conventional_hydroelectric
128,77,69.17526000000001,conventional_hydroelectric
139,77,151.7550336,conventional_hydroelectric
110,77,28.499999999999996,conventional_steam_coal
41,77,0.0,conventional_steam_coal
3,77,0.0,conventional_steam_coal
36,77,0.0,conventional_steam_coal
85,77,0.0,conventional_steam_coal
28,77,74.364,geothermal
116,77,0.0,natural_gas_fired_combined_cycle
73,77,0.0,natural_gas_fired_combined_cycle
71,77,0.0,natural_gas_fired_combined_cycle
44,77,0.0,natural_gas_fired_combined_cycle
115,77,0.0,natural_gas_fired_combined_cycle
70,77,0.0,natural_gas_fired_combined_cycle
131,77,0.0,natural_gas_fired_combined_cycle
18,77,0.0,natural_gas_fired_combined_cycle
72,77,0.0,natural_gas_fired_combined_cycle
114,77,0.0,natural_gas_fired_combined_cycle
45,77,0.0,natural_gas_fired_combined_cycle
78,77,0.0,natural_gas_fired_combustion_turbine
75,77,0.0,natural_gas_fired_combustion_turbine
119,77,0.0,natural_gas_fired_combustion_turbine
117,77,0.0,natural_gas_fired_combustion_turbine
134,77,0.0,natural_gas_fired_combustion_turbine
103,77,0.0,natural_gas_fired_combustion_turbine
47,77,0.0,natural_gas_fired_combustion_turbine
8,77,0.0,natural_gas_fired_combustion_turbine
90,77,0.0,natural_gas_fired_combustion_turbine
60,77,0.0,natural_gas_fired_combustion_turbine
46,77,0.0,natural_gas_fired_combustion_turbine
37,77,0.0,natural_gas_fired_combustion_turbine
7,77,0.0,natural_gas_fired_combustion_turbine
133,77,0.0,natural_gas_fired_combustion_turbine
74,77,0.0,natural_gas_fired_combustion_turbine
20,77,0.0,natural_gas_fired_combustion_turbine
135,77,0.0,natural_gas_fired_combustion_turbine
142,77,0.0,natural_gas_fired_combustion_turbine
121,77,0.0,natural_gas_fired_combustion_turbine
91,77,0.0,natural_gas_fired_combustion_turbine
22,77,0.0,natural_gas_steam_turbine
123,77,0.0,natural_gas_steam_turbine
62,77,0.0,natural_gas_steam_turbine
49,77,0.0,natural_gas_steam_turbine
48,77,0.0,natural_gas_steam_turbine
21,77,0.0,natural_gas_steam_turbine
79,77,7405.999,nuclear
10,77,126.59160000000001,onshore_wind_turbine
23,77,1250.6075999999998,onshore_wind_turbine
31,77,2040.6489,onshore_wind_turbine
38,77,1437.5722500000002,onshore_wind_turbine
50,77,829.7917199999999,onshore_wind_turbine
63,77,88.2908398776,onshore_wind_turbine
80,77,986.1412799999998,onshore_wind_turbine
94,77,5414.247,onshore_wind_turbine
105,77,522.273540474,onshore_wind_turbine
124,77,9166.1324664492,onshore_wind_turbine
136,77,562.7862,onshore_wind_turbine
144,77,5183.28072,onshore_wind_turbine
11,77,19.125,small_hydroelectric
24,77,62.577,small_hydroelectric
32,77,192.0,small_hydroelectric
39,77,52.9,small_hydroelectric
51,77,25.641,small_hydroelectric
64,77,6.128,small_hydroelectric
81,77,241.672,small_hydroelectric
95,77,418.922,small_hydroelectric
106,77,31.614,small_hydroelectric
125,77,100.697,small_hydroelectric
137,77,36.822,small_hydroelectric
145,77,33.21,small_hydroelectric
12,77,0.0,solar_photovoltaic
25,77,291.4548,solar_photovoltaic
33,77,0.0,solar_photovoltaic
52,77,87.68111999999999,solar_photovoltaic
65,77,0.0,solar_photovoltaic
82,77,0.0,solar_photovoltaic
96,77,0.0,solar_photovoltaic
107,77,0.0,solar_photovoltaic
126,77,0.0,solar_photovoltaic
138,77,0.0,solar_photovoltaic
26,78,11.235,biomass
13,78,15.682,biomass
108,78,137.081,biomass
40,78,5.952,biomass
97,78,178.173,biomass
1,78,16.294,biomass
66,78,228.795,biomass
2,78,840.0786827999999,conventional_hydroelectric
14,78,148.2713408,conventional_hydroelectric
27,78,900.1355868,conventional_hydroelectric
35,78,1565.7554704,conventional_hydroelectric
54,78,843.9936120000001,conventional_hydroelectric
67,78,2980.148032949841,conventional_hydroelectric
84,78,18114.531783000002,conventional_hydroelectric
109,78,389.4134843898,conventional_hydroelectric
128,78,69.19044000000001,conventional_hydroelectric
139,78,151.80161280000002,conventional_hydroelectric
110,78,0.0,conventional_steam_coal
41,78,0.0,conventional_steam_coal
3,78,0.0,conventional_steam_coal
36,78,0.0,conventional_steam_coal
85,78,0.0,conventional_steam_coal
28,78,74.364,geothermal
116,78,0.0,natural_gas_fired_combined_cycle
73,78,0.0,natural_gas_fired_combined_cycle
71,78,0.0,natural_gas_fired_combined_cycle
44,78,0.0,natural_gas_fired_combined_cycle
115,78,0.0,natural_gas_fired_combined_cycle
70,78,0.0,natural_gas_fired_combined_cycle
131,78,0.0,natural_gas_fired_combined_cycle
18,78,0.0,natural_gas_fired_combined_cycle
72,78,0.0,natural_gas_fired_combined_cycle
114,78,0.0,natural_gas_fired_combined_cycle
45,78,0.0,natural_gas_fired_combined_cycle
78,78,0.0,natural_gas_fired_combustion_turbine
75,78,0.0,natural_gas_fired_combustion_turbine
119,78,0.0,natural_gas_fired_combustion_turbine
117,78,0.0,natural_gas_fired_combustion_turbine
134,78,0.0,natural_gas_fired_combustion_turbine
103,78,0.0,natural_gas_fired_combustion_turbine
47,78,0.0,natural_gas_fired_combustion_turbine
8,78,0.0,natural_gas_fired_combustion_turbine
90,78,0.0,natural_gas_fired_combustion_turbine
60,78,0.0,natural_gas_fired_combustion_turbine
46,78,0.0,natural_gas_fired_combustion_turbine
37,78,0.0,natural_gas_fired_combustion_turbine
7,78,0.0,natural_gas_fired_combustion_turbine
133,78,0.0,natural_gas_fired_combustion_turbine
74,78,0.0,natural_gas_fired_combustion_turbine
20,78,0.0,natural_gas_fired_combustion_turbine
135,78,0.0,natural_gas_fired_combustion_turbine
142,78,0.0,natural_gas_fired_combustion_turbine
121,78,0.0,natural_gas_fired_combustion_turbine
91,78,0.0,natural_gas_fired_combustion_turbine
22,78,0.0,natural_gas_steam_turbine
123,78,0.0,natural_gas_steam_turbine
62,78,0.0,natural_gas_steam_turbine
49,78,0.0,natural_gas_steam_turbine
48,78,0.0,natural_gas_steam_turbine
21,78,0.0,natural_gas_steam_turbine
79,78,5554.49925,nuclear
10,78,197.45202000000003,onshore_wind_turbine
23,78,690.789,onshore_wind_turbine
31,78,1933.782,onshore_wind_turbine
38,78,1317.79485,onshore_wind_turbine
50,78,649.2002399999999,onshore_wind_turbine
63,78,105.01751985840001,onshore_wind_turbine
80,78,1009.24152,onshore_wind_turbine
94,78,5294.4558,onshore_wind_turbine
105,78,388.148220432,onshore_wind_turbine
124,78,9387.7814698338,onshore_wind_turbine
136,78,587.84175,onshore_wind_turbine
144,78,4091.3807399999996,onshore_wind_turbine
11,78,19.125,small_hydroelectric
24,78,62.577,small_hydroelectric
32,78,192.0,small_hydroelectric
39,78,52.9,small_hydroelectric
51,78,25.641,small_hydroelectric
64,78,6.128,small_hydroelectric
81,78,241.672,small_hydroelectric
95,78,418.922,small_hydroelectric
106,78,31.614,small_hydroelectric
125,78,100.697,small_hydroelectric
137,78,36.822,small_hydroelectric
145,78,33.21,small_hydroelectric
12,78,1298.4542999999999,solar_photovoltaic
25,78,706.0572599999999,solar_photovoltaic
33,78,206.1294,solar_photovoltaic
52,78,974.5638,solar_photovoltaic
65,78,2097.816417777,solar_photovoltaic
82,78,798.50415,solar_photovoltaic
96,78,97.16271,solar_photovoltaic
107,78,1628.1048002535001,solar_photovoltaic
126,78,3065.2299866745,solar_photovoltaic
138,78,637.3623299999999,solar_photovoltaic
26,79,11.235,biomass
13,79,15.682,biomass
108,79,137.081,biomass
40,79,5.952,biomass
97,79,178.173,biomass
1,79,16.294,biomass
66,79,228.795,biomass
2,79,840.3549336,conventional_hydroelectric
14,79,148.2243004,conventional_hydroelectric
27,79,900.1355868,conventional_hydroelectric
35,79,1566.5047551999999,conventional_hydroelectric
54,79,844.5133125000001,conventional_hydroelectric
67,79,2979.780790158432,conventional_hydroelectric
84,79,18114.531783000002,conventional_hydroelectric
109,79,389.2738643898,conventional_hydroelectric
128,79,69.20562000000001,conventional_hydroelectric
139,79,151.8249024,conventional_hydroelectric
110,79,0.0,conventional_steam_coal
41,79,0.0,conventional_steam_coal
3,79,0.0,conventional_steam_coal
36,79,0.0,conventional_steam_coal
85,79,0.0,conventional_steam_coal
28,79,74.364,geothermal
116,79,0.0,natural_gas_fired_combined_cycle
73,79,0.0,natural_gas_fired_combined_cycle
71,79,0.0,natural_gas_fired_combined_cycle
44,79,0.0,natural_gas_fired_combined_cycle
115,79,0.0,natural_gas_fired_combined_cycle
70,79,0.0,natural_gas_fired_combined_cycle
131,79,0.0,natural_gas_fired_combined_cycle
18,79,0.0,natural_gas_fired_combined_cycle
72,79,0.0,natural_gas_fired_combined_cycle
114,79,0.0,natural_gas_fired_combined_cycle
45,79,0.0,natural_gas_fired_combined_cycle
78,79,0.0,natural_gas_fired_combustion_turbine
75,79,0.0,natural_gas_fired_combustion_turbine
119,79,0.0,natural_gas_fired_combustion_turbine
117,79,0.0,natural_gas_fired_combustion_turbine
134,79,0.0,natural_gas_fired_combustion_turbine
103,79,0.0,natural_gas_fired_combustion_turbine
47,79,0.0,natural_gas_fired_combustion_turbine
8,79,0.0,natural_gas_fired_combustion_turbine
90,79,0.0,natural_gas_fired_combustion_turbine
60,79,0.0,natural_gas_fired_combustion_turbine
46,79,0.0,natural_gas_fired_combustion_turbine
37,79,0.0,natural_gas_fired_combustion_turbine
7,79,0.0,natural_gas_fired_combustion_turbine
133,79,0.0,natural_gas_fired_combustion_turbine
74,79,0.0,natural_gas_fired_combustion_turbine
20,79,0.0,natural_gas_fired_combustion_turbine
135,79,0.0,natural_gas_fired_combustion_turbine
142,79,0.0,natural_gas_fired_combustion_turbine
121,79,0.0,natural_gas_fired_combustion_turbine
91,79,0.0,natural_gas_fired_combustion_turbine
22,79,0.0,natural_gas_steam_turbine
123,79,0.0,natural_gas_steam_turbine
62,79,0.0,natural_gas_steam_turbine
49,79,0.0,natural_gas_steam_turbine
48,79,0.0,natural_gas_steam_turbine
21,79,0.0,natural_gas_steam_turbine
79,79,5554.49925,nuclear
10,79,158.08512000000002,onshore_wind_turbine
23,79,614.922,onshore_wind_turbine
31,79,1383.1630199999997,onshore_wind_turbine
38,79,1153.953,onshore_wind_turbine
50,79,240.98219999999998,onshore_wind_turbine
63,79,47.0858398944,onshore_wind_turbine
80,79,712.1246399999999,onshore_wind_turbine
94,79,3719.832,onshore_wind_turbine
105,79,335.479980024,onshore_wind_turbine
124,79,9350.957700374402,onshore_wind_turbine
136,79,189.26577,onshore_wind_turbine
144,79,5301.925199999999,onshore_wind_turbine
11,79,19.125,small_hydroelectric
24,79,62.577,small_hydroelectric
32,79,192.0,small_hydroelectric
39,79,52.9,small_hydroelectric
51,79,25.641,small_hydroelectric
64,79,6.128,small_hydroelectric
81,79,241.672,small_hydroelectric
95,79,418.922,small_hydroelectric
106,79,31.614,small_hydroelectric
125,79,100.697,small_hydroelectric
137,79,36.822,small_hydroelectric
145,79,33.21,small_hydroelectric
12,79,2294.2385999999997,solar_photovoltaic
25,79,1008.0812999999998,solar_photovoltaic
33,79,386.9076,solar_photovoltaic
52,79,1548.0457199999998,solar_photovoltaic
65,79,3626.9881526064,solar_photovoltaic
82,79,2982.4757099999997,solar_photovoltaic
96,79,213.02751,solar_photovoltaic
107,79,3272.5577123745,solar_photovoltaic
126,79,6805.3220142165,solar_photovoltaic
138,79,1050.65961,solar_photovoltaic
26,80,11.235,biomass
13,80,15.682,biomass
108,80,137.081,biomass
40,80,5.952,biomass
97,80,178.173,biomass
1,80,16.294,biomass
66,80,228.795,biomass
2,80,840.3549336,conventional_hydroelectric
14,80,148.17726,conventional_hydroelectric
27,80,900.1355868,conventional_hydroelectric
35,80,1567.2540399999998,conventional_hydroelectric
54,80,845.1369531000001,conventional_hydroelectric
67,80,2978.738606805507,conventional_hydroelectric
84,80,18111.6264852,conventional_hydroelectric
109,80,389.213117124,conventional_hydroelectric
128,80,69.23598000000001,conventional_hydroelectric
139,80,151.87148159999998,conventional_hydroelectric
110,80,0.0,conventional_steam_coal
41,80,0.0,conventional_steam_coal
3,80,0.0,conventional_steam_coal
36,80,0.0,conventional_steam_coal
85,80,0.0,conventional_steam_coal
28,80,74.364,geothermal
116,80,0.0,natural_gas_fired_combined_cycle
73,80,0.0,natural_gas_fired_combined_cycle
71,80,0.0,natural_gas_fired_combined_cycle
44,80,0.0,natural_gas_fired_combined_cycle
115,80,0.0,natural_gas_fired_combined_cycle
70,80,0.0,natural_gas_fired_combined_cycle
131,80,0.0,natural_gas_fired_combined_cycle
18,80,0.0,natural_gas_fired_combined_cycle
72,80,0.0,natural_gas_fired_combined_cycle
114,80,0.0,natural_gas_fired_combined_cycle
45,80,0.0,natural_gas_fired_combined_cycle
78,80,0.0,natural_gas_fired_combustion_turbine
75,80,0.0,natural_gas_fired_combustion_turbine
119,80,0.0,natural_gas_fired_combustion_turbine
117,80,0.0,natural_gas_fired_combustion_turbine
134,80,0.0,natural_gas_fired_combustion_turbine
103,80,0.0,natural_gas_fired_combustion_turbine
47,80,0.0,natural_gas_fired_combustion_turbine
8,80,0.0,natural_gas_fired_combustion_turbine
90,80,0.0,natural_gas_fired_combustion_turbine
60,80,0.0,natural_gas_fired_combustion_turbine
46,80,0.0,natural_gas_fired_combustion_turbine
37,80,0.0,natural_gas_fired_combustion_turbine
7,80,0.0,natural_gas_fired_combustion_turbine
133,80,0.0,natural_gas_fired_combustion_turbine
74,80,0.0,natural_gas_fired_combustion_turbine
20,80,0.0,natural_gas_fired_combustion_turbine
135,80,0.0,natural_gas_fired_combustion_turbine
142,80,0.0,natural_gas_fired_combustion_turbine
121,80,0.0,natural_gas_fired_combustion_turbine
91,80,0.0,natural_gas_fired_combustion_turbine
22,80,0.0,natural_gas_steam_turbine
123,80,0.0,natural_gas_steam_turbine
62,80,0.0,natural_gas_steam_turbine
49,80,0.0,natural_gas_steam_turbine
48,80,0.0,natural_gas_steam_turbine
21,80,0.0,natural_gas_steam_turbine
79,80,3702.9995,nuclear
10,80,76.18653,onshore_wind_turbine
23,80,590.1654,onshore_wind_turbine
31,80,1592.31681,onshore_wind_turbine
38,80,1145.91915,onshore_wind_turbine
50,80,75.19805999999998,onshore_wind_turbine
63,80,6.227879988000001,onshore_wind_turbine
80,80,520.95024,onshore_wind_turbine
94,80,3100.3854,onshore_wind_turbine
105,80,55.585800459,onshore_wind_turbine
124,80,8045.120514941401,onshore_wind_turbine
136,80,200.05893000000003,onshore_wind_turbine
144,80,6067.552859999999,onshore_wind_turbine
11,80,19.125,small_hydroelectric
24,80,62.577,small_hydroelectric
32,80,192.0,small_hydroelectric
39,80,52.9,small_hydroelectric
51,80,25.641,small_hydroelectric
64,80,6.128,small_hydroelectric
81,80,241.672,small_hydroelectric
95,80,418.922,small_hydroelectric
106,80,31.614,small_hydroelectric
125,80,100.697,small_hydroelectric
137,80,36.822,small_hydroelectric
145,80,33.21,small_hydroelectric
12,80,3253.7025,solar_photovoltaic
25,80,1161.9758399999998,solar_photovoltaic
33,80,482.65365,solar_photovoltaic
52,80,1958.90286,solar_photovoltaic
65,80,5332.114706918699,solar_photovoltaic
82,80,4411.421879999999,solar_photovoltaic
96,80,276.4383,solar_photovoltaic
107,80,4896.384722097,solar_photovoltaic
126,80,10015.790336608501,solar_photovoltaic
138,80,1300.7514299999998,solar_photovoltaic
26,81,11.235,biomass
13,81,15.682,biomass
108,81,137.081,biomass
40,81,5.952,biomass
97,81,178.173,biomass
1,81,16.294,biomass
66,81,228.795,biomass
2,81,840.3549336,conventional_hydroelectric
14,81,148.1302196,conventional_hydroelectric
27,81,900.1355868,conventional_hydroelectric
35,81,1568.0033248,conventional_hydroelectric
54,81,845.6566536,conventional_hydroelectric
67,81,2977.643970588105,conventional_hydroelectric
84,81,18111.6264852,conventional_hydroelectric
109,81,389.15236846199997,conventional_hydroelectric
128,81,69.25116,conventional_hydroelectric
139,81,151.91806079999998,conventional_hydroelectric
110,81,0.0,conventional_steam_coal
41,81,0.0,conventional_steam_coal
3,81,0.0,conventional_steam_coal
36,81,0.0,conventional_steam_coal
85,81,0.0,conventional_steam_coal
28,81,74.364,geothermal
116,81,0.0,natural_gas_fired_combined_cycle
73,81,0.0,natural_gas_fired_combined_cycle
71,81,0.0,natural_gas_fired_combined_cycle
44,81,0.0,natural_gas_fired_combined_cycle
115,81,0.0,natural_gas_fired_combined_cycle
70,81,0.0,natural_gas_fired_combined_cycle
131,81,0.0,natural_gas_fired_combined_cycle
18,81,0.0,natural_gas_fired_combined_cycle
72,81,0.0,natural_gas_fired_combined_cycle
114,81,0.0,natural_gas_fired_combined_cycle
45,81,0.0,natural_gas_fired_combined_cycle
78,81,0.0,natural_gas_fired_combustion_turbine
75,81,0.0,natural_gas_fired_combustion_turbine
119,81,0.0,natural_gas_fired_combustion_turbine
117,81,0.0,natural_gas_fired_combustion_turbine
134,81,0.0,natural_gas_fired_combustion_turbine
103,81,0.0,natural_gas_fired_combustion_turbine
47,81,0.0,natural_gas_fired_combustion_turbine
8,81,0.0,natural_gas_fired_combustion_turbine
90,81,0.0,natural_gas_fired_combustion_turbine
60,81,0.0,natural_gas_fired_combustion_turbine
46,81,0.0,natural_gas_fired_combustion_turbine
37,81,0.0,natural_gas_fired_combustion_turbine
7,81,0.0,natural_gas_fired_combustion_turbine
133,81,0.0,natural_gas_fired_combustion_turbine
74,81,0.0,natural_gas_fired_combustion_turbine
20,81,0.0,natural_gas_fired_combustion_turbine
135,81,0.0,natural_gas_fired_combustion_turbine
142,81,0.0,natural_gas_fired_combustion_turbine
121,81,0.0,natural_gas_fired_combustion_turbine
91,81,0.0,natural_gas_fired_combustion_turbine
22,81,0.0,natural_gas_steam_turbine
123,81,0.0,natural_gas_steam_turbine
62,81,0.0,natural_gas_steam_turbine
49,81,0.0,natural_gas_steam_turbine
48,81,0.0,natural_gas_steam_turbine
21,81,0.0,natural_gas_steam_turbine
79,81,1851.49975,nuclear
10,81,14.511720000000002,onshore_wind_turbine
23,81,589.3668,onshore_wind_turbine
31,81,1219.30044,onshore_wind_turbine
38,81,1065.09375,onshore_wind_turbine
50,81,33.38909999999999,onshore_wind_turbine
63,81,0.1560000336,onshore_wind_turbine
80,81,803.7290399999999,onshore_wind_turbine
94,81,2566.0536,onshore_wind_turbine
105,81,17.560319427,onshore_wind_turbine
124,81,5125.2143152584,onshore_wind_turbine
136,81,309.53241,onshore_wind_turbine
144,81,5435.400239999999,onshore_wind_turbine
11,81,19.125,small_hydroelectric
24,81,62.577,small_hydroelectric
32,81,192.0,small_hydroelectric
39,81,52.9,small_hydroelectric
51,81,25.641,small_hydroelectric
64,81,6.128,small_hydroelectric
81,81,241.672,small_hydroelectric
95,81,418.922,small_hydroelectric
106,81,31.614,small_hydroelectric
125,81,100.697,small_hydroelectric
137,81,36.822,small_hydroelectric
145,81,33.21,small_hydroelectric
12,81,3880.2293999999997,solar_photovoltaic
25,81,1217.54442,solar_photovoltaic
33,81,517.2852,solar_photovoltaic
52,81,2117.38056,solar_photovoltaic
65,81,6487.136159754899,solar_photovoltaic
82,81,5416.45014,solar_photovoltaic
96,81,345.95718000000005,solar_photovoltaic
107,81,6001.471140531,solar_photovoltaic
126,81,12387.930922194,solar_photovoltaic
138,81,1401.72747,solar_photovoltaic
26,82,11.235,biomass
13,82,15.682,biomass
108,82,137.081,biomass
40,82,5.952,biomass
97,82,178.173,biomass
1,82,16.294,biomass
66,82,228.795,biomass
2,82,840.3549336,conventional_hydroelectric
14,82,148.08317920000002,conventional_hydroelectric
27,82,900.2766960000001,conventional_hydroelectric
35,82,1568.7526096,conventional_hydroelectric
54,82,846.1763541000001,conventional_hydroelectric
67,82,2976.60178723518,conventional_hydroelectric
84,82,18111.6264852,conventional_hydroelectric
109,82,389.0916211962,conventional_hydroelectric
128,82,69.26634,conventional_hydroelectric
139,82,151.96463999999997,conventional_hydroelectric
110,82,0.0,conventional_steam_coal
41,82,0.0,conventional_steam_coal
3,82,0.0,conventional_steam_coal
36,82,0.0,conventional_steam_coal
85,82,0.0,conventional_steam_coal
28,82,74.364,geothermal
116,82,0.0,natural_gas_fired_combined_cycle
73,82,0.0,natural_gas_fired_combined_cycle
71,82,0.0,natural_gas_fired_combined_cycle
44,82,0.0,natural_gas_fired_combined_cycle
115,82,0.0,natural_gas_fired_combined_cycle
70,82,0.0,natural_gas_fired_combined_cycle
131,82,0.0,natural_gas_fired_combined_cycle
18,82,0.0,natural_gas_fired_combined_cycle
72,82,0.0,natural_gas_fired_combined_cycle
114,82,0.0,natural_gas_fired_combined_cycle
45,82,0.0,natural_gas_fired_combined_cycle
78,82,0.0,natural_gas_fired_combustion_turbine
75,82,0.0,natural_gas_fired_combustion_turbine
119,82,0.0,natural_gas_fired_combustion_turbine
117,82,0.0,natural_gas_fired_combustion_turbine
134,82,0.0,natural_gas_fired_combustion_turbine
103,82,0.0,natural_gas_fired_combustion_turbine
47,82,0.0,natural_gas_fired_combustion_turbine
8,82,0.0,natural_gas_fired_combustion_turbine
90,82,0.0,natural_gas_fired_combustion_turbine
60,82,0.0,natural_gas_fired_combustion_turbine
46,82,0.0,natural_gas_fired_combustion_turbine
37,82,0.0,natural_gas_fired_combustion_turbine
7,82,0.0,natural_gas_fired_combustion_turbine
133,82,0.0,natural_gas_fired_combustion_turbine
74,82,0.0,natural_gas_fired_combustion_turbine
20,82,0.0,natural_gas_fired_combustion_turbine
135,82,0.0,natural_gas_fired_combustion_turbine
142,82,0.0,natural_gas_fired_combustion_turbine
121,82,0.0,natural_gas_fired_combustion_turbine
91,82,0.0,natural_gas_fired_combustion_turbine
22,82,0.0,natural_gas_steam_turbine
123,82,0.0,natural_gas_steam_turbine
62,82,0.0,natural_gas_steam_turbine
49,82,0.0,natural_gas_steam_turbine
48,82,0.0,natural_gas_steam_turbine
21,82,0.0,natural_gas_steam_turbine
79,82,0.0,nuclear
10,82,5.55768,onshore_wind_turbine
23,82,200.4486,onshore_wind_turbine
31,82,930.2509199999998,onshore_wind_turbine
38,82,895.16565,onshore_wind_turbine
50,82,45.29303999999999,onshore_wind_turbine
63,82,0.0,onshore_wind_turbine
80,82,972.59976,onshore_wind_turbine
94,82,1788.987,onshore_wind_turbine
105,82,126.412620516,onshore_wind_turbine
124,82,1516.0773603162002,onshore_wind_turbine
136,82,239.37687000000003,onshore_wind_turbine
144,82,6456.855059999999,onshore_wind_turbine
11,82,19.125,small_hydroelectric
24,82,62.577,small_hydroelectric
32,82,192.0,small_hydroelectric
39,82,52.9,small_hydroelectric
51,82,25.641,small_hydroelectric
64,82,6.128,small_hydroelectric
81,82,241.672,small_hydroelectric
95,82,418.922,small_hydroelectric
106,82,31.614,small_hydroelectric
125,82,100.697,small_hydroelectric
137,82,36.822,small_hydroelectric
145,82,33.21,small_hydroelectric
12,82,4199.243579999999,solar_photovoltaic
25,82,1243.00668,solar_photovoltaic
33,82,536.52495,solar_photovoltaic
52,82,2197.06374,solar_photovoltaic
65,82,7172.6700633423,solar_photovoltaic
82,82,5859.599039999999,solar_photovoltaic
96,82,383.99106000000006,solar_photovoltaic
107,82,6490.918081692,solar_photovoltaic
126,82,13363.1760857835,solar_photovoltaic
138,82,1436.3645999999999,solar_photovoltaic
26,83,11.235,biomass
13,83,15.682,biomass
108,83,137.081,biomass
40,83,5.952,biomass
97,83,178.173,biomass
1,83,16.294,biomass
66,83,228.795,biomass
2,83,840.3549336,conventional_hydroelectric
14,83,148.08317920000002,conventional_hydroelectric
27,83,900.2766960000001,conventional_hydroelectric
35,83,1569.5018943999999,conventional_hydroelectric
54,83,846.6960546,conventional_hydroelectric
67,83,2976.2345444437706,conventional_hydroelectric
84,83,18108.7211874,conventional_hydroelectric
109,83,389.03087253420006,conventional_hydroelectric
128,83,69.2967,conventional_hydroelectric
139,83,152.01121919999997,conventional_hydroelectric
110,83,0.0,conventional_steam_coal
41,83,0.0,conventional_steam_coal
3,83,0.0,conventional_steam_coal
36,83,0.0,conventional_steam_coal
85,83,0.0,conventional_steam_coal
28,83,74.364,geothermal
116,83,0.0,natural_gas_fired_combined_cycle
73,83,0.0,natural_gas_fired_combined_cycle
71,83,0.0,natural_gas_fired_combined_cycle
44,83,0.0,natural_gas_fired_combined_cycle
115,83,0.0,natural_gas_fired_combined_cycle
70,83,0.0,natural_gas_fired_combined_cycle
131,83,0.0,natural_gas_fired_combined_cycle
18,83,0.0,natural_gas_fired_combined_cycle
72,83,0.0,natural_gas_fired_combined_cycle
114,83,0.0,natural_gas_fired_combined_cycle
45,83,0.0,natural_gas_fired_combined_cycle
78,83,0.0,natural_gas_fired_combustion_turbine
75,83,0.0,natural_gas_fired_combustion_turbine
119,83,0.0,natural_gas_fired_combustion_turbine
117,83,0.0,natural_gas_fired_combustion_turbine
134,83,0.0,natural_gas_fired_combustion_turbine
103,83,0.0,natural_gas_fired_combustion_turbine
47,83,0.0,natural_gas_fired_combustion_turbine
8,83,0.0,natural_gas_fired_combustion_turbine
90,83,0.0,natural_gas_fired_combustion_turbine
60,83,0.0,natural_gas_fired_combustion_turbine
46,83,0.0,natural_gas_fired_combustion_turbine
37,83,0.0,natural_gas_fired_combustion_turbine
7,83,0.0,natural_gas_fired_combustion_turbine
133,83,0.0,natural_gas_fired_combustion_turbine
74,83,0.0,natural_gas_fired_combustion_turbine
20,83,0.0,natural_gas_fired_combustion_turbine
135,83,0.0,natural_gas_fired_combustion_turbine
142,83,0.0,natural_gas_fired_combustion_turbine
121,83,0.0,natural_gas_fired_combustion_turbine
91,83,0.0,natural_gas_fired_combustion_turbine
22,83,0.0,natural_gas_steam_turbine
123,83,0.0,natural_gas_steam_turbine
62,83,0.0,natural_gas_steam_turbine
49,83,0.0,natural_gas_steam_turbine
48,83,0.0,natural_gas_steam_turbine
21,83,0.0,natural_gas_steam_turbine
79,83,1666.8739604951165,nuclear
10,83,1.85256,onshore_wind_turbine
23,83,412.0776,onshore_wind_turbine
31,83,549.0923099999999,onshore_wind_turbine
38,83,947.26395,onshore_wind_turbine
50,83,111.20021999999999,onshore_wind_turbine
63,83,47.475240165600006,onshore_wind_turbine
80,83,1161.38448,onshore_wind_turbine
94,83,1815.7824,onshore_wind_turbine
105,83,216.270119709,onshore_wind_turbine
124,83,716.2032960192,onshore_wind_turbine
136,83,293.72814000000005,onshore_wind_turbine
144,83,5846.0213699999995,onshore_wind_turbine
11,83,19.125,small_hydroelectric
24,83,62.577,small_hydroelectric
32,83,192.0,small_hydroelectric
39,83,52.9,small_hydroelectric
51,83,25.641,small_hydroelectric
64,83,6.128,small_hydroelectric
81,83,241.672,small_hydroelectric
95,83,418.922,small_hydroelectric
106,83,31.614,small_hydroelectric
125,83,100.697,small_hydroelectric
137,83,36.822,small_hydroelectric
145,83,33.21,small_hydroelectric
12,83,4374.7921799999995,solar_photovoltaic
25,83,1257.8997,solar_photovoltaic
33,83,534.1859999999999,solar_photovoltaic
52,83,2231.42526,solar_photovoltaic
65,83,7583.584920214799,solar_photovoltaic
82,83,6073.64832,solar_photovoltaic
96,83,390.22509,solar_photovoltaic
107,83,6800.4781827015,solar_photovoltaic
126,83,13776.650849637,solar_photovoltaic
138,83,1440.2784,solar_photovoltaic
26,84,11.235,biomass
13,84,15.682,biomass
108,84,137.081,biomass
40,84,5.952,biomass
97,84,178.173,biomass
1,84,16.294,biomass
66,84,228.795,biomass
2,84,840.3549336,conventional_hydroelectric
14,84,148.0361388,conventional_hydroelectric
27,84,900.2766960000001,conventional_hydroelectric
35,84,1570.2511792,conventional_hydroelectric
54,84,847.2157551000001,conventional_hydroelectric
67,84,2975.1923610908457,conventional_hydroelectric
84,84,18108.7211874,conventional_hydroelectric
109,84,389.03087253420006,conventional_hydroelectric
128,84,69.31188,conventional_hydroelectric
139,84,152.0577984,conventional_hydroelectric
110,84,0.0,conventional_steam_coal
41,84,0.0,conventional_steam_coal
3,84,0.0,conventional_steam_coal
36,84,0.0,conventional_steam_coal
85,84,0.0,conventional_steam_coal
28,84,74.364,geothermal
116,84,0.0,natural_gas_fired_combined_cycle
73,84,0.0,natural_gas_fired_combined_cycle
71,84,0.0,natural_gas_fired_combined_cycle
44,84,0.0,natural_gas_fired_combined_cycle
115,84,0.0,natural_gas_fired_combined_cycle
70,84,0.0,natural_gas_fired_combined_cycle
131,84,0.0,natural_gas_fired_combined_cycle
18,84,0.0,natural_gas_fired_combined_cycle
72,84,0.0,natural_gas_fired_combined_cycle
114,84,0.0,natural_gas_fired_combined_cycle
45,84,0.0,natural_gas_fired_combined_cycle
78,84,0.0,natural_gas_fired_combustion_turbine
75,84,0.0,natural_gas_fired_combustion_turbine
119,84,0.0,natural_gas_fired_combustion_turbine
117,84,0.0,natural_gas_fired_combustion_turbine
134,84,0.0,natural_gas_fired_combustion_turbine
103,84,0.0,natural_gas_fired_combustion_turbine
47,84,0.0,natural_gas_fired_combustion_turbine
8,84,0.0,natural_gas_fired_combustion_turbine
90,84,0.0,natural_gas_fired_combustion_turbine
60,84,0.0,natural_gas_fired_combustion_turbine
46,84,0.0,natural_gas_fired_combustion_turbine
37,84,0.0,natural_gas_fired_combustion_turbine
7,84,0.0,natural_gas_fired_combustion_turbine
133,84,0.0,natural_gas_fired_combustion_turbine
74,84,0.0,natural_gas_fired_combustion_turbine
20,84,0.0,natural_gas_fired_combustion_turbine
135,84,0.0,natural_gas_fired_combustion_turbine
142,84,0.0,natural_gas_fired_combustion_turbine
121,84,0.0,natural_gas_fired_combustion_turbine
91,84,0.0,natural_gas_fired_combustion_turbine
22,84,0.0,natural_gas_steam_turbine
123,84,0.0,natural_gas_steam_turbine
62,84,0.0,natural_gas_steam_turbine
49,84,0.0,natural_gas_steam_turbine
48,84,0.0,natural_gas_steam_turbine
21,84,0.0,natural_gas_steam_turbine
79,84,3518.3737104951165,nuclear
10,84,33.65484000000001,onshore_wind_turbine
23,84,705.9624,onshore_wind_turbine
31,84,953.65986,onshore_wind_turbine
38,84,927.30105,onshore_wind_turbine
50,84,146.33136,onshore_wind_turbine
63,84,82.72895993040001,onshore_wind_turbine
80,84,991.3189199999999,onshore_wind_turbine
94,84,3902.6711999999998,onshore_wind_turbine
105,84,406.018860597,onshore_wind_turbine
124,84,915.3805191168,onshore_wind_turbine
136,84,407.82726,onshore_wind_turbine
144,84,5403.885299999999,onshore_wind_turbine
11,84,19.125,small_hydroelectric
24,84,62.577,small_hydroelectric
32,84,192.0,small_hydroelectric
39,84,52.9,small_hydroelectric
51,84,25.641,small_hydroelectric
64,84,6.128,small_hydroelectric
81,84,241.672,small_hydroelectric
95,84,418.922,small_hydroelectric
106,84,31.614,small_hydroelectric
125,84,100.697,small_hydroelectric
137,84,36.822,small_hydroelectric
145,84,33.21,small_hydroelectric
12,84,4408.08588,solar_photovoltaic
25,84,1248.6115799999998,solar_photovoltaic
33,84,536.22315,solar_photovoltaic
52,84,2208.91254,solar_photovoltaic
65,84,7810.0700361981,solar_photovoltaic
82,84,6230.004629999999,solar_photovoltaic
96,84,391.98825000000005,solar_photovoltaic
107,84,6932.603905807499,solar_photovoltaic
126,84,13976.979063028499,solar_photovoltaic
138,84,1450.45428,solar_photovoltaic
26,85,11.235,biomass
13,85,15.682,biomass
108,85,137.081,biomass
40,85,5.952,biomass
97,85,178.173,biomass
1,85,16.294,biomass
66,85,228.795,biomass
2,85,840.3549336,conventional_hydroelectric
14,85,147.9890984,conventional_hydroelectric
27,85,900.2766960000001,conventional_hydroelectric
35,85,1571.000464,conventional_hydroelectric
54,85,847.7354556,conventional_hydroelectric
67,85,2974.150185011928,conventional_hydroelectric
84,85,18108.7211874,conventional_hydroelectric
109,85,388.9701252684,conventional_hydroelectric
128,85,69.34224,conventional_hydroelectric
139,85,152.1043776,conventional_hydroelectric
110,85,0.0,conventional_steam_coal
41,85,0.0,conventional_steam_coal
3,85,0.0,conventional_steam_coal
36,85,0.0,conventional_steam_coal
85,85,0.0,conventional_steam_coal
28,85,74.364,geothermal
116,85,0.0,natural_gas_fired_combined_cycle
73,85,0.0,natural_gas_fired_combined_cycle
71,85,0.0,natural_gas_fired_combined_cycle
44,85,0.0,natural_gas_fired_combined_cycle
115,85,0.0,natural_gas_fired_combined_cycle
70,85,0.0,natural_gas_fired_combined_cycle
131,85,0.0,natural_gas_fired_combined_cycle
18,85,0.0,natural_gas_fired_combined_cycle
72,85,0.0,natural_gas_fired_combined_cycle
114,85,0.0,natural_gas_fired_combined_cycle
45,85,0.0,natural_gas_fired_combined_cycle
78,85,0.0,natural_gas_fired_combustion_turbine
75,85,0.0,natural_gas_fired_combustion_turbine
119,85,0.0,natural_gas_fired_combustion_turbine
117,85,0.0,natural_gas_fired_combustion_turbine
134,85,0.0,natural_gas_fired_combustion_turbine
103,85,0.0,natural_gas_fired_combustion_turbine
47,85,0.0,natural_gas_fired_combustion_turbine
8,85,0.0,natural_gas_fired_combustion_turbine
90,85,0.0,natural_gas_fired_combustion_turbine
60,85,0.0,natural_gas_fired_combustion_turbine
46,85,0.0,natural_gas_fired_combustion_turbine
37,85,0.0,natural_gas_fired_combustion_turbine
7,85,0.0,natural_gas_fired_combustion_turbine
133,85,0.0,natural_gas_fired_combustion_turbine
74,85,0.0,natural_gas_fired_combustion_turbine
20,85,0.0,natural_gas_fired_combustion_turbine
135,85,0.0,natural_gas_fired_combustion_turbine
142,85,0.0,natural_gas_fired_combustion_turbine
121,85,0.0,natural_gas_fired_combustion_turbine
91,85,0.0,natural_gas_fired_combustion_turbine
22,85,0.0,natural_gas_steam_turbine
123,85,0.0,natural_gas_steam_turbine
62,85,0.0,natural_gas_steam_turbine
49,85,0.0,natural_gas_steam_turbine
48,85,0.0,natural_gas_steam_turbine
21,85,0.0,natural_gas_steam_turbine
79,85,5369.87346049512,nuclear
10,85,101.65923000000002,onshore_wind_turbine
23,85,1418.3136,onshore_wind_turbine
31,85,402.0231,onshore_wind_turbine
38,85,885.91455,onshore_wind_turbine
50,85,281.04911999999996,onshore_wind_turbine
63,85,170.58852006000004,onshore_wind_turbine
80,85,1275.6908399999998,onshore_wind_turbine
94,85,1437.4944,onshore_wind_turbine
105,85,568.354439961,onshore_wind_turbine
124,85,1645.5094258746,onshore_wind_turbine
136,85,458.32383000000004,onshore_wind_turbine
144,85,4691.091509999999,onshore_wind_turbine
11,85,19.125,small_hydroelectric
24,85,62.577,small_hydroelectric
32,85,192.0,small_hydroelectric
39,85,52.9,small_hydroelectric
51,85,25.641,small_hydroelectric
64,85,6.128,small_hydroelectric
81,85,241.672,small_hydroelectric
95,85,418.922,small_hydroelectric
106,85,31.614,small_hydroelectric
125,85,100.697,small_hydroelectric
137,85,36.822,small_hydroelectric
145,85,33.21,small_hydroelectric
12,85,4412.32326,solar_photovoltaic
25,85,1266.86754,solar_photovoltaic
33,85,513.8145000000001,solar_photovoltaic
52,85,2206.24656,solar_photovoltaic
65,85,7824.6606642315,solar_photovoltaic
82,85,6217.46268,solar_photovoltaic
96,85,367.17807,solar_photovoltaic
107,85,6974.176918685999,solar_photovoltaic
126,85,13895.0474123685,solar_photovoltaic
138,85,1443.21375,solar_photovoltaic
26,86,11.235,biomass
13,86,15.682,biomass
108,86,137.081,biomass
40,86,5.952,biomass
97,86,178.173,biomass
1,86,16.294,biomass
66,86,228.795,biomass
2,86,840.6311843999999,conventional_hydroelectric
14,86,147.942058,conventional_hydroelectric
27,86,900.4178052000001,conventional_hydroelectric
35,86,1571.7497488,conventional_hydroelectric
54,86,848.2551561000001,conventional_hydroelectric
67,86,2973.782942220519,conventional_hydroelectric
84,86,18105.8158896,conventional_hydroelectric
109,86,388.9093766064,conventional_hydroelectric
128,86,69.35742,conventional_hydroelectric
139,86,152.1509568,conventional_hydroelectric
110,86,0.0,conventional_steam_coal
41,86,0.0,conventional_steam_coal
3,86,0.0,conventional_steam_coal
36,86,0.0,conventional_steam_coal
85,86,0.0,conventional_steam_coal
28,86,74.364,geothermal
116,86,0.0,natural_gas_fired_combined_cycle
73,86,0.0,natural_gas_fired_combined_cycle
71,86,0.0,natural_gas_fired_combined_cycle
44,86,0.0,natural_gas_fired_combined_cycle
115,86,0.0,natural_gas_fired_combined_cycle
70,86,0.0,natural_gas_fired_combined_cycle
131,86,0.0,natural_gas_fired_combined_cycle
18,86,0.0,natural_gas_fired_combined_cycle
72,86,0.0,natural_gas_fired_combined_cycle
114,86,0.0,natural_gas_fired_combined_cycle
45,86,0.0,natural_gas_fired_combined_cycle
78,86,0.0,natural_gas_fired_combustion_turbine
75,86,0.0,natural_gas_fired_combustion_turbine
119,86,0.0,natural_gas_fired_combustion_turbine
117,86,0.0,natural_gas_fired_combustion_turbine
134,86,0.0,natural_gas_fired_combustion_turbine
103,86,0.0,natural_gas_fired_combustion_turbine
47,86,0.0,natural_gas_fired_combustion_turbine
8,86,0.0,natural_gas_fired_combustion_turbine
90,86,0.0,natural_gas_fired_combustion_turbine
60,86,0.0,natural_gas_fired_combustion_turbine
46,86,0.0,natural_gas_fired_combustion_turbine
37,86,0.0,natural_gas_fired_combustion_turbine
7,86,0.0,natural_gas_fired_combustion_turbine
133,86,0.0,natural_gas_fired_combustion_turbine
74,86,0.0,natural_gas_fired_combustion_turbine
20,86,0.0,natural_gas_fired_combustion_turbine
135,86,0.0,natural_gas_fired_combustion_turbine
142,86,0.0,natural_gas_fired_combustion_turbine
121,86,0.0,natural_gas_fired_combustion_turbine
91,86,0.0,natural_gas_fired_combustion_turbine
22,86,0.0,natural_gas_steam_turbine
123,86,0.0,natural_gas_steam_turbine
62,86,0.0,natural_gas_steam_turbine
49,86,0.0,natural_gas_steam_turbine
48,86,0.0,natural_gas_steam_turbine
21,86,0.0,natural_gas_steam_turbine
79,86,7221.37321049512,nuclear
10,86,82.36173000000001,onshore_wind_turbine
23,86,1324.0788,onshore_wind_turbine
31,86,323.65404,onshore_wind_turbine
38,86,843.5542499999999,onshore_wind_turbine
50,86,811.7906399999999,onshore_wind_turbine
63,86,76.1081998896,onshore_wind_turbine
80,86,1579.9767599999998,onshore_wind_turbine
94,86,2886.0222000000003,onshore_wind_turbine
105,86,273.11220027,onshore_wind_turbine
124,86,1961.7601188504,onshore_wind_turbine
136,86,443.29050000000007,onshore_wind_turbine
144,86,4349.988629999999,onshore_wind_turbine
11,86,19.125,small_hydroelectric
24,86,62.577,small_hydroelectric
32,86,192.0,small_hydroelectric
39,86,52.9,small_hydroelectric
51,86,25.641,small_hydroelectric
64,86,6.128,small_hydroelectric
81,86,241.672,small_hydroelectric
95,86,418.922,small_hydroelectric
106,86,31.614,small_hydroelectric
125,86,100.697,small_hydroelectric
137,86,36.822,small_hydroelectric
145,86,33.21,small_hydroelectric
12,86,4405.664519999999,solar_photovoltaic
25,86,1247.81088,solar_photovoltaic
33,86,504.83595,solar_photovoltaic
52,86,2195.28642,solar_photovoltaic
65,86,7869.700558574399,solar_photovoltaic
82,86,6350.4073499999995,solar_photovoltaic
96,86,350.55399,solar_photovoltaic
107,86,7026.1019680545,solar_photovoltaic
126,86,14061.0225848925,solar_photovoltaic
138,86,1438.12581,solar_photovoltaic
26,87,11.235,biomass
13,87,15.682,biomass
108,87,137.081,biomass
40,87,5.952,biomass
97,87,178.173,biomass
1,87,16.294,biomass
66,87,228.795,biomass
2,87,840.6311843999999,conventional_hydroelectric
14,87,147.89501760000002,conventional_hydroelectric
27,87,900.4178052000001,conventional_hydroelectric
35,87,1572.4990336,conventional_hydroelectric
54,87,848.7748566,conventional_hydroelectric
67,87,2972.740758867594,conventional_hydroelectric
84,87,18105.8158896,conventional_hydroelectric
109,87,388.7697566064,conventional_hydroelectric
128,87,69.3726,conventional_hydroelectric
139,87,152.19753599999999,conventional_hydroelectric
110,87,0.0,conventional_steam_coal
41,87,0.0,conventional_steam_coal
3,87,0.0,conventional_steam_coal
36,87,0.0,conventional_steam_coal
85,87,0.0,conventional_steam_coal
28,87,74.364,geothermal
116,87,0.0,natural_gas_fired_combined_cycle
73,87,0.0,natural_gas_fired_combined_cycle
71,87,0.0,natural_gas_fired_combined_cycle
44,87,0.0,natural_gas_fired_combined_cycle
115,87,0.0,natural_gas_fired_combined_cycle
70,87,0.0,natural_gas_fired_combined_cycle
131,87,0.0,natural_gas_fired_combined_cycle
18,87,0.0,natural_gas_fired_combined_cycle
72,87,0.0,natural_gas_fired_combined_cycle
114,87,0.0,natural_gas_fired_combined_cycle
45,87,0.0,natural_gas_fired_combined_cycle
78,87,0.0,natural_gas_fired_combustion_turbine
75,87,0.0,natural_gas_fired_combustion_turbine
119,87,0.0,natural_gas_fired_combustion_turbine
117,87,0.0,natural_gas_fired_combustion_turbine
134,87,0.0,natural_gas_fired_combustion_turbine
103,87,0.0,natural_gas_fired_combustion_turbine
47,87,0.0,natural_gas_fired_combustion_turbine
8,87,0.0,natural_gas_fired_combustion_turbine
90,87,0.0,natural_gas_fired_combustion_turbine
60,87,0.0,natural_gas_fired_combustion_turbine
46,87,0.0,natural_gas_fired_combustion_turbine
37,87,0.0,natural_gas_fired_combustion_turbine
7,87,0.0,natural_gas_fired_combustion_turbine
133,87,0.0,natural_gas_fired_combustion_turbine
74,87,0.0,natural_gas_fired_combustion_turbine
20,87,0.0,natural_gas_fired_combustion_turbine
135,87,0.0,natural_gas_fired_combustion_turbine
142,87,0.0,natural_gas_fired_combustion_turbine
121,87,0.0,natural_gas_fired_combustion_turbine
91,87,0.0,natural_gas_fired_combustion_turbine
22,87,0.0,natural_gas_steam_turbine
123,87,0.0,natural_gas_steam_turbine
62,87,0.0,natural_gas_steam_turbine
49,87,0.0,natural_gas_steam_turbine
48,87,0.0,natural_gas_steam_turbine
21,87,0.0,natural_gas_steam_turbine
79,87,5554.49925,nuclear
10,87,99.03477000000001,onshore_wind_turbine
23,87,711.5526,onshore_wind_turbine
31,87,255.97166999999996,onshore_wind_turbine
38,87,724.7506500000001,onshore_wind_turbine
50,87,1187.2002599999998,onshore_wind_turbine
63,87,74.8279201512,onshore_wind_turbine
80,87,1653.26028,onshore_wind_turbine
94,87,8658.0666,onshore_wind_turbine
105,87,262.32995943,onshore_wind_turbine
124,87,2200.9398320976,onshore_wind_turbine
136,87,557.38962,onshore_wind_turbine
144,87,4349.06172,onshore_wind_turbine
11,87,19.125,small_hydroelectric
24,87,62.577,small_hydroelectric
32,87,192.0,small_hydroelectric
39,87,52.9,small_hydroelectric
51,87,25.641,small_hydroelectric
64,87,6.128,small_hydroelectric
81,87,241.672,small_hydroelectric
95,87,418.922,small_hydroelectric
106,87,31.614,small_hydroelectric
125,87,100.697,small_hydroelectric
137,87,36.822,small_hydroelectric
145,87,33.21,small_hydroelectric
12,87,4221.03582,solar_photovoltaic
25,87,1216.42344,solar_photovoltaic
33,87,507.17490000000004,solar_photovoltaic
52,87,2090.7207599999997,solar_photovoltaic
65,87,7434.3602060142,solar_photovoltaic
82,87,6163.114229999999,solar_photovoltaic
96,87,340.41582,solar_photovoltaic
107,87,6690.4161912869995,solar_photovoltaic
126,87,13651.788235519502,solar_photovoltaic
138,87,1415.42577,solar_photovoltaic
26,88,11.235,biomass
13,88,15.682,biomass
108,88,137.081,biomass
40,88,5.952,biomass
97,88,178.173,biomass
1,88,16.294,biomass
66,88,228.795,biomass
2,88,840.6311843999999,conventional_hydroelectric
14,88,147.89501760000002,conventional_hydroelectric
27,88,900.4178052000001,conventional_hydroelectric
35,88,1573.2483184,conventional_hydroelectric
54,88,849.2945571000001,conventional_hydroelectric
67,88,2971.6461153761848,conventional_hydroelectric
84,88,18105.8158896,conventional_hydroelectric
109,88,388.7090093406,conventional_hydroelectric
128,88,69.40296000000001,conventional_hydroelectric
139,88,152.24411519999998,conventional_hydroelectric
110,88,0.0,conventional_steam_coal
41,88,0.0,conventional_steam_coal
3,88,0.0,conventional_steam_coal
36,88,0.0,conventional_steam_coal
85,88,0.0,conventional_steam_coal
28,88,74.364,geothermal
116,88,0.0,natural_gas_fired_combined_cycle
73,88,0.0,natural_gas_fired_combined_cycle
71,88,0.0,natural_gas_fired_combined_cycle
44,88,0.0,natural_gas_fired_combined_cycle
115,88,0.0,natural_gas_fired_combined_cycle
70,88,0.0,natural_gas_fired_combined_cycle
131,88,0.0,natural_gas_fired_combined_cycle
18,88,0.0,natural_gas_fired_combined_cycle
72,88,0.0,natural_gas_fired_combined_cycle
114,88,0.0,natural_gas_fired_combined_cycle
45,88,0.0,natural_gas_fired_combined_cycle
78,88,0.0,natural_gas_fired_combustion_turbine
75,88,0.0,natural_gas_fired_combustion_turbine
119,88,0.0,natural_gas_fired_combustion_turbine
117,88,0.0,natural_gas_fired_combustion_turbine
134,88,0.0,natural_gas_fired_combustion_turbine
103,88,0.0,natural_gas_fired_combustion_turbine
47,88,0.0,natural_gas_fired_combustion_turbine
8,88,0.0,natural_gas_fired_combustion_turbine
90,88,0.0,natural_gas_fired_combustion_turbine
60,88,0.0,natural_gas_fired_combustion_turbine
46,88,0.0,natural_gas_fired_combustion_turbine
37,88,0.0,natural_gas_fired_combustion_turbine
7,88,0.0,natural_gas_fired_combustion_turbine
133,88,0.0,natural_gas_fired_combustion_turbine
74,88,0.0,natural_gas_fired_combustion_turbine
20,88,0.0,natural_gas_fired_combustion_turbine
135,88,0.0,natural_gas_fired_combustion_turbine
142,88,0.0,natural_gas_fired_combustion_turbine
121,88,0.0,natural_gas_fired_combustion_turbine
91,88,0.0,natural_gas_fired_combustion_turbine
22,88,0.0,natural_gas_steam_turbine
123,88,0.0,natural_gas_steam_turbine
62,88,0.0,natural_gas_steam_turbine
49,88,0.0,natural_gas_steam_turbine
48,88,0.0,natural_gas_steam_turbine
21,88,0.0,natural_gas_steam_turbine
79,88,7405.999,nuclear
10,88,48.78408000000001,onshore_wind_turbine
23,88,1490.1876,onshore_wind_turbine
31,88,205.59156,onshore_wind_turbine
38,88,720.612,onshore_wind_turbine
50,88,1386.3734999999997,onshore_wind_turbine
63,88,143.90796000720002,onshore_wind_turbine
80,88,2390.0782799999997,onshore_wind_turbine
94,88,8738.452800000001,onshore_wind_turbine
105,88,288.784620495,onshore_wind_turbine
124,88,1924.2508472814002,onshore_wind_turbine
136,88,620.99217,onshore_wind_turbine
144,88,4055.2312499999994,onshore_wind_turbine
11,88,19.125,small_hydroelectric
24,88,62.577,small_hydroelectric
32,88,192.0,small_hydroelectric
39,88,52.9,small_hydroelectric
51,88,25.641,small_hydroelectric
64,88,6.128,small_hydroelectric
81,88,241.672,small_hydroelectric
95,88,418.922,small_hydroelectric
106,88,31.614,small_hydroelectric
125,88,100.697,small_hydroelectric
137,88,36.822,small_hydroelectric
145,88,33.21,small_hydroelectric
12,88,3950.4488399999996,solar_photovoltaic
25,88,1160.05416,solar_photovoltaic
33,88,515.39895,solar_photovoltaic
52,88,1945.57296,solar_photovoltaic
65,88,6883.2395665815,solar_photovoltaic
82,88,5876.321639999999,solar_photovoltaic
96,88,332.4816,solar_photovoltaic
107,88,6327.656367550499,solar_photovoltaic
126,88,12987.7662631605,solar_photovoltaic
138,88,1413.46887,solar_photovoltaic
26,89,11.235,biomass
13,89,15.682,biomass
108,89,137.081,biomass
40,89,5.952,biomass
97,89,178.173,biomass
1,89,16.294,biomass
66,89,228.795,biomass
2,89,840.6311843999999,conventional_hydroelectric
14,89,147.8479772,conventional_hydroelectric
27,89,900.4178052000001,conventional_hydroelectric
35,89,1573.7478416,conventional_hydroelectric
54,89,849.8142576,conventional_hydroelectric
67,89,2970.603939297267,conventional_hydroelectric
84,89,18102.9105918,conventional_hydroelectric
109,89,388.64826067859997,conventional_hydroelectric
128,89,69.41814000000001,conventional_hydroelectric
139,89,152.2906944,conventional_hydroelectric
110,89,21.500000000000004,conventional_steam_coal
41,89,0.0,conventional_steam_coal
3,89,0.0,conventional_steam_coal
36,89,0.0,conventional_steam_coal
85,89,0.0,conventional_steam_coal
28,89,74.364,geothermal
116,89,0.0,natural_gas_fired_combined_cycle
73,89,0.0,natural_gas_fired_combined_cycle
71,89,0.0,natural_gas_fired_combined_cycle
44,89,0.0,natural_gas_fired_combined_cycle
115,89,0.0,natural_gas_fired_combined_cycle
70,89,0.0,natural_gas_fired_combined_cycle
131,89,0.0,natural_gas_fired_combined_cycle
18,89,0.0,natural_gas_fired_combined_cycle
72,89,0.0,natural_gas_fired_combined_cycle
114,89,0.0,natural_gas_fired_combined_cycle
45,89,0.0,natural_gas_fired_combined_cycle
78,89,0.0,natural_gas_fired_combustion_turbine
75,89,0.0,natural_gas_fired_combustion_turbine
119,89,0.0,natural_gas_fired_combustion_turbine
117,89,0.0,natural_gas_fired_combustion_turbine
134,89,0.0,natural_gas_fired_combustion_turbine
103,89,0.0,natural_gas_fired_combustion_turbine
47,89,0.0,natural_gas_fired_combustion_turbine
8,89,0.0,natural_gas_fired_combustion_turbine
90,89,0.0,natural_gas_fired_combustion_turbine
60,89,0.0,natural_gas_fired_combustion_turbine
46,89,0.0,natural_gas_fired_combustion_turbine
37,89,0.0,natural_gas_fired_combustion_turbine
7,89,0.0,natural_gas_fired_combustion_turbine
133,89,0.0,natural_gas_fired_combustion_turbine
74,89,0.0,natural_gas_fired_combustion_turbine
20,89,0.0,natural_gas_fired_combustion_turbine
135,89,0.0,natural_gas_fired_combustion_turbine
142,89,0.0,natural_gas_fired_combustion_turbine
121,89,0.0,natural_gas_fired_combustion_turbine
91,89,0.0,natural_gas_fired_combustion_turbine
22,89,0.0,natural_gas_steam_turbine
123,89,0.0,natural_gas_steam_turbine
62,89,0.0,natural_gas_steam_turbine
49,89,0.0,natural_gas_steam_turbine
48,89,0.0,natural_gas_steam_turbine
21,89,0.0,natural_gas_steam_turbine
79,89,5554.49925,nuclear
10,89,47.70342000000001,onshore_wind_turbine
23,89,1377.5849999999998,onshore_wind_turbine
31,89,275.81838,onshore_wind_turbine
38,89,578.68065,onshore_wind_turbine
50,89,1321.0469999999998,onshore_wind_turbine
63,89,138.990239976,onshore_wind_turbine
80,89,2218.4196,onshore_wind_turbine
94,89,11110.6338,onshore_wind_turbine
105,89,225.48804043500002,onshore_wind_turbine
124,89,2094.3324658476004,onshore_wind_turbine
136,89,425.94435000000004,onshore_wind_turbine
144,89,3494.4506999999994,onshore_wind_turbine
11,89,19.125,small_hydroelectric
24,89,62.577,small_hydroelectric
32,89,192.0,small_hydroelectric
39,89,52.9,small_hydroelectric
51,89,25.641,small_hydroelectric
64,89,6.128,small_hydroelectric
81,89,241.672,small_hydroelectric
95,89,418.922,small_hydroelectric
106,89,31.614,small_hydroelectric
125,89,100.697,small_hydroelectric
137,89,36.822,small_hydroelectric
145,89,33.21,small_hydroelectric
12,89,3317.2632,solar_photovoltaic
25,89,998.4729,solar_photovoltaic
33,89,448.39935,solar_photovoltaic
52,89,1519.90482,solar_photovoltaic
65,89,5933.3895313953,solar_photovoltaic
82,89,5369.626859999999,solar_photovoltaic
96,89,301.94115,solar_photovoltaic
107,89,5421.5004008835,solar_photovoltaic
126,89,11707.453821501,solar_photovoltaic
138,89,1298.5988399999999,solar_photovoltaic
26,90,11.235,biomass
13,90,15.682,biomass
108,90,137.081,biomass
40,90,5.952,biomass
97,90,178.173,biomass
1,90,16.294,biomass
66,90,228.795,biomass
2,90,840.6311843999999,conventional_hydroelectric
14,90,147.8009368,conventional_hydroelectric
27,90,900.4178052000001,conventional_hydroelectric
35,90,1574.4971263999998,conventional_hydroelectric
54,90,850.3339581000001,conventional_hydroelectric
67,90,2970.236696505858,conventional_hydroelectric
84,90,18102.9105918,conventional_hydroelectric
109,90,388.64826067859997,conventional_hydroelectric
128,90,69.44850000000001,conventional_hydroelectric
139,90,152.313984,conventional_hydroelectric
110,90,50.0,conventional_steam_coal
41,90,2239.61248330024,conventional_steam_coal
3,90,0.0,conventional_steam_coal
36,90,0.0,conventional_steam_coal
85,90,0.0,conventional_steam_coal
28,90,74.364,geothermal
116,90,0.0,natural_gas_fired_combined_cycle
73,90,0.0,natural_gas_fired_combined_cycle
71,90,0.0,natural_gas_fired_combined_cycle
44,90,0.0,natural_gas_fired_combined_cycle
115,90,0.0,natural_gas_fired_combined_cycle
70,90,0.0,natural_gas_fired_combined_cycle
131,90,0.0,natural_gas_fired_combined_cycle
18,90,0.0,natural_gas_fired_combined_cycle
72,90,0.0,natural_gas_fired_combined_cycle
114,90,0.0,natural_gas_fired_combined_cycle
45,90,0.0,natural_gas_fired_combined_cycle
78,90,0.0,natural_gas_fired_combustion_turbine
75,90,0.0,natural_gas_fired_combustion_turbine
119,90,0.0,natural_gas_fired_combustion_turbine
117,90,0.0,natural_gas_fired_combustion_turbine
134,90,0.0,natural_gas_fired_combustion_turbine
103,90,0.0,natural_gas_fired_combustion_turbine
47,90,0.0,natural_gas_fired_combustion_turbine
8,90,0.0,natural_gas_fired_combustion_turbine
90,90,0.0,natural_gas_fired_combustion_turbine
60,90,0.0,natural_gas_fired_combustion_turbine
46,90,0.0,natural_gas_fired_combustion_turbine
37,90,0.0,natural_gas_fired_combustion_turbine
7,90,0.0,natural_gas_fired_combustion_turbine
133,90,0.0,natural_gas_fired_combustion_turbine
74,90,0.0,natural_gas_fired_combustion_turbine
20,90,0.0,natural_gas_fired_combustion_turbine
135,90,0.0,natural_gas_fired_combustion_turbine
142,90,0.0,natural_gas_fired_combustion_turbine
121,90,0.0,natural_gas_fired_combustion_turbine
91,90,0.0,natural_gas_fired_combustion_turbine
22,90,0.0,natural_gas_steam_turbine
123,90,0.0,natural_gas_steam_turbine
62,90,0.0,natural_gas_steam_turbine
49,90,0.0,natural_gas_steam_turbine
48,90,0.0,natural_gas_steam_turbine
21,90,0.0,natural_gas_steam_turbine
79,90,7405.999,nuclear
10,90,41.605410000000006,onshore_wind_turbine
23,90,1864.731,onshore_wind_turbine
31,90,261.56946,onshore_wind_turbine
38,90,441.61830000000003,onshore_wind_turbine
50,90,815.2747199999999,onshore_wind_turbine
63,90,181.10879988960002,onshore_wind_turbine
80,90,2347.06404,onshore_wind_turbine
94,90,12064.2348,onshore_wind_turbine
105,90,167.821139808,onshore_wind_turbine
124,90,4659.9396584202,onshore_wind_turbine
136,90,527.70843,onshore_wind_turbine
144,90,3147.7863599999996,onshore_wind_turbine
11,90,19.125,small_hydroelectric
24,90,62.577,small_hydroelectric
32,90,192.0,small_hydroelectric
39,90,52.9,small_hydroelectric
51,90,25.641,small_hydroelectric
64,90,6.128,small_hydroelectric
81,90,241.672,small_hydroelectric
95,90,418.922,small_hydroelectric
106,90,31.614,small_hydroelectric
125,90,100.697,small_hydroelectric
137,90,36.822,small_hydroelectric
145,90,33.21,small_hydroelectric
12,90,2281.52646,solar_photovoltaic
25,90,657.0544199999999,solar_photovoltaic
33,90,332.1309,solar_photovoltaic
52,90,890.1410999999999,solar_photovoltaic
65,90,4310.0762368725,solar_photovoltaic
82,90,4358.74569,solar_photovoltaic
96,90,238.65630000000002,solar_photovoltaic
107,90,3890.828128914,solar_photovoltaic
126,90,9125.536798911,solar_photovoltaic
138,90,1024.24146,solar_photovoltaic
26,91,11.235,biomass
13,91,15.682,biomass
108,91,137.081,biomass
40,91,5.952,biomass
97,91,178.173,biomass
1,91,16.294,biomass
66,91,228.795,biomass
2,91,840.6311843999999,conventional_hydroelectric
14,91,147.7538964,conventional_hydroelectric
27,91,900.5589144,conventional_hydroelectric
35,91,1575.2464112,conventional_hydroelectric
54,91,850.8536586,conventional_hydroelectric
67,91,2969.194513152933,conventional_hydroelectric
84,91,18100.005294,conventional_hydroelectric
109,91,388.5875134128,conventional_hydroelectric
128,91,69.46368000000001,conventional_hydroelectric
139,91,152.3605632,conventional_hydroelectric
110,91,50.0,conventional_steam_coal
41,91,7219.002,conventional_steam_coal
3,91,0.0,conventional_steam_coal
36,91,0.0,conventional_steam_coal
85,91,0.0,conventional_steam_coal
28,91,74.364,geothermal
116,91,0.0,natural_gas_fired_combined_cycle
73,91,0.0,natural_gas_fired_combined_cycle
71,91,0.0,natural_gas_fired_combined_cycle
44,91,0.0,natural_gas_fired_combined_cycle
115,91,0.0,natural_gas_fired_combined_cycle
70,91,0.0,natural_gas_fired_combined_cycle
131,91,0.0,natural_gas_fired_combined_cycle
18,91,0.0,natural_gas_fired_combined_cycle
72,91,0.0,natural_gas_fired_combined_cycle
114,91,0.0,natural_gas_fired_combined_cycle
45,91,0.0,natural_gas_fired_combined_cycle
78,91,0.0,natural_gas_fired_combustion_turbine
75,91,0.0,natural_gas_fired_combustion_turbine
119,91,0.0,natural_gas_fired_combustion_turbine
117,91,0.0,natural_gas_fired_combustion_turbine
134,91,0.0,natural_gas_fired_combustion_turbine
103,91,0.0,natural_gas_fired_combustion_turbine
47,91,0.0,natural_gas_fired_combustion_turbine
8,91,0.0,natural_gas_fired_combustion_turbine
90,91,0.0,natural_gas_fired_combustion_turbine
60,91,0.0,natural_gas_fired_combustion_turbine
46,91,0.0,natural_gas_fired_combustion_turbine
37,91,0.0,natural_gas_fired_combustion_turbine
7,91,0.0,natural_gas_fired_combustion_turbine
133,91,0.0,natural_gas_fired_combustion_turbine
74,91,0.0,natural_gas_fired_combustion_turbine
20,91,0.0,natural_gas_fired_combustion_turbine
135,91,0.0,natural_gas_fired_combustion_turbine
142,91,0.0,natural_gas_fired_combustion_turbine
121,91,0.0,natural_gas_fired_combustion_turbine
91,91,0.0,natural_gas_fired_combustion_turbine
22,91,0.0,natural_gas_steam_turbine
123,91,0.0,natural_gas_steam_turbine
62,91,0.0,natural_gas_steam_turbine
49,91,0.0,natural_gas_steam_turbine
48,91,0.0,natural_gas_steam_turbine
21,91,0.0,natural_gas_steam_turbine
79,91,7405.999,nuclear
10,91,44.46144,onshore_wind_turbine
23,91,3211.1706,onshore_wind_turbine
31,91,329.2518299999999,onshore_wind_turbine
38,91,321.84090000000003,onshore_wind_turbine
50,91,495.90072,onshore_wind_turbine
63,91,164.64048009840002,onshore_wind_turbine
80,91,2292.89796,onshore_wind_turbine
94,91,12768.7962,onshore_wind_turbine
105,91,130.479599817,onshore_wind_turbine
124,91,7413.187437948601,onshore_wind_turbine
136,91,526.16655,onshore_wind_turbine
144,91,2518.4144699999997,onshore_wind_turbine
11,91,19.125,small_hydroelectric
24,91,62.577,small_hydroelectric
32,91,192.0,small_hydroelectric
39,91,52.9,small_hydroelectric
51,91,25.641,small_hydroelectric
64,91,6.128,small_hydroelectric
81,91,241.672,small_hydroelectric
95,91,418.922,small_hydroelectric
106,91,31.614,small_hydroelectric
125,91,100.697,small_hydroelectric
137,91,36.822,small_hydroelectric
145,91,33.21,small_hydroelectric
12,91,1210.07466,solar_photovoltaic
25,91,181.11834,solar_photovoltaic
33,91,225.8973,solar_photovoltaic
52,91,74.64743999999999,solar_photovoltaic
65,91,2647.3229355693,solar_photovoltaic
82,91,2784.3129,solar_photovoltaic
96,91,163.21824,solar_photovoltaic
107,91,2194.866568434,solar_photovoltaic
126,91,5572.726626486,solar_photovoltaic
138,91,597.44157,solar_photovoltaic
26,92,11.235,biomass
13,92,15.682,biomass
108,92,137.081,biomass
40,92,5.952,biomass
97,92,178.173,biomass
1,92,16.294,biomass
66,92,228.795,biomass
2,92,840.6311843999999,conventional_hydroelectric
14,92,147.706856,conventional_hydroelectric
27,92,900.5589144,conventional_hydroelectric
35,92,1575.995696,conventional_hydroelectric
54,92,851.3733591000001,conventional_hydroelectric
67,92,2968.1523370740147,conventional_hydroelectric
84,92,18100.005294,conventional_hydroelectric
109,92,388.52676475080006,conventional_hydroelectric
128,92,69.47886000000001,conventional_hydroelectric
139,92,152.4071424,conventional_hydroelectric
110,92,50.0,conventional_steam_coal
41,92,3030.194093593577,conventional_steam_coal
3,92,0.0,conventional_steam_coal
36,92,0.0,conventional_steam_coal
85,92,0.0,conventional_steam_coal
28,92,74.364,geothermal
116,92,0.0,natural_gas_fired_combined_cycle
73,92,0.0,natural_gas_fired_combined_cycle
71,92,0.0,natural_gas_fired_combined_cycle
44,92,0.0,natural_gas_fired_combined_cycle
115,92,0.0,natural_gas_fired_combined_cycle
70,92,0.0,natural_gas_fired_combined_cycle
131,92,0.0,natural_gas_fired_combined_cycle
18,92,0.0,natural_gas_fired_combined_cycle
72,92,0.0,natural_gas_fired_combined_cycle
114,92,0.0,natural_gas_fired_combined_cycle
45,92,0.0,natural_gas_fired_combined_cycle
78,92,0.0,natural_gas_fired_combustion_turbine
75,92,0.0,natural_gas_fired_combustion_turbine
119,92,0.0,natural_gas_fired_combustion_turbine
117,92,0.0,natural_gas_fired_combustion_turbine
134,92,0.0,natural_gas_fired_combustion_turbine
103,92,0.0,natural_gas_fired_combustion_turbine
47,92,0.0,natural_gas_fired_combustion_turbine
8,92,0.0,natural_gas_fired_combustion_turbine
90,92,0.0,natural_gas_fired_combustion_turbine
60,92,0.0,natural_gas_fired_combustion_turbine
46,92,0.0,natural_gas_fired_combustion_turbine
37,92,0.0,natural_gas_fired_combustion_turbine
7,92,0.0,natural_gas_fired_combustion_turbine
133,92,0.0,natural_gas_fired_combustion_turbine
74,92,0.0,natural_gas_fired_combustion_turbine
20,92,0.0,natural_gas_fired_combustion_turbine
135,92,0.0,natural_gas_fired_combustion_turbine
142,92,0.0,natural_gas_fired_combustion_turbine
121,92,0.0,natural_gas_fired_combustion_turbine
91,92,0.0,natural_gas_fired_combustion_turbine
22,92,0.0,natural_gas_steam_turbine
123,92,0.0,natural_gas_steam_turbine
62,92,0.0,natural_gas_steam_turbine
49,92,0.0,natural_gas_steam_turbine
48,92,0.0,natural_gas_steam_turbine
21,92,0.0,natural_gas_steam_turbine
79,92,7405.999,nuclear
10,92,169.97238000000002,onshore_wind_turbine
23,92,2768.7462,onshore_wind_turbine
31,92,449.34987,onshore_wind_turbine
38,92,238.33755,onshore_wind_turbine
50,92,396.60443999999995,onshore_wind_turbine
63,92,172.2638399112,onshore_wind_turbine
80,92,2147.12748,onshore_wind_turbine
94,92,11767.9092,onshore_wind_turbine
105,92,90.403799724,onshore_wind_turbine
124,92,9204.177871805401,onshore_wind_turbine
136,92,412.83837000000005,onshore_wind_turbine
144,92,3341.5105499999995,onshore_wind_turbine
11,92,19.125,small_hydroelectric
24,92,62.577,small_hydroelectric
32,92,192.0,small_hydroelectric
39,92,52.9,small_hydroelectric
51,92,25.641,small_hydroelectric
64,92,6.128,small_hydroelectric
81,92,241.672,small_hydroelectric
95,92,418.922,small_hydroelectric
106,92,31.614,small_hydroelectric
125,92,100.697,small_hydroelectric
137,92,36.822,small_hydroelectric
145,92,33.21,small_hydroelectric
12,92,0.0,solar_photovoltaic
25,92,0.0,solar_photovoltaic
33,92,18.48525,solar_photovoltaic
52,92,0.0,solar_photovoltaic
65,92,108.6354914865,solar_photovoltaic
82,92,341.14104,solar_photovoltaic
96,92,81.35724000000002,solar_photovoltaic
107,92,0.0,solar_photovoltaic
126,92,164.13263535450002,solar_photovoltaic
138,92,0.0,solar_photovoltaic
26,93,11.235,biomass
13,93,15.682,biomass
108,93,137.081,biomass
40,93,5.952,biomass
97,93,178.173,biomass
1,93,16.294,biomass
66,93,228.795,biomass
2,93,840.9074352,conventional_hydroelectric
14,93,147.706856,conventional_hydroelectric
27,93,900.5589144,conventional_hydroelectric
35,93,1576.7449808,conventional_hydroelectric
54,93,851.8930596,conventional_hydroelectric
67,93,2967.11015372109,conventional_hydroelectric
84,93,18100.005294,conventional_hydroelectric
109,93,388.46601748500007,conventional_hydroelectric
128,93,69.50922,conventional_hydroelectric
139,93,152.4537216,conventional_hydroelectric
110,93,50.0,conventional_steam_coal
41,93,5645.260705503708,conventional_steam_coal
3,93,0.0,conventional_steam_coal
36,93,0.0,conventional_steam_coal
85,93,0.0,conventional_steam_coal
28,93,74.364,geothermal
116,93,0.0,natural_gas_fired_combined_cycle
73,93,0.0,natural_gas_fired_combined_cycle
71,93,0.0,natural_gas_fired_combined_cycle
44,93,0.0,natural_gas_fired_combined_cycle
115,93,0.0,natural_gas_fired_combined_cycle
70,93,0.0,natural_gas_fired_combined_cycle
131,93,0.0,natural_gas_fired_combined_cycle
18,93,0.0,natural_gas_fired_combined_cycle
72,93,0.0,natural_gas_fired_combined_cycle
114,93,0.0,natural_gas_fired_combined_cycle
45,93,0.0,natural_gas_fired_combined_cycle
78,93,0.0,natural_gas_fired_combustion_turbine
75,93,0.0,natural_gas_fired_combustion_turbine
119,93,0.0,natural_gas_fired_combustion_turbine
117,93,0.0,natural_gas_fired_combustion_turbine
134,93,0.0,natural_gas_fired_combustion_turbine
103,93,0.0,natural_gas_fired_combustion_turbine
47,93,0.0,natural_gas_fired_combustion_turbine
8,93,0.0,natural_gas_fired_combustion_turbine
90,93,0.0,natural_gas_fired_combustion_turbine
60,93,0.0,natural_gas_fired_combustion_turbine
46,93,0.0,natural_gas_fired_combustion_turbine
37,93,0.0,natural_gas_fired_combustion_turbine
7,93,0.0,natural_gas_fired_combustion_turbine
133,93,0.0,natural_gas_fired_combustion_turbine
74,93,0.0,natural_gas_fired_combustion_turbine
20,93,0.0,natural_gas_fired_combustion_turbine
135,93,0.0,natural_gas_fired_combustion_turbine
142,93,0.0,natural_gas_fired_combustion_turbine
121,93,0.0,natural_gas_fired_combustion_turbine
91,93,0.0,natural_gas_fired_combustion_turbine
22,93,0.0,natural_gas_steam_turbine
123,93,0.0,natural_gas_steam_turbine
62,93,0.0,natural_gas_steam_turbine
49,93,0.0,natural_gas_steam_turbine
48,93,0.0,natural_gas_steam_turbine
21,93,0.0,natural_gas_steam_turbine
79,93,7405.999,nuclear
10,93,268.85277,onshore_wind_turbine
23,93,2547.534,onshore_wind_turbine
31,93,821.3484599999999,onshore_wind_turbine
38,93,266.3343,onshore_wind_turbine
50,93,473.5445399999999,onshore_wind_turbine
63,93,148.02575994720002,onshore_wind_turbine
80,93,1681.53816,onshore_wind_turbine
94,93,10330.4148,onshore_wind_turbine
105,93,437.339940345,onshore_wind_turbine
124,93,8838.373051398,onshore_wind_turbine
136,93,553.53492,onshore_wind_turbine
144,93,2973.5272799999993,onshore_wind_turbine
11,93,19.125,small_hydroelectric
24,93,62.577,small_hydroelectric
32,93,192.0,small_hydroelectric
39,93,52.9,small_hydroelectric
51,93,25.641,small_hydroelectric
64,93,6.128,small_hydroelectric
81,93,241.672,small_hydroelectric
95,93,418.922,small_hydroelectric
106,93,31.614,small_hydroelectric
125,93,100.697,small_hydroelectric
137,93,36.822,small_hydroelectric
145,93,33.21,small_hydroelectric
12,93,0.0,solar_photovoltaic
25,93,0.0,solar_photovoltaic
33,93,0.0,solar_photovoltaic
52,93,0.0,solar_photovoltaic
65,93,0.0,solar_photovoltaic
82,93,0.0,solar_photovoltaic
96,93,0.0,solar_photovoltaic
107,93,0.0,solar_photovoltaic
126,93,0.0,solar_photovoltaic
138,93,0.0,solar_photovoltaic
26,94,11.235,biomass
13,94,15.682,biomass
108,94,137.081,biomass
40,94,5.952,biomass
97,94,178.173,biomass
1,94,16.294,biomass
66,94,228.795,biomass
2,94,840.9074352,conventional_hydroelectric
14,94,147.6598156,conventional_hydroelectric
27,94,900.5589144,conventional_hydroelectric
35,94,1577.4942656,conventional_hydroelectric
54,94,852.4127601000001,conventional_hydroelectric
67,94,2966.742910929681,conventional_hydroelectric
84,94,18097.0999962,conventional_hydroelectric
109,94,388.40526882300003,conventional_hydroelectric
128,94,69.52440000000001,conventional_hydroelectric
139,94,152.5003008,conventional_hydroelectric
110,94,50.0,conventional_steam_coal
41,94,2430.023446259324,conventional_steam_coal
3,94,0.0,conventional_steam_coal
36,94,0.0,conventional_steam_coal
85,94,0.0,conventional_steam_coal
28,94,74.364,geothermal
116,94,0.0,natural_gas_fired_combined_cycle
73,94,0.0,natural_gas_fired_combined_cycle
71,94,0.0,natural_gas_fired_combined_cycle
44,94,0.0,natural_gas_fired_combined_cycle
115,94,0.0,natural_gas_fired_combined_cycle
70,94,0.0,natural_gas_fired_combined_cycle
131,94,0.0,natural_gas_fired_combined_cycle
18,94,0.0,natural_gas_fired_combined_cycle
72,94,0.0,natural_gas_fired_combined_cycle
114,94,0.0,natural_gas_fired_combined_cycle
45,94,0.0,natural_gas_fired_combined_cycle
78,94,0.0,natural_gas_fired_combustion_turbine
75,94,0.0,natural_gas_fired_combustion_turbine
119,94,0.0,natural_gas_fired_combustion_turbine
117,94,0.0,natural_gas_fired_combustion_turbine
134,94,0.0,natural_gas_fired_combustion_turbine
103,94,0.0,natural_gas_fired_combustion_turbine
47,94,0.0,natural_gas_fired_combustion_turbine
8,94,0.0,natural_gas_fired_combustion_turbine
90,94,0.0,natural_gas_fired_combustion_turbine
60,94,0.0,natural_gas_fired_combustion_turbine
46,94,0.0,natural_gas_fired_combustion_turbine
37,94,0.0,natural_gas_fired_combustion_turbine
7,94,0.0,natural_gas_fired_combustion_turbine
133,94,0.0,natural_gas_fired_combustion_turbine
74,94,0.0,natural_gas_fired_combustion_turbine
20,94,0.0,natural_gas_fired_combustion_turbine
135,94,0.0,natural_gas_fired_combustion_turbine
142,94,0.0,natural_gas_fired_combustion_turbine
121,94,0.0,natural_gas_fired_combustion_turbine
91,94,0.0,natural_gas_fired_combustion_turbine
22,94,0.0,natural_gas_steam_turbine
123,94,0.0,natural_gas_steam_turbine
62,94,0.0,natural_gas_steam_turbine
49,94,0.0,natural_gas_steam_turbine
48,94,0.0,natural_gas_steam_turbine
21,94,0.0,natural_gas_steam_turbine
79,94,7405.999,nuclear
10,94,186.87699000000003,onshore_wind_turbine
23,94,2158.6158,onshore_wind_turbine
31,94,1604.53017,onshore_wind_turbine
38,94,386.35515000000004,onshore_wind_turbine
50,94,679.1052599999999,onshore_wind_turbine
63,94,121.8965999952,onshore_wind_turbine
80,94,1564.44384,onshore_wind_turbine
94,94,8785.738800000001,onshore_wind_turbine
105,94,397.717200531,onshore_wind_turbine
124,94,9464.2231455618,onshore_wind_turbine
136,94,638.3383200000001,onshore_wind_turbine
144,94,2751.9957899999995,onshore_wind_turbine
11,94,19.125,small_hydroelectric
24,94,62.577,small_hydroelectric
32,94,192.0,small_hydroelectric
39,94,52.9,small_hydroelectric
51,94,25.641,small_hydroelectric
64,94,6.128,small_hydroelectric
81,94,241.672,small_hydroelectric
95,94,418.922,small_hydroelectric
106,94,31.614,small_hydroelectric
125,94,100.697,small_hydroelectric
137,94,36.822,small_hydroelectric
145,94,33.21,small_hydroelectric
12,94,0.0,solar_photovoltaic
25,94,0.0,solar_photovoltaic
33,94,0.0,solar_photovoltaic
52,94,0.0,solar_photovoltaic
65,94,0.0,solar_photovoltaic
82,94,0.0,solar_photovoltaic
96,94,0.0,solar_photovoltaic
107,94,0.0,solar_photovoltaic
126,94,0.0,solar_photovoltaic
138,94,0.0,solar_photovoltaic
26,95,11.235,biomass
13,95,15.682,biomass
108,95,137.081,biomass
40,95,5.952,biomass
97,95,178.173,biomass
1,95,16.294,biomass
66,95,228.795,biomass
2,95,840.9074352,conventional_hydroelectric
14,95,147.61277520000002,conventional_hydroelectric
27,95,900.5589144,conventional_hydroelectric
35,95,1578.2435504,conventional_hydroelectric
54,95,852.9324606,conventional_hydroelectric
67,95,2965.648267438272,conventional_hydroelectric
84,95,18097.0999962,conventional_hydroelectric
109,95,388.265648823,conventional_hydroelectric
128,95,69.53958,conventional_hydroelectric
139,95,152.54688,conventional_hydroelectric
110,95,50.0,conventional_steam_coal
41,95,4566.096127512379,conventional_steam_coal
3,95,0.0,conventional_steam_coal
36,95,0.0,conventional_steam_coal
85,95,0.0,conventional_steam_coal
28,95,74.364,geothermal
116,95,0.0,natural_gas_fired_combined_cycle
73,95,0.0,natural_gas_fired_combined_cycle
71,95,0.0,natural_gas_fired_combined_cycle
44,95,0.0,natural_gas_fired_combined_cycle
115,95,0.0,natural_gas_fired_combined_cycle
70,95,0.0,natural_gas_fired_combined_cycle
131,95,0.0,natural_gas_fired_combined_cycle
18,95,0.0,natural_gas_fired_combined_cycle
72,95,0.0,natural_gas_fired_combined_cycle
114,95,0.0,natural_gas_fired_combined_cycle
45,95,0.0,natural_gas_fired_combined_cycle
78,95,0.0,natural_gas_fired_combustion_turbine
75,95,0.0,natural_gas_fired_combustion_turbine
119,95,0.0,natural_gas_fired_combustion_turbine
117,95,0.0,natural_gas_fired_combustion_turbine
134,95,0.0,natural_gas_fired_combustion_turbine
103,95,0.0,natural_gas_fired_combustion_turbine
47,95,0.0,natural_gas_fired_combustion_turbine
8,95,0.0,natural_gas_fired_combustion_turbine
90,95,0.0,natural_gas_fired_combustion_turbine
60,95,0.0,natural_gas_fired_combustion_turbine
46,95,0.0,natural_gas_fired_combustion_turbine
37,95,0.0,natural_gas_fired_combustion_turbine
7,95,0.0,natural_gas_fired_combustion_turbine
133,95,0.0,natural_gas_fired_combustion_turbine
74,95,0.0,natural_gas_fired_combustion_turbine
20,95,0.0,natural_gas_fired_combustion_turbine
135,95,0.0,natural_gas_fired_combustion_turbine
142,95,0.0,natural_gas_fired_combustion_turbine
121,95,0.0,natural_gas_fired_combustion_turbine
91,95,0.0,natural_gas_fired_combustion_turbine
22,95,0.0,natural_gas_steam_turbine
123,95,0.0,natural_gas_steam_turbine
62,95,0.0,natural_gas_steam_turbine
49,95,0.0,natural_gas_steam_turbine
48,95,0.0,natural_gas_steam_turbine
21,95,0.0,natural_gas_steam_turbine
79,95,7405.999,nuclear
10,95,172.44246,onshore_wind_turbine
23,95,2379.0294,onshore_wind_turbine
31,95,2404.5052499999997,onshore_wind_turbine
38,95,421.89885000000004,onshore_wind_turbine
50,95,857.9546999999999,onshore_wind_turbine
63,95,136.55844009120003,onshore_wind_turbine
80,95,1453.7219999999998,onshore_wind_turbine
94,95,7259.9772,onshore_wind_turbine
105,95,401.74361942400003,onshore_wind_turbine
124,95,9874.1715359364,onshore_wind_turbine
136,95,677.27079,onshore_wind_turbine
144,95,2761.2648899999995,onshore_wind_turbine
11,95,19.125,small_hydroelectric
24,95,62.577,small_hydroelectric
32,95,192.0,small_hydroelectric
39,95,52.9,small_hydroelectric
51,95,25.641,small_hydroelectric
64,95,6.128,small_hydroelectric
81,95,241.672,small_hydroelectric
95,95,418.922,small_hydroelectric
106,95,31.614,small_hydroelectric
125,95,100.697,small_hydroelectric
137,95,36.822,small_hydroelectric
145,95,33.21,small_hydroelectric
12,95,0.0,solar_photovoltaic
25,95,0.0,solar_photovoltaic
33,95,0.0,solar_photovoltaic
52,95,0.0,solar_photovoltaic
65,95,0.0,solar_photovoltaic
82,95,0.0,solar_photovoltaic
96,95,0.0,solar_photovoltaic
107,95,0.0,solar_photovoltaic
126,95,0.0,solar_photovoltaic
138,95,0.0,solar_photovoltaic
26,96,11.235,biomass
13,96,15.682,biomass
108,96,137.081,biomass
40,96,5.952,biomass
97,96,178.173,biomass
1,96,16.294,biomass
66,96,228.795,biomass
2,96,840.9074352,conventional_hydroelectric
14,96,147.5657348,conventional_hydroelectric
27,96,900.7000236,conventional_hydroelectric
35,96,1578.9928352,conventional_hydroelectric
54,96,853.4521611000001,conventional_hydroelectric
67,96,2964.6060913593537,conventional_hydroelectric
84,96,18097.0999962,conventional_hydroelectric
109,96,388.265648823,conventional_hydroelectric
128,96,69.56994,conventional_hydroelectric
139,96,152.59345919999998,conventional_hydroelectric
110,96,50.0,conventional_steam_coal
41,96,7219.002,conventional_steam_coal
3,96,0.0,conventional_steam_coal
36,96,0.0,conventional_steam_coal
85,96,0.0,conventional_steam_coal
28,96,74.364,geothermal
116,96,0.0,natural_gas_fired_combined_cycle
73,96,0.0,natural_gas_fired_combined_cycle
71,96,0.0,natural_gas_fired_combined_cycle
44,96,0.0,natural_gas_fired_combined_cycle
115,96,0.0,natural_gas_fired_combined_cycle
70,96,0.0,natural_gas_fired_combined_cycle
131,96,0.0,natural_gas_fired_combined_cycle
18,96,0.0,natural_gas_fired_combined_cycle
72,96,0.0,natural_gas_fired_combined_cycle
114,96,0.0,natural_gas_fired_combined_cycle
45,96,0.0,natural_gas_fired_combined_cycle
78,96,0.0,natural_gas_fired_combustion_turbine
75,96,0.0,natural_gas_fired_combustion_turbine
119,96,0.0,natural_gas_fired_combustion_turbine
117,96,0.0,natural_gas_fired_combustion_turbine
134,96,0.0,natural_gas_fired_combustion_turbine
103,96,0.0,natural_gas_fired_combustion_turbine
47,96,0.0,natural_gas_fired_combustion_turbine
8,96,0.0,natural_gas_fired_combustion_turbine
90,96,0.0,natural_gas_fired_combustion_turbine
60,96,0.0,natural_gas_fired_combustion_turbine
46,96,0.0,natural_gas_fired_combustion_turbine
37,96,0.0,natural_gas_fired_combustion_turbine
7,96,0.0,natural_gas_fired_combustion_turbine
133,96,0.0,natural_gas_fired_combustion_turbine
74,96,0.0,natural_gas_fired_combustion_turbine
20,96,0.0,natural_gas_fired_combustion_turbine
135,96,0.0,natural_gas_fired_combustion_turbine
142,96,0.0,natural_gas_fired_combustion_turbine
121,96,0.0,natural_gas_fired_combustion_turbine
91,96,0.0,natural_gas_fired_combustion_turbine
22,96,0.0,natural_gas_steam_turbine
123,96,0.0,natural_gas_steam_turbine
62,96,0.0,natural_gas_steam_turbine
49,96,0.0,natural_gas_steam_turbine
48,96,0.0,natural_gas_steam_turbine
21,96,0.0,natural_gas_steam_turbine
79,96,7405.999,nuclear
10,96,106.52220000000003,onshore_wind_turbine
23,96,2981.9724,onshore_wind_turbine
31,96,3137.30685,onshore_wind_turbine
38,96,428.22855,onshore_wind_turbine
50,96,633.5218799999999,onshore_wind_turbine
63,96,64.9908000792,onshore_wind_turbine
80,96,1789.4720399999999,onshore_wind_turbine
94,96,4991.8254,onshore_wind_turbine
105,96,628.63032015,onshore_wind_turbine
124,96,10391.5162859442,onshore_wind_turbine
136,96,608.65713,onshore_wind_turbine
144,96,3099.5870399999994,onshore_wind_turbine
11,96,19.125,small_hydroelectric
24,96,62.577,small_hydroelectric
32,96,192.0,small_hydroelectric
39,96,52.9,small_hydroelectric
51,96,25.641,small_hydroelectric
64,96,6.128,small_hydroelectric
81,96,241.672,small_hydroelectric
95,96,418.922,small_hydroelectric
106,96,31.614,small_hydroelectric
125,96,100.697,small_hydroelectric
137,96,36.822,small_hydroelectric
145,96,33.21,small_hydroelectric
12,96,0.0,solar_photovoltaic
25,96,0.0,solar_photovoltaic
33,96,0.0,solar_photovoltaic
52,96,0.0,solar_photovoltaic
65,96,0.0,solar_photovoltaic
82,96,0.0,solar_photovoltaic
96,96,0.0,solar_photovoltaic
107,96,0.0,solar_photovoltaic
126,96,0.0,solar_photovoltaic
138,96,0.0,solar_photovoltaic
