r_id,hour,gen,resource
26,1,11.235,biomass
13,1,15.682,biomass
108,1,137.081,biomass
40,1,5.952,biomass
97,1,178.173,biomass
1,1,16.294,biomass
66,1,228.795,biomass
2,1,862.4549975999998,conventional_hydroelectric
14,1,128.7025344,conventional_hydroelectric
27,1,857.6617176000001,conventional_hydroelectric
35,1,833.4544592,conventional_hydroelectric
54,1,666.0481608000001,conventional_hydroelectric
67,1,1425.5510466674878,conventional_hydroelectric
84,1,15377.7412554,conventional_hydroelectric
109,1,107.76396152340001,conventional_hydroelectric
128,1,52.32546000000001,conventional_hydroelectric
139,1,47.5340736,conventional_hydroelectric
110,1,50.0,conventional_steam_coal
41,1,7219.002,conventional_steam_coal
3,1,14050.987,conventional_steam_coal
36,1,2368.701,conventional_steam_coal
85,1,1340.0,conventional_steam_coal
28,1,74.364,geothermal
116,1,56.5,natural_gas_fired_combined_cycle
73,1,644.7,natural_gas_fired_combined_cycle
71,1,1430.3403984354968,natural_gas_fired_combined_cycle
44,1,0.0,natural_gas_fired_combined_cycle
115,1,0.0,natural_gas_fired_combined_cycle
70,1,0.0,natural_gas_fired_combined_cycle
131,1,0.0,natural_gas_fired_combined_cycle
18,1,0.0,natural_gas_fired_combined_cycle
72,1,0.0,natural_gas_fired_combined_cycle
114,1,0.0,natural_gas_fired_combined_cycle
45,1,0.0,natural_gas_fired_combined_cycle
78,1,257.0,natural_gas_fired_combustion_turbine
75,1,0.0,natural_gas_fired_combustion_turbine
119,1,0.0,natural_gas_fired_combustion_turbine
117,1,0.0,natural_gas_fired_combustion_turbine
134,1,0.0,natural_gas_fired_combustion_turbine
103,1,0.0,natural_gas_fired_combustion_turbine
47,1,0.0,natural_gas_fired_combustion_turbine
8,1,0.0,natural_gas_fired_combustion_turbine
90,1,0.0,natural_gas_fired_combustion_turbine
60,1,0.0,natural_gas_fired_combustion_turbine
46,1,0.0,natural_gas_fired_combustion_turbine
37,1,0.0,natural_gas_fired_combustion_turbine
7,1,0.0,natural_gas_fired_combustion_turbine
133,1,0.0,natural_gas_fired_combustion_turbine
74,1,0.0,natural_gas_fired_combustion_turbine
20,1,0.0,natural_gas_fired_combustion_turbine
135,1,0.0,natural_gas_fired_combustion_turbine
142,1,0.0,natural_gas_fired_combustion_turbine
121,1,0.0,natural_gas_fired_combustion_turbine
91,1,0.0,natural_gas_fired_combustion_turbine
22,1,0.0,natural_gas_steam_turbine
123,1,0.0,natural_gas_steam_turbine
62,1,0.0,natural_gas_steam_turbine
49,1,0.0,natural_gas_steam_turbine
48,1,0.0,natural_gas_steam_turbine
21,1,0.0,natural_gas_steam_turbine
79,1,7405.999,nuclear
10,1,64.45365000000001,onshore_wind_turbine
23,1,6510.9858,onshore_wind_turbine
31,1,1085.46237,onshore_wind_turbine
38,1,434.55825,onshore_wind_turbine
50,1,803.3707799999999,onshore_wind_turbine
63,1,277.90092002160003,onshore_wind_turbine
80,1,659.9499599999999,onshore_wind_turbine
94,1,184.4154,onshore_wind_turbine
105,1,130.046699475,onshore_wind_turbine
124,1,2015.4895552770001,onshore_wind_turbine
136,1,1082.39976,onshore_wind_turbine
144,1,2122.6238999999996,onshore_wind_turbine
11,1,19.125,small_hydroelectric
24,1,62.577,small_hydroelectric
32,1,192.0,small_hydroelectric
39,1,52.9,small_hydroelectric
51,1,25.641,small_hydroelectric
64,1,6.128,small_hydroelectric
81,1,241.672,small_hydroelectric
95,1,418.922,small_hydroelectric
106,1,31.614,small_hydroelectric
125,1,100.697,small_hydroelectric
137,1,36.822,small_hydroelectric
145,1,33.21,small_hydroelectric
12,1,0.0,solar_photovoltaic
25,1,0.0,solar_photovoltaic
33,1,0.0,solar_photovoltaic
52,1,0.0,solar_photovoltaic
65,1,0.0,solar_photovoltaic
82,1,0.0,solar_photovoltaic
96,1,0.0,solar_photovoltaic
107,1,0.0,solar_photovoltaic
126,1,0.0,solar_photovoltaic
138,1,0.0,solar_photovoltaic
26,2,11.235,biomass
13,2,15.682,biomass
108,2,137.081,biomass
40,2,5.952,biomass
97,2,178.173,biomass
1,2,16.294,biomass
66,2,228.795,biomass
2,2,862.4549975999998,conventional_hydroelectric
14,2,128.7025344,conventional_hydroelectric
27,2,857.6617176000001,conventional_hydroelectric
35,2,833.4544592,conventional_hydroelectric
54,2,666.0481608000001,conventional_hydroelectric
67,2,1425.5510466674878,conventional_hydroelectric
84,2,15377.7412554,conventional_hydroelectric
109,2,107.76396152340001,conventional_hydroelectric
128,2,52.32546000000001,conventional_hydroelectric
139,2,47.5340736,conventional_hydroelectric
110,2,50.0,conventional_steam_coal
41,2,7219.002,conventional_steam_coal
3,2,14050.987,conventional_steam_coal
36,2,2368.701,conventional_steam_coal
85,2,1340.0,conventional_steam_coal
28,2,74.364,geothermal
116,2,56.5,natural_gas_fired_combined_cycle
73,2,412.60800000000006,natural_gas_fired_combined_cycle
71,2,245.73678475711995,natural_gas_fired_combined_cycle
44,2,0.0,natural_gas_fired_combined_cycle
115,2,0.0,natural_gas_fired_combined_cycle
70,2,0.0,natural_gas_fired_combined_cycle
131,2,0.0,natural_gas_fired_combined_cycle
18,2,0.0,natural_gas_fired_combined_cycle
72,2,0.0,natural_gas_fired_combined_cycle
114,2,0.0,natural_gas_fired_combined_cycle
45,2,0.0,natural_gas_fired_combined_cycle
78,2,257.0,natural_gas_fired_combustion_turbine
75,2,0.0,natural_gas_fired_combustion_turbine
119,2,0.0,natural_gas_fired_combustion_turbine
117,2,0.0,natural_gas_fired_combustion_turbine
134,2,0.0,natural_gas_fired_combustion_turbine
103,2,0.0,natural_gas_fired_combustion_turbine
47,2,0.0,natural_gas_fired_combustion_turbine
8,2,0.0,natural_gas_fired_combustion_turbine
90,2,0.0,natural_gas_fired_combustion_turbine
60,2,0.0,natural_gas_fired_combustion_turbine
46,2,0.0,natural_gas_fired_combustion_turbine
37,2,0.0,natural_gas_fired_combustion_turbine
7,2,0.0,natural_gas_fired_combustion_turbine
133,2,0.0,natural_gas_fired_combustion_turbine
74,2,0.0,natural_gas_fired_combustion_turbine
20,2,0.0,natural_gas_fired_combustion_turbine
135,2,0.0,natural_gas_fired_combustion_turbine
142,2,0.0,natural_gas_fired_combustion_turbine
121,2,0.0,natural_gas_fired_combustion_turbine
91,2,0.0,natural_gas_fired_combustion_turbine
22,2,0.0,natural_gas_steam_turbine
123,2,0.0,natural_gas_steam_turbine
62,2,0.0,natural_gas_steam_turbine
49,2,0.0,natural_gas_steam_turbine
48,2,0.0,natural_gas_steam_turbine
21,2,0.0,natural_gas_steam_turbine
79,2,7405.999,nuclear
10,2,81.66702000000001,onshore_wind_turbine
23,2,6235.468800000001,onshore_wind_turbine
31,2,1201.9981799999998,onshore_wind_turbine
38,2,352.75905,onshore_wind_turbine
50,2,955.2185999999999,onshore_wind_turbine
63,2,280.9444799232,onshore_wind_turbine
80,2,464.39447999999993,onshore_wind_turbine
94,2,449.21700000000004,onshore_wind_turbine
105,2,254.690640162,onshore_wind_turbine
124,2,515.9497483668,onshore_wind_turbine
136,2,1282.4586900000002,onshore_wind_turbine
144,2,3214.5238799999993,onshore_wind_turbine
11,2,19.125,small_hydroelectric
24,2,62.577,small_hydroelectric
32,2,192.0,small_hydroelectric
39,2,52.9,small_hydroelectric
51,2,25.641,small_hydroelectric
64,2,6.128,small_hydroelectric
81,2,241.672,small_hydroelectric
95,2,418.922,small_hydroelectric
106,2,31.614,small_hydroelectric
125,2,100.697,small_hydroelectric
137,2,36.822,small_hydroelectric
145,2,33.21,small_hydroelectric
12,2,0.0,solar_photovoltaic
25,2,0.0,solar_photovoltaic
33,2,0.0,solar_photovoltaic
52,2,0.0,solar_photovoltaic
65,2,0.0,solar_photovoltaic
82,2,0.0,solar_photovoltaic
96,2,0.0,solar_photovoltaic
107,2,0.0,solar_photovoltaic
126,2,0.0,solar_photovoltaic
138,2,0.0,solar_photovoltaic
26,3,11.235,biomass
13,3,15.682,biomass
108,3,137.081,biomass
40,3,5.952,biomass
97,3,178.173,biomass
1,3,16.294,biomass
66,3,228.795,biomass
2,3,862.4549975999998,conventional_hydroelectric
14,3,128.7025344,conventional_hydroelectric
27,3,857.6617176000001,conventional_hydroelectric
35,3,833.4544592,conventional_hydroelectric
54,3,666.0481608000001,conventional_hydroelectric
67,3,1425.5510466674878,conventional_hydroelectric
84,3,15377.7412554,conventional_hydroelectric
109,3,107.76396152340001,conventional_hydroelectric
128,3,52.32546000000001,conventional_hydroelectric
139,3,47.5340736,conventional_hydroelectric
110,3,50.0,conventional_steam_coal
41,3,7219.002,conventional_steam_coal
3,3,14050.987,conventional_steam_coal
36,3,2368.701,conventional_steam_coal
85,3,1340.0,conventional_steam_coal
28,3,74.364,geothermal
116,3,56.5,natural_gas_fired_combined_cycle
73,3,0.0,natural_gas_fired_combined_cycle
71,3,0.0,natural_gas_fired_combined_cycle
44,3,0.0,natural_gas_fired_combined_cycle
115,3,0.0,natural_gas_fired_combined_cycle
70,3,0.0,natural_gas_fired_combined_cycle
131,3,0.0,natural_gas_fired_combined_cycle
18,3,0.0,natural_gas_fired_combined_cycle
72,3,0.0,natural_gas_fired_combined_cycle
114,3,0.0,natural_gas_fired_combined_cycle
45,3,0.0,natural_gas_fired_combined_cycle
78,3,0.0,natural_gas_fired_combustion_turbine
75,3,0.0,natural_gas_fired_combustion_turbine
119,3,0.0,natural_gas_fired_combustion_turbine
117,3,0.0,natural_gas_fired_combustion_turbine
134,3,0.0,natural_gas_fired_combustion_turbine
103,3,0.0,natural_gas_fired_combustion_turbine
47,3,0.0,natural_gas_fired_combustion_turbine
8,3,0.0,natural_gas_fired_combustion_turbine
90,3,0.0,natural_gas_fired_combustion_turbine
60,3,0.0,natural_gas_fired_combustion_turbine
46,3,0.0,natural_gas_fired_combustion_turbine
37,3,0.0,natural_gas_fired_combustion_turbine
7,3,0.0,natural_gas_fired_combustion_turbine
133,3,0.0,natural_gas_fired_combustion_turbine
74,3,0.0,natural_gas_fired_combustion_turbine
20,3,0.0,natural_gas_fired_combustion_turbine
135,3,0.0,natural_gas_fired_combustion_turbine
142,3,0.0,natural_gas_fired_combustion_turbine
121,3,0.0,natural_gas_fired_combustion_turbine
91,3,0.0,natural_gas_fired_combustion_turbine
22,3,0.0,natural_gas_steam_turbine
123,3,0.0,natural_gas_steam_turbine
62,3,0.0,natural_gas_steam_turbine
49,3,0.0,natural_gas_steam_turbine
48,3,0.0,natural_gas_steam_turbine
21,3,0.0,natural_gas_steam_turbine
79,3,7405.999,nuclear
10,3,107.60286,onshore_wind_turbine
23,3,5859.3282,onshore_wind_turbine
31,3,2092.55568,onshore_wind_turbine
38,3,349.83765,onshore_wind_turbine
50,3,1015.3189799999999,onshore_wind_turbine
63,3,285.2235601176,onshore_wind_turbine
80,3,326.98788,onshore_wind_turbine
94,3,1469.0184000000002,onshore_wind_turbine
105,3,258.301439487,onshore_wind_turbine
124,3,433.143002094,onshore_wind_turbine
136,3,1254.70485,onshore_wind_turbine
144,3,3551.919119999999,onshore_wind_turbine
11,3,19.125,small_hydroelectric
24,3,62.577,small_hydroelectric
32,3,192.0,small_hydroelectric
39,3,52.9,small_hydroelectric
51,3,25.641,small_hydroelectric
64,3,6.128,small_hydroelectric
81,3,241.672,small_hydroelectric
95,3,418.922,small_hydroelectric
106,3,31.614,small_hydroelectric
125,3,100.697,small_hydroelectric
137,3,36.822,small_hydroelectric
145,3,33.21,small_hydroelectric
12,3,0.0,solar_photovoltaic
25,3,0.0,solar_photovoltaic
33,3,0.0,solar_photovoltaic
52,3,0.0,solar_photovoltaic
65,3,0.0,solar_photovoltaic
82,3,0.0,solar_photovoltaic
96,3,0.0,solar_photovoltaic
107,3,0.0,solar_photovoltaic
126,3,0.0,solar_photovoltaic
138,3,0.0,solar_photovoltaic
26,4,11.235,biomass
13,4,15.682,biomass
108,4,137.081,biomass
40,4,5.952,biomass
97,4,178.173,biomass
1,4,16.294,biomass
66,4,228.795,biomass
2,4,862.4549975999998,conventional_hydroelectric
14,4,128.7025344,conventional_hydroelectric
27,4,857.6617176000001,conventional_hydroelectric
35,4,833.4544592,conventional_hydroelectric
54,4,666.0481608000001,conventional_hydroelectric
67,4,1425.5510466674878,conventional_hydroelectric
84,4,15377.7412554,conventional_hydroelectric
109,4,107.76396152340001,conventional_hydroelectric
128,4,52.32546000000001,conventional_hydroelectric
139,4,47.5340736,conventional_hydroelectric
110,4,50.0,conventional_steam_coal
41,4,7219.002,conventional_steam_coal
3,4,14050.987,conventional_steam_coal
36,4,2368.701,conventional_steam_coal
85,4,1340.0,conventional_steam_coal
28,4,74.364,geothermal
116,4,56.5,natural_gas_fired_combined_cycle
73,4,0.0,natural_gas_fired_combined_cycle
71,4,0.0,natural_gas_fired_combined_cycle
44,4,0.0,natural_gas_fired_combined_cycle
115,4,0.0,natural_gas_fired_combined_cycle
70,4,0.0,natural_gas_fired_combined_cycle
131,4,0.0,natural_gas_fired_combined_cycle
18,4,0.0,natural_gas_fired_combined_cycle
72,4,0.0,natural_gas_fired_combined_cycle
114,4,0.0,natural_gas_fired_combined_cycle
45,4,0.0,natural_gas_fired_combined_cycle
78,4,0.0,natural_gas_fired_combustion_turbine
75,4,0.0,natural_gas_fired_combustion_turbine
119,4,0.0,natural_gas_fired_combustion_turbine
117,4,0.0,natural_gas_fired_combustion_turbine
134,4,0.0,natural_gas_fired_combustion_turbine
103,4,0.0,natural_gas_fired_combustion_turbine
47,4,0.0,natural_gas_fired_combustion_turbine
8,4,0.0,natural_gas_fired_combustion_turbine
90,4,0.0,natural_gas_fired_combustion_turbine
60,4,0.0,natural_gas_fired_combustion_turbine
46,4,0.0,natural_gas_fired_combustion_turbine
37,4,0.0,natural_gas_fired_combustion_turbine
7,4,0.0,natural_gas_fired_combustion_turbine
133,4,0.0,natural_gas_fired_combustion_turbine
74,4,0.0,natural_gas_fired_combustion_turbine
20,4,0.0,natural_gas_fired_combustion_turbine
135,4,0.0,natural_gas_fired_combustion_turbine
142,4,0.0,natural_gas_fired_combustion_turbine
121,4,0.0,natural_gas_fired_combustion_turbine
91,4,0.0,natural_gas_fired_combustion_turbine
22,4,0.0,natural_gas_steam_turbine
123,4,0.0,natural_gas_steam_turbine
62,4,0.0,natural_gas_steam_turbine
49,4,0.0,natural_gas_steam_turbine
48,4,0.0,natural_gas_steam_turbine
21,4,0.0,natural_gas_steam_turbine
79,4,7405.999,nuclear
10,4,152.83620000000002,onshore_wind_turbine
23,4,5536.6938,onshore_wind_turbine
31,4,3073.6955999999996,onshore_wind_turbine
38,4,289.7055,onshore_wind_turbine
50,4,958.4123399999999,onshore_wind_turbine
63,4,286.79976006960004,onshore_wind_turbine
80,4,368.409,onshore_wind_turbine
94,4,4255.740000000001,onshore_wind_turbine
105,4,242.634899304,onshore_wind_turbine
124,4,352.23239660400003,onshore_wind_turbine
136,4,1558.45521,onshore_wind_turbine
144,4,3706.7130899999993,onshore_wind_turbine
11,4,19.125,small_hydroelectric
24,4,62.577,small_hydroelectric
32,4,192.0,small_hydroelectric
39,4,52.9,small_hydroelectric
51,4,25.641,small_hydroelectric
64,4,6.128,small_hydroelectric
81,4,241.672,small_hydroelectric
95,4,418.922,small_hydroelectric
106,4,31.614,small_hydroelectric
125,4,100.697,small_hydroelectric
137,4,36.822,small_hydroelectric
145,4,33.21,small_hydroelectric
12,4,0.0,solar_photovoltaic
25,4,0.0,solar_photovoltaic
33,4,0.0,solar_photovoltaic
52,4,0.0,solar_photovoltaic
65,4,0.0,solar_photovoltaic
82,4,0.0,solar_photovoltaic
96,4,0.0,solar_photovoltaic
107,4,0.0,solar_photovoltaic
126,4,0.0,solar_photovoltaic
138,4,0.0,solar_photovoltaic
26,5,11.235,biomass
13,5,15.682,biomass
108,5,137.081,biomass
40,5,5.952,biomass
97,5,178.173,biomass
1,5,16.294,biomass
66,5,228.795,biomass
2,5,862.4549975999998,conventional_hydroelectric
14,5,128.7025344,conventional_hydroelectric
27,5,857.6617176000001,conventional_hydroelectric
35,5,833.4544592,conventional_hydroelectric
54,5,666.0481608000001,conventional_hydroelectric
67,5,1425.5510466674878,conventional_hydroelectric
84,5,15377.7412554,conventional_hydroelectric
109,5,107.76396152340001,conventional_hydroelectric
128,5,52.32546000000001,conventional_hydroelectric
139,5,47.5340736,conventional_hydroelectric
110,5,50.0,conventional_steam_coal
41,5,7219.002,conventional_steam_coal
3,5,14050.987,conventional_steam_coal
36,5,2368.701,conventional_steam_coal
85,5,1340.0,conventional_steam_coal
28,5,74.364,geothermal
116,5,56.5,natural_gas_fired_combined_cycle
73,5,0.0,natural_gas_fired_combined_cycle
71,5,0.0,natural_gas_fired_combined_cycle
44,5,0.0,natural_gas_fired_combined_cycle
115,5,0.0,natural_gas_fired_combined_cycle
70,5,0.0,natural_gas_fired_combined_cycle
131,5,0.0,natural_gas_fired_combined_cycle
18,5,0.0,natural_gas_fired_combined_cycle
72,5,0.0,natural_gas_fired_combined_cycle
114,5,0.0,natural_gas_fired_combined_cycle
45,5,0.0,natural_gas_fired_combined_cycle
78,5,0.0,natural_gas_fired_combustion_turbine
75,5,0.0,natural_gas_fired_combustion_turbine
119,5,0.0,natural_gas_fired_combustion_turbine
117,5,0.0,natural_gas_fired_combustion_turbine
134,5,0.0,natural_gas_fired_combustion_turbine
103,5,0.0,natural_gas_fired_combustion_turbine
47,5,0.0,natural_gas_fired_combustion_turbine
8,5,0.0,natural_gas_fired_combustion_turbine
90,5,0.0,natural_gas_fired_combustion_turbine
60,5,0.0,natural_gas_fired_combustion_turbine
46,5,0.0,natural_gas_fired_combustion_turbine
37,5,0.0,natural_gas_fired_combustion_turbine
7,5,0.0,natural_gas_fired_combustion_turbine
133,5,0.0,natural_gas_fired_combustion_turbine
74,5,0.0,natural_gas_fired_combustion_turbine
20,5,0.0,natural_gas_fired_combustion_turbine
135,5,0.0,natural_gas_fired_combustion_turbine
142,5,0.0,natural_gas_fired_combustion_turbine
121,5,0.0,natural_gas_fired_combustion_turbine
91,5,0.0,natural_gas_fired_combustion_turbine
22,5,0.0,natural_gas_steam_turbine
123,5,0.0,natural_gas_steam_turbine
62,5,0.0,natural_gas_steam_turbine
49,5,0.0,natural_gas_steam_turbine
48,5,0.0,natural_gas_steam_turbine
21,5,0.0,natural_gas_steam_turbine
79,5,7405.999,nuclear
10,5,83.59677,onshore_wind_turbine
23,5,4867.467000000001,onshore_wind_turbine
31,5,3409.563,onshore_wind_turbine
38,5,263.41290000000004,onshore_wind_turbine
50,5,1144.5202799999997,onshore_wind_turbine
63,5,202.1812800648,onshore_wind_turbine
80,5,348.09672,onshore_wind_turbine
94,5,5734.2156,onshore_wind_turbine
105,5,174.81989964599998,onshore_wind_turbine
124,5,1101.0276870648001,onshore_wind_turbine
136,5,1503.71847,onshore_wind_turbine
144,5,3797.5502699999993,onshore_wind_turbine
11,5,19.125,small_hydroelectric
24,5,62.577,small_hydroelectric
32,5,192.0,small_hydroelectric
39,5,52.9,small_hydroelectric
51,5,25.641,small_hydroelectric
64,5,6.128,small_hydroelectric
81,5,241.672,small_hydroelectric
95,5,418.922,small_hydroelectric
106,5,31.614,small_hydroelectric
125,5,100.697,small_hydroelectric
137,5,36.822,small_hydroelectric
145,5,33.21,small_hydroelectric
12,5,0.0,solar_photovoltaic
25,5,0.0,solar_photovoltaic
33,5,0.0,solar_photovoltaic
52,5,0.0,solar_photovoltaic
65,5,0.0,solar_photovoltaic
82,5,0.0,solar_photovoltaic
96,5,0.0,solar_photovoltaic
107,5,0.0,solar_photovoltaic
126,5,0.0,solar_photovoltaic
138,5,0.0,solar_photovoltaic
26,6,11.235,biomass
13,6,15.682,biomass
108,6,137.081,biomass
40,6,5.952,biomass
97,6,178.173,biomass
1,6,16.294,biomass
66,6,228.795,biomass
2,6,862.4549975999998,conventional_hydroelectric
14,6,128.7025344,conventional_hydroelectric
27,6,857.6617176000001,conventional_hydroelectric
35,6,833.4544592,conventional_hydroelectric
54,6,666.0481608000001,conventional_hydroelectric
67,6,1425.5510466674878,conventional_hydroelectric
84,6,15377.7412554,conventional_hydroelectric
109,6,107.76396152340001,conventional_hydroelectric
128,6,52.32546000000001,conventional_hydroelectric
139,6,47.5340736,conventional_hydroelectric
110,6,50.0,conventional_steam_coal
41,6,7219.002,conventional_steam_coal
3,6,14050.987,conventional_steam_coal
36,6,2368.701,conventional_steam_coal
85,6,1340.0,conventional_steam_coal
28,6,74.364,geothermal
116,6,56.5,natural_gas_fired_combined_cycle
73,6,85.70446617965854,natural_gas_fired_combined_cycle
71,6,0.0,natural_gas_fired_combined_cycle
44,6,0.0,natural_gas_fired_combined_cycle
115,6,0.0,natural_gas_fired_combined_cycle
70,6,0.0,natural_gas_fired_combined_cycle
131,6,0.0,natural_gas_fired_combined_cycle
18,6,0.0,natural_gas_fired_combined_cycle
72,6,0.0,natural_gas_fired_combined_cycle
114,6,0.0,natural_gas_fired_combined_cycle
45,6,0.0,natural_gas_fired_combined_cycle
78,6,257.0,natural_gas_fired_combustion_turbine
75,6,0.0,natural_gas_fired_combustion_turbine
119,6,0.0,natural_gas_fired_combustion_turbine
117,6,0.0,natural_gas_fired_combustion_turbine
134,6,0.0,natural_gas_fired_combustion_turbine
103,6,0.0,natural_gas_fired_combustion_turbine
47,6,0.0,natural_gas_fired_combustion_turbine
8,6,0.0,natural_gas_fired_combustion_turbine
90,6,0.0,natural_gas_fired_combustion_turbine
60,6,0.0,natural_gas_fired_combustion_turbine
46,6,0.0,natural_gas_fired_combustion_turbine
37,6,0.0,natural_gas_fired_combustion_turbine
7,6,0.0,natural_gas_fired_combustion_turbine
133,6,0.0,natural_gas_fired_combustion_turbine
74,6,0.0,natural_gas_fired_combustion_turbine
20,6,0.0,natural_gas_fired_combustion_turbine
135,6,0.0,natural_gas_fired_combustion_turbine
142,6,0.0,natural_gas_fired_combustion_turbine
121,6,0.0,natural_gas_fired_combustion_turbine
91,6,0.0,natural_gas_fired_combustion_turbine
22,6,0.0,natural_gas_steam_turbine
123,6,0.0,natural_gas_steam_turbine
62,6,0.0,natural_gas_steam_turbine
49,6,0.0,natural_gas_steam_turbine
48,6,0.0,natural_gas_steam_turbine
21,6,0.0,natural_gas_steam_turbine
79,6,7405.999,nuclear
10,6,145.96629000000001,onshore_wind_turbine
23,6,4639.0674,onshore_wind_turbine
31,6,3934.2285899999997,onshore_wind_turbine
38,6,466.69365000000005,onshore_wind_turbine
50,6,1228.1381999999999,onshore_wind_turbine
63,6,27.611400129600003,onshore_wind_turbine
80,6,338.93627999999995,onshore_wind_turbine
94,6,5513.5476,onshore_wind_turbine
105,6,296.841480705,onshore_wind_turbine
124,6,2452.6535990484003,onshore_wind_turbine
136,6,1460.9313000000002,onshore_wind_turbine
144,6,4411.16469,onshore_wind_turbine
11,6,19.125,small_hydroelectric
24,6,62.577,small_hydroelectric
32,6,192.0,small_hydroelectric
39,6,52.9,small_hydroelectric
51,6,25.641,small_hydroelectric
64,6,6.128,small_hydroelectric
81,6,241.672,small_hydroelectric
95,6,418.922,small_hydroelectric
106,6,31.614,small_hydroelectric
125,6,100.697,small_hydroelectric
137,6,36.822,small_hydroelectric
145,6,33.21,small_hydroelectric
12,6,0.0,solar_photovoltaic
25,6,0.0,solar_photovoltaic
33,6,0.0,solar_photovoltaic
52,6,11.552579999999999,solar_photovoltaic
65,6,0.0,solar_photovoltaic
82,6,0.0,solar_photovoltaic
96,6,0.0,solar_photovoltaic
107,6,0.0,solar_photovoltaic
126,6,0.0,solar_photovoltaic
138,6,0.0,solar_photovoltaic
26,7,11.235,biomass
13,7,15.682,biomass
108,7,137.081,biomass
40,7,5.952,biomass
97,7,178.173,biomass
1,7,16.294,biomass
66,7,228.795,biomass
2,7,862.4549975999998,conventional_hydroelectric
14,7,128.7025344,conventional_hydroelectric
27,7,857.6617176000001,conventional_hydroelectric
35,7,833.4544592,conventional_hydroelectric
54,7,666.0481608000001,conventional_hydroelectric
67,7,1425.5510466674878,conventional_hydroelectric
84,7,15377.7412554,conventional_hydroelectric
109,7,107.76396152340001,conventional_hydroelectric
128,7,52.32546000000001,conventional_hydroelectric
139,7,47.5340736,conventional_hydroelectric
110,7,50.0,conventional_steam_coal
41,7,7219.002,conventional_steam_coal
3,7,14050.987,conventional_steam_coal
36,7,2368.701,conventional_steam_coal
85,7,763.8,conventional_steam_coal
28,7,74.364,geothermal
116,7,36.160000000000004,natural_gas_fired_combined_cycle
73,7,0.0,natural_gas_fired_combined_cycle
71,7,0.0,natural_gas_fired_combined_cycle
44,7,0.0,natural_gas_fired_combined_cycle
115,7,0.0,natural_gas_fired_combined_cycle
70,7,0.0,natural_gas_fired_combined_cycle
131,7,0.0,natural_gas_fired_combined_cycle
18,7,0.0,natural_gas_fired_combined_cycle
72,7,0.0,natural_gas_fired_combined_cycle
114,7,0.0,natural_gas_fired_combined_cycle
45,7,0.0,natural_gas_fired_combined_cycle
78,7,257.0,natural_gas_fired_combustion_turbine
75,7,0.0,natural_gas_fired_combustion_turbine
119,7,0.0,natural_gas_fired_combustion_turbine
117,7,0.0,natural_gas_fired_combustion_turbine
134,7,0.0,natural_gas_fired_combustion_turbine
103,7,0.0,natural_gas_fired_combustion_turbine
47,7,0.0,natural_gas_fired_combustion_turbine
8,7,0.0,natural_gas_fired_combustion_turbine
90,7,0.0,natural_gas_fired_combustion_turbine
60,7,0.0,natural_gas_fired_combustion_turbine
46,7,0.0,natural_gas_fired_combustion_turbine
37,7,0.0,natural_gas_fired_combustion_turbine
7,7,0.0,natural_gas_fired_combustion_turbine
133,7,0.0,natural_gas_fired_combustion_turbine
74,7,0.0,natural_gas_fired_combustion_turbine
20,7,0.0,natural_gas_fired_combustion_turbine
135,7,0.0,natural_gas_fired_combustion_turbine
142,7,0.0,natural_gas_fired_combustion_turbine
121,7,0.0,natural_gas_fired_combustion_turbine
91,7,0.0,natural_gas_fired_combustion_turbine
22,7,0.0,natural_gas_steam_turbine
123,7,0.0,natural_gas_steam_turbine
62,7,0.0,natural_gas_steam_turbine
49,7,0.0,natural_gas_steam_turbine
48,7,0.0,natural_gas_steam_turbine
21,7,0.0,natural_gas_steam_turbine
79,7,7405.999,nuclear
10,7,86.52999000000001,onshore_wind_turbine
23,7,4044.9089999999997,onshore_wind_turbine
31,7,3718.45923,onshore_wind_turbine
38,7,509.54085000000003,onshore_wind_turbine
50,7,1344.2741999999998,onshore_wind_turbine
63,7,16.4309999592,onshore_wind_turbine
80,7,156.92231999999998,onshore_wind_turbine
94,7,6076.251,onshore_wind_turbine
105,7,426.26340036000005,onshore_wind_turbine
124,7,1468.2727227564,onshore_wind_turbine
136,7,1526.8466700000001,onshore_wind_turbine
144,7,4483.463669999999,onshore_wind_turbine
11,7,19.125,small_hydroelectric
24,7,62.577,small_hydroelectric
32,7,192.0,small_hydroelectric
39,7,52.9,small_hydroelectric
51,7,25.641,small_hydroelectric
64,7,6.128,small_hydroelectric
81,7,241.672,small_hydroelectric
95,7,418.922,small_hydroelectric
106,7,31.614,small_hydroelectric
125,7,100.697,small_hydroelectric
137,7,36.822,small_hydroelectric
145,7,33.21,small_hydroelectric
12,7,1068.4251,solar_photovoltaic
25,7,450.47381999999993,solar_photovoltaic
33,7,0.0,solar_photovoltaic
52,7,1052.17344,solar_photovoltaic
65,7,1234.6903219628998,solar_photovoltaic
82,7,0.0,solar_photovoltaic
96,7,0.0,solar_photovoltaic
107,7,1084.60325682,solar_photovoltaic
126,7,68.141077443,solar_photovoltaic
138,7,489.81207,solar_photovoltaic
26,8,11.235,biomass
13,8,15.682,biomass
108,8,137.081,biomass
40,8,5.952,biomass
97,8,178.173,biomass
1,8,16.294,biomass
66,8,228.795,biomass
2,8,862.4549975999998,conventional_hydroelectric
14,8,128.7025344,conventional_hydroelectric
27,8,857.6617176000001,conventional_hydroelectric
35,8,833.4544592,conventional_hydroelectric
54,8,666.0481608000001,conventional_hydroelectric
67,8,1425.5510466674878,conventional_hydroelectric
84,8,15377.7412554,conventional_hydroelectric
109,8,107.76396152340001,conventional_hydroelectric
128,8,52.32546000000001,conventional_hydroelectric
139,8,47.5340736,conventional_hydroelectric
110,8,50.0,conventional_steam_coal
41,8,7219.002,conventional_steam_coal
3,8,14050.987,conventional_steam_coal
36,8,1018.5414300000002,conventional_steam_coal
85,8,0.0,conventional_steam_coal
28,8,74.364,geothermal
116,8,0.0,natural_gas_fired_combined_cycle
73,8,0.0,natural_gas_fired_combined_cycle
71,8,0.0,natural_gas_fired_combined_cycle
44,8,0.0,natural_gas_fired_combined_cycle
115,8,0.0,natural_gas_fired_combined_cycle
70,8,0.0,natural_gas_fired_combined_cycle
131,8,0.0,natural_gas_fired_combined_cycle
18,8,0.0,natural_gas_fired_combined_cycle
72,8,0.0,natural_gas_fired_combined_cycle
114,8,0.0,natural_gas_fired_combined_cycle
45,8,0.0,natural_gas_fired_combined_cycle
78,8,0.0,natural_gas_fired_combustion_turbine
75,8,0.0,natural_gas_fired_combustion_turbine
119,8,0.0,natural_gas_fired_combustion_turbine
117,8,0.0,natural_gas_fired_combustion_turbine
134,8,0.0,natural_gas_fired_combustion_turbine
103,8,0.0,natural_gas_fired_combustion_turbine
47,8,0.0,natural_gas_fired_combustion_turbine
8,8,0.0,natural_gas_fired_combustion_turbine
90,8,0.0,natural_gas_fired_combustion_turbine
60,8,0.0,natural_gas_fired_combustion_turbine
46,8,0.0,natural_gas_fired_combustion_turbine
37,8,0.0,natural_gas_fired_combustion_turbine
7,8,0.0,natural_gas_fired_combustion_turbine
133,8,0.0,natural_gas_fired_combustion_turbine
74,8,0.0,natural_gas_fired_combustion_turbine
20,8,0.0,natural_gas_fired_combustion_turbine
135,8,0.0,natural_gas_fired_combustion_turbine
142,8,0.0,natural_gas_fired_combustion_turbine
121,8,0.0,natural_gas_fired_combustion_turbine
91,8,0.0,natural_gas_fired_combustion_turbine
22,8,0.0,natural_gas_steam_turbine
123,8,0.0,natural_gas_steam_turbine
62,8,0.0,natural_gas_steam_turbine
49,8,0.0,natural_gas_steam_turbine
48,8,0.0,natural_gas_steam_turbine
21,8,0.0,natural_gas_steam_turbine
79,8,7405.999,nuclear
10,8,68.54472000000001,onshore_wind_turbine
23,8,3678.3516,onshore_wind_turbine
31,8,3357.1473299999993,onshore_wind_turbine
38,8,359.3322,onshore_wind_turbine
50,8,1092.5494199999998,onshore_wind_turbine
63,8,13.968000134400002,onshore_wind_turbine
80,8,247.73015999999998,onshore_wind_turbine
94,8,6188.1612000000005,onshore_wind_turbine
105,8,71.339519727,onshore_wind_turbine
124,8,1973.628534339,onshore_wind_turbine
136,8,1529.9304300000001,onshore_wind_turbine
144,8,3142.2248999999997,onshore_wind_turbine
11,8,19.125,small_hydroelectric
24,8,62.577,small_hydroelectric
32,8,192.0,small_hydroelectric
39,8,52.9,small_hydroelectric
51,8,25.641,small_hydroelectric
64,8,6.128,small_hydroelectric
81,8,241.672,small_hydroelectric
95,8,418.922,small_hydroelectric
106,8,31.614,small_hydroelectric
125,8,100.697,small_hydroelectric
137,8,36.822,small_hydroelectric
145,8,33.21,small_hydroelectric
12,8,2575.7216999999996,solar_photovoltaic
25,8,737.9251199999999,solar_photovoltaic
33,8,237.6675,solar_photovoltaic
52,8,1716.00246,solar_photovoltaic
65,8,4024.0660747422,solar_photovoltaic
82,8,1710.7219799999998,solar_photovoltaic
96,8,157.29906,solar_photovoltaic
107,8,3706.112823864,solar_photovoltaic
126,8,6601.2041162955,solar_photovoltaic
138,8,1011.32592,solar_photovoltaic
26,9,11.235,biomass
13,9,15.682,biomass
108,9,137.081,biomass
40,9,5.952,biomass
97,9,178.173,biomass
1,9,16.294,biomass
66,9,228.795,biomass
2,9,862.4549975999998,conventional_hydroelectric
14,9,128.7025344,conventional_hydroelectric
27,9,857.6617176000001,conventional_hydroelectric
35,9,833.4544592,conventional_hydroelectric
54,9,666.0481608000001,conventional_hydroelectric
67,9,1425.5510466674878,conventional_hydroelectric
84,9,15377.7412554,conventional_hydroelectric
109,9,107.76396152340001,conventional_hydroelectric
128,9,52.32546000000001,conventional_hydroelectric
139,9,47.5340736,conventional_hydroelectric
110,9,50.0,conventional_steam_coal
41,9,7219.002,conventional_steam_coal
3,9,12256.082079023843,conventional_steam_coal
36,9,0.0,conventional_steam_coal
85,9,0.0,conventional_steam_coal
28,9,74.364,geothermal
116,9,0.0,natural_gas_fired_combined_cycle
73,9,0.0,natural_gas_fired_combined_cycle
71,9,0.0,natural_gas_fired_combined_cycle
44,9,0.0,natural_gas_fired_combined_cycle
115,9,0.0,natural_gas_fired_combined_cycle
70,9,0.0,natural_gas_fired_combined_cycle
131,9,0.0,natural_gas_fired_combined_cycle
18,9,0.0,natural_gas_fired_combined_cycle
72,9,0.0,natural_gas_fired_combined_cycle
114,9,0.0,natural_gas_fired_combined_cycle
45,9,0.0,natural_gas_fired_combined_cycle
78,9,0.0,natural_gas_fired_combustion_turbine
75,9,0.0,natural_gas_fired_combustion_turbine
119,9,0.0,natural_gas_fired_combustion_turbine
117,9,0.0,natural_gas_fired_combustion_turbine
134,9,0.0,natural_gas_fired_combustion_turbine
103,9,0.0,natural_gas_fired_combustion_turbine
47,9,0.0,natural_gas_fired_combustion_turbine
8,9,0.0,natural_gas_fired_combustion_turbine
90,9,0.0,natural_gas_fired_combustion_turbine
60,9,0.0,natural_gas_fired_combustion_turbine
46,9,0.0,natural_gas_fired_combustion_turbine
37,9,0.0,natural_gas_fired_combustion_turbine
7,9,0.0,natural_gas_fired_combustion_turbine
133,9,0.0,natural_gas_fired_combustion_turbine
74,9,0.0,natural_gas_fired_combustion_turbine
20,9,0.0,natural_gas_fired_combustion_turbine
135,9,0.0,natural_gas_fired_combustion_turbine
142,9,0.0,natural_gas_fired_combustion_turbine
121,9,0.0,natural_gas_fired_combustion_turbine
91,9,0.0,natural_gas_fired_combustion_turbine
22,9,0.0,natural_gas_steam_turbine
123,9,0.0,natural_gas_steam_turbine
62,9,0.0,natural_gas_steam_turbine
49,9,0.0,natural_gas_steam_turbine
48,9,0.0,natural_gas_steam_turbine
21,9,0.0,natural_gas_steam_turbine
79,9,7405.999,nuclear
10,9,30.798810000000003,onshore_wind_turbine
23,9,2848.6062,onshore_wind_turbine
31,9,3363.7628999999997,onshore_wind_turbine
38,9,188.4303,onshore_wind_turbine
50,9,1145.1009599999998,onshore_wind_turbine
63,9,4.166999935200001,onshore_wind_turbine
80,9,140.99112,onshore_wind_turbine
94,9,5556.105,onshore_wind_turbine
105,9,0.0,onshore_wind_turbine
124,9,1285.4155453326,onshore_wind_turbine
136,9,1055.41686,onshore_wind_turbine
144,9,2969.8196399999997,onshore_wind_turbine
11,9,19.125,small_hydroelectric
24,9,62.577,small_hydroelectric
32,9,192.0,small_hydroelectric
39,9,52.9,small_hydroelectric
51,9,25.641,small_hydroelectric
64,9,6.128,small_hydroelectric
81,9,241.672,small_hydroelectric
95,9,418.922,small_hydroelectric
106,9,31.614,small_hydroelectric
125,9,100.697,small_hydroelectric
137,9,36.822,small_hydroelectric
145,9,33.21,small_hydroelectric
12,9,3655.64826,solar_photovoltaic
25,9,936.6588599999999,solar_photovoltaic
33,9,419.3511,solar_photovoltaic
52,9,2141.3743799999997,solar_photovoltaic
65,9,6078.4479292494,solar_photovoltaic
82,9,3444.0194699999997,solar_photovoltaic
96,9,294.00693,solar_photovoltaic
107,9,5645.9871595965,solar_photovoltaic
126,9,10628.8754162955,solar_photovoltaic
138,9,1333.62735,solar_photovoltaic
26,10,11.235,biomass
13,10,15.682,biomass
108,10,137.081,biomass
40,10,5.952,biomass
97,10,178.173,biomass
1,10,16.294,biomass
66,10,228.795,biomass
2,10,862.4549975999998,conventional_hydroelectric
14,10,128.7025344,conventional_hydroelectric
27,10,857.6617176000001,conventional_hydroelectric
35,10,833.4544592,conventional_hydroelectric
54,10,666.0481608000001,conventional_hydroelectric
67,10,1425.5510466674878,conventional_hydroelectric
84,10,15377.7412554,conventional_hydroelectric
109,10,107.76396152340001,conventional_hydroelectric
128,10,52.32546000000001,conventional_hydroelectric
139,10,47.5340736,conventional_hydroelectric
110,10,50.0,conventional_steam_coal
41,10,7219.002,conventional_steam_coal
3,10,4247.019489023845,conventional_steam_coal
36,10,0.0,conventional_steam_coal
85,10,0.0,conventional_steam_coal
28,10,74.364,geothermal
116,10,0.0,natural_gas_fired_combined_cycle
73,10,0.0,natural_gas_fired_combined_cycle
71,10,0.0,natural_gas_fired_combined_cycle
44,10,0.0,natural_gas_fired_combined_cycle
115,10,0.0,natural_gas_fired_combined_cycle
70,10,0.0,natural_gas_fired_combined_cycle
131,10,0.0,natural_gas_fired_combined_cycle
18,10,0.0,natural_gas_fired_combined_cycle
72,10,0.0,natural_gas_fired_combined_cycle
114,10,0.0,natural_gas_fired_combined_cycle
45,10,0.0,natural_gas_fired_combined_cycle
78,10,0.0,natural_gas_fired_combustion_turbine
75,10,0.0,natural_gas_fired_combustion_turbine
119,10,0.0,natural_gas_fired_combustion_turbine
117,10,0.0,natural_gas_fired_combustion_turbine
134,10,0.0,natural_gas_fired_combustion_turbine
103,10,0.0,natural_gas_fired_combustion_turbine
47,10,0.0,natural_gas_fired_combustion_turbine
8,10,0.0,natural_gas_fired_combustion_turbine
90,10,0.0,natural_gas_fired_combustion_turbine
60,10,0.0,natural_gas_fired_combustion_turbine
46,10,0.0,natural_gas_fired_combustion_turbine
37,10,0.0,natural_gas_fired_combustion_turbine
7,10,0.0,natural_gas_fired_combustion_turbine
133,10,0.0,natural_gas_fired_combustion_turbine
74,10,0.0,natural_gas_fired_combustion_turbine
20,10,0.0,natural_gas_fired_combustion_turbine
135,10,0.0,natural_gas_fired_combustion_turbine
142,10,0.0,natural_gas_fired_combustion_turbine
121,10,0.0,natural_gas_fired_combustion_turbine
91,10,0.0,natural_gas_fired_combustion_turbine
22,10,0.0,natural_gas_steam_turbine
123,10,0.0,natural_gas_steam_turbine
62,10,0.0,natural_gas_steam_turbine
49,10,0.0,natural_gas_steam_turbine
48,10,0.0,natural_gas_steam_turbine
21,10,0.0,natural_gas_steam_turbine
79,10,7405.999,nuclear
10,10,14.588910000000002,onshore_wind_turbine
23,10,2879.7515999999996,onshore_wind_turbine
31,10,3087.43563,onshore_wind_turbine
38,10,173.57985,onshore_wind_turbine
50,10,795.5315999999999,onshore_wind_turbine
63,10,18.737039983200003,onshore_wind_turbine
80,10,303.48936,onshore_wind_turbine
94,10,3611.0742,onshore_wind_turbine
105,10,0.0,onshore_wind_turbine
124,10,21.6571437258,onshore_wind_turbine
136,10,941.70321,onshore_wind_turbine
144,10,3119.0521499999995,onshore_wind_turbine
11,10,19.125,small_hydroelectric
24,10,62.577,small_hydroelectric
32,10,192.0,small_hydroelectric
39,10,52.9,small_hydroelectric
51,10,25.641,small_hydroelectric
64,10,6.128,small_hydroelectric
81,10,241.672,small_hydroelectric
95,10,418.922,small_hydroelectric
106,10,31.614,small_hydroelectric
125,10,100.697,small_hydroelectric
137,10,36.822,small_hydroelectric
145,10,33.21,small_hydroelectric
12,10,4272.48972,solar_photovoltaic
25,10,1024.25544,solar_photovoltaic
33,10,496.23465,solar_photovoltaic
52,10,2304.88782,solar_photovoltaic
65,10,7351.6919974404,solar_photovoltaic
82,10,4153.057709999999,solar_photovoltaic
96,10,357.22881000000007,solar_photovoltaic
107,10,6818.996609722501,solar_photovoltaic
126,10,12987.0725165595,solar_photovoltaic
138,10,1477.85088,solar_photovoltaic
26,11,11.235,biomass
13,11,15.682,biomass
108,11,137.081,biomass
40,11,5.952,biomass
97,11,178.173,biomass
1,11,16.294,biomass
66,11,228.795,biomass
2,11,862.4549975999998,conventional_hydroelectric
14,11,128.7025344,conventional_hydroelectric
27,11,857.6617176000001,conventional_hydroelectric
35,11,833.4544592,conventional_hydroelectric
54,11,666.0481608000001,conventional_hydroelectric
67,11,1425.5510466674878,conventional_hydroelectric
84,11,15377.7412554,conventional_hydroelectric
109,11,107.76396152340001,conventional_hydroelectric
128,11,52.32546000000001,conventional_hydroelectric
139,11,47.5340736,conventional_hydroelectric
110,11,50.0,conventional_steam_coal
41,11,7219.002,conventional_steam_coal
3,11,12256.082079023843,conventional_steam_coal
36,11,0.0,conventional_steam_coal
85,11,0.0,conventional_steam_coal
28,11,74.364,geothermal
116,11,0.0,natural_gas_fired_combined_cycle
73,11,0.0,natural_gas_fired_combined_cycle
71,11,0.0,natural_gas_fired_combined_cycle
44,11,0.0,natural_gas_fired_combined_cycle
115,11,0.0,natural_gas_fired_combined_cycle
70,11,0.0,natural_gas_fired_combined_cycle
131,11,0.0,natural_gas_fired_combined_cycle
18,11,0.0,natural_gas_fired_combined_cycle
72,11,0.0,natural_gas_fired_combined_cycle
114,11,0.0,natural_gas_fired_combined_cycle
45,11,0.0,natural_gas_fired_combined_cycle
78,11,0.0,natural_gas_fired_combustion_turbine
75,11,0.0,natural_gas_fired_combustion_turbine
119,11,0.0,natural_gas_fired_combustion_turbine
117,11,0.0,natural_gas_fired_combustion_turbine
134,11,0.0,natural_gas_fired_combustion_turbine
103,11,0.0,natural_gas_fired_combustion_turbine
47,11,0.0,natural_gas_fired_combustion_turbine
8,11,0.0,natural_gas_fired_combustion_turbine
90,11,0.0,natural_gas_fired_combustion_turbine
60,11,0.0,natural_gas_fired_combustion_turbine
46,11,0.0,natural_gas_fired_combustion_turbine
37,11,0.0,natural_gas_fired_combustion_turbine
7,11,0.0,natural_gas_fired_combustion_turbine
133,11,0.0,natural_gas_fired_combustion_turbine
74,11,0.0,natural_gas_fired_combustion_turbine
20,11,0.0,natural_gas_fired_combustion_turbine
135,11,0.0,natural_gas_fired_combustion_turbine
142,11,0.0,natural_gas_fired_combustion_turbine
121,11,0.0,natural_gas_fired_combustion_turbine
91,11,0.0,natural_gas_fired_combustion_turbine
22,11,0.0,natural_gas_steam_turbine
123,11,0.0,natural_gas_steam_turbine
62,11,0.0,natural_gas_steam_turbine
49,11,0.0,natural_gas_steam_turbine
48,11,0.0,natural_gas_steam_turbine
21,11,0.0,natural_gas_steam_turbine
79,11,7405.999,nuclear
10,11,0.0,onshore_wind_turbine
23,11,1455.0492,onshore_wind_turbine
31,11,2119.5268499999997,onshore_wind_turbine
38,11,269.98605,onshore_wind_turbine
50,11,736.88292,onshore_wind_turbine
63,11,18.337439892000003,onshore_wind_turbine
80,11,589.4544,onshore_wind_turbine
94,11,1792.1394,onshore_wind_turbine
105,11,34.811280252,onshore_wind_turbine
124,11,266.2555539138,onshore_wind_turbine
136,11,1132.1253900000002,onshore_wind_turbine
144,11,2659.3047899999997,onshore_wind_turbine
11,11,19.125,small_hydroelectric
24,11,62.577,small_hydroelectric
32,11,192.0,small_hydroelectric
39,11,52.9,small_hydroelectric
51,11,25.641,small_hydroelectric
64,11,6.128,small_hydroelectric
81,11,241.672,small_hydroelectric
95,11,418.922,small_hydroelectric
106,11,31.614,small_hydroelectric
125,11,100.697,small_hydroelectric
137,11,36.822,small_hydroelectric
145,11,33.21,small_hydroelectric
12,11,4572.738359999999,solar_photovoltaic
25,11,1053.08064,solar_photovoltaic
33,11,537.6567,solar_photovoltaic
52,11,2356.4300999999996,solar_photovoltaic
65,11,8068.6570239867,solar_photovoltaic
82,11,4638.013109999999,solar_photovoltaic
96,11,375.17526000000004,solar_photovoltaic
107,11,7362.5712296715,solar_photovoltaic
126,11,13471.920027177,solar_photovoltaic
138,11,1533.6225299999999,solar_photovoltaic
26,12,11.235,biomass
13,12,15.682,biomass
108,12,137.081,biomass
40,12,5.952,biomass
97,12,178.173,biomass
1,12,16.294,biomass
66,12,228.795,biomass
2,12,862.4549975999998,conventional_hydroelectric
14,12,128.7025344,conventional_hydroelectric
27,12,857.6617176000001,conventional_hydroelectric
35,12,833.4544592,conventional_hydroelectric
54,12,666.0481608000001,conventional_hydroelectric
67,12,1425.5510466674878,conventional_hydroelectric
84,12,15377.7412554,conventional_hydroelectric
109,12,107.76396152340001,conventional_hydroelectric
128,12,52.32546000000001,conventional_hydroelectric
139,12,47.5340736,conventional_hydroelectric
110,12,50.0,conventional_steam_coal
41,12,7219.002,conventional_steam_coal
3,12,14050.987,conventional_steam_coal
36,12,0.0,conventional_steam_coal
85,12,0.0,conventional_steam_coal
28,12,74.364,geothermal
116,12,0.0,natural_gas_fired_combined_cycle
73,12,0.0,natural_gas_fired_combined_cycle
71,12,0.0,natural_gas_fired_combined_cycle
44,12,0.0,natural_gas_fired_combined_cycle
115,12,0.0,natural_gas_fired_combined_cycle
70,12,0.0,natural_gas_fired_combined_cycle
131,12,0.0,natural_gas_fired_combined_cycle
18,12,0.0,natural_gas_fired_combined_cycle
72,12,0.0,natural_gas_fired_combined_cycle
114,12,0.0,natural_gas_fired_combined_cycle
45,12,0.0,natural_gas_fired_combined_cycle
78,12,0.0,natural_gas_fired_combustion_turbine
75,12,0.0,natural_gas_fired_combustion_turbine
119,12,0.0,natural_gas_fired_combustion_turbine
117,12,0.0,natural_gas_fired_combustion_turbine
134,12,0.0,natural_gas_fired_combustion_turbine
103,12,0.0,natural_gas_fired_combustion_turbine
47,12,0.0,natural_gas_fired_combustion_turbine
8,12,0.0,natural_gas_fired_combustion_turbine
90,12,0.0,natural_gas_fired_combustion_turbine
60,12,0.0,natural_gas_fired_combustion_turbine
46,12,0.0,natural_gas_fired_combustion_turbine
37,12,0.0,natural_gas_fired_combustion_turbine
7,12,0.0,natural_gas_fired_combustion_turbine
133,12,0.0,natural_gas_fired_combustion_turbine
74,12,0.0,natural_gas_fired_combustion_turbine
20,12,0.0,natural_gas_fired_combustion_turbine
135,12,0.0,natural_gas_fired_combustion_turbine
142,12,0.0,natural_gas_fired_combustion_turbine
121,12,0.0,natural_gas_fired_combustion_turbine
91,12,0.0,natural_gas_fired_combustion_turbine
22,12,0.0,natural_gas_steam_turbine
123,12,0.0,natural_gas_steam_turbine
62,12,0.0,natural_gas_steam_turbine
49,12,0.0,natural_gas_steam_turbine
48,12,0.0,natural_gas_steam_turbine
21,12,0.0,natural_gas_steam_turbine
79,12,7405.999,nuclear
10,12,3.6279300000000005,onshore_wind_turbine
23,12,1054.152,onshore_wind_turbine
31,12,260.04278999999997,onshore_wind_turbine
38,12,645.87285,onshore_wind_turbine
50,12,710.4619799999999,onshore_wind_turbine
63,12,0.6960000216,onshore_wind_turbine
80,12,1235.86284,onshore_wind_turbine
94,12,950.4485999999999,onshore_wind_turbine
105,12,125.482859523,onshore_wind_turbine
124,12,1744.5954311346004,onshore_wind_turbine
136,12,920.5023600000001,onshore_wind_turbine
144,12,2242.1952899999997,onshore_wind_turbine
11,12,19.125,small_hydroelectric
24,12,62.577,small_hydroelectric
32,12,192.0,small_hydroelectric
39,12,52.9,small_hydroelectric
51,12,25.641,small_hydroelectric
64,12,6.128,small_hydroelectric
81,12,241.672,small_hydroelectric
95,12,418.922,small_hydroelectric
106,12,31.614,small_hydroelectric
125,12,100.697,small_hydroelectric
137,12,36.822,small_hydroelectric
145,12,33.21,small_hydroelectric
12,12,4614.50682,solar_photovoltaic
25,12,1069.0946399999998,solar_photovoltaic
33,12,546.4089,solar_photovoltaic
52,12,2374.7957399999996,solar_photovoltaic
65,12,8165.950832453699,solar_photovoltaic
82,12,4446.53934,solar_photovoltaic
96,12,396.08130000000006,solar_photovoltaic
107,12,7449.2200479795,solar_photovoltaic
126,12,14164.764753828,solar_photovoltaic
138,12,1564.15017,solar_photovoltaic
26,13,11.235,biomass
13,13,15.682,biomass
108,13,137.081,biomass
40,13,5.952,biomass
97,13,178.173,biomass
1,13,16.294,biomass
66,13,228.795,biomass
2,13,862.4549975999998,conventional_hydroelectric
14,13,128.7025344,conventional_hydroelectric
27,13,857.6617176000001,conventional_hydroelectric
35,13,833.4544592,conventional_hydroelectric
54,13,666.0481608000001,conventional_hydroelectric
67,13,1425.5510466674878,conventional_hydroelectric
84,13,15377.7412554,conventional_hydroelectric
109,13,107.76396152340001,conventional_hydroelectric
128,13,52.32546000000001,conventional_hydroelectric
139,13,47.5340736,conventional_hydroelectric
110,13,50.0,conventional_steam_coal
41,13,7219.002,conventional_steam_coal
3,13,6041.9244100000005,conventional_steam_coal
36,13,0.0,conventional_steam_coal
85,13,0.0,conventional_steam_coal
28,13,74.364,geothermal
116,13,0.0,natural_gas_fired_combined_cycle
73,13,0.0,natural_gas_fired_combined_cycle
71,13,0.0,natural_gas_fired_combined_cycle
44,13,0.0,natural_gas_fired_combined_cycle
115,13,0.0,natural_gas_fired_combined_cycle
70,13,0.0,natural_gas_fired_combined_cycle
131,13,0.0,natural_gas_fired_combined_cycle
18,13,0.0,natural_gas_fired_combined_cycle
72,13,0.0,natural_gas_fired_combined_cycle
114,13,0.0,natural_gas_fired_combined_cycle
45,13,0.0,natural_gas_fired_combined_cycle
78,13,0.0,natural_gas_fired_combustion_turbine
75,13,0.0,natural_gas_fired_combustion_turbine
119,13,0.0,natural_gas_fired_combustion_turbine
117,13,0.0,natural_gas_fired_combustion_turbine
134,13,0.0,natural_gas_fired_combustion_turbine
103,13,0.0,natural_gas_fired_combustion_turbine
47,13,0.0,natural_gas_fired_combustion_turbine
8,13,0.0,natural_gas_fired_combustion_turbine
90,13,0.0,natural_gas_fired_combustion_turbine
60,13,0.0,natural_gas_fired_combustion_turbine
46,13,0.0,natural_gas_fired_combustion_turbine
37,13,0.0,natural_gas_fired_combustion_turbine
7,13,0.0,natural_gas_fired_combustion_turbine
133,13,0.0,natural_gas_fired_combustion_turbine
74,13,0.0,natural_gas_fired_combustion_turbine
20,13,0.0,natural_gas_fired_combustion_turbine
135,13,0.0,natural_gas_fired_combustion_turbine
142,13,0.0,natural_gas_fired_combustion_turbine
121,13,0.0,natural_gas_fired_combustion_turbine
91,13,0.0,natural_gas_fired_combustion_turbine
22,13,0.0,natural_gas_steam_turbine
123,13,0.0,natural_gas_steam_turbine
62,13,0.0,natural_gas_steam_turbine
49,13,0.0,natural_gas_steam_turbine
48,13,0.0,natural_gas_steam_turbine
21,13,0.0,natural_gas_steam_turbine
79,13,7405.999,nuclear
10,13,3.7823100000000003,onshore_wind_turbine
23,13,1309.704,onshore_wind_turbine
31,13,59.03123999999999,onshore_wind_turbine
38,13,1662.03315,onshore_wind_turbine
50,13,675.33084,onshore_wind_turbine
63,13,1.5600000024000003,onshore_wind_turbine
80,13,1667.9966399999998,onshore_wind_turbine
94,13,53.590799999999994,onshore_wind_turbine
105,13,57.328560576,onshore_wind_turbine
124,13,1953.5608466418,onshore_wind_turbine
136,13,880.7989500000001,onshore_wind_turbine
144,13,1887.1887599999998,onshore_wind_turbine
11,13,19.125,small_hydroelectric
24,13,62.577,small_hydroelectric
32,13,192.0,small_hydroelectric
39,13,52.9,small_hydroelectric
51,13,25.641,small_hydroelectric
64,13,6.128,small_hydroelectric
81,13,241.672,small_hydroelectric
95,13,418.922,small_hydroelectric
106,13,31.614,small_hydroelectric
125,13,100.697,small_hydroelectric
137,13,36.822,small_hydroelectric
145,13,33.21,small_hydroelectric
12,13,4655.0646,solar_photovoltaic
25,13,1180.71222,solar_photovoltaic
33,13,559.2354,solar_photovoltaic
52,13,2367.09402,solar_photovoltaic
65,13,8182.699412530499,solar_photovoltaic
82,13,4466.60646,solar_photovoltaic
96,13,405.52680000000004,solar_photovoltaic
107,13,7450.593297348,solar_photovoltaic
126,13,14161.8018910635,solar_photovoltaic
138,13,1554.75705,solar_photovoltaic
26,14,11.235,biomass
13,14,15.682,biomass
108,14,137.081,biomass
40,14,5.952,biomass
97,14,178.173,biomass
1,14,16.294,biomass
66,14,228.795,biomass
2,14,862.4549975999998,conventional_hydroelectric
14,14,128.7025344,conventional_hydroelectric
27,14,857.6617176000001,conventional_hydroelectric
35,14,833.4544592,conventional_hydroelectric
54,14,666.0481608000001,conventional_hydroelectric
67,14,1425.5510466674878,conventional_hydroelectric
84,14,15377.7412554,conventional_hydroelectric
109,14,107.76396152340001,conventional_hydroelectric
128,14,52.32546000000001,conventional_hydroelectric
139,14,47.5340736,conventional_hydroelectric
110,14,50.0,conventional_steam_coal
41,14,7219.002,conventional_steam_coal
3,14,0.0,conventional_steam_coal
36,14,0.0,conventional_steam_coal
85,14,0.0,conventional_steam_coal
28,14,74.364,geothermal
116,14,0.0,natural_gas_fired_combined_cycle
73,14,0.0,natural_gas_fired_combined_cycle
71,14,0.0,natural_gas_fired_combined_cycle
44,14,0.0,natural_gas_fired_combined_cycle
115,14,0.0,natural_gas_fired_combined_cycle
70,14,0.0,natural_gas_fired_combined_cycle
131,14,0.0,natural_gas_fired_combined_cycle
18,14,0.0,natural_gas_fired_combined_cycle
72,14,0.0,natural_gas_fired_combined_cycle
114,14,0.0,natural_gas_fired_combined_cycle
45,14,0.0,natural_gas_fired_combined_cycle
78,14,0.0,natural_gas_fired_combustion_turbine
75,14,0.0,natural_gas_fired_combustion_turbine
119,14,0.0,natural_gas_fired_combustion_turbine
117,14,0.0,natural_gas_fired_combustion_turbine
134,14,0.0,natural_gas_fired_combustion_turbine
103,14,0.0,natural_gas_fired_combustion_turbine
47,14,0.0,natural_gas_fired_combustion_turbine
8,14,0.0,natural_gas_fired_combustion_turbine
90,14,0.0,natural_gas_fired_combustion_turbine
60,14,0.0,natural_gas_fired_combustion_turbine
46,14,0.0,natural_gas_fired_combustion_turbine
37,14,0.0,natural_gas_fired_combustion_turbine
7,14,0.0,natural_gas_fired_combustion_turbine
133,14,0.0,natural_gas_fired_combustion_turbine
74,14,0.0,natural_gas_fired_combustion_turbine
20,14,0.0,natural_gas_fired_combustion_turbine
135,14,0.0,natural_gas_fired_combustion_turbine
142,14,0.0,natural_gas_fired_combustion_turbine
121,14,0.0,natural_gas_fired_combustion_turbine
91,14,0.0,natural_gas_fired_combustion_turbine
22,14,0.0,natural_gas_steam_turbine
123,14,0.0,natural_gas_steam_turbine
62,14,0.0,natural_gas_steam_turbine
49,14,0.0,natural_gas_steam_turbine
48,14,0.0,natural_gas_steam_turbine
21,14,0.0,natural_gas_steam_turbine
79,14,7405.999,nuclear
10,14,7.255860000000001,onshore_wind_turbine
23,14,968.7018,onshore_wind_turbine
31,14,270.72947999999997,onshore_wind_turbine
38,14,1869.2091,onshore_wind_turbine
50,14,971.47764,onshore_wind_turbine
63,14,1.475999856,onshore_wind_turbine
80,14,3055.60416,onshore_wind_turbine
94,14,86.69099999999999,onshore_wind_turbine
105,14,72.003480507,onshore_wind_turbine
124,14,3066.3936577494005,onshore_wind_turbine
136,14,959.0493600000001,onshore_wind_turbine
144,14,1016.8202699999999,onshore_wind_turbine
11,14,19.125,small_hydroelectric
24,14,62.577,small_hydroelectric
32,14,192.0,small_hydroelectric
39,14,52.9,small_hydroelectric
51,14,25.641,small_hydroelectric
64,14,6.128,small_hydroelectric
81,14,241.672,small_hydroelectric
95,14,418.922,small_hydroelectric
106,14,31.614,small_hydroelectric
125,14,100.697,small_hydroelectric
137,14,36.822,small_hydroelectric
145,14,33.21,small_hydroelectric
12,14,4652.643239999999,solar_photovoltaic
25,14,1251.4941,solar_photovoltaic
33,14,559.8389999999999,solar_photovoltaic
52,14,2366.7978,solar_photovoltaic
65,14,8127.799918467899,solar_photovoltaic
82,14,4526.80782,solar_photovoltaic
96,14,360.50325000000004,solar_photovoltaic
107,14,7415.71827159,solar_photovoltaic
126,14,14287.467175989,solar_photovoltaic
138,14,1529.7087299999998,solar_photovoltaic
26,15,11.235,biomass
13,15,15.682,biomass
108,15,137.081,biomass
40,15,5.952,biomass
97,15,178.173,biomass
1,15,16.294,biomass
66,15,228.795,biomass
2,15,862.4549975999998,conventional_hydroelectric
14,15,128.7025344,conventional_hydroelectric
27,15,857.6617176000001,conventional_hydroelectric
35,15,833.4544592,conventional_hydroelectric
54,15,666.0481608000001,conventional_hydroelectric
67,15,1425.5510466674878,conventional_hydroelectric
84,15,15377.7412554,conventional_hydroelectric
109,15,107.76396152340001,conventional_hydroelectric
128,15,52.32546000000001,conventional_hydroelectric
139,15,47.5340736,conventional_hydroelectric
110,15,50.0,conventional_steam_coal
41,15,7219.002,conventional_steam_coal
3,15,0.0,conventional_steam_coal
36,15,0.0,conventional_steam_coal
85,15,0.0,conventional_steam_coal
28,15,74.364,geothermal
116,15,0.0,natural_gas_fired_combined_cycle
73,15,0.0,natural_gas_fired_combined_cycle
71,15,0.0,natural_gas_fired_combined_cycle
44,15,0.0,natural_gas_fired_combined_cycle
115,15,0.0,natural_gas_fired_combined_cycle
70,15,0.0,natural_gas_fired_combined_cycle
131,15,0.0,natural_gas_fired_combined_cycle
18,15,0.0,natural_gas_fired_combined_cycle
72,15,0.0,natural_gas_fired_combined_cycle
114,15,0.0,natural_gas_fired_combined_cycle
45,15,0.0,natural_gas_fired_combined_cycle
78,15,0.0,natural_gas_fired_combustion_turbine
75,15,0.0,natural_gas_fired_combustion_turbine
119,15,0.0,natural_gas_fired_combustion_turbine
117,15,0.0,natural_gas_fired_combustion_turbine
134,15,0.0,natural_gas_fired_combustion_turbine
103,15,0.0,natural_gas_fired_combustion_turbine
47,15,0.0,natural_gas_fired_combustion_turbine
8,15,0.0,natural_gas_fired_combustion_turbine
90,15,0.0,natural_gas_fired_combustion_turbine
60,15,0.0,natural_gas_fired_combustion_turbine
46,15,0.0,natural_gas_fired_combustion_turbine
37,15,0.0,natural_gas_fired_combustion_turbine
7,15,0.0,natural_gas_fired_combustion_turbine
133,15,0.0,natural_gas_fired_combustion_turbine
74,15,0.0,natural_gas_fired_combustion_turbine
20,15,0.0,natural_gas_fired_combustion_turbine
135,15,0.0,natural_gas_fired_combustion_turbine
142,15,0.0,natural_gas_fired_combustion_turbine
121,15,0.0,natural_gas_fired_combustion_turbine
91,15,0.0,natural_gas_fired_combustion_turbine
22,15,0.0,natural_gas_steam_turbine
123,15,0.0,natural_gas_steam_turbine
62,15,0.0,natural_gas_steam_turbine
49,15,0.0,natural_gas_steam_turbine
48,15,0.0,natural_gas_steam_turbine
21,15,0.0,natural_gas_steam_turbine
79,15,7405.999,nuclear
10,15,33.191700000000004,onshore_wind_turbine
23,15,975.0906,onshore_wind_turbine
31,15,80.91351,onshore_wind_turbine
38,15,1979.2485,onshore_wind_turbine
50,15,1107.35676,onshore_wind_turbine
63,15,26.182919925600004,onshore_wind_turbine
80,15,2041.98156,onshore_wind_turbine
94,15,56.7432,onshore_wind_turbine
105,15,80.520660486,onshore_wind_turbine
124,15,4310.160484693801,onshore_wind_turbine
136,15,871.1622000000001,onshore_wind_turbine
144,15,921.3485399999998,onshore_wind_turbine
11,15,19.125,small_hydroelectric
24,15,62.577,small_hydroelectric
32,15,192.0,small_hydroelectric
39,15,52.9,small_hydroelectric
51,15,25.641,small_hydroelectric
64,15,6.128,small_hydroelectric
81,15,241.672,small_hydroelectric
95,15,418.922,small_hydroelectric
106,15,31.614,small_hydroelectric
125,15,100.697,small_hydroelectric
137,15,36.822,small_hydroelectric
145,15,33.21,small_hydroelectric
12,15,4516.441739999999,solar_photovoltaic
25,15,1208.2562999999998,solar_photovoltaic
33,15,566.40315,solar_photovoltaic
52,15,2240.60808,solar_photovoltaic
65,15,7828.1692536189,solar_photovoltaic
82,15,3923.9580899999996,solar_photovoltaic
96,15,349.67241,solar_photovoltaic
107,15,7246.6661404035,solar_photovoltaic
126,15,14332.570651782,solar_photovoltaic
138,15,1435.7775299999998,solar_photovoltaic
26,16,11.235,biomass
13,16,15.682,biomass
108,16,137.081,biomass
40,16,5.952,biomass
97,16,178.173,biomass
1,16,16.294,biomass
66,16,228.795,biomass
2,16,862.4549975999998,conventional_hydroelectric
14,16,128.7025344,conventional_hydroelectric
27,16,857.6617176000001,conventional_hydroelectric
35,16,833.4544592,conventional_hydroelectric
54,16,666.0481608000001,conventional_hydroelectric
67,16,1425.5510466674878,conventional_hydroelectric
84,16,15377.7412554,conventional_hydroelectric
109,16,107.76396152340001,conventional_hydroelectric
128,16,52.32546000000001,conventional_hydroelectric
139,16,47.5340736,conventional_hydroelectric
110,16,50.0,conventional_steam_coal
41,16,7219.002,conventional_steam_coal
3,16,0.0,conventional_steam_coal
36,16,0.0,conventional_steam_coal
85,16,0.0,conventional_steam_coal
28,16,74.364,geothermal
116,16,0.0,natural_gas_fired_combined_cycle
73,16,0.0,natural_gas_fired_combined_cycle
71,16,0.0,natural_gas_fired_combined_cycle
44,16,0.0,natural_gas_fired_combined_cycle
115,16,0.0,natural_gas_fired_combined_cycle
70,16,0.0,natural_gas_fired_combined_cycle
131,16,0.0,natural_gas_fired_combined_cycle
18,16,0.0,natural_gas_fired_combined_cycle
72,16,0.0,natural_gas_fired_combined_cycle
114,16,0.0,natural_gas_fired_combined_cycle
45,16,0.0,natural_gas_fired_combined_cycle
78,16,0.0,natural_gas_fired_combustion_turbine
75,16,0.0,natural_gas_fired_combustion_turbine
119,16,0.0,natural_gas_fired_combustion_turbine
117,16,0.0,natural_gas_fired_combustion_turbine
134,16,0.0,natural_gas_fired_combustion_turbine
103,16,0.0,natural_gas_fired_combustion_turbine
47,16,0.0,natural_gas_fired_combustion_turbine
8,16,0.0,natural_gas_fired_combustion_turbine
90,16,0.0,natural_gas_fired_combustion_turbine
60,16,0.0,natural_gas_fired_combustion_turbine
46,16,0.0,natural_gas_fired_combustion_turbine
37,16,0.0,natural_gas_fired_combustion_turbine
7,16,0.0,natural_gas_fired_combustion_turbine
133,16,0.0,natural_gas_fired_combustion_turbine
74,16,0.0,natural_gas_fired_combustion_turbine
20,16,0.0,natural_gas_fired_combustion_turbine
135,16,0.0,natural_gas_fired_combustion_turbine
142,16,0.0,natural_gas_fired_combustion_turbine
121,16,0.0,natural_gas_fired_combustion_turbine
91,16,0.0,natural_gas_fired_combustion_turbine
22,16,0.0,natural_gas_steam_turbine
123,16,0.0,natural_gas_steam_turbine
62,16,0.0,natural_gas_steam_turbine
49,16,0.0,natural_gas_steam_turbine
48,16,0.0,natural_gas_steam_turbine
21,16,0.0,natural_gas_steam_turbine
79,16,7405.999,nuclear
10,16,20.37816,onshore_wind_turbine
23,16,991.0626,onshore_wind_turbine
31,16,268.18503,onshore_wind_turbine
38,16,1686.8650499999999,onshore_wind_turbine
50,16,1086.1619399999997,onshore_wind_turbine
63,16,4.397400108,onshore_wind_turbine
80,16,1354.152,onshore_wind_turbine
94,16,323.12100000000004,onshore_wind_turbine
105,16,219.73067946900002,onshore_wind_turbine
124,16,3399.4402240656004,onshore_wind_turbine
136,16,1125.5724,onshore_wind_turbine
144,16,1316.2121999999997,onshore_wind_turbine
11,16,19.125,small_hydroelectric
24,16,62.577,small_hydroelectric
32,16,192.0,small_hydroelectric
39,16,52.9,small_hydroelectric
51,16,25.641,small_hydroelectric
64,16,6.128,small_hydroelectric
81,16,241.672,small_hydroelectric
95,16,418.922,small_hydroelectric
106,16,31.614,small_hydroelectric
125,16,100.697,small_hydroelectric
137,16,36.822,small_hydroelectric
145,16,33.21,small_hydroelectric
12,16,3992.8226399999994,solar_photovoltaic
25,16,994.6295399999999,solar_photovoltaic
33,16,524.30205,solar_photovoltaic
52,16,1877.14614,solar_photovoltaic
65,16,6877.014184139999,solar_photovoltaic
82,16,3335.3225699999994,solar_photovoltaic
96,16,322.21749000000005,solar_photovoltaic
107,16,6528.002551641,solar_photovoltaic
126,16,13454.667578169,solar_photovoltaic
138,16,1202.3193599999997,solar_photovoltaic
26,17,11.235,biomass
13,17,15.682,biomass
108,17,137.081,biomass
40,17,5.952,biomass
97,17,178.173,biomass
1,17,16.294,biomass
66,17,228.795,biomass
2,17,862.4549975999998,conventional_hydroelectric
14,17,128.7025344,conventional_hydroelectric
27,17,857.6617176000001,conventional_hydroelectric
35,17,833.4544592,conventional_hydroelectric
54,17,666.0481608000001,conventional_hydroelectric
67,17,1425.5510466674878,conventional_hydroelectric
84,17,15377.7412554,conventional_hydroelectric
109,17,107.76396152340001,conventional_hydroelectric
128,17,52.32546000000001,conventional_hydroelectric
139,17,47.5340736,conventional_hydroelectric
110,17,50.0,conventional_steam_coal
41,17,7219.002,conventional_steam_coal
3,17,6064.208644362929,conventional_steam_coal
36,17,1018.5414300000002,conventional_steam_coal
85,17,576.2,conventional_steam_coal
28,17,74.364,geothermal
116,17,20.339999999999996,natural_gas_fired_combined_cycle
73,17,0.0,natural_gas_fired_combined_cycle
71,17,0.0,natural_gas_fired_combined_cycle
44,17,0.0,natural_gas_fired_combined_cycle
115,17,0.0,natural_gas_fired_combined_cycle
70,17,0.0,natural_gas_fired_combined_cycle
131,17,0.0,natural_gas_fired_combined_cycle
18,17,0.0,natural_gas_fired_combined_cycle
72,17,0.0,natural_gas_fired_combined_cycle
114,17,0.0,natural_gas_fired_combined_cycle
45,17,0.0,natural_gas_fired_combined_cycle
78,17,0.0,natural_gas_fired_combustion_turbine
75,17,0.0,natural_gas_fired_combustion_turbine
119,17,0.0,natural_gas_fired_combustion_turbine
117,17,0.0,natural_gas_fired_combustion_turbine
134,17,0.0,natural_gas_fired_combustion_turbine
103,17,0.0,natural_gas_fired_combustion_turbine
47,17,0.0,natural_gas_fired_combustion_turbine
8,17,0.0,natural_gas_fired_combustion_turbine
90,17,0.0,natural_gas_fired_combustion_turbine
60,17,0.0,natural_gas_fired_combustion_turbine
46,17,0.0,natural_gas_fired_combustion_turbine
37,17,0.0,natural_gas_fired_combustion_turbine
7,17,0.0,natural_gas_fired_combustion_turbine
133,17,0.0,natural_gas_fired_combustion_turbine
74,17,0.0,natural_gas_fired_combustion_turbine
20,17,0.0,natural_gas_fired_combustion_turbine
135,17,0.0,natural_gas_fired_combustion_turbine
142,17,0.0,natural_gas_fired_combustion_turbine
121,17,0.0,natural_gas_fired_combustion_turbine
91,17,0.0,natural_gas_fired_combustion_turbine
22,17,0.0,natural_gas_steam_turbine
123,17,0.0,natural_gas_steam_turbine
62,17,0.0,natural_gas_steam_turbine
49,17,0.0,natural_gas_steam_turbine
48,17,0.0,natural_gas_steam_turbine
21,17,0.0,natural_gas_steam_turbine
79,17,7405.999,nuclear
10,17,18.294030000000003,onshore_wind_turbine
23,17,565.4088,onshore_wind_turbine
31,17,235.10717999999997,onshore_wind_turbine
38,17,1474.3332,onshore_wind_turbine
50,17,689.8478399999999,onshore_wind_turbine
63,17,26.106000105600003,onshore_wind_turbine
80,17,2099.3338799999997,onshore_wind_turbine
94,17,504.384,onshore_wind_turbine
105,17,201.45191976,onshore_wind_turbine
124,17,2865.7607696718005,onshore_wind_turbine
136,17,1105.91343,onshore_wind_turbine
144,17,1151.2222199999999,onshore_wind_turbine
11,17,19.125,small_hydroelectric
24,17,62.577,small_hydroelectric
32,17,192.0,small_hydroelectric
39,17,52.9,small_hydroelectric
51,17,25.641,small_hydroelectric
64,17,6.128,small_hydroelectric
81,17,241.672,small_hydroelectric
95,17,418.922,small_hydroelectric
106,17,31.614,small_hydroelectric
125,17,100.697,small_hydroelectric
137,17,36.822,small_hydroelectric
145,17,33.21,small_hydroelectric
12,17,2992.19562,solar_photovoltaic
25,17,687.0006,solar_photovoltaic
33,17,433.15845,solar_photovoltaic
52,17,1266.3404999999998,solar_photovoltaic
65,17,5266.6632951363,solar_photovoltaic
82,17,2638.8262799999998,solar_photovoltaic
96,17,258.11403,solar_photovoltaic
107,17,5025.6161116155,solar_photovoltaic
126,17,10978.755322556999,solar_photovoltaic
138,17,765.93066,solar_photovoltaic
26,18,11.235,biomass
13,18,15.682,biomass
108,18,137.081,biomass
40,18,5.952,biomass
97,18,178.173,biomass
1,18,16.294,biomass
66,18,228.795,biomass
2,18,862.4549975999998,conventional_hydroelectric
14,18,128.7025344,conventional_hydroelectric
27,18,857.6617176000001,conventional_hydroelectric
35,18,833.4544592,conventional_hydroelectric
54,18,666.0481608000001,conventional_hydroelectric
67,18,1425.5510466674878,conventional_hydroelectric
84,18,15377.7412554,conventional_hydroelectric
109,18,107.76396152340001,conventional_hydroelectric
128,18,52.32546000000001,conventional_hydroelectric
139,18,47.5340736,conventional_hydroelectric
110,18,50.0,conventional_steam_coal
41,18,7219.002,conventional_steam_coal
3,18,14050.987,conventional_steam_coal
36,18,2368.701,conventional_steam_coal
85,18,1340.0,conventional_steam_coal
28,18,74.364,geothermal
116,18,56.5,natural_gas_fired_combined_cycle
73,18,412.60800000000006,natural_gas_fired_combined_cycle
71,18,0.0,natural_gas_fired_combined_cycle
44,18,0.0,natural_gas_fired_combined_cycle
115,18,0.0,natural_gas_fired_combined_cycle
70,18,0.0,natural_gas_fired_combined_cycle
131,18,0.0,natural_gas_fired_combined_cycle
18,18,0.0,natural_gas_fired_combined_cycle
72,18,0.0,natural_gas_fired_combined_cycle
114,18,0.0,natural_gas_fired_combined_cycle
45,18,0.0,natural_gas_fired_combined_cycle
78,18,257.0,natural_gas_fired_combustion_turbine
75,18,0.0,natural_gas_fired_combustion_turbine
119,18,0.0,natural_gas_fired_combustion_turbine
117,18,0.0,natural_gas_fired_combustion_turbine
134,18,0.0,natural_gas_fired_combustion_turbine
103,18,0.0,natural_gas_fired_combustion_turbine
47,18,0.0,natural_gas_fired_combustion_turbine
8,18,0.0,natural_gas_fired_combustion_turbine
90,18,0.0,natural_gas_fired_combustion_turbine
60,18,0.0,natural_gas_fired_combustion_turbine
46,18,0.0,natural_gas_fired_combustion_turbine
37,18,0.0,natural_gas_fired_combustion_turbine
7,18,0.0,natural_gas_fired_combustion_turbine
133,18,0.0,natural_gas_fired_combustion_turbine
74,18,0.0,natural_gas_fired_combustion_turbine
20,18,0.0,natural_gas_fired_combustion_turbine
135,18,0.0,natural_gas_fired_combustion_turbine
142,18,0.0,natural_gas_fired_combustion_turbine
121,18,0.0,natural_gas_fired_combustion_turbine
91,18,0.0,natural_gas_fired_combustion_turbine
22,18,0.0,natural_gas_steam_turbine
123,18,0.0,natural_gas_steam_turbine
62,18,0.0,natural_gas_steam_turbine
49,18,0.0,natural_gas_steam_turbine
48,18,0.0,natural_gas_steam_turbine
21,18,0.0,natural_gas_steam_turbine
79,18,7405.999,nuclear
10,18,27.248070000000002,onshore_wind_turbine
23,18,204.44160000000002,onshore_wind_turbine
31,18,555.19899,onshore_wind_turbine
38,18,1451.20545,onshore_wind_turbine
50,18,771.4333799999998,onshore_wind_turbine
63,18,7.381800052800001,onshore_wind_turbine
80,18,2306.4394799999995,onshore_wind_turbine
94,18,272.6826,onshore_wind_turbine
105,18,276.119040456,onshore_wind_turbine
124,18,2886.691139805,onshore_wind_turbine
136,18,977.55192,onshore_wind_turbine
144,18,603.41841,onshore_wind_turbine
11,18,19.125,small_hydroelectric
24,18,62.577,small_hydroelectric
32,18,192.0,small_hydroelectric
39,18,52.9,small_hydroelectric
51,18,25.641,small_hydroelectric
64,18,6.128,small_hydroelectric
81,18,241.672,small_hydroelectric
95,18,418.922,small_hydroelectric
106,18,31.614,small_hydroelectric
125,18,100.697,small_hydroelectric
137,18,36.822,small_hydroelectric
145,18,33.21,small_hydroelectric
12,18,1452.21066,solar_photovoltaic
25,18,131.63508,solar_photovoltaic
33,18,254.19105,solar_photovoltaic
52,18,234.60624,solar_photovoltaic
65,18,2815.6519537868994,solar_photovoltaic
82,18,1792.6627199999998,solar_photovoltaic
96,18,127.26237,solar_photovoltaic
107,18,2709.745770201,solar_photovoltaic
126,18,6764.905349999999,solar_photovoltaic
138,18,459.87149999999997,solar_photovoltaic
26,19,11.235,biomass
13,19,15.682,biomass
108,19,137.081,biomass
40,19,5.952,biomass
97,19,178.173,biomass
1,19,16.294,biomass
66,19,228.795,biomass
2,19,862.4549975999998,conventional_hydroelectric
14,19,128.7025344,conventional_hydroelectric
27,19,857.6617176000001,conventional_hydroelectric
35,19,833.4544592,conventional_hydroelectric
54,19,666.0481608000001,conventional_hydroelectric
67,19,1425.5510466674878,conventional_hydroelectric
84,19,15377.7412554,conventional_hydroelectric
109,19,107.76396152340001,conventional_hydroelectric
128,19,52.32546000000001,conventional_hydroelectric
139,19,47.5340736,conventional_hydroelectric
110,19,50.0,conventional_steam_coal
41,19,7219.002,conventional_steam_coal
3,19,14050.987,conventional_steam_coal
36,19,2368.701,conventional_steam_coal
85,19,1340.0,conventional_steam_coal
28,19,74.364,geothermal
116,19,56.5,natural_gas_fired_combined_cycle
73,19,644.7,natural_gas_fired_combined_cycle
71,19,2099.730913079505,natural_gas_fired_combined_cycle
44,19,0.0,natural_gas_fired_combined_cycle
115,19,0.0,natural_gas_fired_combined_cycle
70,19,0.0,natural_gas_fired_combined_cycle
131,19,0.0,natural_gas_fired_combined_cycle
18,19,0.0,natural_gas_fired_combined_cycle
72,19,0.0,natural_gas_fired_combined_cycle
114,19,0.0,natural_gas_fired_combined_cycle
45,19,0.0,natural_gas_fired_combined_cycle
78,19,257.0,natural_gas_fired_combustion_turbine
75,19,0.0,natural_gas_fired_combustion_turbine
119,19,0.0,natural_gas_fired_combustion_turbine
117,19,0.0,natural_gas_fired_combustion_turbine
134,19,0.0,natural_gas_fired_combustion_turbine
103,19,0.0,natural_gas_fired_combustion_turbine
47,19,0.0,natural_gas_fired_combustion_turbine
8,19,0.0,natural_gas_fired_combustion_turbine
90,19,0.0,natural_gas_fired_combustion_turbine
60,19,0.0,natural_gas_fired_combustion_turbine
46,19,0.0,natural_gas_fired_combustion_turbine
37,19,0.0,natural_gas_fired_combustion_turbine
7,19,0.0,natural_gas_fired_combustion_turbine
133,19,0.0,natural_gas_fired_combustion_turbine
74,19,0.0,natural_gas_fired_combustion_turbine
20,19,0.0,natural_gas_fired_combustion_turbine
135,19,0.0,natural_gas_fired_combustion_turbine
142,19,0.0,natural_gas_fired_combustion_turbine
121,19,0.0,natural_gas_fired_combustion_turbine
91,19,0.0,natural_gas_fired_combustion_turbine
22,19,0.0,natural_gas_steam_turbine
123,19,0.0,natural_gas_steam_turbine
62,19,0.0,natural_gas_steam_turbine
49,19,0.0,natural_gas_steam_turbine
48,19,0.0,natural_gas_steam_turbine
21,19,0.0,natural_gas_steam_turbine
79,19,7405.999,nuclear
10,19,47.240280000000006,onshore_wind_turbine
23,19,321.0372,onshore_wind_turbine
31,19,721.60602,onshore_wind_turbine
38,19,818.72235,onshore_wind_turbine
50,19,511.5790799999999,onshore_wind_turbine
63,19,8.4290398416,onshore_wind_turbine
80,19,1964.71524,onshore_wind_turbine
94,19,405.0834,onshore_wind_turbine
105,19,256.85831952899997,onshore_wind_turbine
124,19,4458.1451981682,onshore_wind_turbine
136,19,901.22886,onshore_wind_turbine
144,19,532.0463399999999,onshore_wind_turbine
11,19,19.125,small_hydroelectric
24,19,62.577,small_hydroelectric
32,19,192.0,small_hydroelectric
39,19,52.9,small_hydroelectric
51,19,25.641,small_hydroelectric
64,19,6.128,small_hydroelectric
81,19,241.672,small_hydroelectric
95,19,418.922,small_hydroelectric
106,19,31.614,small_hydroelectric
125,19,100.697,small_hydroelectric
137,19,36.822,small_hydroelectric
145,19,33.21,small_hydroelectric
12,19,0.0,solar_photovoltaic
25,19,0.0,solar_photovoltaic
33,19,0.0,solar_photovoltaic
52,19,0.0,solar_photovoltaic
65,19,21.377432590799998,solar_photovoltaic
82,19,42.64263,solar_photovoltaic
96,19,12.216180000000001,solar_photovoltaic
107,19,0.0,solar_photovoltaic
126,19,0.0,solar_photovoltaic
138,19,0.0,solar_photovoltaic
26,20,11.235,biomass
13,20,15.682,biomass
108,20,137.081,biomass
40,20,5.952,biomass
97,20,178.173,biomass
1,20,16.294,biomass
66,20,228.795,biomass
2,20,862.4549975999998,conventional_hydroelectric
14,20,128.7025344,conventional_hydroelectric
27,20,857.6617176000001,conventional_hydroelectric
35,20,833.4544592,conventional_hydroelectric
54,20,666.0481608000001,conventional_hydroelectric
67,20,1425.5510466674878,conventional_hydroelectric
84,20,15377.7412554,conventional_hydroelectric
109,20,107.76396152340001,conventional_hydroelectric
128,20,52.32546000000001,conventional_hydroelectric
139,20,47.5340736,conventional_hydroelectric
110,20,50.0,conventional_steam_coal
41,20,7219.002,conventional_steam_coal
3,20,14050.987,conventional_steam_coal
36,20,2368.701,conventional_steam_coal
85,20,1340.0,conventional_steam_coal
28,20,74.364,geothermal
116,20,56.5,natural_gas_fired_combined_cycle
73,20,644.7,natural_gas_fired_combined_cycle
71,20,2175.8840574727087,natural_gas_fired_combined_cycle
44,20,0.0,natural_gas_fired_combined_cycle
115,20,0.0,natural_gas_fired_combined_cycle
70,20,0.0,natural_gas_fired_combined_cycle
131,20,0.0,natural_gas_fired_combined_cycle
18,20,0.0,natural_gas_fired_combined_cycle
72,20,0.0,natural_gas_fired_combined_cycle
114,20,0.0,natural_gas_fired_combined_cycle
45,20,0.0,natural_gas_fired_combined_cycle
78,20,257.0,natural_gas_fired_combustion_turbine
75,20,0.0,natural_gas_fired_combustion_turbine
119,20,0.0,natural_gas_fired_combustion_turbine
117,20,0.0,natural_gas_fired_combustion_turbine
134,20,0.0,natural_gas_fired_combustion_turbine
103,20,0.0,natural_gas_fired_combustion_turbine
47,20,0.0,natural_gas_fired_combustion_turbine
8,20,0.0,natural_gas_fired_combustion_turbine
90,20,0.0,natural_gas_fired_combustion_turbine
60,20,0.0,natural_gas_fired_combustion_turbine
46,20,0.0,natural_gas_fired_combustion_turbine
37,20,0.0,natural_gas_fired_combustion_turbine
7,20,0.0,natural_gas_fired_combustion_turbine
133,20,0.0,natural_gas_fired_combustion_turbine
74,20,0.0,natural_gas_fired_combustion_turbine
20,20,0.0,natural_gas_fired_combustion_turbine
135,20,0.0,natural_gas_fired_combustion_turbine
142,20,0.0,natural_gas_fired_combustion_turbine
121,20,0.0,natural_gas_fired_combustion_turbine
91,20,0.0,natural_gas_fired_combustion_turbine
22,20,0.0,natural_gas_steam_turbine
123,20,0.0,natural_gas_steam_turbine
62,20,0.0,natural_gas_steam_turbine
49,20,0.0,natural_gas_steam_turbine
48,20,0.0,natural_gas_steam_turbine
21,20,0.0,natural_gas_steam_turbine
79,20,7405.999,nuclear
10,20,58.12407000000001,onshore_wind_turbine
23,20,1186.7196000000001,onshore_wind_turbine
31,20,588.2768399999999,onshore_wind_turbine
38,20,954.56745,onshore_wind_turbine
50,20,806.5645199999999,onshore_wind_turbine
63,20,43.9941598608,onshore_wind_turbine
80,20,1725.74724,onshore_wind_turbine
94,20,332.57820000000004,onshore_wind_turbine
105,20,91.634819409,onshore_wind_turbine
124,20,5969.1615264666,onshore_wind_turbine
136,20,1402.33986,onshore_wind_turbine
144,20,982.5245999999999,onshore_wind_turbine
11,20,19.125,small_hydroelectric
24,20,62.577,small_hydroelectric
32,20,192.0,small_hydroelectric
39,20,52.9,small_hydroelectric
51,20,25.641,small_hydroelectric
64,20,6.128,small_hydroelectric
81,20,241.672,small_hydroelectric
95,20,418.922,small_hydroelectric
106,20,31.614,small_hydroelectric
125,20,100.697,small_hydroelectric
137,20,36.822,small_hydroelectric
145,20,33.21,small_hydroelectric
12,20,0.0,solar_photovoltaic
25,20,0.0,solar_photovoltaic
33,20,0.0,solar_photovoltaic
52,20,0.0,solar_photovoltaic
65,20,0.0,solar_photovoltaic
82,20,0.0,solar_photovoltaic
96,20,0.0,solar_photovoltaic
107,20,0.0,solar_photovoltaic
126,20,0.0,solar_photovoltaic
138,20,0.0,solar_photovoltaic
26,21,11.235,biomass
13,21,15.682,biomass
108,21,137.081,biomass
40,21,5.952,biomass
97,21,178.173,biomass
1,21,16.294,biomass
66,21,228.795,biomass
2,21,862.4549975999998,conventional_hydroelectric
14,21,128.7025344,conventional_hydroelectric
27,21,857.6617176000001,conventional_hydroelectric
35,21,833.4544592,conventional_hydroelectric
54,21,666.0481608000001,conventional_hydroelectric
67,21,1425.5510466674878,conventional_hydroelectric
84,21,15377.7412554,conventional_hydroelectric
109,21,107.76396152340001,conventional_hydroelectric
128,21,52.32546000000001,conventional_hydroelectric
139,21,47.5340736,conventional_hydroelectric
110,21,50.0,conventional_steam_coal
41,21,7219.002,conventional_steam_coal
3,21,14050.987,conventional_steam_coal
36,21,2368.701,conventional_steam_coal
85,21,1340.0,conventional_steam_coal
28,21,74.364,geothermal
116,21,56.5,natural_gas_fired_combined_cycle
73,21,644.7,natural_gas_fired_combined_cycle
71,21,555.8296168343913,natural_gas_fired_combined_cycle
44,21,0.0,natural_gas_fired_combined_cycle
115,21,0.0,natural_gas_fired_combined_cycle
70,21,0.0,natural_gas_fired_combined_cycle
131,21,0.0,natural_gas_fired_combined_cycle
18,21,0.0,natural_gas_fired_combined_cycle
72,21,0.0,natural_gas_fired_combined_cycle
114,21,0.0,natural_gas_fired_combined_cycle
45,21,0.0,natural_gas_fired_combined_cycle
78,21,257.0,natural_gas_fired_combustion_turbine
75,21,0.0,natural_gas_fired_combustion_turbine
119,21,0.0,natural_gas_fired_combustion_turbine
117,21,0.0,natural_gas_fired_combustion_turbine
134,21,0.0,natural_gas_fired_combustion_turbine
103,21,0.0,natural_gas_fired_combustion_turbine
47,21,0.0,natural_gas_fired_combustion_turbine
8,21,0.0,natural_gas_fired_combustion_turbine
90,21,0.0,natural_gas_fired_combustion_turbine
60,21,0.0,natural_gas_fired_combustion_turbine
46,21,0.0,natural_gas_fired_combustion_turbine
37,21,0.0,natural_gas_fired_combustion_turbine
7,21,0.0,natural_gas_fired_combustion_turbine
133,21,0.0,natural_gas_fired_combustion_turbine
74,21,0.0,natural_gas_fired_combustion_turbine
20,21,0.0,natural_gas_fired_combustion_turbine
135,21,0.0,natural_gas_fired_combustion_turbine
142,21,0.0,natural_gas_fired_combustion_turbine
121,21,0.0,natural_gas_fired_combustion_turbine
91,21,0.0,natural_gas_fired_combustion_turbine
22,21,0.0,natural_gas_steam_turbine
123,21,0.0,natural_gas_steam_turbine
62,21,0.0,natural_gas_steam_turbine
49,21,0.0,natural_gas_steam_turbine
48,21,0.0,natural_gas_steam_turbine
21,21,0.0,natural_gas_steam_turbine
79,21,7405.999,nuclear
10,21,193.28376000000003,onshore_wind_turbine
23,21,1779.2808,onshore_wind_turbine
31,21,668.6814599999999,onshore_wind_turbine
38,21,1057.3033500000001,onshore_wind_turbine
50,21,895.9892399999999,onshore_wind_turbine
63,21,44.7040800096,onshore_wind_turbine
80,21,1748.84748,onshore_wind_turbine
94,21,290.0208,onshore_wind_turbine
105,21,495.953220546,onshore_wind_turbine
124,21,7159.7923843248,onshore_wind_turbine
136,21,1682.19108,onshore_wind_turbine
144,21,941.7405599999998,onshore_wind_turbine
11,21,19.125,small_hydroelectric
24,21,62.577,small_hydroelectric
32,21,192.0,small_hydroelectric
39,21,52.9,small_hydroelectric
51,21,25.641,small_hydroelectric
64,21,6.128,small_hydroelectric
81,21,241.672,small_hydroelectric
95,21,418.922,small_hydroelectric
106,21,31.614,small_hydroelectric
125,21,100.697,small_hydroelectric
137,21,36.822,small_hydroelectric
145,21,33.21,small_hydroelectric
12,21,0.0,solar_photovoltaic
25,21,0.0,solar_photovoltaic
33,21,0.0,solar_photovoltaic
52,21,0.0,solar_photovoltaic
65,21,0.0,solar_photovoltaic
82,21,0.0,solar_photovoltaic
96,21,0.0,solar_photovoltaic
107,21,0.0,solar_photovoltaic
126,21,0.0,solar_photovoltaic
138,21,0.0,solar_photovoltaic
26,22,11.235,biomass
13,22,15.682,biomass
108,22,137.081,biomass
40,22,5.952,biomass
97,22,178.173,biomass
1,22,16.294,biomass
66,22,228.795,biomass
2,22,862.4549975999998,conventional_hydroelectric
14,22,128.7025344,conventional_hydroelectric
27,22,857.6617176000001,conventional_hydroelectric
35,22,833.4544592,conventional_hydroelectric
54,22,666.0481608000001,conventional_hydroelectric
67,22,1425.5510466674878,conventional_hydroelectric
84,22,15377.7412554,conventional_hydroelectric
109,22,107.76396152340001,conventional_hydroelectric
128,22,52.32546000000001,conventional_hydroelectric
139,22,47.5340736,conventional_hydroelectric
110,22,50.0,conventional_steam_coal
41,22,7219.002,conventional_steam_coal
3,22,14050.987,conventional_steam_coal
36,22,2368.701,conventional_steam_coal
85,22,1340.0,conventional_steam_coal
28,22,74.364,geothermal
116,22,56.5,natural_gas_fired_combined_cycle
73,22,644.7,natural_gas_fired_combined_cycle
71,22,0.0,natural_gas_fired_combined_cycle
44,22,0.0,natural_gas_fired_combined_cycle
115,22,0.0,natural_gas_fired_combined_cycle
70,22,0.0,natural_gas_fired_combined_cycle
131,22,0.0,natural_gas_fired_combined_cycle
18,22,0.0,natural_gas_fired_combined_cycle
72,22,0.0,natural_gas_fired_combined_cycle
114,22,0.0,natural_gas_fired_combined_cycle
45,22,0.0,natural_gas_fired_combined_cycle
78,22,257.0,natural_gas_fired_combustion_turbine
75,22,0.0,natural_gas_fired_combustion_turbine
119,22,0.0,natural_gas_fired_combustion_turbine
117,22,0.0,natural_gas_fired_combustion_turbine
134,22,0.0,natural_gas_fired_combustion_turbine
103,22,0.0,natural_gas_fired_combustion_turbine
47,22,0.0,natural_gas_fired_combustion_turbine
8,22,0.0,natural_gas_fired_combustion_turbine
90,22,0.0,natural_gas_fired_combustion_turbine
60,22,0.0,natural_gas_fired_combustion_turbine
46,22,0.0,natural_gas_fired_combustion_turbine
37,22,0.0,natural_gas_fired_combustion_turbine
7,22,0.0,natural_gas_fired_combustion_turbine
133,22,0.0,natural_gas_fired_combustion_turbine
74,22,0.0,natural_gas_fired_combustion_turbine
20,22,0.0,natural_gas_fired_combustion_turbine
135,22,0.0,natural_gas_fired_combustion_turbine
142,22,0.0,natural_gas_fired_combustion_turbine
121,22,0.0,natural_gas_fired_combustion_turbine
91,22,0.0,natural_gas_fired_combustion_turbine
22,22,0.0,natural_gas_steam_turbine
123,22,0.0,natural_gas_steam_turbine
62,22,0.0,natural_gas_steam_turbine
49,22,0.0,natural_gas_steam_turbine
48,22,0.0,natural_gas_steam_turbine
21,22,0.0,natural_gas_steam_turbine
79,22,7405.999,nuclear
10,22,316.63338000000005,onshore_wind_turbine
23,22,1824.8010000000002,onshore_wind_turbine
31,22,573.01014,onshore_wind_turbine
38,22,999.3622499999999,onshore_wind_turbine
50,22,761.8521599999999,onshore_wind_turbine
63,22,9.3119999784,onshore_wind_turbine
80,22,1702.2487199999998,onshore_wind_turbine
94,22,395.62620000000004,onshore_wind_turbine
105,22,659.9459400659999,onshore_wind_turbine
124,22,7561.075919337602,onshore_wind_turbine
136,22,1589.2928100000001,onshore_wind_turbine
144,22,684.05958,onshore_wind_turbine
11,22,19.125,small_hydroelectric
24,22,62.577,small_hydroelectric
32,22,192.0,small_hydroelectric
39,22,52.9,small_hydroelectric
51,22,25.641,small_hydroelectric
64,22,6.128,small_hydroelectric
81,22,241.672,small_hydroelectric
95,22,418.922,small_hydroelectric
106,22,31.614,small_hydroelectric
125,22,100.697,small_hydroelectric
137,22,36.822,small_hydroelectric
145,22,33.21,small_hydroelectric
12,22,0.0,solar_photovoltaic
25,22,0.0,solar_photovoltaic
33,22,0.0,solar_photovoltaic
52,22,0.0,solar_photovoltaic
65,22,0.0,solar_photovoltaic
82,22,0.0,solar_photovoltaic
96,22,0.0,solar_photovoltaic
107,22,0.0,solar_photovoltaic
126,22,0.0,solar_photovoltaic
138,22,0.0,solar_photovoltaic
26,23,11.235,biomass
13,23,15.682,biomass
108,23,137.081,biomass
40,23,5.952,biomass
97,23,178.173,biomass
1,23,16.294,biomass
66,23,228.795,biomass
2,23,862.4549975999998,conventional_hydroelectric
14,23,128.7025344,conventional_hydroelectric
27,23,857.6617176000001,conventional_hydroelectric
35,23,833.4544592,conventional_hydroelectric
54,23,666.0481608000001,conventional_hydroelectric
67,23,1425.5510466674878,conventional_hydroelectric
84,23,15377.7412554,conventional_hydroelectric
109,23,107.76396152340001,conventional_hydroelectric
128,23,52.32546000000001,conventional_hydroelectric
139,23,47.5340736,conventional_hydroelectric
110,23,50.0,conventional_steam_coal
41,23,7219.002,conventional_steam_coal
3,23,14050.987,conventional_steam_coal
36,23,2368.701,conventional_steam_coal
85,23,1340.0,conventional_steam_coal
28,23,74.364,geothermal
116,23,56.5,natural_gas_fired_combined_cycle
73,23,644.7,natural_gas_fired_combined_cycle
71,23,5614.777441022119,natural_gas_fired_combined_cycle
44,23,0.0,natural_gas_fired_combined_cycle
115,23,0.0,natural_gas_fired_combined_cycle
70,23,0.0,natural_gas_fired_combined_cycle
131,23,0.0,natural_gas_fired_combined_cycle
18,23,0.0,natural_gas_fired_combined_cycle
72,23,0.0,natural_gas_fired_combined_cycle
114,23,0.0,natural_gas_fired_combined_cycle
45,23,0.0,natural_gas_fired_combined_cycle
78,23,257.0,natural_gas_fired_combustion_turbine
75,23,0.0,natural_gas_fired_combustion_turbine
119,23,0.0,natural_gas_fired_combustion_turbine
117,23,0.0,natural_gas_fired_combustion_turbine
134,23,0.0,natural_gas_fired_combustion_turbine
103,23,0.0,natural_gas_fired_combustion_turbine
47,23,0.0,natural_gas_fired_combustion_turbine
8,23,0.0,natural_gas_fired_combustion_turbine
90,23,0.0,natural_gas_fired_combustion_turbine
60,23,0.0,natural_gas_fired_combustion_turbine
46,23,0.0,natural_gas_fired_combustion_turbine
37,23,0.0,natural_gas_fired_combustion_turbine
7,23,0.0,natural_gas_fired_combustion_turbine
133,23,0.0,natural_gas_fired_combustion_turbine
74,23,0.0,natural_gas_fired_combustion_turbine
20,23,0.0,natural_gas_fired_combustion_turbine
135,23,0.0,natural_gas_fired_combustion_turbine
142,23,0.0,natural_gas_fired_combustion_turbine
121,23,0.0,natural_gas_fired_combustion_turbine
91,23,0.0,natural_gas_fired_combustion_turbine
22,23,0.0,natural_gas_steam_turbine
123,23,0.0,natural_gas_steam_turbine
62,23,0.0,natural_gas_steam_turbine
49,23,0.0,natural_gas_steam_turbine
48,23,0.0,natural_gas_steam_turbine
21,23,0.0,natural_gas_steam_turbine
79,23,7405.999,nuclear
10,23,298.41654000000005,onshore_wind_turbine
23,23,846.516,onshore_wind_turbine
31,23,499.22109,onshore_wind_turbine
38,23,975.99105,onshore_wind_turbine
50,23,637.5866399999999,onshore_wind_turbine
63,23,9.4619998824,onshore_wind_turbine
80,23,1611.83916,onshore_wind_turbine
94,23,988.2774000000001,onshore_wind_turbine
105,23,868.705620363,onshore_wind_turbine
124,23,8391.3430819416,onshore_wind_turbine
136,23,1962.0423,onshore_wind_turbine
144,23,822.1691699999999,onshore_wind_turbine
11,23,19.125,small_hydroelectric
24,23,62.577,small_hydroelectric
32,23,192.0,small_hydroelectric
39,23,52.9,small_hydroelectric
51,23,25.641,small_hydroelectric
64,23,6.128,small_hydroelectric
81,23,241.672,small_hydroelectric
95,23,418.922,small_hydroelectric
106,23,31.614,small_hydroelectric
125,23,100.697,small_hydroelectric
137,23,36.822,small_hydroelectric
145,23,33.21,small_hydroelectric
12,23,0.0,solar_photovoltaic
25,23,0.0,solar_photovoltaic
33,23,0.0,solar_photovoltaic
52,23,0.0,solar_photovoltaic
65,23,0.0,solar_photovoltaic
82,23,0.0,solar_photovoltaic
96,23,0.0,solar_photovoltaic
107,23,0.0,solar_photovoltaic
126,23,0.0,solar_photovoltaic
138,23,0.0,solar_photovoltaic
26,24,11.235,biomass
13,24,15.682,biomass
108,24,137.081,biomass
40,24,5.952,biomass
97,24,178.173,biomass
1,24,16.294,biomass
66,24,228.795,biomass
2,24,862.4549975999998,conventional_hydroelectric
14,24,128.7025344,conventional_hydroelectric
27,24,857.6617176000001,conventional_hydroelectric
35,24,833.4544592,conventional_hydroelectric
54,24,666.0481608000001,conventional_hydroelectric
67,24,1425.5510466674878,conventional_hydroelectric
84,24,15377.7412554,conventional_hydroelectric
109,24,107.76396152340001,conventional_hydroelectric
128,24,52.32546000000001,conventional_hydroelectric
139,24,47.5340736,conventional_hydroelectric
110,24,50.0,conventional_steam_coal
41,24,7219.002,conventional_steam_coal
3,24,14050.987,conventional_steam_coal
36,24,2368.701,conventional_steam_coal
85,24,1340.0,conventional_steam_coal
28,24,74.364,geothermal
116,24,56.5,natural_gas_fired_combined_cycle
73,24,232.09199999999998,natural_gas_fired_combined_cycle
71,24,0.0,natural_gas_fired_combined_cycle
44,24,0.0,natural_gas_fired_combined_cycle
115,24,0.0,natural_gas_fired_combined_cycle
70,24,0.0,natural_gas_fired_combined_cycle
131,24,0.0,natural_gas_fired_combined_cycle
18,24,0.0,natural_gas_fired_combined_cycle
72,24,0.0,natural_gas_fired_combined_cycle
114,24,0.0,natural_gas_fired_combined_cycle
45,24,0.0,natural_gas_fired_combined_cycle
78,24,257.0,natural_gas_fired_combustion_turbine
75,24,0.0,natural_gas_fired_combustion_turbine
119,24,0.0,natural_gas_fired_combustion_turbine
117,24,0.0,natural_gas_fired_combustion_turbine
134,24,0.0,natural_gas_fired_combustion_turbine
103,24,0.0,natural_gas_fired_combustion_turbine
47,24,0.0,natural_gas_fired_combustion_turbine
8,24,0.0,natural_gas_fired_combustion_turbine
90,24,0.0,natural_gas_fired_combustion_turbine
60,24,0.0,natural_gas_fired_combustion_turbine
46,24,0.0,natural_gas_fired_combustion_turbine
37,24,0.0,natural_gas_fired_combustion_turbine
7,24,0.0,natural_gas_fired_combustion_turbine
133,24,0.0,natural_gas_fired_combustion_turbine
74,24,0.0,natural_gas_fired_combustion_turbine
20,24,0.0,natural_gas_fired_combustion_turbine
135,24,0.0,natural_gas_fired_combustion_turbine
142,24,0.0,natural_gas_fired_combustion_turbine
121,24,0.0,natural_gas_fired_combustion_turbine
91,24,0.0,natural_gas_fired_combustion_turbine
22,24,0.0,natural_gas_steam_turbine
123,24,0.0,natural_gas_steam_turbine
62,24,0.0,natural_gas_steam_turbine
49,24,0.0,natural_gas_steam_turbine
48,24,0.0,natural_gas_steam_turbine
21,24,0.0,natural_gas_steam_turbine
79,24,7405.999,nuclear
10,24,269.85624000000007,onshore_wind_turbine
23,24,646.866,onshore_wind_turbine
31,24,333.83184,onshore_wind_turbine
38,24,706.4919,onshore_wind_turbine
50,24,494.7393599999999,onshore_wind_turbine
63,24,26.9206799952,onshore_wind_turbine
80,24,1756.81308,onshore_wind_turbine
94,24,978.8202,onshore_wind_turbine
105,24,902.12525928,onshore_wind_turbine
124,24,10002.6284080206,onshore_wind_turbine
136,24,1884.56283,onshore_wind_turbine
144,24,1560.9164399999997,onshore_wind_turbine
11,24,19.125,small_hydroelectric
24,24,62.577,small_hydroelectric
32,24,192.0,small_hydroelectric
39,24,52.9,small_hydroelectric
51,24,25.641,small_hydroelectric
64,24,6.128,small_hydroelectric
81,24,241.672,small_hydroelectric
95,24,418.922,small_hydroelectric
106,24,31.614,small_hydroelectric
125,24,100.697,small_hydroelectric
137,24,36.822,small_hydroelectric
145,24,33.21,small_hydroelectric
12,24,0.0,solar_photovoltaic
25,24,0.0,solar_photovoltaic
33,24,0.0,solar_photovoltaic
52,24,0.0,solar_photovoltaic
65,24,0.0,solar_photovoltaic
82,24,0.0,solar_photovoltaic
96,24,0.0,solar_photovoltaic
107,24,0.0,solar_photovoltaic
126,24,0.0,solar_photovoltaic
138,24,0.0,solar_photovoltaic
26,25,11.235,biomass
13,25,15.682,biomass
108,25,137.081,biomass
40,25,5.952,biomass
97,25,178.173,biomass
1,25,16.294,biomass
66,25,228.795,biomass
2,25,862.4549975999998,conventional_hydroelectric
14,25,128.7025344,conventional_hydroelectric
27,25,857.6617176000001,conventional_hydroelectric
35,25,833.4544592,conventional_hydroelectric
54,25,666.0481608000001,conventional_hydroelectric
67,25,1425.5510466674878,conventional_hydroelectric
84,25,15377.7412554,conventional_hydroelectric
109,25,107.76396152340001,conventional_hydroelectric
128,25,52.32546000000001,conventional_hydroelectric
139,25,47.5340736,conventional_hydroelectric
110,25,50.0,conventional_steam_coal
41,25,7219.002,conventional_steam_coal
3,25,14050.987,conventional_steam_coal
36,25,2368.701,conventional_steam_coal
85,25,1340.0,conventional_steam_coal
28,25,74.364,geothermal
116,25,56.5,natural_gas_fired_combined_cycle
73,25,0.0,natural_gas_fired_combined_cycle
71,25,0.0,natural_gas_fired_combined_cycle
44,25,0.0,natural_gas_fired_combined_cycle
115,25,0.0,natural_gas_fired_combined_cycle
70,25,0.0,natural_gas_fired_combined_cycle
131,25,0.0,natural_gas_fired_combined_cycle
18,25,0.0,natural_gas_fired_combined_cycle
72,25,0.0,natural_gas_fired_combined_cycle
114,25,0.0,natural_gas_fired_combined_cycle
45,25,0.0,natural_gas_fired_combined_cycle
78,25,257.0,natural_gas_fired_combustion_turbine
75,25,0.0,natural_gas_fired_combustion_turbine
119,25,0.0,natural_gas_fired_combustion_turbine
117,25,0.0,natural_gas_fired_combustion_turbine
134,25,0.0,natural_gas_fired_combustion_turbine
103,25,0.0,natural_gas_fired_combustion_turbine
47,25,0.0,natural_gas_fired_combustion_turbine
8,25,0.0,natural_gas_fired_combustion_turbine
90,25,0.0,natural_gas_fired_combustion_turbine
60,25,0.0,natural_gas_fired_combustion_turbine
46,25,0.0,natural_gas_fired_combustion_turbine
37,25,0.0,natural_gas_fired_combustion_turbine
7,25,0.0,natural_gas_fired_combustion_turbine
133,25,0.0,natural_gas_fired_combustion_turbine
74,25,0.0,natural_gas_fired_combustion_turbine
20,25,0.0,natural_gas_fired_combustion_turbine
135,25,0.0,natural_gas_fired_combustion_turbine
142,25,0.0,natural_gas_fired_combustion_turbine
121,25,0.0,natural_gas_fired_combustion_turbine
91,25,0.0,natural_gas_fired_combustion_turbine
22,25,0.0,natural_gas_steam_turbine
123,25,0.0,natural_gas_steam_turbine
62,25,0.0,natural_gas_steam_turbine
49,25,0.0,natural_gas_steam_turbine
48,25,0.0,natural_gas_steam_turbine
21,25,0.0,natural_gas_steam_turbine
79,25,7405.999,nuclear
10,25,301.73571000000004,onshore_wind_turbine
23,25,891.2376,onshore_wind_turbine
31,25,315.00291,onshore_wind_turbine
38,25,420.43815,onshore_wind_turbine
50,25,425.92877999999996,onshore_wind_turbine
63,25,112.30763995920002,onshore_wind_turbine
80,25,1541.7418799999998,onshore_wind_turbine
94,25,821.2002,onshore_wind_turbine
105,25,952.200719946,onshore_wind_turbine
124,25,10436.816605637401,onshore_wind_turbine
136,25,1900.3671000000002,onshore_wind_turbine
144,25,1651.7536199999997,onshore_wind_turbine
11,25,19.125,small_hydroelectric
24,25,62.577,small_hydroelectric
32,25,192.0,small_hydroelectric
39,25,52.9,small_hydroelectric
51,25,25.641,small_hydroelectric
64,25,6.128,small_hydroelectric
81,25,241.672,small_hydroelectric
95,25,418.922,small_hydroelectric
106,25,31.614,small_hydroelectric
125,25,100.697,small_hydroelectric
137,25,36.822,small_hydroelectric
145,25,33.21,small_hydroelectric
12,25,0.0,solar_photovoltaic
25,25,0.0,solar_photovoltaic
33,25,0.0,solar_photovoltaic
52,25,0.0,solar_photovoltaic
65,25,0.0,solar_photovoltaic
82,25,0.0,solar_photovoltaic
96,25,0.0,solar_photovoltaic
107,25,0.0,solar_photovoltaic
126,25,0.0,solar_photovoltaic
138,25,0.0,solar_photovoltaic
26,26,11.235,biomass
13,26,15.682,biomass
108,26,137.081,biomass
40,26,5.952,biomass
97,26,178.173,biomass
1,26,16.294,biomass
66,26,228.795,biomass
2,26,862.4549975999998,conventional_hydroelectric
14,26,128.7025344,conventional_hydroelectric
27,26,857.6617176000001,conventional_hydroelectric
35,26,833.4544592,conventional_hydroelectric
54,26,666.0481608000001,conventional_hydroelectric
67,26,1425.5510466674878,conventional_hydroelectric
84,26,15377.7412554,conventional_hydroelectric
109,26,107.76396152340001,conventional_hydroelectric
128,26,52.32546000000001,conventional_hydroelectric
139,26,47.5340736,conventional_hydroelectric
110,26,50.0,conventional_steam_coal
41,26,7219.002,conventional_steam_coal
3,26,14050.987,conventional_steam_coal
36,26,2368.701,conventional_steam_coal
85,26,1340.0,conventional_steam_coal
28,26,74.364,geothermal
116,26,56.5,natural_gas_fired_combined_cycle
73,26,0.0,natural_gas_fired_combined_cycle
71,26,0.0,natural_gas_fired_combined_cycle
44,26,0.0,natural_gas_fired_combined_cycle
115,26,0.0,natural_gas_fired_combined_cycle
70,26,0.0,natural_gas_fired_combined_cycle
131,26,0.0,natural_gas_fired_combined_cycle
18,26,0.0,natural_gas_fired_combined_cycle
72,26,0.0,natural_gas_fired_combined_cycle
114,26,0.0,natural_gas_fired_combined_cycle
45,26,0.0,natural_gas_fired_combined_cycle
78,26,257.0,natural_gas_fired_combustion_turbine
75,26,0.0,natural_gas_fired_combustion_turbine
119,26,0.0,natural_gas_fired_combustion_turbine
117,26,0.0,natural_gas_fired_combustion_turbine
134,26,0.0,natural_gas_fired_combustion_turbine
103,26,0.0,natural_gas_fired_combustion_turbine
47,26,0.0,natural_gas_fired_combustion_turbine
8,26,0.0,natural_gas_fired_combustion_turbine
90,26,0.0,natural_gas_fired_combustion_turbine
60,26,0.0,natural_gas_fired_combustion_turbine
46,26,0.0,natural_gas_fired_combustion_turbine
37,26,0.0,natural_gas_fired_combustion_turbine
7,26,0.0,natural_gas_fired_combustion_turbine
133,26,0.0,natural_gas_fired_combustion_turbine
74,26,0.0,natural_gas_fired_combustion_turbine
20,26,0.0,natural_gas_fired_combustion_turbine
135,26,0.0,natural_gas_fired_combustion_turbine
142,26,0.0,natural_gas_fired_combustion_turbine
121,26,0.0,natural_gas_fired_combustion_turbine
91,26,0.0,natural_gas_fired_combustion_turbine
22,26,0.0,natural_gas_steam_turbine
123,26,0.0,natural_gas_steam_turbine
62,26,0.0,natural_gas_steam_turbine
49,26,0.0,natural_gas_steam_turbine
48,26,0.0,natural_gas_steam_turbine
21,26,0.0,natural_gas_steam_turbine
79,26,7405.999,nuclear
10,26,278.57871000000006,onshore_wind_turbine
23,26,1058.9436,onshore_wind_turbine
31,26,272.25615,onshore_wind_turbine
38,26,366.39225,onshore_wind_turbine
50,26,390.5073,onshore_wind_turbine
63,26,160.2097199904,onshore_wind_turbine
80,26,1924.48896,onshore_wind_turbine
94,26,1213.674,onshore_wind_turbine
105,26,937.5187202010001,onshore_wind_turbine
124,26,10425.9479041146,onshore_wind_turbine
136,26,1757.7432000000001,onshore_wind_turbine
144,26,1600.7735699999996,onshore_wind_turbine
11,26,19.125,small_hydroelectric
24,26,62.577,small_hydroelectric
32,26,192.0,small_hydroelectric
39,26,52.9,small_hydroelectric
51,26,25.641,small_hydroelectric
64,26,6.128,small_hydroelectric
81,26,241.672,small_hydroelectric
95,26,418.922,small_hydroelectric
106,26,31.614,small_hydroelectric
125,26,100.697,small_hydroelectric
137,26,36.822,small_hydroelectric
145,26,33.21,small_hydroelectric
12,26,0.0,solar_photovoltaic
25,26,0.0,solar_photovoltaic
33,26,0.0,solar_photovoltaic
52,26,0.0,solar_photovoltaic
65,26,0.0,solar_photovoltaic
82,26,0.0,solar_photovoltaic
96,26,0.0,solar_photovoltaic
107,26,0.0,solar_photovoltaic
126,26,0.0,solar_photovoltaic
138,26,0.0,solar_photovoltaic
26,27,11.235,biomass
13,27,15.682,biomass
108,27,137.081,biomass
40,27,5.952,biomass
97,27,178.173,biomass
1,27,16.294,biomass
66,27,228.795,biomass
2,27,862.4549975999998,conventional_hydroelectric
14,27,128.7025344,conventional_hydroelectric
27,27,857.6617176000001,conventional_hydroelectric
35,27,833.4544592,conventional_hydroelectric
54,27,666.0481608000001,conventional_hydroelectric
67,27,1425.5510466674878,conventional_hydroelectric
84,27,15377.7412554,conventional_hydroelectric
109,27,107.76396152340001,conventional_hydroelectric
128,27,52.32546000000001,conventional_hydroelectric
139,27,47.5340736,conventional_hydroelectric
110,27,50.0,conventional_steam_coal
41,27,7219.002,conventional_steam_coal
3,27,14050.987,conventional_steam_coal
36,27,2368.701,conventional_steam_coal
85,27,1340.0,conventional_steam_coal
28,27,74.364,geothermal
116,27,56.5,natural_gas_fired_combined_cycle
73,27,0.0,natural_gas_fired_combined_cycle
71,27,0.0,natural_gas_fired_combined_cycle
44,27,0.0,natural_gas_fired_combined_cycle
115,27,0.0,natural_gas_fired_combined_cycle
70,27,0.0,natural_gas_fired_combined_cycle
131,27,0.0,natural_gas_fired_combined_cycle
18,27,0.0,natural_gas_fired_combined_cycle
72,27,0.0,natural_gas_fired_combined_cycle
114,27,0.0,natural_gas_fired_combined_cycle
45,27,0.0,natural_gas_fired_combined_cycle
78,27,257.0,natural_gas_fired_combustion_turbine
75,27,0.0,natural_gas_fired_combustion_turbine
119,27,0.0,natural_gas_fired_combustion_turbine
117,27,0.0,natural_gas_fired_combustion_turbine
134,27,0.0,natural_gas_fired_combustion_turbine
103,27,0.0,natural_gas_fired_combustion_turbine
47,27,0.0,natural_gas_fired_combustion_turbine
8,27,0.0,natural_gas_fired_combustion_turbine
90,27,0.0,natural_gas_fired_combustion_turbine
60,27,0.0,natural_gas_fired_combustion_turbine
46,27,0.0,natural_gas_fired_combustion_turbine
37,27,0.0,natural_gas_fired_combustion_turbine
7,27,0.0,natural_gas_fired_combustion_turbine
133,27,0.0,natural_gas_fired_combustion_turbine
74,27,0.0,natural_gas_fired_combustion_turbine
20,27,0.0,natural_gas_fired_combustion_turbine
135,27,0.0,natural_gas_fired_combustion_turbine
142,27,0.0,natural_gas_fired_combustion_turbine
121,27,0.0,natural_gas_fired_combustion_turbine
91,27,0.0,natural_gas_fired_combustion_turbine
22,27,0.0,natural_gas_steam_turbine
123,27,0.0,natural_gas_steam_turbine
62,27,0.0,natural_gas_steam_turbine
49,27,0.0,natural_gas_steam_turbine
48,27,0.0,natural_gas_steam_turbine
21,27,0.0,natural_gas_steam_turbine
79,27,7405.999,nuclear
10,27,191.19963,onshore_wind_turbine
23,27,1122.0330000000001,onshore_wind_turbine
31,27,410.16534,onshore_wind_turbine
38,27,146.31345,onshore_wind_turbine
50,27,382.66811999999993,onshore_wind_turbine
63,27,70.6451999832,onshore_wind_turbine
80,27,1003.2673199999999,onshore_wind_turbine
94,27,1614.0288,onshore_wind_turbine
105,27,995.269680216,onshore_wind_turbine
124,27,10621.356894099601,onshore_wind_turbine
136,27,1649.42613,onshore_wind_turbine
144,27,2073.4976699999997,onshore_wind_turbine
11,27,19.125,small_hydroelectric
24,27,62.577,small_hydroelectric
32,27,192.0,small_hydroelectric
39,27,52.9,small_hydroelectric
51,27,25.641,small_hydroelectric
64,27,6.128,small_hydroelectric
81,27,241.672,small_hydroelectric
95,27,418.922,small_hydroelectric
106,27,31.614,small_hydroelectric
125,27,100.697,small_hydroelectric
137,27,36.822,small_hydroelectric
145,27,33.21,small_hydroelectric
12,27,0.0,solar_photovoltaic
25,27,0.0,solar_photovoltaic
33,27,0.0,solar_photovoltaic
52,27,0.0,solar_photovoltaic
65,27,0.0,solar_photovoltaic
82,27,0.0,solar_photovoltaic
96,27,0.0,solar_photovoltaic
107,27,0.0,solar_photovoltaic
126,27,0.0,solar_photovoltaic
138,27,0.0,solar_photovoltaic
26,28,11.235,biomass
13,28,15.682,biomass
108,28,137.081,biomass
40,28,5.952,biomass
97,28,178.173,biomass
1,28,16.294,biomass
66,28,228.795,biomass
2,28,862.4549975999998,conventional_hydroelectric
14,28,128.7025344,conventional_hydroelectric
27,28,857.6617176000001,conventional_hydroelectric
35,28,833.4544592,conventional_hydroelectric
54,28,666.0481608000001,conventional_hydroelectric
67,28,1425.5510466674878,conventional_hydroelectric
84,28,15377.7412554,conventional_hydroelectric
109,28,107.76396152340001,conventional_hydroelectric
128,28,52.32546000000001,conventional_hydroelectric
139,28,47.5340736,conventional_hydroelectric
110,28,50.0,conventional_steam_coal
41,28,7219.002,conventional_steam_coal
3,28,14050.987,conventional_steam_coal
36,28,2368.701,conventional_steam_coal
85,28,1340.0,conventional_steam_coal
28,28,74.364,geothermal
116,28,56.5,natural_gas_fired_combined_cycle
73,28,232.09199999999998,natural_gas_fired_combined_cycle
71,28,0.0,natural_gas_fired_combined_cycle
44,28,0.0,natural_gas_fired_combined_cycle
115,28,0.0,natural_gas_fired_combined_cycle
70,28,0.0,natural_gas_fired_combined_cycle
131,28,0.0,natural_gas_fired_combined_cycle
18,28,0.0,natural_gas_fired_combined_cycle
72,28,0.0,natural_gas_fired_combined_cycle
114,28,0.0,natural_gas_fired_combined_cycle
45,28,0.0,natural_gas_fired_combined_cycle
78,28,257.0,natural_gas_fired_combustion_turbine
75,28,0.0,natural_gas_fired_combustion_turbine
119,28,0.0,natural_gas_fired_combustion_turbine
117,28,0.0,natural_gas_fired_combustion_turbine
134,28,0.0,natural_gas_fired_combustion_turbine
103,28,0.0,natural_gas_fired_combustion_turbine
47,28,0.0,natural_gas_fired_combustion_turbine
8,28,0.0,natural_gas_fired_combustion_turbine
90,28,0.0,natural_gas_fired_combustion_turbine
60,28,0.0,natural_gas_fired_combustion_turbine
46,28,0.0,natural_gas_fired_combustion_turbine
37,28,0.0,natural_gas_fired_combustion_turbine
7,28,0.0,natural_gas_fired_combustion_turbine
133,28,0.0,natural_gas_fired_combustion_turbine
74,28,0.0,natural_gas_fired_combustion_turbine
20,28,0.0,natural_gas_fired_combustion_turbine
135,28,0.0,natural_gas_fired_combustion_turbine
142,28,0.0,natural_gas_fired_combustion_turbine
121,28,0.0,natural_gas_fired_combustion_turbine
91,28,0.0,natural_gas_fired_combustion_turbine
22,28,0.0,natural_gas_steam_turbine
123,28,0.0,natural_gas_steam_turbine
62,28,0.0,natural_gas_steam_turbine
49,28,0.0,natural_gas_steam_turbine
48,28,0.0,natural_gas_steam_turbine
21,28,0.0,natural_gas_steam_turbine
79,28,7405.999,nuclear
10,28,232.26471000000004,onshore_wind_turbine
23,28,773.8434,onshore_wind_turbine
31,28,666.6459,onshore_wind_turbine
38,28,235.41615,onshore_wind_turbine
50,28,333.89099999999996,onshore_wind_turbine
63,28,91.09487998320002,onshore_wind_turbine
80,28,492.27407999999997,onshore_wind_turbine
94,28,1011.9203999999999,onshore_wind_turbine
105,28,1047.091500315,onshore_wind_turbine
124,28,10749.370445391602,onshore_wind_turbine
136,28,1679.49279,onshore_wind_turbine
144,28,1939.0957199999996,onshore_wind_turbine
11,28,19.125,small_hydroelectric
24,28,62.577,small_hydroelectric
32,28,192.0,small_hydroelectric
39,28,52.9,small_hydroelectric
51,28,25.641,small_hydroelectric
64,28,6.128,small_hydroelectric
81,28,241.672,small_hydroelectric
95,28,418.922,small_hydroelectric
106,28,31.614,small_hydroelectric
125,28,100.697,small_hydroelectric
137,28,36.822,small_hydroelectric
145,28,33.21,small_hydroelectric
12,28,0.0,solar_photovoltaic
25,28,0.0,solar_photovoltaic
33,28,0.0,solar_photovoltaic
52,28,0.0,solar_photovoltaic
65,28,0.0,solar_photovoltaic
82,28,0.0,solar_photovoltaic
96,28,0.0,solar_photovoltaic
107,28,0.0,solar_photovoltaic
126,28,0.0,solar_photovoltaic
138,28,0.0,solar_photovoltaic
26,29,11.235,biomass
13,29,15.682,biomass
108,29,137.081,biomass
40,29,5.952,biomass
97,29,178.173,biomass
1,29,16.294,biomass
66,29,228.795,biomass
2,29,862.4549975999998,conventional_hydroelectric
14,29,128.7025344,conventional_hydroelectric
27,29,857.6617176000001,conventional_hydroelectric
35,29,833.4544592,conventional_hydroelectric
54,29,666.0481608000001,conventional_hydroelectric
67,29,1425.5510466674878,conventional_hydroelectric
84,29,15377.7412554,conventional_hydroelectric
109,29,107.76396152340001,conventional_hydroelectric
128,29,52.32546000000001,conventional_hydroelectric
139,29,47.5340736,conventional_hydroelectric
110,29,50.0,conventional_steam_coal
41,29,7219.002,conventional_steam_coal
3,29,14050.987,conventional_steam_coal
36,29,2368.701,conventional_steam_coal
85,29,1340.0,conventional_steam_coal
28,29,74.364,geothermal
116,29,56.5,natural_gas_fired_combined_cycle
73,29,644.7,natural_gas_fired_combined_cycle
71,29,0.0,natural_gas_fired_combined_cycle
44,29,0.0,natural_gas_fired_combined_cycle
115,29,0.0,natural_gas_fired_combined_cycle
70,29,0.0,natural_gas_fired_combined_cycle
131,29,0.0,natural_gas_fired_combined_cycle
18,29,0.0,natural_gas_fired_combined_cycle
72,29,0.0,natural_gas_fired_combined_cycle
114,29,0.0,natural_gas_fired_combined_cycle
45,29,0.0,natural_gas_fired_combined_cycle
78,29,257.0,natural_gas_fired_combustion_turbine
75,29,0.0,natural_gas_fired_combustion_turbine
119,29,0.0,natural_gas_fired_combustion_turbine
117,29,0.0,natural_gas_fired_combustion_turbine
134,29,0.0,natural_gas_fired_combustion_turbine
103,29,0.0,natural_gas_fired_combustion_turbine
47,29,0.0,natural_gas_fired_combustion_turbine
8,29,0.0,natural_gas_fired_combustion_turbine
90,29,0.0,natural_gas_fired_combustion_turbine
60,29,0.0,natural_gas_fired_combustion_turbine
46,29,0.0,natural_gas_fired_combustion_turbine
37,29,0.0,natural_gas_fired_combustion_turbine
7,29,0.0,natural_gas_fired_combustion_turbine
133,29,0.0,natural_gas_fired_combustion_turbine
74,29,0.0,natural_gas_fired_combustion_turbine
20,29,0.0,natural_gas_fired_combustion_turbine
135,29,0.0,natural_gas_fired_combustion_turbine
142,29,0.0,natural_gas_fired_combustion_turbine
121,29,0.0,natural_gas_fired_combustion_turbine
91,29,0.0,natural_gas_fired_combustion_turbine
22,29,0.0,natural_gas_steam_turbine
123,29,0.0,natural_gas_steam_turbine
62,29,0.0,natural_gas_steam_turbine
49,29,0.0,natural_gas_steam_turbine
48,29,0.0,natural_gas_steam_turbine
21,29,0.0,natural_gas_steam_turbine
79,29,7405.999,nuclear
10,29,284.29077000000007,onshore_wind_turbine
23,29,754.677,onshore_wind_turbine
31,29,661.0481099999998,onshore_wind_turbine
38,29,273.39435,onshore_wind_turbine
50,29,319.95468,onshore_wind_turbine
63,29,132.0505199712,onshore_wind_turbine
80,29,66.51276,onshore_wind_turbine
94,29,728.2044,onshore_wind_turbine
105,29,1059.137699508,onshore_wind_turbine
124,29,10032.328745029801,onshore_wind_turbine
136,29,1793.2064400000002,onshore_wind_turbine
144,29,1446.9065099999996,onshore_wind_turbine
11,29,19.125,small_hydroelectric
24,29,62.577,small_hydroelectric
32,29,192.0,small_hydroelectric
39,29,52.9,small_hydroelectric
51,29,25.641,small_hydroelectric
64,29,6.128,small_hydroelectric
81,29,241.672,small_hydroelectric
95,29,418.922,small_hydroelectric
106,29,31.614,small_hydroelectric
125,29,100.697,small_hydroelectric
137,29,36.822,small_hydroelectric
145,29,33.21,small_hydroelectric
12,29,0.0,solar_photovoltaic
25,29,0.0,solar_photovoltaic
33,29,0.0,solar_photovoltaic
52,29,0.0,solar_photovoltaic
65,29,0.0,solar_photovoltaic
82,29,0.0,solar_photovoltaic
96,29,0.0,solar_photovoltaic
107,29,0.0,solar_photovoltaic
126,29,0.0,solar_photovoltaic
138,29,0.0,solar_photovoltaic
26,30,11.235,biomass
13,30,15.682,biomass
108,30,137.081,biomass
40,30,5.952,biomass
97,30,178.173,biomass
1,30,16.294,biomass
66,30,228.795,biomass
2,30,862.4549975999998,conventional_hydroelectric
14,30,128.7025344,conventional_hydroelectric
27,30,857.6617176000001,conventional_hydroelectric
35,30,833.4544592,conventional_hydroelectric
54,30,666.0481608000001,conventional_hydroelectric
67,30,1425.5510466674878,conventional_hydroelectric
84,30,15377.7412554,conventional_hydroelectric
109,30,107.76396152340001,conventional_hydroelectric
128,30,52.32546000000001,conventional_hydroelectric
139,30,47.5340736,conventional_hydroelectric
110,30,50.0,conventional_steam_coal
41,30,7219.002,conventional_steam_coal
3,30,14050.987,conventional_steam_coal
36,30,2368.701,conventional_steam_coal
85,30,1340.0,conventional_steam_coal
28,30,74.364,geothermal
116,30,56.5,natural_gas_fired_combined_cycle
73,30,644.7,natural_gas_fired_combined_cycle
71,30,0.0,natural_gas_fired_combined_cycle
44,30,0.0,natural_gas_fired_combined_cycle
115,30,0.0,natural_gas_fired_combined_cycle
70,30,0.0,natural_gas_fired_combined_cycle
131,30,0.0,natural_gas_fired_combined_cycle
18,30,0.0,natural_gas_fired_combined_cycle
72,30,0.0,natural_gas_fired_combined_cycle
114,30,0.0,natural_gas_fired_combined_cycle
45,30,0.0,natural_gas_fired_combined_cycle
78,30,257.0,natural_gas_fired_combustion_turbine
75,30,0.0,natural_gas_fired_combustion_turbine
119,30,0.0,natural_gas_fired_combustion_turbine
117,30,0.0,natural_gas_fired_combustion_turbine
134,30,0.0,natural_gas_fired_combustion_turbine
103,30,0.0,natural_gas_fired_combustion_turbine
47,30,0.0,natural_gas_fired_combustion_turbine
8,30,0.0,natural_gas_fired_combustion_turbine
90,30,0.0,natural_gas_fired_combustion_turbine
60,30,0.0,natural_gas_fired_combustion_turbine
46,30,0.0,natural_gas_fired_combustion_turbine
37,30,0.0,natural_gas_fired_combustion_turbine
7,30,0.0,natural_gas_fired_combustion_turbine
133,30,0.0,natural_gas_fired_combustion_turbine
74,30,0.0,natural_gas_fired_combustion_turbine
20,30,0.0,natural_gas_fired_combustion_turbine
135,30,0.0,natural_gas_fired_combustion_turbine
142,30,0.0,natural_gas_fired_combustion_turbine
121,30,0.0,natural_gas_fired_combustion_turbine
91,30,0.0,natural_gas_fired_combustion_turbine
22,30,0.0,natural_gas_steam_turbine
123,30,0.0,natural_gas_steam_turbine
62,30,0.0,natural_gas_steam_turbine
49,30,0.0,natural_gas_steam_turbine
48,30,0.0,natural_gas_steam_turbine
21,30,0.0,natural_gas_steam_turbine
79,30,7405.999,nuclear
10,30,343.57269,onshore_wind_turbine
23,30,850.509,onshore_wind_turbine
31,30,555.7078799999999,onshore_wind_turbine
38,30,307.96425,onshore_wind_turbine
50,30,292.37237999999996,onshore_wind_turbine
63,30,109.6068000144,onshore_wind_turbine
80,30,98.77344,onshore_wind_turbine
94,30,201.7536,onshore_wind_turbine
105,30,1117.1467800359999,onshore_wind_turbine
124,30,10076.053234024801,onshore_wind_turbine
136,30,1733.8440600000001,onshore_wind_turbine
144,30,1321.7736599999998,onshore_wind_turbine
11,30,19.125,small_hydroelectric
24,30,62.577,small_hydroelectric
32,30,192.0,small_hydroelectric
39,30,52.9,small_hydroelectric
51,30,25.641,small_hydroelectric
64,30,6.128,small_hydroelectric
81,30,241.672,small_hydroelectric
95,30,418.922,small_hydroelectric
106,30,31.614,small_hydroelectric
125,30,100.697,small_hydroelectric
137,30,36.822,small_hydroelectric
145,30,33.21,small_hydroelectric
12,30,0.0,solar_photovoltaic
25,30,0.4804199999999999,solar_photovoltaic
33,30,0.0,solar_photovoltaic
52,30,61.021319999999996,solar_photovoltaic
65,30,0.0,solar_photovoltaic
82,30,0.0,solar_photovoltaic
96,30,0.0,solar_photovoltaic
107,30,0.0,solar_photovoltaic
126,30,0.0,solar_photovoltaic
138,30,0.0,solar_photovoltaic
26,31,11.235,biomass
13,31,15.682,biomass
108,31,137.081,biomass
40,31,5.952,biomass
97,31,178.173,biomass
1,31,16.294,biomass
66,31,228.795,biomass
2,31,862.4549975999998,conventional_hydroelectric
14,31,128.7025344,conventional_hydroelectric
27,31,857.6617176000001,conventional_hydroelectric
35,31,833.4544592,conventional_hydroelectric
54,31,666.0481608000001,conventional_hydroelectric
67,31,1425.5510466674878,conventional_hydroelectric
84,31,15377.7412554,conventional_hydroelectric
109,31,107.76396152340001,conventional_hydroelectric
128,31,52.32546000000001,conventional_hydroelectric
139,31,47.5340736,conventional_hydroelectric
110,31,50.0,conventional_steam_coal
41,31,7219.002,conventional_steam_coal
3,31,14050.987,conventional_steam_coal
36,31,2368.701,conventional_steam_coal
85,31,1340.0,conventional_steam_coal
28,31,74.364,geothermal
116,31,56.5,natural_gas_fired_combined_cycle
73,31,412.60800000000006,natural_gas_fired_combined_cycle
71,31,0.0,natural_gas_fired_combined_cycle
44,31,0.0,natural_gas_fired_combined_cycle
115,31,0.0,natural_gas_fired_combined_cycle
70,31,0.0,natural_gas_fired_combined_cycle
131,31,0.0,natural_gas_fired_combined_cycle
18,31,0.0,natural_gas_fired_combined_cycle
72,31,0.0,natural_gas_fired_combined_cycle
114,31,0.0,natural_gas_fired_combined_cycle
45,31,0.0,natural_gas_fired_combined_cycle
78,31,257.0,natural_gas_fired_combustion_turbine
75,31,0.0,natural_gas_fired_combustion_turbine
119,31,0.0,natural_gas_fired_combustion_turbine
117,31,0.0,natural_gas_fired_combustion_turbine
134,31,0.0,natural_gas_fired_combustion_turbine
103,31,0.0,natural_gas_fired_combustion_turbine
47,31,0.0,natural_gas_fired_combustion_turbine
8,31,0.0,natural_gas_fired_combustion_turbine
90,31,0.0,natural_gas_fired_combustion_turbine
60,31,0.0,natural_gas_fired_combustion_turbine
46,31,0.0,natural_gas_fired_combustion_turbine
37,31,0.0,natural_gas_fired_combustion_turbine
7,31,0.0,natural_gas_fired_combustion_turbine
133,31,0.0,natural_gas_fired_combustion_turbine
74,31,0.0,natural_gas_fired_combustion_turbine
20,31,0.0,natural_gas_fired_combustion_turbine
135,31,0.0,natural_gas_fired_combustion_turbine
142,31,0.0,natural_gas_fired_combustion_turbine
121,31,0.0,natural_gas_fired_combustion_turbine
91,31,0.0,natural_gas_fired_combustion_turbine
22,31,0.0,natural_gas_steam_turbine
123,31,0.0,natural_gas_steam_turbine
62,31,0.0,natural_gas_steam_turbine
49,31,0.0,natural_gas_steam_turbine
48,31,0.0,natural_gas_steam_turbine
21,31,0.0,natural_gas_steam_turbine
79,31,7405.999,nuclear
10,31,304.9005,onshore_wind_turbine
23,31,878.46,onshore_wind_turbine
31,31,510.92555999999996,onshore_wind_turbine
38,31,295.0614,onshore_wind_turbine
50,31,438.4133999999999,onshore_wind_turbine
63,31,66.7715999136,onshore_wind_turbine
80,31,29.870999999999995,onshore_wind_turbine
94,31,225.3966,onshore_wind_turbine
105,31,1039.0579805969999,onshore_wind_turbine
124,31,10429.246165390801,onshore_wind_turbine
136,31,2351.75247,onshore_wind_turbine
144,31,1449.68724,onshore_wind_turbine
11,31,19.125,small_hydroelectric
24,31,62.577,small_hydroelectric
32,31,192.0,small_hydroelectric
39,31,52.9,small_hydroelectric
51,31,25.641,small_hydroelectric
64,31,6.128,small_hydroelectric
81,31,241.672,small_hydroelectric
95,31,418.922,small_hydroelectric
106,31,31.614,small_hydroelectric
125,31,100.697,small_hydroelectric
137,31,36.822,small_hydroelectric
145,31,33.21,small_hydroelectric
12,31,1130.16978,solar_photovoltaic
25,31,642.9621,solar_photovoltaic
33,31,0.0,solar_photovoltaic
52,31,1086.83118,solar_photovoltaic
65,31,1009.6675184367,solar_photovoltaic
82,31,0.0,solar_photovoltaic
96,31,0.0,solar_photovoltaic
107,31,1208.8837780335,solar_photovoltaic
126,31,35.788327344,solar_photovoltaic
138,31,302.53673999999995,solar_photovoltaic
26,32,11.235,biomass
13,32,15.682,biomass
108,32,137.081,biomass
40,32,5.952,biomass
97,32,178.173,biomass
1,32,16.294,biomass
66,32,228.795,biomass
2,32,862.4549975999998,conventional_hydroelectric
14,32,128.7025344,conventional_hydroelectric
27,32,857.6617176000001,conventional_hydroelectric
35,32,833.4544592,conventional_hydroelectric
54,32,666.0481608000001,conventional_hydroelectric
67,32,1425.5510466674878,conventional_hydroelectric
84,32,15377.7412554,conventional_hydroelectric
109,32,107.76396152340001,conventional_hydroelectric
128,32,52.32546000000001,conventional_hydroelectric
139,32,47.5340736,conventional_hydroelectric
110,32,50.0,conventional_steam_coal
41,32,7219.002,conventional_steam_coal
3,32,14050.987,conventional_steam_coal
36,32,2368.701,conventional_steam_coal
85,32,667.1928867167275,conventional_steam_coal
28,32,74.364,geothermal
116,32,20.339999999999996,natural_gas_fired_combined_cycle
73,32,0.0,natural_gas_fired_combined_cycle
71,32,0.0,natural_gas_fired_combined_cycle
44,32,0.0,natural_gas_fired_combined_cycle
115,32,0.0,natural_gas_fired_combined_cycle
70,32,0.0,natural_gas_fired_combined_cycle
131,32,0.0,natural_gas_fired_combined_cycle
18,32,0.0,natural_gas_fired_combined_cycle
72,32,0.0,natural_gas_fired_combined_cycle
114,32,0.0,natural_gas_fired_combined_cycle
45,32,0.0,natural_gas_fired_combined_cycle
78,32,0.0,natural_gas_fired_combustion_turbine
75,32,0.0,natural_gas_fired_combustion_turbine
119,32,0.0,natural_gas_fired_combustion_turbine
117,32,0.0,natural_gas_fired_combustion_turbine
134,32,0.0,natural_gas_fired_combustion_turbine
103,32,0.0,natural_gas_fired_combustion_turbine
47,32,0.0,natural_gas_fired_combustion_turbine
8,32,0.0,natural_gas_fired_combustion_turbine
90,32,0.0,natural_gas_fired_combustion_turbine
60,32,0.0,natural_gas_fired_combustion_turbine
46,32,0.0,natural_gas_fired_combustion_turbine
37,32,0.0,natural_gas_fired_combustion_turbine
7,32,0.0,natural_gas_fired_combustion_turbine
133,32,0.0,natural_gas_fired_combustion_turbine
74,32,0.0,natural_gas_fired_combustion_turbine
20,32,0.0,natural_gas_fired_combustion_turbine
135,32,0.0,natural_gas_fired_combustion_turbine
142,32,0.0,natural_gas_fired_combustion_turbine
121,32,0.0,natural_gas_fired_combustion_turbine
91,32,0.0,natural_gas_fired_combustion_turbine
22,32,0.0,natural_gas_steam_turbine
123,32,0.0,natural_gas_steam_turbine
62,32,0.0,natural_gas_steam_turbine
49,32,0.0,natural_gas_steam_turbine
48,32,0.0,natural_gas_steam_turbine
21,32,0.0,natural_gas_steam_turbine
79,32,7405.999,nuclear
10,32,180.08427000000003,onshore_wind_turbine
23,32,507.111,onshore_wind_turbine
31,32,668.17257,onshore_wind_turbine
38,32,270.47295,onshore_wind_turbine
50,32,312.98652,onshore_wind_turbine
63,32,15.615000014400001,onshore_wind_turbine
80,32,37.04004,onshore_wind_turbine
94,32,345.1878,onshore_wind_turbine
105,32,832.5643203989999,onshore_wind_turbine
124,32,8454.991771657202,onshore_wind_turbine
136,32,2160.1738800000003,onshore_wind_turbine
144,32,711.8668799999998,onshore_wind_turbine
11,32,19.125,small_hydroelectric
24,32,62.577,small_hydroelectric
32,32,192.0,small_hydroelectric
39,32,52.9,small_hydroelectric
51,32,25.641,small_hydroelectric
64,32,6.128,small_hydroelectric
81,32,241.672,small_hydroelectric
95,32,418.922,small_hydroelectric
106,32,31.614,small_hydroelectric
125,32,100.697,small_hydroelectric
137,32,36.822,small_hydroelectric
145,32,33.21,small_hydroelectric
12,32,2625.35958,solar_photovoltaic
25,32,987.1029599999998,solar_photovoltaic
33,32,199.41434999999998,solar_photovoltaic
52,32,1719.85332,solar_photovoltaic
65,32,3696.6069914567997,solar_photovoltaic
82,32,2531.8016399999997,solar_photovoltaic
96,32,161.14023000000003,solar_photovoltaic
107,32,3875.074827024,solar_photovoltaic
126,32,5208.612895941001,solar_photovoltaic
138,32,719.55213,solar_photovoltaic
26,33,11.235,biomass
13,33,15.682,biomass
108,33,137.081,biomass
40,33,5.952,biomass
97,33,178.173,biomass
1,33,16.294,biomass
66,33,228.795,biomass
2,33,862.4549975999998,conventional_hydroelectric
14,33,128.7025344,conventional_hydroelectric
27,33,857.6617176000001,conventional_hydroelectric
35,33,833.4544592,conventional_hydroelectric
54,33,666.0481608000001,conventional_hydroelectric
67,33,1425.5510466674878,conventional_hydroelectric
84,33,15377.7412554,conventional_hydroelectric
109,33,107.76396152340001,conventional_hydroelectric
128,33,52.32546000000001,conventional_hydroelectric
139,33,47.5340736,conventional_hydroelectric
110,33,50.0,conventional_steam_coal
41,33,7219.002,conventional_steam_coal
3,33,10983.668241149822,conventional_steam_coal
36,33,1018.5414300000002,conventional_steam_coal
85,33,0.0,conventional_steam_coal
28,33,74.364,geothermal
116,33,0.0,natural_gas_fired_combined_cycle
73,33,0.0,natural_gas_fired_combined_cycle
71,33,0.0,natural_gas_fired_combined_cycle
44,33,0.0,natural_gas_fired_combined_cycle
115,33,0.0,natural_gas_fired_combined_cycle
70,33,0.0,natural_gas_fired_combined_cycle
131,33,0.0,natural_gas_fired_combined_cycle
18,33,0.0,natural_gas_fired_combined_cycle
72,33,0.0,natural_gas_fired_combined_cycle
114,33,0.0,natural_gas_fired_combined_cycle
45,33,0.0,natural_gas_fired_combined_cycle
78,33,0.0,natural_gas_fired_combustion_turbine
75,33,0.0,natural_gas_fired_combustion_turbine
119,33,0.0,natural_gas_fired_combustion_turbine
117,33,0.0,natural_gas_fired_combustion_turbine
134,33,0.0,natural_gas_fired_combustion_turbine
103,33,0.0,natural_gas_fired_combustion_turbine
47,33,0.0,natural_gas_fired_combustion_turbine
8,33,0.0,natural_gas_fired_combustion_turbine
90,33,0.0,natural_gas_fired_combustion_turbine
60,33,0.0,natural_gas_fired_combustion_turbine
46,33,0.0,natural_gas_fired_combustion_turbine
37,33,0.0,natural_gas_fired_combustion_turbine
7,33,0.0,natural_gas_fired_combustion_turbine
133,33,0.0,natural_gas_fired_combustion_turbine
74,33,0.0,natural_gas_fired_combustion_turbine
20,33,0.0,natural_gas_fired_combustion_turbine
135,33,0.0,natural_gas_fired_combustion_turbine
142,33,0.0,natural_gas_fired_combustion_turbine
121,33,0.0,natural_gas_fired_combustion_turbine
91,33,0.0,natural_gas_fired_combustion_turbine
22,33,0.0,natural_gas_steam_turbine
123,33,0.0,natural_gas_steam_turbine
62,33,0.0,natural_gas_steam_turbine
49,33,0.0,natural_gas_steam_turbine
48,33,0.0,natural_gas_steam_turbine
21,33,0.0,natural_gas_steam_turbine
79,33,7405.999,nuclear
10,33,134.07903000000002,onshore_wind_turbine
23,33,59.0964,onshore_wind_turbine
31,33,668.17257,onshore_wind_turbine
38,33,228.59955,onshore_wind_turbine
50,33,88.84403999999998,onshore_wind_turbine
63,33,12.6749998944,onshore_wind_turbine
80,33,5.177639999999999,onshore_wind_turbine
94,33,121.3674,onshore_wind_turbine
105,33,311.903040204,onshore_wind_turbine
124,33,4441.3245874536005,onshore_wind_turbine
136,33,2114.3029500000002,onshore_wind_turbine
144,33,147.37868999999998,onshore_wind_turbine
11,33,19.125,small_hydroelectric
24,33,62.577,small_hydroelectric
32,33,192.0,small_hydroelectric
39,33,52.9,small_hydroelectric
51,33,25.641,small_hydroelectric
64,33,6.128,small_hydroelectric
81,33,241.672,small_hydroelectric
95,33,418.922,small_hydroelectric
106,33,31.614,small_hydroelectric
125,33,100.697,small_hydroelectric
137,33,36.822,small_hydroelectric
145,33,33.21,small_hydroelectric
12,33,3660.49098,solar_photovoltaic
25,33,1181.35278,solar_photovoltaic
33,33,253.51200000000003,solar_photovoltaic
52,33,2149.96476,solar_photovoltaic
65,33,5511.765626734799,solar_photovoltaic
82,33,4447.37547,solar_photovoltaic
96,33,303.01164000000006,solar_photovoltaic
107,33,5699.739180181499,solar_photovoltaic
126,33,9025.724397591,solar_photovoltaic
138,33,954.7715099999999,solar_photovoltaic
26,34,11.235,biomass
13,34,15.682,biomass
108,34,137.081,biomass
40,34,5.952,biomass
97,34,178.173,biomass
1,34,16.294,biomass
66,34,228.795,biomass
2,34,862.4549975999998,conventional_hydroelectric
14,34,128.7025344,conventional_hydroelectric
27,34,857.6617176000001,conventional_hydroelectric
35,34,833.4544592,conventional_hydroelectric
54,34,666.0481608000001,conventional_hydroelectric
67,34,1425.5510466674878,conventional_hydroelectric
84,34,15377.7412554,conventional_hydroelectric
109,34,107.76396152340001,conventional_hydroelectric
128,34,52.32546000000001,conventional_hydroelectric
139,34,47.5340736,conventional_hydroelectric
110,34,50.0,conventional_steam_coal
41,34,7219.002,conventional_steam_coal
3,34,7408.955306252234,conventional_steam_coal
36,34,0.0,conventional_steam_coal
85,34,0.0,conventional_steam_coal
28,34,74.364,geothermal
116,34,0.0,natural_gas_fired_combined_cycle
73,34,0.0,natural_gas_fired_combined_cycle
71,34,0.0,natural_gas_fired_combined_cycle
44,34,0.0,natural_gas_fired_combined_cycle
115,34,0.0,natural_gas_fired_combined_cycle
70,34,0.0,natural_gas_fired_combined_cycle
131,34,0.0,natural_gas_fired_combined_cycle
18,34,0.0,natural_gas_fired_combined_cycle
72,34,0.0,natural_gas_fired_combined_cycle
114,34,0.0,natural_gas_fired_combined_cycle
45,34,0.0,natural_gas_fired_combined_cycle
78,34,0.0,natural_gas_fired_combustion_turbine
75,34,0.0,natural_gas_fired_combustion_turbine
119,34,0.0,natural_gas_fired_combustion_turbine
117,34,0.0,natural_gas_fired_combustion_turbine
134,34,0.0,natural_gas_fired_combustion_turbine
103,34,0.0,natural_gas_fired_combustion_turbine
47,34,0.0,natural_gas_fired_combustion_turbine
8,34,0.0,natural_gas_fired_combustion_turbine
90,34,0.0,natural_gas_fired_combustion_turbine
60,34,0.0,natural_gas_fired_combustion_turbine
46,34,0.0,natural_gas_fired_combustion_turbine
37,34,0.0,natural_gas_fired_combustion_turbine
7,34,0.0,natural_gas_fired_combustion_turbine
133,34,0.0,natural_gas_fired_combustion_turbine
74,34,0.0,natural_gas_fired_combustion_turbine
20,34,0.0,natural_gas_fired_combustion_turbine
135,34,0.0,natural_gas_fired_combustion_turbine
142,34,0.0,natural_gas_fired_combustion_turbine
121,34,0.0,natural_gas_fired_combustion_turbine
91,34,0.0,natural_gas_fired_combustion_turbine
22,34,0.0,natural_gas_steam_turbine
123,34,0.0,natural_gas_steam_turbine
62,34,0.0,natural_gas_steam_turbine
49,34,0.0,natural_gas_steam_turbine
48,34,0.0,natural_gas_steam_turbine
21,34,0.0,natural_gas_steam_turbine
79,34,7405.999,nuclear
10,34,129.13887000000003,onshore_wind_turbine
23,34,13.5762,onshore_wind_turbine
31,34,920.58201,onshore_wind_turbine
38,34,208.39319999999998,onshore_wind_turbine
50,34,105.10307999999999,onshore_wind_turbine
63,34,5.3990401128,onshore_wind_turbine
80,34,1.5931199999999999,onshore_wind_turbine
94,34,33.1002,onshore_wind_turbine
105,34,143.575079319,onshore_wind_turbine
124,34,2147.4420645612,onshore_wind_turbine
136,34,2312.43453,onshore_wind_turbine
144,34,316.0763099999999,onshore_wind_turbine
11,34,19.125,small_hydroelectric
24,34,62.577,small_hydroelectric
32,34,192.0,small_hydroelectric
39,34,52.9,small_hydroelectric
51,34,25.641,small_hydroelectric
64,34,6.128,small_hydroelectric
81,34,241.672,small_hydroelectric
95,34,418.922,small_hydroelectric
106,34,31.614,small_hydroelectric
125,34,100.697,small_hydroelectric
137,34,36.822,small_hydroelectric
145,34,33.21,small_hydroelectric
12,34,4263.40962,solar_photovoltaic
25,34,1243.4870999999998,solar_photovoltaic
33,34,393.77355,solar_photovoltaic
52,34,2309.0348999999997,solar_photovoltaic
65,34,6178.8062712264,solar_photovoltaic
82,34,5497.554749999999,solar_photovoltaic
96,34,381.91305000000006,solar_photovoltaic
107,34,6829.7717745,solar_photovoltaic
126,34,11258.8893372375,solar_photovoltaic
138,34,1012.6957499999999,solar_photovoltaic
26,35,11.235,biomass
13,35,15.682,biomass
108,35,137.081,biomass
40,35,5.952,biomass
97,35,178.173,biomass
1,35,16.294,biomass
66,35,228.795,biomass
2,35,862.4549975999998,conventional_hydroelectric
14,35,128.7025344,conventional_hydroelectric
27,35,857.6617176000001,conventional_hydroelectric
35,35,833.4544592,conventional_hydroelectric
54,35,666.0481608000001,conventional_hydroelectric
67,35,1425.5510466674878,conventional_hydroelectric
84,35,15377.7412554,conventional_hydroelectric
109,35,107.76396152340001,conventional_hydroelectric
128,35,52.32546000000001,conventional_hydroelectric
139,35,47.5340736,conventional_hydroelectric
110,35,50.0,conventional_steam_coal
41,35,7219.002,conventional_steam_coal
3,35,14050.987,conventional_steam_coal
36,35,0.0,conventional_steam_coal
85,35,0.0,conventional_steam_coal
28,35,74.364,geothermal
116,35,0.0,natural_gas_fired_combined_cycle
73,35,0.0,natural_gas_fired_combined_cycle
71,35,0.0,natural_gas_fired_combined_cycle
44,35,0.0,natural_gas_fired_combined_cycle
115,35,0.0,natural_gas_fired_combined_cycle
70,35,0.0,natural_gas_fired_combined_cycle
131,35,0.0,natural_gas_fired_combined_cycle
18,35,0.0,natural_gas_fired_combined_cycle
72,35,0.0,natural_gas_fired_combined_cycle
114,35,0.0,natural_gas_fired_combined_cycle
45,35,0.0,natural_gas_fired_combined_cycle
78,35,0.0,natural_gas_fired_combustion_turbine
75,35,0.0,natural_gas_fired_combustion_turbine
119,35,0.0,natural_gas_fired_combustion_turbine
117,35,0.0,natural_gas_fired_combustion_turbine
134,35,0.0,natural_gas_fired_combustion_turbine
103,35,0.0,natural_gas_fired_combustion_turbine
47,35,0.0,natural_gas_fired_combustion_turbine
8,35,0.0,natural_gas_fired_combustion_turbine
90,35,0.0,natural_gas_fired_combustion_turbine
60,35,0.0,natural_gas_fired_combustion_turbine
46,35,0.0,natural_gas_fired_combustion_turbine
37,35,0.0,natural_gas_fired_combustion_turbine
7,35,0.0,natural_gas_fired_combustion_turbine
133,35,0.0,natural_gas_fired_combustion_turbine
74,35,0.0,natural_gas_fired_combustion_turbine
20,35,0.0,natural_gas_fired_combustion_turbine
135,35,0.0,natural_gas_fired_combustion_turbine
142,35,0.0,natural_gas_fired_combustion_turbine
121,35,0.0,natural_gas_fired_combustion_turbine
91,35,0.0,natural_gas_fired_combustion_turbine
22,35,0.0,natural_gas_steam_turbine
123,35,0.0,natural_gas_steam_turbine
62,35,0.0,natural_gas_steam_turbine
49,35,0.0,natural_gas_steam_turbine
48,35,0.0,natural_gas_steam_turbine
21,35,0.0,natural_gas_steam_turbine
79,35,7405.999,nuclear
10,35,99.65229000000001,onshore_wind_turbine
23,35,54.3048,onshore_wind_turbine
31,35,1249.83384,onshore_wind_turbine
38,35,179.6661,onshore_wind_turbine
50,35,252.01511999999997,onshore_wind_turbine
63,35,93.018120012,onshore_wind_turbine
80,35,16.727759999999996,onshore_wind_turbine
94,35,31.524,onshore_wind_turbine
105,35,190.421759367,onshore_wind_turbine
124,35,1514.0382045954002,onshore_wind_turbine
136,35,2438.09775,onshore_wind_turbine
144,35,557.0729099999999,onshore_wind_turbine
11,35,19.125,small_hydroelectric
24,35,62.577,small_hydroelectric
32,35,192.0,small_hydroelectric
39,35,52.9,small_hydroelectric
51,35,25.641,small_hydroelectric
64,35,6.128,small_hydroelectric
81,35,241.672,small_hydroelectric
95,35,418.922,small_hydroelectric
106,35,31.614,small_hydroelectric
125,35,100.697,small_hydroelectric
137,35,36.822,small_hydroelectric
145,35,33.21,small_hydroelectric
12,35,4360.26402,solar_photovoltaic
25,35,1280.15916,solar_photovoltaic
33,35,421.23735,solar_photovoltaic
52,35,2372.12976,solar_photovoltaic
65,35,6583.7592299538,solar_photovoltaic
82,35,5867.96034,solar_photovoltaic
96,35,407.4159,solar_photovoltaic
107,35,7027.2287093475,solar_photovoltaic
126,35,12819.839610421499,solar_photovoltaic
138,35,1112.10627,solar_photovoltaic
26,36,11.235,biomass
13,36,15.682,biomass
108,36,137.081,biomass
40,36,5.952,biomass
97,36,178.173,biomass
1,36,16.294,biomass
66,36,228.795,biomass
2,36,862.4549975999998,conventional_hydroelectric
14,36,128.7025344,conventional_hydroelectric
27,36,857.6617176000001,conventional_hydroelectric
35,36,833.4544592,conventional_hydroelectric
54,36,666.0481608000001,conventional_hydroelectric
67,36,1425.5510466674878,conventional_hydroelectric
84,36,15377.7412554,conventional_hydroelectric
109,36,107.76396152340001,conventional_hydroelectric
128,36,52.32546000000001,conventional_hydroelectric
139,36,47.5340736,conventional_hydroelectric
110,36,50.0,conventional_steam_coal
41,36,7219.002,conventional_steam_coal
3,36,14050.987,conventional_steam_coal
36,36,0.0,conventional_steam_coal
85,36,0.0,conventional_steam_coal
28,36,74.364,geothermal
116,36,0.0,natural_gas_fired_combined_cycle
73,36,0.0,natural_gas_fired_combined_cycle
71,36,0.0,natural_gas_fired_combined_cycle
44,36,0.0,natural_gas_fired_combined_cycle
115,36,0.0,natural_gas_fired_combined_cycle
70,36,0.0,natural_gas_fired_combined_cycle
131,36,0.0,natural_gas_fired_combined_cycle
18,36,0.0,natural_gas_fired_combined_cycle
72,36,0.0,natural_gas_fired_combined_cycle
114,36,0.0,natural_gas_fired_combined_cycle
45,36,0.0,natural_gas_fired_combined_cycle
78,36,0.0,natural_gas_fired_combustion_turbine
75,36,0.0,natural_gas_fired_combustion_turbine
119,36,0.0,natural_gas_fired_combustion_turbine
117,36,0.0,natural_gas_fired_combustion_turbine
134,36,0.0,natural_gas_fired_combustion_turbine
103,36,0.0,natural_gas_fired_combustion_turbine
47,36,0.0,natural_gas_fired_combustion_turbine
8,36,0.0,natural_gas_fired_combustion_turbine
90,36,0.0,natural_gas_fired_combustion_turbine
60,36,0.0,natural_gas_fired_combustion_turbine
46,36,0.0,natural_gas_fired_combustion_turbine
37,36,0.0,natural_gas_fired_combustion_turbine
7,36,0.0,natural_gas_fired_combustion_turbine
133,36,0.0,natural_gas_fired_combustion_turbine
74,36,0.0,natural_gas_fired_combustion_turbine
20,36,0.0,natural_gas_fired_combustion_turbine
135,36,0.0,natural_gas_fired_combustion_turbine
142,36,0.0,natural_gas_fired_combustion_turbine
121,36,0.0,natural_gas_fired_combustion_turbine
91,36,0.0,natural_gas_fired_combustion_turbine
22,36,0.0,natural_gas_steam_turbine
123,36,0.0,natural_gas_steam_turbine
62,36,0.0,natural_gas_steam_turbine
49,36,0.0,natural_gas_steam_turbine
48,36,0.0,natural_gas_steam_turbine
21,36,0.0,natural_gas_steam_turbine
79,36,7405.999,nuclear
10,36,113.62368000000001,onshore_wind_turbine
23,36,17.569200000000002,onshore_wind_turbine
31,36,664.61034,onshore_wind_turbine
38,36,221.5395,onshore_wind_turbine
50,36,367.28009999999995,onshore_wind_turbine
63,36,158.6610000048,onshore_wind_turbine
80,36,8.363879999999998,onshore_wind_turbine
94,36,53.590799999999994,onshore_wind_turbine
105,36,165.027840201,onshore_wind_turbine
124,36,934.2186610812001,onshore_wind_turbine
136,36,2369.4840900000004,onshore_wind_turbine
144,36,964.9133099999998,onshore_wind_turbine
11,36,19.125,small_hydroelectric
24,36,62.577,small_hydroelectric
32,36,192.0,small_hydroelectric
39,36,52.9,small_hydroelectric
51,36,25.641,small_hydroelectric
64,36,6.128,small_hydroelectric
81,36,241.672,small_hydroelectric
95,36,418.922,small_hydroelectric
106,36,31.614,small_hydroelectric
125,36,100.697,small_hydroelectric
137,36,36.822,small_hydroelectric
145,36,33.21,small_hydroelectric
12,36,4467.4092,solar_photovoltaic
25,36,1284.6430799999998,solar_photovoltaic
33,36,527.8482,solar_photovoltaic
52,36,2366.7978,solar_photovoltaic
65,36,7042.389423648599,solar_photovoltaic
82,36,6156.425189999999,solar_photovoltaic
96,36,399.67059000000006,solar_photovoltaic
107,36,7148.0880305595,solar_photovoltaic
126,36,13909.744776783,solar_photovoltaic
138,36,1314.84111,solar_photovoltaic
26,37,11.235,biomass
13,37,15.682,biomass
108,37,137.081,biomass
40,37,5.952,biomass
97,37,178.173,biomass
1,37,16.294,biomass
66,37,228.795,biomass
2,37,862.4549975999998,conventional_hydroelectric
14,37,128.7025344,conventional_hydroelectric
27,37,857.6617176000001,conventional_hydroelectric
35,37,833.4544592,conventional_hydroelectric
54,37,666.0481608000001,conventional_hydroelectric
67,37,1425.5510466674878,conventional_hydroelectric
84,37,15377.7412554,conventional_hydroelectric
109,37,107.76396152340001,conventional_hydroelectric
128,37,52.32546000000001,conventional_hydroelectric
139,37,47.5340736,conventional_hydroelectric
110,37,50.0,conventional_steam_coal
41,37,7219.002,conventional_steam_coal
3,37,14050.987,conventional_steam_coal
36,37,0.0,conventional_steam_coal
85,37,0.0,conventional_steam_coal
28,37,74.364,geothermal
116,37,0.0,natural_gas_fired_combined_cycle
73,37,0.0,natural_gas_fired_combined_cycle
71,37,0.0,natural_gas_fired_combined_cycle
44,37,0.0,natural_gas_fired_combined_cycle
115,37,0.0,natural_gas_fired_combined_cycle
70,37,0.0,natural_gas_fired_combined_cycle
131,37,0.0,natural_gas_fired_combined_cycle
18,37,0.0,natural_gas_fired_combined_cycle
72,37,0.0,natural_gas_fired_combined_cycle
114,37,0.0,natural_gas_fired_combined_cycle
45,37,0.0,natural_gas_fired_combined_cycle
78,37,0.0,natural_gas_fired_combustion_turbine
75,37,0.0,natural_gas_fired_combustion_turbine
119,37,0.0,natural_gas_fired_combustion_turbine
117,37,0.0,natural_gas_fired_combustion_turbine
134,37,0.0,natural_gas_fired_combustion_turbine
103,37,0.0,natural_gas_fired_combustion_turbine
47,37,0.0,natural_gas_fired_combustion_turbine
8,37,0.0,natural_gas_fired_combustion_turbine
90,37,0.0,natural_gas_fired_combustion_turbine
60,37,0.0,natural_gas_fired_combustion_turbine
46,37,0.0,natural_gas_fired_combustion_turbine
37,37,0.0,natural_gas_fired_combustion_turbine
7,37,0.0,natural_gas_fired_combustion_turbine
133,37,0.0,natural_gas_fired_combustion_turbine
74,37,0.0,natural_gas_fired_combustion_turbine
20,37,0.0,natural_gas_fired_combustion_turbine
135,37,0.0,natural_gas_fired_combustion_turbine
142,37,0.0,natural_gas_fired_combustion_turbine
121,37,0.0,natural_gas_fired_combustion_turbine
91,37,0.0,natural_gas_fired_combustion_turbine
22,37,0.0,natural_gas_steam_turbine
123,37,0.0,natural_gas_steam_turbine
62,37,0.0,natural_gas_steam_turbine
49,37,0.0,natural_gas_steam_turbine
48,37,0.0,natural_gas_steam_turbine
21,37,0.0,natural_gas_steam_turbine
79,37,7405.999,nuclear
10,37,131.91771,onshore_wind_turbine
23,37,146.1438,onshore_wind_turbine
31,37,661.557,onshore_wind_turbine
38,37,373.45230000000004,onshore_wind_turbine
50,37,366.6994199999999,onshore_wind_turbine
63,37,128.8120799568,onshore_wind_turbine
80,37,21.905399999999997,onshore_wind_turbine
94,37,44.1336,onshore_wind_turbine
105,37,120.70272009600001,onshore_wind_turbine
124,37,328.2228931674,onshore_wind_turbine
136,37,2426.9191200000005,onshore_wind_turbine
144,37,828.6575399999998,onshore_wind_turbine
11,37,19.125,small_hydroelectric
24,37,62.577,small_hydroelectric
32,37,192.0,small_hydroelectric
39,37,52.9,small_hydroelectric
51,37,25.641,small_hydroelectric
64,37,6.128,small_hydroelectric
81,37,241.672,small_hydroelectric
95,37,418.922,small_hydroelectric
106,37,31.614,small_hydroelectric
125,37,100.697,small_hydroelectric
137,37,36.822,small_hydroelectric
145,37,33.21,small_hydroelectric
12,37,4471.04124,solar_photovoltaic
25,37,1283.8423799999998,solar_photovoltaic
33,37,506.49585,solar_photovoltaic
52,37,2347.24728,solar_photovoltaic
65,37,7194.5526943845,solar_photovoltaic
82,37,6102.0767399999995,solar_photovoltaic
96,37,425.1104700000001,solar_photovoltaic
107,37,7266.102296467499,solar_photovoltaic
126,37,13363.089146105998,solar_photovoltaic
138,37,1344.3903,solar_photovoltaic
26,38,11.235,biomass
13,38,15.682,biomass
108,38,137.081,biomass
40,38,5.952,biomass
97,38,178.173,biomass
1,38,16.294,biomass
66,38,228.795,biomass
2,38,862.4549975999998,conventional_hydroelectric
14,38,128.7025344,conventional_hydroelectric
27,38,857.6617176000001,conventional_hydroelectric
35,38,833.4544592,conventional_hydroelectric
54,38,666.0481608000001,conventional_hydroelectric
67,38,1425.5510466674878,conventional_hydroelectric
84,38,15377.7412554,conventional_hydroelectric
109,38,107.76396152340001,conventional_hydroelectric
128,38,52.32546000000001,conventional_hydroelectric
139,38,47.5340736,conventional_hydroelectric
110,38,50.0,conventional_steam_coal
41,38,7219.002,conventional_steam_coal
3,38,14050.987,conventional_steam_coal
36,38,0.0,conventional_steam_coal
85,38,0.0,conventional_steam_coal
28,38,74.364,geothermal
116,38,0.0,natural_gas_fired_combined_cycle
73,38,0.0,natural_gas_fired_combined_cycle
71,38,0.0,natural_gas_fired_combined_cycle
44,38,0.0,natural_gas_fired_combined_cycle
115,38,0.0,natural_gas_fired_combined_cycle
70,38,0.0,natural_gas_fired_combined_cycle
131,38,0.0,natural_gas_fired_combined_cycle
18,38,0.0,natural_gas_fired_combined_cycle
72,38,0.0,natural_gas_fired_combined_cycle
114,38,0.0,natural_gas_fired_combined_cycle
45,38,0.0,natural_gas_fired_combined_cycle
78,38,0.0,natural_gas_fired_combustion_turbine
75,38,0.0,natural_gas_fired_combustion_turbine
119,38,0.0,natural_gas_fired_combustion_turbine
117,38,0.0,natural_gas_fired_combustion_turbine
134,38,0.0,natural_gas_fired_combustion_turbine
103,38,0.0,natural_gas_fired_combustion_turbine
47,38,0.0,natural_gas_fired_combustion_turbine
8,38,0.0,natural_gas_fired_combustion_turbine
90,38,0.0,natural_gas_fired_combustion_turbine
60,38,0.0,natural_gas_fired_combustion_turbine
46,38,0.0,natural_gas_fired_combustion_turbine
37,38,0.0,natural_gas_fired_combustion_turbine
7,38,0.0,natural_gas_fired_combustion_turbine
133,38,0.0,natural_gas_fired_combustion_turbine
74,38,0.0,natural_gas_fired_combustion_turbine
20,38,0.0,natural_gas_fired_combustion_turbine
135,38,0.0,natural_gas_fired_combustion_turbine
142,38,0.0,natural_gas_fired_combustion_turbine
121,38,0.0,natural_gas_fired_combustion_turbine
91,38,0.0,natural_gas_fired_combustion_turbine
22,38,0.0,natural_gas_steam_turbine
123,38,0.0,natural_gas_steam_turbine
62,38,0.0,natural_gas_steam_turbine
49,38,0.0,natural_gas_steam_turbine
48,38,0.0,natural_gas_steam_turbine
21,38,0.0,natural_gas_steam_turbine
79,38,7405.999,nuclear
10,38,191.12244,onshore_wind_turbine
23,38,128.5746,onshore_wind_turbine
31,38,650.36142,onshore_wind_turbine
38,38,554.82255,onshore_wind_turbine
50,38,345.21425999999997,onshore_wind_turbine
63,38,112.08960000000002,onshore_wind_turbine
80,38,19.913999999999998,onshore_wind_turbine
94,38,29.9478,onshore_wind_turbine
105,38,372.235140144,onshore_wind_turbine
124,38,493.2240878598001,onshore_wind_turbine
136,38,2444.2652700000003,onshore_wind_turbine
144,38,1221.6673799999999,onshore_wind_turbine
11,38,19.125,small_hydroelectric
24,38,62.577,small_hydroelectric
32,38,192.0,small_hydroelectric
39,38,52.9,small_hydroelectric
51,38,25.641,small_hydroelectric
64,38,6.128,small_hydroelectric
81,38,241.672,small_hydroelectric
95,38,418.922,small_hydroelectric
106,38,31.614,small_hydroelectric
125,38,100.697,small_hydroelectric
137,38,36.822,small_hydroelectric
145,38,33.21,small_hydroelectric
12,38,4547.919419999999,solar_photovoltaic
25,38,1266.7074,solar_photovoltaic
33,38,510.1929,solar_photovoltaic
52,38,2324.73456,solar_photovoltaic
65,38,7311.6629062896,solar_photovoltaic
82,38,5958.262379999999,solar_photovoltaic
96,38,442.55316,solar_photovoltaic
107,38,7358.8338573255005,solar_photovoltaic
126,38,13359.313948383,solar_photovoltaic
138,38,1217.9745599999999,solar_photovoltaic
26,39,11.235,biomass
13,39,15.682,biomass
108,39,137.081,biomass
40,39,5.952,biomass
97,39,178.173,biomass
1,39,16.294,biomass
66,39,228.795,biomass
2,39,862.4549975999998,conventional_hydroelectric
14,39,128.7025344,conventional_hydroelectric
27,39,857.6617176000001,conventional_hydroelectric
35,39,833.4544592,conventional_hydroelectric
54,39,666.0481608000001,conventional_hydroelectric
67,39,1425.5510466674878,conventional_hydroelectric
84,39,15377.7412554,conventional_hydroelectric
109,39,107.76396152340001,conventional_hydroelectric
128,39,52.32546000000001,conventional_hydroelectric
139,39,47.5340736,conventional_hydroelectric
110,39,50.0,conventional_steam_coal
41,39,7219.002,conventional_steam_coal
3,39,14050.987,conventional_steam_coal
36,39,0.0,conventional_steam_coal
85,39,0.0,conventional_steam_coal
28,39,74.364,geothermal
116,39,0.0,natural_gas_fired_combined_cycle
73,39,0.0,natural_gas_fired_combined_cycle
71,39,0.0,natural_gas_fired_combined_cycle
44,39,0.0,natural_gas_fired_combined_cycle
115,39,0.0,natural_gas_fired_combined_cycle
70,39,0.0,natural_gas_fired_combined_cycle
131,39,0.0,natural_gas_fired_combined_cycle
18,39,0.0,natural_gas_fired_combined_cycle
72,39,0.0,natural_gas_fired_combined_cycle
114,39,0.0,natural_gas_fired_combined_cycle
45,39,0.0,natural_gas_fired_combined_cycle
78,39,0.0,natural_gas_fired_combustion_turbine
75,39,0.0,natural_gas_fired_combustion_turbine
119,39,0.0,natural_gas_fired_combustion_turbine
117,39,0.0,natural_gas_fired_combustion_turbine
134,39,0.0,natural_gas_fired_combustion_turbine
103,39,0.0,natural_gas_fired_combustion_turbine
47,39,0.0,natural_gas_fired_combustion_turbine
8,39,0.0,natural_gas_fired_combustion_turbine
90,39,0.0,natural_gas_fired_combustion_turbine
60,39,0.0,natural_gas_fired_combustion_turbine
46,39,0.0,natural_gas_fired_combustion_turbine
37,39,0.0,natural_gas_fired_combustion_turbine
7,39,0.0,natural_gas_fired_combustion_turbine
133,39,0.0,natural_gas_fired_combustion_turbine
74,39,0.0,natural_gas_fired_combustion_turbine
20,39,0.0,natural_gas_fired_combustion_turbine
135,39,0.0,natural_gas_fired_combustion_turbine
142,39,0.0,natural_gas_fired_combustion_turbine
121,39,0.0,natural_gas_fired_combustion_turbine
91,39,0.0,natural_gas_fired_combustion_turbine
22,39,0.0,natural_gas_steam_turbine
123,39,0.0,natural_gas_steam_turbine
62,39,0.0,natural_gas_steam_turbine
49,39,0.0,natural_gas_steam_turbine
48,39,0.0,natural_gas_steam_turbine
21,39,0.0,natural_gas_steam_turbine
79,39,7405.999,nuclear
10,39,214.12506000000002,onshore_wind_turbine
23,39,218.81640000000002,onshore_wind_turbine
31,39,471.74102999999997,onshore_wind_turbine
38,39,501.0201,onshore_wind_turbine
50,39,422.73503999999997,onshore_wind_turbine
63,39,139.67052009840003,onshore_wind_turbine
80,39,4.77936,onshore_wind_turbine
94,39,59.8956,onshore_wind_turbine
105,39,472.248480375,onshore_wind_turbine
124,39,448.0917883926,onshore_wind_turbine
136,39,2313.20547,onshore_wind_turbine
144,39,1633.2154199999998,onshore_wind_turbine
11,39,19.125,small_hydroelectric
24,39,62.577,small_hydroelectric
32,39,192.0,small_hydroelectric
39,39,52.9,small_hydroelectric
51,39,25.641,small_hydroelectric
64,39,6.128,small_hydroelectric
81,39,241.672,small_hydroelectric
95,39,418.922,small_hydroelectric
106,39,31.614,small_hydroelectric
125,39,100.697,small_hydroelectric
137,39,36.822,small_hydroelectric
145,39,33.21,small_hydroelectric
12,39,4305.78342,solar_photovoltaic
25,39,1209.057,solar_photovoltaic
33,39,438.74175,solar_photovoltaic
52,39,2214.2445000000002,solar_photovoltaic
65,39,6875.3178267954,solar_photovoltaic
82,39,6049.400549999999,solar_photovoltaic
96,39,434.11518000000007,solar_photovoltaic
107,39,7013.5812593445,solar_photovoltaic
126,39,11757.127178301,solar_photovoltaic
138,39,1104.47436,solar_photovoltaic
26,40,11.235,biomass
13,40,15.682,biomass
108,40,137.081,biomass
40,40,5.952,biomass
97,40,178.173,biomass
1,40,16.294,biomass
66,40,228.795,biomass
2,40,862.4549975999998,conventional_hydroelectric
14,40,128.7025344,conventional_hydroelectric
27,40,857.6617176000001,conventional_hydroelectric
35,40,833.4544592,conventional_hydroelectric
54,40,666.0481608000001,conventional_hydroelectric
67,40,1425.5510466674878,conventional_hydroelectric
84,40,15377.7412554,conventional_hydroelectric
109,40,107.76396152340001,conventional_hydroelectric
128,40,52.32546000000001,conventional_hydroelectric
139,40,47.5340736,conventional_hydroelectric
110,40,50.0,conventional_steam_coal
41,40,7219.002,conventional_steam_coal
3,40,14050.987,conventional_steam_coal
36,40,0.0,conventional_steam_coal
85,40,0.0,conventional_steam_coal
28,40,74.364,geothermal
116,40,0.0,natural_gas_fired_combined_cycle
73,40,0.0,natural_gas_fired_combined_cycle
71,40,0.0,natural_gas_fired_combined_cycle
44,40,0.0,natural_gas_fired_combined_cycle
115,40,0.0,natural_gas_fired_combined_cycle
70,40,0.0,natural_gas_fired_combined_cycle
131,40,0.0,natural_gas_fired_combined_cycle
18,40,0.0,natural_gas_fired_combined_cycle
72,40,0.0,natural_gas_fired_combined_cycle
114,40,0.0,natural_gas_fired_combined_cycle
45,40,0.0,natural_gas_fired_combined_cycle
78,40,0.0,natural_gas_fired_combustion_turbine
75,40,0.0,natural_gas_fired_combustion_turbine
119,40,0.0,natural_gas_fired_combustion_turbine
117,40,0.0,natural_gas_fired_combustion_turbine
134,40,0.0,natural_gas_fired_combustion_turbine
103,40,0.0,natural_gas_fired_combustion_turbine
47,40,0.0,natural_gas_fired_combustion_turbine
8,40,0.0,natural_gas_fired_combustion_turbine
90,40,0.0,natural_gas_fired_combustion_turbine
60,40,0.0,natural_gas_fired_combustion_turbine
46,40,0.0,natural_gas_fired_combustion_turbine
37,40,0.0,natural_gas_fired_combustion_turbine
7,40,0.0,natural_gas_fired_combustion_turbine
133,40,0.0,natural_gas_fired_combustion_turbine
74,40,0.0,natural_gas_fired_combustion_turbine
20,40,0.0,natural_gas_fired_combustion_turbine
135,40,0.0,natural_gas_fired_combustion_turbine
142,40,0.0,natural_gas_fired_combustion_turbine
121,40,0.0,natural_gas_fired_combustion_turbine
91,40,0.0,natural_gas_fired_combustion_turbine
22,40,0.0,natural_gas_steam_turbine
123,40,0.0,natural_gas_steam_turbine
62,40,0.0,natural_gas_steam_turbine
49,40,0.0,natural_gas_steam_turbine
48,40,0.0,natural_gas_steam_turbine
21,40,0.0,natural_gas_steam_turbine
79,40,7405.999,nuclear
10,40,125.81970000000003,onshore_wind_turbine
23,40,572.5962,onshore_wind_turbine
31,40,314.49402,onshore_wind_turbine
38,40,939.96045,onshore_wind_turbine
50,40,584.4544199999999,onshore_wind_turbine
63,40,149.70684006960002,onshore_wind_turbine
80,40,3.1862399999999997,onshore_wind_turbine
94,40,137.1294,onshore_wind_turbine
105,40,124.473539736,onshore_wind_turbine
124,40,1713.0394210842003,onshore_wind_turbine
136,40,1956.26025,onshore_wind_turbine
144,40,2008.6139699999997,onshore_wind_turbine
11,40,19.125,small_hydroelectric
24,40,62.577,small_hydroelectric
32,40,192.0,small_hydroelectric
39,40,52.9,small_hydroelectric
51,40,25.641,small_hydroelectric
64,40,6.128,small_hydroelectric
81,40,241.672,small_hydroelectric
95,40,418.922,small_hydroelectric
106,40,31.614,small_hydroelectric
125,40,100.697,small_hydroelectric
137,40,36.822,small_hydroelectric
145,40,33.21,small_hydroelectric
12,40,3842.69832,solar_photovoltaic
25,40,1052.6002199999998,solar_photovoltaic
33,40,423.95354999999995,solar_photovoltaic
52,40,1865.59356,solar_photovoltaic
65,40,4624.610816687699,solar_photovoltaic
82,40,5673.978179999999,solar_photovoltaic
96,40,425.80314000000004,solar_photovoltaic
107,40,6300.3664838385,solar_photovoltaic
126,40,11206.4446863795,solar_photovoltaic
138,40,782.76,solar_photovoltaic
26,41,11.235,biomass
13,41,15.682,biomass
108,41,137.081,biomass
40,41,5.952,biomass
97,41,178.173,biomass
1,41,16.294,biomass
66,41,228.795,biomass
2,41,862.4549975999998,conventional_hydroelectric
14,41,128.7025344,conventional_hydroelectric
27,41,857.6617176000001,conventional_hydroelectric
35,41,833.4544592,conventional_hydroelectric
54,41,666.0481608000001,conventional_hydroelectric
67,41,1425.5510466674878,conventional_hydroelectric
84,41,15377.7412554,conventional_hydroelectric
109,41,107.76396152340001,conventional_hydroelectric
128,41,52.32546000000001,conventional_hydroelectric
139,41,47.5340736,conventional_hydroelectric
110,41,50.0,conventional_steam_coal
41,41,7219.002,conventional_steam_coal
3,41,7426.058389805349,conventional_steam_coal
36,41,1018.5414300000002,conventional_steam_coal
85,41,0.0,conventional_steam_coal
28,41,74.364,geothermal
116,41,0.0,natural_gas_fired_combined_cycle
73,41,0.0,natural_gas_fired_combined_cycle
71,41,0.0,natural_gas_fired_combined_cycle
44,41,0.0,natural_gas_fired_combined_cycle
115,41,0.0,natural_gas_fired_combined_cycle
70,41,0.0,natural_gas_fired_combined_cycle
131,41,0.0,natural_gas_fired_combined_cycle
18,41,0.0,natural_gas_fired_combined_cycle
72,41,0.0,natural_gas_fired_combined_cycle
114,41,0.0,natural_gas_fired_combined_cycle
45,41,0.0,natural_gas_fired_combined_cycle
78,41,0.0,natural_gas_fired_combustion_turbine
75,41,0.0,natural_gas_fired_combustion_turbine
119,41,0.0,natural_gas_fired_combustion_turbine
117,41,0.0,natural_gas_fired_combustion_turbine
134,41,0.0,natural_gas_fired_combustion_turbine
103,41,0.0,natural_gas_fired_combustion_turbine
47,41,0.0,natural_gas_fired_combustion_turbine
8,41,0.0,natural_gas_fired_combustion_turbine
90,41,0.0,natural_gas_fired_combustion_turbine
60,41,0.0,natural_gas_fired_combustion_turbine
46,41,0.0,natural_gas_fired_combustion_turbine
37,41,0.0,natural_gas_fired_combustion_turbine
7,41,0.0,natural_gas_fired_combustion_turbine
133,41,0.0,natural_gas_fired_combustion_turbine
74,41,0.0,natural_gas_fired_combustion_turbine
20,41,0.0,natural_gas_fired_combustion_turbine
135,41,0.0,natural_gas_fired_combustion_turbine
142,41,0.0,natural_gas_fired_combustion_turbine
121,41,0.0,natural_gas_fired_combustion_turbine
91,41,0.0,natural_gas_fired_combustion_turbine
22,41,0.0,natural_gas_steam_turbine
123,41,0.0,natural_gas_steam_turbine
62,41,0.0,natural_gas_steam_turbine
49,41,0.0,natural_gas_steam_turbine
48,41,0.0,natural_gas_steam_turbine
21,41,0.0,natural_gas_steam_turbine
79,41,7405.999,nuclear
10,41,131.68614000000002,onshore_wind_turbine
23,41,1422.3066000000001,onshore_wind_turbine
31,41,199.99376999999998,onshore_wind_turbine
38,41,817.26165,onshore_wind_turbine
50,41,364.66703999999993,onshore_wind_turbine
63,41,46.022159964,onshore_wind_turbine
80,41,960.65136,onshore_wind_turbine
94,41,182.83919999999998,onshore_wind_turbine
105,41,43.924439727,onshore_wind_turbine
124,41,2591.4902937594,onshore_wind_turbine
136,41,1603.16973,onshore_wind_turbine
144,41,2160.6272099999996,onshore_wind_turbine
11,41,19.125,small_hydroelectric
24,41,62.577,small_hydroelectric
32,41,192.0,small_hydroelectric
39,41,52.9,small_hydroelectric
51,41,25.641,small_hydroelectric
64,41,6.128,small_hydroelectric
81,41,241.672,small_hydroelectric
95,41,418.922,small_hydroelectric
106,41,31.614,small_hydroelectric
125,41,100.697,small_hydroelectric
137,41,36.822,small_hydroelectric
145,41,33.21,small_hydroelectric
12,41,2912.29074,solar_photovoltaic
25,41,733.92162,solar_photovoltaic
33,41,459.26415000000003,solar_photovoltaic
52,41,1260.4161,solar_photovoltaic
65,41,3071.9141380061997,solar_photovoltaic
82,41,4831.995269999999,solar_photovoltaic
96,41,361.51077000000004,solar_photovoltaic
107,41,4821.700834344,solar_photovoltaic
126,41,8859.458396304,solar_photovoltaic
138,41,426.6042,solar_photovoltaic
26,42,11.235,biomass
13,42,15.682,biomass
108,42,137.081,biomass
40,42,5.952,biomass
97,42,178.173,biomass
1,42,16.294,biomass
66,42,228.795,biomass
2,42,862.4549975999998,conventional_hydroelectric
14,42,128.7025344,conventional_hydroelectric
27,42,857.6617176000001,conventional_hydroelectric
35,42,833.4544592,conventional_hydroelectric
54,42,666.0481608000001,conventional_hydroelectric
67,42,1425.5510466674878,conventional_hydroelectric
84,42,15377.7412554,conventional_hydroelectric
109,42,107.76396152340001,conventional_hydroelectric
128,42,52.32546000000001,conventional_hydroelectric
139,42,47.5340736,conventional_hydroelectric
110,42,50.0,conventional_steam_coal
41,42,7219.002,conventional_steam_coal
3,42,14050.987,conventional_steam_coal
36,42,2368.701,conventional_steam_coal
85,42,0.0,conventional_steam_coal
28,42,74.364,geothermal
116,42,0.0,natural_gas_fired_combined_cycle
73,42,0.0,natural_gas_fired_combined_cycle
71,42,0.0,natural_gas_fired_combined_cycle
44,42,0.0,natural_gas_fired_combined_cycle
115,42,0.0,natural_gas_fired_combined_cycle
70,42,0.0,natural_gas_fired_combined_cycle
131,42,0.0,natural_gas_fired_combined_cycle
18,42,0.0,natural_gas_fired_combined_cycle
72,42,0.0,natural_gas_fired_combined_cycle
114,42,0.0,natural_gas_fired_combined_cycle
45,42,0.0,natural_gas_fired_combined_cycle
78,42,0.0,natural_gas_fired_combustion_turbine
75,42,0.0,natural_gas_fired_combustion_turbine
119,42,0.0,natural_gas_fired_combustion_turbine
117,42,0.0,natural_gas_fired_combustion_turbine
134,42,0.0,natural_gas_fired_combustion_turbine
103,42,0.0,natural_gas_fired_combustion_turbine
47,42,0.0,natural_gas_fired_combustion_turbine
8,42,0.0,natural_gas_fired_combustion_turbine
90,42,0.0,natural_gas_fired_combustion_turbine
60,42,0.0,natural_gas_fired_combustion_turbine
46,42,0.0,natural_gas_fired_combustion_turbine
37,42,0.0,natural_gas_fired_combustion_turbine
7,42,0.0,natural_gas_fired_combustion_turbine
133,42,0.0,natural_gas_fired_combustion_turbine
74,42,0.0,natural_gas_fired_combustion_turbine
20,42,0.0,natural_gas_fired_combustion_turbine
135,42,0.0,natural_gas_fired_combustion_turbine
142,42,0.0,natural_gas_fired_combustion_turbine
121,42,0.0,natural_gas_fired_combustion_turbine
91,42,0.0,natural_gas_fired_combustion_turbine
22,42,0.0,natural_gas_steam_turbine
123,42,0.0,natural_gas_steam_turbine
62,42,0.0,natural_gas_steam_turbine
49,42,0.0,natural_gas_steam_turbine
48,42,0.0,natural_gas_steam_turbine
21,42,0.0,natural_gas_steam_turbine
79,42,7405.999,nuclear
10,42,111.84831000000001,onshore_wind_turbine
23,42,2392.6056,onshore_wind_turbine
31,42,160.80924000000002,onshore_wind_turbine
38,42,610.5726000000001,onshore_wind_turbine
50,42,398.92715999999996,onshore_wind_turbine
63,42,42.274559947200004,onshore_wind_turbine
80,42,1664.8103999999998,onshore_wind_turbine
94,42,321.5448,onshore_wind_turbine
105,42,45.615899448,onshore_wind_turbine
124,42,2993.0776175058004,onshore_wind_turbine
136,42,1180.3091400000003,onshore_wind_turbine
144,42,2604.6171,onshore_wind_turbine
11,42,19.125,small_hydroelectric
24,42,62.577,small_hydroelectric
32,42,192.0,small_hydroelectric
39,42,52.9,small_hydroelectric
51,42,25.641,small_hydroelectric
64,42,6.128,small_hydroelectric
81,42,241.672,small_hydroelectric
95,42,418.922,small_hydroelectric
106,42,31.614,small_hydroelectric
125,42,100.697,small_hydroelectric
137,42,36.822,small_hydroelectric
145,42,33.21,small_hydroelectric
12,42,1457.65872,solar_photovoltaic
25,42,170.06868,solar_photovoltaic
33,42,311.08035,solar_photovoltaic
52,42,240.53063999999998,solar_photovoltaic
65,42,1343.6422209807,solar_photovoltaic
82,42,3015.0847799999997,solar_photovoltaic
96,42,242.68638000000004,solar_photovoltaic
107,42,2535.8192400285,solar_photovoltaic
126,42,5997.826948944,solar_photovoltaic
138,42,114.08726999999999,solar_photovoltaic
26,43,11.235,biomass
13,43,15.682,biomass
108,43,137.081,biomass
40,43,5.952,biomass
97,43,178.173,biomass
1,43,16.294,biomass
66,43,228.795,biomass
2,43,862.4549975999998,conventional_hydroelectric
14,43,128.7025344,conventional_hydroelectric
27,43,857.6617176000001,conventional_hydroelectric
35,43,833.4544592,conventional_hydroelectric
54,43,666.0481608000001,conventional_hydroelectric
67,43,1425.5510466674878,conventional_hydroelectric
84,43,15377.7412554,conventional_hydroelectric
109,43,107.76396152340001,conventional_hydroelectric
128,43,52.32546000000001,conventional_hydroelectric
139,43,47.5340736,conventional_hydroelectric
110,43,50.0,conventional_steam_coal
41,43,7219.002,conventional_steam_coal
3,43,14050.987,conventional_steam_coal
36,43,2368.701,conventional_steam_coal
85,43,0.0,conventional_steam_coal
28,43,74.364,geothermal
116,43,0.0,natural_gas_fired_combined_cycle
73,43,0.0,natural_gas_fired_combined_cycle
71,43,0.0,natural_gas_fired_combined_cycle
44,43,0.0,natural_gas_fired_combined_cycle
115,43,0.0,natural_gas_fired_combined_cycle
70,43,0.0,natural_gas_fired_combined_cycle
131,43,0.0,natural_gas_fired_combined_cycle
18,43,0.0,natural_gas_fired_combined_cycle
72,43,0.0,natural_gas_fired_combined_cycle
114,43,0.0,natural_gas_fired_combined_cycle
45,43,0.0,natural_gas_fired_combined_cycle
78,43,0.0,natural_gas_fired_combustion_turbine
75,43,0.0,natural_gas_fired_combustion_turbine
119,43,0.0,natural_gas_fired_combustion_turbine
117,43,0.0,natural_gas_fired_combustion_turbine
134,43,0.0,natural_gas_fired_combustion_turbine
103,43,0.0,natural_gas_fired_combustion_turbine
47,43,0.0,natural_gas_fired_combustion_turbine
8,43,0.0,natural_gas_fired_combustion_turbine
90,43,0.0,natural_gas_fired_combustion_turbine
60,43,0.0,natural_gas_fired_combustion_turbine
46,43,0.0,natural_gas_fired_combustion_turbine
37,43,0.0,natural_gas_fired_combustion_turbine
7,43,0.0,natural_gas_fired_combustion_turbine
133,43,0.0,natural_gas_fired_combustion_turbine
74,43,0.0,natural_gas_fired_combustion_turbine
20,43,0.0,natural_gas_fired_combustion_turbine
135,43,0.0,natural_gas_fired_combustion_turbine
142,43,0.0,natural_gas_fired_combustion_turbine
121,43,0.0,natural_gas_fired_combustion_turbine
91,43,0.0,natural_gas_fired_combustion_turbine
22,43,0.0,natural_gas_steam_turbine
123,43,0.0,natural_gas_steam_turbine
62,43,0.0,natural_gas_steam_turbine
49,43,0.0,natural_gas_steam_turbine
48,43,0.0,natural_gas_steam_turbine
21,43,0.0,natural_gas_steam_turbine
79,43,7405.999,nuclear
10,43,118.33227000000001,onshore_wind_turbine
23,43,3029.0898,onshore_wind_turbine
31,43,118.06247999999998,onshore_wind_turbine
38,43,458.41634999999997,onshore_wind_turbine
50,43,462.51161999999994,onshore_wind_turbine
63,43,43.63488,onshore_wind_turbine
80,43,318.62399999999997,onshore_wind_turbine
94,43,1609.3002,onshore_wind_turbine
105,43,44.5209597,onshore_wind_turbine
124,43,2463.5520645186,onshore_wind_turbine
136,43,840.3246,onshore_wind_turbine
144,43,2883.6170099999995,onshore_wind_turbine
11,43,19.125,small_hydroelectric
24,43,62.577,small_hydroelectric
32,43,192.0,small_hydroelectric
39,43,52.9,small_hydroelectric
51,43,25.641,small_hydroelectric
64,43,6.128,small_hydroelectric
81,43,241.672,small_hydroelectric
95,43,418.922,small_hydroelectric
106,43,31.614,small_hydroelectric
125,43,100.697,small_hydroelectric
137,43,36.822,small_hydroelectric
145,43,33.21,small_hydroelectric
12,43,0.0,solar_photovoltaic
25,43,0.0,solar_photovoltaic
33,43,0.0,solar_photovoltaic
52,43,0.0,solar_photovoltaic
65,43,27.337680521099998,solar_photovoltaic
82,43,872.91972,solar_photovoltaic
96,43,53.90232,solar_photovoltaic
107,43,0.0,solar_photovoltaic
126,43,219.081921303,solar_photovoltaic
138,43,0.0,solar_photovoltaic
26,44,11.235,biomass
13,44,15.682,biomass
108,44,137.081,biomass
40,44,5.952,biomass
97,44,178.173,biomass
1,44,16.294,biomass
66,44,228.795,biomass
2,44,862.4549975999998,conventional_hydroelectric
14,44,128.7025344,conventional_hydroelectric
27,44,857.6617176000001,conventional_hydroelectric
35,44,833.4544592,conventional_hydroelectric
54,44,666.0481608000001,conventional_hydroelectric
67,44,1425.5510466674878,conventional_hydroelectric
84,44,15377.7412554,conventional_hydroelectric
109,44,107.76396152340001,conventional_hydroelectric
128,44,52.32546000000001,conventional_hydroelectric
139,44,47.5340736,conventional_hydroelectric
110,44,50.0,conventional_steam_coal
41,44,7219.002,conventional_steam_coal
3,44,14050.987,conventional_steam_coal
36,44,2368.701,conventional_steam_coal
85,44,763.8,conventional_steam_coal
28,44,74.364,geothermal
116,44,36.160000000000004,natural_gas_fired_combined_cycle
73,44,186.7303349520967,natural_gas_fired_combined_cycle
71,44,0.0,natural_gas_fired_combined_cycle
44,44,0.0,natural_gas_fired_combined_cycle
115,44,0.0,natural_gas_fired_combined_cycle
70,44,0.0,natural_gas_fired_combined_cycle
131,44,0.0,natural_gas_fired_combined_cycle
18,44,0.0,natural_gas_fired_combined_cycle
72,44,0.0,natural_gas_fired_combined_cycle
114,44,0.0,natural_gas_fired_combined_cycle
45,44,0.0,natural_gas_fired_combined_cycle
78,44,257.0,natural_gas_fired_combustion_turbine
75,44,0.0,natural_gas_fired_combustion_turbine
119,44,0.0,natural_gas_fired_combustion_turbine
117,44,0.0,natural_gas_fired_combustion_turbine
134,44,0.0,natural_gas_fired_combustion_turbine
103,44,0.0,natural_gas_fired_combustion_turbine
47,44,0.0,natural_gas_fired_combustion_turbine
8,44,0.0,natural_gas_fired_combustion_turbine
90,44,0.0,natural_gas_fired_combustion_turbine
60,44,0.0,natural_gas_fired_combustion_turbine
46,44,0.0,natural_gas_fired_combustion_turbine
37,44,0.0,natural_gas_fired_combustion_turbine
7,44,0.0,natural_gas_fired_combustion_turbine
133,44,0.0,natural_gas_fired_combustion_turbine
74,44,0.0,natural_gas_fired_combustion_turbine
20,44,0.0,natural_gas_fired_combustion_turbine
135,44,0.0,natural_gas_fired_combustion_turbine
142,44,0.0,natural_gas_fired_combustion_turbine
121,44,0.0,natural_gas_fired_combustion_turbine
91,44,0.0,natural_gas_fired_combustion_turbine
22,44,0.0,natural_gas_steam_turbine
123,44,0.0,natural_gas_steam_turbine
62,44,0.0,natural_gas_steam_turbine
49,44,0.0,natural_gas_steam_turbine
48,44,0.0,natural_gas_steam_turbine
21,44,0.0,natural_gas_steam_turbine
79,44,7405.999,nuclear
10,44,148.89951000000002,onshore_wind_turbine
23,44,3304.6068,onshore_wind_turbine
31,44,911.9308799999999,onshore_wind_turbine
38,44,374.42609999999996,onshore_wind_turbine
50,44,458.44685999999996,onshore_wind_turbine
63,44,11.035920012,onshore_wind_turbine
80,44,77.26632,onshore_wind_turbine
94,44,2296.5234,onshore_wind_turbine
105,44,181.692180621,onshore_wind_turbine
124,44,3038.4624576240003,onshore_wind_turbine
136,44,445.98879,onshore_wind_turbine
144,44,2424.7965599999998,onshore_wind_turbine
11,44,19.125,small_hydroelectric
24,44,62.577,small_hydroelectric
32,44,192.0,small_hydroelectric
39,44,52.9,small_hydroelectric
51,44,25.641,small_hydroelectric
64,44,6.128,small_hydroelectric
81,44,241.672,small_hydroelectric
95,44,418.922,small_hydroelectric
106,44,31.614,small_hydroelectric
125,44,100.697,small_hydroelectric
137,44,36.822,small_hydroelectric
145,44,33.21,small_hydroelectric
12,44,0.0,solar_photovoltaic
25,44,0.0,solar_photovoltaic
33,44,0.0,solar_photovoltaic
52,44,0.0,solar_photovoltaic
65,44,0.0,solar_photovoltaic
82,44,0.0,solar_photovoltaic
96,44,0.0,solar_photovoltaic
107,44,0.0,solar_photovoltaic
126,44,0.0,solar_photovoltaic
138,44,0.0,solar_photovoltaic
26,45,11.235,biomass
13,45,15.682,biomass
108,45,137.081,biomass
40,45,5.952,biomass
97,45,178.173,biomass
1,45,16.294,biomass
66,45,228.795,biomass
2,45,862.4549975999998,conventional_hydroelectric
14,45,128.7025344,conventional_hydroelectric
27,45,857.6617176000001,conventional_hydroelectric
35,45,833.4544592,conventional_hydroelectric
54,45,666.0481608000001,conventional_hydroelectric
67,45,1425.5510466674878,conventional_hydroelectric
84,45,15377.7412554,conventional_hydroelectric
109,45,107.76396152340001,conventional_hydroelectric
128,45,52.32546000000001,conventional_hydroelectric
139,45,47.5340736,conventional_hydroelectric
110,45,50.0,conventional_steam_coal
41,45,7219.002,conventional_steam_coal
3,45,14050.987,conventional_steam_coal
36,45,2368.701,conventional_steam_coal
85,45,0.0,conventional_steam_coal
28,45,74.364,geothermal
116,45,0.0,natural_gas_fired_combined_cycle
73,45,0.0,natural_gas_fired_combined_cycle
71,45,0.0,natural_gas_fired_combined_cycle
44,45,0.0,natural_gas_fired_combined_cycle
115,45,0.0,natural_gas_fired_combined_cycle
70,45,0.0,natural_gas_fired_combined_cycle
131,45,0.0,natural_gas_fired_combined_cycle
18,45,0.0,natural_gas_fired_combined_cycle
72,45,0.0,natural_gas_fired_combined_cycle
114,45,0.0,natural_gas_fired_combined_cycle
45,45,0.0,natural_gas_fired_combined_cycle
78,45,0.0,natural_gas_fired_combustion_turbine
75,45,0.0,natural_gas_fired_combustion_turbine
119,45,0.0,natural_gas_fired_combustion_turbine
117,45,0.0,natural_gas_fired_combustion_turbine
134,45,0.0,natural_gas_fired_combustion_turbine
103,45,0.0,natural_gas_fired_combustion_turbine
47,45,0.0,natural_gas_fired_combustion_turbine
8,45,0.0,natural_gas_fired_combustion_turbine
90,45,0.0,natural_gas_fired_combustion_turbine
60,45,0.0,natural_gas_fired_combustion_turbine
46,45,0.0,natural_gas_fired_combustion_turbine
37,45,0.0,natural_gas_fired_combustion_turbine
7,45,0.0,natural_gas_fired_combustion_turbine
133,45,0.0,natural_gas_fired_combustion_turbine
74,45,0.0,natural_gas_fired_combustion_turbine
20,45,0.0,natural_gas_fired_combustion_turbine
135,45,0.0,natural_gas_fired_combustion_turbine
142,45,0.0,natural_gas_fired_combustion_turbine
121,45,0.0,natural_gas_fired_combustion_turbine
91,45,0.0,natural_gas_fired_combustion_turbine
22,45,0.0,natural_gas_steam_turbine
123,45,0.0,natural_gas_steam_turbine
62,45,0.0,natural_gas_steam_turbine
49,45,0.0,natural_gas_steam_turbine
48,45,0.0,natural_gas_steam_turbine
21,45,0.0,natural_gas_steam_turbine
79,45,7405.999,nuclear
10,45,174.52659000000003,onshore_wind_turbine
23,45,4111.192800000001,onshore_wind_turbine
31,45,1426.9275599999999,onshore_wind_turbine
38,45,390.73725,onshore_wind_turbine
50,45,567.0340199999999,onshore_wind_turbine
63,45,11.5169999016,onshore_wind_turbine
80,45,163.69307999999998,onshore_wind_turbine
94,45,2425.7718,onshore_wind_turbine
105,45,543.992040711,onshore_wind_turbine
124,45,4080.4291215798003,onshore_wind_turbine
136,45,473.3571600000001,onshore_wind_turbine
144,45,2810.39112,onshore_wind_turbine
11,45,19.125,small_hydroelectric
24,45,62.577,small_hydroelectric
32,45,192.0,small_hydroelectric
39,45,52.9,small_hydroelectric
51,45,25.641,small_hydroelectric
64,45,6.128,small_hydroelectric
81,45,241.672,small_hydroelectric
95,45,418.922,small_hydroelectric
106,45,31.614,small_hydroelectric
125,45,100.697,small_hydroelectric
137,45,36.822,small_hydroelectric
145,45,33.21,small_hydroelectric
12,45,0.0,solar_photovoltaic
25,45,0.0,solar_photovoltaic
33,45,0.0,solar_photovoltaic
52,45,0.0,solar_photovoltaic
65,45,0.0,solar_photovoltaic
82,45,0.0,solar_photovoltaic
96,45,0.0,solar_photovoltaic
107,45,0.0,solar_photovoltaic
126,45,0.0,solar_photovoltaic
138,45,0.0,solar_photovoltaic
26,46,11.235,biomass
13,46,15.682,biomass
108,46,137.081,biomass
40,46,5.952,biomass
97,46,178.173,biomass
1,46,16.294,biomass
66,46,228.795,biomass
2,46,862.4549975999998,conventional_hydroelectric
14,46,128.7025344,conventional_hydroelectric
27,46,857.6617176000001,conventional_hydroelectric
35,46,833.4544592,conventional_hydroelectric
54,46,666.0481608000001,conventional_hydroelectric
67,46,1425.5510466674878,conventional_hydroelectric
84,46,15377.7412554,conventional_hydroelectric
109,46,107.76396152340001,conventional_hydroelectric
128,46,52.32546000000001,conventional_hydroelectric
139,46,47.5340736,conventional_hydroelectric
110,46,50.0,conventional_steam_coal
41,46,7219.002,conventional_steam_coal
3,46,14050.987,conventional_steam_coal
36,46,2368.701,conventional_steam_coal
85,46,0.0,conventional_steam_coal
28,46,74.364,geothermal
116,46,0.0,natural_gas_fired_combined_cycle
73,46,0.0,natural_gas_fired_combined_cycle
71,46,0.0,natural_gas_fired_combined_cycle
44,46,0.0,natural_gas_fired_combined_cycle
115,46,0.0,natural_gas_fired_combined_cycle
70,46,0.0,natural_gas_fired_combined_cycle
131,46,0.0,natural_gas_fired_combined_cycle
18,46,0.0,natural_gas_fired_combined_cycle
72,46,0.0,natural_gas_fired_combined_cycle
114,46,0.0,natural_gas_fired_combined_cycle
45,46,0.0,natural_gas_fired_combined_cycle
78,46,0.0,natural_gas_fired_combustion_turbine
75,46,0.0,natural_gas_fired_combustion_turbine
119,46,0.0,natural_gas_fired_combustion_turbine
117,46,0.0,natural_gas_fired_combustion_turbine
134,46,0.0,natural_gas_fired_combustion_turbine
103,46,0.0,natural_gas_fired_combustion_turbine
47,46,0.0,natural_gas_fired_combustion_turbine
8,46,0.0,natural_gas_fired_combustion_turbine
90,46,0.0,natural_gas_fired_combustion_turbine
60,46,0.0,natural_gas_fired_combustion_turbine
46,46,0.0,natural_gas_fired_combustion_turbine
37,46,0.0,natural_gas_fired_combustion_turbine
7,46,0.0,natural_gas_fired_combustion_turbine
133,46,0.0,natural_gas_fired_combustion_turbine
74,46,0.0,natural_gas_fired_combustion_turbine
20,46,0.0,natural_gas_fired_combustion_turbine
135,46,0.0,natural_gas_fired_combustion_turbine
142,46,0.0,natural_gas_fired_combustion_turbine
121,46,0.0,natural_gas_fired_combustion_turbine
91,46,0.0,natural_gas_fired_combustion_turbine
22,46,0.0,natural_gas_steam_turbine
123,46,0.0,natural_gas_steam_turbine
62,46,0.0,natural_gas_steam_turbine
49,46,0.0,natural_gas_steam_turbine
48,46,0.0,natural_gas_steam_turbine
21,46,0.0,natural_gas_steam_turbine
79,46,7405.999,nuclear
10,46,241.91346000000004,onshore_wind_turbine
23,46,4725.3162,onshore_wind_turbine
31,46,1443.21204,onshore_wind_turbine
38,46,224.21745,onshore_wind_turbine
50,46,767.9493,onshore_wind_turbine
63,46,32.199359896800004,onshore_wind_turbine
80,46,146.96532,onshore_wind_turbine
94,46,1353.9558,onshore_wind_turbine
105,46,633.277739871,onshore_wind_turbine
124,46,5039.028780475801,onshore_wind_turbine
136,46,587.07081,onshore_wind_turbine
144,46,2675.0622599999997,onshore_wind_turbine
11,46,19.125,small_hydroelectric
24,46,62.577,small_hydroelectric
32,46,192.0,small_hydroelectric
39,46,52.9,small_hydroelectric
51,46,25.641,small_hydroelectric
64,46,6.128,small_hydroelectric
81,46,241.672,small_hydroelectric
95,46,418.922,small_hydroelectric
106,46,31.614,small_hydroelectric
125,46,100.697,small_hydroelectric
137,46,36.822,small_hydroelectric
145,46,33.21,small_hydroelectric
12,46,0.0,solar_photovoltaic
25,46,0.0,solar_photovoltaic
33,46,0.0,solar_photovoltaic
52,46,0.0,solar_photovoltaic
65,46,0.0,solar_photovoltaic
82,46,0.0,solar_photovoltaic
96,46,0.0,solar_photovoltaic
107,46,0.0,solar_photovoltaic
126,46,0.0,solar_photovoltaic
138,46,0.0,solar_photovoltaic
26,47,11.235,biomass
13,47,15.682,biomass
108,47,137.081,biomass
40,47,5.952,biomass
97,47,178.173,biomass
1,47,16.294,biomass
66,47,228.795,biomass
2,47,862.4549975999998,conventional_hydroelectric
14,47,128.7025344,conventional_hydroelectric
27,47,857.6617176000001,conventional_hydroelectric
35,47,833.4544592,conventional_hydroelectric
54,47,666.0481608000001,conventional_hydroelectric
67,47,1425.5510466674878,conventional_hydroelectric
84,47,15377.7412554,conventional_hydroelectric
109,47,107.76396152340001,conventional_hydroelectric
128,47,52.32546000000001,conventional_hydroelectric
139,47,47.5340736,conventional_hydroelectric
110,47,50.0,conventional_steam_coal
41,47,7219.002,conventional_steam_coal
3,47,14050.987,conventional_steam_coal
36,47,2368.701,conventional_steam_coal
85,47,0.0,conventional_steam_coal
28,47,74.364,geothermal
116,47,0.0,natural_gas_fired_combined_cycle
73,47,0.0,natural_gas_fired_combined_cycle
71,47,0.0,natural_gas_fired_combined_cycle
44,47,0.0,natural_gas_fired_combined_cycle
115,47,0.0,natural_gas_fired_combined_cycle
70,47,0.0,natural_gas_fired_combined_cycle
131,47,0.0,natural_gas_fired_combined_cycle
18,47,0.0,natural_gas_fired_combined_cycle
72,47,0.0,natural_gas_fired_combined_cycle
114,47,0.0,natural_gas_fired_combined_cycle
45,47,0.0,natural_gas_fired_combined_cycle
78,47,0.0,natural_gas_fired_combustion_turbine
75,47,0.0,natural_gas_fired_combustion_turbine
119,47,0.0,natural_gas_fired_combustion_turbine
117,47,0.0,natural_gas_fired_combustion_turbine
134,47,0.0,natural_gas_fired_combustion_turbine
103,47,0.0,natural_gas_fired_combustion_turbine
47,47,0.0,natural_gas_fired_combustion_turbine
8,47,0.0,natural_gas_fired_combustion_turbine
90,47,0.0,natural_gas_fired_combustion_turbine
60,47,0.0,natural_gas_fired_combustion_turbine
46,47,0.0,natural_gas_fired_combustion_turbine
37,47,0.0,natural_gas_fired_combustion_turbine
7,47,0.0,natural_gas_fired_combustion_turbine
133,47,0.0,natural_gas_fired_combustion_turbine
74,47,0.0,natural_gas_fired_combustion_turbine
20,47,0.0,natural_gas_fired_combustion_turbine
135,47,0.0,natural_gas_fired_combustion_turbine
142,47,0.0,natural_gas_fired_combustion_turbine
121,47,0.0,natural_gas_fired_combustion_turbine
91,47,0.0,natural_gas_fired_combustion_turbine
22,47,0.0,natural_gas_steam_turbine
123,47,0.0,natural_gas_steam_turbine
62,47,0.0,natural_gas_steam_turbine
49,47,0.0,natural_gas_steam_turbine
48,47,0.0,natural_gas_steam_turbine
21,47,0.0,natural_gas_steam_turbine
79,47,7405.999,nuclear
10,47,205.86573,onshore_wind_turbine
23,47,5008.0206,onshore_wind_turbine
31,47,1651.3480499999998,onshore_wind_turbine
38,47,283.86269999999996,onshore_wind_turbine
50,47,1055.96658,onshore_wind_turbine
63,47,16.8772800312,onshore_wind_turbine
80,47,331.76723999999996,onshore_wind_turbine
94,47,2312.2853999999998,onshore_wind_turbine
105,47,476.12111979599996,onshore_wind_turbine
124,47,5885.6379576852005,onshore_wind_turbine
136,47,644.50584,onshore_wind_turbine
144,47,2660.2316999999994,onshore_wind_turbine
11,47,19.125,small_hydroelectric
24,47,62.577,small_hydroelectric
32,47,192.0,small_hydroelectric
39,47,52.9,small_hydroelectric
51,47,25.641,small_hydroelectric
64,47,6.128,small_hydroelectric
81,47,241.672,small_hydroelectric
95,47,418.922,small_hydroelectric
106,47,31.614,small_hydroelectric
125,47,100.697,small_hydroelectric
137,47,36.822,small_hydroelectric
145,47,33.21,small_hydroelectric
12,47,0.0,solar_photovoltaic
25,47,0.0,solar_photovoltaic
33,47,0.0,solar_photovoltaic
52,47,0.0,solar_photovoltaic
65,47,0.0,solar_photovoltaic
82,47,0.0,solar_photovoltaic
96,47,0.0,solar_photovoltaic
107,47,0.0,solar_photovoltaic
126,47,0.0,solar_photovoltaic
138,47,0.0,solar_photovoltaic
26,48,11.235,biomass
13,48,15.682,biomass
108,48,137.081,biomass
40,48,5.952,biomass
97,48,178.173,biomass
1,48,16.294,biomass
66,48,228.795,biomass
2,48,862.4549975999998,conventional_hydroelectric
14,48,128.7025344,conventional_hydroelectric
27,48,857.6617176000001,conventional_hydroelectric
35,48,833.4544592,conventional_hydroelectric
54,48,666.0481608000001,conventional_hydroelectric
67,48,1425.5510466674878,conventional_hydroelectric
84,48,15377.7412554,conventional_hydroelectric
109,48,107.76396152340001,conventional_hydroelectric
128,48,52.32546000000001,conventional_hydroelectric
139,48,47.5340736,conventional_hydroelectric
110,48,50.0,conventional_steam_coal
41,48,7219.002,conventional_steam_coal
3,48,13856.968889166314,conventional_steam_coal
36,48,1018.5414300000002,conventional_steam_coal
85,48,0.0,conventional_steam_coal
28,48,74.364,geothermal
116,48,0.0,natural_gas_fired_combined_cycle
73,48,0.0,natural_gas_fired_combined_cycle
71,48,0.0,natural_gas_fired_combined_cycle
44,48,0.0,natural_gas_fired_combined_cycle
115,48,0.0,natural_gas_fired_combined_cycle
70,48,0.0,natural_gas_fired_combined_cycle
131,48,0.0,natural_gas_fired_combined_cycle
18,48,0.0,natural_gas_fired_combined_cycle
72,48,0.0,natural_gas_fired_combined_cycle
114,48,0.0,natural_gas_fired_combined_cycle
45,48,0.0,natural_gas_fired_combined_cycle
78,48,0.0,natural_gas_fired_combustion_turbine
75,48,0.0,natural_gas_fired_combustion_turbine
119,48,0.0,natural_gas_fired_combustion_turbine
117,48,0.0,natural_gas_fired_combustion_turbine
134,48,0.0,natural_gas_fired_combustion_turbine
103,48,0.0,natural_gas_fired_combustion_turbine
47,48,0.0,natural_gas_fired_combustion_turbine
8,48,0.0,natural_gas_fired_combustion_turbine
90,48,0.0,natural_gas_fired_combustion_turbine
60,48,0.0,natural_gas_fired_combustion_turbine
46,48,0.0,natural_gas_fired_combustion_turbine
37,48,0.0,natural_gas_fired_combustion_turbine
7,48,0.0,natural_gas_fired_combustion_turbine
133,48,0.0,natural_gas_fired_combustion_turbine
74,48,0.0,natural_gas_fired_combustion_turbine
20,48,0.0,natural_gas_fired_combustion_turbine
135,48,0.0,natural_gas_fired_combustion_turbine
142,48,0.0,natural_gas_fired_combustion_turbine
121,48,0.0,natural_gas_fired_combustion_turbine
91,48,0.0,natural_gas_fired_combustion_turbine
22,48,0.0,natural_gas_steam_turbine
123,48,0.0,natural_gas_steam_turbine
62,48,0.0,natural_gas_steam_turbine
49,48,0.0,natural_gas_steam_turbine
48,48,0.0,natural_gas_steam_turbine
21,48,0.0,natural_gas_steam_turbine
79,48,7405.999,nuclear
10,48,189.34707,onshore_wind_turbine
23,48,4555.2144,onshore_wind_turbine
31,48,1510.8944099999999,onshore_wind_turbine
38,48,489.57795,onshore_wind_turbine
50,48,902.9573999999999,onshore_wind_turbine
63,48,10.3619999736,onshore_wind_turbine
80,48,232.9938,onshore_wind_turbine
94,48,4370.8026,onshore_wind_turbine
105,48,509.56745943600004,onshore_wind_turbine
124,48,4379.664634633201,onshore_wind_turbine
136,48,924.3570600000002,onshore_wind_turbine
144,48,3626.0719199999994,onshore_wind_turbine
11,48,19.125,small_hydroelectric
24,48,62.577,small_hydroelectric
32,48,192.0,small_hydroelectric
39,48,52.9,small_hydroelectric
51,48,25.641,small_hydroelectric
64,48,6.128,small_hydroelectric
81,48,241.672,small_hydroelectric
95,48,418.922,small_hydroelectric
106,48,31.614,small_hydroelectric
125,48,100.697,small_hydroelectric
137,48,36.822,small_hydroelectric
145,48,33.21,small_hydroelectric
12,48,0.0,solar_photovoltaic
25,48,0.0,solar_photovoltaic
33,48,0.0,solar_photovoltaic
52,48,0.0,solar_photovoltaic
65,48,0.0,solar_photovoltaic
82,48,0.0,solar_photovoltaic
96,48,0.0,solar_photovoltaic
107,48,0.0,solar_photovoltaic
126,48,0.0,solar_photovoltaic
138,48,0.0,solar_photovoltaic
26,49,11.235,biomass
13,49,15.682,biomass
108,49,137.081,biomass
40,49,5.952,biomass
97,49,178.173,biomass
1,49,16.294,biomass
66,49,228.795,biomass
2,49,862.4549975999998,conventional_hydroelectric
14,49,128.7025344,conventional_hydroelectric
27,49,857.6617176000001,conventional_hydroelectric
35,49,833.4544592,conventional_hydroelectric
54,49,666.0481608000001,conventional_hydroelectric
67,49,1425.5510466674878,conventional_hydroelectric
84,49,15377.7412554,conventional_hydroelectric
109,49,107.76396152340001,conventional_hydroelectric
128,49,52.32546000000001,conventional_hydroelectric
139,49,47.5340736,conventional_hydroelectric
110,49,50.0,conventional_steam_coal
41,49,7219.002,conventional_steam_coal
3,49,6580.442839790923,conventional_steam_coal
36,49,0.0,conventional_steam_coal
85,49,0.0,conventional_steam_coal
28,49,74.364,geothermal
116,49,0.0,natural_gas_fired_combined_cycle
73,49,0.0,natural_gas_fired_combined_cycle
71,49,0.0,natural_gas_fired_combined_cycle
44,49,0.0,natural_gas_fired_combined_cycle
115,49,0.0,natural_gas_fired_combined_cycle
70,49,0.0,natural_gas_fired_combined_cycle
131,49,0.0,natural_gas_fired_combined_cycle
18,49,0.0,natural_gas_fired_combined_cycle
72,49,0.0,natural_gas_fired_combined_cycle
114,49,0.0,natural_gas_fired_combined_cycle
45,49,0.0,natural_gas_fired_combined_cycle
78,49,0.0,natural_gas_fired_combustion_turbine
75,49,0.0,natural_gas_fired_combustion_turbine
119,49,0.0,natural_gas_fired_combustion_turbine
117,49,0.0,natural_gas_fired_combustion_turbine
134,49,0.0,natural_gas_fired_combustion_turbine
103,49,0.0,natural_gas_fired_combustion_turbine
47,49,0.0,natural_gas_fired_combustion_turbine
8,49,0.0,natural_gas_fired_combustion_turbine
90,49,0.0,natural_gas_fired_combustion_turbine
60,49,0.0,natural_gas_fired_combustion_turbine
46,49,0.0,natural_gas_fired_combustion_turbine
37,49,0.0,natural_gas_fired_combustion_turbine
7,49,0.0,natural_gas_fired_combustion_turbine
133,49,0.0,natural_gas_fired_combustion_turbine
74,49,0.0,natural_gas_fired_combustion_turbine
20,49,0.0,natural_gas_fired_combustion_turbine
135,49,0.0,natural_gas_fired_combustion_turbine
142,49,0.0,natural_gas_fired_combustion_turbine
121,49,0.0,natural_gas_fired_combustion_turbine
91,49,0.0,natural_gas_fired_combustion_turbine
22,49,0.0,natural_gas_steam_turbine
123,49,0.0,natural_gas_steam_turbine
62,49,0.0,natural_gas_steam_turbine
49,49,0.0,natural_gas_steam_turbine
48,49,0.0,natural_gas_steam_turbine
21,49,0.0,natural_gas_steam_turbine
79,49,7405.999,nuclear
10,49,153.22215000000003,onshore_wind_turbine
23,49,4171.886399999999,onshore_wind_turbine
31,49,1553.13228,onshore_wind_turbine
38,49,534.85965,onshore_wind_turbine
50,49,989.1883799999999,onshore_wind_turbine
63,49,6.8399999592,onshore_wind_turbine
80,49,371.19696,onshore_wind_turbine
94,49,6493.9439999999995,onshore_wind_turbine
105,49,699.859559385,onshore_wind_turbine
124,49,6186.644164074,onshore_wind_turbine
136,49,982.5630300000001,onshore_wind_turbine
144,49,4588.204499999999,onshore_wind_turbine
11,49,19.125,small_hydroelectric
24,49,62.577,small_hydroelectric
32,49,192.0,small_hydroelectric
39,49,52.9,small_hydroelectric
51,49,25.641,small_hydroelectric
64,49,6.128,small_hydroelectric
81,49,241.672,small_hydroelectric
95,49,418.922,small_hydroelectric
106,49,31.614,small_hydroelectric
125,49,100.697,small_hydroelectric
137,49,36.822,small_hydroelectric
145,49,33.21,small_hydroelectric
12,49,0.0,solar_photovoltaic
25,49,0.0,solar_photovoltaic
33,49,0.0,solar_photovoltaic
52,49,0.0,solar_photovoltaic
65,49,0.0,solar_photovoltaic
82,49,0.0,solar_photovoltaic
96,49,0.0,solar_photovoltaic
107,49,0.0,solar_photovoltaic
126,49,0.0,solar_photovoltaic
138,49,0.0,solar_photovoltaic
26,50,11.235,biomass
13,50,15.682,biomass
108,50,137.081,biomass
40,50,5.952,biomass
97,50,178.173,biomass
1,50,16.294,biomass
66,50,228.795,biomass
2,50,862.4549975999998,conventional_hydroelectric
14,50,128.7025344,conventional_hydroelectric
27,50,857.6617176000001,conventional_hydroelectric
35,50,833.4544592,conventional_hydroelectric
54,50,666.0481608000001,conventional_hydroelectric
67,50,1425.5510466674878,conventional_hydroelectric
84,50,15377.7412554,conventional_hydroelectric
109,50,107.76396152340001,conventional_hydroelectric
128,50,52.32546000000001,conventional_hydroelectric
139,50,47.5340736,conventional_hydroelectric
110,50,50.0,conventional_steam_coal
41,50,7219.002,conventional_steam_coal
3,50,6956.996157565731,conventional_steam_coal
36,50,0.0,conventional_steam_coal
85,50,0.0,conventional_steam_coal
28,50,74.364,geothermal
116,50,0.0,natural_gas_fired_combined_cycle
73,50,0.0,natural_gas_fired_combined_cycle
71,50,0.0,natural_gas_fired_combined_cycle
44,50,0.0,natural_gas_fired_combined_cycle
115,50,0.0,natural_gas_fired_combined_cycle
70,50,0.0,natural_gas_fired_combined_cycle
131,50,0.0,natural_gas_fired_combined_cycle
18,50,0.0,natural_gas_fired_combined_cycle
72,50,0.0,natural_gas_fired_combined_cycle
114,50,0.0,natural_gas_fired_combined_cycle
45,50,0.0,natural_gas_fired_combined_cycle
78,50,0.0,natural_gas_fired_combustion_turbine
75,50,0.0,natural_gas_fired_combustion_turbine
119,50,0.0,natural_gas_fired_combustion_turbine
117,50,0.0,natural_gas_fired_combustion_turbine
134,50,0.0,natural_gas_fired_combustion_turbine
103,50,0.0,natural_gas_fired_combustion_turbine
47,50,0.0,natural_gas_fired_combustion_turbine
8,50,0.0,natural_gas_fired_combustion_turbine
90,50,0.0,natural_gas_fired_combustion_turbine
60,50,0.0,natural_gas_fired_combustion_turbine
46,50,0.0,natural_gas_fired_combustion_turbine
37,50,0.0,natural_gas_fired_combustion_turbine
7,50,0.0,natural_gas_fired_combustion_turbine
133,50,0.0,natural_gas_fired_combustion_turbine
74,50,0.0,natural_gas_fired_combustion_turbine
20,50,0.0,natural_gas_fired_combustion_turbine
135,50,0.0,natural_gas_fired_combustion_turbine
142,50,0.0,natural_gas_fired_combustion_turbine
121,50,0.0,natural_gas_fired_combustion_turbine
91,50,0.0,natural_gas_fired_combustion_turbine
22,50,0.0,natural_gas_steam_turbine
123,50,0.0,natural_gas_steam_turbine
62,50,0.0,natural_gas_steam_turbine
49,50,0.0,natural_gas_steam_turbine
48,50,0.0,natural_gas_steam_turbine
21,50,0.0,natural_gas_steam_turbine
79,50,7405.999,nuclear
10,50,74.17959000000002,onshore_wind_turbine
23,50,3334.9536000000003,onshore_wind_turbine
31,50,1327.69401,onshore_wind_turbine
38,50,411.43050000000005,onshore_wind_turbine
50,50,901.2153599999999,onshore_wind_turbine
63,50,6.362399851200001,onshore_wind_turbine
80,50,402.26279999999997,onshore_wind_turbine
94,50,7691.856,onshore_wind_turbine
105,50,698.1365404439999,onshore_wind_turbine
124,50,5143.406185348201,onshore_wind_turbine
136,50,967.5297,onshore_wind_turbine
144,50,3504.6467099999995,onshore_wind_turbine
11,50,19.125,small_hydroelectric
24,50,62.577,small_hydroelectric
32,50,192.0,small_hydroelectric
39,50,52.9,small_hydroelectric
51,50,25.641,small_hydroelectric
64,50,6.128,small_hydroelectric
81,50,241.672,small_hydroelectric
95,50,418.922,small_hydroelectric
106,50,31.614,small_hydroelectric
125,50,100.697,small_hydroelectric
137,50,36.822,small_hydroelectric
145,50,33.21,small_hydroelectric
12,50,0.0,solar_photovoltaic
25,50,0.0,solar_photovoltaic
33,50,0.0,solar_photovoltaic
52,50,0.0,solar_photovoltaic
65,50,0.0,solar_photovoltaic
82,50,0.0,solar_photovoltaic
96,50,0.0,solar_photovoltaic
107,50,0.0,solar_photovoltaic
126,50,0.0,solar_photovoltaic
138,50,0.0,solar_photovoltaic
26,51,11.235,biomass
13,51,15.682,biomass
108,51,137.081,biomass
40,51,5.952,biomass
97,51,178.173,biomass
1,51,16.294,biomass
66,51,228.795,biomass
2,51,862.4549975999998,conventional_hydroelectric
14,51,128.7025344,conventional_hydroelectric
27,51,857.6617176000001,conventional_hydroelectric
35,51,833.4544592,conventional_hydroelectric
54,51,666.0481608000001,conventional_hydroelectric
67,51,1425.5510466674878,conventional_hydroelectric
84,51,15377.7412554,conventional_hydroelectric
109,51,107.76396152340001,conventional_hydroelectric
128,51,52.32546000000001,conventional_hydroelectric
139,51,47.5340736,conventional_hydroelectric
110,51,50.0,conventional_steam_coal
41,51,7219.002,conventional_steam_coal
3,51,6876.82032067171,conventional_steam_coal
36,51,0.0,conventional_steam_coal
85,51,0.0,conventional_steam_coal
28,51,74.364,geothermal
116,51,0.0,natural_gas_fired_combined_cycle
73,51,0.0,natural_gas_fired_combined_cycle
71,51,0.0,natural_gas_fired_combined_cycle
44,51,0.0,natural_gas_fired_combined_cycle
115,51,0.0,natural_gas_fired_combined_cycle
70,51,0.0,natural_gas_fired_combined_cycle
131,51,0.0,natural_gas_fired_combined_cycle
18,51,0.0,natural_gas_fired_combined_cycle
72,51,0.0,natural_gas_fired_combined_cycle
114,51,0.0,natural_gas_fired_combined_cycle
45,51,0.0,natural_gas_fired_combined_cycle
78,51,0.0,natural_gas_fired_combustion_turbine
75,51,0.0,natural_gas_fired_combustion_turbine
119,51,0.0,natural_gas_fired_combustion_turbine
117,51,0.0,natural_gas_fired_combustion_turbine
134,51,0.0,natural_gas_fired_combustion_turbine
103,51,0.0,natural_gas_fired_combustion_turbine
47,51,0.0,natural_gas_fired_combustion_turbine
8,51,0.0,natural_gas_fired_combustion_turbine
90,51,0.0,natural_gas_fired_combustion_turbine
60,51,0.0,natural_gas_fired_combustion_turbine
46,51,0.0,natural_gas_fired_combustion_turbine
37,51,0.0,natural_gas_fired_combustion_turbine
7,51,0.0,natural_gas_fired_combustion_turbine
133,51,0.0,natural_gas_fired_combustion_turbine
74,51,0.0,natural_gas_fired_combustion_turbine
20,51,0.0,natural_gas_fired_combustion_turbine
135,51,0.0,natural_gas_fired_combustion_turbine
142,51,0.0,natural_gas_fired_combustion_turbine
121,51,0.0,natural_gas_fired_combustion_turbine
91,51,0.0,natural_gas_fired_combustion_turbine
22,51,0.0,natural_gas_steam_turbine
123,51,0.0,natural_gas_steam_turbine
62,51,0.0,natural_gas_steam_turbine
49,51,0.0,natural_gas_steam_turbine
48,51,0.0,natural_gas_steam_turbine
21,51,0.0,natural_gas_steam_turbine
79,51,7405.999,nuclear
10,51,57.04341,onshore_wind_turbine
23,51,2617.8107999999997,onshore_wind_turbine
31,51,1450.3364999999997,onshore_wind_turbine
38,51,335.4741,onshore_wind_turbine
50,51,900.6346799999998,onshore_wind_turbine
63,51,17.7355200744,onshore_wind_turbine
80,51,765.49416,onshore_wind_turbine
94,51,6418.2864,onshore_wind_turbine
105,51,723.462359508,onshore_wind_turbine
124,51,5426.982812955001,onshore_wind_turbine
136,51,924.7425300000001,onshore_wind_turbine
144,51,3991.274459999999,onshore_wind_turbine
11,51,19.125,small_hydroelectric
24,51,62.577,small_hydroelectric
32,51,192.0,small_hydroelectric
39,51,52.9,small_hydroelectric
51,51,25.641,small_hydroelectric
64,51,6.128,small_hydroelectric
81,51,241.672,small_hydroelectric
95,51,418.922,small_hydroelectric
106,51,31.614,small_hydroelectric
125,51,100.697,small_hydroelectric
137,51,36.822,small_hydroelectric
145,51,33.21,small_hydroelectric
12,51,0.0,solar_photovoltaic
25,51,0.0,solar_photovoltaic
33,51,0.0,solar_photovoltaic
52,51,0.0,solar_photovoltaic
65,51,0.0,solar_photovoltaic
82,51,0.0,solar_photovoltaic
96,51,0.0,solar_photovoltaic
107,51,0.0,solar_photovoltaic
126,51,0.0,solar_photovoltaic
138,51,0.0,solar_photovoltaic
26,52,11.235,biomass
13,52,15.682,biomass
108,52,137.081,biomass
40,52,5.952,biomass
97,52,178.173,biomass
1,52,16.294,biomass
66,52,228.795,biomass
2,52,862.4549975999998,conventional_hydroelectric
14,52,128.7025344,conventional_hydroelectric
27,52,857.6617176000001,conventional_hydroelectric
35,52,833.4544592,conventional_hydroelectric
54,52,666.0481608000001,conventional_hydroelectric
67,52,1425.5510466674878,conventional_hydroelectric
84,52,15377.7412554,conventional_hydroelectric
109,52,107.76396152340001,conventional_hydroelectric
128,52,52.32546000000001,conventional_hydroelectric
139,52,47.5340736,conventional_hydroelectric
110,52,50.0,conventional_steam_coal
41,52,7219.002,conventional_steam_coal
3,52,2779.072147383916,conventional_steam_coal
36,52,0.0,conventional_steam_coal
85,52,0.0,conventional_steam_coal
28,52,74.364,geothermal
116,52,0.0,natural_gas_fired_combined_cycle
73,52,0.0,natural_gas_fired_combined_cycle
71,52,0.0,natural_gas_fired_combined_cycle
44,52,0.0,natural_gas_fired_combined_cycle
115,52,0.0,natural_gas_fired_combined_cycle
70,52,0.0,natural_gas_fired_combined_cycle
131,52,0.0,natural_gas_fired_combined_cycle
18,52,0.0,natural_gas_fired_combined_cycle
72,52,0.0,natural_gas_fired_combined_cycle
114,52,0.0,natural_gas_fired_combined_cycle
45,52,0.0,natural_gas_fired_combined_cycle
78,52,0.0,natural_gas_fired_combustion_turbine
75,52,0.0,natural_gas_fired_combustion_turbine
119,52,0.0,natural_gas_fired_combustion_turbine
117,52,0.0,natural_gas_fired_combustion_turbine
134,52,0.0,natural_gas_fired_combustion_turbine
103,52,0.0,natural_gas_fired_combustion_turbine
47,52,0.0,natural_gas_fired_combustion_turbine
8,52,0.0,natural_gas_fired_combustion_turbine
90,52,0.0,natural_gas_fired_combustion_turbine
60,52,0.0,natural_gas_fired_combustion_turbine
46,52,0.0,natural_gas_fired_combustion_turbine
37,52,0.0,natural_gas_fired_combustion_turbine
7,52,0.0,natural_gas_fired_combustion_turbine
133,52,0.0,natural_gas_fired_combustion_turbine
74,52,0.0,natural_gas_fired_combustion_turbine
20,52,0.0,natural_gas_fired_combustion_turbine
135,52,0.0,natural_gas_fired_combustion_turbine
142,52,0.0,natural_gas_fired_combustion_turbine
121,52,0.0,natural_gas_fired_combustion_turbine
91,52,0.0,natural_gas_fired_combustion_turbine
22,52,0.0,natural_gas_steam_turbine
123,52,0.0,natural_gas_steam_turbine
62,52,0.0,natural_gas_steam_turbine
49,52,0.0,natural_gas_steam_turbine
48,52,0.0,natural_gas_steam_turbine
21,52,0.0,natural_gas_steam_turbine
79,52,7405.999,nuclear
10,52,70.55166,onshore_wind_turbine
23,52,5222.0454,onshore_wind_turbine
31,52,1422.85644,onshore_wind_turbine
38,52,188.67375,onshore_wind_turbine
50,52,765.9169199999999,onshore_wind_turbine
63,52,5.708999882400001,onshore_wind_turbine
80,52,822.4481999999999,onshore_wind_turbine
94,52,7947.2004,onshore_wind_turbine
105,52,761.6873403090001,onshore_wind_turbine
124,52,5924.816995633801,onshore_wind_turbine
136,52,886.1955300000001,onshore_wind_turbine
144,52,4213.732859999999,onshore_wind_turbine
11,52,19.125,small_hydroelectric
24,52,62.577,small_hydroelectric
32,52,192.0,small_hydroelectric
39,52,52.9,small_hydroelectric
51,52,25.641,small_hydroelectric
64,52,6.128,small_hydroelectric
81,52,241.672,small_hydroelectric
95,52,418.922,small_hydroelectric
106,52,31.614,small_hydroelectric
125,52,100.697,small_hydroelectric
137,52,36.822,small_hydroelectric
145,52,33.21,small_hydroelectric
12,52,0.0,solar_photovoltaic
25,52,0.0,solar_photovoltaic
33,52,0.0,solar_photovoltaic
52,52,0.0,solar_photovoltaic
65,52,0.0,solar_photovoltaic
82,52,0.0,solar_photovoltaic
96,52,0.0,solar_photovoltaic
107,52,0.0,solar_photovoltaic
126,52,0.0,solar_photovoltaic
138,52,0.0,solar_photovoltaic
26,53,11.235,biomass
13,53,15.682,biomass
108,53,137.081,biomass
40,53,5.952,biomass
97,53,178.173,biomass
1,53,16.294,biomass
66,53,228.795,biomass
2,53,862.4549975999998,conventional_hydroelectric
14,53,128.7025344,conventional_hydroelectric
27,53,857.6617176000001,conventional_hydroelectric
35,53,833.4544592,conventional_hydroelectric
54,53,666.0481608000001,conventional_hydroelectric
67,53,1425.5510466674878,conventional_hydroelectric
84,53,15377.7412554,conventional_hydroelectric
109,53,107.76396152340001,conventional_hydroelectric
128,53,52.32546000000001,conventional_hydroelectric
139,53,47.5340736,conventional_hydroelectric
110,53,50.0,conventional_steam_coal
41,53,7219.002,conventional_steam_coal
3,53,2520.75426854651,conventional_steam_coal
36,53,0.0,conventional_steam_coal
85,53,0.0,conventional_steam_coal
28,53,74.364,geothermal
116,53,0.0,natural_gas_fired_combined_cycle
73,53,0.0,natural_gas_fired_combined_cycle
71,53,0.0,natural_gas_fired_combined_cycle
44,53,0.0,natural_gas_fired_combined_cycle
115,53,0.0,natural_gas_fired_combined_cycle
70,53,0.0,natural_gas_fired_combined_cycle
131,53,0.0,natural_gas_fired_combined_cycle
18,53,0.0,natural_gas_fired_combined_cycle
72,53,0.0,natural_gas_fired_combined_cycle
114,53,0.0,natural_gas_fired_combined_cycle
45,53,0.0,natural_gas_fired_combined_cycle
78,53,0.0,natural_gas_fired_combustion_turbine
75,53,0.0,natural_gas_fired_combustion_turbine
119,53,0.0,natural_gas_fired_combustion_turbine
117,53,0.0,natural_gas_fired_combustion_turbine
134,53,0.0,natural_gas_fired_combustion_turbine
103,53,0.0,natural_gas_fired_combustion_turbine
47,53,0.0,natural_gas_fired_combustion_turbine
8,53,0.0,natural_gas_fired_combustion_turbine
90,53,0.0,natural_gas_fired_combustion_turbine
60,53,0.0,natural_gas_fired_combustion_turbine
46,53,0.0,natural_gas_fired_combustion_turbine
37,53,0.0,natural_gas_fired_combustion_turbine
7,53,0.0,natural_gas_fired_combustion_turbine
133,53,0.0,natural_gas_fired_combustion_turbine
74,53,0.0,natural_gas_fired_combustion_turbine
20,53,0.0,natural_gas_fired_combustion_turbine
135,53,0.0,natural_gas_fired_combustion_turbine
142,53,0.0,natural_gas_fired_combustion_turbine
121,53,0.0,natural_gas_fired_combustion_turbine
91,53,0.0,natural_gas_fired_combustion_turbine
22,53,0.0,natural_gas_steam_turbine
123,53,0.0,natural_gas_steam_turbine
62,53,0.0,natural_gas_steam_turbine
49,53,0.0,natural_gas_steam_turbine
48,53,0.0,natural_gas_steam_turbine
21,53,0.0,natural_gas_steam_turbine
79,53,7405.999,nuclear
10,53,71.24637,onshore_wind_turbine
23,53,5332.2522,onshore_wind_turbine
31,53,1091.06016,onshore_wind_turbine
38,53,133.41060000000002,onshore_wind_turbine
50,53,433.4776199999999,onshore_wind_turbine
63,53,34.6846798968,onshore_wind_turbine
80,53,1235.0662799999998,onshore_wind_turbine
94,53,7944.048,onshore_wind_turbine
105,53,756.2500793820001,onshore_wind_turbine
124,53,7314.316835383801,onshore_wind_turbine
136,53,994.8980700000001,onshore_wind_turbine
144,53,4595.619779999999,onshore_wind_turbine
11,53,19.125,small_hydroelectric
24,53,62.577,small_hydroelectric
32,53,192.0,small_hydroelectric
39,53,52.9,small_hydroelectric
51,53,25.641,small_hydroelectric
64,53,6.128,small_hydroelectric
81,53,241.672,small_hydroelectric
95,53,418.922,small_hydroelectric
106,53,31.614,small_hydroelectric
125,53,100.697,small_hydroelectric
137,53,36.822,small_hydroelectric
145,53,33.21,small_hydroelectric
12,53,0.0,solar_photovoltaic
25,53,0.0,solar_photovoltaic
33,53,0.0,solar_photovoltaic
52,53,0.0,solar_photovoltaic
65,53,0.0,solar_photovoltaic
82,53,0.0,solar_photovoltaic
96,53,0.0,solar_photovoltaic
107,53,0.0,solar_photovoltaic
126,53,0.0,solar_photovoltaic
138,53,0.0,solar_photovoltaic
26,54,11.235,biomass
13,54,15.682,biomass
108,54,137.081,biomass
40,54,5.952,biomass
97,54,178.173,biomass
1,54,16.294,biomass
66,54,228.795,biomass
2,54,862.4549975999998,conventional_hydroelectric
14,54,128.655494,conventional_hydroelectric
27,54,857.6617176000001,conventional_hydroelectric
35,54,835.2027903999999,conventional_hydroelectric
54,54,667.2954420000001,conventional_hydroelectric
67,54,1427.2157031694378,conventional_hydroelectric
84,54,15383.551850999998,conventional_hydroelectric
109,54,108.006953379,conventional_hydroelectric
128,54,52.371,conventional_hydroelectric
139,54,47.6505216,conventional_hydroelectric
110,54,50.0,conventional_steam_coal
41,54,7219.002,conventional_steam_coal
3,54,7128.859442289375,conventional_steam_coal
36,54,0.0,conventional_steam_coal
85,54,0.0,conventional_steam_coal
28,54,74.364,geothermal
116,54,0.0,natural_gas_fired_combined_cycle
73,54,0.0,natural_gas_fired_combined_cycle
71,54,0.0,natural_gas_fired_combined_cycle
44,54,0.0,natural_gas_fired_combined_cycle
115,54,0.0,natural_gas_fired_combined_cycle
70,54,0.0,natural_gas_fired_combined_cycle
131,54,0.0,natural_gas_fired_combined_cycle
18,54,0.0,natural_gas_fired_combined_cycle
72,54,0.0,natural_gas_fired_combined_cycle
114,54,0.0,natural_gas_fired_combined_cycle
45,54,0.0,natural_gas_fired_combined_cycle
78,54,0.0,natural_gas_fired_combustion_turbine
75,54,0.0,natural_gas_fired_combustion_turbine
119,54,0.0,natural_gas_fired_combustion_turbine
117,54,0.0,natural_gas_fired_combustion_turbine
134,54,0.0,natural_gas_fired_combustion_turbine
103,54,0.0,natural_gas_fired_combustion_turbine
47,54,0.0,natural_gas_fired_combustion_turbine
8,54,0.0,natural_gas_fired_combustion_turbine
90,54,0.0,natural_gas_fired_combustion_turbine
60,54,0.0,natural_gas_fired_combustion_turbine
46,54,0.0,natural_gas_fired_combustion_turbine
37,54,0.0,natural_gas_fired_combustion_turbine
7,54,0.0,natural_gas_fired_combustion_turbine
133,54,0.0,natural_gas_fired_combustion_turbine
74,54,0.0,natural_gas_fired_combustion_turbine
20,54,0.0,natural_gas_fired_combustion_turbine
135,54,0.0,natural_gas_fired_combustion_turbine
142,54,0.0,natural_gas_fired_combustion_turbine
121,54,0.0,natural_gas_fired_combustion_turbine
91,54,0.0,natural_gas_fired_combustion_turbine
22,54,0.0,natural_gas_steam_turbine
123,54,0.0,natural_gas_steam_turbine
62,54,0.0,natural_gas_steam_turbine
49,54,0.0,natural_gas_steam_turbine
48,54,0.0,natural_gas_steam_turbine
21,54,0.0,natural_gas_steam_turbine
79,54,7405.999,nuclear
10,54,136.00878,onshore_wind_turbine
23,54,4143.9354,onshore_wind_turbine
31,54,980.12214,onshore_wind_turbine
38,54,103.7097,onshore_wind_turbine
50,54,332.43929999999995,onshore_wind_turbine
63,54,43.943759906400004,onshore_wind_turbine
80,54,1272.5046,onshore_wind_turbine
94,54,6214.9565999999995,onshore_wind_turbine
105,54,1029.377940444,onshore_wind_turbine
124,54,7646.520506611801,onshore_wind_turbine
136,54,1179.15273,onshore_wind_turbine
144,54,4758.755939999999,onshore_wind_turbine
11,54,19.125,small_hydroelectric
24,54,62.577,small_hydroelectric
32,54,192.0,small_hydroelectric
39,54,52.9,small_hydroelectric
51,54,25.641,small_hydroelectric
64,54,6.128,small_hydroelectric
81,54,241.672,small_hydroelectric
95,54,418.922,small_hydroelectric
106,54,31.614,small_hydroelectric
125,54,100.697,small_hydroelectric
137,54,36.822,small_hydroelectric
145,54,33.21,small_hydroelectric
12,54,0.0,solar_photovoltaic
25,54,0.4804199999999999,solar_photovoltaic
33,54,0.0,solar_photovoltaic
52,54,86.20002,solar_photovoltaic
65,54,0.0,solar_photovoltaic
82,54,0.0,solar_photovoltaic
96,54,0.0,solar_photovoltaic
107,54,0.0,solar_photovoltaic
126,54,0.0,solar_photovoltaic
138,54,0.0,solar_photovoltaic
26,55,11.235,biomass
13,55,15.682,biomass
108,55,137.081,biomass
40,55,5.952,biomass
97,55,178.173,biomass
1,55,16.294,biomass
66,55,228.795,biomass
2,55,862.4549975999998,conventional_hydroelectric
14,55,128.5614132,conventional_hydroelectric
27,55,857.6617176000001,conventional_hydroelectric
35,55,837.2008832,conventional_hydroelectric
54,55,668.4387831,conventional_hydroelectric
67,55,1429.607760371388,conventional_hydroelectric
84,55,15389.362446599998,conventional_hydroelectric
109,55,108.24994523459999,conventional_hydroelectric
128,55,52.416540000000005,conventional_hydroelectric
139,55,47.766969599999996,conventional_hydroelectric
110,55,50.0,conventional_steam_coal
41,55,7219.002,conventional_steam_coal
3,55,5186.349909248007,conventional_steam_coal
36,55,0.0,conventional_steam_coal
85,55,0.0,conventional_steam_coal
28,55,74.364,geothermal
116,55,0.0,natural_gas_fired_combined_cycle
73,55,0.0,natural_gas_fired_combined_cycle
71,55,0.0,natural_gas_fired_combined_cycle
44,55,0.0,natural_gas_fired_combined_cycle
115,55,0.0,natural_gas_fired_combined_cycle
70,55,0.0,natural_gas_fired_combined_cycle
131,55,0.0,natural_gas_fired_combined_cycle
18,55,0.0,natural_gas_fired_combined_cycle
72,55,0.0,natural_gas_fired_combined_cycle
114,55,0.0,natural_gas_fired_combined_cycle
45,55,0.0,natural_gas_fired_combined_cycle
78,55,0.0,natural_gas_fired_combustion_turbine
75,55,0.0,natural_gas_fired_combustion_turbine
119,55,0.0,natural_gas_fired_combustion_turbine
117,55,0.0,natural_gas_fired_combustion_turbine
134,55,0.0,natural_gas_fired_combustion_turbine
103,55,0.0,natural_gas_fired_combustion_turbine
47,55,0.0,natural_gas_fired_combustion_turbine
8,55,0.0,natural_gas_fired_combustion_turbine
90,55,0.0,natural_gas_fired_combustion_turbine
60,55,0.0,natural_gas_fired_combustion_turbine
46,55,0.0,natural_gas_fired_combustion_turbine
37,55,0.0,natural_gas_fired_combustion_turbine
7,55,0.0,natural_gas_fired_combustion_turbine
133,55,0.0,natural_gas_fired_combustion_turbine
74,55,0.0,natural_gas_fired_combustion_turbine
20,55,0.0,natural_gas_fired_combustion_turbine
135,55,0.0,natural_gas_fired_combustion_turbine
142,55,0.0,natural_gas_fired_combustion_turbine
121,55,0.0,natural_gas_fired_combustion_turbine
91,55,0.0,natural_gas_fired_combustion_turbine
22,55,0.0,natural_gas_steam_turbine
123,55,0.0,natural_gas_steam_turbine
62,55,0.0,natural_gas_steam_turbine
49,55,0.0,natural_gas_steam_turbine
48,55,0.0,natural_gas_steam_turbine
21,55,0.0,natural_gas_steam_turbine
79,55,7405.999,nuclear
10,55,193.43814,onshore_wind_turbine
23,55,3829.287,onshore_wind_turbine
31,55,1308.8650799999998,onshore_wind_turbine
38,55,39.4389,onshore_wind_turbine
50,55,167.23583999999997,onshore_wind_turbine
63,55,43.141559992800005,onshore_wind_turbine
80,55,670.30524,onshore_wind_turbine
94,55,5242.4412,onshore_wind_turbine
105,55,1014.2828394930001,onshore_wind_turbine
124,55,8789.5101288126,onshore_wind_turbine
136,55,1251.2356200000002,onshore_wind_turbine
144,55,4708.702799999999,onshore_wind_turbine
11,55,19.125,small_hydroelectric
24,55,62.577,small_hydroelectric
32,55,192.0,small_hydroelectric
39,55,52.9,small_hydroelectric
51,55,25.641,small_hydroelectric
64,55,6.128,small_hydroelectric
81,55,241.672,small_hydroelectric
95,55,418.922,small_hydroelectric
106,55,31.614,small_hydroelectric
125,55,100.697,small_hydroelectric
137,55,36.822,small_hydroelectric
145,55,33.21,small_hydroelectric
12,55,1082.34792,solar_photovoltaic
25,55,617.49984,solar_photovoltaic
33,55,6.56415,solar_photovoltaic
52,55,1054.24698,solar_photovoltaic
65,55,309.9617711346,solar_photovoltaic
82,55,86.12138999999999,solar_photovoltaic
96,55,0.0,solar_photovoltaic
107,55,968.9207996235,solar_photovoltaic
126,55,1406.3001851895,solar_photovoltaic
138,55,342.4575,solar_photovoltaic
26,56,11.235,biomass
13,56,15.682,biomass
108,56,137.081,biomass
40,56,5.952,biomass
97,56,178.173,biomass
1,56,16.294,biomass
66,56,228.795,biomass
2,56,862.7312484,conventional_hydroelectric
14,56,128.4673324,conventional_hydroelectric
27,56,857.8028268,conventional_hydroelectric
35,56,838.9492144,conventional_hydroelectric
54,56,669.6860643,conventional_hydroelectric
67,56,1431.947350160847,conventional_hydroelectric
84,56,15395.1730422,conventional_hydroelectric
109,56,108.5718084282,conventional_hydroelectric
128,56,52.47726000000001,conventional_hydroelectric
139,56,47.8834176,conventional_hydroelectric
110,56,50.0,conventional_steam_coal
41,56,7219.002,conventional_steam_coal
3,56,0.0,conventional_steam_coal
36,56,0.0,conventional_steam_coal
85,56,0.0,conventional_steam_coal
28,56,74.364,geothermal
116,56,0.0,natural_gas_fired_combined_cycle
73,56,0.0,natural_gas_fired_combined_cycle
71,56,0.0,natural_gas_fired_combined_cycle
44,56,0.0,natural_gas_fired_combined_cycle
115,56,0.0,natural_gas_fired_combined_cycle
70,56,0.0,natural_gas_fired_combined_cycle
131,56,0.0,natural_gas_fired_combined_cycle
18,56,0.0,natural_gas_fired_combined_cycle
72,56,0.0,natural_gas_fired_combined_cycle
114,56,0.0,natural_gas_fired_combined_cycle
45,56,0.0,natural_gas_fired_combined_cycle
78,56,0.0,natural_gas_fired_combustion_turbine
75,56,0.0,natural_gas_fired_combustion_turbine
119,56,0.0,natural_gas_fired_combustion_turbine
117,56,0.0,natural_gas_fired_combustion_turbine
134,56,0.0,natural_gas_fired_combustion_turbine
103,56,0.0,natural_gas_fired_combustion_turbine
47,56,0.0,natural_gas_fired_combustion_turbine
8,56,0.0,natural_gas_fired_combustion_turbine
90,56,0.0,natural_gas_fired_combustion_turbine
60,56,0.0,natural_gas_fired_combustion_turbine
46,56,0.0,natural_gas_fired_combustion_turbine
37,56,0.0,natural_gas_fired_combustion_turbine
7,56,0.0,natural_gas_fired_combustion_turbine
133,56,0.0,natural_gas_fired_combustion_turbine
74,56,0.0,natural_gas_fired_combustion_turbine
20,56,0.0,natural_gas_fired_combustion_turbine
135,56,0.0,natural_gas_fired_combustion_turbine
142,56,0.0,natural_gas_fired_combustion_turbine
121,56,0.0,natural_gas_fired_combustion_turbine
91,56,0.0,natural_gas_fired_combustion_turbine
22,56,0.0,natural_gas_steam_turbine
123,56,0.0,natural_gas_steam_turbine
62,56,0.0,natural_gas_steam_turbine
49,56,0.0,natural_gas_steam_turbine
48,56,0.0,natural_gas_steam_turbine
21,56,0.0,natural_gas_steam_turbine
79,56,7405.999,nuclear
10,56,196.52574,onshore_wind_turbine
23,56,2289.5862,onshore_wind_turbine
31,56,1011.1644299999998,onshore_wind_turbine
38,56,20.20635,onshore_wind_turbine
50,56,76.94009999999999,onshore_wind_turbine
63,56,22.3009201416,onshore_wind_turbine
80,56,1098.8545199999999,onshore_wind_turbine
94,56,5504.0904,onshore_wind_turbine
105,56,538.660259739,onshore_wind_turbine
124,56,6036.399125658,onshore_wind_turbine
136,56,707.33745,onshore_wind_turbine
144,56,4232.271059999999,onshore_wind_turbine
11,56,19.125,small_hydroelectric
24,56,62.577,small_hydroelectric
32,56,192.0,small_hydroelectric
39,56,52.9,small_hydroelectric
51,56,25.641,small_hydroelectric
64,56,6.128,small_hydroelectric
81,56,241.672,small_hydroelectric
95,56,418.922,small_hydroelectric
106,56,31.614,small_hydroelectric
125,56,100.697,small_hydroelectric
137,56,36.822,small_hydroelectric
145,56,33.21,small_hydroelectric
12,56,2397.7517399999997,solar_photovoltaic
25,56,993.1882799999998,solar_photovoltaic
33,56,134.07465,solar_photovoltaic
52,56,1737.92274,solar_photovoltaic
65,56,2485.1164152474,solar_photovoltaic
82,56,2360.39499,solar_photovoltaic
96,56,117.69093000000001,solar_photovoltaic
107,56,3516.0710117490003,solar_photovoltaic
126,56,6540.2839866105,solar_photovoltaic
138,56,720.3348899999999,solar_photovoltaic
26,57,11.235,biomass
13,57,15.682,biomass
108,57,137.081,biomass
40,57,5.952,biomass
97,57,178.173,biomass
1,57,16.294,biomass
66,57,228.795,biomass
2,57,862.7312484,conventional_hydroelectric
14,57,128.42029200000002,conventional_hydroelectric
27,57,857.8028268,conventional_hydroelectric
35,57,840.9473072,conventional_hydroelectric
54,57,670.8294054,conventional_hydroelectric
67,57,1434.286939950306,conventional_hydroelectric
84,57,15400.9836378,conventional_hydroelectric
109,57,108.81480028380001,conventional_hydroelectric
128,57,52.5228,conventional_hydroelectric
139,57,47.9998656,conventional_hydroelectric
110,57,50.0,conventional_steam_coal
41,57,7219.002,conventional_steam_coal
3,57,0.0,conventional_steam_coal
36,57,0.0,conventional_steam_coal
85,57,0.0,conventional_steam_coal
28,57,74.364,geothermal
116,57,0.0,natural_gas_fired_combined_cycle
73,57,0.0,natural_gas_fired_combined_cycle
71,57,0.0,natural_gas_fired_combined_cycle
44,57,0.0,natural_gas_fired_combined_cycle
115,57,0.0,natural_gas_fired_combined_cycle
70,57,0.0,natural_gas_fired_combined_cycle
131,57,0.0,natural_gas_fired_combined_cycle
18,57,0.0,natural_gas_fired_combined_cycle
72,57,0.0,natural_gas_fired_combined_cycle
114,57,0.0,natural_gas_fired_combined_cycle
45,57,0.0,natural_gas_fired_combined_cycle
78,57,0.0,natural_gas_fired_combustion_turbine
75,57,0.0,natural_gas_fired_combustion_turbine
119,57,0.0,natural_gas_fired_combustion_turbine
117,57,0.0,natural_gas_fired_combustion_turbine
134,57,0.0,natural_gas_fired_combustion_turbine
103,57,0.0,natural_gas_fired_combustion_turbine
47,57,0.0,natural_gas_fired_combustion_turbine
8,57,0.0,natural_gas_fired_combustion_turbine
90,57,0.0,natural_gas_fired_combustion_turbine
60,57,0.0,natural_gas_fired_combustion_turbine
46,57,0.0,natural_gas_fired_combustion_turbine
37,57,0.0,natural_gas_fired_combustion_turbine
7,57,0.0,natural_gas_fired_combustion_turbine
133,57,0.0,natural_gas_fired_combustion_turbine
74,57,0.0,natural_gas_fired_combustion_turbine
20,57,0.0,natural_gas_fired_combustion_turbine
135,57,0.0,natural_gas_fired_combustion_turbine
142,57,0.0,natural_gas_fired_combustion_turbine
121,57,0.0,natural_gas_fired_combustion_turbine
91,57,0.0,natural_gas_fired_combustion_turbine
22,57,0.0,natural_gas_steam_turbine
123,57,0.0,natural_gas_steam_turbine
62,57,0.0,natural_gas_steam_turbine
49,57,0.0,natural_gas_steam_turbine
48,57,0.0,natural_gas_steam_turbine
21,57,0.0,natural_gas_steam_turbine
79,57,7405.999,nuclear
10,57,150.67488000000003,onshore_wind_turbine
23,57,3179.2266,onshore_wind_turbine
31,57,527.71893,onshore_wind_turbine
38,57,43.577549999999995,onshore_wind_turbine
50,57,63.874799999999986,onshore_wind_turbine
63,57,10.6859999664,onshore_wind_turbine
80,57,945.11844,onshore_wind_turbine
94,57,5693.2344,onshore_wind_turbine
105,57,132.975360315,onshore_wind_turbine
124,57,2805.7427074380003,onshore_wind_turbine
136,57,282.16404,onshore_wind_turbine
144,57,3946.7827799999995,onshore_wind_turbine
11,57,19.125,small_hydroelectric
24,57,62.577,small_hydroelectric
32,57,192.0,small_hydroelectric
39,57,52.9,small_hydroelectric
51,57,25.641,small_hydroelectric
64,57,6.128,small_hydroelectric
81,57,241.672,small_hydroelectric
95,57,418.922,small_hydroelectric
106,57,31.614,small_hydroelectric
125,57,100.697,small_hydroelectric
137,57,36.822,small_hydroelectric
145,57,33.21,small_hydroelectric
12,57,3283.3641599999996,solar_photovoltaic
25,57,1178.6303999999998,solar_photovoltaic
33,57,354.0114,solar_photovoltaic
52,57,2147.89122,solar_photovoltaic
65,57,3842.5932014256,solar_photovoltaic
82,57,4067.7724499999995,solar_photovoltaic
96,57,240.04164,solar_photovoltaic
107,57,5199.946978416,solar_photovoltaic
126,57,10362.802344984,solar_photovoltaic
138,57,1014.06558,solar_photovoltaic
26,58,11.235,biomass
13,58,15.682,biomass
108,58,137.081,biomass
40,58,5.952,biomass
97,58,178.173,biomass
1,58,16.294,biomass
66,58,228.795,biomass
2,58,862.7312484,conventional_hydroelectric
14,58,128.3262112,conventional_hydroelectric
27,58,857.8028268,conventional_hydroelectric
35,58,842.6956383999999,conventional_hydroelectric
54,58,672.0766866,conventional_hydroelectric
67,58,1436.626537013772,conventional_hydroelectric
84,58,15406.7942334,conventional_hydroelectric
109,58,109.05779213940001,conventional_hydroelectric
128,58,52.568340000000006,conventional_hydroelectric
139,58,48.1163136,conventional_hydroelectric
110,58,50.0,conventional_steam_coal
41,58,7219.002,conventional_steam_coal
3,58,0.0,conventional_steam_coal
36,58,0.0,conventional_steam_coal
85,58,0.0,conventional_steam_coal
28,58,74.364,geothermal
116,58,0.0,natural_gas_fired_combined_cycle
73,58,0.0,natural_gas_fired_combined_cycle
71,58,0.0,natural_gas_fired_combined_cycle
44,58,0.0,natural_gas_fired_combined_cycle
115,58,0.0,natural_gas_fired_combined_cycle
70,58,0.0,natural_gas_fired_combined_cycle
131,58,0.0,natural_gas_fired_combined_cycle
18,58,0.0,natural_gas_fired_combined_cycle
72,58,0.0,natural_gas_fired_combined_cycle
114,58,0.0,natural_gas_fired_combined_cycle
45,58,0.0,natural_gas_fired_combined_cycle
78,58,0.0,natural_gas_fired_combustion_turbine
75,58,0.0,natural_gas_fired_combustion_turbine
119,58,0.0,natural_gas_fired_combustion_turbine
117,58,0.0,natural_gas_fired_combustion_turbine
134,58,0.0,natural_gas_fired_combustion_turbine
103,58,0.0,natural_gas_fired_combustion_turbine
47,58,0.0,natural_gas_fired_combustion_turbine
8,58,0.0,natural_gas_fired_combustion_turbine
90,58,0.0,natural_gas_fired_combustion_turbine
60,58,0.0,natural_gas_fired_combustion_turbine
46,58,0.0,natural_gas_fired_combustion_turbine
37,58,0.0,natural_gas_fired_combustion_turbine
7,58,0.0,natural_gas_fired_combustion_turbine
133,58,0.0,natural_gas_fired_combustion_turbine
74,58,0.0,natural_gas_fired_combustion_turbine
20,58,0.0,natural_gas_fired_combustion_turbine
135,58,0.0,natural_gas_fired_combustion_turbine
142,58,0.0,natural_gas_fired_combustion_turbine
121,58,0.0,natural_gas_fired_combustion_turbine
91,58,0.0,natural_gas_fired_combustion_turbine
22,58,0.0,natural_gas_steam_turbine
123,58,0.0,natural_gas_steam_turbine
62,58,0.0,natural_gas_steam_turbine
49,58,0.0,natural_gas_steam_turbine
48,58,0.0,natural_gas_steam_turbine
21,58,0.0,natural_gas_steam_turbine
79,58,7405.999,nuclear
10,58,146.81538000000003,onshore_wind_turbine
23,58,2119.4844000000003,onshore_wind_turbine
31,58,414.23645999999997,onshore_wind_turbine
38,58,133.16715,onshore_wind_turbine
50,58,52.841879999999996,onshore_wind_turbine
63,58,18.0176399232,onshore_wind_turbine
80,58,268.04244,onshore_wind_turbine
94,58,6153.4848,onshore_wind_turbine
105,58,163.59167979,onshore_wind_turbine
124,58,1159.2923938134002,onshore_wind_turbine
136,58,237.83499,onshore_wind_turbine
144,58,3262.7231999999995,onshore_wind_turbine
11,58,19.125,small_hydroelectric
24,58,62.577,small_hydroelectric
32,58,192.0,small_hydroelectric
39,58,52.9,small_hydroelectric
51,58,25.641,small_hydroelectric
64,58,6.128,small_hydroelectric
81,58,241.672,small_hydroelectric
95,58,418.922,small_hydroelectric
106,58,31.614,small_hydroelectric
125,58,100.697,small_hydroelectric
137,58,36.822,small_hydroelectric
145,58,33.21,small_hydroelectric
12,58,3583.6127999999994,solar_photovoltaic
25,58,1239.1633199999999,solar_photovoltaic
33,58,433.30935000000005,solar_photovoltaic
52,58,2293.0390199999997,solar_photovoltaic
65,58,4612.029483847799,solar_photovoltaic
82,58,5302.736459999999,solar_photovoltaic
96,58,273.79356,solar_photovoltaic
107,58,6059.925839525999,solar_photovoltaic
126,58,12642.3821084085,solar_photovoltaic
138,58,1157.70204,solar_photovoltaic
26,59,11.235,biomass
13,59,15.682,biomass
108,59,137.081,biomass
40,59,5.952,biomass
97,59,178.173,biomass
1,59,16.294,biomass
66,59,228.795,biomass
2,59,863.0074992,conventional_hydroelectric
14,59,128.23213040000002,conventional_hydroelectric
27,59,857.8028268,conventional_hydroelectric
35,59,844.6937312,conventional_hydroelectric
54,59,673.2200277000001,conventional_hydroelectric
67,59,1439.0185869417148,conventional_hydroelectric
84,59,15409.6995312,conventional_hydroelectric
109,59,109.3189080672,conventional_hydroelectric
128,59,52.61388000000001,conventional_hydroelectric
139,59,48.209472,conventional_hydroelectric
110,59,50.0,conventional_steam_coal
41,59,7219.002,conventional_steam_coal
3,59,0.0,conventional_steam_coal
36,59,0.0,conventional_steam_coal
85,59,0.0,conventional_steam_coal
28,59,74.364,geothermal
116,59,0.0,natural_gas_fired_combined_cycle
73,59,0.0,natural_gas_fired_combined_cycle
71,59,0.0,natural_gas_fired_combined_cycle
44,59,0.0,natural_gas_fired_combined_cycle
115,59,0.0,natural_gas_fired_combined_cycle
70,59,0.0,natural_gas_fired_combined_cycle
131,59,0.0,natural_gas_fired_combined_cycle
18,59,0.0,natural_gas_fired_combined_cycle
72,59,0.0,natural_gas_fired_combined_cycle
114,59,0.0,natural_gas_fired_combined_cycle
45,59,0.0,natural_gas_fired_combined_cycle
78,59,0.0,natural_gas_fired_combustion_turbine
75,59,0.0,natural_gas_fired_combustion_turbine
119,59,0.0,natural_gas_fired_combustion_turbine
117,59,0.0,natural_gas_fired_combustion_turbine
134,59,0.0,natural_gas_fired_combustion_turbine
103,59,0.0,natural_gas_fired_combustion_turbine
47,59,0.0,natural_gas_fired_combustion_turbine
8,59,0.0,natural_gas_fired_combustion_turbine
90,59,0.0,natural_gas_fired_combustion_turbine
60,59,0.0,natural_gas_fired_combustion_turbine
46,59,0.0,natural_gas_fired_combustion_turbine
37,59,0.0,natural_gas_fired_combustion_turbine
7,59,0.0,natural_gas_fired_combustion_turbine
133,59,0.0,natural_gas_fired_combustion_turbine
74,59,0.0,natural_gas_fired_combustion_turbine
20,59,0.0,natural_gas_fired_combustion_turbine
135,59,0.0,natural_gas_fired_combustion_turbine
142,59,0.0,natural_gas_fired_combustion_turbine
121,59,0.0,natural_gas_fired_combustion_turbine
91,59,0.0,natural_gas_fired_combustion_turbine
22,59,0.0,natural_gas_steam_turbine
123,59,0.0,natural_gas_steam_turbine
62,59,0.0,natural_gas_steam_turbine
49,59,0.0,natural_gas_steam_turbine
48,59,0.0,natural_gas_steam_turbine
21,59,0.0,natural_gas_steam_turbine
79,59,7405.999,nuclear
10,59,112.31145000000001,onshore_wind_turbine
23,59,1958.9658,onshore_wind_turbine
31,59,190.32486,onshore_wind_turbine
38,59,279.4806,onshore_wind_turbine
50,59,230.82029999999997,onshore_wind_turbine
63,59,64.1354400048,onshore_wind_turbine
80,59,53.36952,onshore_wind_turbine
94,59,6460.8438,onshore_wind_turbine
105,59,229.64723989200002,onshore_wind_turbine
124,59,1018.8846908526001,onshore_wind_turbine
136,59,429.41358,onshore_wind_turbine
144,59,2647.2549599999998,onshore_wind_turbine
11,59,19.125,small_hydroelectric
24,59,62.577,small_hydroelectric
32,59,192.0,small_hydroelectric
39,59,52.9,small_hydroelectric
51,59,25.641,small_hydroelectric
64,59,6.128,small_hydroelectric
81,59,241.672,small_hydroelectric
95,59,418.922,small_hydroelectric
106,59,31.614,small_hydroelectric
125,59,100.697,small_hydroelectric
137,59,36.822,small_hydroelectric
145,59,33.21,small_hydroelectric
12,59,3938.9473799999996,solar_photovoltaic
25,59,1296.65358,solar_photovoltaic
33,59,486.57705000000004,solar_photovoltaic
52,59,2373.01842,solar_photovoltaic
65,59,5039.8573498923,solar_photovoltaic
82,59,5796.88929,solar_photovoltaic
96,59,295.07742,solar_photovoltaic
107,59,6434.9072414175,solar_photovoltaic
126,59,13658.254795545,solar_photovoltaic
138,59,1117.3899,solar_photovoltaic
26,60,11.235,biomass
13,60,15.682,biomass
108,60,137.081,biomass
40,60,5.952,biomass
97,60,178.173,biomass
1,60,16.294,biomass
66,60,228.795,biomass
2,60,863.0074992,conventional_hydroelectric
14,60,128.18509,conventional_hydroelectric
27,60,857.8028268,conventional_hydroelectric
35,60,846.4420623999999,conventional_hydroelectric
54,60,674.4673089,conventional_hydroelectric
67,60,1440.6832434436649,conventional_hydroelectric
84,60,15415.510126799998,conventional_hydroelectric
109,60,109.56189992280001,conventional_hydroelectric
128,60,52.659420000000004,conventional_hydroelectric
139,60,48.325919999999996,conventional_hydroelectric
110,60,50.0,conventional_steam_coal
41,60,7219.002,conventional_steam_coal
3,60,0.0,conventional_steam_coal
36,60,0.0,conventional_steam_coal
85,60,0.0,conventional_steam_coal
28,60,74.364,geothermal
116,60,0.0,natural_gas_fired_combined_cycle
73,60,0.0,natural_gas_fired_combined_cycle
71,60,0.0,natural_gas_fired_combined_cycle
44,60,0.0,natural_gas_fired_combined_cycle
115,60,0.0,natural_gas_fired_combined_cycle
70,60,0.0,natural_gas_fired_combined_cycle
131,60,0.0,natural_gas_fired_combined_cycle
18,60,0.0,natural_gas_fired_combined_cycle
72,60,0.0,natural_gas_fired_combined_cycle
114,60,0.0,natural_gas_fired_combined_cycle
45,60,0.0,natural_gas_fired_combined_cycle
78,60,0.0,natural_gas_fired_combustion_turbine
75,60,0.0,natural_gas_fired_combustion_turbine
119,60,0.0,natural_gas_fired_combustion_turbine
117,60,0.0,natural_gas_fired_combustion_turbine
134,60,0.0,natural_gas_fired_combustion_turbine
103,60,0.0,natural_gas_fired_combustion_turbine
47,60,0.0,natural_gas_fired_combustion_turbine
8,60,0.0,natural_gas_fired_combustion_turbine
90,60,0.0,natural_gas_fired_combustion_turbine
60,60,0.0,natural_gas_fired_combustion_turbine
46,60,0.0,natural_gas_fired_combustion_turbine
37,60,0.0,natural_gas_fired_combustion_turbine
7,60,0.0,natural_gas_fired_combustion_turbine
133,60,0.0,natural_gas_fired_combustion_turbine
74,60,0.0,natural_gas_fired_combustion_turbine
20,60,0.0,natural_gas_fired_combustion_turbine
135,60,0.0,natural_gas_fired_combustion_turbine
142,60,0.0,natural_gas_fired_combustion_turbine
121,60,0.0,natural_gas_fired_combustion_turbine
91,60,0.0,natural_gas_fired_combustion_turbine
22,60,0.0,natural_gas_steam_turbine
123,60,0.0,natural_gas_steam_turbine
62,60,0.0,natural_gas_steam_turbine
49,60,0.0,natural_gas_steam_turbine
48,60,0.0,natural_gas_steam_turbine
21,60,0.0,natural_gas_steam_turbine
79,60,7405.999,nuclear
10,60,114.70434000000002,onshore_wind_turbine
23,60,2034.8328000000001,onshore_wind_turbine
31,60,180.14705999999998,onshore_wind_turbine
38,60,382.2165,onshore_wind_turbine
50,60,165.78413999999998,onshore_wind_turbine
63,60,17.857919916,onshore_wind_turbine
80,60,19.515719999999998,onshore_wind_turbine
94,60,6391.491,onshore_wind_turbine
105,60,258.434879346,onshore_wind_turbine
124,60,411.2602239174001,onshore_wind_turbine
136,60,837.24084,onshore_wind_turbine
144,60,2696.3811899999996,onshore_wind_turbine
11,60,19.125,small_hydroelectric
24,60,62.577,small_hydroelectric
32,60,192.0,small_hydroelectric
39,60,52.9,small_hydroelectric
51,60,25.641,small_hydroelectric
64,60,6.128,small_hydroelectric
81,60,241.672,small_hydroelectric
95,60,418.922,small_hydroelectric
106,60,31.614,small_hydroelectric
125,60,100.697,small_hydroelectric
137,60,36.822,small_hydroelectric
145,60,33.21,small_hydroelectric
12,60,3579.98076,solar_photovoltaic
25,60,1279.0381799999998,solar_photovoltaic
33,60,405.3174,solar_photovoltaic
52,60,2345.1737399999997,solar_photovoltaic
65,60,6190.7496585282,solar_photovoltaic
82,60,5964.951419999999,solar_photovoltaic
96,60,282.60936,solar_photovoltaic
107,60,6662.320647984,solar_photovoltaic
126,60,13996.870258408499,solar_photovoltaic
138,60,1085.29674,solar_photovoltaic
26,61,11.235,biomass
13,61,15.682,biomass
108,61,137.081,biomass
40,61,5.952,biomass
97,61,178.173,biomass
1,61,16.294,biomass
66,61,228.795,biomass
2,61,863.0074992,conventional_hydroelectric
14,61,128.0910092,conventional_hydroelectric
27,61,857.8028268,conventional_hydroelectric
35,61,848.4401552,conventional_hydroelectric
54,61,675.6106500000001,conventional_hydroelectric
67,61,1443.022833233124,conventional_hydroelectric
84,61,15421.320722400002,conventional_hydroelectric
109,61,109.80489317460001,conventional_hydroelectric
128,61,52.72014,conventional_hydroelectric
139,61,48.442367999999995,conventional_hydroelectric
110,61,50.0,conventional_steam_coal
41,61,7219.002,conventional_steam_coal
3,61,0.0,conventional_steam_coal
36,61,0.0,conventional_steam_coal
85,61,0.0,conventional_steam_coal
28,61,74.364,geothermal
116,61,0.0,natural_gas_fired_combined_cycle
73,61,0.0,natural_gas_fired_combined_cycle
71,61,0.0,natural_gas_fired_combined_cycle
44,61,0.0,natural_gas_fired_combined_cycle
115,61,0.0,natural_gas_fired_combined_cycle
70,61,0.0,natural_gas_fired_combined_cycle
131,61,0.0,natural_gas_fired_combined_cycle
18,61,0.0,natural_gas_fired_combined_cycle
72,61,0.0,natural_gas_fired_combined_cycle
114,61,0.0,natural_gas_fired_combined_cycle
45,61,0.0,natural_gas_fired_combined_cycle
78,61,0.0,natural_gas_fired_combustion_turbine
75,61,0.0,natural_gas_fired_combustion_turbine
119,61,0.0,natural_gas_fired_combustion_turbine
117,61,0.0,natural_gas_fired_combustion_turbine
134,61,0.0,natural_gas_fired_combustion_turbine
103,61,0.0,natural_gas_fired_combustion_turbine
47,61,0.0,natural_gas_fired_combustion_turbine
8,61,0.0,natural_gas_fired_combustion_turbine
90,61,0.0,natural_gas_fired_combustion_turbine
60,61,0.0,natural_gas_fired_combustion_turbine
46,61,0.0,natural_gas_fired_combustion_turbine
37,61,0.0,natural_gas_fired_combustion_turbine
7,61,0.0,natural_gas_fired_combustion_turbine
133,61,0.0,natural_gas_fired_combustion_turbine
74,61,0.0,natural_gas_fired_combustion_turbine
20,61,0.0,natural_gas_fired_combustion_turbine
135,61,0.0,natural_gas_fired_combustion_turbine
142,61,0.0,natural_gas_fired_combustion_turbine
121,61,0.0,natural_gas_fired_combustion_turbine
91,61,0.0,natural_gas_fired_combustion_turbine
22,61,0.0,natural_gas_steam_turbine
123,61,0.0,natural_gas_steam_turbine
62,61,0.0,natural_gas_steam_turbine
49,61,0.0,natural_gas_steam_turbine
48,61,0.0,natural_gas_steam_turbine
21,61,0.0,natural_gas_steam_turbine
79,61,7405.999,nuclear
10,61,101.96799000000001,onshore_wind_turbine
23,61,1297.7250000000001,onshore_wind_turbine
31,61,366.40079999999995,onshore_wind_turbine
38,61,299.9304,onshore_wind_turbine
50,61,338.53643999999997,onshore_wind_turbine
63,61,82.34352015840001,onshore_wind_turbine
80,61,22.30368,onshore_wind_turbine
94,61,6196.0422,onshore_wind_turbine
105,61,324.187499916,onshore_wind_turbine
124,61,1222.028071572,onshore_wind_turbine
136,61,1383.45183,onshore_wind_turbine
144,61,3197.839499999999,onshore_wind_turbine
11,61,19.125,small_hydroelectric
24,61,62.577,small_hydroelectric
32,61,192.0,small_hydroelectric
39,61,52.9,small_hydroelectric
51,61,25.641,small_hydroelectric
64,61,6.128,small_hydroelectric
81,61,241.672,small_hydroelectric
95,61,418.922,small_hydroelectric
106,61,31.614,small_hydroelectric
125,61,100.697,small_hydroelectric
137,61,36.822,small_hydroelectric
145,61,33.21,small_hydroelectric
12,61,3682.88856,solar_photovoltaic
25,61,1280.95986,solar_photovoltaic
33,61,358.31205,solar_photovoltaic
52,61,2329.17786,solar_photovoltaic
65,61,6129.127083587399,solar_photovoltaic
82,61,6047.72829,solar_photovoltaic
96,61,304.1451,solar_photovoltaic
107,61,6081.6429025275,solar_photovoltaic
126,61,14192.3565816915,solar_photovoltaic
138,61,1031.2863,solar_photovoltaic
26,62,11.235,biomass
13,62,15.682,biomass
108,62,137.081,biomass
40,62,5.952,biomass
97,62,178.173,biomass
1,62,16.294,biomass
66,62,228.795,biomass
2,62,863.2837499999999,conventional_hydroelectric
14,62,127.9969284,conventional_hydroelectric
27,62,857.8028268,conventional_hydroelectric
35,62,850.438248,conventional_hydroelectric
54,62,676.8579312,conventional_hydroelectric
67,62,1445.3624302965898,conventional_hydroelectric
84,62,15427.131318,conventional_hydroelectric
109,62,110.1267563682,conventional_hydroelectric
128,62,52.76568000000001,conventional_hydroelectric
139,62,48.55881599999999,conventional_hydroelectric
110,62,50.0,conventional_steam_coal
41,62,7219.002,conventional_steam_coal
3,62,0.0,conventional_steam_coal
36,62,0.0,conventional_steam_coal
85,62,0.0,conventional_steam_coal
28,62,74.364,geothermal
116,62,0.0,natural_gas_fired_combined_cycle
73,62,0.0,natural_gas_fired_combined_cycle
71,62,0.0,natural_gas_fired_combined_cycle
44,62,0.0,natural_gas_fired_combined_cycle
115,62,0.0,natural_gas_fired_combined_cycle
70,62,0.0,natural_gas_fired_combined_cycle
131,62,0.0,natural_gas_fired_combined_cycle
18,62,0.0,natural_gas_fired_combined_cycle
72,62,0.0,natural_gas_fired_combined_cycle
114,62,0.0,natural_gas_fired_combined_cycle
45,62,0.0,natural_gas_fired_combined_cycle
78,62,0.0,natural_gas_fired_combustion_turbine
75,62,0.0,natural_gas_fired_combustion_turbine
119,62,0.0,natural_gas_fired_combustion_turbine
117,62,0.0,natural_gas_fired_combustion_turbine
134,62,0.0,natural_gas_fired_combustion_turbine
103,62,0.0,natural_gas_fired_combustion_turbine
47,62,0.0,natural_gas_fired_combustion_turbine
8,62,0.0,natural_gas_fired_combustion_turbine
90,62,0.0,natural_gas_fired_combustion_turbine
60,62,0.0,natural_gas_fired_combustion_turbine
46,62,0.0,natural_gas_fired_combustion_turbine
37,62,0.0,natural_gas_fired_combustion_turbine
7,62,0.0,natural_gas_fired_combustion_turbine
133,62,0.0,natural_gas_fired_combustion_turbine
74,62,0.0,natural_gas_fired_combustion_turbine
20,62,0.0,natural_gas_fired_combustion_turbine
135,62,0.0,natural_gas_fired_combustion_turbine
142,62,0.0,natural_gas_fired_combustion_turbine
121,62,0.0,natural_gas_fired_combustion_turbine
91,62,0.0,natural_gas_fired_combustion_turbine
22,62,0.0,natural_gas_steam_turbine
123,62,0.0,natural_gas_steam_turbine
62,62,0.0,natural_gas_steam_turbine
49,62,0.0,natural_gas_steam_turbine
48,62,0.0,natural_gas_steam_turbine
21,62,0.0,natural_gas_steam_turbine
79,62,7405.999,nuclear
10,62,211.96374000000003,onshore_wind_turbine
23,62,1245.816,onshore_wind_turbine
31,62,627.46137,onshore_wind_turbine
38,62,86.18130000000001,onshore_wind_turbine
50,62,498.2234399999999,onshore_wind_turbine
63,62,93.67643991359999,onshore_wind_turbine
80,62,41.022839999999995,onshore_wind_turbine
94,62,4574.1324,onshore_wind_turbine
105,62,403.34064056999995,onshore_wind_turbine
124,62,1572.4369830642001,onshore_wind_turbine
136,62,1383.45183,onshore_wind_turbine
144,62,3365.6102099999994,onshore_wind_turbine
11,62,19.125,small_hydroelectric
24,62,62.577,small_hydroelectric
32,62,192.0,small_hydroelectric
39,62,52.9,small_hydroelectric
51,62,25.641,small_hydroelectric
64,62,6.128,small_hydroelectric
81,62,241.672,small_hydroelectric
95,62,418.922,small_hydroelectric
106,62,31.614,small_hydroelectric
125,62,100.697,small_hydroelectric
137,62,36.822,small_hydroelectric
145,62,33.21,small_hydroelectric
12,62,3168.3495599999997,solar_photovoltaic
25,62,1256.2983,solar_photovoltaic
33,62,403.58205000000004,solar_photovoltaic
52,62,2305.77648,solar_photovoltaic
65,62,4777.192321670699,solar_photovoltaic
82,62,5815.2841499999995,solar_photovoltaic
96,62,272.97495000000004,solar_photovoltaic
107,62,4733.2284279015,solar_photovoltaic
126,62,13127.567091915,solar_photovoltaic
138,62,855.5566799999999,solar_photovoltaic
26,63,11.235,biomass
13,63,15.682,biomass
108,63,137.081,biomass
40,63,5.952,biomass
97,63,178.173,biomass
1,63,16.294,biomass
66,63,228.795,biomass
2,63,863.2837499999999,conventional_hydroelectric
14,63,127.949888,conventional_hydroelectric
27,63,857.8028268,conventional_hydroelectric
35,63,852.1865792,conventional_hydroelectric
54,63,678.0012723,conventional_hydroelectric
67,63,1447.754480224533,conventional_hydroelectric
84,63,15432.9419136,conventional_hydroelectric
109,63,110.3697482238,conventional_hydroelectric
128,63,52.81122,conventional_hydroelectric
139,63,48.675264,conventional_hydroelectric
110,63,50.0,conventional_steam_coal
41,63,7219.002,conventional_steam_coal
3,63,0.0,conventional_steam_coal
36,63,0.0,conventional_steam_coal
85,63,0.0,conventional_steam_coal
28,63,74.364,geothermal
116,63,0.0,natural_gas_fired_combined_cycle
73,63,0.0,natural_gas_fired_combined_cycle
71,63,0.0,natural_gas_fired_combined_cycle
44,63,0.0,natural_gas_fired_combined_cycle
115,63,0.0,natural_gas_fired_combined_cycle
70,63,0.0,natural_gas_fired_combined_cycle
131,63,0.0,natural_gas_fired_combined_cycle
18,63,0.0,natural_gas_fired_combined_cycle
72,63,0.0,natural_gas_fired_combined_cycle
114,63,0.0,natural_gas_fired_combined_cycle
45,63,0.0,natural_gas_fired_combined_cycle
78,63,0.0,natural_gas_fired_combustion_turbine
75,63,0.0,natural_gas_fired_combustion_turbine
119,63,0.0,natural_gas_fired_combustion_turbine
117,63,0.0,natural_gas_fired_combustion_turbine
134,63,0.0,natural_gas_fired_combustion_turbine
103,63,0.0,natural_gas_fired_combustion_turbine
47,63,0.0,natural_gas_fired_combustion_turbine
8,63,0.0,natural_gas_fired_combustion_turbine
90,63,0.0,natural_gas_fired_combustion_turbine
60,63,0.0,natural_gas_fired_combustion_turbine
46,63,0.0,natural_gas_fired_combustion_turbine
37,63,0.0,natural_gas_fired_combustion_turbine
7,63,0.0,natural_gas_fired_combustion_turbine
133,63,0.0,natural_gas_fired_combustion_turbine
74,63,0.0,natural_gas_fired_combustion_turbine
20,63,0.0,natural_gas_fired_combustion_turbine
135,63,0.0,natural_gas_fired_combustion_turbine
142,63,0.0,natural_gas_fired_combustion_turbine
121,63,0.0,natural_gas_fired_combustion_turbine
91,63,0.0,natural_gas_fired_combustion_turbine
22,63,0.0,natural_gas_steam_turbine
123,63,0.0,natural_gas_steam_turbine
62,63,0.0,natural_gas_steam_turbine
49,63,0.0,natural_gas_steam_turbine
48,63,0.0,natural_gas_steam_turbine
21,63,0.0,natural_gas_steam_turbine
79,63,7405.999,nuclear
10,63,205.47978,onshore_wind_turbine
23,63,1073.3183999999999,onshore_wind_turbine
31,63,436.11872999999997,onshore_wind_turbine
38,63,90.31995,onshore_wind_turbine
50,63,781.0146,onshore_wind_turbine
63,63,51.0308400384,onshore_wind_turbine
80,63,37.43832,onshore_wind_turbine
94,63,2695.302,onshore_wind_turbine
105,63,275.801040018,onshore_wind_turbine
124,63,4970.2639450464,onshore_wind_turbine
136,63,1381.52448,onshore_wind_turbine
144,63,3342.437459999999,onshore_wind_turbine
11,63,19.125,small_hydroelectric
24,63,62.577,small_hydroelectric
32,63,192.0,small_hydroelectric
39,63,52.9,small_hydroelectric
51,63,25.641,small_hydroelectric
64,63,6.128,small_hydroelectric
81,63,241.672,small_hydroelectric
95,63,418.922,small_hydroelectric
106,63,31.614,small_hydroelectric
125,63,100.697,small_hydroelectric
137,63,36.822,small_hydroelectric
145,63,33.21,small_hydroelectric
12,63,3309.9991199999995,solar_photovoltaic
25,63,1197.8472,solar_photovoltaic
33,63,526.0374,solar_photovoltaic
52,63,2211.57852,solar_photovoltaic
65,63,4107.5632200606,solar_photovoltaic
82,63,5708.259509999999,solar_photovoltaic
96,63,252.95049000000003,solar_photovoltaic
107,63,3651.6810273915,solar_photovoltaic
126,63,13483.527293598001,solar_photovoltaic
138,63,1024.43715,solar_photovoltaic
26,64,11.235,biomass
13,64,15.682,biomass
108,64,137.081,biomass
40,64,5.952,biomass
97,64,178.173,biomass
1,64,16.294,biomass
66,64,228.795,biomass
2,64,863.2837499999999,conventional_hydroelectric
14,64,127.85580719999999,conventional_hydroelectric
27,64,857.8028268,conventional_hydroelectric
35,64,854.1846720000001,conventional_hydroelectric
54,64,679.2485535,conventional_hydroelectric
67,64,1450.094070013992,conventional_hydroelectric
84,64,15435.8472114,conventional_hydroelectric
109,64,110.6127400794,conventional_hydroelectric
128,64,52.85676000000001,conventional_hydroelectric
139,64,48.791712,conventional_hydroelectric
110,64,50.0,conventional_steam_coal
41,64,7219.002,conventional_steam_coal
3,64,0.0,conventional_steam_coal
36,64,0.0,conventional_steam_coal
85,64,0.0,conventional_steam_coal
28,64,74.364,geothermal
116,64,0.0,natural_gas_fired_combined_cycle
73,64,0.0,natural_gas_fired_combined_cycle
71,64,0.0,natural_gas_fired_combined_cycle
44,64,0.0,natural_gas_fired_combined_cycle
115,64,0.0,natural_gas_fired_combined_cycle
70,64,0.0,natural_gas_fired_combined_cycle
131,64,0.0,natural_gas_fired_combined_cycle
18,64,0.0,natural_gas_fired_combined_cycle
72,64,0.0,natural_gas_fired_combined_cycle
114,64,0.0,natural_gas_fired_combined_cycle
45,64,0.0,natural_gas_fired_combined_cycle
78,64,0.0,natural_gas_fired_combustion_turbine
75,64,0.0,natural_gas_fired_combustion_turbine
119,64,0.0,natural_gas_fired_combustion_turbine
117,64,0.0,natural_gas_fired_combustion_turbine
134,64,0.0,natural_gas_fired_combustion_turbine
103,64,0.0,natural_gas_fired_combustion_turbine
47,64,0.0,natural_gas_fired_combustion_turbine
8,64,0.0,natural_gas_fired_combustion_turbine
90,64,0.0,natural_gas_fired_combustion_turbine
60,64,0.0,natural_gas_fired_combustion_turbine
46,64,0.0,natural_gas_fired_combustion_turbine
37,64,0.0,natural_gas_fired_combustion_turbine
7,64,0.0,natural_gas_fired_combustion_turbine
133,64,0.0,natural_gas_fired_combustion_turbine
74,64,0.0,natural_gas_fired_combustion_turbine
20,64,0.0,natural_gas_fired_combustion_turbine
135,64,0.0,natural_gas_fired_combustion_turbine
142,64,0.0,natural_gas_fired_combustion_turbine
121,64,0.0,natural_gas_fired_combustion_turbine
91,64,0.0,natural_gas_fired_combustion_turbine
22,64,0.0,natural_gas_steam_turbine
123,64,0.0,natural_gas_steam_turbine
62,64,0.0,natural_gas_steam_turbine
49,64,0.0,natural_gas_steam_turbine
48,64,0.0,natural_gas_steam_turbine
21,64,0.0,natural_gas_steam_turbine
79,64,7405.999,nuclear
10,64,109.22385,onshore_wind_turbine
23,64,1257.795,onshore_wind_turbine
31,64,376.57859999999994,onshore_wind_turbine
38,64,116.3691,onshore_wind_turbine
50,64,867.8262599999999,onshore_wind_turbine
63,64,65.94456014400001,onshore_wind_turbine
80,64,94.39235999999998,onshore_wind_turbine
94,64,1968.6738,onshore_wind_turbine
105,64,227.013059322,onshore_wind_turbine
124,64,5665.795165351201,onshore_wind_turbine
136,64,906.2399700000001,onshore_wind_turbine
144,64,3470.3510399999996,onshore_wind_turbine
11,64,19.125,small_hydroelectric
24,64,62.577,small_hydroelectric
32,64,192.0,small_hydroelectric
39,64,52.9,small_hydroelectric
51,64,25.641,small_hydroelectric
64,64,6.128,small_hydroelectric
81,64,241.672,small_hydroelectric
95,64,418.922,small_hydroelectric
106,64,31.614,small_hydroelectric
125,64,100.697,small_hydroelectric
137,64,36.822,small_hydroelectric
145,64,33.21,small_hydroelectric
12,64,2904.42132,solar_photovoltaic
25,64,1014.0064799999999,solar_photovoltaic
33,64,526.3392,solar_photovoltaic
52,64,1849.5976799999999,solar_photovoltaic
65,64,3487.1927128815,solar_photovoltaic
82,64,5172.30018,solar_photovoltaic
96,64,236.83017,solar_photovoltaic
107,64,3185.9497826955003,solar_photovoltaic
126,64,12568.259524638,solar_photovoltaic
138,64,902.7179699999999,solar_photovoltaic
26,65,11.235,biomass
13,65,15.682,biomass
108,65,137.081,biomass
40,65,5.952,biomass
97,65,178.173,biomass
1,65,16.294,biomass
66,65,228.795,biomass
2,65,863.2837499999999,conventional_hydroelectric
14,65,127.7617264,conventional_hydroelectric
27,65,857.8028268,conventional_hydroelectric
35,65,855.9330032,conventional_hydroelectric
54,65,680.3918946,conventional_hydroelectric
67,65,1452.433667077458,conventional_hydroelectric
84,65,15441.657807,conventional_hydroelectric
109,65,110.9346046692,conventional_hydroelectric
128,65,52.902300000000004,conventional_hydroelectric
139,65,48.908159999999995,conventional_hydroelectric
110,65,50.0,conventional_steam_coal
41,65,7219.002,conventional_steam_coal
3,65,0.0,conventional_steam_coal
36,65,0.0,conventional_steam_coal
85,65,0.0,conventional_steam_coal
28,65,74.364,geothermal
116,65,0.0,natural_gas_fired_combined_cycle
73,65,0.0,natural_gas_fired_combined_cycle
71,65,0.0,natural_gas_fired_combined_cycle
44,65,0.0,natural_gas_fired_combined_cycle
115,65,0.0,natural_gas_fired_combined_cycle
70,65,0.0,natural_gas_fired_combined_cycle
131,65,0.0,natural_gas_fired_combined_cycle
18,65,0.0,natural_gas_fired_combined_cycle
72,65,0.0,natural_gas_fired_combined_cycle
114,65,0.0,natural_gas_fired_combined_cycle
45,65,0.0,natural_gas_fired_combined_cycle
78,65,0.0,natural_gas_fired_combustion_turbine
75,65,0.0,natural_gas_fired_combustion_turbine
119,65,0.0,natural_gas_fired_combustion_turbine
117,65,0.0,natural_gas_fired_combustion_turbine
134,65,0.0,natural_gas_fired_combustion_turbine
103,65,0.0,natural_gas_fired_combustion_turbine
47,65,0.0,natural_gas_fired_combustion_turbine
8,65,0.0,natural_gas_fired_combustion_turbine
90,65,0.0,natural_gas_fired_combustion_turbine
60,65,0.0,natural_gas_fired_combustion_turbine
46,65,0.0,natural_gas_fired_combustion_turbine
37,65,0.0,natural_gas_fired_combustion_turbine
7,65,0.0,natural_gas_fired_combustion_turbine
133,65,0.0,natural_gas_fired_combustion_turbine
74,65,0.0,natural_gas_fired_combustion_turbine
20,65,0.0,natural_gas_fired_combustion_turbine
135,65,0.0,natural_gas_fired_combustion_turbine
142,65,0.0,natural_gas_fired_combustion_turbine
121,65,0.0,natural_gas_fired_combustion_turbine
91,65,0.0,natural_gas_fired_combustion_turbine
22,65,0.0,natural_gas_steam_turbine
123,65,0.0,natural_gas_steam_turbine
62,65,0.0,natural_gas_steam_turbine
49,65,0.0,natural_gas_steam_turbine
48,65,0.0,natural_gas_steam_turbine
21,65,0.0,natural_gas_steam_turbine
79,65,7405.999,nuclear
10,65,150.67488000000003,onshore_wind_turbine
23,65,2367.8489999999997,onshore_wind_turbine
31,65,682.42149,onshore_wind_turbine
38,65,100.54485000000001,onshore_wind_turbine
50,65,1236.5580599999998,onshore_wind_turbine
63,65,59.738999997600004,onshore_wind_turbine
80,65,195.95376,onshore_wind_turbine
94,65,1798.4442,onshore_wind_turbine
105,65,199.23281973,onshore_wind_turbine
124,65,4957.4862939096,onshore_wind_turbine
136,65,1379.2116600000002,onshore_wind_turbine
144,65,3537.0885599999992,onshore_wind_turbine
11,65,19.125,small_hydroelectric
24,65,62.577,small_hydroelectric
32,65,192.0,small_hydroelectric
39,65,52.9,small_hydroelectric
51,65,25.641,small_hydroelectric
64,65,6.128,small_hydroelectric
81,65,241.672,small_hydroelectric
95,65,418.922,small_hydroelectric
106,65,31.614,small_hydroelectric
125,65,100.697,small_hydroelectric
137,65,36.822,small_hydroelectric
145,65,33.21,small_hydroelectric
12,65,2526.08382,solar_photovoltaic
25,65,677.55234,solar_photovoltaic
33,65,453.7563,solar_photovoltaic
52,65,1232.2751999999998,solar_photovoltaic
65,65,2106.0818359518,solar_photovoltaic
82,65,4270.11591,solar_photovoltaic
96,65,178.89777000000004,solar_photovoltaic
107,65,2621.8478363579998,solar_photovoltaic
126,65,10411.527597756001,solar_photovoltaic
138,65,721.70472,solar_photovoltaic
26,66,11.235,biomass
13,66,15.682,biomass
108,66,137.081,biomass
40,66,5.952,biomass
97,66,178.173,biomass
1,66,16.294,biomass
66,66,228.795,biomass
2,66,863.5600007999999,conventional_hydroelectric
14,66,127.71468600000001,conventional_hydroelectric
27,66,857.8028268,conventional_hydroelectric
35,66,857.931096,conventional_hydroelectric
54,66,681.5352357,conventional_hydroelectric
67,66,1454.098316305401,conventional_hydroelectric
84,66,15447.468402599998,conventional_hydroelectric
109,66,111.1775965248,conventional_hydroelectric
128,66,52.96302,conventional_hydroelectric
139,66,49.001318399999995,conventional_hydroelectric
110,66,50.0,conventional_steam_coal
41,66,7219.002,conventional_steam_coal
3,66,8009.062589999999,conventional_steam_coal
36,66,1350.1595699999998,conventional_steam_coal
85,66,0.0,conventional_steam_coal
28,66,74.364,geothermal
116,66,0.0,natural_gas_fired_combined_cycle
73,66,0.0,natural_gas_fired_combined_cycle
71,66,0.0,natural_gas_fired_combined_cycle
44,66,0.0,natural_gas_fired_combined_cycle
115,66,0.0,natural_gas_fired_combined_cycle
70,66,0.0,natural_gas_fired_combined_cycle
131,66,0.0,natural_gas_fired_combined_cycle
18,66,0.0,natural_gas_fired_combined_cycle
72,66,0.0,natural_gas_fired_combined_cycle
114,66,0.0,natural_gas_fired_combined_cycle
45,66,0.0,natural_gas_fired_combined_cycle
78,66,0.0,natural_gas_fired_combustion_turbine
75,66,0.0,natural_gas_fired_combustion_turbine
119,66,0.0,natural_gas_fired_combustion_turbine
117,66,0.0,natural_gas_fired_combustion_turbine
134,66,0.0,natural_gas_fired_combustion_turbine
103,66,0.0,natural_gas_fired_combustion_turbine
47,66,0.0,natural_gas_fired_combustion_turbine
8,66,0.0,natural_gas_fired_combustion_turbine
90,66,0.0,natural_gas_fired_combustion_turbine
60,66,0.0,natural_gas_fired_combustion_turbine
46,66,0.0,natural_gas_fired_combustion_turbine
37,66,0.0,natural_gas_fired_combustion_turbine
7,66,0.0,natural_gas_fired_combustion_turbine
133,66,0.0,natural_gas_fired_combustion_turbine
74,66,0.0,natural_gas_fired_combustion_turbine
20,66,0.0,natural_gas_fired_combustion_turbine
135,66,0.0,natural_gas_fired_combustion_turbine
142,66,0.0,natural_gas_fired_combustion_turbine
121,66,0.0,natural_gas_fired_combustion_turbine
91,66,0.0,natural_gas_fired_combustion_turbine
22,66,0.0,natural_gas_steam_turbine
123,66,0.0,natural_gas_steam_turbine
62,66,0.0,natural_gas_steam_turbine
49,66,0.0,natural_gas_steam_turbine
48,66,0.0,natural_gas_steam_turbine
21,66,0.0,natural_gas_steam_turbine
79,66,7405.999,nuclear
10,66,100.50138000000003,onshore_wind_turbine
23,66,3445.1604,onshore_wind_turbine
31,66,1339.3984799999998,onshore_wind_turbine
38,66,175.52745,onshore_wind_turbine
50,66,1100.3885999999998,onshore_wind_turbine
63,66,25.816439976,onshore_wind_turbine
80,66,273.61836,onshore_wind_turbine
94,66,1689.6864,onshore_wind_turbine
105,66,126.623880369,onshore_wind_turbine
124,66,5019.333658812,onshore_wind_turbine
136,66,1672.1688600000002,onshore_wind_turbine
144,66,3486.1085099999996,onshore_wind_turbine
11,66,19.125,small_hydroelectric
24,66,62.577,small_hydroelectric
32,66,192.0,small_hydroelectric
39,66,52.9,small_hydroelectric
51,66,25.641,small_hydroelectric
64,66,6.128,small_hydroelectric
81,66,241.672,small_hydroelectric
95,66,418.922,small_hydroelectric
106,66,31.614,small_hydroelectric
125,66,100.697,small_hydroelectric
137,66,36.822,small_hydroelectric
145,66,33.21,small_hydroelectric
12,66,1210.07466,solar_photovoltaic
25,66,136.59941999999998,solar_photovoltaic
33,66,285.50280000000004,solar_photovoltaic
52,66,226.31207999999998,solar_photovoltaic
65,66,816.8784029120999,solar_photovoltaic
82,66,2801.8716299999996,solar_photovoltaic
96,66,113.72382000000002,solar_photovoltaic
107,66,1217.6774386304999,solar_photovoltaic
126,66,6733.7217360495,solar_photovoltaic
138,66,140.50542,solar_photovoltaic
26,67,11.235,biomass
13,67,15.682,biomass
108,67,137.081,biomass
40,67,5.952,biomass
97,67,178.173,biomass
1,67,16.294,biomass
66,67,228.795,biomass
2,67,863.5600007999999,conventional_hydroelectric
14,67,127.62060519999999,conventional_hydroelectric
27,67,857.943936,conventional_hydroelectric
35,67,859.6794272,conventional_hydroelectric
54,67,682.7825169000001,conventional_hydroelectric
67,67,1456.490373507351,conventional_hydroelectric
84,67,15453.278998200001,conventional_hydroelectric
109,67,111.3598397184,conventional_hydroelectric
128,67,53.00856,conventional_hydroelectric
139,67,49.1177664,conventional_hydroelectric
110,67,50.0,conventional_steam_coal
41,67,7219.002,conventional_steam_coal
3,67,14050.987,conventional_steam_coal
36,67,2368.701,conventional_steam_coal
85,67,0.0,conventional_steam_coal
28,67,74.364,geothermal
116,67,0.0,natural_gas_fired_combined_cycle
73,67,0.0,natural_gas_fired_combined_cycle
71,67,0.0,natural_gas_fired_combined_cycle
44,67,0.0,natural_gas_fired_combined_cycle
115,67,0.0,natural_gas_fired_combined_cycle
70,67,0.0,natural_gas_fired_combined_cycle
131,67,0.0,natural_gas_fired_combined_cycle
18,67,0.0,natural_gas_fired_combined_cycle
72,67,0.0,natural_gas_fired_combined_cycle
114,67,0.0,natural_gas_fired_combined_cycle
45,67,0.0,natural_gas_fired_combined_cycle
78,67,0.0,natural_gas_fired_combustion_turbine
75,67,0.0,natural_gas_fired_combustion_turbine
119,67,0.0,natural_gas_fired_combustion_turbine
117,67,0.0,natural_gas_fired_combustion_turbine
134,67,0.0,natural_gas_fired_combustion_turbine
103,67,0.0,natural_gas_fired_combustion_turbine
47,67,0.0,natural_gas_fired_combustion_turbine
8,67,0.0,natural_gas_fired_combustion_turbine
90,67,0.0,natural_gas_fired_combustion_turbine
60,67,0.0,natural_gas_fired_combustion_turbine
46,67,0.0,natural_gas_fired_combustion_turbine
37,67,0.0,natural_gas_fired_combustion_turbine
7,67,0.0,natural_gas_fired_combustion_turbine
133,67,0.0,natural_gas_fired_combustion_turbine
74,67,0.0,natural_gas_fired_combustion_turbine
20,67,0.0,natural_gas_fired_combustion_turbine
135,67,0.0,natural_gas_fired_combustion_turbine
142,67,0.0,natural_gas_fired_combustion_turbine
121,67,0.0,natural_gas_fired_combustion_turbine
91,67,0.0,natural_gas_fired_combustion_turbine
22,67,0.0,natural_gas_steam_turbine
123,67,0.0,natural_gas_steam_turbine
62,67,0.0,natural_gas_steam_turbine
49,67,0.0,natural_gas_steam_turbine
48,67,0.0,natural_gas_steam_turbine
21,67,0.0,natural_gas_steam_turbine
79,67,7405.999,nuclear
10,67,121.88301000000003,onshore_wind_turbine
23,67,4123.9704,onshore_wind_turbine
31,67,1327.69401,onshore_wind_turbine
38,67,113.20425,onshore_wind_turbine
50,67,822.5332199999999,onshore_wind_turbine
63,67,8.6789999832,onshore_wind_turbine
80,67,92.40095999999998,onshore_wind_turbine
94,67,3745.0512,onshore_wind_turbine
105,67,105.5008206,onshore_wind_turbine
124,67,2625.8715568932002,onshore_wind_turbine
136,67,1608.95178,onshore_wind_turbine
144,67,3567.6765899999996,onshore_wind_turbine
11,67,19.125,small_hydroelectric
24,67,62.577,small_hydroelectric
32,67,192.0,small_hydroelectric
39,67,52.9,small_hydroelectric
51,67,25.641,small_hydroelectric
64,67,6.128,small_hydroelectric
81,67,241.672,small_hydroelectric
95,67,418.922,small_hydroelectric
106,67,31.614,small_hydroelectric
125,67,100.697,small_hydroelectric
137,67,36.822,small_hydroelectric
145,67,33.21,small_hydroelectric
12,67,0.0,solar_photovoltaic
25,67,0.0,solar_photovoltaic
33,67,0.0,solar_photovoltaic
52,67,0.0,solar_photovoltaic
65,67,26.225097240299995,solar_photovoltaic
82,67,474.92184,solar_photovoltaic
96,67,20.52822,solar_photovoltaic
107,67,0.0,solar_photovoltaic
126,67,1127.606825958,solar_photovoltaic
138,67,0.0,solar_photovoltaic
26,68,11.235,biomass
13,68,15.682,biomass
108,68,137.081,biomass
40,68,5.952,biomass
97,68,178.173,biomass
1,68,16.294,biomass
66,68,228.795,biomass
2,68,863.5600007999999,conventional_hydroelectric
14,68,127.5265244,conventional_hydroelectric
27,68,857.943936,conventional_hydroelectric
35,68,861.67752,conventional_hydroelectric
54,68,683.9258580000001,conventional_hydroelectric
67,68,1458.8299632968099,conventional_hydroelectric
84,68,15459.0895938,conventional_hydroelectric
109,68,111.68170430820001,conventional_hydroelectric
128,68,53.0541,conventional_hydroelectric
139,68,49.2342144,conventional_hydroelectric
110,68,50.0,conventional_steam_coal
41,68,7219.002,conventional_steam_coal
3,68,14050.987,conventional_steam_coal
36,68,2368.701,conventional_steam_coal
85,68,0.0,conventional_steam_coal
28,68,74.364,geothermal
116,68,0.0,natural_gas_fired_combined_cycle
73,68,0.0,natural_gas_fired_combined_cycle
71,68,0.0,natural_gas_fired_combined_cycle
44,68,0.0,natural_gas_fired_combined_cycle
115,68,0.0,natural_gas_fired_combined_cycle
70,68,0.0,natural_gas_fired_combined_cycle
131,68,0.0,natural_gas_fired_combined_cycle
18,68,0.0,natural_gas_fired_combined_cycle
72,68,0.0,natural_gas_fired_combined_cycle
114,68,0.0,natural_gas_fired_combined_cycle
45,68,0.0,natural_gas_fired_combined_cycle
78,68,0.0,natural_gas_fired_combustion_turbine
75,68,0.0,natural_gas_fired_combustion_turbine
119,68,0.0,natural_gas_fired_combustion_turbine
117,68,0.0,natural_gas_fired_combustion_turbine
134,68,0.0,natural_gas_fired_combustion_turbine
103,68,0.0,natural_gas_fired_combustion_turbine
47,68,0.0,natural_gas_fired_combustion_turbine
8,68,0.0,natural_gas_fired_combustion_turbine
90,68,0.0,natural_gas_fired_combustion_turbine
60,68,0.0,natural_gas_fired_combustion_turbine
46,68,0.0,natural_gas_fired_combustion_turbine
37,68,0.0,natural_gas_fired_combustion_turbine
7,68,0.0,natural_gas_fired_combustion_turbine
133,68,0.0,natural_gas_fired_combustion_turbine
74,68,0.0,natural_gas_fired_combustion_turbine
20,68,0.0,natural_gas_fired_combustion_turbine
135,68,0.0,natural_gas_fired_combustion_turbine
142,68,0.0,natural_gas_fired_combustion_turbine
121,68,0.0,natural_gas_fired_combustion_turbine
91,68,0.0,natural_gas_fired_combustion_turbine
22,68,0.0,natural_gas_steam_turbine
123,68,0.0,natural_gas_steam_turbine
62,68,0.0,natural_gas_steam_turbine
49,68,0.0,natural_gas_steam_turbine
48,68,0.0,natural_gas_steam_turbine
21,68,0.0,natural_gas_steam_turbine
79,68,7405.999,nuclear
10,68,249.47808,onshore_wind_turbine
23,68,4259.7324,onshore_wind_turbine
31,68,1233.04047,onshore_wind_turbine
38,68,130.9761,onshore_wind_turbine
50,68,657.9104399999999,onshore_wind_turbine
63,68,11.549999947200002,onshore_wind_turbine
80,68,53.767799999999994,onshore_wind_turbine
94,68,4556.7942,onshore_wind_turbine
105,68,366.63659972100004,onshore_wind_turbine
124,68,1982.6057644338005,onshore_wind_turbine
136,68,1247.76639,onshore_wind_turbine
144,68,3737.3011199999996,onshore_wind_turbine
11,68,19.125,small_hydroelectric
24,68,62.577,small_hydroelectric
32,68,192.0,small_hydroelectric
39,68,52.9,small_hydroelectric
51,68,25.641,small_hydroelectric
64,68,6.128,small_hydroelectric
81,68,241.672,small_hydroelectric
95,68,418.922,small_hydroelectric
106,68,31.614,small_hydroelectric
125,68,100.697,small_hydroelectric
137,68,36.822,small_hydroelectric
145,68,33.21,small_hydroelectric
12,68,0.0,solar_photovoltaic
25,68,0.0,solar_photovoltaic
33,68,0.0,solar_photovoltaic
52,68,0.0,solar_photovoltaic
65,68,0.0,solar_photovoltaic
82,68,0.0,solar_photovoltaic
96,68,0.0,solar_photovoltaic
107,68,0.0,solar_photovoltaic
126,68,0.0,solar_photovoltaic
138,68,0.0,solar_photovoltaic
26,69,11.235,biomass
13,69,15.682,biomass
108,69,137.081,biomass
40,69,5.952,biomass
97,69,178.173,biomass
1,69,16.294,biomass
66,69,228.795,biomass
2,69,863.8362515999999,conventional_hydroelectric
14,69,127.47948400000001,conventional_hydroelectric
27,69,857.943936,conventional_hydroelectric
35,69,863.4258512,conventional_hydroelectric
54,69,685.1731392,conventional_hydroelectric
67,69,1461.169560360276,conventional_hydroelectric
84,69,15461.9948916,conventional_hydroelectric
109,69,111.9246961638,conventional_hydroelectric
128,69,53.09964,conventional_hydroelectric
139,69,49.3506624,conventional_hydroelectric
110,69,50.0,conventional_steam_coal
41,69,7219.002,conventional_steam_coal
3,69,14050.987,conventional_steam_coal
36,69,2368.701,conventional_steam_coal
85,69,0.0,conventional_steam_coal
28,69,74.364,geothermal
116,69,0.0,natural_gas_fired_combined_cycle
73,69,0.0,natural_gas_fired_combined_cycle
71,69,0.0,natural_gas_fired_combined_cycle
44,69,0.0,natural_gas_fired_combined_cycle
115,69,0.0,natural_gas_fired_combined_cycle
70,69,0.0,natural_gas_fired_combined_cycle
131,69,0.0,natural_gas_fired_combined_cycle
18,69,0.0,natural_gas_fired_combined_cycle
72,69,0.0,natural_gas_fired_combined_cycle
114,69,0.0,natural_gas_fired_combined_cycle
45,69,0.0,natural_gas_fired_combined_cycle
78,69,0.0,natural_gas_fired_combustion_turbine
75,69,0.0,natural_gas_fired_combustion_turbine
119,69,0.0,natural_gas_fired_combustion_turbine
117,69,0.0,natural_gas_fired_combustion_turbine
134,69,0.0,natural_gas_fired_combustion_turbine
103,69,0.0,natural_gas_fired_combustion_turbine
47,69,0.0,natural_gas_fired_combustion_turbine
8,69,0.0,natural_gas_fired_combustion_turbine
90,69,0.0,natural_gas_fired_combustion_turbine
60,69,0.0,natural_gas_fired_combustion_turbine
46,69,0.0,natural_gas_fired_combustion_turbine
37,69,0.0,natural_gas_fired_combustion_turbine
7,69,0.0,natural_gas_fired_combustion_turbine
133,69,0.0,natural_gas_fired_combustion_turbine
74,69,0.0,natural_gas_fired_combustion_turbine
20,69,0.0,natural_gas_fired_combustion_turbine
135,69,0.0,natural_gas_fired_combustion_turbine
142,69,0.0,natural_gas_fired_combustion_turbine
121,69,0.0,natural_gas_fired_combustion_turbine
91,69,0.0,natural_gas_fired_combustion_turbine
22,69,0.0,natural_gas_steam_turbine
123,69,0.0,natural_gas_steam_turbine
62,69,0.0,natural_gas_steam_turbine
49,69,0.0,natural_gas_steam_turbine
48,69,0.0,natural_gas_steam_turbine
21,69,0.0,natural_gas_steam_turbine
79,69,7405.999,nuclear
10,69,315.62991000000005,onshore_wind_turbine
23,69,4309.2456,onshore_wind_turbine
31,69,1246.27161,onshore_wind_turbine
38,69,141.201,onshore_wind_turbine
50,69,382.08743999999996,onshore_wind_turbine
63,69,10.0469998416,onshore_wind_turbine
80,69,11.550119999999998,onshore_wind_turbine
94,69,5094.2784,onshore_wind_turbine
105,69,746.822040615,onshore_wind_turbine
124,69,2388.1189821852004,onshore_wind_turbine
136,69,1628.61075,onshore_wind_turbine
144,69,3915.2678399999995,onshore_wind_turbine
11,69,19.125,small_hydroelectric
24,69,62.577,small_hydroelectric
32,69,192.0,small_hydroelectric
39,69,52.9,small_hydroelectric
51,69,25.641,small_hydroelectric
64,69,6.128,small_hydroelectric
81,69,241.672,small_hydroelectric
95,69,418.922,small_hydroelectric
106,69,31.614,small_hydroelectric
125,69,100.697,small_hydroelectric
137,69,36.822,small_hydroelectric
145,69,33.21,small_hydroelectric
12,69,0.0,solar_photovoltaic
25,69,0.0,solar_photovoltaic
33,69,0.0,solar_photovoltaic
52,69,0.0,solar_photovoltaic
65,69,0.0,solar_photovoltaic
82,69,0.0,solar_photovoltaic
96,69,0.0,solar_photovoltaic
107,69,0.0,solar_photovoltaic
126,69,0.0,solar_photovoltaic
138,69,0.0,solar_photovoltaic
26,70,11.235,biomass
13,70,15.682,biomass
108,70,137.081,biomass
40,70,5.952,biomass
97,70,178.173,biomass
1,70,16.294,biomass
66,70,228.795,biomass
2,70,863.8362515999999,conventional_hydroelectric
14,70,127.3854032,conventional_hydroelectric
27,70,857.943936,conventional_hydroelectric
35,70,865.4239439999999,conventional_hydroelectric
54,70,686.3164803000001,conventional_hydroelectric
67,70,1463.5616102882188,conventional_hydroelectric
84,70,15467.8054872,conventional_hydroelectric
109,70,112.1676880194,conventional_hydroelectric
128,70,53.14518000000001,conventional_hydroelectric
139,70,49.467110399999996,conventional_hydroelectric
110,70,50.0,conventional_steam_coal
41,70,7219.002,conventional_steam_coal
3,70,14050.987,conventional_steam_coal
36,70,2368.701,conventional_steam_coal
85,70,0.0,conventional_steam_coal
28,70,74.364,geothermal
116,70,0.0,natural_gas_fired_combined_cycle
73,70,0.0,natural_gas_fired_combined_cycle
71,70,0.0,natural_gas_fired_combined_cycle
44,70,0.0,natural_gas_fired_combined_cycle
115,70,0.0,natural_gas_fired_combined_cycle
70,70,0.0,natural_gas_fired_combined_cycle
131,70,0.0,natural_gas_fired_combined_cycle
18,70,0.0,natural_gas_fired_combined_cycle
72,70,0.0,natural_gas_fired_combined_cycle
114,70,0.0,natural_gas_fired_combined_cycle
45,70,0.0,natural_gas_fired_combined_cycle
78,70,0.0,natural_gas_fired_combustion_turbine
75,70,0.0,natural_gas_fired_combustion_turbine
119,70,0.0,natural_gas_fired_combustion_turbine
117,70,0.0,natural_gas_fired_combustion_turbine
134,70,0.0,natural_gas_fired_combustion_turbine
103,70,0.0,natural_gas_fired_combustion_turbine
47,70,0.0,natural_gas_fired_combustion_turbine
8,70,0.0,natural_gas_fired_combustion_turbine
90,70,0.0,natural_gas_fired_combustion_turbine
60,70,0.0,natural_gas_fired_combustion_turbine
46,70,0.0,natural_gas_fired_combustion_turbine
37,70,0.0,natural_gas_fired_combustion_turbine
7,70,0.0,natural_gas_fired_combustion_turbine
133,70,0.0,natural_gas_fired_combustion_turbine
74,70,0.0,natural_gas_fired_combustion_turbine
20,70,0.0,natural_gas_fired_combustion_turbine
135,70,0.0,natural_gas_fired_combustion_turbine
142,70,0.0,natural_gas_fired_combustion_turbine
121,70,0.0,natural_gas_fired_combustion_turbine
91,70,0.0,natural_gas_fired_combustion_turbine
22,70,0.0,natural_gas_steam_turbine
123,70,0.0,natural_gas_steam_turbine
62,70,0.0,natural_gas_steam_turbine
49,70,0.0,natural_gas_steam_turbine
48,70,0.0,natural_gas_steam_turbine
21,70,0.0,natural_gas_steam_turbine
79,70,7405.999,nuclear
10,70,352.44954000000007,onshore_wind_turbine
23,70,2994.75,onshore_wind_turbine
31,70,1364.3340899999998,onshore_wind_turbine
38,70,164.81565,onshore_wind_turbine
50,70,422.73503999999997,onshore_wind_turbine
63,70,16.3079999712,onshore_wind_turbine
80,70,93.5958,onshore_wind_turbine
94,70,5586.0527999999995,onshore_wind_turbine
105,70,920.2116004830001,onshore_wind_turbine
124,70,3411.9444627906,onshore_wind_turbine
136,70,1564.62273,onshore_wind_turbine
144,70,3715.055279999999,onshore_wind_turbine
11,70,19.125,small_hydroelectric
24,70,62.577,small_hydroelectric
32,70,192.0,small_hydroelectric
39,70,52.9,small_hydroelectric
51,70,25.641,small_hydroelectric
64,70,6.128,small_hydroelectric
81,70,241.672,small_hydroelectric
95,70,418.922,small_hydroelectric
106,70,31.614,small_hydroelectric
125,70,100.697,small_hydroelectric
137,70,36.822,small_hydroelectric
145,70,33.21,small_hydroelectric
12,70,0.0,solar_photovoltaic
25,70,0.0,solar_photovoltaic
33,70,0.0,solar_photovoltaic
52,70,0.0,solar_photovoltaic
65,70,0.0,solar_photovoltaic
82,70,0.0,solar_photovoltaic
96,70,0.0,solar_photovoltaic
107,70,0.0,solar_photovoltaic
126,70,0.0,solar_photovoltaic
138,70,0.0,solar_photovoltaic
26,71,11.235,biomass
13,71,15.682,biomass
108,71,137.081,biomass
40,71,5.952,biomass
97,71,178.173,biomass
1,71,16.294,biomass
66,71,228.795,biomass
2,71,863.8362515999999,conventional_hydroelectric
14,71,127.2913224,conventional_hydroelectric
27,71,857.943936,conventional_hydroelectric
35,71,867.1722752000001,conventional_hydroelectric
54,71,687.5637615,conventional_hydroelectric
67,71,1465.901207351685,conventional_hydroelectric
84,71,15473.6160828,conventional_hydroelectric
109,71,112.48955121300001,conventional_hydroelectric
128,71,53.2059,conventional_hydroelectric
139,71,49.5835584,conventional_hydroelectric
110,71,50.0,conventional_steam_coal
41,71,7219.002,conventional_steam_coal
3,71,14050.987,conventional_steam_coal
36,71,2368.701,conventional_steam_coal
85,71,0.0,conventional_steam_coal
28,71,74.364,geothermal
116,71,0.0,natural_gas_fired_combined_cycle
73,71,0.0,natural_gas_fired_combined_cycle
71,71,0.0,natural_gas_fired_combined_cycle
44,71,0.0,natural_gas_fired_combined_cycle
115,71,0.0,natural_gas_fired_combined_cycle
70,71,0.0,natural_gas_fired_combined_cycle
131,71,0.0,natural_gas_fired_combined_cycle
18,71,0.0,natural_gas_fired_combined_cycle
72,71,0.0,natural_gas_fired_combined_cycle
114,71,0.0,natural_gas_fired_combined_cycle
45,71,0.0,natural_gas_fired_combined_cycle
78,71,0.0,natural_gas_fired_combustion_turbine
75,71,0.0,natural_gas_fired_combustion_turbine
119,71,0.0,natural_gas_fired_combustion_turbine
117,71,0.0,natural_gas_fired_combustion_turbine
134,71,0.0,natural_gas_fired_combustion_turbine
103,71,0.0,natural_gas_fired_combustion_turbine
47,71,0.0,natural_gas_fired_combustion_turbine
8,71,0.0,natural_gas_fired_combustion_turbine
90,71,0.0,natural_gas_fired_combustion_turbine
60,71,0.0,natural_gas_fired_combustion_turbine
46,71,0.0,natural_gas_fired_combustion_turbine
37,71,0.0,natural_gas_fired_combustion_turbine
7,71,0.0,natural_gas_fired_combustion_turbine
133,71,0.0,natural_gas_fired_combustion_turbine
74,71,0.0,natural_gas_fired_combustion_turbine
20,71,0.0,natural_gas_fired_combustion_turbine
135,71,0.0,natural_gas_fired_combustion_turbine
142,71,0.0,natural_gas_fired_combustion_turbine
121,71,0.0,natural_gas_fired_combustion_turbine
91,71,0.0,natural_gas_fired_combustion_turbine
22,71,0.0,natural_gas_steam_turbine
123,71,0.0,natural_gas_steam_turbine
62,71,0.0,natural_gas_steam_turbine
49,71,0.0,natural_gas_steam_turbine
48,71,0.0,natural_gas_steam_turbine
21,71,0.0,natural_gas_steam_turbine
79,71,7405.999,nuclear
10,71,300.26910000000004,onshore_wind_turbine
23,71,2323.926,onshore_wind_turbine
31,71,1555.1678399999998,onshore_wind_turbine
38,71,162.13770000000002,onshore_wind_turbine
50,71,377.44199999999995,onshore_wind_turbine
63,71,14.2499998872,onshore_wind_turbine
80,71,126.25475999999999,onshore_wind_turbine
94,71,4072.9008000000003,onshore_wind_turbine
105,71,1016.8917002369999,onshore_wind_turbine
124,71,3425.7145176738,onshore_wind_turbine
136,71,1251.2356200000002,onshore_wind_turbine
144,71,3626.0719199999994,onshore_wind_turbine
11,71,19.125,small_hydroelectric
24,71,62.577,small_hydroelectric
32,71,192.0,small_hydroelectric
39,71,52.9,small_hydroelectric
51,71,25.641,small_hydroelectric
64,71,6.128,small_hydroelectric
81,71,241.672,small_hydroelectric
95,71,418.922,small_hydroelectric
106,71,31.614,small_hydroelectric
125,71,100.697,small_hydroelectric
137,71,36.822,small_hydroelectric
145,71,33.21,small_hydroelectric
12,71,0.0,solar_photovoltaic
25,71,0.0,solar_photovoltaic
33,71,0.0,solar_photovoltaic
52,71,0.0,solar_photovoltaic
65,71,0.0,solar_photovoltaic
82,71,0.0,solar_photovoltaic
96,71,0.0,solar_photovoltaic
107,71,0.0,solar_photovoltaic
126,71,0.0,solar_photovoltaic
138,71,0.0,solar_photovoltaic
26,72,11.235,biomass
13,72,15.682,biomass
108,72,137.081,biomass
40,72,5.952,biomass
97,72,178.173,biomass
1,72,16.294,biomass
66,72,228.795,biomass
2,72,864.1125024,conventional_hydroelectric
14,72,127.24428200000001,conventional_hydroelectric
27,72,857.943936,conventional_hydroelectric
35,72,869.1703679999999,conventional_hydroelectric
54,72,688.7071026,conventional_hydroelectric
67,72,1467.565856579628,conventional_hydroelectric
84,72,15479.426678400001,conventional_hydroelectric
109,72,112.73254306860001,conventional_hydroelectric
128,72,53.25144,conventional_hydroelectric
139,72,49.7000064,conventional_hydroelectric
110,72,50.0,conventional_steam_coal
41,72,7219.002,conventional_steam_coal
3,72,14050.987,conventional_steam_coal
36,72,2368.701,conventional_steam_coal
85,72,0.0,conventional_steam_coal
28,72,74.364,geothermal
116,72,0.0,natural_gas_fired_combined_cycle
73,72,0.0,natural_gas_fired_combined_cycle
71,72,0.0,natural_gas_fired_combined_cycle
44,72,0.0,natural_gas_fired_combined_cycle
115,72,0.0,natural_gas_fired_combined_cycle
70,72,0.0,natural_gas_fired_combined_cycle
131,72,0.0,natural_gas_fired_combined_cycle
18,72,0.0,natural_gas_fired_combined_cycle
72,72,0.0,natural_gas_fired_combined_cycle
114,72,0.0,natural_gas_fired_combined_cycle
45,72,0.0,natural_gas_fired_combined_cycle
78,72,0.0,natural_gas_fired_combustion_turbine
75,72,0.0,natural_gas_fired_combustion_turbine
119,72,0.0,natural_gas_fired_combustion_turbine
117,72,0.0,natural_gas_fired_combustion_turbine
134,72,0.0,natural_gas_fired_combustion_turbine
103,72,0.0,natural_gas_fired_combustion_turbine
47,72,0.0,natural_gas_fired_combustion_turbine
8,72,0.0,natural_gas_fired_combustion_turbine
90,72,0.0,natural_gas_fired_combustion_turbine
60,72,0.0,natural_gas_fired_combustion_turbine
46,72,0.0,natural_gas_fired_combustion_turbine
37,72,0.0,natural_gas_fired_combustion_turbine
7,72,0.0,natural_gas_fired_combustion_turbine
133,72,0.0,natural_gas_fired_combustion_turbine
74,72,0.0,natural_gas_fired_combustion_turbine
20,72,0.0,natural_gas_fired_combustion_turbine
135,72,0.0,natural_gas_fired_combustion_turbine
142,72,0.0,natural_gas_fired_combustion_turbine
121,72,0.0,natural_gas_fired_combustion_turbine
91,72,0.0,natural_gas_fired_combustion_turbine
22,72,0.0,natural_gas_steam_turbine
123,72,0.0,natural_gas_steam_turbine
62,72,0.0,natural_gas_steam_turbine
49,72,0.0,natural_gas_steam_turbine
48,72,0.0,natural_gas_steam_turbine
21,72,0.0,natural_gas_steam_turbine
79,72,7405.999,nuclear
10,72,274.87359000000004,onshore_wind_turbine
23,72,1553.277,onshore_wind_turbine
31,72,1366.87854,onshore_wind_turbine
38,72,96.8931,onshore_wind_turbine
50,72,357.98922,onshore_wind_turbine
63,72,9.5099999184,onshore_wind_turbine
80,72,4.77936,onshore_wind_turbine
94,72,3193.3812000000003,onshore_wind_turbine
105,72,1088.924220153,onshore_wind_turbine
124,72,2182.2606268056,onshore_wind_turbine
136,72,1463.24412,onshore_wind_turbine
144,72,3030.9956999999995,onshore_wind_turbine
11,72,19.125,small_hydroelectric
24,72,62.577,small_hydroelectric
32,72,192.0,small_hydroelectric
39,72,52.9,small_hydroelectric
51,72,25.641,small_hydroelectric
64,72,6.128,small_hydroelectric
81,72,241.672,small_hydroelectric
95,72,418.922,small_hydroelectric
106,72,31.614,small_hydroelectric
125,72,100.697,small_hydroelectric
137,72,36.822,small_hydroelectric
145,72,33.21,small_hydroelectric
12,72,0.0,solar_photovoltaic
25,72,0.0,solar_photovoltaic
33,72,0.0,solar_photovoltaic
52,72,0.0,solar_photovoltaic
65,72,0.0,solar_photovoltaic
82,72,0.0,solar_photovoltaic
96,72,0.0,solar_photovoltaic
107,72,0.0,solar_photovoltaic
126,72,0.0,solar_photovoltaic
138,72,0.0,solar_photovoltaic
26,73,11.235,biomass
13,73,15.682,biomass
108,73,137.081,biomass
40,73,5.952,biomass
97,73,178.173,biomass
1,73,16.294,biomass
66,73,228.795,biomass
2,73,864.1125024,conventional_hydroelectric
14,73,127.1502012,conventional_hydroelectric
27,73,857.943936,conventional_hydroelectric
35,73,871.1684608,conventional_hydroelectric
54,73,689.9543838,conventional_hydroelectric
67,73,1469.9054536430938,conventional_hydroelectric
84,73,15485.237274000001,conventional_hydroelectric
109,73,112.9755349242,conventional_hydroelectric
128,73,53.296980000000005,conventional_hydroelectric
139,73,49.79316479999999,conventional_hydroelectric
110,73,50.0,conventional_steam_coal
41,73,7219.002,conventional_steam_coal
3,73,14050.987,conventional_steam_coal
36,73,1625.2354814273617,conventional_steam_coal
85,73,0.0,conventional_steam_coal
28,73,74.364,geothermal
116,73,0.0,natural_gas_fired_combined_cycle
73,73,0.0,natural_gas_fired_combined_cycle
71,73,0.0,natural_gas_fired_combined_cycle
44,73,0.0,natural_gas_fired_combined_cycle
115,73,0.0,natural_gas_fired_combined_cycle
70,73,0.0,natural_gas_fired_combined_cycle
131,73,0.0,natural_gas_fired_combined_cycle
18,73,0.0,natural_gas_fired_combined_cycle
72,73,0.0,natural_gas_fired_combined_cycle
114,73,0.0,natural_gas_fired_combined_cycle
45,73,0.0,natural_gas_fired_combined_cycle
78,73,0.0,natural_gas_fired_combustion_turbine
75,73,0.0,natural_gas_fired_combustion_turbine
119,73,0.0,natural_gas_fired_combustion_turbine
117,73,0.0,natural_gas_fired_combustion_turbine
134,73,0.0,natural_gas_fired_combustion_turbine
103,73,0.0,natural_gas_fired_combustion_turbine
47,73,0.0,natural_gas_fired_combustion_turbine
8,73,0.0,natural_gas_fired_combustion_turbine
90,73,0.0,natural_gas_fired_combustion_turbine
60,73,0.0,natural_gas_fired_combustion_turbine
46,73,0.0,natural_gas_fired_combustion_turbine
37,73,0.0,natural_gas_fired_combustion_turbine
7,73,0.0,natural_gas_fired_combustion_turbine
133,73,0.0,natural_gas_fired_combustion_turbine
74,73,0.0,natural_gas_fired_combustion_turbine
20,73,0.0,natural_gas_fired_combustion_turbine
135,73,0.0,natural_gas_fired_combustion_turbine
142,73,0.0,natural_gas_fired_combustion_turbine
121,73,0.0,natural_gas_fired_combustion_turbine
91,73,0.0,natural_gas_fired_combustion_turbine
22,73,0.0,natural_gas_steam_turbine
123,73,0.0,natural_gas_steam_turbine
62,73,0.0,natural_gas_steam_turbine
49,73,0.0,natural_gas_steam_turbine
48,73,0.0,natural_gas_steam_turbine
21,73,0.0,natural_gas_steam_turbine
79,73,7405.999,nuclear
10,73,233.57694,onshore_wind_turbine
23,73,1372.7934,onshore_wind_turbine
31,73,1770.9371999999998,onshore_wind_turbine
38,73,67.67909999999999,onshore_wind_turbine
50,73,449.73666,onshore_wind_turbine
63,73,13.6472400648,onshore_wind_turbine
80,73,4.38108,onshore_wind_turbine
94,73,2167.275,onshore_wind_turbine
105,73,1176.809279688,onshore_wind_turbine
124,73,3194.3586018234005,onshore_wind_turbine
136,73,1299.80484,onshore_wind_turbine
144,73,2973.5272799999993,onshore_wind_turbine
11,73,19.125,small_hydroelectric
24,73,62.577,small_hydroelectric
32,73,192.0,small_hydroelectric
39,73,52.9,small_hydroelectric
51,73,25.641,small_hydroelectric
64,73,6.128,small_hydroelectric
81,73,241.672,small_hydroelectric
95,73,418.922,small_hydroelectric
106,73,31.614,small_hydroelectric
125,73,100.697,small_hydroelectric
137,73,36.822,small_hydroelectric
145,73,33.21,small_hydroelectric
12,73,0.0,solar_photovoltaic
25,73,0.0,solar_photovoltaic
33,73,0.0,solar_photovoltaic
52,73,0.0,solar_photovoltaic
65,73,0.0,solar_photovoltaic
82,73,0.0,solar_photovoltaic
96,73,0.0,solar_photovoltaic
107,73,0.0,solar_photovoltaic
126,73,0.0,solar_photovoltaic
138,73,0.0,solar_photovoltaic
26,74,11.235,biomass
13,74,15.682,biomass
108,74,137.081,biomass
40,74,5.952,biomass
97,74,178.173,biomass
1,74,16.294,biomass
66,74,228.795,biomass
2,74,864.1125024,conventional_hydroelectric
14,74,127.0561204,conventional_hydroelectric
27,74,857.943936,conventional_hydroelectric
35,74,872.916792,conventional_hydroelectric
54,74,691.0977249000001,conventional_hydroelectric
67,74,1472.2975035710367,conventional_hydroelectric
84,74,15488.142571800001,conventional_hydroelectric
109,74,113.297399514,conventional_hydroelectric
128,74,53.34252,conventional_hydroelectric
139,74,49.9096128,conventional_hydroelectric
110,74,50.0,conventional_steam_coal
41,74,7219.002,conventional_steam_coal
3,74,14050.987,conventional_steam_coal
36,74,275.0759114273619,conventional_steam_coal
85,74,0.0,conventional_steam_coal
28,74,74.364,geothermal
116,74,0.0,natural_gas_fired_combined_cycle
73,74,0.0,natural_gas_fired_combined_cycle
71,74,0.0,natural_gas_fired_combined_cycle
44,74,0.0,natural_gas_fired_combined_cycle
115,74,0.0,natural_gas_fired_combined_cycle
70,74,0.0,natural_gas_fired_combined_cycle
131,74,0.0,natural_gas_fired_combined_cycle
18,74,0.0,natural_gas_fired_combined_cycle
72,74,0.0,natural_gas_fired_combined_cycle
114,74,0.0,natural_gas_fired_combined_cycle
45,74,0.0,natural_gas_fired_combined_cycle
78,74,0.0,natural_gas_fired_combustion_turbine
75,74,0.0,natural_gas_fired_combustion_turbine
119,74,0.0,natural_gas_fired_combustion_turbine
117,74,0.0,natural_gas_fired_combustion_turbine
134,74,0.0,natural_gas_fired_combustion_turbine
103,74,0.0,natural_gas_fired_combustion_turbine
47,74,0.0,natural_gas_fired_combustion_turbine
8,74,0.0,natural_gas_fired_combustion_turbine
90,74,0.0,natural_gas_fired_combustion_turbine
60,74,0.0,natural_gas_fired_combustion_turbine
46,74,0.0,natural_gas_fired_combustion_turbine
37,74,0.0,natural_gas_fired_combustion_turbine
7,74,0.0,natural_gas_fired_combustion_turbine
133,74,0.0,natural_gas_fired_combustion_turbine
74,74,0.0,natural_gas_fired_combustion_turbine
20,74,0.0,natural_gas_fired_combustion_turbine
135,74,0.0,natural_gas_fired_combustion_turbine
142,74,0.0,natural_gas_fired_combustion_turbine
121,74,0.0,natural_gas_fired_combustion_turbine
91,74,0.0,natural_gas_fired_combustion_turbine
22,74,0.0,natural_gas_steam_turbine
123,74,0.0,natural_gas_steam_turbine
62,74,0.0,natural_gas_steam_turbine
49,74,0.0,natural_gas_steam_turbine
48,74,0.0,natural_gas_steam_turbine
21,74,0.0,natural_gas_steam_turbine
79,74,7405.999,nuclear
10,74,210.72870000000003,onshore_wind_turbine
23,74,1306.5095999999999,onshore_wind_turbine
31,74,1598.9323799999997,onshore_wind_turbine
38,74,54.77625,onshore_wind_turbine
50,74,534.51594,onshore_wind_turbine
63,74,33.1255198992,onshore_wind_turbine
80,74,1.19484,onshore_wind_turbine
94,74,2600.73,onshore_wind_turbine
105,74,1247.995919772,onshore_wind_turbine
124,74,3497.4543955164,onshore_wind_turbine
136,74,1494.0817200000001,onshore_wind_turbine
144,74,2333.0324699999996,onshore_wind_turbine
11,74,19.125,small_hydroelectric
24,74,62.577,small_hydroelectric
32,74,192.0,small_hydroelectric
39,74,52.9,small_hydroelectric
51,74,25.641,small_hydroelectric
64,74,6.128,small_hydroelectric
81,74,241.672,small_hydroelectric
95,74,418.922,small_hydroelectric
106,74,31.614,small_hydroelectric
125,74,100.697,small_hydroelectric
137,74,36.822,small_hydroelectric
145,74,33.21,small_hydroelectric
12,74,0.0,solar_photovoltaic
25,74,0.0,solar_photovoltaic
33,74,0.0,solar_photovoltaic
52,74,0.0,solar_photovoltaic
65,74,0.0,solar_photovoltaic
82,74,0.0,solar_photovoltaic
96,74,0.0,solar_photovoltaic
107,74,0.0,solar_photovoltaic
126,74,0.0,solar_photovoltaic
138,74,0.0,solar_photovoltaic
26,75,11.235,biomass
13,75,15.682,biomass
108,75,137.081,biomass
40,75,5.952,biomass
97,75,178.173,biomass
1,75,16.294,biomass
66,75,228.795,biomass
2,75,864.3887532,conventional_hydroelectric
14,75,127.00908000000001,conventional_hydroelectric
27,75,857.943936,conventional_hydroelectric
35,75,874.9148848,conventional_hydroelectric
54,75,692.3450061000001,conventional_hydroelectric
67,75,1474.637100634503,conventional_hydroelectric
84,75,15493.953167399999,conventional_hydroelectric
109,75,113.47964270760001,conventional_hydroelectric
128,75,53.403240000000004,conventional_hydroelectric
139,75,50.026060799999996,conventional_hydroelectric
110,75,50.0,conventional_steam_coal
41,75,7219.002,conventional_steam_coal
3,75,11893.285231309908,conventional_steam_coal
36,75,0.0,conventional_steam_coal
85,75,0.0,conventional_steam_coal
28,75,74.364,geothermal
116,75,0.0,natural_gas_fired_combined_cycle
73,75,0.0,natural_gas_fired_combined_cycle
71,75,0.0,natural_gas_fired_combined_cycle
44,75,0.0,natural_gas_fired_combined_cycle
115,75,0.0,natural_gas_fired_combined_cycle
70,75,0.0,natural_gas_fired_combined_cycle
131,75,0.0,natural_gas_fired_combined_cycle
18,75,0.0,natural_gas_fired_combined_cycle
72,75,0.0,natural_gas_fired_combined_cycle
114,75,0.0,natural_gas_fired_combined_cycle
45,75,0.0,natural_gas_fired_combined_cycle
78,75,0.0,natural_gas_fired_combustion_turbine
75,75,0.0,natural_gas_fired_combustion_turbine
119,75,0.0,natural_gas_fired_combustion_turbine
117,75,0.0,natural_gas_fired_combustion_turbine
134,75,0.0,natural_gas_fired_combustion_turbine
103,75,0.0,natural_gas_fired_combustion_turbine
47,75,0.0,natural_gas_fired_combustion_turbine
8,75,0.0,natural_gas_fired_combustion_turbine
90,75,0.0,natural_gas_fired_combustion_turbine
60,75,0.0,natural_gas_fired_combustion_turbine
46,75,0.0,natural_gas_fired_combustion_turbine
37,75,0.0,natural_gas_fired_combustion_turbine
7,75,0.0,natural_gas_fired_combustion_turbine
133,75,0.0,natural_gas_fired_combustion_turbine
74,75,0.0,natural_gas_fired_combustion_turbine
20,75,0.0,natural_gas_fired_combustion_turbine
135,75,0.0,natural_gas_fired_combustion_turbine
142,75,0.0,natural_gas_fired_combustion_turbine
121,75,0.0,natural_gas_fired_combustion_turbine
91,75,0.0,natural_gas_fired_combustion_turbine
22,75,0.0,natural_gas_steam_turbine
123,75,0.0,natural_gas_steam_turbine
62,75,0.0,natural_gas_steam_turbine
49,75,0.0,natural_gas_steam_turbine
48,75,0.0,natural_gas_steam_turbine
21,75,0.0,natural_gas_steam_turbine
79,75,7405.999,nuclear
10,75,244.15197000000006,onshore_wind_turbine
23,75,1637.9286,onshore_wind_turbine
31,75,1336.34514,onshore_wind_turbine
38,75,63.54045000000001,onshore_wind_turbine
50,75,554.2590599999999,onshore_wind_turbine
63,75,16.7340001656,onshore_wind_turbine
80,75,301.09968,onshore_wind_turbine
94,75,5221.9506,onshore_wind_turbine
105,75,1253.52053946,onshore_wind_turbine
124,75,2569.6914874224003,onshore_wind_turbine
136,75,1714.5705600000001,onshore_wind_turbine
144,75,1689.7569299999996,onshore_wind_turbine
11,75,19.125,small_hydroelectric
24,75,62.577,small_hydroelectric
32,75,192.0,small_hydroelectric
39,75,52.9,small_hydroelectric
51,75,25.641,small_hydroelectric
64,75,6.128,small_hydroelectric
81,75,241.672,small_hydroelectric
95,75,418.922,small_hydroelectric
106,75,31.614,small_hydroelectric
125,75,100.697,small_hydroelectric
137,75,36.822,small_hydroelectric
145,75,33.21,small_hydroelectric
12,75,0.0,solar_photovoltaic
25,75,0.0,solar_photovoltaic
33,75,0.0,solar_photovoltaic
52,75,0.0,solar_photovoltaic
65,75,0.0,solar_photovoltaic
82,75,0.0,solar_photovoltaic
96,75,0.0,solar_photovoltaic
107,75,0.0,solar_photovoltaic
126,75,0.0,solar_photovoltaic
138,75,0.0,solar_photovoltaic
26,76,11.235,biomass
13,76,15.682,biomass
108,76,137.081,biomass
40,76,5.952,biomass
97,76,178.173,biomass
1,76,16.294,biomass
66,76,228.795,biomass
2,76,864.3887532,conventional_hydroelectric
14,76,126.9149992,conventional_hydroelectric
27,76,857.943936,conventional_hydroelectric
35,76,876.6632159999999,conventional_hydroelectric
54,76,693.4883472,conventional_hydroelectric
67,76,1476.976690423962,conventional_hydroelectric
84,76,15499.763762999999,conventional_hydroelectric
109,76,113.8015072974,conventional_hydroelectric
128,76,53.448780000000006,conventional_hydroelectric
139,76,50.142508799999995,conventional_hydroelectric
110,76,50.0,conventional_steam_coal
41,76,7219.002,conventional_steam_coal
3,76,12251.059068960256,conventional_steam_coal
36,76,0.0,conventional_steam_coal
85,76,0.0,conventional_steam_coal
28,76,74.364,geothermal
116,76,0.0,natural_gas_fired_combined_cycle
73,76,0.0,natural_gas_fired_combined_cycle
71,76,0.0,natural_gas_fired_combined_cycle
44,76,0.0,natural_gas_fired_combined_cycle
115,76,0.0,natural_gas_fired_combined_cycle
70,76,0.0,natural_gas_fired_combined_cycle
131,76,0.0,natural_gas_fired_combined_cycle
18,76,0.0,natural_gas_fired_combined_cycle
72,76,0.0,natural_gas_fired_combined_cycle
114,76,0.0,natural_gas_fired_combined_cycle
45,76,0.0,natural_gas_fired_combined_cycle
78,76,0.0,natural_gas_fired_combustion_turbine
75,76,0.0,natural_gas_fired_combustion_turbine
119,76,0.0,natural_gas_fired_combustion_turbine
117,76,0.0,natural_gas_fired_combustion_turbine
134,76,0.0,natural_gas_fired_combustion_turbine
103,76,0.0,natural_gas_fired_combustion_turbine
47,76,0.0,natural_gas_fired_combustion_turbine
8,76,0.0,natural_gas_fired_combustion_turbine
90,76,0.0,natural_gas_fired_combustion_turbine
60,76,0.0,natural_gas_fired_combustion_turbine
46,76,0.0,natural_gas_fired_combustion_turbine
37,76,0.0,natural_gas_fired_combustion_turbine
7,76,0.0,natural_gas_fired_combustion_turbine
133,76,0.0,natural_gas_fired_combustion_turbine
74,76,0.0,natural_gas_fired_combustion_turbine
20,76,0.0,natural_gas_fired_combustion_turbine
135,76,0.0,natural_gas_fired_combustion_turbine
142,76,0.0,natural_gas_fired_combustion_turbine
121,76,0.0,natural_gas_fired_combustion_turbine
91,76,0.0,natural_gas_fired_combustion_turbine
22,76,0.0,natural_gas_steam_turbine
123,76,0.0,natural_gas_steam_turbine
62,76,0.0,natural_gas_steam_turbine
49,76,0.0,natural_gas_steam_turbine
48,76,0.0,natural_gas_steam_turbine
21,76,0.0,natural_gas_steam_turbine
79,76,7405.999,nuclear
10,76,254.64981000000006,onshore_wind_turbine
23,76,1910.2512,onshore_wind_turbine
31,76,1523.61666,onshore_wind_turbine
38,76,75.4695,onshore_wind_turbine
50,76,487.19051999999994,onshore_wind_turbine
63,76,53.702879961600004,onshore_wind_turbine
80,76,725.66616,onshore_wind_turbine
94,76,4708.1094,onshore_wind_turbine
105,76,1195.452360018,onshore_wind_turbine
124,76,1999.5127199388003,onshore_wind_turbine
136,76,1494.85266,onshore_wind_turbine
144,76,1841.7701699999996,onshore_wind_turbine
11,76,19.125,small_hydroelectric
24,76,62.577,small_hydroelectric
32,76,192.0,small_hydroelectric
39,76,52.9,small_hydroelectric
51,76,25.641,small_hydroelectric
64,76,6.128,small_hydroelectric
81,76,241.672,small_hydroelectric
95,76,418.922,small_hydroelectric
106,76,31.614,small_hydroelectric
125,76,100.697,small_hydroelectric
137,76,36.822,small_hydroelectric
145,76,33.21,small_hydroelectric
12,76,0.0,solar_photovoltaic
25,76,0.0,solar_photovoltaic
33,76,0.0,solar_photovoltaic
52,76,0.0,solar_photovoltaic
65,76,0.0,solar_photovoltaic
82,76,0.0,solar_photovoltaic
96,76,0.0,solar_photovoltaic
107,76,0.0,solar_photovoltaic
126,76,0.0,solar_photovoltaic
138,76,0.0,solar_photovoltaic
26,77,11.235,biomass
13,77,15.682,biomass
108,77,137.081,biomass
40,77,5.952,biomass
97,77,178.173,biomass
1,77,16.294,biomass
66,77,228.795,biomass
2,77,864.3887532,conventional_hydroelectric
14,77,126.8679588,conventional_hydroelectric
27,77,857.943936,conventional_hydroelectric
35,77,878.6613088,conventional_hydroelectric
54,77,694.7356284,conventional_hydroelectric
67,77,1478.6413469259119,conventional_hydroelectric
84,77,15505.574358599999,conventional_hydroelectric
109,77,114.044499153,conventional_hydroelectric
128,77,53.49432,conventional_hydroelectric
139,77,50.25895679999999,conventional_hydroelectric
110,77,50.0,conventional_steam_coal
41,77,7219.002,conventional_steam_coal
3,77,14050.987,conventional_steam_coal
36,77,1350.1595699999998,conventional_steam_coal
85,77,0.0,conventional_steam_coal
28,77,74.364,geothermal
116,77,0.0,natural_gas_fired_combined_cycle
73,77,0.0,natural_gas_fired_combined_cycle
71,77,0.0,natural_gas_fired_combined_cycle
44,77,0.0,natural_gas_fired_combined_cycle
115,77,0.0,natural_gas_fired_combined_cycle
70,77,0.0,natural_gas_fired_combined_cycle
131,77,0.0,natural_gas_fired_combined_cycle
18,77,0.0,natural_gas_fired_combined_cycle
72,77,0.0,natural_gas_fired_combined_cycle
114,77,0.0,natural_gas_fired_combined_cycle
45,77,0.0,natural_gas_fired_combined_cycle
78,77,0.0,natural_gas_fired_combustion_turbine
75,77,0.0,natural_gas_fired_combustion_turbine
119,77,0.0,natural_gas_fired_combustion_turbine
117,77,0.0,natural_gas_fired_combustion_turbine
134,77,0.0,natural_gas_fired_combustion_turbine
103,77,0.0,natural_gas_fired_combustion_turbine
47,77,0.0,natural_gas_fired_combustion_turbine
8,77,0.0,natural_gas_fired_combustion_turbine
90,77,0.0,natural_gas_fired_combustion_turbine
60,77,0.0,natural_gas_fired_combustion_turbine
46,77,0.0,natural_gas_fired_combustion_turbine
37,77,0.0,natural_gas_fired_combustion_turbine
7,77,0.0,natural_gas_fired_combustion_turbine
133,77,0.0,natural_gas_fired_combustion_turbine
74,77,0.0,natural_gas_fired_combustion_turbine
20,77,0.0,natural_gas_fired_combustion_turbine
135,77,0.0,natural_gas_fired_combustion_turbine
142,77,0.0,natural_gas_fired_combustion_turbine
121,77,0.0,natural_gas_fired_combustion_turbine
91,77,0.0,natural_gas_fired_combustion_turbine
22,77,0.0,natural_gas_steam_turbine
123,77,0.0,natural_gas_steam_turbine
62,77,0.0,natural_gas_steam_turbine
49,77,0.0,natural_gas_steam_turbine
48,77,0.0,natural_gas_steam_turbine
21,77,0.0,natural_gas_steam_turbine
79,77,7405.999,nuclear
10,77,278.88747000000006,onshore_wind_turbine
23,77,1710.6012,onshore_wind_turbine
31,77,1186.73148,onshore_wind_turbine
38,77,89.83305,onshore_wind_turbine
50,77,217.75499999999997,onshore_wind_turbine
63,77,25.327440088800003,onshore_wind_turbine
80,77,150.15156,onshore_wind_turbine
94,77,3606.3456,onshore_wind_turbine
105,77,1164.52805994,onshore_wind_turbine
124,77,2015.5927786368,onshore_wind_turbine
136,77,1174.14162,onshore_wind_turbine
144,77,1659.1688999999997,onshore_wind_turbine
11,77,19.125,small_hydroelectric
24,77,62.577,small_hydroelectric
32,77,192.0,small_hydroelectric
39,77,52.9,small_hydroelectric
51,77,25.641,small_hydroelectric
64,77,6.128,small_hydroelectric
81,77,241.672,small_hydroelectric
95,77,418.922,small_hydroelectric
106,77,31.614,small_hydroelectric
125,77,100.697,small_hydroelectric
137,77,36.822,small_hydroelectric
145,77,33.21,small_hydroelectric
12,77,0.0,solar_photovoltaic
25,77,0.0,solar_photovoltaic
33,77,0.0,solar_photovoltaic
52,77,0.0,solar_photovoltaic
65,77,0.0,solar_photovoltaic
82,77,0.0,solar_photovoltaic
96,77,0.0,solar_photovoltaic
107,77,0.0,solar_photovoltaic
126,77,0.0,solar_photovoltaic
138,77,0.0,solar_photovoltaic
26,78,11.235,biomass
13,78,15.682,biomass
108,78,137.081,biomass
40,78,5.952,biomass
97,78,178.173,biomass
1,78,16.294,biomass
66,78,228.795,biomass
2,78,864.665004,conventional_hydroelectric
14,78,126.77387800000001,conventional_hydroelectric
27,78,857.943936,conventional_hydroelectric
35,78,880.40964,conventional_hydroelectric
54,78,695.8789695,conventional_hydroelectric
67,78,1481.033396853855,conventional_hydroelectric
84,78,15511.3849542,conventional_hydroelectric
109,78,114.2874910086,conventional_hydroelectric
128,78,53.539860000000004,conventional_hydroelectric
139,78,50.3754048,conventional_hydroelectric
110,78,50.0,conventional_steam_coal
41,78,7219.002,conventional_steam_coal
3,78,14050.987,conventional_steam_coal
36,78,2368.701,conventional_steam_coal
85,78,0.0,conventional_steam_coal
28,78,74.364,geothermal
116,78,0.0,natural_gas_fired_combined_cycle
73,78,0.0,natural_gas_fired_combined_cycle
71,78,0.0,natural_gas_fired_combined_cycle
44,78,0.0,natural_gas_fired_combined_cycle
115,78,0.0,natural_gas_fired_combined_cycle
70,78,0.0,natural_gas_fired_combined_cycle
131,78,0.0,natural_gas_fired_combined_cycle
18,78,0.0,natural_gas_fired_combined_cycle
72,78,0.0,natural_gas_fired_combined_cycle
114,78,0.0,natural_gas_fired_combined_cycle
45,78,0.0,natural_gas_fired_combined_cycle
78,78,0.0,natural_gas_fired_combustion_turbine
75,78,0.0,natural_gas_fired_combustion_turbine
119,78,0.0,natural_gas_fired_combustion_turbine
117,78,0.0,natural_gas_fired_combustion_turbine
134,78,0.0,natural_gas_fired_combustion_turbine
103,78,0.0,natural_gas_fired_combustion_turbine
47,78,0.0,natural_gas_fired_combustion_turbine
8,78,0.0,natural_gas_fired_combustion_turbine
90,78,0.0,natural_gas_fired_combustion_turbine
60,78,0.0,natural_gas_fired_combustion_turbine
46,78,0.0,natural_gas_fired_combustion_turbine
37,78,0.0,natural_gas_fired_combustion_turbine
7,78,0.0,natural_gas_fired_combustion_turbine
133,78,0.0,natural_gas_fired_combustion_turbine
74,78,0.0,natural_gas_fired_combustion_turbine
20,78,0.0,natural_gas_fired_combustion_turbine
135,78,0.0,natural_gas_fired_combustion_turbine
142,78,0.0,natural_gas_fired_combustion_turbine
121,78,0.0,natural_gas_fired_combustion_turbine
91,78,0.0,natural_gas_fired_combustion_turbine
22,78,0.0,natural_gas_steam_turbine
123,78,0.0,natural_gas_steam_turbine
62,78,0.0,natural_gas_steam_turbine
49,78,0.0,natural_gas_steam_turbine
48,78,0.0,natural_gas_steam_turbine
21,78,0.0,natural_gas_steam_turbine
79,78,7405.999,nuclear
10,78,333.76956000000007,onshore_wind_turbine
23,78,1371.1961999999999,onshore_wind_turbine
31,78,1193.3470499999999,onshore_wind_turbine
38,78,169.44119999999998,onshore_wind_turbine
50,78,167.23583999999997,onshore_wind_turbine
63,78,12.7740000312,onshore_wind_turbine
80,78,418.99055999999996,onshore_wind_turbine
94,78,3232.7862,onshore_wind_turbine
105,78,1165.565700432,onshore_wind_turbine
124,78,1691.3948693070001,onshore_wind_turbine
136,78,1553.82957,onshore_wind_turbine
144,78,1822.3050599999997,onshore_wind_turbine
11,78,19.125,small_hydroelectric
24,78,62.577,small_hydroelectric
32,78,192.0,small_hydroelectric
39,78,52.9,small_hydroelectric
51,78,25.641,small_hydroelectric
64,78,6.128,small_hydroelectric
81,78,241.672,small_hydroelectric
95,78,418.922,small_hydroelectric
106,78,31.614,small_hydroelectric
125,78,100.697,small_hydroelectric
137,78,36.822,small_hydroelectric
145,78,33.21,small_hydroelectric
12,78,0.0,solar_photovoltaic
25,78,0.0,solar_photovoltaic
33,78,0.0,solar_photovoltaic
52,78,98.64126,solar_photovoltaic
65,78,0.0,solar_photovoltaic
82,78,0.0,solar_photovoltaic
96,78,0.0,solar_photovoltaic
107,78,0.0,solar_photovoltaic
126,78,0.0,solar_photovoltaic
138,78,0.0,solar_photovoltaic
26,79,11.235,biomass
13,79,15.682,biomass
108,79,137.081,biomass
40,79,5.952,biomass
97,79,178.173,biomass
1,79,16.294,biomass
66,79,228.795,biomass
2,79,864.665004,conventional_hydroelectric
14,79,126.6797972,conventional_hydroelectric
27,79,858.0850452,conventional_hydroelectric
35,79,882.4077328,conventional_hydroelectric
54,79,697.1262507,conventional_hydroelectric
67,79,1483.3729939173209,conventional_hydroelectric
84,79,15514.290252,conventional_hydroelectric
109,79,114.60935559840001,conventional_hydroelectric
128,79,53.5854,conventional_hydroelectric
139,79,50.4918528,conventional_hydroelectric
110,79,50.0,conventional_steam_coal
41,79,7219.002,conventional_steam_coal
3,79,14050.987,conventional_steam_coal
36,79,1350.1595699999998,conventional_steam_coal
85,79,0.0,conventional_steam_coal
28,79,74.364,geothermal
116,79,0.0,natural_gas_fired_combined_cycle
73,79,0.0,natural_gas_fired_combined_cycle
71,79,0.0,natural_gas_fired_combined_cycle
44,79,0.0,natural_gas_fired_combined_cycle
115,79,0.0,natural_gas_fired_combined_cycle
70,79,0.0,natural_gas_fired_combined_cycle
131,79,0.0,natural_gas_fired_combined_cycle
18,79,0.0,natural_gas_fired_combined_cycle
72,79,0.0,natural_gas_fired_combined_cycle
114,79,0.0,natural_gas_fired_combined_cycle
45,79,0.0,natural_gas_fired_combined_cycle
78,79,0.0,natural_gas_fired_combustion_turbine
75,79,0.0,natural_gas_fired_combustion_turbine
119,79,0.0,natural_gas_fired_combustion_turbine
117,79,0.0,natural_gas_fired_combustion_turbine
134,79,0.0,natural_gas_fired_combustion_turbine
103,79,0.0,natural_gas_fired_combustion_turbine
47,79,0.0,natural_gas_fired_combustion_turbine
8,79,0.0,natural_gas_fired_combustion_turbine
90,79,0.0,natural_gas_fired_combustion_turbine
60,79,0.0,natural_gas_fired_combustion_turbine
46,79,0.0,natural_gas_fired_combustion_turbine
37,79,0.0,natural_gas_fired_combustion_turbine
7,79,0.0,natural_gas_fired_combustion_turbine
133,79,0.0,natural_gas_fired_combustion_turbine
74,79,0.0,natural_gas_fired_combustion_turbine
20,79,0.0,natural_gas_fired_combustion_turbine
135,79,0.0,natural_gas_fired_combustion_turbine
142,79,0.0,natural_gas_fired_combustion_turbine
121,79,0.0,natural_gas_fired_combustion_turbine
91,79,0.0,natural_gas_fired_combustion_turbine
22,79,0.0,natural_gas_steam_turbine
123,79,0.0,natural_gas_steam_turbine
62,79,0.0,natural_gas_steam_turbine
49,79,0.0,natural_gas_steam_turbine
48,79,0.0,natural_gas_steam_turbine
21,79,0.0,natural_gas_steam_turbine
79,79,7405.999,nuclear
10,79,393.05148,onshore_wind_turbine
23,79,1242.6216,onshore_wind_turbine
31,79,1312.9361999999999,onshore_wind_turbine
38,79,215.94015,onshore_wind_turbine
50,79,148.65408,onshore_wind_turbine
63,79,20.6843999592,onshore_wind_turbine
80,79,3.9827999999999997,onshore_wind_turbine
94,79,4225.7922,onshore_wind_turbine
105,79,1192.8422400929999,onshore_wind_turbine
124,79,1780.6213150242004,onshore_wind_turbine
136,79,1453.2219,onshore_wind_turbine
144,79,2030.8598099999995,onshore_wind_turbine
11,79,19.125,small_hydroelectric
24,79,62.577,small_hydroelectric
32,79,192.0,small_hydroelectric
39,79,52.9,small_hydroelectric
51,79,25.641,small_hydroelectric
64,79,6.128,small_hydroelectric
81,79,241.672,small_hydroelectric
95,79,418.922,small_hydroelectric
106,79,31.614,small_hydroelectric
125,79,100.697,small_hydroelectric
137,79,36.822,small_hydroelectric
145,79,33.21,small_hydroelectric
12,79,300.85398,solar_photovoltaic
25,79,387.85907999999995,solar_photovoltaic
33,79,56.436600000000006,solar_photovoltaic
52,79,1073.20506,solar_photovoltaic
65,79,234.7675757994,solar_photovoltaic
82,79,82.77687,solar_photovoltaic
96,79,8.56392,solar_photovoltaic
107,79,13.788567297,solar_photovoltaic
126,79,481.90881764849996,solar_photovoltaic
138,79,172.20719999999997,solar_photovoltaic
26,80,11.235,biomass
13,80,15.682,biomass
108,80,137.081,biomass
40,80,5.952,biomass
97,80,178.173,biomass
1,80,16.294,biomass
66,80,228.795,biomass
2,80,864.665004,conventional_hydroelectric
14,80,126.6327568,conventional_hydroelectric
27,80,858.0850452,conventional_hydroelectric
35,80,884.1560639999999,conventional_hydroelectric
54,80,698.2695918,conventional_hydroelectric
67,80,1485.71258370678,conventional_hydroelectric
84,80,15520.1008476,conventional_hydroelectric
109,80,114.852347454,conventional_hydroelectric
128,80,53.64612,conventional_hydroelectric
139,80,50.608300799999995,conventional_hydroelectric
110,80,50.0,conventional_steam_coal
41,80,7219.002,conventional_steam_coal
3,80,12648.7038375885,conventional_steam_coal
36,80,0.0,conventional_steam_coal
85,80,0.0,conventional_steam_coal
28,80,74.364,geothermal
116,80,0.0,natural_gas_fired_combined_cycle
73,80,0.0,natural_gas_fired_combined_cycle
71,80,0.0,natural_gas_fired_combined_cycle
44,80,0.0,natural_gas_fired_combined_cycle
115,80,0.0,natural_gas_fired_combined_cycle
70,80,0.0,natural_gas_fired_combined_cycle
131,80,0.0,natural_gas_fired_combined_cycle
18,80,0.0,natural_gas_fired_combined_cycle
72,80,0.0,natural_gas_fired_combined_cycle
114,80,0.0,natural_gas_fired_combined_cycle
45,80,0.0,natural_gas_fired_combined_cycle
78,80,0.0,natural_gas_fired_combustion_turbine
75,80,0.0,natural_gas_fired_combustion_turbine
119,80,0.0,natural_gas_fired_combustion_turbine
117,80,0.0,natural_gas_fired_combustion_turbine
134,80,0.0,natural_gas_fired_combustion_turbine
103,80,0.0,natural_gas_fired_combustion_turbine
47,80,0.0,natural_gas_fired_combustion_turbine
8,80,0.0,natural_gas_fired_combustion_turbine
90,80,0.0,natural_gas_fired_combustion_turbine
60,80,0.0,natural_gas_fired_combustion_turbine
46,80,0.0,natural_gas_fired_combustion_turbine
37,80,0.0,natural_gas_fired_combustion_turbine
7,80,0.0,natural_gas_fired_combustion_turbine
133,80,0.0,natural_gas_fired_combustion_turbine
74,80,0.0,natural_gas_fired_combustion_turbine
20,80,0.0,natural_gas_fired_combustion_turbine
135,80,0.0,natural_gas_fired_combustion_turbine
142,80,0.0,natural_gas_fired_combustion_turbine
121,80,0.0,natural_gas_fired_combustion_turbine
91,80,0.0,natural_gas_fired_combustion_turbine
22,80,0.0,natural_gas_steam_turbine
123,80,0.0,natural_gas_steam_turbine
62,80,0.0,natural_gas_steam_turbine
49,80,0.0,natural_gas_steam_turbine
48,80,0.0,natural_gas_steam_turbine
21,80,0.0,natural_gas_steam_turbine
79,80,7405.999,nuclear
10,80,335.62212000000005,onshore_wind_turbine
23,80,626.1024,onshore_wind_turbine
31,80,1590.7901399999998,onshore_wind_turbine
38,80,185.9958,onshore_wind_turbine
50,80,45.58337999999999,onshore_wind_turbine
63,80,18.8071200024,onshore_wind_turbine
80,80,3.9827999999999997,onshore_wind_turbine
94,80,3574.8216,onshore_wind_turbine
105,80,1134.471239937,onshore_wind_turbine
124,80,1368.385170438,onshore_wind_turbine
136,80,878.8716000000001,onshore_wind_turbine
144,80,1093.7537999999997,onshore_wind_turbine
11,80,19.125,small_hydroelectric
24,80,62.577,small_hydroelectric
32,80,192.0,small_hydroelectric
39,80,52.9,small_hydroelectric
51,80,25.641,small_hydroelectric
64,80,6.128,small_hydroelectric
81,80,241.672,small_hydroelectric
95,80,418.922,small_hydroelectric
106,80,31.614,small_hydroelectric
125,80,100.697,small_hydroelectric
137,80,36.822,small_hydroelectric
145,80,33.21,small_hydroelectric
12,80,1529.08884,solar_photovoltaic
25,80,654.0117599999999,solar_photovoltaic
33,80,317.87085,solar_photovoltaic
52,80,1701.48768,solar_photovoltaic
65,80,1760.4448221153,solar_photovoltaic
82,80,1618.7476799999997,solar_photovoltaic
96,80,142.24923,solar_photovoltaic
107,80,1180.0219472145,solar_photovoltaic
126,80,4141.2887613435005,solar_photovoltaic
138,80,522.8836799999999,solar_photovoltaic
26,81,11.235,biomass
13,81,15.682,biomass
108,81,137.081,biomass
40,81,5.952,biomass
97,81,178.173,biomass
1,81,16.294,biomass
66,81,228.795,biomass
2,81,864.665004,conventional_hydroelectric
14,81,126.53867600000001,conventional_hydroelectric
27,81,858.0850452,conventional_hydroelectric
35,81,886.1541568,conventional_hydroelectric
54,81,699.5168730000001,conventional_hydroelectric
67,81,1488.0521734962388,conventional_hydroelectric
84,81,15525.911443199999,conventional_hydroelectric
109,81,115.09533930959999,conventional_hydroelectric
128,81,53.691660000000006,conventional_hydroelectric
139,81,50.701459199999995,conventional_hydroelectric
110,81,50.0,conventional_steam_coal
41,81,7219.002,conventional_steam_coal
3,81,7375.878774338065,conventional_steam_coal
36,81,0.0,conventional_steam_coal
85,81,0.0,conventional_steam_coal
28,81,74.364,geothermal
116,81,0.0,natural_gas_fired_combined_cycle
73,81,0.0,natural_gas_fired_combined_cycle
71,81,0.0,natural_gas_fired_combined_cycle
44,81,0.0,natural_gas_fired_combined_cycle
115,81,0.0,natural_gas_fired_combined_cycle
70,81,0.0,natural_gas_fired_combined_cycle
131,81,0.0,natural_gas_fired_combined_cycle
18,81,0.0,natural_gas_fired_combined_cycle
72,81,0.0,natural_gas_fired_combined_cycle
114,81,0.0,natural_gas_fired_combined_cycle
45,81,0.0,natural_gas_fired_combined_cycle
78,81,0.0,natural_gas_fired_combustion_turbine
75,81,0.0,natural_gas_fired_combustion_turbine
119,81,0.0,natural_gas_fired_combustion_turbine
117,81,0.0,natural_gas_fired_combustion_turbine
134,81,0.0,natural_gas_fired_combustion_turbine
103,81,0.0,natural_gas_fired_combustion_turbine
47,81,0.0,natural_gas_fired_combustion_turbine
8,81,0.0,natural_gas_fired_combustion_turbine
90,81,0.0,natural_gas_fired_combustion_turbine
60,81,0.0,natural_gas_fired_combustion_turbine
46,81,0.0,natural_gas_fired_combustion_turbine
37,81,0.0,natural_gas_fired_combustion_turbine
7,81,0.0,natural_gas_fired_combustion_turbine
133,81,0.0,natural_gas_fired_combustion_turbine
74,81,0.0,natural_gas_fired_combustion_turbine
20,81,0.0,natural_gas_fired_combustion_turbine
135,81,0.0,natural_gas_fired_combustion_turbine
142,81,0.0,natural_gas_fired_combustion_turbine
121,81,0.0,natural_gas_fired_combustion_turbine
91,81,0.0,natural_gas_fired_combustion_turbine
22,81,0.0,natural_gas_steam_turbine
123,81,0.0,natural_gas_steam_turbine
62,81,0.0,natural_gas_steam_turbine
49,81,0.0,natural_gas_steam_turbine
48,81,0.0,natural_gas_steam_turbine
21,81,0.0,natural_gas_steam_turbine
79,81,7405.999,nuclear
10,81,249.01494000000002,onshore_wind_turbine
23,81,511.9026,onshore_wind_turbine
31,81,733.31049,onshore_wind_turbine
38,81,236.38995000000003,onshore_wind_turbine
50,81,34.55046,onshore_wind_turbine
63,81,12.995520105600002,onshore_wind_turbine
80,81,1.19484,onshore_wind_turbine
94,81,1621.9098000000001,onshore_wind_turbine
105,81,874.160040348,onshore_wind_turbine
124,81,475.22727177420006,onshore_wind_turbine
136,81,1400.41251,onshore_wind_turbine
144,81,372.61781999999994,onshore_wind_turbine
11,81,19.125,small_hydroelectric
24,81,62.577,small_hydroelectric
32,81,192.0,small_hydroelectric
39,81,52.9,small_hydroelectric
51,81,25.641,small_hydroelectric
64,81,6.128,small_hydroelectric
81,81,241.672,small_hydroelectric
95,81,418.922,small_hydroelectric
106,81,31.614,small_hydroelectric
125,81,100.697,small_hydroelectric
137,81,36.822,small_hydroelectric
145,81,33.21,small_hydroelectric
12,81,2089.02834,solar_photovoltaic
25,81,815.5930199999999,solar_photovoltaic
33,81,490.04774999999995,solar_photovoltaic
52,81,2081.83416,solar_photovoltaic
65,81,3786.0973466883,solar_photovoltaic
82,81,3319.4361,solar_photovoltaic
96,81,233.80761000000004,solar_photovoltaic
107,81,3128.137470699,solar_photovoltaic
126,81,9319.878155841,solar_photovoltaic
138,81,715.4426399999999,solar_photovoltaic
26,82,11.235,biomass
13,82,15.682,biomass
108,82,137.081,biomass
40,82,5.952,biomass
97,82,178.173,biomass
1,82,16.294,biomass
66,82,228.795,biomass
2,82,864.9412547999999,conventional_hydroelectric
14,82,126.4445952,conventional_hydroelectric
27,82,858.0850452,conventional_hydroelectric
35,82,887.902488,conventional_hydroelectric
54,82,700.6602141000001,conventional_hydroelectric
67,82,1490.444230698189,conventional_hydroelectric
84,82,15531.722038799999,conventional_hydroelectric
109,82,115.35645523740001,conventional_hydroelectric
128,82,53.7372,conventional_hydroelectric
139,82,50.8179072,conventional_hydroelectric
110,82,50.0,conventional_steam_coal
41,82,7219.002,conventional_steam_coal
3,82,4257.237327657005,conventional_steam_coal
36,82,0.0,conventional_steam_coal
85,82,0.0,conventional_steam_coal
28,82,74.364,geothermal
116,82,0.0,natural_gas_fired_combined_cycle
73,82,0.0,natural_gas_fired_combined_cycle
71,82,0.0,natural_gas_fired_combined_cycle
44,82,0.0,natural_gas_fired_combined_cycle
115,82,0.0,natural_gas_fired_combined_cycle
70,82,0.0,natural_gas_fired_combined_cycle
131,82,0.0,natural_gas_fired_combined_cycle
18,82,0.0,natural_gas_fired_combined_cycle
72,82,0.0,natural_gas_fired_combined_cycle
114,82,0.0,natural_gas_fired_combined_cycle
45,82,0.0,natural_gas_fired_combined_cycle
78,82,0.0,natural_gas_fired_combustion_turbine
75,82,0.0,natural_gas_fired_combustion_turbine
119,82,0.0,natural_gas_fired_combustion_turbine
117,82,0.0,natural_gas_fired_combustion_turbine
134,82,0.0,natural_gas_fired_combustion_turbine
103,82,0.0,natural_gas_fired_combustion_turbine
47,82,0.0,natural_gas_fired_combustion_turbine
8,82,0.0,natural_gas_fired_combustion_turbine
90,82,0.0,natural_gas_fired_combustion_turbine
60,82,0.0,natural_gas_fired_combustion_turbine
46,82,0.0,natural_gas_fired_combustion_turbine
37,82,0.0,natural_gas_fired_combustion_turbine
7,82,0.0,natural_gas_fired_combustion_turbine
133,82,0.0,natural_gas_fired_combustion_turbine
74,82,0.0,natural_gas_fired_combustion_turbine
20,82,0.0,natural_gas_fired_combustion_turbine
135,82,0.0,natural_gas_fired_combustion_turbine
142,82,0.0,natural_gas_fired_combustion_turbine
121,82,0.0,natural_gas_fired_combustion_turbine
91,82,0.0,natural_gas_fired_combustion_turbine
22,82,0.0,natural_gas_steam_turbine
123,82,0.0,natural_gas_steam_turbine
62,82,0.0,natural_gas_steam_turbine
49,82,0.0,natural_gas_steam_turbine
48,82,0.0,natural_gas_steam_turbine
21,82,0.0,natural_gas_steam_turbine
79,82,7405.999,nuclear
10,82,266.61426,onshore_wind_turbine
23,82,291.489,onshore_wind_turbine
31,82,176.58482999999998,onshore_wind_turbine
38,82,257.32665000000003,onshore_wind_turbine
50,82,334.47167999999994,onshore_wind_turbine
63,82,16.857240012000002,onshore_wind_turbine
80,82,9.956999999999999,onshore_wind_turbine
94,82,476.0124,onshore_wind_turbine
105,82,406.908839295,onshore_wind_turbine
124,82,486.7986856788,onshore_wind_turbine
136,82,1683.34749,onshore_wind_turbine
144,82,529.2656099999999,onshore_wind_turbine
11,82,19.125,small_hydroelectric
24,82,62.577,small_hydroelectric
32,82,192.0,small_hydroelectric
39,82,52.9,small_hydroelectric
51,82,25.641,small_hydroelectric
64,82,6.128,small_hydroelectric
81,82,241.672,small_hydroelectric
95,82,418.922,small_hydroelectric
106,82,31.614,small_hydroelectric
125,82,100.697,small_hydroelectric
137,82,36.822,small_hydroelectric
145,82,33.21,small_hydroelectric
12,82,2855.3887799999998,solar_photovoltaic
25,82,854.3468999999999,solar_photovoltaic
33,82,544.749,solar_photovoltaic
52,82,2207.1352199999997,solar_photovoltaic
65,82,5149.9862963511,solar_photovoltaic
82,82,3890.5128899999995,solar_photovoltaic
96,82,307.60845,solar_photovoltaic
107,82,4799.978823099,solar_photovoltaic
126,82,10371.1077686715,solar_photovoltaic
138,82,1012.6957499999999,solar_photovoltaic
26,83,11.235,biomass
13,83,15.682,biomass
108,83,137.081,biomass
40,83,5.952,biomass
97,83,178.173,biomass
1,83,16.294,biomass
66,83,228.795,biomass
2,83,864.9412547999999,conventional_hydroelectric
14,83,126.3975548,conventional_hydroelectric
27,83,858.0850452,conventional_hydroelectric
35,83,889.9005808000001,conventional_hydroelectric
54,83,701.9074953,conventional_hydroelectric
67,83,1492.1088799261317,conventional_hydroelectric
84,83,15537.5326344,conventional_hydroelectric
109,83,115.599447093,conventional_hydroelectric
128,83,53.782740000000004,conventional_hydroelectric
139,83,50.9343552,conventional_hydroelectric
110,83,50.0,conventional_steam_coal
41,83,7219.002,conventional_steam_coal
3,83,0.0,conventional_steam_coal
36,83,0.0,conventional_steam_coal
85,83,0.0,conventional_steam_coal
28,83,74.364,geothermal
116,83,0.0,natural_gas_fired_combined_cycle
73,83,0.0,natural_gas_fired_combined_cycle
71,83,0.0,natural_gas_fired_combined_cycle
44,83,0.0,natural_gas_fired_combined_cycle
115,83,0.0,natural_gas_fired_combined_cycle
70,83,0.0,natural_gas_fired_combined_cycle
131,83,0.0,natural_gas_fired_combined_cycle
18,83,0.0,natural_gas_fired_combined_cycle
72,83,0.0,natural_gas_fired_combined_cycle
114,83,0.0,natural_gas_fired_combined_cycle
45,83,0.0,natural_gas_fired_combined_cycle
78,83,0.0,natural_gas_fired_combustion_turbine
75,83,0.0,natural_gas_fired_combustion_turbine
119,83,0.0,natural_gas_fired_combustion_turbine
117,83,0.0,natural_gas_fired_combustion_turbine
134,83,0.0,natural_gas_fired_combustion_turbine
103,83,0.0,natural_gas_fired_combustion_turbine
47,83,0.0,natural_gas_fired_combustion_turbine
8,83,0.0,natural_gas_fired_combustion_turbine
90,83,0.0,natural_gas_fired_combustion_turbine
60,83,0.0,natural_gas_fired_combustion_turbine
46,83,0.0,natural_gas_fired_combustion_turbine
37,83,0.0,natural_gas_fired_combustion_turbine
7,83,0.0,natural_gas_fired_combustion_turbine
133,83,0.0,natural_gas_fired_combustion_turbine
74,83,0.0,natural_gas_fired_combustion_turbine
20,83,0.0,natural_gas_fired_combustion_turbine
135,83,0.0,natural_gas_fired_combustion_turbine
142,83,0.0,natural_gas_fired_combustion_turbine
121,83,0.0,natural_gas_fired_combustion_turbine
91,83,0.0,natural_gas_fired_combustion_turbine
22,83,0.0,natural_gas_steam_turbine
123,83,0.0,natural_gas_steam_turbine
62,83,0.0,natural_gas_steam_turbine
49,83,0.0,natural_gas_steam_turbine
48,83,0.0,natural_gas_steam_turbine
21,83,0.0,natural_gas_steam_turbine
79,83,7405.999,nuclear
10,83,319.6437900000001,onshore_wind_turbine
23,83,297.07919999999996,onshore_wind_turbine
31,83,147.06920999999997,onshore_wind_turbine
38,83,265.3605,onshore_wind_turbine
50,83,812.6616599999999,onshore_wind_turbine
63,83,158.2655999376,onshore_wind_turbine
80,83,4.38108,onshore_wind_turbine
94,83,288.4446,onshore_wind_turbine
105,83,481.57374012300005,onshore_wind_turbine
124,83,1137.5298579018001,onshore_wind_turbine
136,83,1801.68678,onshore_wind_turbine
144,83,927.8369099999998,onshore_wind_turbine
11,83,19.125,small_hydroelectric
24,83,62.577,small_hydroelectric
32,83,192.0,small_hydroelectric
39,83,52.9,small_hydroelectric
51,83,25.641,small_hydroelectric
64,83,6.128,small_hydroelectric
81,83,241.672,small_hydroelectric
95,83,418.922,small_hydroelectric
106,83,31.614,small_hydroelectric
125,83,100.697,small_hydroelectric
137,83,36.822,small_hydroelectric
145,83,33.21,small_hydroelectric
12,83,2745.2169,solar_photovoltaic
25,83,902.5490399999999,solar_photovoltaic
33,83,554.1048000000001,solar_photovoltaic
52,83,2224.9084199999998,solar_photovoltaic
65,83,6053.29677276,solar_photovoltaic
82,83,4762.596479999999,solar_photovoltaic
96,83,342.93462,solar_photovoltaic
107,83,5513.3108690595,solar_photovoltaic
126,83,11570.184453861,solar_photovoltaic
138,83,914.2636799999999,solar_photovoltaic
26,84,11.235,biomass
13,84,15.682,biomass
108,84,137.081,biomass
40,84,5.952,biomass
97,84,178.173,biomass
1,84,16.294,biomass
66,84,228.795,biomass
2,84,864.9412547999999,conventional_hydroelectric
14,84,126.30347400000001,conventional_hydroelectric
27,84,858.0850452,conventional_hydroelectric
35,84,891.8986735999999,conventional_hydroelectric
54,84,703.0508364000001,conventional_hydroelectric
67,84,1494.448476989598,conventional_hydroelectric
84,84,15543.34323,conventional_hydroelectric
109,84,115.84243894859999,conventional_hydroelectric
128,84,53.82828000000001,conventional_hydroelectric
139,84,51.0508032,conventional_hydroelectric
110,84,50.0,conventional_steam_coal
41,84,3756.95510532298,conventional_steam_coal
3,84,0.0,conventional_steam_coal
36,84,0.0,conventional_steam_coal
85,84,0.0,conventional_steam_coal
28,84,74.364,geothermal
116,84,0.0,natural_gas_fired_combined_cycle
73,84,0.0,natural_gas_fired_combined_cycle
71,84,0.0,natural_gas_fired_combined_cycle
44,84,0.0,natural_gas_fired_combined_cycle
115,84,0.0,natural_gas_fired_combined_cycle
70,84,0.0,natural_gas_fired_combined_cycle
131,84,0.0,natural_gas_fired_combined_cycle
18,84,0.0,natural_gas_fired_combined_cycle
72,84,0.0,natural_gas_fired_combined_cycle
114,84,0.0,natural_gas_fired_combined_cycle
45,84,0.0,natural_gas_fired_combined_cycle
78,84,0.0,natural_gas_fired_combustion_turbine
75,84,0.0,natural_gas_fired_combustion_turbine
119,84,0.0,natural_gas_fired_combustion_turbine
117,84,0.0,natural_gas_fired_combustion_turbine
134,84,0.0,natural_gas_fired_combustion_turbine
103,84,0.0,natural_gas_fired_combustion_turbine
47,84,0.0,natural_gas_fired_combustion_turbine
8,84,0.0,natural_gas_fired_combustion_turbine
90,84,0.0,natural_gas_fired_combustion_turbine
60,84,0.0,natural_gas_fired_combustion_turbine
46,84,0.0,natural_gas_fired_combustion_turbine
37,84,0.0,natural_gas_fired_combustion_turbine
7,84,0.0,natural_gas_fired_combustion_turbine
133,84,0.0,natural_gas_fired_combustion_turbine
74,84,0.0,natural_gas_fired_combustion_turbine
20,84,0.0,natural_gas_fired_combustion_turbine
135,84,0.0,natural_gas_fired_combustion_turbine
142,84,0.0,natural_gas_fired_combustion_turbine
121,84,0.0,natural_gas_fired_combustion_turbine
91,84,0.0,natural_gas_fired_combustion_turbine
22,84,0.0,natural_gas_steam_turbine
123,84,0.0,natural_gas_steam_turbine
62,84,0.0,natural_gas_steam_turbine
49,84,0.0,natural_gas_steam_turbine
48,84,0.0,natural_gas_steam_turbine
21,84,0.0,natural_gas_steam_turbine
79,84,7405.999,nuclear
10,84,491.00559000000004,onshore_wind_turbine
23,84,293.0862,onshore_wind_turbine
31,84,455.45654999999994,onshore_wind_turbine
38,84,340.3431,onshore_wind_turbine
50,84,880.6012199999999,onshore_wind_turbine
63,84,144.59268001200002,onshore_wind_turbine
80,84,0.7965599999999999,onshore_wind_turbine
94,84,167.0772,onshore_wind_turbine
105,84,678.090600621,onshore_wind_turbine
124,84,2546.5561739574005,onshore_wind_turbine
136,84,1962.0423,onshore_wind_turbine
144,84,1304.1623699999998,onshore_wind_turbine
11,84,19.125,small_hydroelectric
24,84,62.577,small_hydroelectric
32,84,192.0,small_hydroelectric
39,84,52.9,small_hydroelectric
51,84,25.641,small_hydroelectric
64,84,6.128,small_hydroelectric
81,84,241.672,small_hydroelectric
95,84,418.922,small_hydroelectric
106,84,31.614,small_hydroelectric
125,84,100.697,small_hydroelectric
137,84,36.822,small_hydroelectric
145,84,33.21,small_hydroelectric
12,84,2786.9853599999997,solar_photovoltaic
25,84,830.4860399999999,solar_photovoltaic
33,84,510.9474,solar_photovoltaic
52,84,2212.46718,solar_photovoltaic
65,84,6868.488000291899,solar_photovoltaic
82,84,4855.40691,solar_photovoltaic
96,84,328.01073,solar_photovoltaic
107,84,5601.717033201,solar_photovoltaic
126,84,10518.8239134555,solar_photovoltaic
138,84,1105.4528099999998,solar_photovoltaic
26,85,11.235,biomass
13,85,15.682,biomass
108,85,137.081,biomass
40,85,5.952,biomass
97,85,178.173,biomass
1,85,16.294,biomass
66,85,228.795,biomass
2,85,865.2175055999999,conventional_hydroelectric
14,85,126.2093932,conventional_hydroelectric
27,85,858.0850452,conventional_hydroelectric
35,85,893.6470048,conventional_hydroelectric
54,85,704.2981176000001,conventional_hydroelectric
67,85,1496.7880667790569,conventional_hydroelectric
84,85,15546.2485278,conventional_hydroelectric
109,85,116.1643021422,conventional_hydroelectric
128,85,53.889,conventional_hydroelectric
139,85,51.167251199999995,conventional_hydroelectric
110,85,50.0,conventional_steam_coal
41,85,1527.7881762963507,conventional_steam_coal
3,85,0.0,conventional_steam_coal
36,85,0.0,conventional_steam_coal
85,85,0.0,conventional_steam_coal
28,85,74.364,geothermal
116,85,0.0,natural_gas_fired_combined_cycle
73,85,0.0,natural_gas_fired_combined_cycle
71,85,0.0,natural_gas_fired_combined_cycle
44,85,0.0,natural_gas_fired_combined_cycle
115,85,0.0,natural_gas_fired_combined_cycle
70,85,0.0,natural_gas_fired_combined_cycle
131,85,0.0,natural_gas_fired_combined_cycle
18,85,0.0,natural_gas_fired_combined_cycle
72,85,0.0,natural_gas_fired_combined_cycle
114,85,0.0,natural_gas_fired_combined_cycle
45,85,0.0,natural_gas_fired_combined_cycle
78,85,0.0,natural_gas_fired_combustion_turbine
75,85,0.0,natural_gas_fired_combustion_turbine
119,85,0.0,natural_gas_fired_combustion_turbine
117,85,0.0,natural_gas_fired_combustion_turbine
134,85,0.0,natural_gas_fired_combustion_turbine
103,85,0.0,natural_gas_fired_combustion_turbine
47,85,0.0,natural_gas_fired_combustion_turbine
8,85,0.0,natural_gas_fired_combustion_turbine
90,85,0.0,natural_gas_fired_combustion_turbine
60,85,0.0,natural_gas_fired_combustion_turbine
46,85,0.0,natural_gas_fired_combustion_turbine
37,85,0.0,natural_gas_fired_combustion_turbine
7,85,0.0,natural_gas_fired_combustion_turbine
133,85,0.0,natural_gas_fired_combustion_turbine
74,85,0.0,natural_gas_fired_combustion_turbine
20,85,0.0,natural_gas_fired_combustion_turbine
135,85,0.0,natural_gas_fired_combustion_turbine
142,85,0.0,natural_gas_fired_combustion_turbine
121,85,0.0,natural_gas_fired_combustion_turbine
91,85,0.0,natural_gas_fired_combustion_turbine
22,85,0.0,natural_gas_steam_turbine
123,85,0.0,natural_gas_steam_turbine
62,85,0.0,natural_gas_steam_turbine
49,85,0.0,natural_gas_steam_turbine
48,85,0.0,natural_gas_steam_turbine
21,85,0.0,natural_gas_steam_turbine
79,85,7405.999,nuclear
10,85,539.9440500000001,onshore_wind_turbine
23,85,725.9273999999999,onshore_wind_turbine
31,85,211.18935,onshore_wind_turbine
38,85,379.05165,onshore_wind_turbine
50,85,1826.2385999999997,onshore_wind_turbine
63,85,217.717679916,onshore_wind_turbine
80,85,32.65896,onshore_wind_turbine
94,85,417.693,onshore_wind_turbine
105,85,971.532899757,onshore_wind_turbine
124,85,2314.9004115336,onshore_wind_turbine
136,85,1738.4697,onshore_wind_turbine
144,85,1164.1989599999997,onshore_wind_turbine
11,85,19.125,small_hydroelectric
24,85,62.577,small_hydroelectric
32,85,192.0,small_hydroelectric
39,85,52.9,small_hydroelectric
51,85,25.641,small_hydroelectric
64,85,6.128,small_hydroelectric
81,85,241.672,small_hydroelectric
95,85,418.922,small_hydroelectric
106,85,31.614,small_hydroelectric
125,85,100.697,small_hydroelectric
137,85,36.822,small_hydroelectric
145,85,33.21,small_hydroelectric
12,85,2642.3091,solar_photovoltaic
25,85,816.55386,solar_photovoltaic
33,85,393.2454,solar_photovoltaic
52,85,2156.4815999999996,solar_photovoltaic
65,85,6811.974574998299,solar_photovoltaic
82,85,4873.801769999999,solar_photovoltaic
96,85,325.86975,solar_photovoltaic
107,85,6641.176443813,solar_photovoltaic
126,85,10606.9962693645,solar_photovoltaic
138,85,995.86641,solar_photovoltaic
26,86,11.235,biomass
13,86,15.682,biomass
108,86,137.081,biomass
40,86,5.952,biomass
97,86,178.173,biomass
1,86,16.294,biomass
66,86,228.795,biomass
2,86,865.2175055999999,conventional_hydroelectric
14,86,126.1623528,conventional_hydroelectric
27,86,858.0850452,conventional_hydroelectric
35,86,895.6450976,conventional_hydroelectric
54,86,705.4414587,conventional_hydroelectric
67,86,1499.180123981007,conventional_hydroelectric
84,86,15552.0591234,conventional_hydroelectric
109,86,116.40729399780001,conventional_hydroelectric
128,86,53.934540000000005,conventional_hydroelectric
139,86,51.2836992,conventional_hydroelectric
110,86,50.0,conventional_steam_coal
41,86,7219.002,conventional_steam_coal
3,86,0.0,conventional_steam_coal
36,86,0.0,conventional_steam_coal
85,86,0.0,conventional_steam_coal
28,86,74.364,geothermal
116,86,0.0,natural_gas_fired_combined_cycle
73,86,0.0,natural_gas_fired_combined_cycle
71,86,0.0,natural_gas_fired_combined_cycle
44,86,0.0,natural_gas_fired_combined_cycle
115,86,0.0,natural_gas_fired_combined_cycle
70,86,0.0,natural_gas_fired_combined_cycle
131,86,0.0,natural_gas_fired_combined_cycle
18,86,0.0,natural_gas_fired_combined_cycle
72,86,0.0,natural_gas_fired_combined_cycle
114,86,0.0,natural_gas_fired_combined_cycle
45,86,0.0,natural_gas_fired_combined_cycle
78,86,0.0,natural_gas_fired_combustion_turbine
75,86,0.0,natural_gas_fired_combustion_turbine
119,86,0.0,natural_gas_fired_combustion_turbine
117,86,0.0,natural_gas_fired_combustion_turbine
134,86,0.0,natural_gas_fired_combustion_turbine
103,86,0.0,natural_gas_fired_combustion_turbine
47,86,0.0,natural_gas_fired_combustion_turbine
8,86,0.0,natural_gas_fired_combustion_turbine
90,86,0.0,natural_gas_fired_combustion_turbine
60,86,0.0,natural_gas_fired_combustion_turbine
46,86,0.0,natural_gas_fired_combustion_turbine
37,86,0.0,natural_gas_fired_combustion_turbine
7,86,0.0,natural_gas_fired_combustion_turbine
133,86,0.0,natural_gas_fired_combustion_turbine
74,86,0.0,natural_gas_fired_combustion_turbine
20,86,0.0,natural_gas_fired_combustion_turbine
135,86,0.0,natural_gas_fired_combustion_turbine
142,86,0.0,natural_gas_fired_combustion_turbine
121,86,0.0,natural_gas_fired_combustion_turbine
91,86,0.0,natural_gas_fired_combustion_turbine
22,86,0.0,natural_gas_steam_turbine
123,86,0.0,natural_gas_steam_turbine
62,86,0.0,natural_gas_steam_turbine
49,86,0.0,natural_gas_steam_turbine
48,86,0.0,natural_gas_steam_turbine
21,86,0.0,natural_gas_steam_turbine
79,86,7405.999,nuclear
10,86,480.12180000000006,onshore_wind_turbine
23,86,2157.0186,onshore_wind_turbine
31,86,92.61798,onshore_wind_turbine
38,86,468.8847,onshore_wind_turbine
50,86,1716.1997399999996,onshore_wind_turbine
63,86,77.34396004080001,onshore_wind_turbine
80,86,18.32088,onshore_wind_turbine
94,86,181.263,onshore_wind_turbine
105,86,591.9051601259999,onshore_wind_turbine
124,86,1397.3309346084002,onshore_wind_turbine
136,86,2070.35937,onshore_wind_turbine
144,86,1390.3649999999998,onshore_wind_turbine
11,86,19.125,small_hydroelectric
24,86,62.577,small_hydroelectric
32,86,192.0,small_hydroelectric
39,86,52.9,small_hydroelectric
51,86,25.641,small_hydroelectric
64,86,6.128,small_hydroelectric
81,86,241.672,small_hydroelectric
95,86,418.922,small_hydroelectric
106,86,31.614,small_hydroelectric
125,86,100.697,small_hydroelectric
137,86,36.822,small_hydroelectric
145,86,33.21,small_hydroelectric
12,86,2694.9736799999996,solar_photovoltaic
25,86,660.7376399999999,solar_photovoltaic
33,86,415.1259,solar_photovoltaic
52,86,2123.30496,solar_photovoltaic
65,86,8073.2379039102,solar_photovoltaic
82,86,4854.57078,solar_photovoltaic
96,86,400.42623000000003,solar_photovoltaic
107,86,7403.049659979,solar_photovoltaic
126,86,9988.4147182095,solar_photovoltaic
138,86,1053.0078899999999,solar_photovoltaic
26,87,11.235,biomass
13,87,15.682,biomass
108,87,137.081,biomass
40,87,5.952,biomass
97,87,178.173,biomass
1,87,16.294,biomass
66,87,228.795,biomass
2,87,865.2175055999999,conventional_hydroelectric
14,87,126.06827200000001,conventional_hydroelectric
27,87,858.0850452,conventional_hydroelectric
35,87,897.3934288,conventional_hydroelectric
54,87,706.6887399,conventional_hydroelectric
67,87,1501.5197137704658,conventional_hydroelectric
84,87,15557.869718999998,conventional_hydroelectric
109,87,116.6502858534,conventional_hydroelectric
128,87,53.98008000000001,conventional_hydroelectric
139,87,51.4001472,conventional_hydroelectric
110,87,50.0,conventional_steam_coal
41,87,1185.6590130327681,conventional_steam_coal
3,87,0.0,conventional_steam_coal
36,87,0.0,conventional_steam_coal
85,87,0.0,conventional_steam_coal
28,87,74.364,geothermal
116,87,0.0,natural_gas_fired_combined_cycle
73,87,0.0,natural_gas_fired_combined_cycle
71,87,0.0,natural_gas_fired_combined_cycle
44,87,0.0,natural_gas_fired_combined_cycle
115,87,0.0,natural_gas_fired_combined_cycle
70,87,0.0,natural_gas_fired_combined_cycle
131,87,0.0,natural_gas_fired_combined_cycle
18,87,0.0,natural_gas_fired_combined_cycle
72,87,0.0,natural_gas_fired_combined_cycle
114,87,0.0,natural_gas_fired_combined_cycle
45,87,0.0,natural_gas_fired_combined_cycle
78,87,0.0,natural_gas_fired_combustion_turbine
75,87,0.0,natural_gas_fired_combustion_turbine
119,87,0.0,natural_gas_fired_combustion_turbine
117,87,0.0,natural_gas_fired_combustion_turbine
134,87,0.0,natural_gas_fired_combustion_turbine
103,87,0.0,natural_gas_fired_combustion_turbine
47,87,0.0,natural_gas_fired_combustion_turbine
8,87,0.0,natural_gas_fired_combustion_turbine
90,87,0.0,natural_gas_fired_combustion_turbine
60,87,0.0,natural_gas_fired_combustion_turbine
46,87,0.0,natural_gas_fired_combustion_turbine
37,87,0.0,natural_gas_fired_combustion_turbine
7,87,0.0,natural_gas_fired_combustion_turbine
133,87,0.0,natural_gas_fired_combustion_turbine
74,87,0.0,natural_gas_fired_combustion_turbine
20,87,0.0,natural_gas_fired_combustion_turbine
135,87,0.0,natural_gas_fired_combustion_turbine
142,87,0.0,natural_gas_fired_combustion_turbine
121,87,0.0,natural_gas_fired_combustion_turbine
91,87,0.0,natural_gas_fired_combustion_turbine
22,87,0.0,natural_gas_steam_turbine
123,87,0.0,natural_gas_steam_turbine
62,87,0.0,natural_gas_steam_turbine
49,87,0.0,natural_gas_steam_turbine
48,87,0.0,natural_gas_steam_turbine
21,87,0.0,natural_gas_steam_turbine
79,87,7405.999,nuclear
10,87,557.3118000000001,onshore_wind_turbine
23,87,4294.0722,onshore_wind_turbine
31,87,92.61798,onshore_wind_turbine
38,87,666.0792,onshore_wind_turbine
50,87,1562.31954,onshore_wind_turbine
63,87,75.7996799376,onshore_wind_turbine
80,87,14.73636,onshore_wind_turbine
94,87,129.2484,onshore_wind_turbine
105,87,670.60188027,onshore_wind_turbine
124,87,2207.6815511718,onshore_wind_turbine
136,87,1787.0389200000002,onshore_wind_turbine
144,87,2207.8996199999997,onshore_wind_turbine
11,87,19.125,small_hydroelectric
24,87,62.577,small_hydroelectric
32,87,192.0,small_hydroelectric
39,87,52.9,small_hydroelectric
51,87,25.641,small_hydroelectric
64,87,6.128,small_hydroelectric
81,87,241.672,small_hydroelectric
95,87,418.922,small_hydroelectric
106,87,31.614,small_hydroelectric
125,87,100.697,small_hydroelectric
137,87,36.822,small_hydroelectric
145,87,33.21,small_hydroelectric
12,87,2141.08758,solar_photovoltaic
25,87,604.8487799999999,solar_photovoltaic
33,87,349.3335,solar_photovoltaic
52,87,1848.4127999999998,solar_photovoltaic
65,87,7355.4074983758,solar_photovoltaic
82,87,4563.597539999999,solar_photovoltaic
96,87,371.33409,solar_photovoltaic
107,87,6614.1210329595,solar_photovoltaic
126,87,8113.671663556501,solar_photovoltaic
138,87,975.7103399999999,solar_photovoltaic
26,88,11.235,biomass
13,88,15.682,biomass
108,88,137.081,biomass
40,88,5.952,biomass
97,88,178.173,biomass
1,88,16.294,biomass
66,88,228.795,biomass
2,88,865.4937564,conventional_hydroelectric
14,88,125.97419119999999,conventional_hydroelectric
27,88,858.0850452,conventional_hydroelectric
35,88,899.3915215999999,conventional_hydroelectric
54,88,707.8320810000001,conventional_hydroelectric
67,88,1503.859303559925,conventional_hydroelectric
84,88,15563.680314599998,conventional_hydroelectric
109,88,116.97215044320001,conventional_hydroelectric
128,88,54.02562,conventional_hydroelectric
139,88,51.49330559999999,conventional_hydroelectric
110,88,50.0,conventional_steam_coal
41,88,7219.002,conventional_steam_coal
3,88,0.0,conventional_steam_coal
36,88,0.0,conventional_steam_coal
85,88,0.0,conventional_steam_coal
28,88,74.364,geothermal
116,88,0.0,natural_gas_fired_combined_cycle
73,88,0.0,natural_gas_fired_combined_cycle
71,88,0.0,natural_gas_fired_combined_cycle
44,88,0.0,natural_gas_fired_combined_cycle
115,88,0.0,natural_gas_fired_combined_cycle
70,88,0.0,natural_gas_fired_combined_cycle
131,88,0.0,natural_gas_fired_combined_cycle
18,88,0.0,natural_gas_fired_combined_cycle
72,88,0.0,natural_gas_fired_combined_cycle
114,88,0.0,natural_gas_fired_combined_cycle
45,88,0.0,natural_gas_fired_combined_cycle
78,88,0.0,natural_gas_fired_combustion_turbine
75,88,0.0,natural_gas_fired_combustion_turbine
119,88,0.0,natural_gas_fired_combustion_turbine
117,88,0.0,natural_gas_fired_combustion_turbine
134,88,0.0,natural_gas_fired_combustion_turbine
103,88,0.0,natural_gas_fired_combustion_turbine
47,88,0.0,natural_gas_fired_combustion_turbine
8,88,0.0,natural_gas_fired_combustion_turbine
90,88,0.0,natural_gas_fired_combustion_turbine
60,88,0.0,natural_gas_fired_combustion_turbine
46,88,0.0,natural_gas_fired_combustion_turbine
37,88,0.0,natural_gas_fired_combustion_turbine
7,88,0.0,natural_gas_fired_combustion_turbine
133,88,0.0,natural_gas_fired_combustion_turbine
74,88,0.0,natural_gas_fired_combustion_turbine
20,88,0.0,natural_gas_fired_combustion_turbine
135,88,0.0,natural_gas_fired_combustion_turbine
142,88,0.0,natural_gas_fired_combustion_turbine
121,88,0.0,natural_gas_fired_combustion_turbine
91,88,0.0,natural_gas_fired_combustion_turbine
22,88,0.0,natural_gas_steam_turbine
123,88,0.0,natural_gas_steam_turbine
62,88,0.0,natural_gas_steam_turbine
49,88,0.0,natural_gas_steam_turbine
48,88,0.0,natural_gas_steam_turbine
21,88,0.0,natural_gas_steam_turbine
79,88,7405.999,nuclear
10,88,538.4774400000001,onshore_wind_turbine
23,88,4675.803,onshore_wind_turbine
31,88,155.21144999999999,onshore_wind_turbine
38,88,866.9254500000001,onshore_wind_turbine
50,88,1422.6659999999997,onshore_wind_turbine
63,88,21.7665599952,onshore_wind_turbine
80,88,19.515719999999998,onshore_wind_turbine
94,88,64.6242,onshore_wind_turbine
105,88,1259.095920516,onshore_wind_turbine
124,88,3303.611068263,onshore_wind_turbine
136,88,1840.61925,onshore_wind_turbine
144,88,2461.8729599999997,onshore_wind_turbine
11,88,19.125,small_hydroelectric
24,88,62.577,small_hydroelectric
32,88,192.0,small_hydroelectric
39,88,52.9,small_hydroelectric
51,88,25.641,small_hydroelectric
64,88,6.128,small_hydroelectric
81,88,241.672,small_hydroelectric
95,88,418.922,small_hydroelectric
106,88,31.614,small_hydroelectric
125,88,100.697,small_hydroelectric
137,88,36.822,small_hydroelectric
145,88,33.21,small_hydroelectric
12,88,1808.15058,solar_photovoltaic
25,88,411.07937999999996,solar_photovoltaic
33,88,297.19755,solar_photovoltaic
52,88,1483.76598,solar_photovoltaic
65,88,6557.962617333299,solar_photovoltaic
82,88,4397.20767,solar_photovoltaic
96,88,322.09155,solar_photovoltaic
107,88,6001.763368821,solar_photovoltaic
126,88,7335.406075791,solar_photovoltaic
138,88,955.55427,solar_photovoltaic
26,89,11.235,biomass
13,89,15.682,biomass
108,89,137.081,biomass
40,89,5.952,biomass
97,89,178.173,biomass
1,89,16.294,biomass
66,89,228.795,biomass
2,89,865.4937564,conventional_hydroelectric
14,89,125.92715079999999,conventional_hydroelectric
27,89,858.0850452,conventional_hydroelectric
35,89,901.1398528,conventional_hydroelectric
54,89,709.0793622000001,conventional_hydroelectric
67,89,1505.5764202003588,conventional_hydroelectric
84,89,15569.4909102,conventional_hydroelectric
109,89,117.2151422988,conventional_hydroelectric
128,89,54.08634000000001,conventional_hydroelectric
139,89,51.6097536,conventional_hydroelectric
110,89,50.0,conventional_steam_coal
41,89,7219.002,conventional_steam_coal
3,89,2665.8219096059306,conventional_steam_coal
36,89,0.0,conventional_steam_coal
85,89,0.0,conventional_steam_coal
28,89,74.364,geothermal
116,89,0.0,natural_gas_fired_combined_cycle
73,89,0.0,natural_gas_fired_combined_cycle
71,89,0.0,natural_gas_fired_combined_cycle
44,89,0.0,natural_gas_fired_combined_cycle
115,89,0.0,natural_gas_fired_combined_cycle
70,89,0.0,natural_gas_fired_combined_cycle
131,89,0.0,natural_gas_fired_combined_cycle
18,89,0.0,natural_gas_fired_combined_cycle
72,89,0.0,natural_gas_fired_combined_cycle
114,89,0.0,natural_gas_fired_combined_cycle
45,89,0.0,natural_gas_fired_combined_cycle
78,89,0.0,natural_gas_fired_combustion_turbine
75,89,0.0,natural_gas_fired_combustion_turbine
119,89,0.0,natural_gas_fired_combustion_turbine
117,89,0.0,natural_gas_fired_combustion_turbine
134,89,0.0,natural_gas_fired_combustion_turbine
103,89,0.0,natural_gas_fired_combustion_turbine
47,89,0.0,natural_gas_fired_combustion_turbine
8,89,0.0,natural_gas_fired_combustion_turbine
90,89,0.0,natural_gas_fired_combustion_turbine
60,89,0.0,natural_gas_fired_combustion_turbine
46,89,0.0,natural_gas_fired_combustion_turbine
37,89,0.0,natural_gas_fired_combustion_turbine
7,89,0.0,natural_gas_fired_combustion_turbine
133,89,0.0,natural_gas_fired_combustion_turbine
74,89,0.0,natural_gas_fired_combustion_turbine
20,89,0.0,natural_gas_fired_combustion_turbine
135,89,0.0,natural_gas_fired_combustion_turbine
142,89,0.0,natural_gas_fired_combustion_turbine
121,89,0.0,natural_gas_fired_combustion_turbine
91,89,0.0,natural_gas_fired_combustion_turbine
22,89,0.0,natural_gas_steam_turbine
123,89,0.0,natural_gas_steam_turbine
62,89,0.0,natural_gas_steam_turbine
49,89,0.0,natural_gas_steam_turbine
48,89,0.0,natural_gas_steam_turbine
21,89,0.0,natural_gas_steam_turbine
79,89,7405.999,nuclear
10,89,514.0082100000001,onshore_wind_turbine
23,89,4734.1008,onshore_wind_turbine
31,89,206.10045,onshore_wind_turbine
38,89,674.1130499999999,onshore_wind_turbine
50,89,1859.9180399999996,onshore_wind_turbine
63,89,40.8206400744,onshore_wind_turbine
80,89,27.8796,onshore_wind_turbine
94,89,406.6596,onshore_wind_turbine
105,89,1273.904639658,onshore_wind_turbine
124,89,2347.2814174788004,onshore_wind_turbine
136,89,1924.6517100000003,onshore_wind_turbine
144,89,2503.58391,onshore_wind_turbine
11,89,19.125,small_hydroelectric
24,89,62.577,small_hydroelectric
32,89,192.0,small_hydroelectric
39,89,52.9,small_hydroelectric
51,89,25.641,small_hydroelectric
64,89,6.128,small_hydroelectric
81,89,241.672,small_hydroelectric
95,89,418.922,small_hydroelectric
106,89,31.614,small_hydroelectric
125,89,100.697,small_hydroelectric
137,89,36.822,small_hydroelectric
145,89,33.21,small_hydroelectric
12,89,1247.60574,solar_photovoltaic
25,89,163.18266,solar_photovoltaic
33,89,307.60965,solar_photovoltaic
52,89,779.3548199999999,solar_photovoltaic
65,89,4927.7814038486995,solar_photovoltaic
82,89,3642.1822799999995,solar_photovoltaic
96,89,246.96834,solar_photovoltaic
107,89,4653.0887954625005,solar_photovoltaic
126,89,5947.1540401725,solar_photovoltaic
138,89,672.5865299999999,solar_photovoltaic
26,90,11.235,biomass
13,90,15.682,biomass
108,90,137.081,biomass
40,90,5.952,biomass
97,90,178.173,biomass
1,90,16.294,biomass
66,90,228.795,biomass
2,90,865.4937564,conventional_hydroelectric
14,90,125.83307,conventional_hydroelectric
27,90,858.2261544,conventional_hydroelectric
35,90,903.1379456,conventional_hydroelectric
54,90,710.2227033,conventional_hydroelectric
67,90,1507.9160172638249,conventional_hydroelectric
84,90,15572.396208,conventional_hydroelectric
109,90,117.3973854924,conventional_hydroelectric
128,90,54.13188,conventional_hydroelectric
139,90,51.726201599999996,conventional_hydroelectric
110,90,50.0,conventional_steam_coal
41,90,7219.002,conventional_steam_coal
3,90,10674.884499605929,conventional_steam_coal
36,90,1350.1595699999998,conventional_steam_coal
85,90,0.0,conventional_steam_coal
28,90,74.364,geothermal
116,90,0.0,natural_gas_fired_combined_cycle
73,90,0.0,natural_gas_fired_combined_cycle
71,90,0.0,natural_gas_fired_combined_cycle
44,90,0.0,natural_gas_fired_combined_cycle
115,90,0.0,natural_gas_fired_combined_cycle
70,90,0.0,natural_gas_fired_combined_cycle
131,90,0.0,natural_gas_fired_combined_cycle
18,90,0.0,natural_gas_fired_combined_cycle
72,90,0.0,natural_gas_fired_combined_cycle
114,90,0.0,natural_gas_fired_combined_cycle
45,90,0.0,natural_gas_fired_combined_cycle
78,90,0.0,natural_gas_fired_combustion_turbine
75,90,0.0,natural_gas_fired_combustion_turbine
119,90,0.0,natural_gas_fired_combustion_turbine
117,90,0.0,natural_gas_fired_combustion_turbine
134,90,0.0,natural_gas_fired_combustion_turbine
103,90,0.0,natural_gas_fired_combustion_turbine
47,90,0.0,natural_gas_fired_combustion_turbine
8,90,0.0,natural_gas_fired_combustion_turbine
90,90,0.0,natural_gas_fired_combustion_turbine
60,90,0.0,natural_gas_fired_combustion_turbine
46,90,0.0,natural_gas_fired_combustion_turbine
37,90,0.0,natural_gas_fired_combustion_turbine
7,90,0.0,natural_gas_fired_combustion_turbine
133,90,0.0,natural_gas_fired_combustion_turbine
74,90,0.0,natural_gas_fired_combustion_turbine
20,90,0.0,natural_gas_fired_combustion_turbine
135,90,0.0,natural_gas_fired_combustion_turbine
142,90,0.0,natural_gas_fired_combustion_turbine
121,90,0.0,natural_gas_fired_combustion_turbine
91,90,0.0,natural_gas_fired_combustion_turbine
22,90,0.0,natural_gas_steam_turbine
123,90,0.0,natural_gas_steam_turbine
62,90,0.0,natural_gas_steam_turbine
49,90,0.0,natural_gas_steam_turbine
48,90,0.0,natural_gas_steam_turbine
21,90,0.0,natural_gas_steam_turbine
79,90,7405.999,nuclear
10,90,518.2536600000001,onshore_wind_turbine
23,90,4572.7836,onshore_wind_turbine
31,90,837.12405,onshore_wind_turbine
38,90,591.34005,onshore_wind_turbine
50,90,1721.4258599999998,onshore_wind_turbine
63,90,28.338479995200004,onshore_wind_turbine
80,90,23.8968,onshore_wind_turbine
94,90,3205.9908,onshore_wind_turbine
105,90,830.2244998320001,onshore_wind_turbine
124,90,3160.605571035,onshore_wind_turbine
136,90,1694.52612,onshore_wind_turbine
144,90,2396.9892599999994,onshore_wind_turbine
11,90,19.125,small_hydroelectric
24,90,62.577,small_hydroelectric
32,90,192.0,small_hydroelectric
39,90,52.9,small_hydroelectric
51,90,25.641,small_hydroelectric
64,90,6.128,small_hydroelectric
81,90,241.672,small_hydroelectric
95,90,418.922,small_hydroelectric
106,90,31.614,small_hydroelectric
125,90,100.697,small_hydroelectric
137,90,36.822,small_hydroelectric
145,90,33.21,small_hydroelectric
12,90,529.0671600000001,solar_photovoltaic
25,90,0.64056,solar_photovoltaic
33,90,105.3282,solar_photovoltaic
52,90,17.7732,solar_photovoltaic
65,90,2643.9159930666,solar_photovoltaic
82,90,2100.3585599999997,solar_photovoltaic
96,90,144.95694,solar_photovoltaic
107,90,2570.643237633,solar_photovoltaic
126,90,3371.0049895125003,solar_photovoltaic
138,90,376.11618,solar_photovoltaic
26,91,11.235,biomass
13,91,15.682,biomass
108,91,137.081,biomass
40,91,5.952,biomass
97,91,178.173,biomass
1,91,16.294,biomass
66,91,228.795,biomass
2,91,865.7700072,conventional_hydroelectric
14,91,125.73898919999999,conventional_hydroelectric
27,91,858.2261544,conventional_hydroelectric
35,91,904.8862768,conventional_hydroelectric
54,91,711.4699845,conventional_hydroelectric
67,91,1510.255607053284,conventional_hydroelectric
84,91,15578.2068036,conventional_hydroelectric
109,91,117.7192500822,conventional_hydroelectric
128,91,54.177420000000005,conventional_hydroelectric
139,91,51.842649599999994,conventional_hydroelectric
110,91,50.0,conventional_steam_coal
41,91,7219.002,conventional_steam_coal
3,91,14050.987,conventional_steam_coal
36,91,2368.701,conventional_steam_coal
85,91,0.0,conventional_steam_coal
28,91,74.364,geothermal
116,91,0.0,natural_gas_fired_combined_cycle
73,91,0.0,natural_gas_fired_combined_cycle
71,91,0.0,natural_gas_fired_combined_cycle
44,91,0.0,natural_gas_fired_combined_cycle
115,91,0.0,natural_gas_fired_combined_cycle
70,91,0.0,natural_gas_fired_combined_cycle
131,91,0.0,natural_gas_fired_combined_cycle
18,91,0.0,natural_gas_fired_combined_cycle
72,91,0.0,natural_gas_fired_combined_cycle
114,91,0.0,natural_gas_fired_combined_cycle
45,91,0.0,natural_gas_fired_combined_cycle
78,91,0.0,natural_gas_fired_combustion_turbine
75,91,0.0,natural_gas_fired_combustion_turbine
119,91,0.0,natural_gas_fired_combustion_turbine
117,91,0.0,natural_gas_fired_combustion_turbine
134,91,0.0,natural_gas_fired_combustion_turbine
103,91,0.0,natural_gas_fired_combustion_turbine
47,91,0.0,natural_gas_fired_combustion_turbine
8,91,0.0,natural_gas_fired_combustion_turbine
90,91,0.0,natural_gas_fired_combustion_turbine
60,91,0.0,natural_gas_fired_combustion_turbine
46,91,0.0,natural_gas_fired_combustion_turbine
37,91,0.0,natural_gas_fired_combustion_turbine
7,91,0.0,natural_gas_fired_combustion_turbine
133,91,0.0,natural_gas_fired_combustion_turbine
74,91,0.0,natural_gas_fired_combustion_turbine
20,91,0.0,natural_gas_fired_combustion_turbine
135,91,0.0,natural_gas_fired_combustion_turbine
142,91,0.0,natural_gas_fired_combustion_turbine
121,91,0.0,natural_gas_fired_combustion_turbine
91,91,0.0,natural_gas_fired_combustion_turbine
22,91,0.0,natural_gas_steam_turbine
123,91,0.0,natural_gas_steam_turbine
62,91,0.0,natural_gas_steam_turbine
49,91,0.0,natural_gas_steam_turbine
48,91,0.0,natural_gas_steam_turbine
21,91,0.0,natural_gas_steam_turbine
79,91,7405.999,nuclear
10,91,392.27958,onshore_wind_turbine
23,91,3164.0532,onshore_wind_turbine
31,91,1034.0644799999998,onshore_wind_turbine
38,91,402.17940000000004,onshore_wind_turbine
50,91,1198.23318,onshore_wind_turbine
63,91,63.8578801344,onshore_wind_turbine
80,91,109.92527999999999,onshore_wind_turbine
94,91,7631.9604,onshore_wind_turbine
105,91,943.171260507,onshore_wind_turbine
124,91,3615.7453550064006,onshore_wind_turbine
136,91,1843.7030100000002,onshore_wind_turbine
144,91,2302.4444399999998,onshore_wind_turbine
11,91,19.125,small_hydroelectric
24,91,62.577,small_hydroelectric
32,91,192.0,small_hydroelectric
39,91,52.9,small_hydroelectric
51,91,25.641,small_hydroelectric
64,91,6.128,small_hydroelectric
81,91,241.672,small_hydroelectric
95,91,418.922,small_hydroelectric
106,91,31.614,small_hydroelectric
125,91,100.697,small_hydroelectric
137,91,36.822,small_hydroelectric
145,91,33.21,small_hydroelectric
12,91,0.0,solar_photovoltaic
25,91,0.0,solar_photovoltaic
33,91,0.0,solar_photovoltaic
52,91,0.0,solar_photovoltaic
65,91,0.079443033,solar_photovoltaic
82,91,221.57444999999998,solar_photovoltaic
96,91,29.28105,solar_photovoltaic
107,91,0.0,solar_photovoltaic
126,91,0.0,solar_photovoltaic
138,91,0.0,solar_photovoltaic
26,92,11.235,biomass
13,92,15.682,biomass
108,92,137.081,biomass
40,92,5.952,biomass
97,92,178.173,biomass
1,92,16.294,biomass
66,92,228.795,biomass
2,92,865.7700072,conventional_hydroelectric
14,92,125.69194879999999,conventional_hydroelectric
27,92,858.2261544,conventional_hydroelectric
35,92,906.8843695999999,conventional_hydroelectric
54,92,712.6133256,conventional_hydroelectric
67,92,1512.595196842743,conventional_hydroelectric
84,92,15584.0173992,conventional_hydroelectric
109,92,117.9622419378,conventional_hydroelectric
128,92,54.22296000000001,conventional_hydroelectric
139,92,51.95909759999999,conventional_hydroelectric
110,92,50.0,conventional_steam_coal
41,92,7219.002,conventional_steam_coal
3,92,14050.987,conventional_steam_coal
36,92,2368.701,conventional_steam_coal
85,92,0.0,conventional_steam_coal
28,92,74.364,geothermal
116,92,0.0,natural_gas_fired_combined_cycle
73,92,0.0,natural_gas_fired_combined_cycle
71,92,0.0,natural_gas_fired_combined_cycle
44,92,0.0,natural_gas_fired_combined_cycle
115,92,0.0,natural_gas_fired_combined_cycle
70,92,0.0,natural_gas_fired_combined_cycle
131,92,0.0,natural_gas_fired_combined_cycle
18,92,0.0,natural_gas_fired_combined_cycle
72,92,0.0,natural_gas_fired_combined_cycle
114,92,0.0,natural_gas_fired_combined_cycle
45,92,0.0,natural_gas_fired_combined_cycle
78,92,0.0,natural_gas_fired_combustion_turbine
75,92,0.0,natural_gas_fired_combustion_turbine
119,92,0.0,natural_gas_fired_combustion_turbine
117,92,0.0,natural_gas_fired_combustion_turbine
134,92,0.0,natural_gas_fired_combustion_turbine
103,92,0.0,natural_gas_fired_combustion_turbine
47,92,0.0,natural_gas_fired_combustion_turbine
8,92,0.0,natural_gas_fired_combustion_turbine
90,92,0.0,natural_gas_fired_combustion_turbine
60,92,0.0,natural_gas_fired_combustion_turbine
46,92,0.0,natural_gas_fired_combustion_turbine
37,92,0.0,natural_gas_fired_combustion_turbine
7,92,0.0,natural_gas_fired_combustion_turbine
133,92,0.0,natural_gas_fired_combustion_turbine
74,92,0.0,natural_gas_fired_combustion_turbine
20,92,0.0,natural_gas_fired_combustion_turbine
135,92,0.0,natural_gas_fired_combustion_turbine
142,92,0.0,natural_gas_fired_combustion_turbine
121,92,0.0,natural_gas_fired_combustion_turbine
91,92,0.0,natural_gas_fired_combustion_turbine
22,92,0.0,natural_gas_steam_turbine
123,92,0.0,natural_gas_steam_turbine
62,92,0.0,natural_gas_steam_turbine
49,92,0.0,natural_gas_steam_turbine
48,92,0.0,natural_gas_steam_turbine
21,92,0.0,natural_gas_steam_turbine
79,92,7405.999,nuclear
10,92,333.30642000000006,onshore_wind_turbine
23,92,2250.4548,onshore_wind_turbine
31,92,1250.3427299999998,onshore_wind_turbine
38,92,382.7034,onshore_wind_turbine
50,92,1321.0469999999998,onshore_wind_turbine
63,92,82.4122801224,onshore_wind_turbine
80,92,1245.81984,onshore_wind_turbine
94,92,11068.0764,onshore_wind_turbine
105,92,1045.0888200269999,onshore_wind_turbine
124,92,4120.3783223988,onshore_wind_turbine
136,92,1886.8756500000002,onshore_wind_turbine
144,92,2293.17534,onshore_wind_turbine
11,92,19.125,small_hydroelectric
24,92,62.577,small_hydroelectric
32,92,192.0,small_hydroelectric
39,92,52.9,small_hydroelectric
51,92,25.641,small_hydroelectric
64,92,6.128,small_hydroelectric
81,92,241.672,small_hydroelectric
95,92,418.922,small_hydroelectric
106,92,31.614,small_hydroelectric
125,92,100.697,small_hydroelectric
137,92,36.822,small_hydroelectric
145,92,33.21,small_hydroelectric
12,92,0.0,solar_photovoltaic
25,92,0.0,solar_photovoltaic
33,92,0.0,solar_photovoltaic
52,92,0.0,solar_photovoltaic
65,92,0.0,solar_photovoltaic
82,92,0.0,solar_photovoltaic
96,92,0.0,solar_photovoltaic
107,92,0.0,solar_photovoltaic
126,92,0.0,solar_photovoltaic
138,92,0.0,solar_photovoltaic
26,93,11.235,biomass
13,93,15.682,biomass
108,93,137.081,biomass
40,93,5.952,biomass
97,93,178.173,biomass
1,93,16.294,biomass
66,93,228.795,biomass
2,93,865.7700072,conventional_hydroelectric
14,93,125.597868,conventional_hydroelectric
27,93,858.2261544,conventional_hydroelectric
35,93,908.6327008000001,conventional_hydroelectric
54,93,713.7566667,conventional_hydroelectric
67,93,1514.987254044693,conventional_hydroelectric
84,93,15589.827994799998,conventional_hydroelectric
109,93,118.2052337934,conventional_hydroelectric
128,93,54.2685,conventional_hydroelectric
139,93,52.0755456,conventional_hydroelectric
110,93,50.0,conventional_steam_coal
41,93,7219.002,conventional_steam_coal
3,93,14050.987,conventional_steam_coal
36,93,2368.701,conventional_steam_coal
85,93,0.0,conventional_steam_coal
28,93,74.364,geothermal
116,93,0.0,natural_gas_fired_combined_cycle
73,93,0.0,natural_gas_fired_combined_cycle
71,93,0.0,natural_gas_fired_combined_cycle
44,93,0.0,natural_gas_fired_combined_cycle
115,93,0.0,natural_gas_fired_combined_cycle
70,93,0.0,natural_gas_fired_combined_cycle
131,93,0.0,natural_gas_fired_combined_cycle
18,93,0.0,natural_gas_fired_combined_cycle
72,93,0.0,natural_gas_fired_combined_cycle
114,93,0.0,natural_gas_fired_combined_cycle
45,93,0.0,natural_gas_fired_combined_cycle
78,93,0.0,natural_gas_fired_combustion_turbine
75,93,0.0,natural_gas_fired_combustion_turbine
119,93,0.0,natural_gas_fired_combustion_turbine
117,93,0.0,natural_gas_fired_combustion_turbine
134,93,0.0,natural_gas_fired_combustion_turbine
103,93,0.0,natural_gas_fired_combustion_turbine
47,93,0.0,natural_gas_fired_combustion_turbine
8,93,0.0,natural_gas_fired_combustion_turbine
90,93,0.0,natural_gas_fired_combustion_turbine
60,93,0.0,natural_gas_fired_combustion_turbine
46,93,0.0,natural_gas_fired_combustion_turbine
37,93,0.0,natural_gas_fired_combustion_turbine
7,93,0.0,natural_gas_fired_combustion_turbine
133,93,0.0,natural_gas_fired_combustion_turbine
74,93,0.0,natural_gas_fired_combustion_turbine
20,93,0.0,natural_gas_fired_combustion_turbine
135,93,0.0,natural_gas_fired_combustion_turbine
142,93,0.0,natural_gas_fired_combustion_turbine
121,93,0.0,natural_gas_fired_combustion_turbine
91,93,0.0,natural_gas_fired_combustion_turbine
22,93,0.0,natural_gas_steam_turbine
123,93,0.0,natural_gas_steam_turbine
62,93,0.0,natural_gas_steam_turbine
49,93,0.0,natural_gas_steam_turbine
48,93,0.0,natural_gas_steam_turbine
21,93,0.0,natural_gas_steam_turbine
79,93,7405.999,nuclear
10,93,334.15551000000005,onshore_wind_turbine
23,93,1663.4838000000002,onshore_wind_turbine
31,93,1338.3807,onshore_wind_turbine
38,93,321.84090000000003,onshore_wind_turbine
50,93,1621.8392399999998,onshore_wind_turbine
63,93,68.02811999280001,onshore_wind_turbine
80,93,1086.9061199999999,onshore_wind_turbine
94,93,8927.5968,onshore_wind_turbine
105,93,908.888940603,onshore_wind_turbine
124,93,3807.1863630042003,onshore_wind_turbine
136,93,2016.0081000000002,onshore_wind_turbine
144,93,2411.8198199999997,onshore_wind_turbine
11,93,19.125,small_hydroelectric
24,93,62.577,small_hydroelectric
32,93,192.0,small_hydroelectric
39,93,52.9,small_hydroelectric
51,93,25.641,small_hydroelectric
64,93,6.128,small_hydroelectric
81,93,241.672,small_hydroelectric
95,93,418.922,small_hydroelectric
106,93,31.614,small_hydroelectric
125,93,100.697,small_hydroelectric
137,93,36.822,small_hydroelectric
145,93,33.21,small_hydroelectric
12,93,0.0,solar_photovoltaic
25,93,0.0,solar_photovoltaic
33,93,0.0,solar_photovoltaic
52,93,0.0,solar_photovoltaic
65,93,0.0,solar_photovoltaic
82,93,0.0,solar_photovoltaic
96,93,0.0,solar_photovoltaic
107,93,0.0,solar_photovoltaic
126,93,0.0,solar_photovoltaic
138,93,0.0,solar_photovoltaic
26,94,11.235,biomass
13,94,15.682,biomass
108,94,137.081,biomass
40,94,5.952,biomass
97,94,178.173,biomass
1,94,16.294,biomass
66,94,228.795,biomass
2,94,866.046258,conventional_hydroelectric
14,94,125.50378719999999,conventional_hydroelectric
27,94,858.2261544,conventional_hydroelectric
35,94,910.6307936,conventional_hydroelectric
54,94,715.0039479,conventional_hydroelectric
67,94,1517.326843834152,conventional_hydroelectric
84,94,15595.638590400002,conventional_hydroelectric
109,94,118.5270983832,conventional_hydroelectric
128,94,54.32922000000001,conventional_hydroelectric
139,94,52.191993599999996,conventional_hydroelectric
110,94,50.0,conventional_steam_coal
41,94,7219.002,conventional_steam_coal
3,94,14050.987,conventional_steam_coal
36,94,2368.701,conventional_steam_coal
85,94,0.0,conventional_steam_coal
28,94,74.364,geothermal
116,94,0.0,natural_gas_fired_combined_cycle
73,94,0.0,natural_gas_fired_combined_cycle
71,94,0.0,natural_gas_fired_combined_cycle
44,94,0.0,natural_gas_fired_combined_cycle
115,94,0.0,natural_gas_fired_combined_cycle
70,94,0.0,natural_gas_fired_combined_cycle
131,94,0.0,natural_gas_fired_combined_cycle
18,94,0.0,natural_gas_fired_combined_cycle
72,94,0.0,natural_gas_fired_combined_cycle
114,94,0.0,natural_gas_fired_combined_cycle
45,94,0.0,natural_gas_fired_combined_cycle
78,94,0.0,natural_gas_fired_combustion_turbine
75,94,0.0,natural_gas_fired_combustion_turbine
119,94,0.0,natural_gas_fired_combustion_turbine
117,94,0.0,natural_gas_fired_combustion_turbine
134,94,0.0,natural_gas_fired_combustion_turbine
103,94,0.0,natural_gas_fired_combustion_turbine
47,94,0.0,natural_gas_fired_combustion_turbine
8,94,0.0,natural_gas_fired_combustion_turbine
90,94,0.0,natural_gas_fired_combustion_turbine
60,94,0.0,natural_gas_fired_combustion_turbine
46,94,0.0,natural_gas_fired_combustion_turbine
37,94,0.0,natural_gas_fired_combustion_turbine
7,94,0.0,natural_gas_fired_combustion_turbine
133,94,0.0,natural_gas_fired_combustion_turbine
74,94,0.0,natural_gas_fired_combustion_turbine
20,94,0.0,natural_gas_fired_combustion_turbine
135,94,0.0,natural_gas_fired_combustion_turbine
142,94,0.0,natural_gas_fired_combustion_turbine
121,94,0.0,natural_gas_fired_combustion_turbine
91,94,0.0,natural_gas_fired_combustion_turbine
22,94,0.0,natural_gas_steam_turbine
123,94,0.0,natural_gas_steam_turbine
62,94,0.0,natural_gas_steam_turbine
49,94,0.0,natural_gas_steam_turbine
48,94,0.0,natural_gas_steam_turbine
21,94,0.0,natural_gas_steam_turbine
79,94,7405.999,nuclear
10,94,306.52149000000003,onshore_wind_turbine
23,94,1919.8344,onshore_wind_turbine
31,94,1197.92706,onshore_wind_turbine
38,94,252.2142,onshore_wind_turbine
50,94,1595.7086399999998,onshore_wind_turbine
63,94,33.0144000744,onshore_wind_turbine
80,94,654.7723199999999,onshore_wind_turbine
94,94,9277.5132,onshore_wind_turbine
105,94,715.201080174,onshore_wind_turbine
124,94,3595.6283073810005,onshore_wind_turbine
136,94,2121.6268800000003,onshore_wind_turbine
144,94,2786.2914599999995,onshore_wind_turbine
11,94,19.125,small_hydroelectric
24,94,62.577,small_hydroelectric
32,94,192.0,small_hydroelectric
39,94,52.9,small_hydroelectric
51,94,25.641,small_hydroelectric
64,94,6.128,small_hydroelectric
81,94,241.672,small_hydroelectric
95,94,418.922,small_hydroelectric
106,94,31.614,small_hydroelectric
125,94,100.697,small_hydroelectric
137,94,36.822,small_hydroelectric
145,94,33.21,small_hydroelectric
12,94,0.0,solar_photovoltaic
25,94,0.0,solar_photovoltaic
33,94,0.0,solar_photovoltaic
52,94,0.0,solar_photovoltaic
65,94,0.0,solar_photovoltaic
82,94,0.0,solar_photovoltaic
96,94,0.0,solar_photovoltaic
107,94,0.0,solar_photovoltaic
126,94,0.0,solar_photovoltaic
138,94,0.0,solar_photovoltaic
26,95,11.235,biomass
13,95,15.682,biomass
108,95,137.081,biomass
40,95,5.952,biomass
97,95,178.173,biomass
1,95,16.294,biomass
66,95,228.795,biomass
2,95,866.046258,conventional_hydroelectric
14,95,125.45674679999999,conventional_hydroelectric
27,95,858.2261544,conventional_hydroelectric
35,95,912.6288864,conventional_hydroelectric
54,95,716.147289,conventional_hydroelectric
67,95,1518.991500336102,conventional_hydroelectric
84,95,15598.543888200002,conventional_hydroelectric
109,95,118.7700902388,conventional_hydroelectric
128,95,54.37476000000001,conventional_hydroelectric
139,95,52.308441599999995,conventional_hydroelectric
110,95,50.0,conventional_steam_coal
41,95,7219.002,conventional_steam_coal
3,95,9126.91025421384,conventional_steam_coal
36,95,1350.1595699999998,conventional_steam_coal
85,95,0.0,conventional_steam_coal
28,95,74.364,geothermal
116,95,0.0,natural_gas_fired_combined_cycle
73,95,0.0,natural_gas_fired_combined_cycle
71,95,0.0,natural_gas_fired_combined_cycle
44,95,0.0,natural_gas_fired_combined_cycle
115,95,0.0,natural_gas_fired_combined_cycle
70,95,0.0,natural_gas_fired_combined_cycle
131,95,0.0,natural_gas_fired_combined_cycle
18,95,0.0,natural_gas_fired_combined_cycle
72,95,0.0,natural_gas_fired_combined_cycle
114,95,0.0,natural_gas_fired_combined_cycle
45,95,0.0,natural_gas_fired_combined_cycle
78,95,0.0,natural_gas_fired_combustion_turbine
75,95,0.0,natural_gas_fired_combustion_turbine
119,95,0.0,natural_gas_fired_combustion_turbine
117,95,0.0,natural_gas_fired_combustion_turbine
134,95,0.0,natural_gas_fired_combustion_turbine
103,95,0.0,natural_gas_fired_combustion_turbine
47,95,0.0,natural_gas_fired_combustion_turbine
8,95,0.0,natural_gas_fired_combustion_turbine
90,95,0.0,natural_gas_fired_combustion_turbine
60,95,0.0,natural_gas_fired_combustion_turbine
46,95,0.0,natural_gas_fired_combustion_turbine
37,95,0.0,natural_gas_fired_combustion_turbine
7,95,0.0,natural_gas_fired_combustion_turbine
133,95,0.0,natural_gas_fired_combustion_turbine
74,95,0.0,natural_gas_fired_combustion_turbine
20,95,0.0,natural_gas_fired_combustion_turbine
135,95,0.0,natural_gas_fired_combustion_turbine
142,95,0.0,natural_gas_fired_combustion_turbine
121,95,0.0,natural_gas_fired_combustion_turbine
91,95,0.0,natural_gas_fired_combustion_turbine
22,95,0.0,natural_gas_steam_turbine
123,95,0.0,natural_gas_steam_turbine
62,95,0.0,natural_gas_steam_turbine
49,95,0.0,natural_gas_steam_turbine
48,95,0.0,natural_gas_steam_turbine
21,95,0.0,natural_gas_steam_turbine
79,95,7405.999,nuclear
10,95,308.29686000000004,onshore_wind_turbine
23,95,2076.36,onshore_wind_turbine
31,95,1697.14815,onshore_wind_turbine
38,95,180.153,onshore_wind_turbine
50,95,1673.51976,onshore_wind_turbine
63,95,25.229999865600004,onshore_wind_turbine
80,95,1093.67688,onshore_wind_turbine
94,95,9751.949400000001,onshore_wind_turbine
105,95,718.597379682,onshore_wind_turbine
124,95,3723.6402894636,onshore_wind_turbine
136,95,2175.20721,onshore_wind_turbine
144,95,3248.8195499999993,onshore_wind_turbine
11,95,19.125,small_hydroelectric
24,95,62.577,small_hydroelectric
32,95,192.0,small_hydroelectric
39,95,52.9,small_hydroelectric
51,95,25.641,small_hydroelectric
64,95,6.128,small_hydroelectric
81,95,241.672,small_hydroelectric
95,95,418.922,small_hydroelectric
106,95,31.614,small_hydroelectric
125,95,100.697,small_hydroelectric
137,95,36.822,small_hydroelectric
145,95,33.21,small_hydroelectric
12,95,0.0,solar_photovoltaic
25,95,0.0,solar_photovoltaic
33,95,0.0,solar_photovoltaic
52,95,0.0,solar_photovoltaic
65,95,0.0,solar_photovoltaic
82,95,0.0,solar_photovoltaic
96,95,0.0,solar_photovoltaic
107,95,0.0,solar_photovoltaic
126,95,0.0,solar_photovoltaic
138,95,0.0,solar_photovoltaic
26,96,11.235,biomass
13,96,15.682,biomass
108,96,137.081,biomass
40,96,5.952,biomass
97,96,178.173,biomass
1,96,16.294,biomass
66,96,228.795,biomass
2,96,866.046258,conventional_hydroelectric
14,96,125.362666,conventional_hydroelectric
27,96,858.2261544,conventional_hydroelectric
35,96,914.3772176,conventional_hydroelectric
54,96,717.3945702000001,conventional_hydroelectric
67,96,1521.3310901255609,conventional_hydroelectric
84,96,15604.3544838,conventional_hydroelectric
109,96,119.0130820944,conventional_hydroelectric
128,96,54.420300000000005,conventional_hydroelectric
139,96,52.401599999999995,conventional_hydroelectric
110,96,50.0,conventional_steam_coal
41,96,7219.002,conventional_steam_coal
3,96,1117.8476642138426,conventional_steam_coal
36,96,0.0,conventional_steam_coal
85,96,0.0,conventional_steam_coal
28,96,74.364,geothermal
116,96,0.0,natural_gas_fired_combined_cycle
73,96,0.0,natural_gas_fired_combined_cycle
71,96,0.0,natural_gas_fired_combined_cycle
44,96,0.0,natural_gas_fired_combined_cycle
115,96,0.0,natural_gas_fired_combined_cycle
70,96,0.0,natural_gas_fired_combined_cycle
131,96,0.0,natural_gas_fired_combined_cycle
18,96,0.0,natural_gas_fired_combined_cycle
72,96,0.0,natural_gas_fired_combined_cycle
114,96,0.0,natural_gas_fired_combined_cycle
45,96,0.0,natural_gas_fired_combined_cycle
78,96,0.0,natural_gas_fired_combustion_turbine
75,96,0.0,natural_gas_fired_combustion_turbine
119,96,0.0,natural_gas_fired_combustion_turbine
117,96,0.0,natural_gas_fired_combustion_turbine
134,96,0.0,natural_gas_fired_combustion_turbine
103,96,0.0,natural_gas_fired_combustion_turbine
47,96,0.0,natural_gas_fired_combustion_turbine
8,96,0.0,natural_gas_fired_combustion_turbine
90,96,0.0,natural_gas_fired_combustion_turbine
60,96,0.0,natural_gas_fired_combustion_turbine
46,96,0.0,natural_gas_fired_combustion_turbine
37,96,0.0,natural_gas_fired_combustion_turbine
7,96,0.0,natural_gas_fired_combustion_turbine
133,96,0.0,natural_gas_fired_combustion_turbine
74,96,0.0,natural_gas_fired_combustion_turbine
20,96,0.0,natural_gas_fired_combustion_turbine
135,96,0.0,natural_gas_fired_combustion_turbine
142,96,0.0,natural_gas_fired_combustion_turbine
121,96,0.0,natural_gas_fired_combustion_turbine
91,96,0.0,natural_gas_fired_combustion_turbine
22,96,0.0,natural_gas_steam_turbine
123,96,0.0,natural_gas_steam_turbine
62,96,0.0,natural_gas_steam_turbine
49,96,0.0,natural_gas_steam_turbine
48,96,0.0,natural_gas_steam_turbine
21,96,0.0,natural_gas_steam_turbine
79,96,7405.999,nuclear
10,96,329.21535000000006,onshore_wind_turbine
23,96,3572.1378,onshore_wind_turbine
31,96,2273.72052,onshore_wind_turbine
38,96,130.73265,onshore_wind_turbine
50,96,1781.52624,onshore_wind_turbine
63,96,17.29499994,onshore_wind_turbine
80,96,1094.8717199999999,onshore_wind_turbine
94,96,10393.4628,onshore_wind_turbine
105,96,814.342739679,onshore_wind_turbine
124,96,5823.032753947201,onshore_wind_turbine
136,96,2026.8012600000004,onshore_wind_turbine
144,96,3751.2047699999994,onshore_wind_turbine
11,96,19.125,small_hydroelectric
24,96,62.577,small_hydroelectric
32,96,192.0,small_hydroelectric
39,96,52.9,small_hydroelectric
51,96,25.641,small_hydroelectric
64,96,6.128,small_hydroelectric
81,96,241.672,small_hydroelectric
95,96,418.922,small_hydroelectric
106,96,31.614,small_hydroelectric
125,96,100.697,small_hydroelectric
137,96,36.822,small_hydroelectric
145,96,33.21,small_hydroelectric
12,96,0.0,solar_photovoltaic
25,96,0.0,solar_photovoltaic
33,96,0.0,solar_photovoltaic
52,96,0.0,solar_photovoltaic
65,96,0.0,solar_photovoltaic
82,96,0.0,solar_photovoltaic
96,96,0.0,solar_photovoltaic
107,96,0.0,solar_photovoltaic
126,96,0.0,solar_photovoltaic
138,96,0.0,solar_photovoltaic
