r_id,hour,gen,resource
26,1,11.235,biomass
13,1,15.682,biomass
108,1,137.081,biomass
40,1,5.952,biomass
97,1,178.173,biomass
1,1,16.294,biomass
66,1,228.795,biomass
2,1,638.4155988,conventional_hydroelectric
14,1,12.700908,conventional_hydroelectric
27,1,333.5821488,conventional_hydroelectric
35,1,1068.979648,conventional_hydroelectric
54,1,621.3539178000001,conventional_hydroelectric
67,1,1520.7698932115038,conventional_hydroelectric
84,1,11130.195871799999,conventional_hydroelectric
109,1,124.7116430742,conventional_hydroelectric
128,1,40.81902,conventional_hydroelectric
139,1,22.660780799999998,conventional_hydroelectric
110,1,50.0,conventional_steam_coal
41,1,7219.002,conventional_steam_coal
3,1,14050.987,conventional_steam_coal
36,1,2368.701,conventional_steam_coal
85,1,1340.0,conventional_steam_coal
28,1,74.364,geothermal
116,1,56.5,natural_gas_fired_combined_cycle
73,1,644.7,natural_gas_fired_combined_cycle
71,1,7927.498898436899,natural_gas_fired_combined_cycle
44,1,0.0,natural_gas_fired_combined_cycle
115,1,0.0,natural_gas_fired_combined_cycle
70,1,0.0,natural_gas_fired_combined_cycle
131,1,0.0,natural_gas_fired_combined_cycle
18,1,0.0,natural_gas_fired_combined_cycle
72,1,0.0,natural_gas_fired_combined_cycle
114,1,0.0,natural_gas_fired_combined_cycle
45,1,0.0,natural_gas_fired_combined_cycle
78,1,257.0,natural_gas_fired_combustion_turbine
75,1,0.0,natural_gas_fired_combustion_turbine
119,1,0.0,natural_gas_fired_combustion_turbine
117,1,0.0,natural_gas_fired_combustion_turbine
134,1,0.0,natural_gas_fired_combustion_turbine
103,1,0.0,natural_gas_fired_combustion_turbine
47,1,0.0,natural_gas_fired_combustion_turbine
8,1,0.0,natural_gas_fired_combustion_turbine
90,1,0.0,natural_gas_fired_combustion_turbine
60,1,0.0,natural_gas_fired_combustion_turbine
46,1,0.0,natural_gas_fired_combustion_turbine
37,1,0.0,natural_gas_fired_combustion_turbine
7,1,0.0,natural_gas_fired_combustion_turbine
133,1,0.0,natural_gas_fired_combustion_turbine
74,1,0.0,natural_gas_fired_combustion_turbine
20,1,0.0,natural_gas_fired_combustion_turbine
135,1,0.0,natural_gas_fired_combustion_turbine
142,1,0.0,natural_gas_fired_combustion_turbine
121,1,0.0,natural_gas_fired_combustion_turbine
91,1,0.0,natural_gas_fired_combustion_turbine
22,1,0.0,natural_gas_steam_turbine
123,1,0.0,natural_gas_steam_turbine
62,1,0.0,natural_gas_steam_turbine
49,1,0.0,natural_gas_steam_turbine
48,1,0.0,natural_gas_steam_turbine
21,1,0.0,natural_gas_steam_turbine
79,1,7405.999,nuclear
10,1,29.023440000000004,onshore_wind_turbine
23,1,671.6225999999999,onshore_wind_turbine
31,1,244.77608999999995,onshore_wind_turbine
38,1,100.3014,onshore_wind_turbine
50,1,107.71614,onshore_wind_turbine
63,1,265.6021198464,onshore_wind_turbine
80,1,111.91667999999999,onshore_wind_turbine
94,1,108.7578,onshore_wind_turbine
105,1,205.187819949,onshore_wind_turbine
124,1,7214.378851482001,onshore_wind_turbine
136,1,1663.6885200000002,onshore_wind_turbine
144,1,2067.0092999999997,onshore_wind_turbine
11,1,19.125,small_hydroelectric
24,1,62.577,small_hydroelectric
32,1,192.0,small_hydroelectric
39,1,52.9,small_hydroelectric
51,1,25.641,small_hydroelectric
64,1,6.128,small_hydroelectric
81,1,241.672,small_hydroelectric
95,1,418.922,small_hydroelectric
106,1,31.614,small_hydroelectric
125,1,100.697,small_hydroelectric
137,1,36.822,small_hydroelectric
145,1,33.21,small_hydroelectric
12,1,0.0,solar_photovoltaic
25,1,0.0,solar_photovoltaic
33,1,0.0,solar_photovoltaic
52,1,0.0,solar_photovoltaic
65,1,0.0,solar_photovoltaic
82,1,0.0,solar_photovoltaic
96,1,0.0,solar_photovoltaic
107,1,0.0,solar_photovoltaic
126,1,0.0,solar_photovoltaic
138,1,0.0,solar_photovoltaic
26,2,11.235,biomass
13,2,15.682,biomass
108,2,137.081,biomass
40,2,5.952,biomass
97,2,178.173,biomass
1,2,16.294,biomass
66,2,228.795,biomass
2,2,638.4155988,conventional_hydroelectric
14,2,12.700908,conventional_hydroelectric
27,2,333.5821488,conventional_hydroelectric
35,2,1068.979648,conventional_hydroelectric
54,2,621.3539178000001,conventional_hydroelectric
67,2,1520.7698932115038,conventional_hydroelectric
84,2,11130.195871799999,conventional_hydroelectric
109,2,124.7116430742,conventional_hydroelectric
128,2,40.81902,conventional_hydroelectric
139,2,22.660780799999998,conventional_hydroelectric
110,2,50.0,conventional_steam_coal
41,2,7219.002,conventional_steam_coal
3,2,14050.987,conventional_steam_coal
36,2,2368.701,conventional_steam_coal
85,2,1340.0,conventional_steam_coal
28,2,74.364,geothermal
116,2,56.5,natural_gas_fired_combined_cycle
73,2,644.7,natural_gas_fired_combined_cycle
71,2,4441.151773727515,natural_gas_fired_combined_cycle
44,2,0.0,natural_gas_fired_combined_cycle
115,2,0.0,natural_gas_fired_combined_cycle
70,2,0.0,natural_gas_fired_combined_cycle
131,2,0.0,natural_gas_fired_combined_cycle
18,2,0.0,natural_gas_fired_combined_cycle
72,2,0.0,natural_gas_fired_combined_cycle
114,2,0.0,natural_gas_fired_combined_cycle
45,2,0.0,natural_gas_fired_combined_cycle
78,2,257.0,natural_gas_fired_combustion_turbine
75,2,0.0,natural_gas_fired_combustion_turbine
119,2,0.0,natural_gas_fired_combustion_turbine
117,2,0.0,natural_gas_fired_combustion_turbine
134,2,0.0,natural_gas_fired_combustion_turbine
103,2,0.0,natural_gas_fired_combustion_turbine
47,2,0.0,natural_gas_fired_combustion_turbine
8,2,0.0,natural_gas_fired_combustion_turbine
90,2,0.0,natural_gas_fired_combustion_turbine
60,2,0.0,natural_gas_fired_combustion_turbine
46,2,0.0,natural_gas_fired_combustion_turbine
37,2,0.0,natural_gas_fired_combustion_turbine
7,2,0.0,natural_gas_fired_combustion_turbine
133,2,0.0,natural_gas_fired_combustion_turbine
74,2,0.0,natural_gas_fired_combustion_turbine
20,2,0.0,natural_gas_fired_combustion_turbine
135,2,0.0,natural_gas_fired_combustion_turbine
142,2,0.0,natural_gas_fired_combustion_turbine
121,2,0.0,natural_gas_fired_combustion_turbine
91,2,0.0,natural_gas_fired_combustion_turbine
22,2,0.0,natural_gas_steam_turbine
123,2,0.0,natural_gas_steam_turbine
62,2,0.0,natural_gas_steam_turbine
49,2,0.0,natural_gas_steam_turbine
48,2,0.0,natural_gas_steam_turbine
21,2,0.0,natural_gas_steam_turbine
79,2,7405.999,nuclear
10,2,18.757170000000002,onshore_wind_turbine
23,2,774.642,onshore_wind_turbine
31,2,421.86981,onshore_wind_turbine
38,2,241.25895,onshore_wind_turbine
50,2,116.13599999999998,onshore_wind_turbine
63,2,265.2588000768,onshore_wind_turbine
80,2,9.16044,onshore_wind_turbine
94,2,441.336,onshore_wind_turbine
105,2,236.557680282,onshore_wind_turbine
124,2,7433.807525628001,onshore_wind_turbine
136,2,1639.0184400000003,onshore_wind_turbine
144,2,2611.1054699999995,onshore_wind_turbine
11,2,19.125,small_hydroelectric
24,2,62.577,small_hydroelectric
32,2,192.0,small_hydroelectric
39,2,52.9,small_hydroelectric
51,2,25.641,small_hydroelectric
64,2,6.128,small_hydroelectric
81,2,241.672,small_hydroelectric
95,2,418.922,small_hydroelectric
106,2,31.614,small_hydroelectric
125,2,100.697,small_hydroelectric
137,2,36.822,small_hydroelectric
145,2,33.21,small_hydroelectric
12,2,0.0,solar_photovoltaic
25,2,0.0,solar_photovoltaic
33,2,0.0,solar_photovoltaic
52,2,0.0,solar_photovoltaic
65,2,0.0,solar_photovoltaic
82,2,0.0,solar_photovoltaic
96,2,0.0,solar_photovoltaic
107,2,0.0,solar_photovoltaic
126,2,0.0,solar_photovoltaic
138,2,0.0,solar_photovoltaic
26,3,11.235,biomass
13,3,15.682,biomass
108,3,137.081,biomass
40,3,5.952,biomass
97,3,178.173,biomass
1,3,16.294,biomass
66,3,228.795,biomass
2,3,638.4155988,conventional_hydroelectric
14,3,12.700908,conventional_hydroelectric
27,3,333.5821488,conventional_hydroelectric
35,3,1068.979648,conventional_hydroelectric
54,3,621.3539178000001,conventional_hydroelectric
67,3,1520.7698932115038,conventional_hydroelectric
84,3,11130.195871799999,conventional_hydroelectric
109,3,124.7116430742,conventional_hydroelectric
128,3,40.81902,conventional_hydroelectric
139,3,22.660780799999998,conventional_hydroelectric
110,3,50.0,conventional_steam_coal
41,3,7219.002,conventional_steam_coal
3,3,14050.987,conventional_steam_coal
36,3,2368.701,conventional_steam_coal
85,3,1340.0,conventional_steam_coal
28,3,74.364,geothermal
116,3,56.5,natural_gas_fired_combined_cycle
73,3,644.7,natural_gas_fired_combined_cycle
71,3,2650.4719914164975,natural_gas_fired_combined_cycle
44,3,0.0,natural_gas_fired_combined_cycle
115,3,0.0,natural_gas_fired_combined_cycle
70,3,0.0,natural_gas_fired_combined_cycle
131,3,0.0,natural_gas_fired_combined_cycle
18,3,0.0,natural_gas_fired_combined_cycle
72,3,0.0,natural_gas_fired_combined_cycle
114,3,0.0,natural_gas_fired_combined_cycle
45,3,0.0,natural_gas_fired_combined_cycle
78,3,257.0,natural_gas_fired_combustion_turbine
75,3,0.0,natural_gas_fired_combustion_turbine
119,3,0.0,natural_gas_fired_combustion_turbine
117,3,0.0,natural_gas_fired_combustion_turbine
134,3,0.0,natural_gas_fired_combustion_turbine
103,3,0.0,natural_gas_fired_combustion_turbine
47,3,0.0,natural_gas_fired_combustion_turbine
8,3,0.0,natural_gas_fired_combustion_turbine
90,3,0.0,natural_gas_fired_combustion_turbine
60,3,0.0,natural_gas_fired_combustion_turbine
46,3,0.0,natural_gas_fired_combustion_turbine
37,3,0.0,natural_gas_fired_combustion_turbine
7,3,0.0,natural_gas_fired_combustion_turbine
133,3,0.0,natural_gas_fired_combustion_turbine
74,3,0.0,natural_gas_fired_combustion_turbine
20,3,0.0,natural_gas_fired_combustion_turbine
135,3,0.0,natural_gas_fired_combustion_turbine
142,3,0.0,natural_gas_fired_combustion_turbine
121,3,0.0,natural_gas_fired_combustion_turbine
91,3,0.0,natural_gas_fired_combustion_turbine
22,3,0.0,natural_gas_steam_turbine
123,3,0.0,natural_gas_steam_turbine
62,3,0.0,natural_gas_steam_turbine
49,3,0.0,natural_gas_steam_turbine
48,3,0.0,natural_gas_steam_turbine
21,3,0.0,natural_gas_steam_turbine
79,3,7405.999,nuclear
10,3,14.666100000000002,onshore_wind_turbine
23,3,606.936,onshore_wind_turbine
31,3,366.90968999999996,onshore_wind_turbine
38,3,249.53625,onshore_wind_turbine
50,3,153.58986,onshore_wind_turbine
63,3,266.3179200288,onshore_wind_turbine
80,3,17.52432,onshore_wind_turbine
94,3,609.9893999999999,onshore_wind_turbine
105,3,310.821960141,onshore_wind_turbine
124,3,8235.156838128001,onshore_wind_turbine
136,3,1899.9816300000002,onshore_wind_turbine
144,3,2688.96591,onshore_wind_turbine
11,3,19.125,small_hydroelectric
24,3,62.577,small_hydroelectric
32,3,192.0,small_hydroelectric
39,3,52.9,small_hydroelectric
51,3,25.641,small_hydroelectric
64,3,6.128,small_hydroelectric
81,3,241.672,small_hydroelectric
95,3,418.922,small_hydroelectric
106,3,31.614,small_hydroelectric
125,3,100.697,small_hydroelectric
137,3,36.822,small_hydroelectric
145,3,33.21,small_hydroelectric
12,3,0.0,solar_photovoltaic
25,3,0.0,solar_photovoltaic
33,3,0.0,solar_photovoltaic
52,3,0.0,solar_photovoltaic
65,3,0.0,solar_photovoltaic
82,3,0.0,solar_photovoltaic
96,3,0.0,solar_photovoltaic
107,3,0.0,solar_photovoltaic
126,3,0.0,solar_photovoltaic
138,3,0.0,solar_photovoltaic
26,4,11.235,biomass
13,4,15.682,biomass
108,4,137.081,biomass
40,4,5.952,biomass
97,4,178.173,biomass
1,4,16.294,biomass
66,4,228.795,biomass
2,4,638.4155988,conventional_hydroelectric
14,4,12.700908,conventional_hydroelectric
27,4,333.5821488,conventional_hydroelectric
35,4,1068.979648,conventional_hydroelectric
54,4,621.3539178000001,conventional_hydroelectric
67,4,1520.7698932115038,conventional_hydroelectric
84,4,11130.195871799999,conventional_hydroelectric
109,4,124.7116430742,conventional_hydroelectric
128,4,40.81902,conventional_hydroelectric
139,4,22.660780799999998,conventional_hydroelectric
110,4,50.0,conventional_steam_coal
41,4,7219.002,conventional_steam_coal
3,4,14050.987,conventional_steam_coal
36,4,2368.701,conventional_steam_coal
85,4,1340.0,conventional_steam_coal
28,4,74.364,geothermal
116,4,56.5,natural_gas_fired_combined_cycle
73,4,644.7,natural_gas_fired_combined_cycle
71,4,2535.456163098884,natural_gas_fired_combined_cycle
44,4,0.0,natural_gas_fired_combined_cycle
115,4,0.0,natural_gas_fired_combined_cycle
70,4,0.0,natural_gas_fired_combined_cycle
131,4,0.0,natural_gas_fired_combined_cycle
18,4,0.0,natural_gas_fired_combined_cycle
72,4,0.0,natural_gas_fired_combined_cycle
114,4,0.0,natural_gas_fired_combined_cycle
45,4,0.0,natural_gas_fired_combined_cycle
78,4,257.0,natural_gas_fired_combustion_turbine
75,4,0.0,natural_gas_fired_combustion_turbine
119,4,0.0,natural_gas_fired_combustion_turbine
117,4,0.0,natural_gas_fired_combustion_turbine
134,4,0.0,natural_gas_fired_combustion_turbine
103,4,0.0,natural_gas_fired_combustion_turbine
47,4,0.0,natural_gas_fired_combustion_turbine
8,4,0.0,natural_gas_fired_combustion_turbine
90,4,0.0,natural_gas_fired_combustion_turbine
60,4,0.0,natural_gas_fired_combustion_turbine
46,4,0.0,natural_gas_fired_combustion_turbine
37,4,0.0,natural_gas_fired_combustion_turbine
7,4,0.0,natural_gas_fired_combustion_turbine
133,4,0.0,natural_gas_fired_combustion_turbine
74,4,0.0,natural_gas_fired_combustion_turbine
20,4,0.0,natural_gas_fired_combustion_turbine
135,4,0.0,natural_gas_fired_combustion_turbine
142,4,0.0,natural_gas_fired_combustion_turbine
121,4,0.0,natural_gas_fired_combustion_turbine
91,4,0.0,natural_gas_fired_combustion_turbine
22,4,0.0,natural_gas_steam_turbine
123,4,0.0,natural_gas_steam_turbine
62,4,0.0,natural_gas_steam_turbine
49,4,0.0,natural_gas_steam_turbine
48,4,0.0,natural_gas_steam_turbine
21,4,0.0,natural_gas_steam_turbine
79,4,7405.999,nuclear
10,4,6.406770000000001,onshore_wind_turbine
23,4,705.1638,onshore_wind_turbine
31,4,194.39597999999998,onshore_wind_turbine
38,4,218.86155,onshore_wind_turbine
50,4,241.56287999999995,onshore_wind_turbine
63,4,265.9330800696,onshore_wind_turbine
80,4,27.083039999999997,onshore_wind_turbine
94,4,466.5552,onshore_wind_turbine
105,4,180.043320051,onshore_wind_turbine
124,4,8849.3416464948,onshore_wind_turbine
136,4,1879.16625,onshore_wind_turbine
144,4,3078.2681099999995,onshore_wind_turbine
11,4,19.125,small_hydroelectric
24,4,62.577,small_hydroelectric
32,4,192.0,small_hydroelectric
39,4,52.9,small_hydroelectric
51,4,25.641,small_hydroelectric
64,4,6.128,small_hydroelectric
81,4,241.672,small_hydroelectric
95,4,418.922,small_hydroelectric
106,4,31.614,small_hydroelectric
125,4,100.697,small_hydroelectric
137,4,36.822,small_hydroelectric
145,4,33.21,small_hydroelectric
12,4,0.0,solar_photovoltaic
25,4,0.0,solar_photovoltaic
33,4,0.0,solar_photovoltaic
52,4,0.0,solar_photovoltaic
65,4,0.0,solar_photovoltaic
82,4,0.0,solar_photovoltaic
96,4,0.0,solar_photovoltaic
107,4,0.0,solar_photovoltaic
126,4,0.0,solar_photovoltaic
138,4,0.0,solar_photovoltaic
26,5,11.235,biomass
13,5,15.682,biomass
108,5,137.081,biomass
40,5,5.952,biomass
97,5,178.173,biomass
1,5,16.294,biomass
66,5,228.795,biomass
2,5,638.4155988,conventional_hydroelectric
14,5,12.700908,conventional_hydroelectric
27,5,333.5821488,conventional_hydroelectric
35,5,1068.979648,conventional_hydroelectric
54,5,621.3539178000001,conventional_hydroelectric
67,5,1520.7698932115038,conventional_hydroelectric
84,5,11130.195871799999,conventional_hydroelectric
109,5,124.7116430742,conventional_hydroelectric
128,5,40.81902,conventional_hydroelectric
139,5,22.660780799999998,conventional_hydroelectric
110,5,50.0,conventional_steam_coal
41,5,7219.002,conventional_steam_coal
3,5,14050.987,conventional_steam_coal
36,5,2368.701,conventional_steam_coal
85,5,1340.0,conventional_steam_coal
28,5,74.364,geothermal
116,5,56.5,natural_gas_fired_combined_cycle
73,5,644.7,natural_gas_fired_combined_cycle
71,5,4388.5144387183045,natural_gas_fired_combined_cycle
44,5,0.0,natural_gas_fired_combined_cycle
115,5,0.0,natural_gas_fired_combined_cycle
70,5,0.0,natural_gas_fired_combined_cycle
131,5,0.0,natural_gas_fired_combined_cycle
18,5,0.0,natural_gas_fired_combined_cycle
72,5,0.0,natural_gas_fired_combined_cycle
114,5,0.0,natural_gas_fired_combined_cycle
45,5,0.0,natural_gas_fired_combined_cycle
78,5,257.0,natural_gas_fired_combustion_turbine
75,5,0.0,natural_gas_fired_combustion_turbine
119,5,0.0,natural_gas_fired_combustion_turbine
117,5,0.0,natural_gas_fired_combustion_turbine
134,5,0.0,natural_gas_fired_combustion_turbine
103,5,0.0,natural_gas_fired_combustion_turbine
47,5,0.0,natural_gas_fired_combustion_turbine
8,5,0.0,natural_gas_fired_combustion_turbine
90,5,0.0,natural_gas_fired_combustion_turbine
60,5,0.0,natural_gas_fired_combustion_turbine
46,5,0.0,natural_gas_fired_combustion_turbine
37,5,0.0,natural_gas_fired_combustion_turbine
7,5,0.0,natural_gas_fired_combustion_turbine
133,5,0.0,natural_gas_fired_combustion_turbine
74,5,0.0,natural_gas_fired_combustion_turbine
20,5,0.0,natural_gas_fired_combustion_turbine
135,5,0.0,natural_gas_fired_combustion_turbine
142,5,0.0,natural_gas_fired_combustion_turbine
121,5,0.0,natural_gas_fired_combustion_turbine
91,5,0.0,natural_gas_fired_combustion_turbine
22,5,0.0,natural_gas_steam_turbine
123,5,0.0,natural_gas_steam_turbine
62,5,0.0,natural_gas_steam_turbine
49,5,0.0,natural_gas_steam_turbine
48,5,0.0,natural_gas_steam_turbine
21,5,0.0,natural_gas_steam_turbine
79,5,7405.999,nuclear
10,5,18.602790000000002,onshore_wind_turbine
23,5,859.2936,onshore_wind_turbine
31,5,856.46187,onshore_wind_turbine
38,5,95.67585,onshore_wind_turbine
50,5,267.9838199999999,onshore_wind_turbine
63,5,266.8394399112,onshore_wind_turbine
80,5,4.38108,onshore_wind_turbine
94,5,1729.0914,onshore_wind_turbine
105,5,160.744260033,onshore_wind_turbine
124,5,7590.638791051801,onshore_wind_turbine
136,5,1773.5474700000002,onshore_wind_turbine
144,5,3282.1883099999995,onshore_wind_turbine
11,5,19.125,small_hydroelectric
24,5,62.577,small_hydroelectric
32,5,192.0,small_hydroelectric
39,5,52.9,small_hydroelectric
51,5,25.641,small_hydroelectric
64,5,6.128,small_hydroelectric
81,5,241.672,small_hydroelectric
95,5,418.922,small_hydroelectric
106,5,31.614,small_hydroelectric
125,5,100.697,small_hydroelectric
137,5,36.822,small_hydroelectric
145,5,33.21,small_hydroelectric
12,5,0.0,solar_photovoltaic
25,5,0.0,solar_photovoltaic
33,5,0.0,solar_photovoltaic
52,5,0.0,solar_photovoltaic
65,5,0.0,solar_photovoltaic
82,5,0.0,solar_photovoltaic
96,5,0.0,solar_photovoltaic
107,5,0.0,solar_photovoltaic
126,5,0.0,solar_photovoltaic
138,5,0.0,solar_photovoltaic
26,6,11.235,biomass
13,6,15.682,biomass
108,6,137.081,biomass
40,6,5.952,biomass
97,6,178.173,biomass
1,6,16.294,biomass
66,6,228.795,biomass
2,6,638.4155988,conventional_hydroelectric
14,6,12.700908,conventional_hydroelectric
27,6,333.5821488,conventional_hydroelectric
35,6,1068.979648,conventional_hydroelectric
54,6,621.3539178000001,conventional_hydroelectric
67,6,1520.7698932115038,conventional_hydroelectric
84,6,11130.195871799999,conventional_hydroelectric
109,6,124.7116430742,conventional_hydroelectric
128,6,40.81902,conventional_hydroelectric
139,6,22.660780799999998,conventional_hydroelectric
110,6,50.0,conventional_steam_coal
41,6,7219.002,conventional_steam_coal
3,6,14050.987,conventional_steam_coal
36,6,2368.701,conventional_steam_coal
85,6,1340.0,conventional_steam_coal
28,6,74.364,geothermal
116,6,56.5,natural_gas_fired_combined_cycle
73,6,644.7,natural_gas_fired_combined_cycle
71,6,12075.156633444507,natural_gas_fired_combined_cycle
44,6,0.0,natural_gas_fired_combined_cycle
115,6,0.0,natural_gas_fired_combined_cycle
70,6,0.0,natural_gas_fired_combined_cycle
131,6,0.0,natural_gas_fired_combined_cycle
18,6,0.0,natural_gas_fired_combined_cycle
72,6,0.0,natural_gas_fired_combined_cycle
114,6,0.0,natural_gas_fired_combined_cycle
45,6,0.0,natural_gas_fired_combined_cycle
78,6,257.0,natural_gas_fired_combustion_turbine
75,6,0.0,natural_gas_fired_combustion_turbine
119,6,0.0,natural_gas_fired_combustion_turbine
117,6,0.0,natural_gas_fired_combustion_turbine
134,6,0.0,natural_gas_fired_combustion_turbine
103,6,0.0,natural_gas_fired_combustion_turbine
47,6,0.0,natural_gas_fired_combustion_turbine
8,6,0.0,natural_gas_fired_combustion_turbine
90,6,0.0,natural_gas_fired_combustion_turbine
60,6,0.0,natural_gas_fired_combustion_turbine
46,6,0.0,natural_gas_fired_combustion_turbine
37,6,0.0,natural_gas_fired_combustion_turbine
7,6,0.0,natural_gas_fired_combustion_turbine
133,6,0.0,natural_gas_fired_combustion_turbine
74,6,0.0,natural_gas_fired_combustion_turbine
20,6,0.0,natural_gas_fired_combustion_turbine
135,6,0.0,natural_gas_fired_combustion_turbine
142,6,0.0,natural_gas_fired_combustion_turbine
121,6,0.0,natural_gas_fired_combustion_turbine
91,6,0.0,natural_gas_fired_combustion_turbine
22,6,0.0,natural_gas_steam_turbine
123,6,0.0,natural_gas_steam_turbine
62,6,0.0,natural_gas_steam_turbine
49,6,0.0,natural_gas_steam_turbine
48,6,0.0,natural_gas_steam_turbine
21,6,0.0,natural_gas_steam_turbine
79,6,7405.999,nuclear
10,6,17.136180000000003,onshore_wind_turbine
23,6,782.628,onshore_wind_turbine
31,6,497.69442,onshore_wind_turbine
38,6,186.23925,onshore_wind_turbine
50,6,180.59147999999996,onshore_wind_turbine
63,6,266.56079984400003,onshore_wind_turbine
80,6,2.78796,onshore_wind_turbine
94,6,2389.5192,onshore_wind_turbine
105,6,211.339979802,onshore_wind_turbine
124,6,5709.076856623801,onshore_wind_turbine
136,6,1630.92357,onshore_wind_turbine
144,6,2904.0090299999997,onshore_wind_turbine
11,6,19.125,small_hydroelectric
24,6,62.577,small_hydroelectric
32,6,192.0,small_hydroelectric
39,6,52.9,small_hydroelectric
51,6,25.641,small_hydroelectric
64,6,6.128,small_hydroelectric
81,6,241.672,small_hydroelectric
95,6,418.922,small_hydroelectric
106,6,31.614,small_hydroelectric
125,6,100.697,small_hydroelectric
137,6,36.822,small_hydroelectric
145,6,33.21,small_hydroelectric
12,6,0.0,solar_photovoltaic
25,6,0.0,solar_photovoltaic
33,6,0.0,solar_photovoltaic
52,6,0.0,solar_photovoltaic
65,6,0.0,solar_photovoltaic
82,6,0.0,solar_photovoltaic
96,6,0.0,solar_photovoltaic
107,6,0.0,solar_photovoltaic
126,6,0.0,solar_photovoltaic
138,6,0.0,solar_photovoltaic
26,7,11.235,biomass
13,7,15.682,biomass
108,7,137.081,biomass
40,7,5.952,biomass
97,7,178.173,biomass
1,7,16.294,biomass
66,7,228.795,biomass
2,7,638.4155988,conventional_hydroelectric
14,7,12.700908,conventional_hydroelectric
27,7,333.5821488,conventional_hydroelectric
35,7,1068.979648,conventional_hydroelectric
54,7,621.3539178000001,conventional_hydroelectric
67,7,1520.7698932115038,conventional_hydroelectric
84,7,11130.195871799999,conventional_hydroelectric
109,7,124.7116430742,conventional_hydroelectric
128,7,40.81902,conventional_hydroelectric
139,7,22.660780799999998,conventional_hydroelectric
110,7,50.0,conventional_steam_coal
41,7,7219.002,conventional_steam_coal
3,7,14050.987,conventional_steam_coal
36,7,2368.701,conventional_steam_coal
85,7,1340.0,conventional_steam_coal
28,7,74.364,geothermal
116,7,56.5,natural_gas_fired_combined_cycle
73,7,644.7,natural_gas_fired_combined_cycle
71,7,12015.644731075705,natural_gas_fired_combined_cycle
44,7,0.0,natural_gas_fired_combined_cycle
115,7,0.0,natural_gas_fired_combined_cycle
70,7,0.0,natural_gas_fired_combined_cycle
131,7,0.0,natural_gas_fired_combined_cycle
18,7,0.0,natural_gas_fired_combined_cycle
72,7,0.0,natural_gas_fired_combined_cycle
114,7,0.0,natural_gas_fired_combined_cycle
45,7,0.0,natural_gas_fired_combined_cycle
78,7,257.0,natural_gas_fired_combustion_turbine
75,7,0.0,natural_gas_fired_combustion_turbine
119,7,0.0,natural_gas_fired_combustion_turbine
117,7,0.0,natural_gas_fired_combustion_turbine
134,7,0.0,natural_gas_fired_combustion_turbine
103,7,0.0,natural_gas_fired_combustion_turbine
47,7,0.0,natural_gas_fired_combustion_turbine
8,7,0.0,natural_gas_fired_combustion_turbine
90,7,0.0,natural_gas_fired_combustion_turbine
60,7,0.0,natural_gas_fired_combustion_turbine
46,7,0.0,natural_gas_fired_combustion_turbine
37,7,0.0,natural_gas_fired_combustion_turbine
7,7,0.0,natural_gas_fired_combustion_turbine
133,7,0.0,natural_gas_fired_combustion_turbine
74,7,0.0,natural_gas_fired_combustion_turbine
20,7,0.0,natural_gas_fired_combustion_turbine
135,7,0.0,natural_gas_fired_combustion_turbine
142,7,0.0,natural_gas_fired_combustion_turbine
121,7,0.0,natural_gas_fired_combustion_turbine
91,7,0.0,natural_gas_fired_combustion_turbine
22,7,0.0,natural_gas_steam_turbine
123,7,0.0,natural_gas_steam_turbine
62,7,0.0,natural_gas_steam_turbine
49,7,0.0,natural_gas_steam_turbine
48,7,0.0,natural_gas_steam_turbine
21,7,0.0,natural_gas_steam_turbine
79,7,7405.999,nuclear
10,7,14.28015,onshore_wind_turbine
23,7,753.0798,onshore_wind_turbine
31,7,2116.47351,onshore_wind_turbine
38,7,232.2513,onshore_wind_turbine
50,7,206.43173999999996,onshore_wind_turbine
63,7,267.15564000240005,onshore_wind_turbine
80,7,1.9913999999999998,onshore_wind_turbine
94,7,3527.5356,onshore_wind_turbine
105,7,307.212960474,onshore_wind_turbine
124,7,7904.112838162201,onshore_wind_turbine
136,7,1672.9398,onshore_wind_turbine
144,7,3295.165049999999,onshore_wind_turbine
11,7,19.125,small_hydroelectric
24,7,62.577,small_hydroelectric
32,7,192.0,small_hydroelectric
39,7,52.9,small_hydroelectric
51,7,25.641,small_hydroelectric
64,7,6.128,small_hydroelectric
81,7,241.672,small_hydroelectric
95,7,418.922,small_hydroelectric
106,7,31.614,small_hydroelectric
125,7,100.697,small_hydroelectric
137,7,36.822,small_hydroelectric
145,7,33.21,small_hydroelectric
12,7,0.0,solar_photovoltaic
25,7,85.51476,solar_photovoltaic
33,7,0.0,solar_photovoltaic
52,7,141.88938,solar_photovoltaic
65,7,0.0,solar_photovoltaic
82,7,0.0,solar_photovoltaic
96,7,0.0,solar_photovoltaic
107,7,0.0,solar_photovoltaic
126,7,0.0,solar_photovoltaic
138,7,0.0,solar_photovoltaic
26,8,11.235,biomass
13,8,15.682,biomass
108,8,137.081,biomass
40,8,5.952,biomass
97,8,178.173,biomass
1,8,16.294,biomass
66,8,228.795,biomass
2,8,638.4155988,conventional_hydroelectric
14,8,12.700908,conventional_hydroelectric
27,8,333.5821488,conventional_hydroelectric
35,8,1068.979648,conventional_hydroelectric
54,8,621.3539178000001,conventional_hydroelectric
67,8,1520.7698932115038,conventional_hydroelectric
84,8,11130.195871799999,conventional_hydroelectric
109,8,124.7116430742,conventional_hydroelectric
128,8,40.81902,conventional_hydroelectric
139,8,22.660780799999998,conventional_hydroelectric
110,8,50.0,conventional_steam_coal
41,8,7219.002,conventional_steam_coal
3,8,14050.987,conventional_steam_coal
36,8,2368.701,conventional_steam_coal
85,8,1340.0,conventional_steam_coal
28,8,74.364,geothermal
116,8,56.5,natural_gas_fired_combined_cycle
73,8,412.60800000000006,natural_gas_fired_combined_cycle
71,8,3115.360282296822,natural_gas_fired_combined_cycle
44,8,0.0,natural_gas_fired_combined_cycle
115,8,0.0,natural_gas_fired_combined_cycle
70,8,0.0,natural_gas_fired_combined_cycle
131,8,0.0,natural_gas_fired_combined_cycle
18,8,0.0,natural_gas_fired_combined_cycle
72,8,0.0,natural_gas_fired_combined_cycle
114,8,0.0,natural_gas_fired_combined_cycle
45,8,0.0,natural_gas_fired_combined_cycle
78,8,257.0,natural_gas_fired_combustion_turbine
75,8,0.0,natural_gas_fired_combustion_turbine
119,8,0.0,natural_gas_fired_combustion_turbine
117,8,0.0,natural_gas_fired_combustion_turbine
134,8,0.0,natural_gas_fired_combustion_turbine
103,8,0.0,natural_gas_fired_combustion_turbine
47,8,0.0,natural_gas_fired_combustion_turbine
8,8,0.0,natural_gas_fired_combustion_turbine
90,8,0.0,natural_gas_fired_combustion_turbine
60,8,0.0,natural_gas_fired_combustion_turbine
46,8,0.0,natural_gas_fired_combustion_turbine
37,8,0.0,natural_gas_fired_combustion_turbine
7,8,0.0,natural_gas_fired_combustion_turbine
133,8,0.0,natural_gas_fired_combustion_turbine
74,8,0.0,natural_gas_fired_combustion_turbine
20,8,0.0,natural_gas_fired_combustion_turbine
135,8,0.0,natural_gas_fired_combustion_turbine
142,8,0.0,natural_gas_fired_combustion_turbine
121,8,0.0,natural_gas_fired_combustion_turbine
91,8,0.0,natural_gas_fired_combustion_turbine
22,8,0.0,natural_gas_steam_turbine
123,8,0.0,natural_gas_steam_turbine
62,8,0.0,natural_gas_steam_turbine
49,8,0.0,natural_gas_steam_turbine
48,8,0.0,natural_gas_steam_turbine
21,8,0.0,natural_gas_steam_turbine
79,8,7405.999,nuclear
10,8,6.869910000000001,onshore_wind_turbine
23,8,385.72380000000004,onshore_wind_turbine
31,8,3126.1112699999994,onshore_wind_turbine
38,8,44.06445,onshore_wind_turbine
50,8,240.11117999999996,onshore_wind_turbine
63,8,219.0247200456,onshore_wind_turbine
80,8,2.38968,onshore_wind_turbine
94,8,3445.5732,onshore_wind_turbine
105,8,201.93264000000002,onshore_wind_turbine
124,8,9316.8465326244,onshore_wind_turbine
136,8,1521.45009,onshore_wind_turbine
144,8,2884.543919999999,onshore_wind_turbine
11,8,19.125,small_hydroelectric
24,8,62.577,small_hydroelectric
32,8,192.0,small_hydroelectric
39,8,52.9,small_hydroelectric
51,8,25.641,small_hydroelectric
64,8,6.128,small_hydroelectric
81,8,241.672,small_hydroelectric
95,8,418.922,small_hydroelectric
106,8,31.614,small_hydroelectric
125,8,100.697,small_hydroelectric
137,8,36.822,small_hydroelectric
145,8,33.21,small_hydroelectric
12,8,1762.14474,solar_photovoltaic
25,8,629.6704799999999,solar_photovoltaic
33,8,0.0,solar_photovoltaic
52,8,771.94932,solar_photovoltaic
65,8,2089.7769626685,solar_photovoltaic
82,8,480.77475,solar_photovoltaic
96,8,0.0,solar_photovoltaic
107,8,2387.6309741175,solar_photovoltaic
126,8,3304.9661379615,solar_photovoltaic
138,8,264.76857,solar_photovoltaic
26,9,11.235,biomass
13,9,15.682,biomass
108,9,137.081,biomass
40,9,5.952,biomass
97,9,178.173,biomass
1,9,16.294,biomass
66,9,228.795,biomass
2,9,638.4155988,conventional_hydroelectric
14,9,12.700908,conventional_hydroelectric
27,9,333.5821488,conventional_hydroelectric
35,9,1068.979648,conventional_hydroelectric
54,9,621.3539178000001,conventional_hydroelectric
67,9,1520.7698932115038,conventional_hydroelectric
84,9,11130.195871799999,conventional_hydroelectric
109,9,124.7116430742,conventional_hydroelectric
128,9,40.81902,conventional_hydroelectric
139,9,22.660780799999998,conventional_hydroelectric
110,9,50.0,conventional_steam_coal
41,9,7219.002,conventional_steam_coal
3,9,14050.987,conventional_steam_coal
36,9,1018.5414300000002,conventional_steam_coal
85,9,576.2,conventional_steam_coal
28,9,74.364,geothermal
116,9,20.339999999999996,natural_gas_fired_combined_cycle
73,9,0.0,natural_gas_fired_combined_cycle
71,9,0.0,natural_gas_fired_combined_cycle
44,9,0.0,natural_gas_fired_combined_cycle
115,9,0.0,natural_gas_fired_combined_cycle
70,9,0.0,natural_gas_fired_combined_cycle
131,9,0.0,natural_gas_fired_combined_cycle
18,9,0.0,natural_gas_fired_combined_cycle
72,9,0.0,natural_gas_fired_combined_cycle
114,9,0.0,natural_gas_fired_combined_cycle
45,9,0.0,natural_gas_fired_combined_cycle
78,9,0.0,natural_gas_fired_combustion_turbine
75,9,0.0,natural_gas_fired_combustion_turbine
119,9,0.0,natural_gas_fired_combustion_turbine
117,9,0.0,natural_gas_fired_combustion_turbine
134,9,0.0,natural_gas_fired_combustion_turbine
103,9,0.0,natural_gas_fired_combustion_turbine
47,9,0.0,natural_gas_fired_combustion_turbine
8,9,0.0,natural_gas_fired_combustion_turbine
90,9,0.0,natural_gas_fired_combustion_turbine
60,9,0.0,natural_gas_fired_combustion_turbine
46,9,0.0,natural_gas_fired_combustion_turbine
37,9,0.0,natural_gas_fired_combustion_turbine
7,9,0.0,natural_gas_fired_combustion_turbine
133,9,0.0,natural_gas_fired_combustion_turbine
74,9,0.0,natural_gas_fired_combustion_turbine
20,9,0.0,natural_gas_fired_combustion_turbine
135,9,0.0,natural_gas_fired_combustion_turbine
142,9,0.0,natural_gas_fired_combustion_turbine
121,9,0.0,natural_gas_fired_combustion_turbine
91,9,0.0,natural_gas_fired_combustion_turbine
22,9,0.0,natural_gas_steam_turbine
123,9,0.0,natural_gas_steam_turbine
62,9,0.0,natural_gas_steam_turbine
49,9,0.0,natural_gas_steam_turbine
48,9,0.0,natural_gas_steam_turbine
21,9,0.0,natural_gas_steam_turbine
79,9,7405.999,nuclear
10,9,2.9332200000000004,onshore_wind_turbine
23,9,265.9338,onshore_wind_turbine
31,9,2594.83011,onshore_wind_turbine
38,9,196.46415,onshore_wind_turbine
50,9,272.62925999999993,onshore_wind_turbine
63,9,209.6578798968,onshore_wind_turbine
80,9,2.38968,onshore_wind_turbine
94,9,4971.3348000000005,onshore_wind_turbine
105,9,80.98661976300001,onshore_wind_turbine
124,9,9449.189098885801,onshore_wind_turbine
136,9,1447.4398500000002,onshore_wind_turbine
144,9,3062.51064,onshore_wind_turbine
11,9,19.125,small_hydroelectric
24,9,62.577,small_hydroelectric
32,9,192.0,small_hydroelectric
39,9,52.9,small_hydroelectric
51,9,25.641,small_hydroelectric
64,9,6.128,small_hydroelectric
81,9,241.672,small_hydroelectric
95,9,418.922,small_hydroelectric
106,9,31.614,small_hydroelectric
125,9,100.697,small_hydroelectric
137,9,36.822,small_hydroelectric
145,9,33.21,small_hydroelectric
12,9,2882.6290799999997,solar_photovoltaic
25,9,894.2217599999999,solar_photovoltaic
33,9,206.20485,solar_photovoltaic
52,9,1159.7013,solar_photovoltaic
65,9,4429.031135044799,solar_photovoltaic
82,9,2620.43142,solar_photovoltaic
96,9,138.65994,solar_photovoltaic
107,9,4417.505673612,solar_photovoltaic
126,9,7893.360473613,solar_photovoltaic
138,9,843.03252,solar_photovoltaic
26,10,11.235,biomass
13,10,15.682,biomass
108,10,137.081,biomass
40,10,5.952,biomass
97,10,178.173,biomass
1,10,16.294,biomass
66,10,228.795,biomass
2,10,638.4155988,conventional_hydroelectric
14,10,12.700908,conventional_hydroelectric
27,10,333.5821488,conventional_hydroelectric
35,10,1068.979648,conventional_hydroelectric
54,10,621.3539178000001,conventional_hydroelectric
67,10,1520.7698932115038,conventional_hydroelectric
84,10,11130.195871799999,conventional_hydroelectric
109,10,124.7116430742,conventional_hydroelectric
128,10,40.81902,conventional_hydroelectric
139,10,22.660780799999998,conventional_hydroelectric
110,10,50.0,conventional_steam_coal
41,10,7219.002,conventional_steam_coal
3,10,8892.479772771176,conventional_steam_coal
36,10,0.0,conventional_steam_coal
85,10,0.0,conventional_steam_coal
28,10,74.364,geothermal
116,10,0.0,natural_gas_fired_combined_cycle
73,10,0.0,natural_gas_fired_combined_cycle
71,10,0.0,natural_gas_fired_combined_cycle
44,10,0.0,natural_gas_fired_combined_cycle
115,10,0.0,natural_gas_fired_combined_cycle
70,10,0.0,natural_gas_fired_combined_cycle
131,10,0.0,natural_gas_fired_combined_cycle
18,10,0.0,natural_gas_fired_combined_cycle
72,10,0.0,natural_gas_fired_combined_cycle
114,10,0.0,natural_gas_fired_combined_cycle
45,10,0.0,natural_gas_fired_combined_cycle
78,10,0.0,natural_gas_fired_combustion_turbine
75,10,0.0,natural_gas_fired_combustion_turbine
119,10,0.0,natural_gas_fired_combustion_turbine
117,10,0.0,natural_gas_fired_combustion_turbine
134,10,0.0,natural_gas_fired_combustion_turbine
103,10,0.0,natural_gas_fired_combustion_turbine
47,10,0.0,natural_gas_fired_combustion_turbine
8,10,0.0,natural_gas_fired_combustion_turbine
90,10,0.0,natural_gas_fired_combustion_turbine
60,10,0.0,natural_gas_fired_combustion_turbine
46,10,0.0,natural_gas_fired_combustion_turbine
37,10,0.0,natural_gas_fired_combustion_turbine
7,10,0.0,natural_gas_fired_combustion_turbine
133,10,0.0,natural_gas_fired_combustion_turbine
74,10,0.0,natural_gas_fired_combustion_turbine
20,10,0.0,natural_gas_fired_combustion_turbine
135,10,0.0,natural_gas_fired_combustion_turbine
142,10,0.0,natural_gas_fired_combustion_turbine
121,10,0.0,natural_gas_fired_combustion_turbine
91,10,0.0,natural_gas_fired_combustion_turbine
22,10,0.0,natural_gas_steam_turbine
123,10,0.0,natural_gas_steam_turbine
62,10,0.0,natural_gas_steam_turbine
49,10,0.0,natural_gas_steam_turbine
48,10,0.0,natural_gas_steam_turbine
21,10,0.0,natural_gas_steam_turbine
79,10,7405.999,nuclear
10,10,7.487430000000001,onshore_wind_turbine
23,10,455.202,onshore_wind_turbine
31,10,3183.61584,onshore_wind_turbine
38,10,546.7887,onshore_wind_turbine
50,10,445.67189999999994,onshore_wind_turbine
63,10,158.353800108,onshore_wind_turbine
80,10,2.38968,onshore_wind_turbine
94,10,9600.6342,onshore_wind_turbine
105,10,0.0,onshore_wind_turbine
124,10,7433.498251040401,onshore_wind_turbine
136,10,2019.4773300000002,onshore_wind_turbine
144,10,3183.93585,onshore_wind_turbine
11,10,19.125,small_hydroelectric
24,10,62.577,small_hydroelectric
32,10,192.0,small_hydroelectric
39,10,52.9,small_hydroelectric
51,10,25.641,small_hydroelectric
64,10,6.128,small_hydroelectric
81,10,241.672,small_hydroelectric
95,10,418.922,small_hydroelectric
106,10,31.614,small_hydroelectric
125,10,100.697,small_hydroelectric
137,10,36.822,small_hydroelectric
145,10,33.21,small_hydroelectric
12,10,3539.42298,solar_photovoltaic
25,10,1022.1736199999999,solar_photovoltaic
33,10,272.44995,solar_photovoltaic
52,10,1126.2284399999999,solar_photovoltaic
65,10,5670.090207149099,solar_photovoltaic
82,10,3956.5671599999996,solar_photovoltaic
96,10,272.28228,solar_photovoltaic
107,10,5538.086996466,solar_photovoltaic
126,10,10505.848350264001,solar_photovoltaic
138,10,1055.9432399999998,solar_photovoltaic
26,11,11.235,biomass
13,11,15.682,biomass
108,11,137.081,biomass
40,11,5.952,biomass
97,11,178.173,biomass
1,11,16.294,biomass
66,11,228.795,biomass
2,11,638.4155988,conventional_hydroelectric
14,11,12.700908,conventional_hydroelectric
27,11,333.5821488,conventional_hydroelectric
35,11,1068.979648,conventional_hydroelectric
54,11,621.3539178000001,conventional_hydroelectric
67,11,1520.7698932115038,conventional_hydroelectric
84,11,11130.195871799999,conventional_hydroelectric
109,11,124.7116430742,conventional_hydroelectric
128,11,40.81902,conventional_hydroelectric
139,11,22.660780799999998,conventional_hydroelectric
110,11,50.0,conventional_steam_coal
41,11,7219.002,conventional_steam_coal
3,11,883.4171827711771,conventional_steam_coal
36,11,0.0,conventional_steam_coal
85,11,0.0,conventional_steam_coal
28,11,74.364,geothermal
116,11,0.0,natural_gas_fired_combined_cycle
73,11,0.0,natural_gas_fired_combined_cycle
71,11,0.0,natural_gas_fired_combined_cycle
44,11,0.0,natural_gas_fired_combined_cycle
115,11,0.0,natural_gas_fired_combined_cycle
70,11,0.0,natural_gas_fired_combined_cycle
131,11,0.0,natural_gas_fired_combined_cycle
18,11,0.0,natural_gas_fired_combined_cycle
72,11,0.0,natural_gas_fired_combined_cycle
114,11,0.0,natural_gas_fired_combined_cycle
45,11,0.0,natural_gas_fired_combined_cycle
78,11,0.0,natural_gas_fired_combustion_turbine
75,11,0.0,natural_gas_fired_combustion_turbine
119,11,0.0,natural_gas_fired_combustion_turbine
117,11,0.0,natural_gas_fired_combustion_turbine
134,11,0.0,natural_gas_fired_combustion_turbine
103,11,0.0,natural_gas_fired_combustion_turbine
47,11,0.0,natural_gas_fired_combustion_turbine
8,11,0.0,natural_gas_fired_combustion_turbine
90,11,0.0,natural_gas_fired_combustion_turbine
60,11,0.0,natural_gas_fired_combustion_turbine
46,11,0.0,natural_gas_fired_combustion_turbine
37,11,0.0,natural_gas_fired_combustion_turbine
7,11,0.0,natural_gas_fired_combustion_turbine
133,11,0.0,natural_gas_fired_combustion_turbine
74,11,0.0,natural_gas_fired_combustion_turbine
20,11,0.0,natural_gas_fired_combustion_turbine
135,11,0.0,natural_gas_fired_combustion_turbine
142,11,0.0,natural_gas_fired_combustion_turbine
121,11,0.0,natural_gas_fired_combustion_turbine
91,11,0.0,natural_gas_fired_combustion_turbine
22,11,0.0,natural_gas_steam_turbine
123,11,0.0,natural_gas_steam_turbine
62,11,0.0,natural_gas_steam_turbine
49,11,0.0,natural_gas_steam_turbine
48,11,0.0,natural_gas_steam_turbine
21,11,0.0,natural_gas_steam_turbine
79,11,7405.999,nuclear
10,11,14.125770000000001,onshore_wind_turbine
23,11,590.9639999999999,onshore_wind_turbine
31,11,3279.7960499999995,onshore_wind_turbine
38,11,472.04954999999995,onshore_wind_turbine
50,11,796.9833,onshore_wind_turbine
63,11,155.15988001440002,onshore_wind_turbine
80,11,8.76216,onshore_wind_turbine
94,11,12024.8298,onshore_wind_turbine
105,11,9.053999703,onshore_wind_turbine
124,11,8117.786915251201,onshore_wind_turbine
136,11,1882.2500100000002,onshore_wind_turbine
144,11,3227.50062,onshore_wind_turbine
11,11,19.125,small_hydroelectric
24,11,62.577,small_hydroelectric
32,11,192.0,small_hydroelectric
39,11,52.9,small_hydroelectric
51,11,25.641,small_hydroelectric
64,11,6.128,small_hydroelectric
81,11,241.672,small_hydroelectric
95,11,418.922,small_hydroelectric
106,11,31.614,small_hydroelectric
125,11,100.697,small_hydroelectric
137,11,36.822,small_hydroelectric
145,11,33.21,small_hydroelectric
12,11,3912.3124199999997,solar_photovoltaic
25,11,1100.48208,solar_photovoltaic
33,11,305.4216,solar_photovoltaic
52,11,1326.76938,solar_photovoltaic
65,11,6555.933752284799,solar_photovoltaic
82,11,4907.246969999999,solar_photovoltaic
96,11,349.10568,solar_photovoltaic
107,11,6221.367387501,solar_photovoltaic
126,11,11977.1255361135,solar_photovoltaic
138,11,1172.77017,solar_photovoltaic
26,12,11.235,biomass
13,12,15.682,biomass
108,12,137.081,biomass
40,12,5.952,biomass
97,12,178.173,biomass
1,12,16.294,biomass
66,12,228.795,biomass
2,12,638.4155988,conventional_hydroelectric
14,12,12.700908,conventional_hydroelectric
27,12,333.5821488,conventional_hydroelectric
35,12,1068.979648,conventional_hydroelectric
54,12,621.3539178000001,conventional_hydroelectric
67,12,1520.7698932115038,conventional_hydroelectric
84,12,11130.195871799999,conventional_hydroelectric
109,12,124.7116430742,conventional_hydroelectric
128,12,40.81902,conventional_hydroelectric
139,12,22.660780799999998,conventional_hydroelectric
110,12,50.0,conventional_steam_coal
41,12,7219.002,conventional_steam_coal
3,12,0.0,conventional_steam_coal
36,12,0.0,conventional_steam_coal
85,12,0.0,conventional_steam_coal
28,12,74.364,geothermal
116,12,0.0,natural_gas_fired_combined_cycle
73,12,0.0,natural_gas_fired_combined_cycle
71,12,0.0,natural_gas_fired_combined_cycle
44,12,0.0,natural_gas_fired_combined_cycle
115,12,0.0,natural_gas_fired_combined_cycle
70,12,0.0,natural_gas_fired_combined_cycle
131,12,0.0,natural_gas_fired_combined_cycle
18,12,0.0,natural_gas_fired_combined_cycle
72,12,0.0,natural_gas_fired_combined_cycle
114,12,0.0,natural_gas_fired_combined_cycle
45,12,0.0,natural_gas_fired_combined_cycle
78,12,0.0,natural_gas_fired_combustion_turbine
75,12,0.0,natural_gas_fired_combustion_turbine
119,12,0.0,natural_gas_fired_combustion_turbine
117,12,0.0,natural_gas_fired_combustion_turbine
134,12,0.0,natural_gas_fired_combustion_turbine
103,12,0.0,natural_gas_fired_combustion_turbine
47,12,0.0,natural_gas_fired_combustion_turbine
8,12,0.0,natural_gas_fired_combustion_turbine
90,12,0.0,natural_gas_fired_combustion_turbine
60,12,0.0,natural_gas_fired_combustion_turbine
46,12,0.0,natural_gas_fired_combustion_turbine
37,12,0.0,natural_gas_fired_combustion_turbine
7,12,0.0,natural_gas_fired_combustion_turbine
133,12,0.0,natural_gas_fired_combustion_turbine
74,12,0.0,natural_gas_fired_combustion_turbine
20,12,0.0,natural_gas_fired_combustion_turbine
135,12,0.0,natural_gas_fired_combustion_turbine
142,12,0.0,natural_gas_fired_combustion_turbine
121,12,0.0,natural_gas_fired_combustion_turbine
91,12,0.0,natural_gas_fired_combustion_turbine
22,12,0.0,natural_gas_steam_turbine
123,12,0.0,natural_gas_steam_turbine
62,12,0.0,natural_gas_steam_turbine
49,12,0.0,natural_gas_steam_turbine
48,12,0.0,natural_gas_steam_turbine
21,12,0.0,natural_gas_steam_turbine
79,12,7405.999,nuclear
10,12,51.79449000000001,onshore_wind_turbine
23,12,557.4228,onshore_wind_turbine
31,12,3402.9474299999997,onshore_wind_turbine
38,12,201.08970000000002,onshore_wind_turbine
50,12,998.7695999999997,onshore_wind_turbine
63,12,72.7568399448,onshore_wind_turbine
80,12,8.363879999999998,onshore_wind_turbine
94,12,14173.1904,onshore_wind_turbine
105,12,27.151919865,onshore_wind_turbine
124,12,9261.8651094948,onshore_wind_turbine
136,12,1906.5346200000001,onshore_wind_turbine
144,12,3462.0088499999993,onshore_wind_turbine
11,12,19.125,small_hydroelectric
24,12,62.577,small_hydroelectric
32,12,192.0,small_hydroelectric
39,12,52.9,small_hydroelectric
51,12,25.641,small_hydroelectric
64,12,6.128,small_hydroelectric
81,12,241.672,small_hydroelectric
95,12,418.922,small_hydroelectric
106,12,31.614,small_hydroelectric
125,12,100.697,small_hydroelectric
137,12,36.822,small_hydroelectric
145,12,33.21,small_hydroelectric
12,12,3991.0066199999997,solar_photovoltaic
25,12,1097.5995599999999,solar_photovoltaic
33,12,300.59279999999995,solar_photovoltaic
52,12,1312.2546,solar_photovoltaic
65,12,6868.528652698799,solar_photovoltaic
82,12,5239.1905799999995,solar_photovoltaic
96,12,379.14237,solar_photovoltaic
107,12,6489.901737753,solar_photovoltaic
126,12,12556.1172636555,solar_photovoltaic
138,12,1208.38575,solar_photovoltaic
26,13,11.235,biomass
13,13,15.682,biomass
108,13,137.081,biomass
40,13,5.952,biomass
97,13,178.173,biomass
1,13,16.294,biomass
66,13,228.795,biomass
2,13,638.4155988,conventional_hydroelectric
14,13,12.700908,conventional_hydroelectric
27,13,333.5821488,conventional_hydroelectric
35,13,1068.979648,conventional_hydroelectric
54,13,621.3539178000001,conventional_hydroelectric
67,13,1520.7698932115038,conventional_hydroelectric
84,13,11130.195871799999,conventional_hydroelectric
109,13,124.7116430742,conventional_hydroelectric
128,13,40.81902,conventional_hydroelectric
139,13,22.660780799999998,conventional_hydroelectric
110,13,50.0,conventional_steam_coal
41,13,7219.002,conventional_steam_coal
3,13,0.0,conventional_steam_coal
36,13,0.0,conventional_steam_coal
85,13,0.0,conventional_steam_coal
28,13,74.364,geothermal
116,13,0.0,natural_gas_fired_combined_cycle
73,13,0.0,natural_gas_fired_combined_cycle
71,13,0.0,natural_gas_fired_combined_cycle
44,13,0.0,natural_gas_fired_combined_cycle
115,13,0.0,natural_gas_fired_combined_cycle
70,13,0.0,natural_gas_fired_combined_cycle
131,13,0.0,natural_gas_fired_combined_cycle
18,13,0.0,natural_gas_fired_combined_cycle
72,13,0.0,natural_gas_fired_combined_cycle
114,13,0.0,natural_gas_fired_combined_cycle
45,13,0.0,natural_gas_fired_combined_cycle
78,13,0.0,natural_gas_fired_combustion_turbine
75,13,0.0,natural_gas_fired_combustion_turbine
119,13,0.0,natural_gas_fired_combustion_turbine
117,13,0.0,natural_gas_fired_combustion_turbine
134,13,0.0,natural_gas_fired_combustion_turbine
103,13,0.0,natural_gas_fired_combustion_turbine
47,13,0.0,natural_gas_fired_combustion_turbine
8,13,0.0,natural_gas_fired_combustion_turbine
90,13,0.0,natural_gas_fired_combustion_turbine
60,13,0.0,natural_gas_fired_combustion_turbine
46,13,0.0,natural_gas_fired_combustion_turbine
37,13,0.0,natural_gas_fired_combustion_turbine
7,13,0.0,natural_gas_fired_combustion_turbine
133,13,0.0,natural_gas_fired_combustion_turbine
74,13,0.0,natural_gas_fired_combustion_turbine
20,13,0.0,natural_gas_fired_combustion_turbine
135,13,0.0,natural_gas_fired_combustion_turbine
142,13,0.0,natural_gas_fired_combustion_turbine
121,13,0.0,natural_gas_fired_combustion_turbine
91,13,0.0,natural_gas_fired_combustion_turbine
22,13,0.0,natural_gas_steam_turbine
123,13,0.0,natural_gas_steam_turbine
62,13,0.0,natural_gas_steam_turbine
49,13,0.0,natural_gas_steam_turbine
48,13,0.0,natural_gas_steam_turbine
21,13,0.0,natural_gas_steam_turbine
79,13,7405.999,nuclear
10,13,76.18653,onshore_wind_turbine
23,13,760.2672,onshore_wind_turbine
31,13,4195.289159999999,onshore_wind_turbine
38,13,386.84205000000003,onshore_wind_turbine
50,13,1521.9622799999997,onshore_wind_turbine
63,13,84.05976005280002,onshore_wind_turbine
80,13,154.13436,onshore_wind_turbine
94,13,11145.3102,onshore_wind_turbine
105,13,101.68439948099999,onshore_wind_turbine
124,13,9507.143727305402,onshore_wind_turbine
136,13,2646.63702,onshore_wind_turbine
144,13,3693.7363499999997,onshore_wind_turbine
11,13,19.125,small_hydroelectric
24,13,62.577,small_hydroelectric
32,13,192.0,small_hydroelectric
39,13,52.9,small_hydroelectric
51,13,25.641,small_hydroelectric
64,13,6.128,small_hydroelectric
81,13,241.672,small_hydroelectric
95,13,418.922,small_hydroelectric
106,13,31.614,small_hydroelectric
125,13,100.697,small_hydroelectric
137,13,36.822,small_hydroelectric
145,13,33.21,small_hydroelectric
12,13,3857.22648,solar_photovoltaic
25,13,1046.19462,solar_photovoltaic
33,13,279.165,solar_photovoltaic
52,13,1374.75702,solar_photovoltaic
65,13,6854.632204446299,solar_photovoltaic
82,13,5111.26269,solar_photovoltaic
96,13,377.06436,solar_photovoltaic
107,13,6460.361637879,solar_photovoltaic
126,13,12713.645422325999,solar_photovoltaic
138,13,1121.69508,solar_photovoltaic
26,14,11.235,biomass
13,14,15.682,biomass
108,14,137.081,biomass
40,14,5.952,biomass
97,14,178.173,biomass
1,14,16.294,biomass
66,14,228.795,biomass
2,14,638.4155988,conventional_hydroelectric
14,14,12.700908,conventional_hydroelectric
27,14,333.5821488,conventional_hydroelectric
35,14,1068.979648,conventional_hydroelectric
54,14,621.3539178000001,conventional_hydroelectric
67,14,1520.7698932115038,conventional_hydroelectric
84,14,11130.195871799999,conventional_hydroelectric
109,14,124.7116430742,conventional_hydroelectric
128,14,40.81902,conventional_hydroelectric
139,14,22.660780799999998,conventional_hydroelectric
110,14,50.0,conventional_steam_coal
41,14,7219.002,conventional_steam_coal
3,14,0.0,conventional_steam_coal
36,14,0.0,conventional_steam_coal
85,14,0.0,conventional_steam_coal
28,14,74.364,geothermal
116,14,0.0,natural_gas_fired_combined_cycle
73,14,0.0,natural_gas_fired_combined_cycle
71,14,0.0,natural_gas_fired_combined_cycle
44,14,0.0,natural_gas_fired_combined_cycle
115,14,0.0,natural_gas_fired_combined_cycle
70,14,0.0,natural_gas_fired_combined_cycle
131,14,0.0,natural_gas_fired_combined_cycle
18,14,0.0,natural_gas_fired_combined_cycle
72,14,0.0,natural_gas_fired_combined_cycle
114,14,0.0,natural_gas_fired_combined_cycle
45,14,0.0,natural_gas_fired_combined_cycle
78,14,0.0,natural_gas_fired_combustion_turbine
75,14,0.0,natural_gas_fired_combustion_turbine
119,14,0.0,natural_gas_fired_combustion_turbine
117,14,0.0,natural_gas_fired_combustion_turbine
134,14,0.0,natural_gas_fired_combustion_turbine
103,14,0.0,natural_gas_fired_combustion_turbine
47,14,0.0,natural_gas_fired_combustion_turbine
8,14,0.0,natural_gas_fired_combustion_turbine
90,14,0.0,natural_gas_fired_combustion_turbine
60,14,0.0,natural_gas_fired_combustion_turbine
46,14,0.0,natural_gas_fired_combustion_turbine
37,14,0.0,natural_gas_fired_combustion_turbine
7,14,0.0,natural_gas_fired_combustion_turbine
133,14,0.0,natural_gas_fired_combustion_turbine
74,14,0.0,natural_gas_fired_combustion_turbine
20,14,0.0,natural_gas_fired_combustion_turbine
135,14,0.0,natural_gas_fired_combustion_turbine
142,14,0.0,natural_gas_fired_combustion_turbine
121,14,0.0,natural_gas_fired_combustion_turbine
91,14,0.0,natural_gas_fired_combustion_turbine
22,14,0.0,natural_gas_steam_turbine
123,14,0.0,natural_gas_steam_turbine
62,14,0.0,natural_gas_steam_turbine
49,14,0.0,natural_gas_steam_turbine
48,14,0.0,natural_gas_steam_turbine
21,14,0.0,natural_gas_steam_turbine
79,14,7405.999,nuclear
10,14,140.71737000000002,onshore_wind_turbine
23,14,1133.2134,onshore_wind_turbine
31,14,4252.284839999999,onshore_wind_turbine
38,14,902.4691499999999,onshore_wind_turbine
50,14,816.43608,onshore_wind_turbine
63,14,121.49808010080001,onshore_wind_turbine
80,14,399.07656,onshore_wind_turbine
94,14,9364.2042,onshore_wind_turbine
105,14,151.756259382,onshore_wind_turbine
124,14,9011.6671222776,onshore_wind_turbine
136,14,2187.54225,onshore_wind_turbine
144,14,3321.1185299999997,onshore_wind_turbine
11,14,19.125,small_hydroelectric
24,14,62.577,small_hydroelectric
32,14,192.0,small_hydroelectric
39,14,52.9,small_hydroelectric
51,14,25.641,small_hydroelectric
64,14,6.128,small_hydroelectric
81,14,241.672,small_hydroelectric
95,14,418.922,small_hydroelectric
106,14,31.614,small_hydroelectric
125,14,100.697,small_hydroelectric
137,14,36.822,small_hydroelectric
145,14,33.21,small_hydroelectric
12,14,3685.3099199999997,solar_photovoltaic
25,14,915.6805199999999,solar_photovoltaic
33,14,259.92525,solar_photovoltaic
52,14,1094.8291199999999,solar_photovoltaic
65,14,6641.678035293899,solar_photovoltaic
82,14,4961.59542,solar_photovoltaic
96,14,367.80777,solar_photovoltaic
107,14,6317.8515931815,solar_photovoltaic
126,14,12470.185050297,solar_photovoltaic
138,14,741.86079,solar_photovoltaic
26,15,11.235,biomass
13,15,15.682,biomass
108,15,137.081,biomass
40,15,5.952,biomass
97,15,178.173,biomass
1,15,16.294,biomass
66,15,228.795,biomass
2,15,638.4155988,conventional_hydroelectric
14,15,12.700908,conventional_hydroelectric
27,15,333.5821488,conventional_hydroelectric
35,15,1068.979648,conventional_hydroelectric
54,15,621.3539178000001,conventional_hydroelectric
67,15,1520.7698932115038,conventional_hydroelectric
84,15,11130.195871799999,conventional_hydroelectric
109,15,124.7116430742,conventional_hydroelectric
128,15,40.81902,conventional_hydroelectric
139,15,22.660780799999998,conventional_hydroelectric
110,15,50.0,conventional_steam_coal
41,15,7219.002,conventional_steam_coal
3,15,0.0,conventional_steam_coal
36,15,0.0,conventional_steam_coal
85,15,0.0,conventional_steam_coal
28,15,74.364,geothermal
116,15,0.0,natural_gas_fired_combined_cycle
73,15,0.0,natural_gas_fired_combined_cycle
71,15,0.0,natural_gas_fired_combined_cycle
44,15,0.0,natural_gas_fired_combined_cycle
115,15,0.0,natural_gas_fired_combined_cycle
70,15,0.0,natural_gas_fired_combined_cycle
131,15,0.0,natural_gas_fired_combined_cycle
18,15,0.0,natural_gas_fired_combined_cycle
72,15,0.0,natural_gas_fired_combined_cycle
114,15,0.0,natural_gas_fired_combined_cycle
45,15,0.0,natural_gas_fired_combined_cycle
78,15,0.0,natural_gas_fired_combustion_turbine
75,15,0.0,natural_gas_fired_combustion_turbine
119,15,0.0,natural_gas_fired_combustion_turbine
117,15,0.0,natural_gas_fired_combustion_turbine
134,15,0.0,natural_gas_fired_combustion_turbine
103,15,0.0,natural_gas_fired_combustion_turbine
47,15,0.0,natural_gas_fired_combustion_turbine
8,15,0.0,natural_gas_fired_combustion_turbine
90,15,0.0,natural_gas_fired_combustion_turbine
60,15,0.0,natural_gas_fired_combustion_turbine
46,15,0.0,natural_gas_fired_combustion_turbine
37,15,0.0,natural_gas_fired_combustion_turbine
7,15,0.0,natural_gas_fired_combustion_turbine
133,15,0.0,natural_gas_fired_combustion_turbine
74,15,0.0,natural_gas_fired_combustion_turbine
20,15,0.0,natural_gas_fired_combustion_turbine
135,15,0.0,natural_gas_fired_combustion_turbine
142,15,0.0,natural_gas_fired_combustion_turbine
121,15,0.0,natural_gas_fired_combustion_turbine
91,15,0.0,natural_gas_fired_combustion_turbine
22,15,0.0,natural_gas_steam_turbine
123,15,0.0,natural_gas_steam_turbine
62,15,0.0,natural_gas_steam_turbine
49,15,0.0,natural_gas_steam_turbine
48,15,0.0,natural_gas_steam_turbine
21,15,0.0,natural_gas_steam_turbine
79,15,7405.999,nuclear
10,15,89.54040000000002,onshore_wind_turbine
23,15,1347.2382,onshore_wind_turbine
31,15,4370.85621,onshore_wind_turbine
38,15,602.7822,onshore_wind_turbine
50,15,920.9584799999998,onshore_wind_turbine
63,15,80.05883987520001,onshore_wind_turbine
80,15,400.27139999999997,onshore_wind_turbine
94,15,6569.6016,onshore_wind_turbine
105,15,212.49623978099999,onshore_wind_turbine
124,15,9439.943074702802,onshore_wind_turbine
136,15,2818.5566400000002,onshore_wind_turbine
144,15,3036.5571599999994,onshore_wind_turbine
11,15,19.125,small_hydroelectric
24,15,62.577,small_hydroelectric
32,15,192.0,small_hydroelectric
39,15,52.9,small_hydroelectric
51,15,25.641,small_hydroelectric
64,15,6.128,small_hydroelectric
81,15,241.672,small_hydroelectric
95,15,418.922,small_hydroelectric
106,15,31.614,small_hydroelectric
125,15,100.697,small_hydroelectric
137,15,36.822,small_hydroelectric
145,15,33.21,small_hydroelectric
12,15,3148.9786799999997,solar_photovoltaic
25,15,684.43836,solar_photovoltaic
33,15,260.1516,solar_photovoltaic
52,15,711.5204399999999,solar_photovoltaic
65,15,5332.4908183752,solar_photovoltaic
82,15,4352.892779999999,solar_photovoltaic
96,15,300.87066000000004,solar_photovoltaic
107,15,5344.2756630045,solar_photovoltaic
126,15,10709.304150264,solar_photovoltaic
138,15,590.0053499999999,solar_photovoltaic
26,16,11.235,biomass
13,16,15.682,biomass
108,16,137.081,biomass
40,16,5.952,biomass
97,16,178.173,biomass
1,16,16.294,biomass
66,16,228.795,biomass
2,16,638.4155988,conventional_hydroelectric
14,16,12.700908,conventional_hydroelectric
27,16,333.5821488,conventional_hydroelectric
35,16,1068.979648,conventional_hydroelectric
54,16,621.3539178000001,conventional_hydroelectric
67,16,1520.7698932115038,conventional_hydroelectric
84,16,11130.195871799999,conventional_hydroelectric
109,16,124.7116430742,conventional_hydroelectric
128,16,40.81902,conventional_hydroelectric
139,16,22.660780799999998,conventional_hydroelectric
110,16,50.0,conventional_steam_coal
41,16,7219.002,conventional_steam_coal
3,16,8009.062589999999,conventional_steam_coal
36,16,1018.5414300000002,conventional_steam_coal
85,16,576.2,conventional_steam_coal
28,16,74.364,geothermal
116,16,20.339999999999996,natural_gas_fired_combined_cycle
73,16,0.0,natural_gas_fired_combined_cycle
71,16,0.0,natural_gas_fired_combined_cycle
44,16,0.0,natural_gas_fired_combined_cycle
115,16,0.0,natural_gas_fired_combined_cycle
70,16,0.0,natural_gas_fired_combined_cycle
131,16,0.0,natural_gas_fired_combined_cycle
18,16,0.0,natural_gas_fired_combined_cycle
72,16,0.0,natural_gas_fired_combined_cycle
114,16,0.0,natural_gas_fired_combined_cycle
45,16,0.0,natural_gas_fired_combined_cycle
78,16,0.0,natural_gas_fired_combustion_turbine
75,16,0.0,natural_gas_fired_combustion_turbine
119,16,0.0,natural_gas_fired_combustion_turbine
117,16,0.0,natural_gas_fired_combustion_turbine
134,16,0.0,natural_gas_fired_combustion_turbine
103,16,0.0,natural_gas_fired_combustion_turbine
47,16,0.0,natural_gas_fired_combustion_turbine
8,16,0.0,natural_gas_fired_combustion_turbine
90,16,0.0,natural_gas_fired_combustion_turbine
60,16,0.0,natural_gas_fired_combustion_turbine
46,16,0.0,natural_gas_fired_combustion_turbine
37,16,0.0,natural_gas_fired_combustion_turbine
7,16,0.0,natural_gas_fired_combustion_turbine
133,16,0.0,natural_gas_fired_combustion_turbine
74,16,0.0,natural_gas_fired_combustion_turbine
20,16,0.0,natural_gas_fired_combustion_turbine
135,16,0.0,natural_gas_fired_combustion_turbine
142,16,0.0,natural_gas_fired_combustion_turbine
121,16,0.0,natural_gas_fired_combustion_turbine
91,16,0.0,natural_gas_fired_combustion_turbine
22,16,0.0,natural_gas_steam_turbine
123,16,0.0,natural_gas_steam_turbine
62,16,0.0,natural_gas_steam_turbine
49,16,0.0,natural_gas_steam_turbine
48,16,0.0,natural_gas_steam_turbine
21,16,0.0,natural_gas_steam_turbine
79,16,7405.999,nuclear
10,16,94.32618000000001,onshore_wind_turbine
23,16,1139.6022,onshore_wind_turbine
31,16,3641.10795,onshore_wind_turbine
38,16,940.6908000000001,onshore_wind_turbine
50,16,642.23208,onshore_wind_turbine
63,16,73.1476800336,onshore_wind_turbine
80,16,174.04836,onshore_wind_turbine
94,16,7958.2338,onshore_wind_turbine
105,16,193.156739622,onshore_wind_turbine
124,16,9454.699498893,onshore_wind_turbine
136,16,2451.97467,onshore_wind_turbine
144,16,3068.9990099999995,onshore_wind_turbine
11,16,19.125,small_hydroelectric
24,16,62.577,small_hydroelectric
32,16,192.0,small_hydroelectric
39,16,52.9,small_hydroelectric
51,16,25.641,small_hydroelectric
64,16,6.128,small_hydroelectric
81,16,241.672,small_hydroelectric
95,16,418.922,small_hydroelectric
106,16,31.614,small_hydroelectric
125,16,100.697,small_hydroelectric
137,16,36.822,small_hydroelectric
145,16,33.21,small_hydroelectric
12,16,2231.2832399999998,solar_photovoltaic
25,16,322.20167999999995,solar_photovoltaic
33,16,192.0957,solar_photovoltaic
52,16,266.00556,solar_photovoltaic
65,16,3838.3899033423,solar_photovoltaic
82,16,3525.1240799999996,solar_photovoltaic
96,16,216.49086000000003,solar_photovoltaic
107,16,3956.2171155300002,solar_photovoltaic
126,16,7959.654172391999,solar_photovoltaic
138,16,182.57876999999996,solar_photovoltaic
26,17,11.235,biomass
13,17,15.682,biomass
108,17,137.081,biomass
40,17,5.952,biomass
97,17,178.173,biomass
1,17,16.294,biomass
66,17,228.795,biomass
2,17,638.4155988,conventional_hydroelectric
14,17,12.700908,conventional_hydroelectric
27,17,333.5821488,conventional_hydroelectric
35,17,1068.979648,conventional_hydroelectric
54,17,621.3539178000001,conventional_hydroelectric
67,17,1520.7698932115038,conventional_hydroelectric
84,17,11130.195871799999,conventional_hydroelectric
109,17,124.7116430742,conventional_hydroelectric
128,17,40.81902,conventional_hydroelectric
139,17,22.660780799999998,conventional_hydroelectric
110,17,50.0,conventional_steam_coal
41,17,7219.002,conventional_steam_coal
3,17,14050.987,conventional_steam_coal
36,17,2368.701,conventional_steam_coal
85,17,1340.0,conventional_steam_coal
28,17,74.364,geothermal
116,17,56.5,natural_gas_fired_combined_cycle
73,17,412.60800000000006,natural_gas_fired_combined_cycle
71,17,0.0,natural_gas_fired_combined_cycle
44,17,0.0,natural_gas_fired_combined_cycle
115,17,0.0,natural_gas_fired_combined_cycle
70,17,0.0,natural_gas_fired_combined_cycle
131,17,0.0,natural_gas_fired_combined_cycle
18,17,0.0,natural_gas_fired_combined_cycle
72,17,0.0,natural_gas_fired_combined_cycle
114,17,0.0,natural_gas_fired_combined_cycle
45,17,0.0,natural_gas_fired_combined_cycle
78,17,257.0,natural_gas_fired_combustion_turbine
75,17,0.0,natural_gas_fired_combustion_turbine
119,17,0.0,natural_gas_fired_combustion_turbine
117,17,0.0,natural_gas_fired_combustion_turbine
134,17,0.0,natural_gas_fired_combustion_turbine
103,17,0.0,natural_gas_fired_combustion_turbine
47,17,0.0,natural_gas_fired_combustion_turbine
8,17,0.0,natural_gas_fired_combustion_turbine
90,17,0.0,natural_gas_fired_combustion_turbine
60,17,0.0,natural_gas_fired_combustion_turbine
46,17,0.0,natural_gas_fired_combustion_turbine
37,17,0.0,natural_gas_fired_combustion_turbine
7,17,0.0,natural_gas_fired_combustion_turbine
133,17,0.0,natural_gas_fired_combustion_turbine
74,17,0.0,natural_gas_fired_combustion_turbine
20,17,0.0,natural_gas_fired_combustion_turbine
135,17,0.0,natural_gas_fired_combustion_turbine
142,17,0.0,natural_gas_fired_combustion_turbine
121,17,0.0,natural_gas_fired_combustion_turbine
91,17,0.0,natural_gas_fired_combustion_turbine
22,17,0.0,natural_gas_steam_turbine
123,17,0.0,natural_gas_steam_turbine
62,17,0.0,natural_gas_steam_turbine
49,17,0.0,natural_gas_steam_turbine
48,17,0.0,natural_gas_steam_turbine
21,17,0.0,natural_gas_steam_turbine
79,17,7405.999,nuclear
10,17,86.83875000000002,onshore_wind_turbine
23,17,970.299,onshore_wind_turbine
31,17,2306.7983699999995,onshore_wind_turbine
38,17,1296.8581499999998,onshore_wind_turbine
50,17,489.51323999999994,onshore_wind_turbine
63,17,73.7754001416,onshore_wind_turbine
80,17,189.183,onshore_wind_turbine
94,17,4994.977800000001,onshore_wind_turbine
105,17,140.290139808,onshore_wind_turbine
124,17,9385.853664191402,onshore_wind_turbine
136,17,2248.0610400000005,onshore_wind_turbine
144,17,2743.6535999999996,onshore_wind_turbine
11,17,19.125,small_hydroelectric
24,17,62.577,small_hydroelectric
32,17,192.0,small_hydroelectric
39,17,52.9,small_hydroelectric
51,17,25.641,small_hydroelectric
64,17,6.128,small_hydroelectric
81,17,241.672,small_hydroelectric
95,17,418.922,small_hydroelectric
106,17,31.614,small_hydroelectric
125,17,100.697,small_hydroelectric
137,17,36.822,small_hydroelectric
145,17,33.21,small_hydroelectric
12,17,734.27742,solar_photovoltaic
25,17,0.0,solar_photovoltaic
33,17,0.45269999999999994,solar_photovoltaic
52,17,0.0,solar_photovoltaic
65,17,987.4994108123999,solar_photovoltaic
82,17,1976.6113199999998,solar_photovoltaic
96,17,79.40517,solar_photovoltaic
107,17,1772.0612097209998,solar_photovoltaic
126,17,3815.215821072,solar_photovoltaic
138,17,0.0,solar_photovoltaic
26,18,11.235,biomass
13,18,15.682,biomass
108,18,137.081,biomass
40,18,5.952,biomass
97,18,178.173,biomass
1,18,16.294,biomass
66,18,228.795,biomass
2,18,638.4155988,conventional_hydroelectric
14,18,12.700908,conventional_hydroelectric
27,18,333.5821488,conventional_hydroelectric
35,18,1068.979648,conventional_hydroelectric
54,18,621.3539178000001,conventional_hydroelectric
67,18,1520.7698932115038,conventional_hydroelectric
84,18,11130.195871799999,conventional_hydroelectric
109,18,124.7116430742,conventional_hydroelectric
128,18,40.81902,conventional_hydroelectric
139,18,22.660780799999998,conventional_hydroelectric
110,18,50.0,conventional_steam_coal
41,18,7219.002,conventional_steam_coal
3,18,14050.987,conventional_steam_coal
36,18,2368.701,conventional_steam_coal
85,18,1340.0,conventional_steam_coal
28,18,74.364,geothermal
116,18,56.5,natural_gas_fired_combined_cycle
73,18,644.7,natural_gas_fired_combined_cycle
71,18,19501.09064799831,natural_gas_fired_combined_cycle
44,18,0.0,natural_gas_fired_combined_cycle
115,18,0.0,natural_gas_fired_combined_cycle
70,18,0.0,natural_gas_fired_combined_cycle
131,18,0.0,natural_gas_fired_combined_cycle
18,18,0.0,natural_gas_fired_combined_cycle
72,18,0.0,natural_gas_fired_combined_cycle
114,18,0.0,natural_gas_fired_combined_cycle
45,18,0.0,natural_gas_fired_combined_cycle
78,18,257.0,natural_gas_fired_combustion_turbine
75,18,0.0,natural_gas_fired_combustion_turbine
119,18,0.0,natural_gas_fired_combustion_turbine
117,18,0.0,natural_gas_fired_combustion_turbine
134,18,0.0,natural_gas_fired_combustion_turbine
103,18,0.0,natural_gas_fired_combustion_turbine
47,18,0.0,natural_gas_fired_combustion_turbine
8,18,0.0,natural_gas_fired_combustion_turbine
90,18,0.0,natural_gas_fired_combustion_turbine
60,18,0.0,natural_gas_fired_combustion_turbine
46,18,0.0,natural_gas_fired_combustion_turbine
37,18,0.0,natural_gas_fired_combustion_turbine
7,18,0.0,natural_gas_fired_combustion_turbine
133,18,0.0,natural_gas_fired_combustion_turbine
74,18,0.0,natural_gas_fired_combustion_turbine
20,18,0.0,natural_gas_fired_combustion_turbine
135,18,0.0,natural_gas_fired_combustion_turbine
142,18,0.0,natural_gas_fired_combustion_turbine
121,18,0.0,natural_gas_fired_combustion_turbine
91,18,0.0,natural_gas_fired_combustion_turbine
22,18,0.0,natural_gas_steam_turbine
123,18,0.0,natural_gas_steam_turbine
62,18,0.0,natural_gas_steam_turbine
49,18,0.0,natural_gas_steam_turbine
48,18,0.0,natural_gas_steam_turbine
21,18,0.0,natural_gas_steam_turbine
79,18,7405.999,nuclear
10,18,8.568090000000002,onshore_wind_turbine
23,18,734.712,onshore_wind_turbine
31,18,3131.7090599999997,onshore_wind_turbine
38,18,1263.9924,onshore_wind_turbine
50,18,594.61632,onshore_wind_turbine
63,18,24.9862800456,onshore_wind_turbine
80,18,85.63019999999999,onshore_wind_turbine
94,18,6229.1424,onshore_wind_turbine
105,18,7.833599739,onshore_wind_turbine
124,18,9432.6531019314,onshore_wind_turbine
136,18,2357.1490500000004,onshore_wind_turbine
144,18,2557.3446899999994,onshore_wind_turbine
11,18,19.125,small_hydroelectric
24,18,62.577,small_hydroelectric
32,18,192.0,small_hydroelectric
39,18,52.9,small_hydroelectric
51,18,25.641,small_hydroelectric
64,18,6.128,small_hydroelectric
81,18,241.672,small_hydroelectric
95,18,418.922,small_hydroelectric
106,18,31.614,small_hydroelectric
125,18,100.697,small_hydroelectric
137,18,36.822,small_hydroelectric
145,18,33.21,small_hydroelectric
12,18,0.0,solar_photovoltaic
25,18,0.0,solar_photovoltaic
33,18,0.0,solar_photovoltaic
52,18,0.0,solar_photovoltaic
65,18,0.0,solar_photovoltaic
82,18,0.0,solar_photovoltaic
96,18,0.0,solar_photovoltaic
107,18,0.0,solar_photovoltaic
126,18,0.0,solar_photovoltaic
138,18,0.0,solar_photovoltaic
26,19,11.235,biomass
13,19,15.682,biomass
108,19,137.081,biomass
40,19,5.952,biomass
97,19,178.173,biomass
1,19,16.294,biomass
66,19,228.795,biomass
2,19,638.4155988,conventional_hydroelectric
14,19,12.700908,conventional_hydroelectric
27,19,333.5821488,conventional_hydroelectric
35,19,1068.979648,conventional_hydroelectric
54,19,621.3539178000001,conventional_hydroelectric
67,19,1520.7698932115038,conventional_hydroelectric
84,19,11130.195871799999,conventional_hydroelectric
109,19,124.7116430742,conventional_hydroelectric
128,19,40.81902,conventional_hydroelectric
139,19,22.660780799999998,conventional_hydroelectric
110,19,50.0,conventional_steam_coal
41,19,7219.002,conventional_steam_coal
3,19,14050.987,conventional_steam_coal
36,19,2368.701,conventional_steam_coal
85,19,1340.0,conventional_steam_coal
28,19,74.364,geothermal
116,19,56.5,natural_gas_fired_combined_cycle
73,19,644.7,natural_gas_fired_combined_cycle
71,19,9176.891790174175,natural_gas_fired_combined_cycle
44,19,0.0,natural_gas_fired_combined_cycle
115,19,0.0,natural_gas_fired_combined_cycle
70,19,0.0,natural_gas_fired_combined_cycle
131,19,0.0,natural_gas_fired_combined_cycle
18,19,0.0,natural_gas_fired_combined_cycle
72,19,0.0,natural_gas_fired_combined_cycle
114,19,0.0,natural_gas_fired_combined_cycle
45,19,0.0,natural_gas_fired_combined_cycle
78,19,257.0,natural_gas_fired_combustion_turbine
75,19,0.0,natural_gas_fired_combustion_turbine
119,19,0.0,natural_gas_fired_combustion_turbine
117,19,0.0,natural_gas_fired_combustion_turbine
134,19,0.0,natural_gas_fired_combustion_turbine
103,19,0.0,natural_gas_fired_combustion_turbine
47,19,0.0,natural_gas_fired_combustion_turbine
8,19,0.0,natural_gas_fired_combustion_turbine
90,19,0.0,natural_gas_fired_combustion_turbine
60,19,0.0,natural_gas_fired_combustion_turbine
46,19,0.0,natural_gas_fired_combustion_turbine
37,19,0.0,natural_gas_fired_combustion_turbine
7,19,0.0,natural_gas_fired_combustion_turbine
133,19,0.0,natural_gas_fired_combustion_turbine
74,19,0.0,natural_gas_fired_combustion_turbine
20,19,0.0,natural_gas_fired_combustion_turbine
135,19,0.0,natural_gas_fired_combustion_turbine
142,19,0.0,natural_gas_fired_combustion_turbine
121,19,0.0,natural_gas_fired_combustion_turbine
91,19,0.0,natural_gas_fired_combustion_turbine
22,19,0.0,natural_gas_steam_turbine
123,19,0.0,natural_gas_steam_turbine
62,19,0.0,natural_gas_steam_turbine
49,19,0.0,natural_gas_steam_turbine
48,19,0.0,natural_gas_steam_turbine
21,19,0.0,natural_gas_steam_turbine
79,19,7405.999,nuclear
10,19,19.374690000000005,onshore_wind_turbine
23,19,1566.8532,onshore_wind_turbine
31,19,3171.91137,onshore_wind_turbine
38,19,1048.2957,onshore_wind_turbine
50,19,383.82948,onshore_wind_turbine
63,19,3.7949999064,onshore_wind_turbine
80,19,61.335119999999996,onshore_wind_turbine
94,19,5480.4474,onshore_wind_turbine
105,19,2.415359835,onshore_wind_turbine
124,19,9495.430114962,onshore_wind_turbine
136,19,2370.2550300000003,onshore_wind_turbine
144,19,2393.2816199999993,onshore_wind_turbine
11,19,19.125,small_hydroelectric
24,19,62.577,small_hydroelectric
32,19,192.0,small_hydroelectric
39,19,52.9,small_hydroelectric
51,19,25.641,small_hydroelectric
64,19,6.128,small_hydroelectric
81,19,241.672,small_hydroelectric
95,19,418.922,small_hydroelectric
106,19,31.614,small_hydroelectric
125,19,100.697,small_hydroelectric
137,19,36.822,small_hydroelectric
145,19,33.21,small_hydroelectric
12,19,0.0,solar_photovoltaic
25,19,0.0,solar_photovoltaic
33,19,0.0,solar_photovoltaic
52,19,0.0,solar_photovoltaic
65,19,0.0,solar_photovoltaic
82,19,0.0,solar_photovoltaic
96,19,0.0,solar_photovoltaic
107,19,0.0,solar_photovoltaic
126,19,0.0,solar_photovoltaic
138,19,0.0,solar_photovoltaic
26,20,11.235,biomass
13,20,15.682,biomass
108,20,137.081,biomass
40,20,5.952,biomass
97,20,178.173,biomass
1,20,16.294,biomass
66,20,228.795,biomass
2,20,638.4155988,conventional_hydroelectric
14,20,12.700908,conventional_hydroelectric
27,20,333.5821488,conventional_hydroelectric
35,20,1068.979648,conventional_hydroelectric
54,20,621.3539178000001,conventional_hydroelectric
67,20,1520.7698932115038,conventional_hydroelectric
84,20,11130.195871799999,conventional_hydroelectric
109,20,124.7116430742,conventional_hydroelectric
128,20,40.81902,conventional_hydroelectric
139,20,22.660780799999998,conventional_hydroelectric
110,20,50.0,conventional_steam_coal
41,20,7219.002,conventional_steam_coal
3,20,14050.987,conventional_steam_coal
36,20,2368.701,conventional_steam_coal
85,20,1340.0,conventional_steam_coal
28,20,74.364,geothermal
116,20,56.5,natural_gas_fired_combined_cycle
73,20,644.7,natural_gas_fired_combined_cycle
71,20,0.0,natural_gas_fired_combined_cycle
44,20,0.0,natural_gas_fired_combined_cycle
115,20,0.0,natural_gas_fired_combined_cycle
70,20,0.0,natural_gas_fired_combined_cycle
131,20,0.0,natural_gas_fired_combined_cycle
18,20,0.0,natural_gas_fired_combined_cycle
72,20,0.0,natural_gas_fired_combined_cycle
114,20,0.0,natural_gas_fired_combined_cycle
45,20,0.0,natural_gas_fired_combined_cycle
78,20,257.0,natural_gas_fired_combustion_turbine
75,20,0.0,natural_gas_fired_combustion_turbine
119,20,0.0,natural_gas_fired_combustion_turbine
117,20,0.0,natural_gas_fired_combustion_turbine
134,20,0.0,natural_gas_fired_combustion_turbine
103,20,0.0,natural_gas_fired_combustion_turbine
47,20,0.0,natural_gas_fired_combustion_turbine
8,20,0.0,natural_gas_fired_combustion_turbine
90,20,0.0,natural_gas_fired_combustion_turbine
60,20,0.0,natural_gas_fired_combustion_turbine
46,20,0.0,natural_gas_fired_combustion_turbine
37,20,0.0,natural_gas_fired_combustion_turbine
7,20,0.0,natural_gas_fired_combustion_turbine
133,20,0.0,natural_gas_fired_combustion_turbine
74,20,0.0,natural_gas_fired_combustion_turbine
20,20,0.0,natural_gas_fired_combustion_turbine
135,20,0.0,natural_gas_fired_combustion_turbine
142,20,0.0,natural_gas_fired_combustion_turbine
121,20,0.0,natural_gas_fired_combustion_turbine
91,20,0.0,natural_gas_fired_combustion_turbine
22,20,0.0,natural_gas_steam_turbine
123,20,0.0,natural_gas_steam_turbine
62,20,0.0,natural_gas_steam_turbine
49,20,0.0,natural_gas_steam_turbine
48,20,0.0,natural_gas_steam_turbine
21,20,0.0,natural_gas_steam_turbine
79,20,7405.999,nuclear
10,20,36.04773,onshore_wind_turbine
23,20,1673.067,onshore_wind_turbine
31,20,3008.0487899999994,onshore_wind_turbine
38,20,1403.97615,onshore_wind_turbine
50,20,279.3070799999999,onshore_wind_turbine
63,20,0.0,onshore_wind_turbine
80,20,66.91103999999999,onshore_wind_turbine
94,20,6121.960800000001,onshore_wind_turbine
105,20,19.643459787,onshore_wind_turbine
124,20,9387.336516043202,onshore_wind_turbine
136,20,2393.7687,onshore_wind_turbine
144,20,2604.6171,onshore_wind_turbine
11,20,19.125,small_hydroelectric
24,20,62.577,small_hydroelectric
32,20,192.0,small_hydroelectric
39,20,52.9,small_hydroelectric
51,20,25.641,small_hydroelectric
64,20,6.128,small_hydroelectric
81,20,241.672,small_hydroelectric
95,20,418.922,small_hydroelectric
106,20,31.614,small_hydroelectric
125,20,100.697,small_hydroelectric
137,20,36.822,small_hydroelectric
145,20,33.21,small_hydroelectric
12,20,0.0,solar_photovoltaic
25,20,0.0,solar_photovoltaic
33,20,0.0,solar_photovoltaic
52,20,0.0,solar_photovoltaic
65,20,0.0,solar_photovoltaic
82,20,0.0,solar_photovoltaic
96,20,0.0,solar_photovoltaic
107,20,0.0,solar_photovoltaic
126,20,0.0,solar_photovoltaic
138,20,0.0,solar_photovoltaic
26,21,11.235,biomass
13,21,15.682,biomass
108,21,137.081,biomass
40,21,5.952,biomass
97,21,178.173,biomass
1,21,16.294,biomass
66,21,228.795,biomass
2,21,638.4155988,conventional_hydroelectric
14,21,12.700908,conventional_hydroelectric
27,21,333.5821488,conventional_hydroelectric
35,21,1068.979648,conventional_hydroelectric
54,21,621.3539178000001,conventional_hydroelectric
67,21,1520.7698932115038,conventional_hydroelectric
84,21,11130.195871799999,conventional_hydroelectric
109,21,124.7116430742,conventional_hydroelectric
128,21,40.81902,conventional_hydroelectric
139,21,22.660780799999998,conventional_hydroelectric
110,21,50.0,conventional_steam_coal
41,21,7219.002,conventional_steam_coal
3,21,14050.987,conventional_steam_coal
36,21,2368.701,conventional_steam_coal
85,21,1340.0,conventional_steam_coal
28,21,74.364,geothermal
116,21,56.5,natural_gas_fired_combined_cycle
73,21,644.7,natural_gas_fired_combined_cycle
71,21,0.0,natural_gas_fired_combined_cycle
44,21,0.0,natural_gas_fired_combined_cycle
115,21,0.0,natural_gas_fired_combined_cycle
70,21,0.0,natural_gas_fired_combined_cycle
131,21,0.0,natural_gas_fired_combined_cycle
18,21,0.0,natural_gas_fired_combined_cycle
72,21,0.0,natural_gas_fired_combined_cycle
114,21,0.0,natural_gas_fired_combined_cycle
45,21,0.0,natural_gas_fired_combined_cycle
78,21,257.0,natural_gas_fired_combustion_turbine
75,21,0.0,natural_gas_fired_combustion_turbine
119,21,0.0,natural_gas_fired_combustion_turbine
117,21,0.0,natural_gas_fired_combustion_turbine
134,21,0.0,natural_gas_fired_combustion_turbine
103,21,0.0,natural_gas_fired_combustion_turbine
47,21,0.0,natural_gas_fired_combustion_turbine
8,21,0.0,natural_gas_fired_combustion_turbine
90,21,0.0,natural_gas_fired_combustion_turbine
60,21,0.0,natural_gas_fired_combustion_turbine
46,21,0.0,natural_gas_fired_combustion_turbine
37,21,0.0,natural_gas_fired_combustion_turbine
7,21,0.0,natural_gas_fired_combustion_turbine
133,21,0.0,natural_gas_fired_combustion_turbine
74,21,0.0,natural_gas_fired_combustion_turbine
20,21,0.0,natural_gas_fired_combustion_turbine
135,21,0.0,natural_gas_fired_combustion_turbine
142,21,0.0,natural_gas_fired_combustion_turbine
121,21,0.0,natural_gas_fired_combustion_turbine
91,21,0.0,natural_gas_fired_combustion_turbine
22,21,0.0,natural_gas_steam_turbine
123,21,0.0,natural_gas_steam_turbine
62,21,0.0,natural_gas_steam_turbine
49,21,0.0,natural_gas_steam_turbine
48,21,0.0,natural_gas_steam_turbine
21,21,0.0,natural_gas_steam_turbine
79,21,7405.999,nuclear
10,21,27.093690000000002,onshore_wind_turbine
23,21,1681.8516,onshore_wind_turbine
31,21,2884.3885199999995,onshore_wind_turbine
38,21,1314.1430999999998,onshore_wind_turbine
50,21,292.66272,onshore_wind_turbine
63,21,4.43255988,onshore_wind_turbine
80,21,119.88227999999998,onshore_wind_turbine
94,21,3417.2016,onshore_wind_turbine
105,21,20.922960114000002,onshore_wind_turbine
124,21,9444.662427321,onshore_wind_turbine
136,21,2238.80976,onshore_wind_turbine
144,21,2622.2283899999993,onshore_wind_turbine
11,21,19.125,small_hydroelectric
24,21,62.577,small_hydroelectric
32,21,192.0,small_hydroelectric
39,21,52.9,small_hydroelectric
51,21,25.641,small_hydroelectric
64,21,6.128,small_hydroelectric
81,21,241.672,small_hydroelectric
95,21,418.922,small_hydroelectric
106,21,31.614,small_hydroelectric
125,21,100.697,small_hydroelectric
137,21,36.822,small_hydroelectric
145,21,33.21,small_hydroelectric
12,21,0.0,solar_photovoltaic
25,21,0.0,solar_photovoltaic
33,21,0.0,solar_photovoltaic
52,21,0.0,solar_photovoltaic
65,21,0.0,solar_photovoltaic
82,21,0.0,solar_photovoltaic
96,21,0.0,solar_photovoltaic
107,21,0.0,solar_photovoltaic
126,21,0.0,solar_photovoltaic
138,21,0.0,solar_photovoltaic
26,22,11.235,biomass
13,22,15.682,biomass
108,22,137.081,biomass
40,22,5.952,biomass
97,22,178.173,biomass
1,22,16.294,biomass
66,22,228.795,biomass
2,22,638.4155988,conventional_hydroelectric
14,22,12.700908,conventional_hydroelectric
27,22,333.5821488,conventional_hydroelectric
35,22,1068.979648,conventional_hydroelectric
54,22,621.3539178000001,conventional_hydroelectric
67,22,1520.7698932115038,conventional_hydroelectric
84,22,11130.195871799999,conventional_hydroelectric
109,22,124.7116430742,conventional_hydroelectric
128,22,40.81902,conventional_hydroelectric
139,22,22.660780799999998,conventional_hydroelectric
110,22,50.0,conventional_steam_coal
41,22,7219.002,conventional_steam_coal
3,22,14050.987,conventional_steam_coal
36,22,2368.701,conventional_steam_coal
85,22,1340.0,conventional_steam_coal
28,22,74.364,geothermal
116,22,56.5,natural_gas_fired_combined_cycle
73,22,644.7,natural_gas_fired_combined_cycle
71,22,10990.987313417512,natural_gas_fired_combined_cycle
44,22,0.0,natural_gas_fired_combined_cycle
115,22,0.0,natural_gas_fired_combined_cycle
70,22,0.0,natural_gas_fired_combined_cycle
131,22,0.0,natural_gas_fired_combined_cycle
18,22,0.0,natural_gas_fired_combined_cycle
72,22,0.0,natural_gas_fired_combined_cycle
114,22,0.0,natural_gas_fired_combined_cycle
45,22,0.0,natural_gas_fired_combined_cycle
78,22,257.0,natural_gas_fired_combustion_turbine
75,22,0.0,natural_gas_fired_combustion_turbine
119,22,0.0,natural_gas_fired_combustion_turbine
117,22,0.0,natural_gas_fired_combustion_turbine
134,22,0.0,natural_gas_fired_combustion_turbine
103,22,0.0,natural_gas_fired_combustion_turbine
47,22,0.0,natural_gas_fired_combustion_turbine
8,22,0.0,natural_gas_fired_combustion_turbine
90,22,0.0,natural_gas_fired_combustion_turbine
60,22,0.0,natural_gas_fired_combustion_turbine
46,22,0.0,natural_gas_fired_combustion_turbine
37,22,0.0,natural_gas_fired_combustion_turbine
7,22,0.0,natural_gas_fired_combustion_turbine
133,22,0.0,natural_gas_fired_combustion_turbine
74,22,0.0,natural_gas_fired_combustion_turbine
20,22,0.0,natural_gas_fired_combustion_turbine
135,22,0.0,natural_gas_fired_combustion_turbine
142,22,0.0,natural_gas_fired_combustion_turbine
121,22,0.0,natural_gas_fired_combustion_turbine
91,22,0.0,natural_gas_fired_combustion_turbine
22,22,0.0,natural_gas_steam_turbine
123,22,0.0,natural_gas_steam_turbine
62,22,0.0,natural_gas_steam_turbine
49,22,0.0,natural_gas_steam_turbine
48,22,0.0,natural_gas_steam_turbine
21,22,0.0,natural_gas_steam_turbine
79,22,7405.999,nuclear
10,22,16.51866,onshore_wind_turbine
23,22,1546.0896,onshore_wind_turbine
31,22,3029.42217,onshore_wind_turbine
38,22,1268.61795,onshore_wind_turbine
50,22,411.99245999999994,onshore_wind_turbine
63,22,23.9038801512,onshore_wind_turbine
80,22,71.69039999999998,onshore_wind_turbine
94,22,3842.7756,onshore_wind_turbine
105,22,76.76268043500001,onshore_wind_turbine
124,22,9356.3316557106,onshore_wind_turbine
136,22,2214.5251500000004,onshore_wind_turbine
144,22,3107.9292299999993,onshore_wind_turbine
11,22,19.125,small_hydroelectric
24,22,62.577,small_hydroelectric
32,22,192.0,small_hydroelectric
39,22,52.9,small_hydroelectric
51,22,25.641,small_hydroelectric
64,22,6.128,small_hydroelectric
81,22,241.672,small_hydroelectric
95,22,418.922,small_hydroelectric
106,22,31.614,small_hydroelectric
125,22,100.697,small_hydroelectric
137,22,36.822,small_hydroelectric
145,22,33.21,small_hydroelectric
12,22,0.0,solar_photovoltaic
25,22,0.0,solar_photovoltaic
33,22,0.0,solar_photovoltaic
52,22,0.0,solar_photovoltaic
65,22,0.0,solar_photovoltaic
82,22,0.0,solar_photovoltaic
96,22,0.0,solar_photovoltaic
107,22,0.0,solar_photovoltaic
126,22,0.0,solar_photovoltaic
138,22,0.0,solar_photovoltaic
26,23,11.235,biomass
13,23,15.682,biomass
108,23,137.081,biomass
40,23,5.952,biomass
97,23,178.173,biomass
1,23,16.294,biomass
66,23,228.795,biomass
2,23,638.4155988,conventional_hydroelectric
14,23,12.700908,conventional_hydroelectric
27,23,333.5821488,conventional_hydroelectric
35,23,1068.979648,conventional_hydroelectric
54,23,621.3539178000001,conventional_hydroelectric
67,23,1520.7698932115038,conventional_hydroelectric
84,23,11130.195871799999,conventional_hydroelectric
109,23,124.7116430742,conventional_hydroelectric
128,23,40.81902,conventional_hydroelectric
139,23,22.660780799999998,conventional_hydroelectric
110,23,50.0,conventional_steam_coal
41,23,7219.002,conventional_steam_coal
3,23,14050.987,conventional_steam_coal
36,23,2368.701,conventional_steam_coal
85,23,1340.0,conventional_steam_coal
28,23,74.364,geothermal
116,23,56.5,natural_gas_fired_combined_cycle
73,23,644.7,natural_gas_fired_combined_cycle
71,23,6913.3083137349,natural_gas_fired_combined_cycle
44,23,0.0,natural_gas_fired_combined_cycle
115,23,0.0,natural_gas_fired_combined_cycle
70,23,0.0,natural_gas_fired_combined_cycle
131,23,0.0,natural_gas_fired_combined_cycle
18,23,0.0,natural_gas_fired_combined_cycle
72,23,0.0,natural_gas_fired_combined_cycle
114,23,0.0,natural_gas_fired_combined_cycle
45,23,0.0,natural_gas_fired_combined_cycle
78,23,257.0,natural_gas_fired_combustion_turbine
75,23,0.0,natural_gas_fired_combustion_turbine
119,23,0.0,natural_gas_fired_combustion_turbine
117,23,0.0,natural_gas_fired_combustion_turbine
134,23,0.0,natural_gas_fired_combustion_turbine
103,23,0.0,natural_gas_fired_combustion_turbine
47,23,0.0,natural_gas_fired_combustion_turbine
8,23,0.0,natural_gas_fired_combustion_turbine
90,23,0.0,natural_gas_fired_combustion_turbine
60,23,0.0,natural_gas_fired_combustion_turbine
46,23,0.0,natural_gas_fired_combustion_turbine
37,23,0.0,natural_gas_fired_combustion_turbine
7,23,0.0,natural_gas_fired_combustion_turbine
133,23,0.0,natural_gas_fired_combustion_turbine
74,23,0.0,natural_gas_fired_combustion_turbine
20,23,0.0,natural_gas_fired_combustion_turbine
135,23,0.0,natural_gas_fired_combustion_turbine
142,23,0.0,natural_gas_fired_combustion_turbine
121,23,0.0,natural_gas_fired_combustion_turbine
91,23,0.0,natural_gas_fired_combustion_turbine
22,23,0.0,natural_gas_steam_turbine
123,23,0.0,natural_gas_steam_turbine
62,23,0.0,natural_gas_steam_turbine
49,23,0.0,natural_gas_steam_turbine
48,23,0.0,natural_gas_steam_turbine
21,23,0.0,natural_gas_steam_turbine
79,23,7405.999,nuclear
10,23,32.34261,onshore_wind_turbine
23,23,1363.2102,onshore_wind_turbine
31,23,2829.4284000000002,onshore_wind_turbine
38,23,1070.44965,onshore_wind_turbine
50,23,602.7458399999999,onshore_wind_turbine
63,23,85.0065598872,onshore_wind_turbine
80,23,45.00563999999999,onshore_wind_turbine
94,23,2938.0368000000003,onshore_wind_turbine
105,23,72.665040294,onshore_wind_turbine
124,23,9695.328625798202,onshore_wind_turbine
136,23,2248.0610400000005,onshore_wind_turbine
144,23,2715.8462999999992,onshore_wind_turbine
11,23,19.125,small_hydroelectric
24,23,62.577,small_hydroelectric
32,23,192.0,small_hydroelectric
39,23,52.9,small_hydroelectric
51,23,25.641,small_hydroelectric
64,23,6.128,small_hydroelectric
81,23,241.672,small_hydroelectric
95,23,418.922,small_hydroelectric
106,23,31.614,small_hydroelectric
125,23,100.697,small_hydroelectric
137,23,36.822,small_hydroelectric
145,23,33.21,small_hydroelectric
12,23,0.0,solar_photovoltaic
25,23,0.0,solar_photovoltaic
33,23,0.0,solar_photovoltaic
52,23,0.0,solar_photovoltaic
65,23,0.0,solar_photovoltaic
82,23,0.0,solar_photovoltaic
96,23,0.0,solar_photovoltaic
107,23,0.0,solar_photovoltaic
126,23,0.0,solar_photovoltaic
138,23,0.0,solar_photovoltaic
26,24,11.235,biomass
13,24,15.682,biomass
108,24,137.081,biomass
40,24,5.952,biomass
97,24,178.173,biomass
1,24,16.294,biomass
66,24,228.795,biomass
2,24,638.4155988,conventional_hydroelectric
14,24,12.700908,conventional_hydroelectric
27,24,333.5821488,conventional_hydroelectric
35,24,1068.979648,conventional_hydroelectric
54,24,621.3539178000001,conventional_hydroelectric
67,24,1520.7698932115038,conventional_hydroelectric
84,24,11130.195871799999,conventional_hydroelectric
109,24,124.7116430742,conventional_hydroelectric
128,24,40.81902,conventional_hydroelectric
139,24,22.660780799999998,conventional_hydroelectric
110,24,50.0,conventional_steam_coal
41,24,7219.002,conventional_steam_coal
3,24,14050.987,conventional_steam_coal
36,24,2368.701,conventional_steam_coal
85,24,1340.0,conventional_steam_coal
28,24,74.364,geothermal
116,24,56.5,natural_gas_fired_combined_cycle
73,24,644.7,natural_gas_fired_combined_cycle
71,24,3904.471465180309,natural_gas_fired_combined_cycle
44,24,0.0,natural_gas_fired_combined_cycle
115,24,0.0,natural_gas_fired_combined_cycle
70,24,0.0,natural_gas_fired_combined_cycle
131,24,0.0,natural_gas_fired_combined_cycle
18,24,0.0,natural_gas_fired_combined_cycle
72,24,0.0,natural_gas_fired_combined_cycle
114,24,0.0,natural_gas_fired_combined_cycle
45,24,0.0,natural_gas_fired_combined_cycle
78,24,257.0,natural_gas_fired_combustion_turbine
75,24,0.0,natural_gas_fired_combustion_turbine
119,24,0.0,natural_gas_fired_combustion_turbine
117,24,0.0,natural_gas_fired_combustion_turbine
134,24,0.0,natural_gas_fired_combustion_turbine
103,24,0.0,natural_gas_fired_combustion_turbine
47,24,0.0,natural_gas_fired_combustion_turbine
8,24,0.0,natural_gas_fired_combustion_turbine
90,24,0.0,natural_gas_fired_combustion_turbine
60,24,0.0,natural_gas_fired_combustion_turbine
46,24,0.0,natural_gas_fired_combustion_turbine
37,24,0.0,natural_gas_fired_combustion_turbine
7,24,0.0,natural_gas_fired_combustion_turbine
133,24,0.0,natural_gas_fired_combustion_turbine
74,24,0.0,natural_gas_fired_combustion_turbine
20,24,0.0,natural_gas_fired_combustion_turbine
135,24,0.0,natural_gas_fired_combustion_turbine
142,24,0.0,natural_gas_fired_combustion_turbine
121,24,0.0,natural_gas_fired_combustion_turbine
91,24,0.0,natural_gas_fired_combustion_turbine
22,24,0.0,natural_gas_steam_turbine
123,24,0.0,natural_gas_steam_turbine
62,24,0.0,natural_gas_steam_turbine
49,24,0.0,natural_gas_steam_turbine
48,24,0.0,natural_gas_steam_turbine
21,24,0.0,natural_gas_steam_turbine
79,24,7405.999,nuclear
10,24,16.673040000000004,onshore_wind_turbine
23,24,657.2478,onshore_wind_turbine
31,24,2568.36783,onshore_wind_turbine
38,24,1128.6342,onshore_wind_turbine
50,24,640.1996999999999,onshore_wind_turbine
63,24,109.45991993760002,onshore_wind_turbine
80,24,43.01424,onshore_wind_turbine
94,24,1707.0246,onshore_wind_turbine
105,24,95.25977981099999,onshore_wind_turbine
124,24,8819.8376647854,onshore_wind_turbine
136,24,1537.2543600000001,onshore_wind_turbine
144,24,4125.676409999999,onshore_wind_turbine
11,24,19.125,small_hydroelectric
24,24,62.577,small_hydroelectric
32,24,192.0,small_hydroelectric
39,24,52.9,small_hydroelectric
51,24,25.641,small_hydroelectric
64,24,6.128,small_hydroelectric
81,24,241.672,small_hydroelectric
95,24,418.922,small_hydroelectric
106,24,31.614,small_hydroelectric
125,24,100.697,small_hydroelectric
137,24,36.822,small_hydroelectric
145,24,33.21,small_hydroelectric
12,24,0.0,solar_photovoltaic
25,24,0.0,solar_photovoltaic
33,24,0.0,solar_photovoltaic
52,24,0.0,solar_photovoltaic
65,24,0.0,solar_photovoltaic
82,24,0.0,solar_photovoltaic
96,24,0.0,solar_photovoltaic
107,24,0.0,solar_photovoltaic
126,24,0.0,solar_photovoltaic
138,24,0.0,solar_photovoltaic
26,25,11.235,biomass
13,25,15.682,biomass
108,25,137.081,biomass
40,25,5.952,biomass
97,25,178.173,biomass
1,25,16.294,biomass
66,25,228.795,biomass
2,25,638.4155988,conventional_hydroelectric
14,25,12.700908,conventional_hydroelectric
27,25,333.5821488,conventional_hydroelectric
35,25,1068.979648,conventional_hydroelectric
54,25,621.3539178000001,conventional_hydroelectric
67,25,1520.7698932115038,conventional_hydroelectric
84,25,11130.195871799999,conventional_hydroelectric
109,25,124.7116430742,conventional_hydroelectric
128,25,40.81902,conventional_hydroelectric
139,25,22.660780799999998,conventional_hydroelectric
110,25,50.0,conventional_steam_coal
41,25,7219.002,conventional_steam_coal
3,25,14050.987,conventional_steam_coal
36,25,2368.701,conventional_steam_coal
85,25,1340.0,conventional_steam_coal
28,25,74.364,geothermal
116,25,56.5,natural_gas_fired_combined_cycle
73,25,644.7,natural_gas_fired_combined_cycle
71,25,2117.9625138093047,natural_gas_fired_combined_cycle
44,25,0.0,natural_gas_fired_combined_cycle
115,25,0.0,natural_gas_fired_combined_cycle
70,25,0.0,natural_gas_fired_combined_cycle
131,25,0.0,natural_gas_fired_combined_cycle
18,25,0.0,natural_gas_fired_combined_cycle
72,25,0.0,natural_gas_fired_combined_cycle
114,25,0.0,natural_gas_fired_combined_cycle
45,25,0.0,natural_gas_fired_combined_cycle
78,25,257.0,natural_gas_fired_combustion_turbine
75,25,0.0,natural_gas_fired_combustion_turbine
119,25,0.0,natural_gas_fired_combustion_turbine
117,25,0.0,natural_gas_fired_combustion_turbine
134,25,0.0,natural_gas_fired_combustion_turbine
103,25,0.0,natural_gas_fired_combustion_turbine
47,25,0.0,natural_gas_fired_combustion_turbine
8,25,0.0,natural_gas_fired_combustion_turbine
90,25,0.0,natural_gas_fired_combustion_turbine
60,25,0.0,natural_gas_fired_combustion_turbine
46,25,0.0,natural_gas_fired_combustion_turbine
37,25,0.0,natural_gas_fired_combustion_turbine
7,25,0.0,natural_gas_fired_combustion_turbine
133,25,0.0,natural_gas_fired_combustion_turbine
74,25,0.0,natural_gas_fired_combustion_turbine
20,25,0.0,natural_gas_fired_combustion_turbine
135,25,0.0,natural_gas_fired_combustion_turbine
142,25,0.0,natural_gas_fired_combustion_turbine
121,25,0.0,natural_gas_fired_combustion_turbine
91,25,0.0,natural_gas_fired_combustion_turbine
22,25,0.0,natural_gas_steam_turbine
123,25,0.0,natural_gas_steam_turbine
62,25,0.0,natural_gas_steam_turbine
49,25,0.0,natural_gas_steam_turbine
48,25,0.0,natural_gas_steam_turbine
21,25,0.0,natural_gas_steam_turbine
79,25,7405.999,nuclear
10,25,25.935840000000002,onshore_wind_turbine
23,25,1204.2887999999998,onshore_wind_turbine
31,25,2362.26738,onshore_wind_turbine
38,25,1204.3471499999998,onshore_wind_turbine
50,25,687.5251199999999,onshore_wind_turbine
63,25,54.5265600456,onshore_wind_turbine
80,25,39.827999999999996,onshore_wind_turbine
94,25,2011.2312,onshore_wind_turbine
105,25,107.164259559,onshore_wind_turbine
124,25,6954.6559163004,onshore_wind_turbine
136,25,1085.09805,onshore_wind_turbine
144,25,4107.138209999999,onshore_wind_turbine
11,25,19.125,small_hydroelectric
24,25,62.577,small_hydroelectric
32,25,192.0,small_hydroelectric
39,25,52.9,small_hydroelectric
51,25,25.641,small_hydroelectric
64,25,6.128,small_hydroelectric
81,25,241.672,small_hydroelectric
95,25,418.922,small_hydroelectric
106,25,31.614,small_hydroelectric
125,25,100.697,small_hydroelectric
137,25,36.822,small_hydroelectric
145,25,33.21,small_hydroelectric
12,25,0.0,solar_photovoltaic
25,25,0.0,solar_photovoltaic
33,25,0.0,solar_photovoltaic
52,25,0.0,solar_photovoltaic
65,25,0.0,solar_photovoltaic
82,25,0.0,solar_photovoltaic
96,25,0.0,solar_photovoltaic
107,25,0.0,solar_photovoltaic
126,25,0.0,solar_photovoltaic
138,25,0.0,solar_photovoltaic
26,26,11.235,biomass
13,26,15.682,biomass
108,26,137.081,biomass
40,26,5.952,biomass
97,26,178.173,biomass
1,26,16.294,biomass
66,26,228.795,biomass
2,26,638.4155988,conventional_hydroelectric
14,26,12.700908,conventional_hydroelectric
27,26,333.5821488,conventional_hydroelectric
35,26,1068.979648,conventional_hydroelectric
54,26,621.3539178000001,conventional_hydroelectric
67,26,1520.7698932115038,conventional_hydroelectric
84,26,11130.195871799999,conventional_hydroelectric
109,26,124.7116430742,conventional_hydroelectric
128,26,40.81902,conventional_hydroelectric
139,26,22.660780799999998,conventional_hydroelectric
110,26,50.0,conventional_steam_coal
41,26,7219.002,conventional_steam_coal
3,26,14050.987,conventional_steam_coal
36,26,2368.701,conventional_steam_coal
85,26,1340.0,conventional_steam_coal
28,26,74.364,geothermal
116,26,56.5,natural_gas_fired_combined_cycle
73,26,644.7,natural_gas_fired_combined_cycle
71,26,1131.4193328919005,natural_gas_fired_combined_cycle
44,26,0.0,natural_gas_fired_combined_cycle
115,26,0.0,natural_gas_fired_combined_cycle
70,26,0.0,natural_gas_fired_combined_cycle
131,26,0.0,natural_gas_fired_combined_cycle
18,26,0.0,natural_gas_fired_combined_cycle
72,26,0.0,natural_gas_fired_combined_cycle
114,26,0.0,natural_gas_fired_combined_cycle
45,26,0.0,natural_gas_fired_combined_cycle
78,26,257.0,natural_gas_fired_combustion_turbine
75,26,0.0,natural_gas_fired_combustion_turbine
119,26,0.0,natural_gas_fired_combustion_turbine
117,26,0.0,natural_gas_fired_combustion_turbine
134,26,0.0,natural_gas_fired_combustion_turbine
103,26,0.0,natural_gas_fired_combustion_turbine
47,26,0.0,natural_gas_fired_combustion_turbine
8,26,0.0,natural_gas_fired_combustion_turbine
90,26,0.0,natural_gas_fired_combustion_turbine
60,26,0.0,natural_gas_fired_combustion_turbine
46,26,0.0,natural_gas_fired_combustion_turbine
37,26,0.0,natural_gas_fired_combustion_turbine
7,26,0.0,natural_gas_fired_combustion_turbine
133,26,0.0,natural_gas_fired_combustion_turbine
74,26,0.0,natural_gas_fired_combustion_turbine
20,26,0.0,natural_gas_fired_combustion_turbine
135,26,0.0,natural_gas_fired_combustion_turbine
142,26,0.0,natural_gas_fired_combustion_turbine
121,26,0.0,natural_gas_fired_combustion_turbine
91,26,0.0,natural_gas_fired_combustion_turbine
22,26,0.0,natural_gas_steam_turbine
123,26,0.0,natural_gas_steam_turbine
62,26,0.0,natural_gas_steam_turbine
49,26,0.0,natural_gas_steam_turbine
48,26,0.0,natural_gas_steam_turbine
21,26,0.0,natural_gas_steam_turbine
79,26,7405.999,nuclear
10,26,24.855180000000004,onshore_wind_turbine
23,26,1504.5624,onshore_wind_turbine
31,26,2334.27843,onshore_wind_turbine
38,26,773.1972,onshore_wind_turbine
50,26,595.7776799999999,onshore_wind_turbine
63,26,24.743399896800003,onshore_wind_turbine
80,26,27.8796,onshore_wind_turbine
94,26,2209.8324,onshore_wind_turbine
105,26,416.10869968500003,onshore_wind_turbine
124,26,5661.4667372406,onshore_wind_turbine
136,26,1027.6630200000002,onshore_wind_turbine
144,26,4052.450519999999,onshore_wind_turbine
11,26,19.125,small_hydroelectric
24,26,62.577,small_hydroelectric
32,26,192.0,small_hydroelectric
39,26,52.9,small_hydroelectric
51,26,25.641,small_hydroelectric
64,26,6.128,small_hydroelectric
81,26,241.672,small_hydroelectric
95,26,418.922,small_hydroelectric
106,26,31.614,small_hydroelectric
125,26,100.697,small_hydroelectric
137,26,36.822,small_hydroelectric
145,26,33.21,small_hydroelectric
12,26,0.0,solar_photovoltaic
25,26,0.0,solar_photovoltaic
33,26,0.0,solar_photovoltaic
52,26,0.0,solar_photovoltaic
65,26,0.0,solar_photovoltaic
82,26,0.0,solar_photovoltaic
96,26,0.0,solar_photovoltaic
107,26,0.0,solar_photovoltaic
126,26,0.0,solar_photovoltaic
138,26,0.0,solar_photovoltaic
26,27,11.235,biomass
13,27,15.682,biomass
108,27,137.081,biomass
40,27,5.952,biomass
97,27,178.173,biomass
1,27,16.294,biomass
66,27,228.795,biomass
2,27,638.4155988,conventional_hydroelectric
14,27,12.700908,conventional_hydroelectric
27,27,333.5821488,conventional_hydroelectric
35,27,1068.979648,conventional_hydroelectric
54,27,621.3539178000001,conventional_hydroelectric
67,27,1520.7698932115038,conventional_hydroelectric
84,27,11130.195871799999,conventional_hydroelectric
109,27,124.7116430742,conventional_hydroelectric
128,27,40.81902,conventional_hydroelectric
139,27,22.660780799999998,conventional_hydroelectric
110,27,50.0,conventional_steam_coal
41,27,7219.002,conventional_steam_coal
3,27,14050.987,conventional_steam_coal
36,27,2368.701,conventional_steam_coal
85,27,1340.0,conventional_steam_coal
28,27,74.364,geothermal
116,27,56.5,natural_gas_fired_combined_cycle
73,27,644.7,natural_gas_fired_combined_cycle
71,27,2104.808488319913,natural_gas_fired_combined_cycle
44,27,0.0,natural_gas_fired_combined_cycle
115,27,0.0,natural_gas_fired_combined_cycle
70,27,0.0,natural_gas_fired_combined_cycle
131,27,0.0,natural_gas_fired_combined_cycle
18,27,0.0,natural_gas_fired_combined_cycle
72,27,0.0,natural_gas_fired_combined_cycle
114,27,0.0,natural_gas_fired_combined_cycle
45,27,0.0,natural_gas_fired_combined_cycle
78,27,257.0,natural_gas_fired_combustion_turbine
75,27,0.0,natural_gas_fired_combustion_turbine
119,27,0.0,natural_gas_fired_combustion_turbine
117,27,0.0,natural_gas_fired_combustion_turbine
134,27,0.0,natural_gas_fired_combustion_turbine
103,27,0.0,natural_gas_fired_combustion_turbine
47,27,0.0,natural_gas_fired_combustion_turbine
8,27,0.0,natural_gas_fired_combustion_turbine
90,27,0.0,natural_gas_fired_combustion_turbine
60,27,0.0,natural_gas_fired_combustion_turbine
46,27,0.0,natural_gas_fired_combustion_turbine
37,27,0.0,natural_gas_fired_combustion_turbine
7,27,0.0,natural_gas_fired_combustion_turbine
133,27,0.0,natural_gas_fired_combustion_turbine
74,27,0.0,natural_gas_fired_combustion_turbine
20,27,0.0,natural_gas_fired_combustion_turbine
135,27,0.0,natural_gas_fired_combustion_turbine
142,27,0.0,natural_gas_fired_combustion_turbine
121,27,0.0,natural_gas_fired_combustion_turbine
91,27,0.0,natural_gas_fired_combustion_turbine
22,27,0.0,natural_gas_steam_turbine
123,27,0.0,natural_gas_steam_turbine
62,27,0.0,natural_gas_steam_turbine
49,27,0.0,natural_gas_steam_turbine
48,27,0.0,natural_gas_steam_turbine
21,27,0.0,natural_gas_steam_turbine
79,27,7405.999,nuclear
10,27,24.314850000000003,onshore_wind_turbine
23,27,1332.0648,onshore_wind_turbine
31,27,1433.03424,onshore_wind_turbine
38,27,1357.9641,onshore_wind_turbine
50,27,545.8391999999999,onshore_wind_turbine
63,27,44.4157198392,onshore_wind_turbine
80,27,32.65896,onshore_wind_turbine
94,27,1796.8680000000002,onshore_wind_turbine
105,27,378.091440279,onshore_wind_turbine
124,27,5797.8910212762,onshore_wind_turbine
136,27,903.54168,onshore_wind_turbine
144,27,2927.18178,onshore_wind_turbine
11,27,19.125,small_hydroelectric
24,27,62.577,small_hydroelectric
32,27,192.0,small_hydroelectric
39,27,52.9,small_hydroelectric
51,27,25.641,small_hydroelectric
64,27,6.128,small_hydroelectric
81,27,241.672,small_hydroelectric
95,27,418.922,small_hydroelectric
106,27,31.614,small_hydroelectric
125,27,100.697,small_hydroelectric
137,27,36.822,small_hydroelectric
145,27,33.21,small_hydroelectric
12,27,0.0,solar_photovoltaic
25,27,0.0,solar_photovoltaic
33,27,0.0,solar_photovoltaic
52,27,0.0,solar_photovoltaic
65,27,0.0,solar_photovoltaic
82,27,0.0,solar_photovoltaic
96,27,0.0,solar_photovoltaic
107,27,0.0,solar_photovoltaic
126,27,0.0,solar_photovoltaic
138,27,0.0,solar_photovoltaic
26,28,11.235,biomass
13,28,15.682,biomass
108,28,137.081,biomass
40,28,5.952,biomass
97,28,178.173,biomass
1,28,16.294,biomass
66,28,228.795,biomass
2,28,638.4155988,conventional_hydroelectric
14,28,12.700908,conventional_hydroelectric
27,28,333.5821488,conventional_hydroelectric
35,28,1068.979648,conventional_hydroelectric
54,28,621.3539178000001,conventional_hydroelectric
67,28,1520.7698932115038,conventional_hydroelectric
84,28,11130.195871799999,conventional_hydroelectric
109,28,124.7116430742,conventional_hydroelectric
128,28,40.81902,conventional_hydroelectric
139,28,22.660780799999998,conventional_hydroelectric
110,28,50.0,conventional_steam_coal
41,28,7219.002,conventional_steam_coal
3,28,14050.987,conventional_steam_coal
36,28,2368.701,conventional_steam_coal
85,28,1340.0,conventional_steam_coal
28,28,74.364,geothermal
116,28,56.5,natural_gas_fired_combined_cycle
73,28,644.7,natural_gas_fired_combined_cycle
71,28,2947.0752134396985,natural_gas_fired_combined_cycle
44,28,0.0,natural_gas_fired_combined_cycle
115,28,0.0,natural_gas_fired_combined_cycle
70,28,0.0,natural_gas_fired_combined_cycle
131,28,0.0,natural_gas_fired_combined_cycle
18,28,0.0,natural_gas_fired_combined_cycle
72,28,0.0,natural_gas_fired_combined_cycle
114,28,0.0,natural_gas_fired_combined_cycle
45,28,0.0,natural_gas_fired_combined_cycle
78,28,257.0,natural_gas_fired_combustion_turbine
75,28,0.0,natural_gas_fired_combustion_turbine
119,28,0.0,natural_gas_fired_combustion_turbine
117,28,0.0,natural_gas_fired_combustion_turbine
134,28,0.0,natural_gas_fired_combustion_turbine
103,28,0.0,natural_gas_fired_combustion_turbine
47,28,0.0,natural_gas_fired_combustion_turbine
8,28,0.0,natural_gas_fired_combustion_turbine
90,28,0.0,natural_gas_fired_combustion_turbine
60,28,0.0,natural_gas_fired_combustion_turbine
46,28,0.0,natural_gas_fired_combustion_turbine
37,28,0.0,natural_gas_fired_combustion_turbine
7,28,0.0,natural_gas_fired_combustion_turbine
133,28,0.0,natural_gas_fired_combustion_turbine
74,28,0.0,natural_gas_fired_combustion_turbine
20,28,0.0,natural_gas_fired_combustion_turbine
135,28,0.0,natural_gas_fired_combustion_turbine
142,28,0.0,natural_gas_fired_combustion_turbine
121,28,0.0,natural_gas_fired_combustion_turbine
91,28,0.0,natural_gas_fired_combustion_turbine
22,28,0.0,natural_gas_steam_turbine
123,28,0.0,natural_gas_steam_turbine
62,28,0.0,natural_gas_steam_turbine
49,28,0.0,natural_gas_steam_turbine
48,28,0.0,natural_gas_steam_turbine
21,28,0.0,natural_gas_steam_turbine
79,28,7405.999,nuclear
10,28,24.469230000000003,onshore_wind_turbine
23,28,867.2796000000001,onshore_wind_turbine
31,28,955.6954199999999,onshore_wind_turbine
38,28,1573.9042499999998,onshore_wind_turbine
50,28,592.58394,onshore_wind_turbine
63,28,66.09372004320001,onshore_wind_turbine
80,28,14.338079999999998,onshore_wind_turbine
94,28,1818.9348,onshore_wind_turbine
105,28,409.620539916,onshore_wind_turbine
124,28,5249.9991863154,onshore_wind_turbine
136,28,632.9417400000001,onshore_wind_turbine
144,28,3424.0055399999997,onshore_wind_turbine
11,28,19.125,small_hydroelectric
24,28,62.577,small_hydroelectric
32,28,192.0,small_hydroelectric
39,28,52.9,small_hydroelectric
51,28,25.641,small_hydroelectric
64,28,6.128,small_hydroelectric
81,28,241.672,small_hydroelectric
95,28,418.922,small_hydroelectric
106,28,31.614,small_hydroelectric
125,28,100.697,small_hydroelectric
137,28,36.822,small_hydroelectric
145,28,33.21,small_hydroelectric
12,28,0.0,solar_photovoltaic
25,28,0.0,solar_photovoltaic
33,28,0.0,solar_photovoltaic
52,28,0.0,solar_photovoltaic
65,28,0.0,solar_photovoltaic
82,28,0.0,solar_photovoltaic
96,28,0.0,solar_photovoltaic
107,28,0.0,solar_photovoltaic
126,28,0.0,solar_photovoltaic
138,28,0.0,solar_photovoltaic
26,29,11.235,biomass
13,29,15.682,biomass
108,29,137.081,biomass
40,29,5.952,biomass
97,29,178.173,biomass
1,29,16.294,biomass
66,29,228.795,biomass
2,29,638.4155988,conventional_hydroelectric
14,29,12.700908,conventional_hydroelectric
27,29,333.5821488,conventional_hydroelectric
35,29,1068.979648,conventional_hydroelectric
54,29,621.3539178000001,conventional_hydroelectric
67,29,1520.7698932115038,conventional_hydroelectric
84,29,11130.195871799999,conventional_hydroelectric
109,29,124.7116430742,conventional_hydroelectric
128,29,40.81902,conventional_hydroelectric
139,29,22.660780799999998,conventional_hydroelectric
110,29,50.0,conventional_steam_coal
41,29,7219.002,conventional_steam_coal
3,29,14050.987,conventional_steam_coal
36,29,2368.701,conventional_steam_coal
85,29,1340.0,conventional_steam_coal
28,29,74.364,geothermal
116,29,56.5,natural_gas_fired_combined_cycle
73,29,644.7,natural_gas_fired_combined_cycle
71,29,4569.831901888103,natural_gas_fired_combined_cycle
44,29,0.0,natural_gas_fired_combined_cycle
115,29,0.0,natural_gas_fired_combined_cycle
70,29,0.0,natural_gas_fired_combined_cycle
131,29,0.0,natural_gas_fired_combined_cycle
18,29,0.0,natural_gas_fired_combined_cycle
72,29,0.0,natural_gas_fired_combined_cycle
114,29,0.0,natural_gas_fired_combined_cycle
45,29,0.0,natural_gas_fired_combined_cycle
78,29,257.0,natural_gas_fired_combustion_turbine
75,29,0.0,natural_gas_fired_combustion_turbine
119,29,0.0,natural_gas_fired_combustion_turbine
117,29,0.0,natural_gas_fired_combustion_turbine
134,29,0.0,natural_gas_fired_combustion_turbine
103,29,0.0,natural_gas_fired_combustion_turbine
47,29,0.0,natural_gas_fired_combustion_turbine
8,29,0.0,natural_gas_fired_combustion_turbine
90,29,0.0,natural_gas_fired_combustion_turbine
60,29,0.0,natural_gas_fired_combustion_turbine
46,29,0.0,natural_gas_fired_combustion_turbine
37,29,0.0,natural_gas_fired_combustion_turbine
7,29,0.0,natural_gas_fired_combustion_turbine
133,29,0.0,natural_gas_fired_combustion_turbine
74,29,0.0,natural_gas_fired_combustion_turbine
20,29,0.0,natural_gas_fired_combustion_turbine
135,29,0.0,natural_gas_fired_combustion_turbine
142,29,0.0,natural_gas_fired_combustion_turbine
121,29,0.0,natural_gas_fired_combustion_turbine
91,29,0.0,natural_gas_fired_combustion_turbine
22,29,0.0,natural_gas_steam_turbine
123,29,0.0,natural_gas_steam_turbine
62,29,0.0,natural_gas_steam_turbine
49,29,0.0,natural_gas_steam_turbine
48,29,0.0,natural_gas_steam_turbine
21,29,0.0,natural_gas_steam_turbine
79,29,7405.999,nuclear
10,29,28.01997,onshore_wind_turbine
23,29,685.9974000000001,onshore_wind_turbine
31,29,625.42581,onshore_wind_turbine
38,29,1541.76885,onshore_wind_turbine
50,29,699.7193999999998,onshore_wind_turbine
63,29,111.66407985600001,onshore_wind_turbine
80,29,5.9742,onshore_wind_turbine
94,29,1120.6781999999998,onshore_wind_turbine
105,29,231.16536008999998,onshore_wind_turbine
124,29,5615.571597880201,onshore_wind_turbine
136,29,794.0682,onshore_wind_turbine
144,29,3385.07532,onshore_wind_turbine
11,29,19.125,small_hydroelectric
24,29,62.577,small_hydroelectric
32,29,192.0,small_hydroelectric
39,29,52.9,small_hydroelectric
51,29,25.641,small_hydroelectric
64,29,6.128,small_hydroelectric
81,29,241.672,small_hydroelectric
95,29,418.922,small_hydroelectric
106,29,31.614,small_hydroelectric
125,29,100.697,small_hydroelectric
137,29,36.822,small_hydroelectric
145,29,33.21,small_hydroelectric
12,29,0.0,solar_photovoltaic
25,29,0.0,solar_photovoltaic
33,29,0.0,solar_photovoltaic
52,29,0.0,solar_photovoltaic
65,29,0.0,solar_photovoltaic
82,29,0.0,solar_photovoltaic
96,29,0.0,solar_photovoltaic
107,29,0.0,solar_photovoltaic
126,29,0.0,solar_photovoltaic
138,29,0.0,solar_photovoltaic
26,30,11.235,biomass
13,30,15.682,biomass
108,30,137.081,biomass
40,30,5.952,biomass
97,30,178.173,biomass
1,30,16.294,biomass
66,30,228.795,biomass
2,30,638.4155988,conventional_hydroelectric
14,30,12.700908,conventional_hydroelectric
27,30,333.5821488,conventional_hydroelectric
35,30,1068.979648,conventional_hydroelectric
54,30,621.3539178000001,conventional_hydroelectric
67,30,1520.7698932115038,conventional_hydroelectric
84,30,11130.195871799999,conventional_hydroelectric
109,30,124.7116430742,conventional_hydroelectric
128,30,40.81902,conventional_hydroelectric
139,30,22.660780799999998,conventional_hydroelectric
110,30,50.0,conventional_steam_coal
41,30,7219.002,conventional_steam_coal
3,30,14050.987,conventional_steam_coal
36,30,2368.701,conventional_steam_coal
85,30,1340.0,conventional_steam_coal
28,30,74.364,geothermal
116,30,56.5,natural_gas_fired_combined_cycle
73,30,644.7,natural_gas_fired_combined_cycle
71,30,0.0,natural_gas_fired_combined_cycle
44,30,0.0,natural_gas_fired_combined_cycle
115,30,0.0,natural_gas_fired_combined_cycle
70,30,0.0,natural_gas_fired_combined_cycle
131,30,0.0,natural_gas_fired_combined_cycle
18,30,0.0,natural_gas_fired_combined_cycle
72,30,0.0,natural_gas_fired_combined_cycle
114,30,0.0,natural_gas_fired_combined_cycle
45,30,0.0,natural_gas_fired_combined_cycle
78,30,257.0,natural_gas_fired_combustion_turbine
75,30,0.0,natural_gas_fired_combustion_turbine
119,30,0.0,natural_gas_fired_combustion_turbine
117,30,0.0,natural_gas_fired_combustion_turbine
134,30,0.0,natural_gas_fired_combustion_turbine
103,30,0.0,natural_gas_fired_combustion_turbine
47,30,0.0,natural_gas_fired_combustion_turbine
8,30,0.0,natural_gas_fired_combustion_turbine
90,30,0.0,natural_gas_fired_combustion_turbine
60,30,0.0,natural_gas_fired_combustion_turbine
46,30,0.0,natural_gas_fired_combustion_turbine
37,30,0.0,natural_gas_fired_combustion_turbine
7,30,0.0,natural_gas_fired_combustion_turbine
133,30,0.0,natural_gas_fired_combustion_turbine
74,30,0.0,natural_gas_fired_combustion_turbine
20,30,0.0,natural_gas_fired_combustion_turbine
135,30,0.0,natural_gas_fired_combustion_turbine
142,30,0.0,natural_gas_fired_combustion_turbine
121,30,0.0,natural_gas_fired_combustion_turbine
91,30,0.0,natural_gas_fired_combustion_turbine
22,30,0.0,natural_gas_steam_turbine
123,30,0.0,natural_gas_steam_turbine
62,30,0.0,natural_gas_steam_turbine
49,30,0.0,natural_gas_steam_turbine
48,30,0.0,natural_gas_steam_turbine
21,30,0.0,natural_gas_steam_turbine
79,30,7405.999,nuclear
10,30,24.932370000000006,onshore_wind_turbine
23,30,995.8542,onshore_wind_turbine
31,30,312.96734999999995,onshore_wind_turbine
38,30,1821.73635,onshore_wind_turbine
50,30,672.1370999999999,onshore_wind_turbine
63,30,140.232839928,onshore_wind_turbine
80,30,4.38108,onshore_wind_turbine
94,30,616.2942,onshore_wind_turbine
105,30,200.27088043199998,onshore_wind_turbine
124,30,3691.9070990868,onshore_wind_turbine
136,30,770.1690600000001,onshore_wind_turbine
144,30,3314.6301599999993,onshore_wind_turbine
11,30,19.125,small_hydroelectric
24,30,62.577,small_hydroelectric
32,30,192.0,small_hydroelectric
39,30,52.9,small_hydroelectric
51,30,25.641,small_hydroelectric
64,30,6.128,small_hydroelectric
81,30,241.672,small_hydroelectric
95,30,418.922,small_hydroelectric
106,30,31.614,small_hydroelectric
125,30,100.697,small_hydroelectric
137,30,36.822,small_hydroelectric
145,30,33.21,small_hydroelectric
12,30,0.0,solar_photovoltaic
25,30,0.0,solar_photovoltaic
33,30,0.0,solar_photovoltaic
52,30,0.0,solar_photovoltaic
65,30,0.0,solar_photovoltaic
82,30,0.0,solar_photovoltaic
96,30,0.0,solar_photovoltaic
107,30,0.0,solar_photovoltaic
126,30,0.0,solar_photovoltaic
138,30,0.0,solar_photovoltaic
26,31,11.235,biomass
13,31,15.682,biomass
108,31,137.081,biomass
40,31,5.952,biomass
97,31,178.173,biomass
1,31,16.294,biomass
66,31,228.795,biomass
2,31,638.4155988,conventional_hydroelectric
14,31,12.700908,conventional_hydroelectric
27,31,333.5821488,conventional_hydroelectric
35,31,1068.979648,conventional_hydroelectric
54,31,621.3539178000001,conventional_hydroelectric
67,31,1520.7698932115038,conventional_hydroelectric
84,31,11130.195871799999,conventional_hydroelectric
109,31,124.7116430742,conventional_hydroelectric
128,31,40.81902,conventional_hydroelectric
139,31,22.660780799999998,conventional_hydroelectric
110,31,50.0,conventional_steam_coal
41,31,7219.002,conventional_steam_coal
3,31,14050.987,conventional_steam_coal
36,31,2368.701,conventional_steam_coal
85,31,1340.0,conventional_steam_coal
28,31,74.364,geothermal
116,31,56.5,natural_gas_fired_combined_cycle
73,31,644.7,natural_gas_fired_combined_cycle
71,31,0.0,natural_gas_fired_combined_cycle
44,31,0.0,natural_gas_fired_combined_cycle
115,31,0.0,natural_gas_fired_combined_cycle
70,31,0.0,natural_gas_fired_combined_cycle
131,31,0.0,natural_gas_fired_combined_cycle
18,31,0.0,natural_gas_fired_combined_cycle
72,31,0.0,natural_gas_fired_combined_cycle
114,31,0.0,natural_gas_fired_combined_cycle
45,31,0.0,natural_gas_fired_combined_cycle
78,31,257.0,natural_gas_fired_combustion_turbine
75,31,0.0,natural_gas_fired_combustion_turbine
119,31,0.0,natural_gas_fired_combustion_turbine
117,31,0.0,natural_gas_fired_combustion_turbine
134,31,0.0,natural_gas_fired_combustion_turbine
103,31,0.0,natural_gas_fired_combustion_turbine
47,31,0.0,natural_gas_fired_combustion_turbine
8,31,0.0,natural_gas_fired_combustion_turbine
90,31,0.0,natural_gas_fired_combustion_turbine
60,31,0.0,natural_gas_fired_combustion_turbine
46,31,0.0,natural_gas_fired_combustion_turbine
37,31,0.0,natural_gas_fired_combustion_turbine
7,31,0.0,natural_gas_fired_combustion_turbine
133,31,0.0,natural_gas_fired_combustion_turbine
74,31,0.0,natural_gas_fired_combustion_turbine
20,31,0.0,natural_gas_fired_combustion_turbine
135,31,0.0,natural_gas_fired_combustion_turbine
142,31,0.0,natural_gas_fired_combustion_turbine
121,31,0.0,natural_gas_fired_combustion_turbine
91,31,0.0,natural_gas_fired_combustion_turbine
22,31,0.0,natural_gas_steam_turbine
123,31,0.0,natural_gas_steam_turbine
62,31,0.0,natural_gas_steam_turbine
49,31,0.0,natural_gas_steam_turbine
48,31,0.0,natural_gas_steam_turbine
21,31,0.0,natural_gas_steam_turbine
79,31,7405.999,nuclear
10,31,23.079810000000002,onshore_wind_turbine
23,31,991.8612,onshore_wind_turbine
31,31,342.99186,onshore_wind_turbine
38,31,1367.7021,onshore_wind_turbine
50,31,753.1419599999999,onshore_wind_turbine
63,31,152.6500801128,onshore_wind_turbine
80,31,8.76216,onshore_wind_turbine
94,31,411.38820000000004,onshore_wind_turbine
105,31,198.54965969999998,onshore_wind_turbine
124,31,1693.0795495548,onshore_wind_turbine
136,31,573.57936,onshore_wind_turbine
144,31,5173.084709999999,onshore_wind_turbine
11,31,19.125,small_hydroelectric
24,31,62.577,small_hydroelectric
32,31,192.0,small_hydroelectric
39,31,52.9,small_hydroelectric
51,31,25.641,small_hydroelectric
64,31,6.128,small_hydroelectric
81,31,241.672,small_hydroelectric
95,31,418.922,small_hydroelectric
106,31,31.614,small_hydroelectric
125,31,100.697,small_hydroelectric
137,31,36.822,small_hydroelectric
145,31,33.21,small_hydroelectric
12,31,0.0,solar_photovoltaic
25,31,0.16014,solar_photovoltaic
33,31,0.0,solar_photovoltaic
52,31,377.38428,solar_photovoltaic
65,31,0.0,solar_photovoltaic
82,31,0.0,solar_photovoltaic
96,31,0.0,solar_photovoltaic
107,31,0.0,solar_photovoltaic
126,31,0.0,solar_photovoltaic
138,31,0.0,solar_photovoltaic
26,32,11.235,biomass
13,32,15.682,biomass
108,32,137.081,biomass
40,32,5.952,biomass
97,32,178.173,biomass
1,32,16.294,biomass
66,32,228.795,biomass
2,32,638.4155988,conventional_hydroelectric
14,32,12.700908,conventional_hydroelectric
27,32,333.5821488,conventional_hydroelectric
35,32,1068.979648,conventional_hydroelectric
54,32,621.3539178000001,conventional_hydroelectric
67,32,1520.7698932115038,conventional_hydroelectric
84,32,11130.195871799999,conventional_hydroelectric
109,32,124.7116430742,conventional_hydroelectric
128,32,40.81902,conventional_hydroelectric
139,32,22.660780799999998,conventional_hydroelectric
110,32,50.0,conventional_steam_coal
41,32,7219.002,conventional_steam_coal
3,32,14050.987,conventional_steam_coal
36,32,2368.701,conventional_steam_coal
85,32,1340.0,conventional_steam_coal
28,32,74.364,geothermal
116,32,56.5,natural_gas_fired_combined_cycle
73,32,412.60800000000006,natural_gas_fired_combined_cycle
71,32,0.0,natural_gas_fired_combined_cycle
44,32,0.0,natural_gas_fired_combined_cycle
115,32,0.0,natural_gas_fired_combined_cycle
70,32,0.0,natural_gas_fired_combined_cycle
131,32,0.0,natural_gas_fired_combined_cycle
18,32,0.0,natural_gas_fired_combined_cycle
72,32,0.0,natural_gas_fired_combined_cycle
114,32,0.0,natural_gas_fired_combined_cycle
45,32,0.0,natural_gas_fired_combined_cycle
78,32,257.0,natural_gas_fired_combustion_turbine
75,32,0.0,natural_gas_fired_combustion_turbine
119,32,0.0,natural_gas_fired_combustion_turbine
117,32,0.0,natural_gas_fired_combustion_turbine
134,32,0.0,natural_gas_fired_combustion_turbine
103,32,0.0,natural_gas_fired_combustion_turbine
47,32,0.0,natural_gas_fired_combustion_turbine
8,32,0.0,natural_gas_fired_combustion_turbine
90,32,0.0,natural_gas_fired_combustion_turbine
60,32,0.0,natural_gas_fired_combustion_turbine
46,32,0.0,natural_gas_fired_combustion_turbine
37,32,0.0,natural_gas_fired_combustion_turbine
7,32,0.0,natural_gas_fired_combustion_turbine
133,32,0.0,natural_gas_fired_combustion_turbine
74,32,0.0,natural_gas_fired_combustion_turbine
20,32,0.0,natural_gas_fired_combustion_turbine
135,32,0.0,natural_gas_fired_combustion_turbine
142,32,0.0,natural_gas_fired_combustion_turbine
121,32,0.0,natural_gas_fired_combustion_turbine
91,32,0.0,natural_gas_fired_combustion_turbine
22,32,0.0,natural_gas_steam_turbine
123,32,0.0,natural_gas_steam_turbine
62,32,0.0,natural_gas_steam_turbine
49,32,0.0,natural_gas_steam_turbine
48,32,0.0,natural_gas_steam_turbine
21,32,0.0,natural_gas_steam_turbine
79,32,7405.999,nuclear
10,32,11.578500000000002,onshore_wind_turbine
23,32,457.59779999999995,onshore_wind_turbine
31,32,255.46277999999998,onshore_wind_turbine
38,32,970.63515,onshore_wind_turbine
50,32,785.6600399999999,onshore_wind_turbine
63,32,118.0093199904,onshore_wind_turbine
80,32,22.30368,onshore_wind_turbine
94,32,353.0688,onshore_wind_turbine
105,32,137.731859307,onshore_wind_turbine
124,32,1211.5264502286002,onshore_wind_turbine
136,32,300.28113,onshore_wind_turbine
144,32,5352.905249999999,onshore_wind_turbine
11,32,19.125,small_hydroelectric
24,32,62.577,small_hydroelectric
32,32,192.0,small_hydroelectric
39,32,52.9,small_hydroelectric
51,32,25.641,small_hydroelectric
64,32,6.128,small_hydroelectric
81,32,241.672,small_hydroelectric
95,32,418.922,small_hydroelectric
106,32,31.614,small_hydroelectric
125,32,100.697,small_hydroelectric
137,32,36.822,small_hydroelectric
145,32,33.21,small_hydroelectric
12,32,1759.72338,solar_photovoltaic
25,32,270.47646,solar_photovoltaic
33,32,0.37725000000000003,solar_photovoltaic
52,32,1153.48068,solar_photovoltaic
65,32,2029.5478460300997,solar_photovoltaic
82,32,781.7815499999999,solar_photovoltaic
96,32,0.0,solar_photovoltaic
107,32,2353.5377416680003,solar_photovoltaic
126,32,3235.3994381925,solar_photovoltaic
138,32,382.18257,solar_photovoltaic
26,33,11.235,biomass
13,33,15.682,biomass
108,33,137.081,biomass
40,33,5.952,biomass
97,33,178.173,biomass
1,33,16.294,biomass
66,33,228.795,biomass
2,33,638.4155988,conventional_hydroelectric
14,33,12.700908,conventional_hydroelectric
27,33,333.5821488,conventional_hydroelectric
35,33,1068.979648,conventional_hydroelectric
54,33,621.3539178000001,conventional_hydroelectric
67,33,1520.7698932115038,conventional_hydroelectric
84,33,11130.195871799999,conventional_hydroelectric
109,33,124.7116430742,conventional_hydroelectric
128,33,40.81902,conventional_hydroelectric
139,33,22.660780799999998,conventional_hydroelectric
110,33,50.0,conventional_steam_coal
41,33,7219.002,conventional_steam_coal
3,33,14050.987,conventional_steam_coal
36,33,1018.5414300000002,conventional_steam_coal
85,33,576.2,conventional_steam_coal
28,33,74.364,geothermal
116,33,20.339999999999996,natural_gas_fired_combined_cycle
73,33,0.0,natural_gas_fired_combined_cycle
71,33,0.0,natural_gas_fired_combined_cycle
44,33,0.0,natural_gas_fired_combined_cycle
115,33,0.0,natural_gas_fired_combined_cycle
70,33,0.0,natural_gas_fired_combined_cycle
131,33,0.0,natural_gas_fired_combined_cycle
18,33,0.0,natural_gas_fired_combined_cycle
72,33,0.0,natural_gas_fired_combined_cycle
114,33,0.0,natural_gas_fired_combined_cycle
45,33,0.0,natural_gas_fired_combined_cycle
78,33,0.0,natural_gas_fired_combustion_turbine
75,33,0.0,natural_gas_fired_combustion_turbine
119,33,0.0,natural_gas_fired_combustion_turbine
117,33,0.0,natural_gas_fired_combustion_turbine
134,33,0.0,natural_gas_fired_combustion_turbine
103,33,0.0,natural_gas_fired_combustion_turbine
47,33,0.0,natural_gas_fired_combustion_turbine
8,33,0.0,natural_gas_fired_combustion_turbine
90,33,0.0,natural_gas_fired_combustion_turbine
60,33,0.0,natural_gas_fired_combustion_turbine
46,33,0.0,natural_gas_fired_combustion_turbine
37,33,0.0,natural_gas_fired_combustion_turbine
7,33,0.0,natural_gas_fired_combustion_turbine
133,33,0.0,natural_gas_fired_combustion_turbine
74,33,0.0,natural_gas_fired_combustion_turbine
20,33,0.0,natural_gas_fired_combustion_turbine
135,33,0.0,natural_gas_fired_combustion_turbine
142,33,0.0,natural_gas_fired_combustion_turbine
121,33,0.0,natural_gas_fired_combustion_turbine
91,33,0.0,natural_gas_fired_combustion_turbine
22,33,0.0,natural_gas_steam_turbine
123,33,0.0,natural_gas_steam_turbine
62,33,0.0,natural_gas_steam_turbine
49,33,0.0,natural_gas_steam_turbine
48,33,0.0,natural_gas_steam_turbine
21,33,0.0,natural_gas_steam_turbine
79,33,7405.999,nuclear
10,33,0.0,onshore_wind_turbine
23,33,2731.212,onshore_wind_turbine
31,33,146.56032,onshore_wind_turbine
38,33,705.2746500000001,onshore_wind_turbine
50,33,827.75934,onshore_wind_turbine
63,33,87.4367998584,onshore_wind_turbine
80,33,3.5845199999999995,onshore_wind_turbine
94,33,401.931,onshore_wind_turbine
105,33,107.79984022500001,onshore_wind_turbine
124,33,375.82988688960006,onshore_wind_turbine
136,33,307.21959,onshore_wind_turbine
144,33,5549.410169999999,onshore_wind_turbine
11,33,19.125,small_hydroelectric
24,33,62.577,small_hydroelectric
32,33,192.0,small_hydroelectric
39,33,52.9,small_hydroelectric
51,33,25.641,small_hydroelectric
64,33,6.128,small_hydroelectric
81,33,241.672,small_hydroelectric
95,33,418.922,small_hydroelectric
106,33,31.614,small_hydroelectric
125,33,100.697,small_hydroelectric
137,33,36.822,small_hydroelectric
145,33,33.21,small_hydroelectric
12,33,2899.5786,solar_photovoltaic
25,33,514.5298199999999,solar_photovoltaic
33,33,280.90035,solar_photovoltaic
52,33,1588.3316399999999,solar_photovoltaic
65,33,4368.8816730053995,solar_photovoltaic
82,33,3275.9573399999995,solar_photovoltaic
96,33,82.36476,solar_photovoltaic
107,33,4413.15308586,solar_photovoltaic
126,33,7906.743814975501,solar_photovoltaic
138,33,891.36795,solar_photovoltaic
26,34,11.235,biomass
13,34,15.682,biomass
108,34,137.081,biomass
40,34,5.952,biomass
97,34,178.173,biomass
1,34,16.294,biomass
66,34,228.795,biomass
2,34,638.4155988,conventional_hydroelectric
14,34,12.700908,conventional_hydroelectric
27,34,333.5821488,conventional_hydroelectric
35,34,1068.979648,conventional_hydroelectric
54,34,621.3539178000001,conventional_hydroelectric
67,34,1520.7698932115038,conventional_hydroelectric
84,34,11130.195871799999,conventional_hydroelectric
109,34,124.7116430742,conventional_hydroelectric
128,34,40.81902,conventional_hydroelectric
139,34,22.660780799999998,conventional_hydroelectric
110,34,50.0,conventional_steam_coal
41,34,7219.002,conventional_steam_coal
3,34,14050.987,conventional_steam_coal
36,34,0.0,conventional_steam_coal
85,34,0.0,conventional_steam_coal
28,34,74.364,geothermal
116,34,0.0,natural_gas_fired_combined_cycle
73,34,0.0,natural_gas_fired_combined_cycle
71,34,0.0,natural_gas_fired_combined_cycle
44,34,0.0,natural_gas_fired_combined_cycle
115,34,0.0,natural_gas_fired_combined_cycle
70,34,0.0,natural_gas_fired_combined_cycle
131,34,0.0,natural_gas_fired_combined_cycle
18,34,0.0,natural_gas_fired_combined_cycle
72,34,0.0,natural_gas_fired_combined_cycle
114,34,0.0,natural_gas_fired_combined_cycle
45,34,0.0,natural_gas_fired_combined_cycle
78,34,0.0,natural_gas_fired_combustion_turbine
75,34,0.0,natural_gas_fired_combustion_turbine
119,34,0.0,natural_gas_fired_combustion_turbine
117,34,0.0,natural_gas_fired_combustion_turbine
134,34,0.0,natural_gas_fired_combustion_turbine
103,34,0.0,natural_gas_fired_combustion_turbine
47,34,0.0,natural_gas_fired_combustion_turbine
8,34,0.0,natural_gas_fired_combustion_turbine
90,34,0.0,natural_gas_fired_combustion_turbine
60,34,0.0,natural_gas_fired_combustion_turbine
46,34,0.0,natural_gas_fired_combustion_turbine
37,34,0.0,natural_gas_fired_combustion_turbine
7,34,0.0,natural_gas_fired_combustion_turbine
133,34,0.0,natural_gas_fired_combustion_turbine
74,34,0.0,natural_gas_fired_combustion_turbine
20,34,0.0,natural_gas_fired_combustion_turbine
135,34,0.0,natural_gas_fired_combustion_turbine
142,34,0.0,natural_gas_fired_combustion_turbine
121,34,0.0,natural_gas_fired_combustion_turbine
91,34,0.0,natural_gas_fired_combustion_turbine
22,34,0.0,natural_gas_steam_turbine
123,34,0.0,natural_gas_steam_turbine
62,34,0.0,natural_gas_steam_turbine
49,34,0.0,natural_gas_steam_turbine
48,34,0.0,natural_gas_steam_turbine
21,34,0.0,natural_gas_steam_turbine
79,34,7405.999,nuclear
10,34,0.0,onshore_wind_turbine
23,34,5150.1714,onshore_wind_turbine
31,34,13.740029999999999,onshore_wind_turbine
38,34,641.2473000000001,onshore_wind_turbine
50,34,1129.71294,onshore_wind_turbine
63,34,55.680239918400005,onshore_wind_turbine
80,34,0.7965599999999999,onshore_wind_turbine
94,34,127.67219999999999,onshore_wind_turbine
105,34,44.852699556,onshore_wind_turbine
124,34,481.8093014658,onshore_wind_turbine
136,34,565.48449,onshore_wind_turbine
144,34,7172.429579999999,onshore_wind_turbine
11,34,19.125,small_hydroelectric
24,34,62.577,small_hydroelectric
32,34,192.0,small_hydroelectric
39,34,52.9,small_hydroelectric
51,34,25.641,small_hydroelectric
64,34,6.128,small_hydroelectric
81,34,241.672,small_hydroelectric
95,34,418.922,small_hydroelectric
106,34,31.614,small_hydroelectric
125,34,100.697,small_hydroelectric
137,34,36.822,small_hydroelectric
145,34,33.21,small_hydroelectric
12,34,3566.0579399999997,solar_photovoltaic
25,34,732.1600799999999,solar_photovoltaic
33,34,356.80305,solar_photovoltaic
52,34,1798.6478399999999,solar_photovoltaic
65,34,5788.164694568999,solar_photovoltaic
82,34,4603.731779999999,solar_photovoltaic
96,34,201.37806,solar_photovoltaic
107,34,5613.484714521,solar_photovoltaic
126,34,10614.939428697,solar_photovoltaic
138,34,1134.80631,solar_photovoltaic
26,35,11.235,biomass
13,35,15.682,biomass
108,35,137.081,biomass
40,35,5.952,biomass
97,35,178.173,biomass
1,35,16.294,biomass
66,35,228.795,biomass
2,35,638.4155988,conventional_hydroelectric
14,35,12.700908,conventional_hydroelectric
27,35,333.5821488,conventional_hydroelectric
35,35,1068.979648,conventional_hydroelectric
54,35,621.3539178000001,conventional_hydroelectric
67,35,1520.7698932115038,conventional_hydroelectric
84,35,11130.195871799999,conventional_hydroelectric
109,35,124.7116430742,conventional_hydroelectric
128,35,40.81902,conventional_hydroelectric
139,35,22.660780799999998,conventional_hydroelectric
110,35,50.0,conventional_steam_coal
41,35,7219.002,conventional_steam_coal
3,35,8009.062589999999,conventional_steam_coal
36,35,0.0,conventional_steam_coal
85,35,0.0,conventional_steam_coal
28,35,74.364,geothermal
116,35,0.0,natural_gas_fired_combined_cycle
73,35,0.0,natural_gas_fired_combined_cycle
71,35,0.0,natural_gas_fired_combined_cycle
44,35,0.0,natural_gas_fired_combined_cycle
115,35,0.0,natural_gas_fired_combined_cycle
70,35,0.0,natural_gas_fired_combined_cycle
131,35,0.0,natural_gas_fired_combined_cycle
18,35,0.0,natural_gas_fired_combined_cycle
72,35,0.0,natural_gas_fired_combined_cycle
114,35,0.0,natural_gas_fired_combined_cycle
45,35,0.0,natural_gas_fired_combined_cycle
78,35,0.0,natural_gas_fired_combustion_turbine
75,35,0.0,natural_gas_fired_combustion_turbine
119,35,0.0,natural_gas_fired_combustion_turbine
117,35,0.0,natural_gas_fired_combustion_turbine
134,35,0.0,natural_gas_fired_combustion_turbine
103,35,0.0,natural_gas_fired_combustion_turbine
47,35,0.0,natural_gas_fired_combustion_turbine
8,35,0.0,natural_gas_fired_combustion_turbine
90,35,0.0,natural_gas_fired_combustion_turbine
60,35,0.0,natural_gas_fired_combustion_turbine
46,35,0.0,natural_gas_fired_combustion_turbine
37,35,0.0,natural_gas_fired_combustion_turbine
7,35,0.0,natural_gas_fired_combustion_turbine
133,35,0.0,natural_gas_fired_combustion_turbine
74,35,0.0,natural_gas_fired_combustion_turbine
20,35,0.0,natural_gas_fired_combustion_turbine
135,35,0.0,natural_gas_fired_combustion_turbine
142,35,0.0,natural_gas_fired_combustion_turbine
121,35,0.0,natural_gas_fired_combustion_turbine
91,35,0.0,natural_gas_fired_combustion_turbine
22,35,0.0,natural_gas_steam_turbine
123,35,0.0,natural_gas_steam_turbine
62,35,0.0,natural_gas_steam_turbine
49,35,0.0,natural_gas_steam_turbine
48,35,0.0,natural_gas_steam_turbine
21,35,0.0,natural_gas_steam_turbine
79,35,7405.999,nuclear
10,35,1.6981800000000002,onshore_wind_turbine
23,35,4929.757799999999,onshore_wind_turbine
31,35,5.59779,onshore_wind_turbine
38,35,576.4896,onshore_wind_turbine
50,35,1384.3411199999998,onshore_wind_turbine
63,35,48.5456401344,onshore_wind_turbine
80,35,6.3724799999999995,onshore_wind_turbine
94,35,66.2004,onshore_wind_turbine
105,35,233.75345956200002,onshore_wind_turbine
124,35,1032.5711055990002,onshore_wind_turbine
136,35,464.87682,onshore_wind_turbine
144,35,7627.542389999999,onshore_wind_turbine
11,35,19.125,small_hydroelectric
24,35,62.577,small_hydroelectric
32,35,192.0,small_hydroelectric
39,35,52.9,small_hydroelectric
51,35,25.641,small_hydroelectric
64,35,6.128,small_hydroelectric
81,35,241.672,small_hydroelectric
95,35,418.922,small_hydroelectric
106,35,31.614,small_hydroelectric
125,35,100.697,small_hydroelectric
137,35,36.822,small_hydroelectric
145,35,33.21,small_hydroelectric
12,35,3914.73378,solar_photovoltaic
25,35,848.2615799999999,solar_photovoltaic
33,35,393.3963,solar_photovoltaic
52,35,1824.7151999999999,solar_photovoltaic
65,35,6676.330441012199,solar_photovoltaic
82,35,5337.017789999999,solar_photovoltaic
96,35,295.70712000000003,solar_photovoltaic
107,35,6296.45747841,solar_photovoltaic
126,35,12250.050923415,solar_photovoltaic
138,35,1251.63324,solar_photovoltaic
26,36,11.235,biomass
13,36,15.682,biomass
108,36,137.081,biomass
40,36,5.952,biomass
97,36,178.173,biomass
1,36,16.294,biomass
66,36,228.795,biomass
2,36,638.4155988,conventional_hydroelectric
14,36,12.700908,conventional_hydroelectric
27,36,333.5821488,conventional_hydroelectric
35,36,1068.979648,conventional_hydroelectric
54,36,621.3539178000001,conventional_hydroelectric
67,36,1520.7698932115038,conventional_hydroelectric
84,36,11130.195871799999,conventional_hydroelectric
109,36,124.7116430742,conventional_hydroelectric
128,36,40.81902,conventional_hydroelectric
139,36,22.660780799999998,conventional_hydroelectric
110,36,50.0,conventional_steam_coal
41,36,7219.002,conventional_steam_coal
3,36,0.0,conventional_steam_coal
36,36,0.0,conventional_steam_coal
85,36,0.0,conventional_steam_coal
28,36,74.364,geothermal
116,36,0.0,natural_gas_fired_combined_cycle
73,36,0.0,natural_gas_fired_combined_cycle
71,36,0.0,natural_gas_fired_combined_cycle
44,36,0.0,natural_gas_fired_combined_cycle
115,36,0.0,natural_gas_fired_combined_cycle
70,36,0.0,natural_gas_fired_combined_cycle
131,36,0.0,natural_gas_fired_combined_cycle
18,36,0.0,natural_gas_fired_combined_cycle
72,36,0.0,natural_gas_fired_combined_cycle
114,36,0.0,natural_gas_fired_combined_cycle
45,36,0.0,natural_gas_fired_combined_cycle
78,36,0.0,natural_gas_fired_combustion_turbine
75,36,0.0,natural_gas_fired_combustion_turbine
119,36,0.0,natural_gas_fired_combustion_turbine
117,36,0.0,natural_gas_fired_combustion_turbine
134,36,0.0,natural_gas_fired_combustion_turbine
103,36,0.0,natural_gas_fired_combustion_turbine
47,36,0.0,natural_gas_fired_combustion_turbine
8,36,0.0,natural_gas_fired_combustion_turbine
90,36,0.0,natural_gas_fired_combustion_turbine
60,36,0.0,natural_gas_fired_combustion_turbine
46,36,0.0,natural_gas_fired_combustion_turbine
37,36,0.0,natural_gas_fired_combustion_turbine
7,36,0.0,natural_gas_fired_combustion_turbine
133,36,0.0,natural_gas_fired_combustion_turbine
74,36,0.0,natural_gas_fired_combustion_turbine
20,36,0.0,natural_gas_fired_combustion_turbine
135,36,0.0,natural_gas_fired_combustion_turbine
142,36,0.0,natural_gas_fired_combustion_turbine
121,36,0.0,natural_gas_fired_combustion_turbine
91,36,0.0,natural_gas_fired_combustion_turbine
22,36,0.0,natural_gas_steam_turbine
123,36,0.0,natural_gas_steam_turbine
62,36,0.0,natural_gas_steam_turbine
49,36,0.0,natural_gas_steam_turbine
48,36,0.0,natural_gas_steam_turbine
21,36,0.0,natural_gas_steam_turbine
79,36,7405.999,nuclear
10,36,0.0,onshore_wind_turbine
23,36,5111.8386,onshore_wind_turbine
31,36,13.740029999999999,onshore_wind_turbine
38,36,800.4635999999999,onshore_wind_turbine
50,36,1069.6125599999998,onshore_wind_turbine
63,36,51.64235986320001,onshore_wind_turbine
80,36,7.169039999999999,onshore_wind_turbine
94,36,370.407,onshore_wind_turbine
105,36,463.567260555,onshore_wind_turbine
124,36,1437.0427765584002,onshore_wind_turbine
136,36,571.65201,onshore_wind_turbine
144,36,7803.655289999999,onshore_wind_turbine
11,36,19.125,small_hydroelectric
24,36,62.577,small_hydroelectric
32,36,192.0,small_hydroelectric
39,36,52.9,small_hydroelectric
51,36,25.641,small_hydroelectric
64,36,6.128,small_hydroelectric
81,36,241.672,small_hydroelectric
95,36,418.922,small_hydroelectric
106,36,31.614,small_hydroelectric
125,36,100.697,small_hydroelectric
137,36,36.822,small_hydroelectric
145,36,33.21,small_hydroelectric
12,36,4030.3537199999996,solar_photovoltaic
25,36,948.3490799999998,solar_photovoltaic
33,36,405.01560000000006,solar_photovoltaic
52,36,1846.9317,solar_photovoltaic
65,36,7058.4244233423,solar_photovoltaic
82,36,5694.0453,solar_photovoltaic
96,36,302.44491000000005,solar_photovoltaic
107,36,6541.8012876269995,solar_photovoltaic
126,36,12907.2479144475,solar_photovoltaic
138,36,1304.4695399999998,solar_photovoltaic
26,37,11.235,biomass
13,37,15.682,biomass
108,37,137.081,biomass
40,37,5.952,biomass
97,37,178.173,biomass
1,37,16.294,biomass
66,37,228.795,biomass
2,37,638.4155988,conventional_hydroelectric
14,37,12.700908,conventional_hydroelectric
27,37,333.5821488,conventional_hydroelectric
35,37,1068.979648,conventional_hydroelectric
54,37,621.3539178000001,conventional_hydroelectric
67,37,1520.7698932115038,conventional_hydroelectric
84,37,11130.195871799999,conventional_hydroelectric
109,37,124.7116430742,conventional_hydroelectric
128,37,40.81902,conventional_hydroelectric
139,37,22.660780799999998,conventional_hydroelectric
110,37,50.0,conventional_steam_coal
41,37,7219.002,conventional_steam_coal
3,37,0.0,conventional_steam_coal
36,37,0.0,conventional_steam_coal
85,37,0.0,conventional_steam_coal
28,37,74.364,geothermal
116,37,0.0,natural_gas_fired_combined_cycle
73,37,0.0,natural_gas_fired_combined_cycle
71,37,0.0,natural_gas_fired_combined_cycle
44,37,0.0,natural_gas_fired_combined_cycle
115,37,0.0,natural_gas_fired_combined_cycle
70,37,0.0,natural_gas_fired_combined_cycle
131,37,0.0,natural_gas_fired_combined_cycle
18,37,0.0,natural_gas_fired_combined_cycle
72,37,0.0,natural_gas_fired_combined_cycle
114,37,0.0,natural_gas_fired_combined_cycle
45,37,0.0,natural_gas_fired_combined_cycle
78,37,0.0,natural_gas_fired_combustion_turbine
75,37,0.0,natural_gas_fired_combustion_turbine
119,37,0.0,natural_gas_fired_combustion_turbine
117,37,0.0,natural_gas_fired_combustion_turbine
134,37,0.0,natural_gas_fired_combustion_turbine
103,37,0.0,natural_gas_fired_combustion_turbine
47,37,0.0,natural_gas_fired_combustion_turbine
8,37,0.0,natural_gas_fired_combustion_turbine
90,37,0.0,natural_gas_fired_combustion_turbine
60,37,0.0,natural_gas_fired_combustion_turbine
46,37,0.0,natural_gas_fired_combustion_turbine
37,37,0.0,natural_gas_fired_combustion_turbine
7,37,0.0,natural_gas_fired_combustion_turbine
133,37,0.0,natural_gas_fired_combustion_turbine
74,37,0.0,natural_gas_fired_combustion_turbine
20,37,0.0,natural_gas_fired_combustion_turbine
135,37,0.0,natural_gas_fired_combustion_turbine
142,37,0.0,natural_gas_fired_combustion_turbine
121,37,0.0,natural_gas_fired_combustion_turbine
91,37,0.0,natural_gas_fired_combustion_turbine
22,37,0.0,natural_gas_steam_turbine
123,37,0.0,natural_gas_steam_turbine
62,37,0.0,natural_gas_steam_turbine
49,37,0.0,natural_gas_steam_turbine
48,37,0.0,natural_gas_steam_turbine
21,37,0.0,natural_gas_steam_turbine
79,37,7405.999,nuclear
10,37,4.09107,onshore_wind_turbine
23,37,4756.4616000000005,onshore_wind_turbine
31,37,61.06679999999999,onshore_wind_turbine
38,37,769.0585500000001,onshore_wind_turbine
50,37,836.4695399999999,onshore_wind_turbine
63,37,40.925280052800005,onshore_wind_turbine
80,37,3.9827999999999997,onshore_wind_turbine
94,37,2060.0934,onshore_wind_turbine
105,37,374.676539958,onshore_wind_turbine
124,37,1674.594058698,onshore_wind_turbine
136,37,602.48961,onshore_wind_turbine
144,37,7719.306479999998,onshore_wind_turbine
11,37,19.125,small_hydroelectric
24,37,62.577,small_hydroelectric
32,37,192.0,small_hydroelectric
39,37,52.9,small_hydroelectric
51,37,25.641,small_hydroelectric
64,37,6.128,small_hydroelectric
81,37,241.672,small_hydroelectric
95,37,418.922,small_hydroelectric
106,37,31.614,small_hydroelectric
125,37,100.697,small_hydroelectric
137,37,36.822,small_hydroelectric
145,37,33.21,small_hydroelectric
12,37,3999.4813799999993,solar_photovoltaic
25,37,931.8546599999999,solar_photovoltaic
33,37,439.49625000000003,solar_photovoltaic
52,37,1752.43752,solar_photovoltaic
65,37,7001.995592713799,solar_photovoltaic
82,37,5756.75505,solar_photovoltaic
96,37,307.60845,solar_photovoltaic
107,37,6461.9490324495,solar_photovoltaic
126,37,12846.89925066,solar_photovoltaic
138,37,1278.63846,solar_photovoltaic
26,38,11.235,biomass
13,38,15.682,biomass
108,38,137.081,biomass
40,38,5.952,biomass
97,38,178.173,biomass
1,38,16.294,biomass
66,38,228.795,biomass
2,38,638.4155988,conventional_hydroelectric
14,38,12.700908,conventional_hydroelectric
27,38,333.5821488,conventional_hydroelectric
35,38,1068.979648,conventional_hydroelectric
54,38,621.3539178000001,conventional_hydroelectric
67,38,1520.7698932115038,conventional_hydroelectric
84,38,11130.195871799999,conventional_hydroelectric
109,38,124.7116430742,conventional_hydroelectric
128,38,40.81902,conventional_hydroelectric
139,38,22.660780799999998,conventional_hydroelectric
110,38,50.0,conventional_steam_coal
41,38,7219.002,conventional_steam_coal
3,38,3926.900265225415,conventional_steam_coal
36,38,0.0,conventional_steam_coal
85,38,0.0,conventional_steam_coal
28,38,74.364,geothermal
116,38,0.0,natural_gas_fired_combined_cycle
73,38,0.0,natural_gas_fired_combined_cycle
71,38,0.0,natural_gas_fired_combined_cycle
44,38,0.0,natural_gas_fired_combined_cycle
115,38,0.0,natural_gas_fired_combined_cycle
70,38,0.0,natural_gas_fired_combined_cycle
131,38,0.0,natural_gas_fired_combined_cycle
18,38,0.0,natural_gas_fired_combined_cycle
72,38,0.0,natural_gas_fired_combined_cycle
114,38,0.0,natural_gas_fired_combined_cycle
45,38,0.0,natural_gas_fired_combined_cycle
78,38,0.0,natural_gas_fired_combustion_turbine
75,38,0.0,natural_gas_fired_combustion_turbine
119,38,0.0,natural_gas_fired_combustion_turbine
117,38,0.0,natural_gas_fired_combustion_turbine
134,38,0.0,natural_gas_fired_combustion_turbine
103,38,0.0,natural_gas_fired_combustion_turbine
47,38,0.0,natural_gas_fired_combustion_turbine
8,38,0.0,natural_gas_fired_combustion_turbine
90,38,0.0,natural_gas_fired_combustion_turbine
60,38,0.0,natural_gas_fired_combustion_turbine
46,38,0.0,natural_gas_fired_combustion_turbine
37,38,0.0,natural_gas_fired_combustion_turbine
7,38,0.0,natural_gas_fired_combustion_turbine
133,38,0.0,natural_gas_fired_combustion_turbine
74,38,0.0,natural_gas_fired_combustion_turbine
20,38,0.0,natural_gas_fired_combustion_turbine
135,38,0.0,natural_gas_fired_combustion_turbine
142,38,0.0,natural_gas_fired_combustion_turbine
121,38,0.0,natural_gas_fired_combustion_turbine
91,38,0.0,natural_gas_fired_combustion_turbine
22,38,0.0,natural_gas_steam_turbine
123,38,0.0,natural_gas_steam_turbine
62,38,0.0,natural_gas_steam_turbine
49,38,0.0,natural_gas_steam_turbine
48,38,0.0,natural_gas_steam_turbine
21,38,0.0,natural_gas_steam_turbine
79,38,7405.999,nuclear
10,38,14.048580000000003,onshore_wind_turbine
23,38,4663.824,onshore_wind_turbine
31,38,95.16243,onshore_wind_turbine
38,38,648.3073499999999,onshore_wind_turbine
50,38,585.32544,onshore_wind_turbine
63,38,50.853119976,onshore_wind_turbine
80,38,5.177639999999999,onshore_wind_turbine
94,38,1350.8034,onshore_wind_turbine
105,38,187.562220174,onshore_wind_turbine
124,38,2471.8415343732,onshore_wind_turbine
136,38,609.0426,onshore_wind_turbine
144,38,7881.515729999998,onshore_wind_turbine
11,38,19.125,small_hydroelectric
24,38,62.577,small_hydroelectric
32,38,192.0,small_hydroelectric
39,38,52.9,small_hydroelectric
51,38,25.641,small_hydroelectric
64,38,6.128,small_hydroelectric
81,38,241.672,small_hydroelectric
95,38,418.922,small_hydroelectric
106,38,31.614,small_hydroelectric
125,38,100.697,small_hydroelectric
137,38,36.822,small_hydroelectric
145,38,33.21,small_hydroelectric
12,38,3875.3866799999996,solar_photovoltaic
25,38,887.9762999999999,solar_photovoltaic
33,38,443.94780000000003,solar_photovoltaic
52,38,1611.73302,solar_photovoltaic
65,38,6832.6526973327,solar_photovoltaic
82,38,5724.982109999999,solar_photovoltaic
96,38,262.27005,solar_photovoltaic
107,38,6285.546300126,solar_photovoltaic
126,38,12611.221628136002,solar_photovoltaic
138,38,1186.85985,solar_photovoltaic
26,39,11.235,biomass
13,39,15.682,biomass
108,39,137.081,biomass
40,39,5.952,biomass
97,39,178.173,biomass
1,39,16.294,biomass
66,39,228.795,biomass
2,39,638.4155988,conventional_hydroelectric
14,39,12.700908,conventional_hydroelectric
27,39,333.5821488,conventional_hydroelectric
35,39,1068.979648,conventional_hydroelectric
54,39,621.3539178000001,conventional_hydroelectric
67,39,1520.7698932115038,conventional_hydroelectric
84,39,11130.195871799999,conventional_hydroelectric
109,39,124.7116430742,conventional_hydroelectric
128,39,40.81902,conventional_hydroelectric
139,39,22.660780799999998,conventional_hydroelectric
110,39,50.0,conventional_steam_coal
41,39,7219.002,conventional_steam_coal
3,39,11935.962855225414,conventional_steam_coal
36,39,0.0,conventional_steam_coal
85,39,0.0,conventional_steam_coal
28,39,74.364,geothermal
116,39,0.0,natural_gas_fired_combined_cycle
73,39,0.0,natural_gas_fired_combined_cycle
71,39,0.0,natural_gas_fired_combined_cycle
44,39,0.0,natural_gas_fired_combined_cycle
115,39,0.0,natural_gas_fired_combined_cycle
70,39,0.0,natural_gas_fired_combined_cycle
131,39,0.0,natural_gas_fired_combined_cycle
18,39,0.0,natural_gas_fired_combined_cycle
72,39,0.0,natural_gas_fired_combined_cycle
114,39,0.0,natural_gas_fired_combined_cycle
45,39,0.0,natural_gas_fired_combined_cycle
78,39,0.0,natural_gas_fired_combustion_turbine
75,39,0.0,natural_gas_fired_combustion_turbine
119,39,0.0,natural_gas_fired_combustion_turbine
117,39,0.0,natural_gas_fired_combustion_turbine
134,39,0.0,natural_gas_fired_combustion_turbine
103,39,0.0,natural_gas_fired_combustion_turbine
47,39,0.0,natural_gas_fired_combustion_turbine
8,39,0.0,natural_gas_fired_combustion_turbine
90,39,0.0,natural_gas_fired_combustion_turbine
60,39,0.0,natural_gas_fired_combustion_turbine
46,39,0.0,natural_gas_fired_combustion_turbine
37,39,0.0,natural_gas_fired_combustion_turbine
7,39,0.0,natural_gas_fired_combustion_turbine
133,39,0.0,natural_gas_fired_combustion_turbine
74,39,0.0,natural_gas_fired_combustion_turbine
20,39,0.0,natural_gas_fired_combustion_turbine
135,39,0.0,natural_gas_fired_combustion_turbine
142,39,0.0,natural_gas_fired_combustion_turbine
121,39,0.0,natural_gas_fired_combustion_turbine
91,39,0.0,natural_gas_fired_combustion_turbine
22,39,0.0,natural_gas_steam_turbine
123,39,0.0,natural_gas_steam_turbine
62,39,0.0,natural_gas_steam_turbine
49,39,0.0,natural_gas_steam_turbine
48,39,0.0,natural_gas_steam_turbine
21,39,0.0,natural_gas_steam_turbine
79,39,7405.999,nuclear
10,39,16.595850000000002,onshore_wind_turbine
23,39,5399.3346,onshore_wind_turbine
31,39,118.06247999999998,onshore_wind_turbine
38,39,354.21975,onshore_wind_turbine
50,39,594.03564,onshore_wind_turbine
63,39,69.59015995920001,onshore_wind_turbine
80,39,4.38108,onshore_wind_turbine
94,39,2071.1268,onshore_wind_turbine
105,39,274.083599727,onshore_wind_turbine
124,39,3506.40605898,onshore_wind_turbine
136,39,447.53067,onshore_wind_turbine
144,39,7531.143749999999,onshore_wind_turbine
11,39,19.125,small_hydroelectric
24,39,62.577,small_hydroelectric
32,39,192.0,small_hydroelectric
39,39,52.9,small_hydroelectric
51,39,25.641,small_hydroelectric
64,39,6.128,small_hydroelectric
81,39,241.672,small_hydroelectric
95,39,418.922,small_hydroelectric
106,39,31.614,small_hydroelectric
125,39,100.697,small_hydroelectric
137,39,36.822,small_hydroelectric
145,39,33.21,small_hydroelectric
12,39,3209.51268,solar_photovoltaic
25,39,695.64816,solar_photovoltaic
33,39,368.42235,solar_photovoltaic
52,39,1337.4333,solar_photovoltaic
65,39,5700.787047991799,solar_photovoltaic
82,39,5012.5993499999995,solar_photovoltaic
96,39,226.31418000000002,solar_photovoltaic
107,39,5317.256007827999,solar_photovoltaic
126,39,10890.607136443501,solar_photovoltaic
138,39,971.20947,solar_photovoltaic
26,40,11.235,biomass
13,40,15.682,biomass
108,40,137.081,biomass
40,40,5.952,biomass
97,40,178.173,biomass
1,40,16.294,biomass
66,40,228.795,biomass
2,40,638.4155988,conventional_hydroelectric
14,40,12.700908,conventional_hydroelectric
27,40,333.5821488,conventional_hydroelectric
35,40,1068.979648,conventional_hydroelectric
54,40,621.3539178000001,conventional_hydroelectric
67,40,1520.7698932115038,conventional_hydroelectric
84,40,11130.195871799999,conventional_hydroelectric
109,40,124.7116430742,conventional_hydroelectric
128,40,40.81902,conventional_hydroelectric
139,40,22.660780799999998,conventional_hydroelectric
110,40,50.0,conventional_steam_coal
41,40,7219.002,conventional_steam_coal
3,40,14050.987,conventional_steam_coal
36,40,1018.5414300000002,conventional_steam_coal
85,40,576.2,conventional_steam_coal
28,40,74.364,geothermal
116,40,20.339999999999996,natural_gas_fired_combined_cycle
73,40,0.0,natural_gas_fired_combined_cycle
71,40,0.0,natural_gas_fired_combined_cycle
44,40,0.0,natural_gas_fired_combined_cycle
115,40,0.0,natural_gas_fired_combined_cycle
70,40,0.0,natural_gas_fired_combined_cycle
131,40,0.0,natural_gas_fired_combined_cycle
18,40,0.0,natural_gas_fired_combined_cycle
72,40,0.0,natural_gas_fired_combined_cycle
114,40,0.0,natural_gas_fired_combined_cycle
45,40,0.0,natural_gas_fired_combined_cycle
78,40,0.0,natural_gas_fired_combustion_turbine
75,40,0.0,natural_gas_fired_combustion_turbine
119,40,0.0,natural_gas_fired_combustion_turbine
117,40,0.0,natural_gas_fired_combustion_turbine
134,40,0.0,natural_gas_fired_combustion_turbine
103,40,0.0,natural_gas_fired_combustion_turbine
47,40,0.0,natural_gas_fired_combustion_turbine
8,40,0.0,natural_gas_fired_combustion_turbine
90,40,0.0,natural_gas_fired_combustion_turbine
60,40,0.0,natural_gas_fired_combustion_turbine
46,40,0.0,natural_gas_fired_combustion_turbine
37,40,0.0,natural_gas_fired_combustion_turbine
7,40,0.0,natural_gas_fired_combustion_turbine
133,40,0.0,natural_gas_fired_combustion_turbine
74,40,0.0,natural_gas_fired_combustion_turbine
20,40,0.0,natural_gas_fired_combustion_turbine
135,40,0.0,natural_gas_fired_combustion_turbine
142,40,0.0,natural_gas_fired_combustion_turbine
121,40,0.0,natural_gas_fired_combustion_turbine
91,40,0.0,natural_gas_fired_combustion_turbine
22,40,0.0,natural_gas_steam_turbine
123,40,0.0,natural_gas_steam_turbine
62,40,0.0,natural_gas_steam_turbine
49,40,0.0,natural_gas_steam_turbine
48,40,0.0,natural_gas_steam_turbine
21,40,0.0,natural_gas_steam_turbine
79,40,7405.999,nuclear
10,40,42.222930000000005,onshore_wind_turbine
23,40,4121.5746,onshore_wind_turbine
31,40,181.16484,onshore_wind_turbine
38,40,318.67605,onshore_wind_turbine
50,40,424.47707999999994,onshore_wind_turbine
63,40,74.8121999184,onshore_wind_turbine
80,40,1.5931199999999999,onshore_wind_turbine
94,40,2688.9972000000002,onshore_wind_turbine
105,40,291.160919637,onshore_wind_turbine
124,40,3803.6682848340006,onshore_wind_turbine
136,40,435.58110000000005,onshore_wind_turbine
144,40,6607.941389999999,onshore_wind_turbine
11,40,19.125,small_hydroelectric
24,40,62.577,small_hydroelectric
32,40,192.0,small_hydroelectric
39,40,52.9,small_hydroelectric
51,40,25.641,small_hydroelectric
64,40,6.128,small_hydroelectric
81,40,241.672,small_hydroelectric
95,40,418.922,small_hydroelectric
106,40,31.614,small_hydroelectric
125,40,100.697,small_hydroelectric
137,40,36.822,small_hydroelectric
145,40,33.21,small_hydroelectric
12,40,2253.68082,solar_photovoltaic
25,40,348.30449999999996,solar_photovoltaic
33,40,234.9513,solar_photovoltaic
52,40,774.0228599999999,solar_photovoltaic
65,40,4078.8705333576,solar_photovoltaic
82,40,3953.2226399999995,solar_photovoltaic
96,40,101.63358,solar_photovoltaic
107,40,3941.7912261359998,solar_photovoltaic
126,40,8417.4903635235,solar_photovoltaic
138,40,576.5027399999999,solar_photovoltaic
26,41,11.235,biomass
13,41,15.682,biomass
108,41,137.081,biomass
40,41,5.952,biomass
97,41,178.173,biomass
1,41,16.294,biomass
66,41,228.795,biomass
2,41,638.4155988,conventional_hydroelectric
14,41,12.700908,conventional_hydroelectric
27,41,333.5821488,conventional_hydroelectric
35,41,1068.979648,conventional_hydroelectric
54,41,621.3539178000001,conventional_hydroelectric
67,41,1520.7698932115038,conventional_hydroelectric
84,41,11130.195871799999,conventional_hydroelectric
109,41,124.7116430742,conventional_hydroelectric
128,41,40.81902,conventional_hydroelectric
139,41,22.660780799999998,conventional_hydroelectric
110,41,50.0,conventional_steam_coal
41,41,7219.002,conventional_steam_coal
3,41,14050.987,conventional_steam_coal
36,41,2368.701,conventional_steam_coal
85,41,1340.0,conventional_steam_coal
28,41,74.364,geothermal
116,41,56.5,natural_gas_fired_combined_cycle
73,41,412.60800000000006,natural_gas_fired_combined_cycle
71,41,6915.585178468713,natural_gas_fired_combined_cycle
44,41,0.0,natural_gas_fired_combined_cycle
115,41,0.0,natural_gas_fired_combined_cycle
70,41,0.0,natural_gas_fired_combined_cycle
131,41,0.0,natural_gas_fired_combined_cycle
18,41,0.0,natural_gas_fired_combined_cycle
72,41,0.0,natural_gas_fired_combined_cycle
114,41,0.0,natural_gas_fired_combined_cycle
45,41,0.0,natural_gas_fired_combined_cycle
78,41,257.0,natural_gas_fired_combustion_turbine
75,41,0.0,natural_gas_fired_combustion_turbine
119,41,0.0,natural_gas_fired_combustion_turbine
117,41,0.0,natural_gas_fired_combustion_turbine
134,41,0.0,natural_gas_fired_combustion_turbine
103,41,0.0,natural_gas_fired_combustion_turbine
47,41,0.0,natural_gas_fired_combustion_turbine
8,41,0.0,natural_gas_fired_combustion_turbine
90,41,0.0,natural_gas_fired_combustion_turbine
60,41,0.0,natural_gas_fired_combustion_turbine
46,41,0.0,natural_gas_fired_combustion_turbine
37,41,0.0,natural_gas_fired_combustion_turbine
7,41,0.0,natural_gas_fired_combustion_turbine
133,41,0.0,natural_gas_fired_combustion_turbine
74,41,0.0,natural_gas_fired_combustion_turbine
20,41,0.0,natural_gas_fired_combustion_turbine
135,41,0.0,natural_gas_fired_combustion_turbine
142,41,0.0,natural_gas_fired_combustion_turbine
121,41,0.0,natural_gas_fired_combustion_turbine
91,41,0.0,natural_gas_fired_combustion_turbine
22,41,0.0,natural_gas_steam_turbine
123,41,0.0,natural_gas_steam_turbine
62,41,0.0,natural_gas_steam_turbine
49,41,0.0,natural_gas_steam_turbine
48,41,0.0,natural_gas_steam_turbine
21,41,0.0,natural_gas_steam_turbine
79,41,7405.999,nuclear
10,41,22.771050000000002,onshore_wind_turbine
23,41,2153.8242,onshore_wind_turbine
31,41,83.96685,onshore_wind_turbine
38,41,156.29489999999998,onshore_wind_turbine
50,41,228.20723999999998,onshore_wind_turbine
63,41,103.6692000648,onshore_wind_turbine
80,41,1.9913999999999998,onshore_wind_turbine
94,41,2466.753,onshore_wind_turbine
105,41,184.61184027299998,onshore_wind_turbine
124,41,2446.2490813860004,onshore_wind_turbine
136,41,208.53927000000002,onshore_wind_turbine
144,41,3944.9289599999993,onshore_wind_turbine
11,41,19.125,small_hydroelectric
24,41,62.577,small_hydroelectric
32,41,192.0,small_hydroelectric
39,41,52.9,small_hydroelectric
51,41,25.641,small_hydroelectric
64,41,6.128,small_hydroelectric
81,41,241.672,small_hydroelectric
95,41,418.922,small_hydroelectric
106,41,31.614,small_hydroelectric
125,41,100.697,small_hydroelectric
137,41,36.822,small_hydroelectric
145,41,33.21,small_hydroelectric
12,41,744.5681999999999,solar_photovoltaic
25,41,0.0,solar_photovoltaic
33,41,0.1509,solar_photovoltaic
52,41,0.0,solar_photovoltaic
65,41,1548.0167435567998,solar_photovoltaic
82,41,2234.97549,solar_photovoltaic
96,41,4.344930000000001,solar_photovoltaic
107,41,1758.641456691,solar_photovoltaic
126,41,4504.396949274,solar_photovoltaic
138,41,19.764689999999998,solar_photovoltaic
26,42,11.235,biomass
13,42,15.682,biomass
108,42,137.081,biomass
40,42,5.952,biomass
97,42,178.173,biomass
1,42,16.294,biomass
66,42,228.795,biomass
2,42,638.4155988,conventional_hydroelectric
14,42,12.700908,conventional_hydroelectric
27,42,333.5821488,conventional_hydroelectric
35,42,1068.979648,conventional_hydroelectric
54,42,621.3539178000001,conventional_hydroelectric
67,42,1520.7698932115038,conventional_hydroelectric
84,42,11130.195871799999,conventional_hydroelectric
109,42,124.7116430742,conventional_hydroelectric
128,42,40.81902,conventional_hydroelectric
139,42,22.660780799999998,conventional_hydroelectric
110,42,50.0,conventional_steam_coal
41,42,7219.002,conventional_steam_coal
3,42,14050.987,conventional_steam_coal
36,42,2368.701,conventional_steam_coal
85,42,1340.0,conventional_steam_coal
28,42,74.364,geothermal
116,42,56.5,natural_gas_fired_combined_cycle
73,42,644.7,natural_gas_fired_combined_cycle
71,42,4391.771011687097,natural_gas_fired_combined_cycle
44,42,0.0,natural_gas_fired_combined_cycle
115,42,0.0,natural_gas_fired_combined_cycle
70,42,0.0,natural_gas_fired_combined_cycle
131,42,0.0,natural_gas_fired_combined_cycle
18,42,0.0,natural_gas_fired_combined_cycle
72,42,0.0,natural_gas_fired_combined_cycle
114,42,0.0,natural_gas_fired_combined_cycle
45,42,0.0,natural_gas_fired_combined_cycle
78,42,257.0,natural_gas_fired_combustion_turbine
75,42,0.0,natural_gas_fired_combustion_turbine
119,42,0.0,natural_gas_fired_combustion_turbine
117,42,0.0,natural_gas_fired_combustion_turbine
134,42,0.0,natural_gas_fired_combustion_turbine
103,42,0.0,natural_gas_fired_combustion_turbine
47,42,0.0,natural_gas_fired_combustion_turbine
8,42,0.0,natural_gas_fired_combustion_turbine
90,42,0.0,natural_gas_fired_combustion_turbine
60,42,0.0,natural_gas_fired_combustion_turbine
46,42,0.0,natural_gas_fired_combustion_turbine
37,42,0.0,natural_gas_fired_combustion_turbine
7,42,0.0,natural_gas_fired_combustion_turbine
133,42,0.0,natural_gas_fired_combustion_turbine
74,42,0.0,natural_gas_fired_combustion_turbine
20,42,0.0,natural_gas_fired_combustion_turbine
135,42,0.0,natural_gas_fired_combustion_turbine
142,42,0.0,natural_gas_fired_combustion_turbine
121,42,0.0,natural_gas_fired_combustion_turbine
91,42,0.0,natural_gas_fired_combustion_turbine
22,42,0.0,natural_gas_steam_turbine
123,42,0.0,natural_gas_steam_turbine
62,42,0.0,natural_gas_steam_turbine
49,42,0.0,natural_gas_steam_turbine
48,42,0.0,natural_gas_steam_turbine
21,42,0.0,natural_gas_steam_turbine
79,42,7405.999,nuclear
10,42,0.0,onshore_wind_turbine
23,42,1007.0346,onshore_wind_turbine
31,42,44.78232,onshore_wind_turbine
38,42,156.05145000000002,onshore_wind_turbine
50,42,416.92823999999996,onshore_wind_turbine
63,42,109.03932006,onshore_wind_turbine
80,42,0.7965599999999999,onshore_wind_turbine
94,42,1324.008,onshore_wind_turbine
105,42,165.419519391,onshore_wind_turbine
124,42,878.2090485762,onshore_wind_turbine
136,42,69.3846,onshore_wind_turbine
144,42,3490.7430599999993,onshore_wind_turbine
11,42,19.125,small_hydroelectric
24,42,62.577,small_hydroelectric
32,42,192.0,small_hydroelectric
39,42,52.9,small_hydroelectric
51,42,25.641,small_hydroelectric
64,42,6.128,small_hydroelectric
81,42,241.672,small_hydroelectric
95,42,418.922,small_hydroelectric
106,42,31.614,small_hydroelectric
125,42,100.697,small_hydroelectric
137,42,36.822,small_hydroelectric
145,42,33.21,small_hydroelectric
12,42,0.0,solar_photovoltaic
25,42,0.0,solar_photovoltaic
33,42,0.0,solar_photovoltaic
52,42,0.0,solar_photovoltaic
65,42,0.0,solar_photovoltaic
82,42,0.0,solar_photovoltaic
96,42,0.0,solar_photovoltaic
107,42,0.0,solar_photovoltaic
126,42,0.0,solar_photovoltaic
138,42,0.0,solar_photovoltaic
26,43,11.235,biomass
13,43,15.682,biomass
108,43,137.081,biomass
40,43,5.952,biomass
97,43,178.173,biomass
1,43,16.294,biomass
66,43,228.795,biomass
2,43,638.4155988,conventional_hydroelectric
14,43,12.700908,conventional_hydroelectric
27,43,333.5821488,conventional_hydroelectric
35,43,1068.979648,conventional_hydroelectric
54,43,621.3539178000001,conventional_hydroelectric
67,43,1520.7698932115038,conventional_hydroelectric
84,43,11130.195871799999,conventional_hydroelectric
109,43,124.7116430742,conventional_hydroelectric
128,43,40.81902,conventional_hydroelectric
139,43,22.660780799999998,conventional_hydroelectric
110,43,50.0,conventional_steam_coal
41,43,7219.002,conventional_steam_coal
3,43,14050.987,conventional_steam_coal
36,43,2368.701,conventional_steam_coal
85,43,1340.0,conventional_steam_coal
28,43,74.364,geothermal
116,43,56.5,natural_gas_fired_combined_cycle
73,43,644.7,natural_gas_fired_combined_cycle
71,43,4303.52560246231,natural_gas_fired_combined_cycle
44,43,0.0,natural_gas_fired_combined_cycle
115,43,0.0,natural_gas_fired_combined_cycle
70,43,0.0,natural_gas_fired_combined_cycle
131,43,0.0,natural_gas_fired_combined_cycle
18,43,0.0,natural_gas_fired_combined_cycle
72,43,0.0,natural_gas_fired_combined_cycle
114,43,0.0,natural_gas_fired_combined_cycle
45,43,0.0,natural_gas_fired_combined_cycle
78,43,257.0,natural_gas_fired_combustion_turbine
75,43,0.0,natural_gas_fired_combustion_turbine
119,43,0.0,natural_gas_fired_combustion_turbine
117,43,0.0,natural_gas_fired_combustion_turbine
134,43,0.0,natural_gas_fired_combustion_turbine
103,43,0.0,natural_gas_fired_combustion_turbine
47,43,0.0,natural_gas_fired_combustion_turbine
8,43,0.0,natural_gas_fired_combustion_turbine
90,43,0.0,natural_gas_fired_combustion_turbine
60,43,0.0,natural_gas_fired_combustion_turbine
46,43,0.0,natural_gas_fired_combustion_turbine
37,43,0.0,natural_gas_fired_combustion_turbine
7,43,0.0,natural_gas_fired_combustion_turbine
133,43,0.0,natural_gas_fired_combustion_turbine
74,43,0.0,natural_gas_fired_combustion_turbine
20,43,0.0,natural_gas_fired_combustion_turbine
135,43,0.0,natural_gas_fired_combustion_turbine
142,43,0.0,natural_gas_fired_combustion_turbine
121,43,0.0,natural_gas_fired_combustion_turbine
91,43,0.0,natural_gas_fired_combustion_turbine
22,43,0.0,natural_gas_steam_turbine
123,43,0.0,natural_gas_steam_turbine
62,43,0.0,natural_gas_steam_turbine
49,43,0.0,natural_gas_steam_turbine
48,43,0.0,natural_gas_steam_turbine
21,43,0.0,natural_gas_steam_turbine
79,43,7405.999,nuclear
10,43,0.0,onshore_wind_turbine
23,43,254.75339999999997,onshore_wind_turbine
31,43,83.45796,onshore_wind_turbine
38,43,127.08090000000001,onshore_wind_turbine
50,43,653.8456799999999,onshore_wind_turbine
63,43,92.22420005040001,onshore_wind_turbine
80,43,0.0,onshore_wind_turbine
94,43,1443.7992,onshore_wind_turbine
105,43,234.198719874,onshore_wind_turbine
124,43,1873.0688373276,onshore_wind_turbine
136,43,23.513670000000005,onshore_wind_turbine
144,43,2129.1122699999996,onshore_wind_turbine
11,43,19.125,small_hydroelectric
24,43,62.577,small_hydroelectric
32,43,192.0,small_hydroelectric
39,43,52.9,small_hydroelectric
51,43,25.641,small_hydroelectric
64,43,6.128,small_hydroelectric
81,43,241.672,small_hydroelectric
95,43,418.922,small_hydroelectric
106,43,31.614,small_hydroelectric
125,43,100.697,small_hydroelectric
137,43,36.822,small_hydroelectric
145,43,33.21,small_hydroelectric
12,43,0.0,solar_photovoltaic
25,43,0.0,solar_photovoltaic
33,43,0.0,solar_photovoltaic
52,43,0.0,solar_photovoltaic
65,43,0.0,solar_photovoltaic
82,43,0.0,solar_photovoltaic
96,43,0.0,solar_photovoltaic
107,43,0.0,solar_photovoltaic
126,43,0.0,solar_photovoltaic
138,43,0.0,solar_photovoltaic
26,44,11.235,biomass
13,44,15.682,biomass
108,44,137.081,biomass
40,44,5.952,biomass
97,44,178.173,biomass
1,44,16.294,biomass
66,44,228.795,biomass
2,44,638.4155988,conventional_hydroelectric
14,44,12.700908,conventional_hydroelectric
27,44,333.5821488,conventional_hydroelectric
35,44,1068.979648,conventional_hydroelectric
54,44,621.3539178000001,conventional_hydroelectric
67,44,1520.7698932115038,conventional_hydroelectric
84,44,11130.195871799999,conventional_hydroelectric
109,44,124.7116430742,conventional_hydroelectric
128,44,40.81902,conventional_hydroelectric
139,44,22.660780799999998,conventional_hydroelectric
110,44,50.0,conventional_steam_coal
41,44,7219.002,conventional_steam_coal
3,44,14050.987,conventional_steam_coal
36,44,2368.701,conventional_steam_coal
85,44,1340.0,conventional_steam_coal
28,44,74.364,geothermal
116,44,56.5,natural_gas_fired_combined_cycle
73,44,644.7,natural_gas_fired_combined_cycle
71,44,23344.43265552871,natural_gas_fired_combined_cycle
44,44,0.0,natural_gas_fired_combined_cycle
115,44,0.0,natural_gas_fired_combined_cycle
70,44,0.0,natural_gas_fired_combined_cycle
131,44,0.0,natural_gas_fired_combined_cycle
18,44,0.0,natural_gas_fired_combined_cycle
72,44,0.0,natural_gas_fired_combined_cycle
114,44,0.0,natural_gas_fired_combined_cycle
45,44,0.0,natural_gas_fired_combined_cycle
78,44,257.0,natural_gas_fired_combustion_turbine
75,44,0.0,natural_gas_fired_combustion_turbine
119,44,0.0,natural_gas_fired_combustion_turbine
117,44,0.0,natural_gas_fired_combustion_turbine
134,44,0.0,natural_gas_fired_combustion_turbine
103,44,0.0,natural_gas_fired_combustion_turbine
47,44,0.0,natural_gas_fired_combustion_turbine
8,44,0.0,natural_gas_fired_combustion_turbine
90,44,0.0,natural_gas_fired_combustion_turbine
60,44,0.0,natural_gas_fired_combustion_turbine
46,44,0.0,natural_gas_fired_combustion_turbine
37,44,0.0,natural_gas_fired_combustion_turbine
7,44,0.0,natural_gas_fired_combustion_turbine
133,44,0.0,natural_gas_fired_combustion_turbine
74,44,0.0,natural_gas_fired_combustion_turbine
20,44,0.0,natural_gas_fired_combustion_turbine
135,44,0.0,natural_gas_fired_combustion_turbine
142,44,0.0,natural_gas_fired_combustion_turbine
121,44,0.0,natural_gas_fired_combustion_turbine
91,44,0.0,natural_gas_fired_combustion_turbine
22,44,0.0,natural_gas_steam_turbine
123,44,0.0,natural_gas_steam_turbine
62,44,0.0,natural_gas_steam_turbine
49,44,0.0,natural_gas_steam_turbine
48,44,0.0,natural_gas_steam_turbine
21,44,0.0,natural_gas_steam_turbine
79,44,7405.999,nuclear
10,44,9.417180000000002,onshore_wind_turbine
23,44,144.5466,onshore_wind_turbine
31,44,109.41134999999998,onshore_wind_turbine
38,44,84.2337,onshore_wind_turbine
50,44,655.8780599999999,onshore_wind_turbine
63,44,69.5319601032,onshore_wind_turbine
80,44,31.065839999999998,onshore_wind_turbine
94,44,1093.8828,onshore_wind_turbine
105,44,267.665880195,onshore_wind_turbine
124,44,2153.1292238874003,onshore_wind_turbine
136,44,53.9658,onshore_wind_turbine
144,44,2210.6803499999996,onshore_wind_turbine
11,44,19.125,small_hydroelectric
24,44,62.577,small_hydroelectric
32,44,192.0,small_hydroelectric
39,44,52.9,small_hydroelectric
51,44,25.641,small_hydroelectric
64,44,6.128,small_hydroelectric
81,44,241.672,small_hydroelectric
95,44,418.922,small_hydroelectric
106,44,31.614,small_hydroelectric
125,44,100.697,small_hydroelectric
137,44,36.822,small_hydroelectric
145,44,33.21,small_hydroelectric
12,44,0.0,solar_photovoltaic
25,44,0.0,solar_photovoltaic
33,44,0.0,solar_photovoltaic
52,44,0.0,solar_photovoltaic
65,44,0.0,solar_photovoltaic
82,44,0.0,solar_photovoltaic
96,44,0.0,solar_photovoltaic
107,44,0.0,solar_photovoltaic
126,44,0.0,solar_photovoltaic
138,44,0.0,solar_photovoltaic
26,45,11.235,biomass
13,45,15.682,biomass
108,45,137.081,biomass
40,45,5.952,biomass
97,45,178.173,biomass
1,45,16.294,biomass
66,45,228.795,biomass
2,45,638.4155988,conventional_hydroelectric
14,45,12.700908,conventional_hydroelectric
27,45,333.5821488,conventional_hydroelectric
35,45,1068.979648,conventional_hydroelectric
54,45,621.3539178000001,conventional_hydroelectric
67,45,1520.7698932115038,conventional_hydroelectric
84,45,11130.195871799999,conventional_hydroelectric
109,45,124.7116430742,conventional_hydroelectric
128,45,40.81902,conventional_hydroelectric
139,45,22.660780799999998,conventional_hydroelectric
110,45,50.0,conventional_steam_coal
41,45,7219.002,conventional_steam_coal
3,45,14050.987,conventional_steam_coal
36,45,2368.701,conventional_steam_coal
85,45,1340.0,conventional_steam_coal
28,45,74.364,geothermal
116,45,56.5,natural_gas_fired_combined_cycle
73,45,644.7,natural_gas_fired_combined_cycle
71,45,22187.93920463072,natural_gas_fired_combined_cycle
44,45,0.0,natural_gas_fired_combined_cycle
115,45,0.0,natural_gas_fired_combined_cycle
70,45,0.0,natural_gas_fired_combined_cycle
131,45,0.0,natural_gas_fired_combined_cycle
18,45,0.0,natural_gas_fired_combined_cycle
72,45,0.0,natural_gas_fired_combined_cycle
114,45,0.0,natural_gas_fired_combined_cycle
45,45,0.0,natural_gas_fired_combined_cycle
78,45,257.0,natural_gas_fired_combustion_turbine
75,45,0.0,natural_gas_fired_combustion_turbine
119,45,0.0,natural_gas_fired_combustion_turbine
117,45,0.0,natural_gas_fired_combustion_turbine
134,45,0.0,natural_gas_fired_combustion_turbine
103,45,0.0,natural_gas_fired_combustion_turbine
47,45,0.0,natural_gas_fired_combustion_turbine
8,45,0.0,natural_gas_fired_combustion_turbine
90,45,0.0,natural_gas_fired_combustion_turbine
60,45,0.0,natural_gas_fired_combustion_turbine
46,45,0.0,natural_gas_fired_combustion_turbine
37,45,0.0,natural_gas_fired_combustion_turbine
7,45,0.0,natural_gas_fired_combustion_turbine
133,45,0.0,natural_gas_fired_combustion_turbine
74,45,0.0,natural_gas_fired_combustion_turbine
20,45,0.0,natural_gas_fired_combustion_turbine
135,45,0.0,natural_gas_fired_combustion_turbine
142,45,0.0,natural_gas_fired_combustion_turbine
121,45,0.0,natural_gas_fired_combustion_turbine
91,45,0.0,natural_gas_fired_combustion_turbine
22,45,0.0,natural_gas_steam_turbine
123,45,0.0,natural_gas_steam_turbine
62,45,0.0,natural_gas_steam_turbine
49,45,0.0,natural_gas_steam_turbine
48,45,0.0,natural_gas_steam_turbine
21,45,0.0,natural_gas_steam_turbine
79,45,7405.999,nuclear
10,45,26.244600000000005,onshore_wind_turbine
23,45,123.783,onshore_wind_turbine
31,45,183.20039999999997,onshore_wind_turbine
38,45,74.9826,onshore_wind_turbine
50,45,740.367,onshore_wind_turbine
63,45,27.161159892000004,onshore_wind_turbine
80,45,20.31228,onshore_wind_turbine
94,45,1067.0874,onshore_wind_turbine
105,45,234.002819421,onshore_wind_turbine
124,45,2540.2562957706,onshore_wind_turbine
136,45,131.05980000000002,onshore_wind_turbine
144,45,1838.0625299999997,onshore_wind_turbine
11,45,19.125,small_hydroelectric
24,45,62.577,small_hydroelectric
32,45,192.0,small_hydroelectric
39,45,52.9,small_hydroelectric
51,45,25.641,small_hydroelectric
64,45,6.128,small_hydroelectric
81,45,241.672,small_hydroelectric
95,45,418.922,small_hydroelectric
106,45,31.614,small_hydroelectric
125,45,100.697,small_hydroelectric
137,45,36.822,small_hydroelectric
145,45,33.21,small_hydroelectric
12,45,0.0,solar_photovoltaic
25,45,0.0,solar_photovoltaic
33,45,0.0,solar_photovoltaic
52,45,0.0,solar_photovoltaic
65,45,0.0,solar_photovoltaic
82,45,0.0,solar_photovoltaic
96,45,0.0,solar_photovoltaic
107,45,0.0,solar_photovoltaic
126,45,0.0,solar_photovoltaic
138,45,0.0,solar_photovoltaic
26,46,11.235,biomass
13,46,15.682,biomass
108,46,137.081,biomass
40,46,5.952,biomass
97,46,178.173,biomass
1,46,16.294,biomass
66,46,228.795,biomass
2,46,638.4155988,conventional_hydroelectric
14,46,12.700908,conventional_hydroelectric
27,46,333.5821488,conventional_hydroelectric
35,46,1068.979648,conventional_hydroelectric
54,46,621.3539178000001,conventional_hydroelectric
67,46,1520.7698932115038,conventional_hydroelectric
84,46,11130.195871799999,conventional_hydroelectric
109,46,124.7116430742,conventional_hydroelectric
128,46,40.81902,conventional_hydroelectric
139,46,22.660780799999998,conventional_hydroelectric
110,46,50.0,conventional_steam_coal
41,46,7219.002,conventional_steam_coal
3,46,14050.987,conventional_steam_coal
36,46,2368.701,conventional_steam_coal
85,46,1340.0,conventional_steam_coal
28,46,74.364,geothermal
116,46,56.5,natural_gas_fired_combined_cycle
73,46,644.7,natural_gas_fired_combined_cycle
71,46,20525.540628825707,natural_gas_fired_combined_cycle
44,46,0.0,natural_gas_fired_combined_cycle
115,46,0.0,natural_gas_fired_combined_cycle
70,46,0.0,natural_gas_fired_combined_cycle
131,46,0.0,natural_gas_fired_combined_cycle
18,46,0.0,natural_gas_fired_combined_cycle
72,46,0.0,natural_gas_fired_combined_cycle
114,46,0.0,natural_gas_fired_combined_cycle
45,46,0.0,natural_gas_fired_combined_cycle
78,46,257.0,natural_gas_fired_combustion_turbine
75,46,0.0,natural_gas_fired_combustion_turbine
119,46,0.0,natural_gas_fired_combustion_turbine
117,46,0.0,natural_gas_fired_combustion_turbine
134,46,0.0,natural_gas_fired_combustion_turbine
103,46,0.0,natural_gas_fired_combustion_turbine
47,46,0.0,natural_gas_fired_combustion_turbine
8,46,0.0,natural_gas_fired_combustion_turbine
90,46,0.0,natural_gas_fired_combustion_turbine
60,46,0.0,natural_gas_fired_combustion_turbine
46,46,0.0,natural_gas_fired_combustion_turbine
37,46,0.0,natural_gas_fired_combustion_turbine
7,46,0.0,natural_gas_fired_combustion_turbine
133,46,0.0,natural_gas_fired_combustion_turbine
74,46,0.0,natural_gas_fired_combustion_turbine
20,46,0.0,natural_gas_fired_combustion_turbine
135,46,0.0,natural_gas_fired_combustion_turbine
142,46,0.0,natural_gas_fired_combustion_turbine
121,46,0.0,natural_gas_fired_combustion_turbine
91,46,0.0,natural_gas_fired_combustion_turbine
22,46,0.0,natural_gas_steam_turbine
123,46,0.0,natural_gas_steam_turbine
62,46,0.0,natural_gas_steam_turbine
49,46,0.0,natural_gas_steam_turbine
48,46,0.0,natural_gas_steam_turbine
21,46,0.0,natural_gas_steam_turbine
79,46,7405.999,nuclear
10,46,28.097160000000006,onshore_wind_turbine
23,46,134.96339999999998,onshore_wind_turbine
31,46,268.69392,onshore_wind_turbine
38,46,57.4542,onshore_wind_turbine
50,46,891.9244799999998,onshore_wind_turbine
63,46,26.231639870400002,onshore_wind_turbine
80,46,27.481319999999997,onshore_wind_turbine
94,46,715.5948000000001,onshore_wind_turbine
105,46,258.433620165,onshore_wind_turbine
124,46,2815.4295008532004,onshore_wind_turbine
136,46,161.89740000000003,onshore_wind_turbine
144,46,1449.68724,onshore_wind_turbine
11,46,19.125,small_hydroelectric
24,46,62.577,small_hydroelectric
32,46,192.0,small_hydroelectric
39,46,52.9,small_hydroelectric
51,46,25.641,small_hydroelectric
64,46,6.128,small_hydroelectric
81,46,241.672,small_hydroelectric
95,46,418.922,small_hydroelectric
106,46,31.614,small_hydroelectric
125,46,100.697,small_hydroelectric
137,46,36.822,small_hydroelectric
145,46,33.21,small_hydroelectric
12,46,0.0,solar_photovoltaic
25,46,0.0,solar_photovoltaic
33,46,0.0,solar_photovoltaic
52,46,0.0,solar_photovoltaic
65,46,0.0,solar_photovoltaic
82,46,0.0,solar_photovoltaic
96,46,0.0,solar_photovoltaic
107,46,0.0,solar_photovoltaic
126,46,0.0,solar_photovoltaic
138,46,0.0,solar_photovoltaic
26,47,11.235,biomass
13,47,15.682,biomass
108,47,137.081,biomass
40,47,5.952,biomass
97,47,178.173,biomass
1,47,16.294,biomass
66,47,228.795,biomass
2,47,638.4155988,conventional_hydroelectric
14,47,12.700908,conventional_hydroelectric
27,47,333.5821488,conventional_hydroelectric
35,47,1068.979648,conventional_hydroelectric
54,47,621.3539178000001,conventional_hydroelectric
67,47,1520.7698932115038,conventional_hydroelectric
84,47,11130.195871799999,conventional_hydroelectric
109,47,124.7116430742,conventional_hydroelectric
128,47,40.81902,conventional_hydroelectric
139,47,22.660780799999998,conventional_hydroelectric
110,47,50.0,conventional_steam_coal
41,47,7219.002,conventional_steam_coal
3,47,14050.987,conventional_steam_coal
36,47,2368.701,conventional_steam_coal
85,47,1340.0,conventional_steam_coal
28,47,74.364,geothermal
116,47,56.5,natural_gas_fired_combined_cycle
73,47,644.7,natural_gas_fired_combined_cycle
71,47,18719.203399337523,natural_gas_fired_combined_cycle
44,47,0.0,natural_gas_fired_combined_cycle
115,47,0.0,natural_gas_fired_combined_cycle
70,47,0.0,natural_gas_fired_combined_cycle
131,47,0.0,natural_gas_fired_combined_cycle
18,47,0.0,natural_gas_fired_combined_cycle
72,47,0.0,natural_gas_fired_combined_cycle
114,47,0.0,natural_gas_fired_combined_cycle
45,47,0.0,natural_gas_fired_combined_cycle
78,47,257.0,natural_gas_fired_combustion_turbine
75,47,0.0,natural_gas_fired_combustion_turbine
119,47,0.0,natural_gas_fired_combustion_turbine
117,47,0.0,natural_gas_fired_combustion_turbine
134,47,0.0,natural_gas_fired_combustion_turbine
103,47,0.0,natural_gas_fired_combustion_turbine
47,47,0.0,natural_gas_fired_combustion_turbine
8,47,0.0,natural_gas_fired_combustion_turbine
90,47,0.0,natural_gas_fired_combustion_turbine
60,47,0.0,natural_gas_fired_combustion_turbine
46,47,0.0,natural_gas_fired_combustion_turbine
37,47,0.0,natural_gas_fired_combustion_turbine
7,47,0.0,natural_gas_fired_combustion_turbine
133,47,0.0,natural_gas_fired_combustion_turbine
74,47,0.0,natural_gas_fired_combustion_turbine
20,47,0.0,natural_gas_fired_combustion_turbine
135,47,0.0,natural_gas_fired_combustion_turbine
142,47,0.0,natural_gas_fired_combustion_turbine
121,47,0.0,natural_gas_fired_combustion_turbine
91,47,0.0,natural_gas_fired_combustion_turbine
22,47,0.0,natural_gas_steam_turbine
123,47,0.0,natural_gas_steam_turbine
62,47,0.0,natural_gas_steam_turbine
49,47,0.0,natural_gas_steam_turbine
48,47,0.0,natural_gas_steam_turbine
21,47,0.0,natural_gas_steam_turbine
79,47,7405.999,nuclear
10,47,17.83089,onshore_wind_turbine
23,47,85.4502,onshore_wind_turbine
31,47,225.43827,onshore_wind_turbine
38,47,54.0459,onshore_wind_turbine
50,47,902.37672,onshore_wind_turbine
63,47,16.5685198872,onshore_wind_turbine
80,47,33.8538,onshore_wind_turbine
94,47,728.2044,onshore_wind_turbine
105,47,271.417380318,onshore_wind_turbine
124,47,2103.4744501716,onshore_wind_turbine
136,47,125.27775000000001,onshore_wind_turbine
144,47,841.6342799999999,onshore_wind_turbine
11,47,19.125,small_hydroelectric
24,47,62.577,small_hydroelectric
32,47,192.0,small_hydroelectric
39,47,52.9,small_hydroelectric
51,47,25.641,small_hydroelectric
64,47,6.128,small_hydroelectric
81,47,241.672,small_hydroelectric
95,47,418.922,small_hydroelectric
106,47,31.614,small_hydroelectric
125,47,100.697,small_hydroelectric
137,47,36.822,small_hydroelectric
145,47,33.21,small_hydroelectric
12,47,0.0,solar_photovoltaic
25,47,0.0,solar_photovoltaic
33,47,0.0,solar_photovoltaic
52,47,0.0,solar_photovoltaic
65,47,0.0,solar_photovoltaic
82,47,0.0,solar_photovoltaic
96,47,0.0,solar_photovoltaic
107,47,0.0,solar_photovoltaic
126,47,0.0,solar_photovoltaic
138,47,0.0,solar_photovoltaic
26,48,11.235,biomass
13,48,15.682,biomass
108,48,137.081,biomass
40,48,5.952,biomass
97,48,178.173,biomass
1,48,16.294,biomass
66,48,228.795,biomass
2,48,638.4155988,conventional_hydroelectric
14,48,12.700908,conventional_hydroelectric
27,48,333.5821488,conventional_hydroelectric
35,48,1068.979648,conventional_hydroelectric
54,48,621.3539178000001,conventional_hydroelectric
67,48,1520.7698932115038,conventional_hydroelectric
84,48,11130.195871799999,conventional_hydroelectric
109,48,124.7116430742,conventional_hydroelectric
128,48,40.81902,conventional_hydroelectric
139,48,22.660780799999998,conventional_hydroelectric
110,48,50.0,conventional_steam_coal
41,48,7219.002,conventional_steam_coal
3,48,14050.987,conventional_steam_coal
36,48,2368.701,conventional_steam_coal
85,48,1340.0,conventional_steam_coal
28,48,74.364,geothermal
116,48,56.5,natural_gas_fired_combined_cycle
73,48,644.7,natural_gas_fired_combined_cycle
71,48,15548.576338247307,natural_gas_fired_combined_cycle
44,48,0.0,natural_gas_fired_combined_cycle
115,48,0.0,natural_gas_fired_combined_cycle
70,48,0.0,natural_gas_fired_combined_cycle
131,48,0.0,natural_gas_fired_combined_cycle
18,48,0.0,natural_gas_fired_combined_cycle
72,48,0.0,natural_gas_fired_combined_cycle
114,48,0.0,natural_gas_fired_combined_cycle
45,48,0.0,natural_gas_fired_combined_cycle
78,48,257.0,natural_gas_fired_combustion_turbine
75,48,0.0,natural_gas_fired_combustion_turbine
119,48,0.0,natural_gas_fired_combustion_turbine
117,48,0.0,natural_gas_fired_combustion_turbine
134,48,0.0,natural_gas_fired_combustion_turbine
103,48,0.0,natural_gas_fired_combustion_turbine
47,48,0.0,natural_gas_fired_combustion_turbine
8,48,0.0,natural_gas_fired_combustion_turbine
90,48,0.0,natural_gas_fired_combustion_turbine
60,48,0.0,natural_gas_fired_combustion_turbine
46,48,0.0,natural_gas_fired_combustion_turbine
37,48,0.0,natural_gas_fired_combustion_turbine
7,48,0.0,natural_gas_fired_combustion_turbine
133,48,0.0,natural_gas_fired_combustion_turbine
74,48,0.0,natural_gas_fired_combustion_turbine
20,48,0.0,natural_gas_fired_combustion_turbine
135,48,0.0,natural_gas_fired_combustion_turbine
142,48,0.0,natural_gas_fired_combustion_turbine
121,48,0.0,natural_gas_fired_combustion_turbine
91,48,0.0,natural_gas_fired_combustion_turbine
22,48,0.0,natural_gas_steam_turbine
123,48,0.0,natural_gas_steam_turbine
62,48,0.0,natural_gas_steam_turbine
49,48,0.0,natural_gas_steam_turbine
48,48,0.0,natural_gas_steam_turbine
21,48,0.0,natural_gas_steam_turbine
79,48,7405.999,nuclear
10,48,13.585440000000002,onshore_wind_turbine
23,48,153.3312,onshore_wind_turbine
31,48,438.66317999999995,onshore_wind_turbine
38,48,38.46510000000001,onshore_wind_turbine
50,48,873.05238,onshore_wind_turbine
63,48,18.895200076800002,onshore_wind_turbine
80,48,21.50712,onshore_wind_turbine
94,48,698.2565999999999,onshore_wind_turbine
105,48,286.20042028200004,onshore_wind_turbine
124,48,2247.2478011082,onshore_wind_turbine
136,48,108.31707,onshore_wind_turbine
144,48,569.1227399999999,onshore_wind_turbine
11,48,19.125,small_hydroelectric
24,48,62.577,small_hydroelectric
32,48,192.0,small_hydroelectric
39,48,52.9,small_hydroelectric
51,48,25.641,small_hydroelectric
64,48,6.128,small_hydroelectric
81,48,241.672,small_hydroelectric
95,48,418.922,small_hydroelectric
106,48,31.614,small_hydroelectric
125,48,100.697,small_hydroelectric
137,48,36.822,small_hydroelectric
145,48,33.21,small_hydroelectric
12,48,0.0,solar_photovoltaic
25,48,0.0,solar_photovoltaic
33,48,0.0,solar_photovoltaic
52,48,0.0,solar_photovoltaic
65,48,0.0,solar_photovoltaic
82,48,0.0,solar_photovoltaic
96,48,0.0,solar_photovoltaic
107,48,0.0,solar_photovoltaic
126,48,0.0,solar_photovoltaic
138,48,0.0,solar_photovoltaic
26,49,11.235,biomass
13,49,15.682,biomass
108,49,137.081,biomass
40,49,5.952,biomass
97,49,178.173,biomass
1,49,16.294,biomass
66,49,228.795,biomass
2,49,638.4155988,conventional_hydroelectric
14,49,12.700908,conventional_hydroelectric
27,49,333.5821488,conventional_hydroelectric
35,49,1068.979648,conventional_hydroelectric
54,49,621.3539178000001,conventional_hydroelectric
67,49,1520.7698932115038,conventional_hydroelectric
84,49,11130.195871799999,conventional_hydroelectric
109,49,124.7116430742,conventional_hydroelectric
128,49,40.81902,conventional_hydroelectric
139,49,22.660780799999998,conventional_hydroelectric
110,49,50.0,conventional_steam_coal
41,49,7219.002,conventional_steam_coal
3,49,14050.987,conventional_steam_coal
36,49,2368.701,conventional_steam_coal
85,49,1340.0,conventional_steam_coal
28,49,74.364,geothermal
116,49,56.5,natural_gas_fired_combined_cycle
73,49,644.7,natural_gas_fired_combined_cycle
71,49,13330.120184916303,natural_gas_fired_combined_cycle
44,49,0.0,natural_gas_fired_combined_cycle
115,49,0.0,natural_gas_fired_combined_cycle
70,49,0.0,natural_gas_fired_combined_cycle
131,49,0.0,natural_gas_fired_combined_cycle
18,49,0.0,natural_gas_fired_combined_cycle
72,49,0.0,natural_gas_fired_combined_cycle
114,49,0.0,natural_gas_fired_combined_cycle
45,49,0.0,natural_gas_fired_combined_cycle
78,49,257.0,natural_gas_fired_combustion_turbine
75,49,0.0,natural_gas_fired_combustion_turbine
119,49,0.0,natural_gas_fired_combustion_turbine
117,49,0.0,natural_gas_fired_combustion_turbine
134,49,0.0,natural_gas_fired_combustion_turbine
103,49,0.0,natural_gas_fired_combustion_turbine
47,49,0.0,natural_gas_fired_combustion_turbine
8,49,0.0,natural_gas_fired_combustion_turbine
90,49,0.0,natural_gas_fired_combustion_turbine
60,49,0.0,natural_gas_fired_combustion_turbine
46,49,0.0,natural_gas_fired_combustion_turbine
37,49,0.0,natural_gas_fired_combustion_turbine
7,49,0.0,natural_gas_fired_combustion_turbine
133,49,0.0,natural_gas_fired_combustion_turbine
74,49,0.0,natural_gas_fired_combustion_turbine
20,49,0.0,natural_gas_fired_combustion_turbine
135,49,0.0,natural_gas_fired_combustion_turbine
142,49,0.0,natural_gas_fired_combustion_turbine
121,49,0.0,natural_gas_fired_combustion_turbine
91,49,0.0,natural_gas_fired_combustion_turbine
22,49,0.0,natural_gas_steam_turbine
123,49,0.0,natural_gas_steam_turbine
62,49,0.0,natural_gas_steam_turbine
49,49,0.0,natural_gas_steam_turbine
48,49,0.0,natural_gas_steam_turbine
21,49,0.0,natural_gas_steam_turbine
79,49,7405.999,nuclear
10,49,24.546420000000005,onshore_wind_turbine
23,49,138.9564,onshore_wind_turbine
31,49,347.06298,onshore_wind_turbine
38,49,55.75005,onshore_wind_turbine
50,49,824.2752599999999,onshore_wind_turbine
63,49,40.551720110400005,onshore_wind_turbine
80,49,20.710559999999997,onshore_wind_turbine
94,49,446.0646,onshore_wind_turbine
105,49,308.989379412,onshore_wind_turbine
124,49,2049.7855452756003,onshore_wind_turbine
136,49,96.75297,onshore_wind_turbine
144,49,876.8568599999999,onshore_wind_turbine
11,49,19.125,small_hydroelectric
24,49,62.577,small_hydroelectric
32,49,192.0,small_hydroelectric
39,49,52.9,small_hydroelectric
51,49,25.641,small_hydroelectric
64,49,6.128,small_hydroelectric
81,49,241.672,small_hydroelectric
95,49,418.922,small_hydroelectric
106,49,31.614,small_hydroelectric
125,49,100.697,small_hydroelectric
137,49,36.822,small_hydroelectric
145,49,33.21,small_hydroelectric
12,49,0.0,solar_photovoltaic
25,49,0.0,solar_photovoltaic
33,49,0.0,solar_photovoltaic
52,49,0.0,solar_photovoltaic
65,49,0.0,solar_photovoltaic
82,49,0.0,solar_photovoltaic
96,49,0.0,solar_photovoltaic
107,49,0.0,solar_photovoltaic
126,49,0.0,solar_photovoltaic
138,49,0.0,solar_photovoltaic
26,50,11.235,biomass
13,50,15.682,biomass
108,50,137.081,biomass
40,50,5.952,biomass
97,50,178.173,biomass
1,50,16.294,biomass
66,50,228.795,biomass
2,50,638.4155988,conventional_hydroelectric
14,50,12.700908,conventional_hydroelectric
27,50,333.5821488,conventional_hydroelectric
35,50,1068.979648,conventional_hydroelectric
54,50,621.3539178000001,conventional_hydroelectric
67,50,1520.7698932115038,conventional_hydroelectric
84,50,11130.195871799999,conventional_hydroelectric
109,50,124.7116430742,conventional_hydroelectric
128,50,40.81902,conventional_hydroelectric
139,50,22.660780799999998,conventional_hydroelectric
110,50,50.0,conventional_steam_coal
41,50,7219.002,conventional_steam_coal
3,50,14050.987,conventional_steam_coal
36,50,2368.701,conventional_steam_coal
85,50,1340.0,conventional_steam_coal
28,50,74.364,geothermal
116,50,56.5,natural_gas_fired_combined_cycle
73,50,644.7,natural_gas_fired_combined_cycle
71,50,12048.602622273915,natural_gas_fired_combined_cycle
44,50,0.0,natural_gas_fired_combined_cycle
115,50,0.0,natural_gas_fired_combined_cycle
70,50,0.0,natural_gas_fired_combined_cycle
131,50,0.0,natural_gas_fired_combined_cycle
18,50,0.0,natural_gas_fired_combined_cycle
72,50,0.0,natural_gas_fired_combined_cycle
114,50,0.0,natural_gas_fired_combined_cycle
45,50,0.0,natural_gas_fired_combined_cycle
78,50,257.0,natural_gas_fired_combustion_turbine
75,50,0.0,natural_gas_fired_combustion_turbine
119,50,0.0,natural_gas_fired_combustion_turbine
117,50,0.0,natural_gas_fired_combustion_turbine
134,50,0.0,natural_gas_fired_combustion_turbine
103,50,0.0,natural_gas_fired_combustion_turbine
47,50,0.0,natural_gas_fired_combustion_turbine
8,50,0.0,natural_gas_fired_combustion_turbine
90,50,0.0,natural_gas_fired_combustion_turbine
60,50,0.0,natural_gas_fired_combustion_turbine
46,50,0.0,natural_gas_fired_combustion_turbine
37,50,0.0,natural_gas_fired_combustion_turbine
7,50,0.0,natural_gas_fired_combustion_turbine
133,50,0.0,natural_gas_fired_combustion_turbine
74,50,0.0,natural_gas_fired_combustion_turbine
20,50,0.0,natural_gas_fired_combustion_turbine
135,50,0.0,natural_gas_fired_combustion_turbine
142,50,0.0,natural_gas_fired_combustion_turbine
121,50,0.0,natural_gas_fired_combustion_turbine
91,50,0.0,natural_gas_fired_combustion_turbine
22,50,0.0,natural_gas_steam_turbine
123,50,0.0,natural_gas_steam_turbine
62,50,0.0,natural_gas_steam_turbine
49,50,0.0,natural_gas_steam_turbine
48,50,0.0,natural_gas_steam_turbine
21,50,0.0,natural_gas_steam_turbine
79,50,7405.999,nuclear
10,50,55.34523000000001,onshore_wind_turbine
23,50,112.6026,onshore_wind_turbine
31,50,170.98703999999998,onshore_wind_turbine
38,50,64.2708,onshore_wind_turbine
50,50,746.4641399999999,onshore_wind_turbine
63,50,59.5239601032,onshore_wind_turbine
80,50,29.47272,onshore_wind_turbine
94,50,431.8788,onshore_wind_turbine
105,50,359.637780474,onshore_wind_turbine
124,50,2164.4684968632,onshore_wind_turbine
136,50,88.27263,onshore_wind_turbine
144,50,1120.6341899999998,onshore_wind_turbine
11,50,19.125,small_hydroelectric
24,50,62.577,small_hydroelectric
32,50,192.0,small_hydroelectric
39,50,52.9,small_hydroelectric
51,50,25.641,small_hydroelectric
64,50,6.128,small_hydroelectric
81,50,241.672,small_hydroelectric
95,50,418.922,small_hydroelectric
106,50,31.614,small_hydroelectric
125,50,100.697,small_hydroelectric
137,50,36.822,small_hydroelectric
145,50,33.21,small_hydroelectric
12,50,0.0,solar_photovoltaic
25,50,0.0,solar_photovoltaic
33,50,0.0,solar_photovoltaic
52,50,0.0,solar_photovoltaic
65,50,0.0,solar_photovoltaic
82,50,0.0,solar_photovoltaic
96,50,0.0,solar_photovoltaic
107,50,0.0,solar_photovoltaic
126,50,0.0,solar_photovoltaic
138,50,0.0,solar_photovoltaic
26,51,11.235,biomass
13,51,15.682,biomass
108,51,137.081,biomass
40,51,5.952,biomass
97,51,178.173,biomass
1,51,16.294,biomass
66,51,228.795,biomass
2,51,638.4155988,conventional_hydroelectric
14,51,12.700908,conventional_hydroelectric
27,51,333.5821488,conventional_hydroelectric
35,51,1068.979648,conventional_hydroelectric
54,51,621.3539178000001,conventional_hydroelectric
67,51,1520.7698932115038,conventional_hydroelectric
84,51,11130.195871799999,conventional_hydroelectric
109,51,124.7116430742,conventional_hydroelectric
128,51,40.81902,conventional_hydroelectric
139,51,22.660780799999998,conventional_hydroelectric
110,51,50.0,conventional_steam_coal
41,51,7219.002,conventional_steam_coal
3,51,14050.987,conventional_steam_coal
36,51,2368.701,conventional_steam_coal
85,51,1340.0,conventional_steam_coal
28,51,74.364,geothermal
116,51,56.5,natural_gas_fired_combined_cycle
73,51,644.7,natural_gas_fired_combined_cycle
71,51,12403.9265580739,natural_gas_fired_combined_cycle
44,51,0.0,natural_gas_fired_combined_cycle
115,51,0.0,natural_gas_fired_combined_cycle
70,51,0.0,natural_gas_fired_combined_cycle
131,51,0.0,natural_gas_fired_combined_cycle
18,51,0.0,natural_gas_fired_combined_cycle
72,51,0.0,natural_gas_fired_combined_cycle
114,51,0.0,natural_gas_fired_combined_cycle
45,51,0.0,natural_gas_fired_combined_cycle
78,51,257.0,natural_gas_fired_combustion_turbine
75,51,0.0,natural_gas_fired_combustion_turbine
119,51,0.0,natural_gas_fired_combustion_turbine
117,51,0.0,natural_gas_fired_combustion_turbine
134,51,0.0,natural_gas_fired_combustion_turbine
103,51,0.0,natural_gas_fired_combustion_turbine
47,51,0.0,natural_gas_fired_combustion_turbine
8,51,0.0,natural_gas_fired_combustion_turbine
90,51,0.0,natural_gas_fired_combustion_turbine
60,51,0.0,natural_gas_fired_combustion_turbine
46,51,0.0,natural_gas_fired_combustion_turbine
37,51,0.0,natural_gas_fired_combustion_turbine
7,51,0.0,natural_gas_fired_combustion_turbine
133,51,0.0,natural_gas_fired_combustion_turbine
74,51,0.0,natural_gas_fired_combustion_turbine
20,51,0.0,natural_gas_fired_combustion_turbine
135,51,0.0,natural_gas_fired_combustion_turbine
142,51,0.0,natural_gas_fired_combustion_turbine
121,51,0.0,natural_gas_fired_combustion_turbine
91,51,0.0,natural_gas_fired_combustion_turbine
22,51,0.0,natural_gas_steam_turbine
123,51,0.0,natural_gas_steam_turbine
62,51,0.0,natural_gas_steam_turbine
49,51,0.0,natural_gas_steam_turbine
48,51,0.0,natural_gas_steam_turbine
21,51,0.0,natural_gas_steam_turbine
79,51,7405.999,nuclear
10,51,38.67219,onshore_wind_turbine
23,51,194.85840000000002,onshore_wind_turbine
31,51,209.66268,onshore_wind_turbine
38,51,79.8516,onshore_wind_turbine
50,51,405.0243,onshore_wind_turbine
63,51,36.3755998848,onshore_wind_turbine
80,51,23.49852,onshore_wind_turbine
94,51,364.1022,onshore_wind_turbine
105,51,366.475020282,onshore_wind_turbine
124,51,1666.3869914736003,onshore_wind_turbine
136,51,120.26664000000001,onshore_wind_turbine
144,51,1391.29191,onshore_wind_turbine
11,51,19.125,small_hydroelectric
24,51,62.577,small_hydroelectric
32,51,192.0,small_hydroelectric
39,51,52.9,small_hydroelectric
51,51,25.641,small_hydroelectric
64,51,6.128,small_hydroelectric
81,51,241.672,small_hydroelectric
95,51,418.922,small_hydroelectric
106,51,31.614,small_hydroelectric
125,51,100.697,small_hydroelectric
137,51,36.822,small_hydroelectric
145,51,33.21,small_hydroelectric
12,51,0.0,solar_photovoltaic
25,51,0.0,solar_photovoltaic
33,51,0.0,solar_photovoltaic
52,51,0.0,solar_photovoltaic
65,51,0.0,solar_photovoltaic
82,51,0.0,solar_photovoltaic
96,51,0.0,solar_photovoltaic
107,51,0.0,solar_photovoltaic
126,51,0.0,solar_photovoltaic
138,51,0.0,solar_photovoltaic
26,52,11.235,biomass
13,52,15.682,biomass
108,52,137.081,biomass
40,52,5.952,biomass
97,52,178.173,biomass
1,52,16.294,biomass
66,52,228.795,biomass
2,52,638.4155988,conventional_hydroelectric
14,52,12.700908,conventional_hydroelectric
27,52,333.5821488,conventional_hydroelectric
35,52,1068.979648,conventional_hydroelectric
54,52,621.3539178000001,conventional_hydroelectric
67,52,1520.7698932115038,conventional_hydroelectric
84,52,11130.195871799999,conventional_hydroelectric
109,52,124.7116430742,conventional_hydroelectric
128,52,40.81902,conventional_hydroelectric
139,52,22.660780799999998,conventional_hydroelectric
110,52,50.0,conventional_steam_coal
41,52,7219.002,conventional_steam_coal
3,52,14050.987,conventional_steam_coal
36,52,2368.701,conventional_steam_coal
85,52,1340.0,conventional_steam_coal
28,52,74.364,geothermal
116,52,56.5,natural_gas_fired_combined_cycle
73,52,644.7,natural_gas_fired_combined_cycle
71,52,0.0,natural_gas_fired_combined_cycle
44,52,0.0,natural_gas_fired_combined_cycle
115,52,0.0,natural_gas_fired_combined_cycle
70,52,0.0,natural_gas_fired_combined_cycle
131,52,0.0,natural_gas_fired_combined_cycle
18,52,0.0,natural_gas_fired_combined_cycle
72,52,0.0,natural_gas_fired_combined_cycle
114,52,0.0,natural_gas_fired_combined_cycle
45,52,0.0,natural_gas_fired_combined_cycle
78,52,257.0,natural_gas_fired_combustion_turbine
75,52,0.0,natural_gas_fired_combustion_turbine
119,52,0.0,natural_gas_fired_combustion_turbine
117,52,0.0,natural_gas_fired_combustion_turbine
134,52,0.0,natural_gas_fired_combustion_turbine
103,52,0.0,natural_gas_fired_combustion_turbine
47,52,0.0,natural_gas_fired_combustion_turbine
8,52,0.0,natural_gas_fired_combustion_turbine
90,52,0.0,natural_gas_fired_combustion_turbine
60,52,0.0,natural_gas_fired_combustion_turbine
46,52,0.0,natural_gas_fired_combustion_turbine
37,52,0.0,natural_gas_fired_combustion_turbine
7,52,0.0,natural_gas_fired_combustion_turbine
133,52,0.0,natural_gas_fired_combustion_turbine
74,52,0.0,natural_gas_fired_combustion_turbine
20,52,0.0,natural_gas_fired_combustion_turbine
135,52,0.0,natural_gas_fired_combustion_turbine
142,52,0.0,natural_gas_fired_combustion_turbine
121,52,0.0,natural_gas_fired_combustion_turbine
91,52,0.0,natural_gas_fired_combustion_turbine
22,52,0.0,natural_gas_steam_turbine
123,52,0.0,natural_gas_steam_turbine
62,52,0.0,natural_gas_steam_turbine
49,52,0.0,natural_gas_steam_turbine
48,52,0.0,natural_gas_steam_turbine
21,52,0.0,natural_gas_steam_turbine
79,52,7405.999,nuclear
10,52,21.999150000000004,onshore_wind_turbine
23,52,144.5466,onshore_wind_turbine
31,52,173.0226,onshore_wind_turbine
38,52,54.28935,onshore_wind_turbine
50,52,479.93201999999997,onshore_wind_turbine
63,52,22.290719988000003,onshore_wind_turbine
80,52,27.083039999999997,onshore_wind_turbine
94,52,275.83500000000004,onshore_wind_turbine
105,52,339.332400099,onshore_wind_turbine
124,52,1489.3811407464002,onshore_wind_turbine
136,52,173.4615,onshore_wind_turbine
144,52,1121.5611,onshore_wind_turbine
11,52,19.125,small_hydroelectric
24,52,62.577,small_hydroelectric
32,52,192.0,small_hydroelectric
39,52,52.9,small_hydroelectric
51,52,25.641,small_hydroelectric
64,52,6.128,small_hydroelectric
81,52,241.672,small_hydroelectric
95,52,418.922,small_hydroelectric
106,52,31.614,small_hydroelectric
125,52,100.697,small_hydroelectric
137,52,36.822,small_hydroelectric
145,52,33.21,small_hydroelectric
12,52,0.0,solar_photovoltaic
25,52,0.0,solar_photovoltaic
33,52,0.0,solar_photovoltaic
52,52,0.0,solar_photovoltaic
65,52,0.0,solar_photovoltaic
82,52,0.0,solar_photovoltaic
96,52,0.0,solar_photovoltaic
107,52,0.0,solar_photovoltaic
126,52,0.0,solar_photovoltaic
138,52,0.0,solar_photovoltaic
26,53,11.235,biomass
13,53,15.682,biomass
108,53,137.081,biomass
40,53,5.952,biomass
97,53,178.173,biomass
1,53,16.294,biomass
66,53,228.795,biomass
2,53,638.4155988,conventional_hydroelectric
14,53,12.700908,conventional_hydroelectric
27,53,333.5821488,conventional_hydroelectric
35,53,1068.979648,conventional_hydroelectric
54,53,621.3539178000001,conventional_hydroelectric
67,53,1520.7698932115038,conventional_hydroelectric
84,53,11130.195871799999,conventional_hydroelectric
109,53,124.7116430742,conventional_hydroelectric
128,53,40.81902,conventional_hydroelectric
139,53,22.660780799999998,conventional_hydroelectric
110,53,50.0,conventional_steam_coal
41,53,7219.002,conventional_steam_coal
3,53,14050.987,conventional_steam_coal
36,53,2368.701,conventional_steam_coal
85,53,1340.0,conventional_steam_coal
28,53,74.364,geothermal
116,53,56.5,natural_gas_fired_combined_cycle
73,53,644.7,natural_gas_fired_combined_cycle
71,53,966.4243964088837,natural_gas_fired_combined_cycle
44,53,0.0,natural_gas_fired_combined_cycle
115,53,0.0,natural_gas_fired_combined_cycle
70,53,0.0,natural_gas_fired_combined_cycle
131,53,0.0,natural_gas_fired_combined_cycle
18,53,0.0,natural_gas_fired_combined_cycle
72,53,0.0,natural_gas_fired_combined_cycle
114,53,0.0,natural_gas_fired_combined_cycle
45,53,0.0,natural_gas_fired_combined_cycle
78,53,257.0,natural_gas_fired_combustion_turbine
75,53,0.0,natural_gas_fired_combustion_turbine
119,53,0.0,natural_gas_fired_combustion_turbine
117,53,0.0,natural_gas_fired_combustion_turbine
134,53,0.0,natural_gas_fired_combustion_turbine
103,53,0.0,natural_gas_fired_combustion_turbine
47,53,0.0,natural_gas_fired_combustion_turbine
8,53,0.0,natural_gas_fired_combustion_turbine
90,53,0.0,natural_gas_fired_combustion_turbine
60,53,0.0,natural_gas_fired_combustion_turbine
46,53,0.0,natural_gas_fired_combustion_turbine
37,53,0.0,natural_gas_fired_combustion_turbine
7,53,0.0,natural_gas_fired_combustion_turbine
133,53,0.0,natural_gas_fired_combustion_turbine
74,53,0.0,natural_gas_fired_combustion_turbine
20,53,0.0,natural_gas_fired_combustion_turbine
135,53,0.0,natural_gas_fired_combustion_turbine
142,53,0.0,natural_gas_fired_combustion_turbine
121,53,0.0,natural_gas_fired_combustion_turbine
91,53,0.0,natural_gas_fired_combustion_turbine
22,53,0.0,natural_gas_steam_turbine
123,53,0.0,natural_gas_steam_turbine
62,53,0.0,natural_gas_steam_turbine
49,53,0.0,natural_gas_steam_turbine
48,53,0.0,natural_gas_steam_turbine
21,53,0.0,natural_gas_steam_turbine
79,53,7405.999,nuclear
10,53,30.721620000000005,onshore_wind_turbine
23,53,181.28220000000002,onshore_wind_turbine
31,53,305.33399999999995,onshore_wind_turbine
38,53,114.9084,onshore_wind_turbine
50,53,249.69239999999994,onshore_wind_turbine
63,53,26.213640148800003,onshore_wind_turbine
80,53,19.515719999999998,onshore_wind_turbine
94,53,389.3214,onshore_wind_turbine
105,53,387.84407967899995,onshore_wind_turbine
124,53,1656.2942065890002,onshore_wind_turbine
136,53,222.80166,onshore_wind_turbine
144,53,1298.6009099999999,onshore_wind_turbine
11,53,19.125,small_hydroelectric
24,53,62.577,small_hydroelectric
32,53,192.0,small_hydroelectric
39,53,52.9,small_hydroelectric
51,53,25.641,small_hydroelectric
64,53,6.128,small_hydroelectric
81,53,241.672,small_hydroelectric
95,53,418.922,small_hydroelectric
106,53,31.614,small_hydroelectric
125,53,100.697,small_hydroelectric
137,53,36.822,small_hydroelectric
145,53,33.21,small_hydroelectric
12,53,0.0,solar_photovoltaic
25,53,0.0,solar_photovoltaic
33,53,0.0,solar_photovoltaic
52,53,0.0,solar_photovoltaic
65,53,0.0,solar_photovoltaic
82,53,0.0,solar_photovoltaic
96,53,0.0,solar_photovoltaic
107,53,0.0,solar_photovoltaic
126,53,0.0,solar_photovoltaic
138,53,0.0,solar_photovoltaic
26,54,11.235,biomass
13,54,15.682,biomass
108,54,137.081,biomass
40,54,5.952,biomass
97,54,178.173,biomass
1,54,16.294,biomass
66,54,228.795,biomass
2,54,638.4155988,conventional_hydroelectric
14,54,12.93611,conventional_hydroelectric
27,54,334.0054764,conventional_hydroelectric
35,54,1069.2294096,conventional_hydroelectric
54,54,620.9381574000001,conventional_hydroelectric
67,54,1521.812069290422,conventional_hydroelectric
84,54,11141.817063,conventional_hydroelectric
109,54,124.8512630742,conventional_hydroelectric
128,54,40.8342,conventional_hydroelectric
139,54,22.660780799999998,conventional_hydroelectric
110,54,50.0,conventional_steam_coal
41,54,7219.002,conventional_steam_coal
3,54,14050.987,conventional_steam_coal
36,54,2368.701,conventional_steam_coal
85,54,1340.0,conventional_steam_coal
28,54,74.364,geothermal
116,54,56.5,natural_gas_fired_combined_cycle
73,54,644.7,natural_gas_fired_combined_cycle
71,54,17889.210064671788,natural_gas_fired_combined_cycle
44,54,0.0,natural_gas_fired_combined_cycle
115,54,0.0,natural_gas_fired_combined_cycle
70,54,0.0,natural_gas_fired_combined_cycle
131,54,0.0,natural_gas_fired_combined_cycle
18,54,0.0,natural_gas_fired_combined_cycle
72,54,0.0,natural_gas_fired_combined_cycle
114,54,0.0,natural_gas_fired_combined_cycle
45,54,0.0,natural_gas_fired_combined_cycle
78,54,257.0,natural_gas_fired_combustion_turbine
75,54,0.0,natural_gas_fired_combustion_turbine
119,54,0.0,natural_gas_fired_combustion_turbine
117,54,0.0,natural_gas_fired_combustion_turbine
134,54,0.0,natural_gas_fired_combustion_turbine
103,54,0.0,natural_gas_fired_combustion_turbine
47,54,0.0,natural_gas_fired_combustion_turbine
8,54,0.0,natural_gas_fired_combustion_turbine
90,54,0.0,natural_gas_fired_combustion_turbine
60,54,0.0,natural_gas_fired_combustion_turbine
46,54,0.0,natural_gas_fired_combustion_turbine
37,54,0.0,natural_gas_fired_combustion_turbine
7,54,0.0,natural_gas_fired_combustion_turbine
133,54,0.0,natural_gas_fired_combustion_turbine
74,54,0.0,natural_gas_fired_combustion_turbine
20,54,0.0,natural_gas_fired_combustion_turbine
135,54,0.0,natural_gas_fired_combustion_turbine
142,54,0.0,natural_gas_fired_combustion_turbine
121,54,0.0,natural_gas_fired_combustion_turbine
91,54,0.0,natural_gas_fired_combustion_turbine
22,54,0.0,natural_gas_steam_turbine
123,54,0.0,natural_gas_steam_turbine
62,54,0.0,natural_gas_steam_turbine
49,54,0.0,natural_gas_steam_turbine
48,54,0.0,natural_gas_steam_turbine
21,54,0.0,natural_gas_steam_turbine
79,54,7405.999,nuclear
10,54,51.02259000000001,onshore_wind_turbine
23,54,216.42059999999998,onshore_wind_turbine
31,54,425.94093,onshore_wind_turbine
38,54,186.4827,onshore_wind_turbine
50,54,219.20669999999996,onshore_wind_turbine
63,54,36.6644401056,onshore_wind_turbine
80,54,16.32948,onshore_wind_turbine
94,54,419.26919999999996,onshore_wind_turbine
105,54,430.50402057599996,onshore_wind_turbine
124,54,1299.429006282,onshore_wind_turbine
136,54,255.56661,onshore_wind_turbine
144,54,1013.1126299999997,onshore_wind_turbine
11,54,19.125,small_hydroelectric
24,54,62.577,small_hydroelectric
32,54,192.0,small_hydroelectric
39,54,52.9,small_hydroelectric
51,54,25.641,small_hydroelectric
64,54,6.128,small_hydroelectric
81,54,241.672,small_hydroelectric
95,54,418.922,small_hydroelectric
106,54,31.614,small_hydroelectric
125,54,100.697,small_hydroelectric
137,54,36.822,small_hydroelectric
145,54,33.21,small_hydroelectric
12,54,0.0,solar_photovoltaic
25,54,0.0,solar_photovoltaic
33,54,0.0,solar_photovoltaic
52,54,0.0,solar_photovoltaic
65,54,0.0,solar_photovoltaic
82,54,0.0,solar_photovoltaic
96,54,0.0,solar_photovoltaic
107,54,0.0,solar_photovoltaic
126,54,0.0,solar_photovoltaic
138,54,0.0,solar_photovoltaic
26,55,11.235,biomass
13,55,15.682,biomass
108,55,137.081,biomass
40,55,5.952,biomass
97,55,178.173,biomass
1,55,16.294,biomass
66,55,228.795,biomass
2,55,638.4155988,conventional_hydroelectric
14,55,13.1242716,conventional_hydroelectric
27,55,334.2876948,conventional_hydroelectric
35,55,1069.7289328,conventional_hydroelectric
54,55,620.6263371,conventional_hydroelectric
67,55,1522.906712781831,conventional_hydroelectric
84,55,11153.4382542,conventional_hydroelectric
109,55,124.9120117362,conventional_hydroelectric
128,55,40.849380000000004,conventional_hydroelectric
139,55,22.6840704,conventional_hydroelectric
110,55,50.0,conventional_steam_coal
41,55,7219.002,conventional_steam_coal
3,55,14050.987,conventional_steam_coal
36,55,2368.701,conventional_steam_coal
85,55,1340.0,conventional_steam_coal
28,55,74.364,geothermal
116,55,56.5,natural_gas_fired_combined_cycle
73,55,644.7,natural_gas_fired_combined_cycle
71,55,19214.20959272496,natural_gas_fired_combined_cycle
44,55,0.0,natural_gas_fired_combined_cycle
115,55,0.0,natural_gas_fired_combined_cycle
70,55,0.0,natural_gas_fired_combined_cycle
131,55,0.0,natural_gas_fired_combined_cycle
18,55,0.0,natural_gas_fired_combined_cycle
72,55,0.0,natural_gas_fired_combined_cycle
114,55,0.0,natural_gas_fired_combined_cycle
45,55,0.0,natural_gas_fired_combined_cycle
78,55,257.0,natural_gas_fired_combustion_turbine
75,55,0.0,natural_gas_fired_combustion_turbine
119,55,0.0,natural_gas_fired_combustion_turbine
117,55,0.0,natural_gas_fired_combustion_turbine
134,55,0.0,natural_gas_fired_combustion_turbine
103,55,0.0,natural_gas_fired_combustion_turbine
47,55,0.0,natural_gas_fired_combustion_turbine
8,55,0.0,natural_gas_fired_combustion_turbine
90,55,0.0,natural_gas_fired_combustion_turbine
60,55,0.0,natural_gas_fired_combustion_turbine
46,55,0.0,natural_gas_fired_combustion_turbine
37,55,0.0,natural_gas_fired_combustion_turbine
7,55,0.0,natural_gas_fired_combustion_turbine
133,55,0.0,natural_gas_fired_combustion_turbine
74,55,0.0,natural_gas_fired_combustion_turbine
20,55,0.0,natural_gas_fired_combustion_turbine
135,55,0.0,natural_gas_fired_combustion_turbine
142,55,0.0,natural_gas_fired_combustion_turbine
121,55,0.0,natural_gas_fired_combustion_turbine
91,55,0.0,natural_gas_fired_combustion_turbine
22,55,0.0,natural_gas_steam_turbine
123,55,0.0,natural_gas_steam_turbine
62,55,0.0,natural_gas_steam_turbine
49,55,0.0,natural_gas_steam_turbine
48,55,0.0,natural_gas_steam_turbine
21,55,0.0,natural_gas_steam_turbine
79,55,7405.999,nuclear
10,55,53.02953,onshore_wind_turbine
23,55,99.825,onshore_wind_turbine
31,55,318.05625,onshore_wind_turbine
38,55,163.35495000000003,onshore_wind_turbine
50,55,175.94603999999998,onshore_wind_turbine
63,55,35.1040801488,onshore_wind_turbine
80,55,26.68476,onshore_wind_turbine
94,55,718.7472,onshore_wind_turbine
105,55,343.01879955,onshore_wind_turbine
124,55,2126.3835933582004,onshore_wind_turbine
136,55,251.71191000000002,onshore_wind_turbine
144,55,1071.5079599999997,onshore_wind_turbine
11,55,19.125,small_hydroelectric
24,55,62.577,small_hydroelectric
32,55,192.0,small_hydroelectric
39,55,52.9,small_hydroelectric
51,55,25.641,small_hydroelectric
64,55,6.128,small_hydroelectric
81,55,241.672,small_hydroelectric
95,55,418.922,small_hydroelectric
106,55,31.614,small_hydroelectric
125,55,100.697,small_hydroelectric
137,55,36.822,small_hydroelectric
145,55,33.21,small_hydroelectric
12,55,0.0,solar_photovoltaic
25,55,0.4804199999999999,solar_photovoltaic
33,55,0.0,solar_photovoltaic
52,55,293.85024,solar_photovoltaic
65,55,0.0,solar_photovoltaic
82,55,0.0,solar_photovoltaic
96,55,0.0,solar_photovoltaic
107,55,0.0,solar_photovoltaic
126,55,0.0,solar_photovoltaic
138,55,0.0,solar_photovoltaic
26,56,11.235,biomass
13,56,15.682,biomass
108,56,137.081,biomass
40,56,5.952,biomass
97,56,178.173,biomass
1,56,16.294,biomass
66,56,228.795,biomass
2,56,638.139348,conventional_hydroelectric
14,56,13.3124332,conventional_hydroelectric
27,56,334.56991320000003,conventional_hydroelectric
35,56,1069.9786944,conventional_hydroelectric
54,56,620.2105767,conventional_hydroelectric
67,56,1523.9488961347558,conventional_hydroelectric
84,56,11162.154147599998,conventional_hydroelectric
109,56,124.97275900200002,conventional_hydroelectric
128,56,40.849380000000004,conventional_hydroelectric
139,56,22.6840704,conventional_hydroelectric
110,56,50.0,conventional_steam_coal
41,56,7219.002,conventional_steam_coal
3,56,14050.987,conventional_steam_coal
36,56,2368.701,conventional_steam_coal
85,56,1340.0,conventional_steam_coal
28,56,74.364,geothermal
116,56,56.5,natural_gas_fired_combined_cycle
73,56,412.60800000000006,natural_gas_fired_combined_cycle
71,56,0.0,natural_gas_fired_combined_cycle
44,56,0.0,natural_gas_fired_combined_cycle
115,56,0.0,natural_gas_fired_combined_cycle
70,56,0.0,natural_gas_fired_combined_cycle
131,56,0.0,natural_gas_fired_combined_cycle
18,56,0.0,natural_gas_fired_combined_cycle
72,56,0.0,natural_gas_fired_combined_cycle
114,56,0.0,natural_gas_fired_combined_cycle
45,56,0.0,natural_gas_fired_combined_cycle
78,56,257.0,natural_gas_fired_combustion_turbine
75,56,0.0,natural_gas_fired_combustion_turbine
119,56,0.0,natural_gas_fired_combustion_turbine
117,56,0.0,natural_gas_fired_combustion_turbine
134,56,0.0,natural_gas_fired_combustion_turbine
103,56,0.0,natural_gas_fired_combustion_turbine
47,56,0.0,natural_gas_fired_combustion_turbine
8,56,0.0,natural_gas_fired_combustion_turbine
90,56,0.0,natural_gas_fired_combustion_turbine
60,56,0.0,natural_gas_fired_combustion_turbine
46,56,0.0,natural_gas_fired_combustion_turbine
37,56,0.0,natural_gas_fired_combustion_turbine
7,56,0.0,natural_gas_fired_combustion_turbine
133,56,0.0,natural_gas_fired_combustion_turbine
74,56,0.0,natural_gas_fired_combustion_turbine
20,56,0.0,natural_gas_fired_combustion_turbine
135,56,0.0,natural_gas_fired_combustion_turbine
142,56,0.0,natural_gas_fired_combustion_turbine
121,56,0.0,natural_gas_fired_combustion_turbine
91,56,0.0,natural_gas_fired_combustion_turbine
22,56,0.0,natural_gas_steam_turbine
123,56,0.0,natural_gas_steam_turbine
62,56,0.0,natural_gas_steam_turbine
49,56,0.0,natural_gas_steam_turbine
48,56,0.0,natural_gas_steam_turbine
21,56,0.0,natural_gas_steam_turbine
79,56,7405.999,nuclear
10,56,43.07202000000001,onshore_wind_turbine
23,56,91.0404,onshore_wind_turbine
31,56,433.57427999999993,onshore_wind_turbine
38,56,184.29165,onshore_wind_turbine
50,56,181.46249999999998,onshore_wind_turbine
63,56,29.167200108,onshore_wind_turbine
80,56,59.34372,onshore_wind_turbine
94,56,1024.53,onshore_wind_turbine
105,56,381.12425958600005,onshore_wind_turbine
124,56,1726.2022557186003,onshore_wind_turbine
136,56,208.92474,onshore_wind_turbine
144,56,997.3551599999998,onshore_wind_turbine
11,56,19.125,small_hydroelectric
24,56,62.577,small_hydroelectric
32,56,192.0,small_hydroelectric
39,56,52.9,small_hydroelectric
51,56,25.641,small_hydroelectric
64,56,6.128,small_hydroelectric
81,56,241.672,small_hydroelectric
95,56,418.922,small_hydroelectric
106,56,31.614,small_hydroelectric
125,56,100.697,small_hydroelectric
137,56,36.822,small_hydroelectric
145,56,33.21,small_hydroelectric
12,56,1733.6937599999999,solar_photovoltaic
25,56,597.0019199999999,solar_photovoltaic
33,56,0.07545,solar_photovoltaic
52,56,1174.80852,solar_photovoltaic
65,56,2066.8597527296997,solar_photovoltaic
82,56,730.77762,solar_photovoltaic
96,56,0.0,solar_photovoltaic
107,56,2286.2979272745,solar_photovoltaic
126,56,3307.434301716,solar_photovoltaic
138,56,483.15861,solar_photovoltaic
26,57,11.235,biomass
13,57,15.682,biomass
108,57,137.081,biomass
40,57,5.952,biomass
97,57,178.173,biomass
1,57,16.294,biomass
66,57,228.795,biomass
2,57,638.139348,conventional_hydroelectric
14,57,13.5476352,conventional_hydroelectric
27,57,334.9932408,conventional_hydroelectric
35,57,1070.4782175999999,conventional_hydroelectric
54,57,619.7948163000001,conventional_hydroelectric
67,57,1525.0435396261648,conventional_hydroelectric
84,57,11173.7753388,conventional_hydroelectric
109,57,125.03350766400001,conventional_hydroelectric
128,57,40.864560000000004,conventional_hydroelectric
139,57,22.707359999999998,conventional_hydroelectric
110,57,50.0,conventional_steam_coal
41,57,7219.002,conventional_steam_coal
3,57,14050.987,conventional_steam_coal
36,57,1018.5414300000002,conventional_steam_coal
85,57,576.2,conventional_steam_coal
28,57,74.364,geothermal
116,57,20.339999999999996,natural_gas_fired_combined_cycle
73,57,0.0,natural_gas_fired_combined_cycle
71,57,0.0,natural_gas_fired_combined_cycle
44,57,0.0,natural_gas_fired_combined_cycle
115,57,0.0,natural_gas_fired_combined_cycle
70,57,0.0,natural_gas_fired_combined_cycle
131,57,0.0,natural_gas_fired_combined_cycle
18,57,0.0,natural_gas_fired_combined_cycle
72,57,0.0,natural_gas_fired_combined_cycle
114,57,0.0,natural_gas_fired_combined_cycle
45,57,0.0,natural_gas_fired_combined_cycle
78,57,0.0,natural_gas_fired_combustion_turbine
75,57,0.0,natural_gas_fired_combustion_turbine
119,57,0.0,natural_gas_fired_combustion_turbine
117,57,0.0,natural_gas_fired_combustion_turbine
134,57,0.0,natural_gas_fired_combustion_turbine
103,57,0.0,natural_gas_fired_combustion_turbine
47,57,0.0,natural_gas_fired_combustion_turbine
8,57,0.0,natural_gas_fired_combustion_turbine
90,57,0.0,natural_gas_fired_combustion_turbine
60,57,0.0,natural_gas_fired_combustion_turbine
46,57,0.0,natural_gas_fired_combustion_turbine
37,57,0.0,natural_gas_fired_combustion_turbine
7,57,0.0,natural_gas_fired_combustion_turbine
133,57,0.0,natural_gas_fired_combustion_turbine
74,57,0.0,natural_gas_fired_combustion_turbine
20,57,0.0,natural_gas_fired_combustion_turbine
135,57,0.0,natural_gas_fired_combustion_turbine
142,57,0.0,natural_gas_fired_combustion_turbine
121,57,0.0,natural_gas_fired_combustion_turbine
91,57,0.0,natural_gas_fired_combustion_turbine
22,57,0.0,natural_gas_steam_turbine
123,57,0.0,natural_gas_steam_turbine
62,57,0.0,natural_gas_steam_turbine
49,57,0.0,natural_gas_steam_turbine
48,57,0.0,natural_gas_steam_turbine
21,57,0.0,natural_gas_steam_turbine
79,57,7405.999,nuclear
10,57,37.66872000000001,onshore_wind_turbine
23,57,618.915,onshore_wind_turbine
31,57,616.2657899999999,onshore_wind_turbine
38,57,140.95755,onshore_wind_turbine
50,57,247.07933999999995,onshore_wind_turbine
63,57,19.884479868000003,onshore_wind_turbine
80,57,122.67023999999999,onshore_wind_turbine
94,57,663.5802,onshore_wind_turbine
105,57,249.803099406,onshore_wind_turbine
124,57,1317.2642958618,onshore_wind_turbine
136,57,137.61279000000002,onshore_wind_turbine
144,57,1824.1588799999997,onshore_wind_turbine
11,57,19.125,small_hydroelectric
24,57,62.577,small_hydroelectric
32,57,192.0,small_hydroelectric
39,57,52.9,small_hydroelectric
51,57,25.641,small_hydroelectric
64,57,6.128,small_hydroelectric
81,57,241.672,small_hydroelectric
95,57,418.922,small_hydroelectric
106,57,31.614,small_hydroelectric
125,57,100.697,small_hydroelectric
137,57,36.822,small_hydroelectric
145,57,33.21,small_hydroelectric
12,57,2889.8931599999996,solar_photovoltaic
25,57,887.1756,solar_photovoltaic
33,57,81.71235,solar_photovoltaic
52,57,1598.9955599999998,solar_photovoltaic
65,57,4380.2261063829,solar_photovoltaic
82,57,3254.2179599999995,solar_photovoltaic
96,57,16.75002,solar_photovoltaic
107,57,4385.727237249,solar_photovoltaic
126,57,7939.353578730001,solar_photovoltaic
138,57,907.8059099999999,solar_photovoltaic
26,58,11.235,biomass
13,58,15.682,biomass
108,58,137.081,biomass
40,58,5.952,biomass
97,58,178.173,biomass
1,58,16.294,biomass
66,58,228.795,biomass
2,58,638.139348,conventional_hydroelectric
14,58,13.7357968,conventional_hydroelectric
27,58,335.27545920000006,conventional_hydroelectric
35,58,1070.7279792000002,conventional_hydroelectric
54,58,619.3790559,conventional_hydroelectric
67,58,1526.085715705083,conventional_hydroelectric
84,58,11182.4912322,conventional_hydroelectric
109,58,125.0942549298,conventional_hydroelectric
128,58,40.87974,conventional_hydroelectric
139,58,22.7306496,conventional_hydroelectric
110,58,50.0,conventional_steam_coal
41,58,7219.002,conventional_steam_coal
3,58,14050.987,conventional_steam_coal
36,58,1188.1102786386036,conventional_steam_coal
85,58,0.0,conventional_steam_coal
28,58,74.364,geothermal
116,58,0.0,natural_gas_fired_combined_cycle
73,58,0.0,natural_gas_fired_combined_cycle
71,58,0.0,natural_gas_fired_combined_cycle
44,58,0.0,natural_gas_fired_combined_cycle
115,58,0.0,natural_gas_fired_combined_cycle
70,58,0.0,natural_gas_fired_combined_cycle
131,58,0.0,natural_gas_fired_combined_cycle
18,58,0.0,natural_gas_fired_combined_cycle
72,58,0.0,natural_gas_fired_combined_cycle
114,58,0.0,natural_gas_fired_combined_cycle
45,58,0.0,natural_gas_fired_combined_cycle
78,58,0.0,natural_gas_fired_combustion_turbine
75,58,0.0,natural_gas_fired_combustion_turbine
119,58,0.0,natural_gas_fired_combustion_turbine
117,58,0.0,natural_gas_fired_combustion_turbine
134,58,0.0,natural_gas_fired_combustion_turbine
103,58,0.0,natural_gas_fired_combustion_turbine
47,58,0.0,natural_gas_fired_combustion_turbine
8,58,0.0,natural_gas_fired_combustion_turbine
90,58,0.0,natural_gas_fired_combustion_turbine
60,58,0.0,natural_gas_fired_combustion_turbine
46,58,0.0,natural_gas_fired_combustion_turbine
37,58,0.0,natural_gas_fired_combustion_turbine
7,58,0.0,natural_gas_fired_combustion_turbine
133,58,0.0,natural_gas_fired_combustion_turbine
74,58,0.0,natural_gas_fired_combustion_turbine
20,58,0.0,natural_gas_fired_combustion_turbine
135,58,0.0,natural_gas_fired_combustion_turbine
142,58,0.0,natural_gas_fired_combustion_turbine
121,58,0.0,natural_gas_fired_combustion_turbine
91,58,0.0,natural_gas_fired_combustion_turbine
22,58,0.0,natural_gas_steam_turbine
123,58,0.0,natural_gas_steam_turbine
62,58,0.0,natural_gas_steam_turbine
49,58,0.0,natural_gas_steam_turbine
48,58,0.0,natural_gas_steam_turbine
21,58,0.0,natural_gas_steam_turbine
79,58,7405.999,nuclear
10,58,38.05467,onshore_wind_turbine
23,58,1657.8936,onshore_wind_turbine
31,58,1191.82038,onshore_wind_turbine
38,58,172.36260000000001,onshore_wind_turbine
50,58,224.43281999999996,onshore_wind_turbine
63,58,18.1300801368,onshore_wind_turbine
80,58,1.5931199999999999,onshore_wind_turbine
94,58,1120.6781999999998,onshore_wind_turbine
105,58,389.786880042,onshore_wind_turbine
124,58,326.1879347628,onshore_wind_turbine
136,58,49.72563,onshore_wind_turbine
144,58,2888.2515599999992,onshore_wind_turbine
11,58,19.125,small_hydroelectric
24,58,62.577,small_hydroelectric
32,58,192.0,small_hydroelectric
39,58,52.9,small_hydroelectric
51,58,25.641,small_hydroelectric
64,58,6.128,small_hydroelectric
81,58,241.672,small_hydroelectric
95,58,418.922,small_hydroelectric
106,58,31.614,small_hydroelectric
125,58,100.697,small_hydroelectric
137,58,36.822,small_hydroelectric
145,58,33.21,small_hydroelectric
12,58,3581.7967799999997,solar_photovoltaic
25,58,1050.8386799999998,solar_photovoltaic
33,58,239.6292,solar_photovoltaic
52,58,1882.4780999999998,solar_photovoltaic
65,58,5830.686086091299,solar_photovoltaic
82,58,4582.82853,solar_photovoltaic
96,58,70.65234,solar_photovoltaic
107,58,5582.8398925515,solar_photovoltaic
126,58,10555.749728268,solar_photovoltaic
138,58,1101.14763,solar_photovoltaic
26,59,11.235,biomass
13,59,15.682,biomass
108,59,137.081,biomass
40,59,5.952,biomass
97,59,178.173,biomass
1,59,16.294,biomass
66,59,228.795,biomass
2,59,638.139348,conventional_hydroelectric
14,59,13.9239584,conventional_hydroelectric
27,59,335.69878680000005,conventional_hydroelectric
35,59,1071.2275024,conventional_hydroelectric
54,59,618.9632955000001,conventional_hydroelectric
67,59,1527.180359196492,conventional_hydroelectric
84,59,11194.112423399998,conventional_hydroelectric
109,59,125.1550035918,conventional_hydroelectric
128,59,40.87974,conventional_hydroelectric
139,59,22.7306496,conventional_hydroelectric
110,59,50.0,conventional_steam_coal
41,59,7219.002,conventional_steam_coal
3,59,14050.987,conventional_steam_coal
36,59,0.0,conventional_steam_coal
85,59,0.0,conventional_steam_coal
28,59,74.364,geothermal
116,59,0.0,natural_gas_fired_combined_cycle
73,59,0.0,natural_gas_fired_combined_cycle
71,59,0.0,natural_gas_fired_combined_cycle
44,59,0.0,natural_gas_fired_combined_cycle
115,59,0.0,natural_gas_fired_combined_cycle
70,59,0.0,natural_gas_fired_combined_cycle
131,59,0.0,natural_gas_fired_combined_cycle
18,59,0.0,natural_gas_fired_combined_cycle
72,59,0.0,natural_gas_fired_combined_cycle
114,59,0.0,natural_gas_fired_combined_cycle
45,59,0.0,natural_gas_fired_combined_cycle
78,59,0.0,natural_gas_fired_combustion_turbine
75,59,0.0,natural_gas_fired_combustion_turbine
119,59,0.0,natural_gas_fired_combustion_turbine
117,59,0.0,natural_gas_fired_combustion_turbine
134,59,0.0,natural_gas_fired_combustion_turbine
103,59,0.0,natural_gas_fired_combustion_turbine
47,59,0.0,natural_gas_fired_combustion_turbine
8,59,0.0,natural_gas_fired_combustion_turbine
90,59,0.0,natural_gas_fired_combustion_turbine
60,59,0.0,natural_gas_fired_combustion_turbine
46,59,0.0,natural_gas_fired_combustion_turbine
37,59,0.0,natural_gas_fired_combustion_turbine
7,59,0.0,natural_gas_fired_combustion_turbine
133,59,0.0,natural_gas_fired_combustion_turbine
74,59,0.0,natural_gas_fired_combustion_turbine
20,59,0.0,natural_gas_fired_combustion_turbine
135,59,0.0,natural_gas_fired_combustion_turbine
142,59,0.0,natural_gas_fired_combustion_turbine
121,59,0.0,natural_gas_fired_combustion_turbine
91,59,0.0,natural_gas_fired_combustion_turbine
22,59,0.0,natural_gas_steam_turbine
123,59,0.0,natural_gas_steam_turbine
62,59,0.0,natural_gas_steam_turbine
49,59,0.0,natural_gas_steam_turbine
48,59,0.0,natural_gas_steam_turbine
21,59,0.0,natural_gas_steam_turbine
79,59,7405.999,nuclear
10,59,38.903760000000005,onshore_wind_turbine
23,59,2382.2238,onshore_wind_turbine
31,59,1200.4715099999999,onshore_wind_turbine
38,59,438.45345000000003,onshore_wind_turbine
50,59,153.58986,onshore_wind_turbine
63,59,11.8544399712,onshore_wind_turbine
80,59,14.338079999999998,onshore_wind_turbine
94,59,1338.1938,onshore_wind_turbine
105,59,485.74848010499994,onshore_wind_turbine
124,59,760.6085412222001,onshore_wind_turbine
136,59,44.32905,onshore_wind_turbine
144,59,3553.77294,onshore_wind_turbine
11,59,19.125,small_hydroelectric
24,59,62.577,small_hydroelectric
32,59,192.0,small_hydroelectric
39,59,52.9,small_hydroelectric
51,59,25.641,small_hydroelectric
64,59,6.128,small_hydroelectric
81,59,241.672,small_hydroelectric
95,59,418.922,small_hydroelectric
106,59,31.614,small_hydroelectric
125,59,100.697,small_hydroelectric
137,59,36.822,small_hydroelectric
145,59,33.21,small_hydroelectric
12,59,3952.2648599999998,solar_photovoltaic
25,59,1124.3429399999998,solar_photovoltaic
33,59,380.4189,solar_photovoltaic
52,59,1939.0561199999997,solar_photovoltaic
65,59,6682.408795662,solar_photovoltaic
82,59,5350.395869999999,solar_photovoltaic
96,59,115.2351,solar_photovoltaic
107,59,6275.6565306825005,solar_photovoltaic
126,59,12092.513100594,solar_photovoltaic
138,59,1191.36072,solar_photovoltaic
26,60,11.235,biomass
13,60,15.682,biomass
108,60,137.081,biomass
40,60,5.952,biomass
97,60,178.173,biomass
1,60,16.294,biomass
66,60,228.795,biomass
2,60,637.8630972,conventional_hydroelectric
14,60,14.1591604,conventional_hydroelectric
27,60,335.9810052,conventional_hydroelectric
35,60,1071.4772639999999,conventional_hydroelectric
54,60,618.6514751999999,conventional_hydroelectric
67,60,1528.2225425494169,conventional_hydroelectric
84,60,11205.7336146,conventional_hydroelectric
109,60,125.2157508576,conventional_hydroelectric
128,60,40.89492,conventional_hydroelectric
139,60,22.753939199999998,conventional_hydroelectric
110,60,50.0,conventional_steam_coal
41,60,7219.002,conventional_steam_coal
3,60,14050.987,conventional_steam_coal
36,60,1018.5414300000002,conventional_steam_coal
85,60,0.0,conventional_steam_coal
28,60,74.364,geothermal
116,60,0.0,natural_gas_fired_combined_cycle
73,60,0.0,natural_gas_fired_combined_cycle
71,60,0.0,natural_gas_fired_combined_cycle
44,60,0.0,natural_gas_fired_combined_cycle
115,60,0.0,natural_gas_fired_combined_cycle
70,60,0.0,natural_gas_fired_combined_cycle
131,60,0.0,natural_gas_fired_combined_cycle
18,60,0.0,natural_gas_fired_combined_cycle
72,60,0.0,natural_gas_fired_combined_cycle
114,60,0.0,natural_gas_fired_combined_cycle
45,60,0.0,natural_gas_fired_combined_cycle
78,60,0.0,natural_gas_fired_combustion_turbine
75,60,0.0,natural_gas_fired_combustion_turbine
119,60,0.0,natural_gas_fired_combustion_turbine
117,60,0.0,natural_gas_fired_combustion_turbine
134,60,0.0,natural_gas_fired_combustion_turbine
103,60,0.0,natural_gas_fired_combustion_turbine
47,60,0.0,natural_gas_fired_combustion_turbine
8,60,0.0,natural_gas_fired_combustion_turbine
90,60,0.0,natural_gas_fired_combustion_turbine
60,60,0.0,natural_gas_fired_combustion_turbine
46,60,0.0,natural_gas_fired_combustion_turbine
37,60,0.0,natural_gas_fired_combustion_turbine
7,60,0.0,natural_gas_fired_combustion_turbine
133,60,0.0,natural_gas_fired_combustion_turbine
74,60,0.0,natural_gas_fired_combustion_turbine
20,60,0.0,natural_gas_fired_combustion_turbine
135,60,0.0,natural_gas_fired_combustion_turbine
142,60,0.0,natural_gas_fired_combustion_turbine
121,60,0.0,natural_gas_fired_combustion_turbine
91,60,0.0,natural_gas_fired_combustion_turbine
22,60,0.0,natural_gas_steam_turbine
123,60,0.0,natural_gas_steam_turbine
62,60,0.0,natural_gas_steam_turbine
49,60,0.0,natural_gas_steam_turbine
48,60,0.0,natural_gas_steam_turbine
21,60,0.0,natural_gas_steam_turbine
79,60,7405.999,nuclear
10,60,37.97748000000001,onshore_wind_turbine
23,60,2224.8996,onshore_wind_turbine
31,60,805.57287,onshore_wind_turbine
38,60,706.9788,onshore_wind_turbine
50,60,265.95144,onshore_wind_turbine
63,60,7.3649999568,onshore_wind_turbine
80,60,6.770759999999999,onshore_wind_turbine
94,60,1237.317,onshore_wind_turbine
105,60,495.308460465,onshore_wind_turbine
124,60,1608.8869489836002,onshore_wind_turbine
136,60,36.23418,onshore_wind_turbine
144,60,3657.5868599999994,onshore_wind_turbine
11,60,19.125,small_hydroelectric
24,60,62.577,small_hydroelectric
32,60,192.0,small_hydroelectric
39,60,52.9,small_hydroelectric
51,60,25.641,small_hydroelectric
64,60,6.128,small_hydroelectric
81,60,241.672,small_hydroelectric
95,60,418.922,small_hydroelectric
106,60,31.614,small_hydroelectric
125,60,100.697,small_hydroelectric
137,60,36.822,small_hydroelectric
145,60,33.21,small_hydroelectric
12,60,4050.32994,solar_photovoltaic
25,60,1135.07232,solar_photovoltaic
33,60,365.40435,solar_photovoltaic
52,60,2015.4808799999998,solar_photovoltaic
65,60,6963.0269126682,solar_photovoltaic
82,60,5735.015669999999,solar_photovoltaic
96,60,137.9043,solar_photovoltaic
107,60,6489.1250385105,solar_photovoltaic
126,60,12868.3223363445,solar_photovoltaic
138,60,1231.47717,solar_photovoltaic
26,61,11.235,biomass
13,61,15.682,biomass
108,61,137.081,biomass
40,61,5.952,biomass
97,61,178.173,biomass
1,61,16.294,biomass
66,61,228.795,biomass
2,61,637.8630972,conventional_hydroelectric
14,61,14.347322,conventional_hydroelectric
27,61,336.4043328,conventional_hydroelectric
35,61,1071.7270256,conventional_hydroelectric
54,61,618.2357148,conventional_hydroelectric
67,61,1529.317186040826,conventional_hydroelectric
84,61,11214.449508,conventional_hydroelectric
109,61,125.3553708576,conventional_hydroelectric
128,61,40.91010000000001,conventional_hydroelectric
139,61,22.753939199999998,conventional_hydroelectric
110,61,50.0,conventional_steam_coal
41,61,7219.002,conventional_steam_coal
3,61,14050.987,conventional_steam_coal
36,61,2368.701,conventional_steam_coal
85,61,0.0,conventional_steam_coal
28,61,74.364,geothermal
116,61,0.0,natural_gas_fired_combined_cycle
73,61,0.0,natural_gas_fired_combined_cycle
71,61,0.0,natural_gas_fired_combined_cycle
44,61,0.0,natural_gas_fired_combined_cycle
115,61,0.0,natural_gas_fired_combined_cycle
70,61,0.0,natural_gas_fired_combined_cycle
131,61,0.0,natural_gas_fired_combined_cycle
18,61,0.0,natural_gas_fired_combined_cycle
72,61,0.0,natural_gas_fired_combined_cycle
114,61,0.0,natural_gas_fired_combined_cycle
45,61,0.0,natural_gas_fired_combined_cycle
78,61,0.0,natural_gas_fired_combustion_turbine
75,61,0.0,natural_gas_fired_combustion_turbine
119,61,0.0,natural_gas_fired_combustion_turbine
117,61,0.0,natural_gas_fired_combustion_turbine
134,61,0.0,natural_gas_fired_combustion_turbine
103,61,0.0,natural_gas_fired_combustion_turbine
47,61,0.0,natural_gas_fired_combustion_turbine
8,61,0.0,natural_gas_fired_combustion_turbine
90,61,0.0,natural_gas_fired_combustion_turbine
60,61,0.0,natural_gas_fired_combustion_turbine
46,61,0.0,natural_gas_fired_combustion_turbine
37,61,0.0,natural_gas_fired_combustion_turbine
7,61,0.0,natural_gas_fired_combustion_turbine
133,61,0.0,natural_gas_fired_combustion_turbine
74,61,0.0,natural_gas_fired_combustion_turbine
20,61,0.0,natural_gas_fired_combustion_turbine
135,61,0.0,natural_gas_fired_combustion_turbine
142,61,0.0,natural_gas_fired_combustion_turbine
121,61,0.0,natural_gas_fired_combustion_turbine
91,61,0.0,natural_gas_fired_combustion_turbine
22,61,0.0,natural_gas_steam_turbine
123,61,0.0,natural_gas_steam_turbine
62,61,0.0,natural_gas_steam_turbine
49,61,0.0,natural_gas_steam_turbine
48,61,0.0,natural_gas_steam_turbine
21,61,0.0,natural_gas_steam_turbine
79,61,7405.999,nuclear
10,61,43.76673,onshore_wind_turbine
23,61,1593.207,onshore_wind_turbine
31,61,471.23213999999996,onshore_wind_turbine
38,61,839.9024999999999,onshore_wind_turbine
50,61,320.53535999999997,onshore_wind_turbine
63,61,4.332000163200001,onshore_wind_turbine
80,61,7.169039999999999,onshore_wind_turbine
94,61,1401.2418,onshore_wind_turbine
105,61,510.61284048600004,onshore_wind_turbine
124,61,2062.8944399316,onshore_wind_turbine
136,61,100.2222,onshore_wind_turbine
144,61,3784.573529999999,onshore_wind_turbine
11,61,19.125,small_hydroelectric
24,61,62.577,small_hydroelectric
32,61,192.0,small_hydroelectric
39,61,52.9,small_hydroelectric
51,61,25.641,small_hydroelectric
64,61,6.128,small_hydroelectric
81,61,241.672,small_hydroelectric
95,61,418.922,small_hydroelectric
106,61,31.614,small_hydroelectric
125,61,100.697,small_hydroelectric
137,61,36.822,small_hydroelectric
145,61,33.21,small_hydroelectric
12,61,3986.7692399999996,solar_photovoltaic
25,61,1089.7527,solar_photovoltaic
33,61,329.8674,solar_photovoltaic
52,61,2028.21834,solar_photovoltaic
65,61,6892.6307697555,solar_photovoltaic
82,61,5775.986039999999,solar_photovoltaic
96,61,137.84133000000003,solar_photovoltaic
107,61,6420.5425780304995,solar_photovoltaic
126,61,12831.683036278499,solar_photovoltaic
138,61,1176.0968999999998,solar_photovoltaic
26,62,11.235,biomass
13,62,15.682,biomass
108,62,137.081,biomass
40,62,5.952,biomass
97,62,178.173,biomass
1,62,16.294,biomass
66,62,228.795,biomass
2,62,637.8630972,conventional_hydroelectric
14,62,14.535483600000001,conventional_hydroelectric
27,62,336.68655120000005,conventional_hydroelectric
35,62,1072.2265488,conventional_hydroelectric
54,62,617.8199544,conventional_hydroelectric
67,62,1530.359362119744,conventional_hydroelectric
84,62,11226.0706992,conventional_hydroelectric
109,62,125.41611951960002,conventional_hydroelectric
128,62,40.91010000000001,conventional_hydroelectric
139,62,22.7772288,conventional_hydroelectric
110,62,50.0,conventional_steam_coal
41,62,7219.002,conventional_steam_coal
3,62,14050.987,conventional_steam_coal
36,62,2368.701,conventional_steam_coal
85,62,0.0,conventional_steam_coal
28,62,74.364,geothermal
116,62,0.0,natural_gas_fired_combined_cycle
73,62,0.0,natural_gas_fired_combined_cycle
71,62,0.0,natural_gas_fired_combined_cycle
44,62,0.0,natural_gas_fired_combined_cycle
115,62,0.0,natural_gas_fired_combined_cycle
70,62,0.0,natural_gas_fired_combined_cycle
131,62,0.0,natural_gas_fired_combined_cycle
18,62,0.0,natural_gas_fired_combined_cycle
72,62,0.0,natural_gas_fired_combined_cycle
114,62,0.0,natural_gas_fired_combined_cycle
45,62,0.0,natural_gas_fired_combined_cycle
78,62,0.0,natural_gas_fired_combustion_turbine
75,62,0.0,natural_gas_fired_combustion_turbine
119,62,0.0,natural_gas_fired_combustion_turbine
117,62,0.0,natural_gas_fired_combustion_turbine
134,62,0.0,natural_gas_fired_combustion_turbine
103,62,0.0,natural_gas_fired_combustion_turbine
47,62,0.0,natural_gas_fired_combustion_turbine
8,62,0.0,natural_gas_fired_combustion_turbine
90,62,0.0,natural_gas_fired_combustion_turbine
60,62,0.0,natural_gas_fired_combustion_turbine
46,62,0.0,natural_gas_fired_combustion_turbine
37,62,0.0,natural_gas_fired_combustion_turbine
7,62,0.0,natural_gas_fired_combustion_turbine
133,62,0.0,natural_gas_fired_combustion_turbine
74,62,0.0,natural_gas_fired_combustion_turbine
20,62,0.0,natural_gas_fired_combustion_turbine
135,62,0.0,natural_gas_fired_combustion_turbine
142,62,0.0,natural_gas_fired_combustion_turbine
121,62,0.0,natural_gas_fired_combustion_turbine
91,62,0.0,natural_gas_fired_combustion_turbine
22,62,0.0,natural_gas_steam_turbine
123,62,0.0,natural_gas_steam_turbine
62,62,0.0,natural_gas_steam_turbine
49,62,0.0,natural_gas_steam_turbine
48,62,0.0,natural_gas_steam_turbine
21,62,0.0,natural_gas_steam_turbine
79,62,7405.999,nuclear
10,62,28.71468,onshore_wind_turbine
23,62,1360.0158000000001,onshore_wind_turbine
31,62,518.55891,onshore_wind_turbine
38,62,1324.61145,onshore_wind_turbine
50,62,230.82029999999997,onshore_wind_turbine
63,62,1.9889999280000001,onshore_wind_turbine
80,62,4.38108,onshore_wind_turbine
94,62,200.1774,onshore_wind_turbine
105,62,437.959619685,onshore_wind_turbine
124,62,2359.583878839,onshore_wind_turbine
136,62,123.35040000000001,onshore_wind_turbine
144,62,3275.6999399999995,onshore_wind_turbine
11,62,19.125,small_hydroelectric
24,62,62.577,small_hydroelectric
32,62,192.0,small_hydroelectric
39,62,52.9,small_hydroelectric
51,62,25.641,small_hydroelectric
64,62,6.128,small_hydroelectric
81,62,241.672,small_hydroelectric
95,62,418.922,small_hydroelectric
106,62,31.614,small_hydroelectric
125,62,100.697,small_hydroelectric
137,62,36.822,small_hydroelectric
145,62,33.21,small_hydroelectric
12,62,3826.9594799999995,solar_photovoltaic
25,62,952.1924399999999,solar_photovoltaic
33,62,312.58935,solar_photovoltaic
52,62,1818.1983599999999,solar_photovoltaic
65,62,6640.911182592,solar_photovoltaic
82,62,5681.503349999999,solar_photovoltaic
96,62,135.44847000000001,solar_photovoltaic
107,62,6257.510310732,solar_photovoltaic
126,62,12619.8408635565,solar_photovoltaic
138,62,1106.03988,solar_photovoltaic
26,63,11.235,biomass
13,63,15.682,biomass
108,63,137.081,biomass
40,63,5.952,biomass
97,63,178.173,biomass
1,63,16.294,biomass
66,63,228.795,biomass
2,63,637.5868464,conventional_hydroelectric
14,63,14.7236452,conventional_hydroelectric
27,63,337.10987880000005,conventional_hydroelectric
35,63,1072.4763104,conventional_hydroelectric
54,63,617.404194,conventional_hydroelectric
67,63,1531.454005611153,conventional_hydroelectric
84,63,11237.6918904,conventional_hydroelectric
109,63,125.4768667854,conventional_hydroelectric
128,63,40.92528,conventional_hydroelectric
139,63,22.7772288,conventional_hydroelectric
110,63,50.0,conventional_steam_coal
41,63,7219.002,conventional_steam_coal
3,63,14050.987,conventional_steam_coal
36,63,1018.5414300000002,conventional_steam_coal
85,63,477.7868430196984,conventional_steam_coal
28,63,74.364,geothermal
116,63,0.0,natural_gas_fired_combined_cycle
73,63,0.0,natural_gas_fired_combined_cycle
71,63,0.0,natural_gas_fired_combined_cycle
44,63,0.0,natural_gas_fired_combined_cycle
115,63,0.0,natural_gas_fired_combined_cycle
70,63,0.0,natural_gas_fired_combined_cycle
131,63,0.0,natural_gas_fired_combined_cycle
18,63,0.0,natural_gas_fired_combined_cycle
72,63,0.0,natural_gas_fired_combined_cycle
114,63,0.0,natural_gas_fired_combined_cycle
45,63,0.0,natural_gas_fired_combined_cycle
78,63,0.0,natural_gas_fired_combustion_turbine
75,63,0.0,natural_gas_fired_combustion_turbine
119,63,0.0,natural_gas_fired_combustion_turbine
117,63,0.0,natural_gas_fired_combustion_turbine
134,63,0.0,natural_gas_fired_combustion_turbine
103,63,0.0,natural_gas_fired_combustion_turbine
47,63,0.0,natural_gas_fired_combustion_turbine
8,63,0.0,natural_gas_fired_combustion_turbine
90,63,0.0,natural_gas_fired_combustion_turbine
60,63,0.0,natural_gas_fired_combustion_turbine
46,63,0.0,natural_gas_fired_combustion_turbine
37,63,0.0,natural_gas_fired_combustion_turbine
7,63,0.0,natural_gas_fired_combustion_turbine
133,63,0.0,natural_gas_fired_combustion_turbine
74,63,0.0,natural_gas_fired_combustion_turbine
20,63,0.0,natural_gas_fired_combustion_turbine
135,63,0.0,natural_gas_fired_combustion_turbine
142,63,0.0,natural_gas_fired_combustion_turbine
121,63,0.0,natural_gas_fired_combustion_turbine
91,63,0.0,natural_gas_fired_combustion_turbine
22,63,0.0,natural_gas_steam_turbine
123,63,0.0,natural_gas_steam_turbine
62,63,0.0,natural_gas_steam_turbine
49,63,0.0,natural_gas_steam_turbine
48,63,0.0,natural_gas_steam_turbine
21,63,0.0,natural_gas_steam_turbine
79,63,7405.999,nuclear
10,63,57.583740000000006,onshore_wind_turbine
23,63,1029.3953999999999,onshore_wind_turbine
31,63,452.40321,onshore_wind_turbine
38,63,1801.28655,onshore_wind_turbine
50,63,210.49649999999997,onshore_wind_turbine
63,63,9.210000110400001,onshore_wind_turbine
80,63,11.9484,onshore_wind_turbine
94,63,137.1294,onshore_wind_turbine
105,63,371.67941966399997,onshore_wind_turbine
124,63,1668.7131849366003,onshore_wind_turbine
136,63,243.61704000000003,onshore_wind_turbine
144,63,2688.96591,onshore_wind_turbine
11,63,19.125,small_hydroelectric
24,63,62.577,small_hydroelectric
32,63,192.0,small_hydroelectric
39,63,52.9,small_hydroelectric
51,63,25.641,small_hydroelectric
64,63,6.128,small_hydroelectric
81,63,241.672,small_hydroelectric
95,63,418.922,small_hydroelectric
106,63,31.614,small_hydroelectric
125,63,100.697,small_hydroelectric
137,63,36.822,small_hydroelectric
145,63,33.21,small_hydroelectric
12,63,3148.9786799999997,solar_photovoltaic
25,63,716.3062199999999,solar_photovoltaic
33,63,245.06159999999997,solar_photovoltaic
52,63,1442.8876199999997,solar_photovoltaic
65,63,5585.4372556161,solar_photovoltaic
82,63,4959.923159999999,solar_photovoltaic
96,63,132.67779000000002,solar_photovoltaic
107,63,5263.787757828,solar_photovoltaic
126,63,10842.327772128001,solar_photovoltaic
138,63,941.0732099999999,solar_photovoltaic
26,64,11.235,biomass
13,64,15.682,biomass
108,64,137.081,biomass
40,64,5.952,biomass
97,64,178.173,biomass
1,64,16.294,biomass
66,64,228.795,biomass
2,64,637.5868464,conventional_hydroelectric
14,64,14.958847200000001,conventional_hydroelectric
27,64,337.3920972,conventional_hydroelectric
35,64,1072.9758336,conventional_hydroelectric
54,64,616.9884336,conventional_hydroelectric
67,64,1532.4961889640779,conventional_hydroelectric
84,64,11246.4077838,conventional_hydroelectric
109,64,125.5376154474,conventional_hydroelectric
128,64,40.94046,conventional_hydroelectric
139,64,22.800518399999998,conventional_hydroelectric
110,64,50.0,conventional_steam_coal
41,64,7219.002,conventional_steam_coal
3,64,14050.987,conventional_steam_coal
36,64,2368.701,conventional_steam_coal
85,64,1241.5868430196983,conventional_steam_coal
28,64,74.364,geothermal
116,64,36.160000000000004,natural_gas_fired_combined_cycle
73,64,232.09199999999998,natural_gas_fired_combined_cycle
71,64,0.0,natural_gas_fired_combined_cycle
44,64,0.0,natural_gas_fired_combined_cycle
115,64,0.0,natural_gas_fired_combined_cycle
70,64,0.0,natural_gas_fired_combined_cycle
131,64,0.0,natural_gas_fired_combined_cycle
18,64,0.0,natural_gas_fired_combined_cycle
72,64,0.0,natural_gas_fired_combined_cycle
114,64,0.0,natural_gas_fired_combined_cycle
45,64,0.0,natural_gas_fired_combined_cycle
78,64,257.0,natural_gas_fired_combustion_turbine
75,64,0.0,natural_gas_fired_combustion_turbine
119,64,0.0,natural_gas_fired_combustion_turbine
117,64,0.0,natural_gas_fired_combustion_turbine
134,64,0.0,natural_gas_fired_combustion_turbine
103,64,0.0,natural_gas_fired_combustion_turbine
47,64,0.0,natural_gas_fired_combustion_turbine
8,64,0.0,natural_gas_fired_combustion_turbine
90,64,0.0,natural_gas_fired_combustion_turbine
60,64,0.0,natural_gas_fired_combustion_turbine
46,64,0.0,natural_gas_fired_combustion_turbine
37,64,0.0,natural_gas_fired_combustion_turbine
7,64,0.0,natural_gas_fired_combustion_turbine
133,64,0.0,natural_gas_fired_combustion_turbine
74,64,0.0,natural_gas_fired_combustion_turbine
20,64,0.0,natural_gas_fired_combustion_turbine
135,64,0.0,natural_gas_fired_combustion_turbine
142,64,0.0,natural_gas_fired_combustion_turbine
121,64,0.0,natural_gas_fired_combustion_turbine
91,64,0.0,natural_gas_fired_combustion_turbine
22,64,0.0,natural_gas_steam_turbine
123,64,0.0,natural_gas_steam_turbine
62,64,0.0,natural_gas_steam_turbine
49,64,0.0,natural_gas_steam_turbine
48,64,0.0,natural_gas_steam_turbine
21,64,0.0,natural_gas_steam_turbine
79,64,7405.999,nuclear
10,64,68.46753000000001,onshore_wind_turbine
23,64,887.2446,onshore_wind_turbine
31,64,716.51712,onshore_wind_turbine
38,64,1704.3934499999998,onshore_wind_turbine
50,64,149.23476,onshore_wind_turbine
63,64,6.623999964,onshore_wind_turbine
80,64,14.73636,onshore_wind_turbine
94,64,331.002,onshore_wind_turbine
105,64,245.017200204,onshore_wind_turbine
124,64,1458.8481659202002,onshore_wind_turbine
136,64,270.59994,onshore_wind_turbine
144,64,2361.7666799999997,onshore_wind_turbine
11,64,19.125,small_hydroelectric
24,64,62.577,small_hydroelectric
32,64,192.0,small_hydroelectric
39,64,52.9,small_hydroelectric
51,64,25.641,small_hydroelectric
64,64,6.128,small_hydroelectric
81,64,241.672,small_hydroelectric
95,64,418.922,small_hydroelectric
106,64,31.614,small_hydroelectric
125,64,100.697,small_hydroelectric
137,64,36.822,small_hydroelectric
145,64,33.21,small_hydroelectric
12,64,2196.77886,solar_photovoltaic
25,64,309.8709,solar_photovoltaic
33,64,74.62005,solar_photovoltaic
52,64,832.3782,solar_photovoltaic
65,64,4023.0084351515998,solar_photovoltaic
82,64,3871.2819,solar_photovoltaic
96,64,64.48128000000001,solar_photovoltaic
107,64,3892.9882753785,solar_photovoltaic
126,64,8326.2800357505,solar_photovoltaic
138,64,623.4683399999999,solar_photovoltaic
26,65,11.235,biomass
13,65,15.682,biomass
108,65,137.081,biomass
40,65,5.952,biomass
97,65,178.173,biomass
1,65,16.294,biomass
66,65,228.795,biomass
2,65,637.5868464,conventional_hydroelectric
14,65,15.1470088,conventional_hydroelectric
27,65,337.8154248,conventional_hydroelectric
35,65,1073.2255952,conventional_hydroelectric
54,65,616.6766133000001,conventional_hydroelectric
67,65,1533.5908324554869,conventional_hydroelectric
84,65,11258.028975,conventional_hydroelectric
109,65,125.5983627132,conventional_hydroelectric
128,65,40.94046,conventional_hydroelectric
139,65,22.800518399999998,conventional_hydroelectric
110,65,50.0,conventional_steam_coal
41,65,7219.002,conventional_steam_coal
3,65,14050.987,conventional_steam_coal
36,65,2368.701,conventional_steam_coal
85,65,1340.0,conventional_steam_coal
28,65,74.364,geothermal
116,65,56.5,natural_gas_fired_combined_cycle
73,65,644.7,natural_gas_fired_combined_cycle
71,65,19062.39578347413,natural_gas_fired_combined_cycle
44,65,0.0,natural_gas_fired_combined_cycle
115,65,0.0,natural_gas_fired_combined_cycle
70,65,0.0,natural_gas_fired_combined_cycle
131,65,0.0,natural_gas_fired_combined_cycle
18,65,0.0,natural_gas_fired_combined_cycle
72,65,0.0,natural_gas_fired_combined_cycle
114,65,0.0,natural_gas_fired_combined_cycle
45,65,0.0,natural_gas_fired_combined_cycle
78,65,257.0,natural_gas_fired_combustion_turbine
75,65,0.0,natural_gas_fired_combustion_turbine
119,65,0.0,natural_gas_fired_combustion_turbine
117,65,0.0,natural_gas_fired_combustion_turbine
134,65,0.0,natural_gas_fired_combustion_turbine
103,65,0.0,natural_gas_fired_combustion_turbine
47,65,0.0,natural_gas_fired_combustion_turbine
8,65,0.0,natural_gas_fired_combustion_turbine
90,65,0.0,natural_gas_fired_combustion_turbine
60,65,0.0,natural_gas_fired_combustion_turbine
46,65,0.0,natural_gas_fired_combustion_turbine
37,65,0.0,natural_gas_fired_combustion_turbine
7,65,0.0,natural_gas_fired_combustion_turbine
133,65,0.0,natural_gas_fired_combustion_turbine
74,65,0.0,natural_gas_fired_combustion_turbine
20,65,0.0,natural_gas_fired_combustion_turbine
135,65,0.0,natural_gas_fired_combustion_turbine
142,65,0.0,natural_gas_fired_combustion_turbine
121,65,0.0,natural_gas_fired_combustion_turbine
91,65,0.0,natural_gas_fired_combustion_turbine
22,65,0.0,natural_gas_steam_turbine
123,65,0.0,natural_gas_steam_turbine
62,65,0.0,natural_gas_steam_turbine
49,65,0.0,natural_gas_steam_turbine
48,65,0.0,natural_gas_steam_turbine
21,65,0.0,natural_gas_steam_turbine
79,65,7405.999,nuclear
10,65,68.08158,onshore_wind_turbine
23,65,1247.4132,onshore_wind_turbine
31,65,291.08508,onshore_wind_turbine
38,65,1027.6024499999999,onshore_wind_turbine
50,65,71.13329999999999,onshore_wind_turbine
63,65,1.8479998848,onshore_wind_turbine
80,65,11.550119999999998,onshore_wind_turbine
94,65,362.526,onshore_wind_turbine
105,65,165.09312054900002,onshore_wind_turbine
124,65,468.2716554252001,onshore_wind_turbine
136,65,285.2478,onshore_wind_turbine
144,65,2318.2019099999993,onshore_wind_turbine
11,65,19.125,small_hydroelectric
24,65,62.577,small_hydroelectric
32,65,192.0,small_hydroelectric
39,65,52.9,small_hydroelectric
51,65,25.641,small_hydroelectric
64,65,6.128,small_hydroelectric
81,65,241.672,small_hydroelectric
95,65,418.922,small_hydroelectric
106,65,31.614,small_hydroelectric
125,65,100.697,small_hydroelectric
137,65,36.822,small_hydroelectric
145,65,33.21,small_hydroelectric
12,65,687.66624,solar_photovoltaic
25,65,0.0,solar_photovoltaic
33,65,0.0,solar_photovoltaic
52,65,0.0,solar_photovoltaic
65,65,1498.6429831737,solar_photovoltaic
82,65,2181.46317,solar_photovoltaic
96,65,0.75564,solar_photovoltaic
107,65,1727.689017297,solar_photovoltaic
126,65,4435.6061131275,solar_photovoltaic
138,65,5.08794,solar_photovoltaic
26,66,11.235,biomass
13,66,15.682,biomass
108,66,137.081,biomass
40,66,5.952,biomass
97,66,178.173,biomass
1,66,16.294,biomass
66,66,228.795,biomass
2,66,637.5868464,conventional_hydroelectric
14,66,15.335170399999999,conventional_hydroelectric
27,66,338.09764320000005,conventional_hydroelectric
35,66,1073.7251184,conventional_hydroelectric
54,66,616.2608529,conventional_hydroelectric
67,66,1534.633008534405,conventional_hydroelectric
84,66,11269.650166200001,conventional_hydroelectric
109,66,125.6591113752,conventional_hydroelectric
128,66,40.95564,conventional_hydroelectric
139,66,22.823808,conventional_hydroelectric
110,66,50.0,conventional_steam_coal
41,66,7219.002,conventional_steam_coal
3,66,14050.987,conventional_steam_coal
36,66,2368.701,conventional_steam_coal
85,66,1340.0,conventional_steam_coal
28,66,74.364,geothermal
116,66,56.5,natural_gas_fired_combined_cycle
73,66,644.7,natural_gas_fired_combined_cycle
71,66,14131.675683694584,natural_gas_fired_combined_cycle
44,66,0.0,natural_gas_fired_combined_cycle
115,66,0.0,natural_gas_fired_combined_cycle
70,66,0.0,natural_gas_fired_combined_cycle
131,66,0.0,natural_gas_fired_combined_cycle
18,66,0.0,natural_gas_fired_combined_cycle
72,66,0.0,natural_gas_fired_combined_cycle
114,66,0.0,natural_gas_fired_combined_cycle
45,66,0.0,natural_gas_fired_combined_cycle
78,66,257.0,natural_gas_fired_combustion_turbine
75,66,0.0,natural_gas_fired_combustion_turbine
119,66,0.0,natural_gas_fired_combustion_turbine
117,66,0.0,natural_gas_fired_combustion_turbine
134,66,0.0,natural_gas_fired_combustion_turbine
103,66,0.0,natural_gas_fired_combustion_turbine
47,66,0.0,natural_gas_fired_combustion_turbine
8,66,0.0,natural_gas_fired_combustion_turbine
90,66,0.0,natural_gas_fired_combustion_turbine
60,66,0.0,natural_gas_fired_combustion_turbine
46,66,0.0,natural_gas_fired_combustion_turbine
37,66,0.0,natural_gas_fired_combustion_turbine
7,66,0.0,natural_gas_fired_combustion_turbine
133,66,0.0,natural_gas_fired_combustion_turbine
74,66,0.0,natural_gas_fired_combustion_turbine
20,66,0.0,natural_gas_fired_combustion_turbine
135,66,0.0,natural_gas_fired_combustion_turbine
142,66,0.0,natural_gas_fired_combustion_turbine
121,66,0.0,natural_gas_fired_combustion_turbine
91,66,0.0,natural_gas_fired_combustion_turbine
22,66,0.0,natural_gas_steam_turbine
123,66,0.0,natural_gas_steam_turbine
62,66,0.0,natural_gas_steam_turbine
49,66,0.0,natural_gas_steam_turbine
48,66,0.0,natural_gas_steam_turbine
21,66,0.0,natural_gas_steam_turbine
79,66,7405.999,nuclear
10,66,29.255010000000006,onshore_wind_turbine
23,66,1273.767,onshore_wind_turbine
31,66,223.91159999999996,onshore_wind_turbine
38,66,1397.4029999999998,onshore_wind_turbine
50,66,7.83918,onshore_wind_turbine
63,66,0.0,onshore_wind_turbine
80,66,0.0,onshore_wind_turbine
94,66,504.384,onshore_wind_turbine
105,66,119.527679628,onshore_wind_turbine
124,66,107.0118012678,onshore_wind_turbine
136,66,332.66061,onshore_wind_turbine
144,66,1998.4179599999998,onshore_wind_turbine
11,66,19.125,small_hydroelectric
24,66,62.577,small_hydroelectric
32,66,192.0,small_hydroelectric
39,66,52.9,small_hydroelectric
51,66,25.641,small_hydroelectric
64,66,6.128,small_hydroelectric
81,66,241.672,small_hydroelectric
95,66,418.922,small_hydroelectric
106,66,31.614,small_hydroelectric
125,66,100.697,small_hydroelectric
137,66,36.822,small_hydroelectric
145,66,33.21,small_hydroelectric
12,66,0.0,solar_photovoltaic
25,66,0.0,solar_photovoltaic
33,66,0.0,solar_photovoltaic
52,66,0.0,solar_photovoltaic
65,66,0.0,solar_photovoltaic
82,66,0.0,solar_photovoltaic
96,66,0.0,solar_photovoltaic
107,66,0.0,solar_photovoltaic
126,66,0.0,solar_photovoltaic
138,66,0.0,solar_photovoltaic
26,67,11.235,biomass
13,67,15.682,biomass
108,67,137.081,biomass
40,67,5.952,biomass
97,67,178.173,biomass
1,67,16.294,biomass
66,67,228.795,biomass
2,67,637.3105955999999,conventional_hydroelectric
14,67,15.570372399999998,conventional_hydroelectric
27,67,338.52097080000004,conventional_hydroelectric
35,67,1073.97488,conventional_hydroelectric
54,67,615.8450925000001,conventional_hydroelectric
67,67,1535.7276520258138,conventional_hydroelectric
84,67,11278.366059599999,conventional_hydroelectric
109,67,125.7987313752,conventional_hydroelectric
128,67,40.970819999999996,conventional_hydroelectric
139,67,22.8470976,conventional_hydroelectric
110,67,50.0,conventional_steam_coal
41,67,7219.002,conventional_steam_coal
3,67,14050.987,conventional_steam_coal
36,67,2368.701,conventional_steam_coal
85,67,1340.0,conventional_steam_coal
28,67,74.364,geothermal
116,67,56.5,natural_gas_fired_combined_cycle
73,67,644.7,natural_gas_fired_combined_cycle
71,67,12608.507254732393,natural_gas_fired_combined_cycle
44,67,0.0,natural_gas_fired_combined_cycle
115,67,0.0,natural_gas_fired_combined_cycle
70,67,0.0,natural_gas_fired_combined_cycle
131,67,0.0,natural_gas_fired_combined_cycle
18,67,0.0,natural_gas_fired_combined_cycle
72,67,0.0,natural_gas_fired_combined_cycle
114,67,0.0,natural_gas_fired_combined_cycle
45,67,0.0,natural_gas_fired_combined_cycle
78,67,257.0,natural_gas_fired_combustion_turbine
75,67,0.0,natural_gas_fired_combustion_turbine
119,67,0.0,natural_gas_fired_combustion_turbine
117,67,0.0,natural_gas_fired_combustion_turbine
134,67,0.0,natural_gas_fired_combustion_turbine
103,67,0.0,natural_gas_fired_combustion_turbine
47,67,0.0,natural_gas_fired_combustion_turbine
8,67,0.0,natural_gas_fired_combustion_turbine
90,67,0.0,natural_gas_fired_combustion_turbine
60,67,0.0,natural_gas_fired_combustion_turbine
46,67,0.0,natural_gas_fired_combustion_turbine
37,67,0.0,natural_gas_fired_combustion_turbine
7,67,0.0,natural_gas_fired_combustion_turbine
133,67,0.0,natural_gas_fired_combustion_turbine
74,67,0.0,natural_gas_fired_combustion_turbine
20,67,0.0,natural_gas_fired_combustion_turbine
135,67,0.0,natural_gas_fired_combustion_turbine
142,67,0.0,natural_gas_fired_combustion_turbine
121,67,0.0,natural_gas_fired_combustion_turbine
91,67,0.0,natural_gas_fired_combustion_turbine
22,67,0.0,natural_gas_steam_turbine
123,67,0.0,natural_gas_steam_turbine
62,67,0.0,natural_gas_steam_turbine
49,67,0.0,natural_gas_steam_turbine
48,67,0.0,natural_gas_steam_turbine
21,67,0.0,natural_gas_steam_turbine
79,67,7405.999,nuclear
10,67,24.77799,onshore_wind_turbine
23,67,1167.5532,onshore_wind_turbine
31,67,286.50507,onshore_wind_turbine
38,67,947.5074,onshore_wind_turbine
50,67,47.035079999999994,onshore_wind_turbine
63,67,5.4512398392,onshore_wind_turbine
80,67,0.0,onshore_wind_turbine
94,67,895.2816,onshore_wind_turbine
105,67,115.12794037500001,onshore_wind_turbine
124,67,496.8405031524,onshore_wind_turbine
136,67,305.29224000000005,onshore_wind_turbine
144,67,2069.7900299999997,onshore_wind_turbine
11,67,19.125,small_hydroelectric
24,67,62.577,small_hydroelectric
32,67,192.0,small_hydroelectric
39,67,52.9,small_hydroelectric
51,67,25.641,small_hydroelectric
64,67,6.128,small_hydroelectric
81,67,241.672,small_hydroelectric
95,67,418.922,small_hydroelectric
106,67,31.614,small_hydroelectric
125,67,100.697,small_hydroelectric
137,67,36.822,small_hydroelectric
145,67,33.21,small_hydroelectric
12,67,0.0,solar_photovoltaic
25,67,0.0,solar_photovoltaic
33,67,0.0,solar_photovoltaic
52,67,0.0,solar_photovoltaic
65,67,0.0,solar_photovoltaic
82,67,0.0,solar_photovoltaic
96,67,0.0,solar_photovoltaic
107,67,0.0,solar_photovoltaic
126,67,0.0,solar_photovoltaic
138,67,0.0,solar_photovoltaic
26,68,11.235,biomass
13,68,15.682,biomass
108,68,137.081,biomass
40,68,5.952,biomass
97,68,178.173,biomass
1,68,16.294,biomass
66,68,228.795,biomass
2,68,637.3105955999999,conventional_hydroelectric
14,68,15.758534000000001,conventional_hydroelectric
27,68,338.8031892,conventional_hydroelectric
35,68,1074.4744032,conventional_hydroelectric
54,68,615.4293321,conventional_hydroelectric
67,68,1536.769835378739,conventional_hydroelectric
84,68,11289.987250799999,conventional_hydroelectric
109,68,125.859478641,conventional_hydroelectric
128,68,40.970819999999996,conventional_hydroelectric
139,68,22.8470976,conventional_hydroelectric
110,68,50.0,conventional_steam_coal
41,68,7219.002,conventional_steam_coal
3,68,14050.987,conventional_steam_coal
36,68,2368.701,conventional_steam_coal
85,68,1340.0,conventional_steam_coal
28,68,74.364,geothermal
116,68,56.5,natural_gas_fired_combined_cycle
73,68,644.7,natural_gas_fired_combined_cycle
71,68,9711.860385753052,natural_gas_fired_combined_cycle
44,68,0.0,natural_gas_fired_combined_cycle
115,68,0.0,natural_gas_fired_combined_cycle
70,68,0.0,natural_gas_fired_combined_cycle
131,68,0.0,natural_gas_fired_combined_cycle
18,68,0.0,natural_gas_fired_combined_cycle
72,68,0.0,natural_gas_fired_combined_cycle
114,68,0.0,natural_gas_fired_combined_cycle
45,68,0.0,natural_gas_fired_combined_cycle
78,68,257.0,natural_gas_fired_combustion_turbine
75,68,0.0,natural_gas_fired_combustion_turbine
119,68,0.0,natural_gas_fired_combustion_turbine
117,68,0.0,natural_gas_fired_combustion_turbine
134,68,0.0,natural_gas_fired_combustion_turbine
103,68,0.0,natural_gas_fired_combustion_turbine
47,68,0.0,natural_gas_fired_combustion_turbine
8,68,0.0,natural_gas_fired_combustion_turbine
90,68,0.0,natural_gas_fired_combustion_turbine
60,68,0.0,natural_gas_fired_combustion_turbine
46,68,0.0,natural_gas_fired_combustion_turbine
37,68,0.0,natural_gas_fired_combustion_turbine
7,68,0.0,natural_gas_fired_combustion_turbine
133,68,0.0,natural_gas_fired_combustion_turbine
74,68,0.0,natural_gas_fired_combustion_turbine
20,68,0.0,natural_gas_fired_combustion_turbine
135,68,0.0,natural_gas_fired_combustion_turbine
142,68,0.0,natural_gas_fired_combustion_turbine
121,68,0.0,natural_gas_fired_combustion_turbine
91,68,0.0,natural_gas_fired_combustion_turbine
22,68,0.0,natural_gas_steam_turbine
123,68,0.0,natural_gas_steam_turbine
62,68,0.0,natural_gas_steam_turbine
49,68,0.0,natural_gas_steam_turbine
48,68,0.0,natural_gas_steam_turbine
21,68,0.0,natural_gas_steam_turbine
79,68,7405.999,nuclear
10,68,45.38772,onshore_wind_turbine
23,68,900.0222,onshore_wind_turbine
31,68,170.98703999999998,onshore_wind_turbine
38,68,946.5336,onshore_wind_turbine
50,68,70.55261999999999,onshore_wind_turbine
63,68,14.294159853600002,onshore_wind_turbine
80,68,8.76216,onshore_wind_turbine
94,68,1298.7888,onshore_wind_turbine
105,68,168.006059739,onshore_wind_turbine
124,68,778.3834481346001,onshore_wind_turbine
136,68,412.83837000000005,onshore_wind_turbine
144,68,2446.1154899999997,onshore_wind_turbine
11,68,19.125,small_hydroelectric
24,68,62.577,small_hydroelectric
32,68,192.0,small_hydroelectric
39,68,52.9,small_hydroelectric
51,68,25.641,small_hydroelectric
64,68,6.128,small_hydroelectric
81,68,241.672,small_hydroelectric
95,68,418.922,small_hydroelectric
106,68,31.614,small_hydroelectric
125,68,100.697,small_hydroelectric
137,68,36.822,small_hydroelectric
145,68,33.21,small_hydroelectric
12,68,0.0,solar_photovoltaic
25,68,0.0,solar_photovoltaic
33,68,0.0,solar_photovoltaic
52,68,0.0,solar_photovoltaic
65,68,0.0,solar_photovoltaic
82,68,0.0,solar_photovoltaic
96,68,0.0,solar_photovoltaic
107,68,0.0,solar_photovoltaic
126,68,0.0,solar_photovoltaic
138,68,0.0,solar_photovoltaic
26,69,11.235,biomass
13,69,15.682,biomass
108,69,137.081,biomass
40,69,5.952,biomass
97,69,178.173,biomass
1,69,16.294,biomass
66,69,228.795,biomass
2,69,637.3105955999999,conventional_hydroelectric
14,69,15.9466956,conventional_hydroelectric
27,69,339.08540760000005,conventional_hydroelectric
35,69,1074.7241648,conventional_hydroelectric
54,69,615.0135717,conventional_hydroelectric
67,69,1537.8644788701479,conventional_hydroelectric
84,69,11298.7031442,conventional_hydroelectric
109,69,125.920227303,conventional_hydroelectric
128,69,40.986000000000004,conventional_hydroelectric
139,69,22.870387199999996,conventional_hydroelectric
110,69,50.0,conventional_steam_coal
41,69,7219.002,conventional_steam_coal
3,69,14050.987,conventional_steam_coal
36,69,2368.701,conventional_steam_coal
85,69,1340.0,conventional_steam_coal
28,69,74.364,geothermal
116,69,56.5,natural_gas_fired_combined_cycle
73,69,644.7,natural_gas_fired_combined_cycle
71,69,27396.19533178385,natural_gas_fired_combined_cycle
44,69,0.0,natural_gas_fired_combined_cycle
115,69,0.0,natural_gas_fired_combined_cycle
70,69,0.0,natural_gas_fired_combined_cycle
131,69,0.0,natural_gas_fired_combined_cycle
18,69,0.0,natural_gas_fired_combined_cycle
72,69,0.0,natural_gas_fired_combined_cycle
114,69,0.0,natural_gas_fired_combined_cycle
45,69,0.0,natural_gas_fired_combined_cycle
78,69,257.0,natural_gas_fired_combustion_turbine
75,69,0.0,natural_gas_fired_combustion_turbine
119,69,0.0,natural_gas_fired_combustion_turbine
117,69,0.0,natural_gas_fired_combustion_turbine
134,69,0.0,natural_gas_fired_combustion_turbine
103,69,0.0,natural_gas_fired_combustion_turbine
47,69,0.0,natural_gas_fired_combustion_turbine
8,69,0.0,natural_gas_fired_combustion_turbine
90,69,0.0,natural_gas_fired_combustion_turbine
60,69,0.0,natural_gas_fired_combustion_turbine
46,69,0.0,natural_gas_fired_combustion_turbine
37,69,0.0,natural_gas_fired_combustion_turbine
7,69,0.0,natural_gas_fired_combustion_turbine
133,69,0.0,natural_gas_fired_combustion_turbine
74,69,0.0,natural_gas_fired_combustion_turbine
20,69,0.0,natural_gas_fired_combustion_turbine
135,69,0.0,natural_gas_fired_combustion_turbine
142,69,0.0,natural_gas_fired_combustion_turbine
121,69,0.0,natural_gas_fired_combustion_turbine
91,69,0.0,natural_gas_fired_combustion_turbine
22,69,0.0,natural_gas_steam_turbine
123,69,0.0,natural_gas_steam_turbine
62,69,0.0,natural_gas_steam_turbine
49,69,0.0,natural_gas_steam_turbine
48,69,0.0,natural_gas_steam_turbine
21,69,0.0,natural_gas_steam_turbine
79,69,7405.999,nuclear
10,69,27.093690000000002,onshore_wind_turbine
23,69,703.5666,onshore_wind_turbine
31,69,101.77799999999999,onshore_wind_turbine
38,69,668.27025,onshore_wind_turbine
50,69,105.68375999999999,onshore_wind_turbine
63,69,14.2336798416,onshore_wind_turbine
80,69,19.11744,onshore_wind_turbine
94,69,1505.271,onshore_wind_turbine
105,69,222.884880057,onshore_wind_turbine
124,69,1126.1718054444,onshore_wind_turbine
136,69,388.55376,onshore_wind_turbine
144,69,2300.5906199999995,onshore_wind_turbine
11,69,19.125,small_hydroelectric
24,69,62.577,small_hydroelectric
32,69,192.0,small_hydroelectric
39,69,52.9,small_hydroelectric
51,69,25.641,small_hydroelectric
64,69,6.128,small_hydroelectric
81,69,241.672,small_hydroelectric
95,69,418.922,small_hydroelectric
106,69,31.614,small_hydroelectric
125,69,100.697,small_hydroelectric
137,69,36.822,small_hydroelectric
145,69,33.21,small_hydroelectric
12,69,0.0,solar_photovoltaic
25,69,0.0,solar_photovoltaic
33,69,0.0,solar_photovoltaic
52,69,0.0,solar_photovoltaic
65,69,0.0,solar_photovoltaic
82,69,0.0,solar_photovoltaic
96,69,0.0,solar_photovoltaic
107,69,0.0,solar_photovoltaic
126,69,0.0,solar_photovoltaic
138,69,0.0,solar_photovoltaic
26,70,11.235,biomass
13,70,15.682,biomass
108,70,137.081,biomass
40,70,5.952,biomass
97,70,178.173,biomass
1,70,16.294,biomass
66,70,228.795,biomass
2,70,637.3105955999999,conventional_hydroelectric
14,70,16.1818976,conventional_hydroelectric
27,70,339.50873520000005,conventional_hydroelectric
35,70,1075.223688,conventional_hydroelectric
54,70,614.5978113000001,conventional_hydroelectric
67,70,1538.9066549490658,conventional_hydroelectric
84,70,11310.324335399999,conventional_hydroelectric
109,70,125.98097456880001,conventional_hydroelectric
128,70,41.001180000000005,conventional_hydroelectric
139,70,22.870387199999996,conventional_hydroelectric
110,70,50.0,conventional_steam_coal
41,70,7219.002,conventional_steam_coal
3,70,14050.987,conventional_steam_coal
36,70,2368.701,conventional_steam_coal
85,70,1340.0,conventional_steam_coal
28,70,74.364,geothermal
116,70,56.5,natural_gas_fired_combined_cycle
73,70,644.7,natural_gas_fired_combined_cycle
71,70,22823.03304102333,natural_gas_fired_combined_cycle
44,70,0.0,natural_gas_fired_combined_cycle
115,70,0.0,natural_gas_fired_combined_cycle
70,70,0.0,natural_gas_fired_combined_cycle
131,70,0.0,natural_gas_fired_combined_cycle
18,70,0.0,natural_gas_fired_combined_cycle
72,70,0.0,natural_gas_fired_combined_cycle
114,70,0.0,natural_gas_fired_combined_cycle
45,70,0.0,natural_gas_fired_combined_cycle
78,70,257.0,natural_gas_fired_combustion_turbine
75,70,0.0,natural_gas_fired_combustion_turbine
119,70,0.0,natural_gas_fired_combustion_turbine
117,70,0.0,natural_gas_fired_combustion_turbine
134,70,0.0,natural_gas_fired_combustion_turbine
103,70,0.0,natural_gas_fired_combustion_turbine
47,70,0.0,natural_gas_fired_combustion_turbine
8,70,0.0,natural_gas_fired_combustion_turbine
90,70,0.0,natural_gas_fired_combustion_turbine
60,70,0.0,natural_gas_fired_combustion_turbine
46,70,0.0,natural_gas_fired_combustion_turbine
37,70,0.0,natural_gas_fired_combustion_turbine
7,70,0.0,natural_gas_fired_combustion_turbine
133,70,0.0,natural_gas_fired_combustion_turbine
74,70,0.0,natural_gas_fired_combustion_turbine
20,70,0.0,natural_gas_fired_combustion_turbine
135,70,0.0,natural_gas_fired_combustion_turbine
142,70,0.0,natural_gas_fired_combustion_turbine
121,70,0.0,natural_gas_fired_combustion_turbine
91,70,0.0,natural_gas_fired_combustion_turbine
22,70,0.0,natural_gas_steam_turbine
123,70,0.0,natural_gas_steam_turbine
62,70,0.0,natural_gas_steam_turbine
49,70,0.0,natural_gas_steam_turbine
48,70,0.0,natural_gas_steam_turbine
21,70,0.0,natural_gas_steam_turbine
79,70,7405.999,nuclear
10,70,39.521280000000004,onshore_wind_turbine
23,70,762.663,onshore_wind_turbine
31,70,303.80733,onshore_wind_turbine
38,70,822.13065,onshore_wind_turbine
50,70,80.42417999999999,onshore_wind_turbine
63,70,8.856720045600001,onshore_wind_turbine
80,70,22.70196,onshore_wind_turbine
94,70,824.3525999999999,onshore_wind_turbine
105,70,235.23066000000003,onshore_wind_turbine
124,70,1912.1989491132003,onshore_wind_turbine
136,70,526.5520200000001,onshore_wind_turbine
144,70,2803.9027499999993,onshore_wind_turbine
11,70,19.125,small_hydroelectric
24,70,62.577,small_hydroelectric
32,70,192.0,small_hydroelectric
39,70,52.9,small_hydroelectric
51,70,25.641,small_hydroelectric
64,70,6.128,small_hydroelectric
81,70,241.672,small_hydroelectric
95,70,418.922,small_hydroelectric
106,70,31.614,small_hydroelectric
125,70,100.697,small_hydroelectric
137,70,36.822,small_hydroelectric
145,70,33.21,small_hydroelectric
12,70,0.0,solar_photovoltaic
25,70,0.0,solar_photovoltaic
33,70,0.0,solar_photovoltaic
52,70,0.0,solar_photovoltaic
65,70,0.0,solar_photovoltaic
82,70,0.0,solar_photovoltaic
96,70,0.0,solar_photovoltaic
107,70,0.0,solar_photovoltaic
126,70,0.0,solar_photovoltaic
138,70,0.0,solar_photovoltaic
26,71,11.235,biomass
13,71,15.682,biomass
108,71,137.081,biomass
40,71,5.952,biomass
97,71,178.173,biomass
1,71,16.294,biomass
66,71,228.795,biomass
2,71,637.0343448,conventional_hydroelectric
14,71,16.3700592,conventional_hydroelectric
27,71,339.7909536,conventional_hydroelectric
35,71,1075.4734495999999,conventional_hydroelectric
54,71,614.285991,conventional_hydroelectric
67,71,1540.0012984404748,conventional_hydroelectric
84,71,11321.945526599999,conventional_hydroelectric
109,71,126.0417232308,conventional_hydroelectric
128,71,41.001180000000005,conventional_hydroelectric
139,71,22.893676799999998,conventional_hydroelectric
110,71,50.0,conventional_steam_coal
41,71,7219.002,conventional_steam_coal
3,71,14050.987,conventional_steam_coal
36,71,2368.701,conventional_steam_coal
85,71,1340.0,conventional_steam_coal
28,71,74.364,geothermal
116,71,56.5,natural_gas_fired_combined_cycle
73,71,644.7,natural_gas_fired_combined_cycle
71,71,17501.604294879522,natural_gas_fired_combined_cycle
44,71,0.0,natural_gas_fired_combined_cycle
115,71,0.0,natural_gas_fired_combined_cycle
70,71,0.0,natural_gas_fired_combined_cycle
131,71,0.0,natural_gas_fired_combined_cycle
18,71,0.0,natural_gas_fired_combined_cycle
72,71,0.0,natural_gas_fired_combined_cycle
114,71,0.0,natural_gas_fired_combined_cycle
45,71,0.0,natural_gas_fired_combined_cycle
78,71,257.0,natural_gas_fired_combustion_turbine
75,71,0.0,natural_gas_fired_combustion_turbine
119,71,0.0,natural_gas_fired_combustion_turbine
117,71,0.0,natural_gas_fired_combustion_turbine
134,71,0.0,natural_gas_fired_combustion_turbine
103,71,0.0,natural_gas_fired_combustion_turbine
47,71,0.0,natural_gas_fired_combustion_turbine
8,71,0.0,natural_gas_fired_combustion_turbine
90,71,0.0,natural_gas_fired_combustion_turbine
60,71,0.0,natural_gas_fired_combustion_turbine
46,71,0.0,natural_gas_fired_combustion_turbine
37,71,0.0,natural_gas_fired_combustion_turbine
7,71,0.0,natural_gas_fired_combustion_turbine
133,71,0.0,natural_gas_fired_combustion_turbine
74,71,0.0,natural_gas_fired_combustion_turbine
20,71,0.0,natural_gas_fired_combustion_turbine
135,71,0.0,natural_gas_fired_combustion_turbine
142,71,0.0,natural_gas_fired_combustion_turbine
121,71,0.0,natural_gas_fired_combustion_turbine
91,71,0.0,natural_gas_fired_combustion_turbine
22,71,0.0,natural_gas_steam_turbine
123,71,0.0,natural_gas_steam_turbine
62,71,0.0,natural_gas_steam_turbine
49,71,0.0,natural_gas_steam_turbine
48,71,0.0,natural_gas_steam_turbine
21,71,0.0,natural_gas_steam_turbine
79,71,7405.999,nuclear
10,71,35.66178,onshore_wind_turbine
23,71,631.6926000000001,onshore_wind_turbine
31,71,680.89482,onshore_wind_turbine
38,71,866.6819999999999,onshore_wind_turbine
50,71,113.81327999999998,onshore_wind_turbine
63,71,4.675440028800001,onshore_wind_turbine
80,71,21.50712,onshore_wind_turbine
94,71,1481.628,onshore_wind_turbine
105,71,186.517559277,onshore_wind_turbine
124,71,1535.1097525434002,onshore_wind_turbine
136,71,701.5554000000001,onshore_wind_turbine
144,71,2989.28475,onshore_wind_turbine
11,71,19.125,small_hydroelectric
24,71,62.577,small_hydroelectric
32,71,192.0,small_hydroelectric
39,71,52.9,small_hydroelectric
51,71,25.641,small_hydroelectric
64,71,6.128,small_hydroelectric
81,71,241.672,small_hydroelectric
95,71,418.922,small_hydroelectric
106,71,31.614,small_hydroelectric
125,71,100.697,small_hydroelectric
137,71,36.822,small_hydroelectric
145,71,33.21,small_hydroelectric
12,71,0.0,solar_photovoltaic
25,71,0.0,solar_photovoltaic
33,71,0.0,solar_photovoltaic
52,71,0.0,solar_photovoltaic
65,71,0.0,solar_photovoltaic
82,71,0.0,solar_photovoltaic
96,71,0.0,solar_photovoltaic
107,71,0.0,solar_photovoltaic
126,71,0.0,solar_photovoltaic
138,71,0.0,solar_photovoltaic
26,72,11.235,biomass
13,72,15.682,biomass
108,72,137.081,biomass
40,72,5.952,biomass
97,72,178.173,biomass
1,72,16.294,biomass
66,72,228.795,biomass
2,72,637.0343448,conventional_hydroelectric
14,72,16.5582208,conventional_hydroelectric
27,72,340.2142812,conventional_hydroelectric
35,72,1075.9729728,conventional_hydroelectric
54,72,613.8702306,conventional_hydroelectric
67,72,1541.0434817934,conventional_hydroelectric
84,72,11330.66142,conventional_hydroelectric
109,72,126.10247049659999,conventional_hydroelectric
128,72,41.016360000000006,conventional_hydroelectric
139,72,22.893676799999998,conventional_hydroelectric
110,72,50.0,conventional_steam_coal
41,72,7219.002,conventional_steam_coal
3,72,14050.987,conventional_steam_coal
36,72,2368.701,conventional_steam_coal
85,72,1340.0,conventional_steam_coal
28,72,74.364,geothermal
116,72,56.5,natural_gas_fired_combined_cycle
73,72,644.7,natural_gas_fired_combined_cycle
71,72,0.0,natural_gas_fired_combined_cycle
44,72,0.0,natural_gas_fired_combined_cycle
115,72,0.0,natural_gas_fired_combined_cycle
70,72,0.0,natural_gas_fired_combined_cycle
131,72,0.0,natural_gas_fired_combined_cycle
18,72,0.0,natural_gas_fired_combined_cycle
72,72,0.0,natural_gas_fired_combined_cycle
114,72,0.0,natural_gas_fired_combined_cycle
45,72,0.0,natural_gas_fired_combined_cycle
78,72,257.0,natural_gas_fired_combustion_turbine
75,72,0.0,natural_gas_fired_combustion_turbine
119,72,0.0,natural_gas_fired_combustion_turbine
117,72,0.0,natural_gas_fired_combustion_turbine
134,72,0.0,natural_gas_fired_combustion_turbine
103,72,0.0,natural_gas_fired_combustion_turbine
47,72,0.0,natural_gas_fired_combustion_turbine
8,72,0.0,natural_gas_fired_combustion_turbine
90,72,0.0,natural_gas_fired_combustion_turbine
60,72,0.0,natural_gas_fired_combustion_turbine
46,72,0.0,natural_gas_fired_combustion_turbine
37,72,0.0,natural_gas_fired_combustion_turbine
7,72,0.0,natural_gas_fired_combustion_turbine
133,72,0.0,natural_gas_fired_combustion_turbine
74,72,0.0,natural_gas_fired_combustion_turbine
20,72,0.0,natural_gas_fired_combustion_turbine
135,72,0.0,natural_gas_fired_combustion_turbine
142,72,0.0,natural_gas_fired_combustion_turbine
121,72,0.0,natural_gas_fired_combustion_turbine
91,72,0.0,natural_gas_fired_combustion_turbine
22,72,0.0,natural_gas_steam_turbine
123,72,0.0,natural_gas_steam_turbine
62,72,0.0,natural_gas_steam_turbine
49,72,0.0,natural_gas_steam_turbine
48,72,0.0,natural_gas_steam_turbine
21,72,0.0,natural_gas_steam_turbine
79,72,7405.999,nuclear
10,72,48.47532,onshore_wind_turbine
23,72,484.75019999999995,onshore_wind_turbine
31,72,1083.9357,onshore_wind_turbine
38,72,915.61545,onshore_wind_turbine
50,72,171.59094,onshore_wind_turbine
63,72,13.965599882400001,onshore_wind_turbine
80,72,36.64176,onshore_wind_turbine
94,72,1259.3838,onshore_wind_turbine
105,72,181.32222049199999,onshore_wind_turbine
124,72,1752.9551964672003,onshore_wind_turbine
136,72,914.7203100000002,onshore_wind_turbine
144,72,2774.2416299999995,onshore_wind_turbine
11,72,19.125,small_hydroelectric
24,72,62.577,small_hydroelectric
32,72,192.0,small_hydroelectric
39,72,52.9,small_hydroelectric
51,72,25.641,small_hydroelectric
64,72,6.128,small_hydroelectric
81,72,241.672,small_hydroelectric
95,72,418.922,small_hydroelectric
106,72,31.614,small_hydroelectric
125,72,100.697,small_hydroelectric
137,72,36.822,small_hydroelectric
145,72,33.21,small_hydroelectric
12,72,0.0,solar_photovoltaic
25,72,0.0,solar_photovoltaic
33,72,0.0,solar_photovoltaic
52,72,0.0,solar_photovoltaic
65,72,0.0,solar_photovoltaic
82,72,0.0,solar_photovoltaic
96,72,0.0,solar_photovoltaic
107,72,0.0,solar_photovoltaic
126,72,0.0,solar_photovoltaic
138,72,0.0,solar_photovoltaic
26,73,11.235,biomass
13,73,15.682,biomass
108,73,137.081,biomass
40,73,5.952,biomass
97,73,178.173,biomass
1,73,16.294,biomass
66,73,228.795,biomass
2,73,637.0343448,conventional_hydroelectric
14,73,16.746382399999998,conventional_hydroelectric
27,73,340.4964996,conventional_hydroelectric
35,73,1076.2227344,conventional_hydroelectric
54,73,613.4544702,conventional_hydroelectric
67,73,1542.138125284809,conventional_hydroelectric
84,73,11342.2826112,conventional_hydroelectric
109,73,126.16321915860001,conventional_hydroelectric
128,73,41.016360000000006,conventional_hydroelectric
139,73,22.9169664,conventional_hydroelectric
110,73,50.0,conventional_steam_coal
41,73,7219.002,conventional_steam_coal
3,73,14050.987,conventional_steam_coal
36,73,2368.701,conventional_steam_coal
85,73,1340.0,conventional_steam_coal
28,73,74.364,geothermal
116,73,56.5,natural_gas_fired_combined_cycle
73,73,644.7,natural_gas_fired_combined_cycle
71,73,7928.657073026816,natural_gas_fired_combined_cycle
44,73,0.0,natural_gas_fired_combined_cycle
115,73,0.0,natural_gas_fired_combined_cycle
70,73,0.0,natural_gas_fired_combined_cycle
131,73,0.0,natural_gas_fired_combined_cycle
18,73,0.0,natural_gas_fired_combined_cycle
72,73,0.0,natural_gas_fired_combined_cycle
114,73,0.0,natural_gas_fired_combined_cycle
45,73,0.0,natural_gas_fired_combined_cycle
78,73,257.0,natural_gas_fired_combustion_turbine
75,73,0.0,natural_gas_fired_combustion_turbine
119,73,0.0,natural_gas_fired_combustion_turbine
117,73,0.0,natural_gas_fired_combustion_turbine
134,73,0.0,natural_gas_fired_combustion_turbine
103,73,0.0,natural_gas_fired_combustion_turbine
47,73,0.0,natural_gas_fired_combustion_turbine
8,73,0.0,natural_gas_fired_combustion_turbine
90,73,0.0,natural_gas_fired_combustion_turbine
60,73,0.0,natural_gas_fired_combustion_turbine
46,73,0.0,natural_gas_fired_combustion_turbine
37,73,0.0,natural_gas_fired_combustion_turbine
7,73,0.0,natural_gas_fired_combustion_turbine
133,73,0.0,natural_gas_fired_combustion_turbine
74,73,0.0,natural_gas_fired_combustion_turbine
20,73,0.0,natural_gas_fired_combustion_turbine
135,73,0.0,natural_gas_fired_combustion_turbine
142,73,0.0,natural_gas_fired_combustion_turbine
121,73,0.0,natural_gas_fired_combustion_turbine
91,73,0.0,natural_gas_fired_combustion_turbine
22,73,0.0,natural_gas_steam_turbine
123,73,0.0,natural_gas_steam_turbine
62,73,0.0,natural_gas_steam_turbine
49,73,0.0,natural_gas_steam_turbine
48,73,0.0,natural_gas_steam_turbine
21,73,0.0,natural_gas_steam_turbine
79,73,7405.999,nuclear
10,73,42.68607000000001,onshore_wind_turbine
23,73,415.272,onshore_wind_turbine
31,73,1754.6527199999998,onshore_wind_turbine
38,73,1349.1999,onshore_wind_turbine
50,73,218.33567999999997,onshore_wind_turbine
63,73,16.4247599712,onshore_wind_turbine
80,73,21.50712,onshore_wind_turbine
94,73,1475.3232,onshore_wind_turbine
105,73,268.722360585,onshore_wind_turbine
124,73,1468.8643529736,onshore_wind_turbine
136,73,1097.8185600000002,onshore_wind_turbine
144,73,2732.53068,onshore_wind_turbine
11,73,19.125,small_hydroelectric
24,73,62.577,small_hydroelectric
32,73,192.0,small_hydroelectric
39,73,52.9,small_hydroelectric
51,73,25.641,small_hydroelectric
64,73,6.128,small_hydroelectric
81,73,241.672,small_hydroelectric
95,73,418.922,small_hydroelectric
106,73,31.614,small_hydroelectric
125,73,100.697,small_hydroelectric
137,73,36.822,small_hydroelectric
145,73,33.21,small_hydroelectric
12,73,0.0,solar_photovoltaic
25,73,0.0,solar_photovoltaic
33,73,0.0,solar_photovoltaic
52,73,0.0,solar_photovoltaic
65,73,0.0,solar_photovoltaic
82,73,0.0,solar_photovoltaic
96,73,0.0,solar_photovoltaic
107,73,0.0,solar_photovoltaic
126,73,0.0,solar_photovoltaic
138,73,0.0,solar_photovoltaic
26,74,11.235,biomass
13,74,15.682,biomass
108,74,137.081,biomass
40,74,5.952,biomass
97,74,178.173,biomass
1,74,16.294,biomass
66,74,228.795,biomass
2,74,637.0343448,conventional_hydroelectric
14,74,16.9815844,conventional_hydroelectric
27,74,340.91982720000004,conventional_hydroelectric
35,74,1076.7222576,conventional_hydroelectric
54,74,613.0387098,conventional_hydroelectric
67,74,1543.1803013637268,conventional_hydroelectric
84,74,11353.903802399998,conventional_hydroelectric
109,74,126.3028391586,conventional_hydroelectric
128,74,41.03154,conventional_hydroelectric
139,74,22.9169664,conventional_hydroelectric
110,74,50.0,conventional_steam_coal
41,74,7219.002,conventional_steam_coal
3,74,14050.987,conventional_steam_coal
36,74,2368.701,conventional_steam_coal
85,74,1340.0,conventional_steam_coal
28,74,74.364,geothermal
116,74,56.5,natural_gas_fired_combined_cycle
73,74,644.7,natural_gas_fired_combined_cycle
71,74,2827.643061546079,natural_gas_fired_combined_cycle
44,74,0.0,natural_gas_fired_combined_cycle
115,74,0.0,natural_gas_fired_combined_cycle
70,74,0.0,natural_gas_fired_combined_cycle
131,74,0.0,natural_gas_fired_combined_cycle
18,74,0.0,natural_gas_fired_combined_cycle
72,74,0.0,natural_gas_fired_combined_cycle
114,74,0.0,natural_gas_fired_combined_cycle
45,74,0.0,natural_gas_fired_combined_cycle
78,74,257.0,natural_gas_fired_combustion_turbine
75,74,0.0,natural_gas_fired_combustion_turbine
119,74,0.0,natural_gas_fired_combustion_turbine
117,74,0.0,natural_gas_fired_combustion_turbine
134,74,0.0,natural_gas_fired_combustion_turbine
103,74,0.0,natural_gas_fired_combustion_turbine
47,74,0.0,natural_gas_fired_combustion_turbine
8,74,0.0,natural_gas_fired_combustion_turbine
90,74,0.0,natural_gas_fired_combustion_turbine
60,74,0.0,natural_gas_fired_combustion_turbine
46,74,0.0,natural_gas_fired_combustion_turbine
37,74,0.0,natural_gas_fired_combustion_turbine
7,74,0.0,natural_gas_fired_combustion_turbine
133,74,0.0,natural_gas_fired_combustion_turbine
74,74,0.0,natural_gas_fired_combustion_turbine
20,74,0.0,natural_gas_fired_combustion_turbine
135,74,0.0,natural_gas_fired_combustion_turbine
142,74,0.0,natural_gas_fired_combustion_turbine
121,74,0.0,natural_gas_fired_combustion_turbine
91,74,0.0,natural_gas_fired_combustion_turbine
22,74,0.0,natural_gas_steam_turbine
123,74,0.0,natural_gas_steam_turbine
62,74,0.0,natural_gas_steam_turbine
49,74,0.0,natural_gas_steam_turbine
48,74,0.0,natural_gas_steam_turbine
21,74,0.0,natural_gas_steam_turbine
79,74,7405.999,nuclear
10,74,46.545570000000005,onshore_wind_turbine
23,74,689.1918000000001,onshore_wind_turbine
31,74,2213.16261,onshore_wind_turbine
38,74,1522.0493999999999,onshore_wind_turbine
50,74,290.04965999999996,onshore_wind_turbine
63,74,29.0867998392,onshore_wind_turbine
80,74,26.286479999999997,onshore_wind_turbine
94,74,2898.6318,onshore_wind_turbine
105,74,202.335240303,onshore_wind_turbine
124,74,1694.3535051894003,onshore_wind_turbine
136,74,1280.53134,onshore_wind_turbine
144,74,3316.4839799999995,onshore_wind_turbine
11,74,19.125,small_hydroelectric
24,74,62.577,small_hydroelectric
32,74,192.0,small_hydroelectric
39,74,52.9,small_hydroelectric
51,74,25.641,small_hydroelectric
64,74,6.128,small_hydroelectric
81,74,241.672,small_hydroelectric
95,74,418.922,small_hydroelectric
106,74,31.614,small_hydroelectric
125,74,100.697,small_hydroelectric
137,74,36.822,small_hydroelectric
145,74,33.21,small_hydroelectric
12,74,0.0,solar_photovoltaic
25,74,0.0,solar_photovoltaic
33,74,0.0,solar_photovoltaic
52,74,0.0,solar_photovoltaic
65,74,0.0,solar_photovoltaic
82,74,0.0,solar_photovoltaic
96,74,0.0,solar_photovoltaic
107,74,0.0,solar_photovoltaic
126,74,0.0,solar_photovoltaic
138,74,0.0,solar_photovoltaic
26,75,11.235,biomass
13,75,15.682,biomass
108,75,137.081,biomass
40,75,5.952,biomass
97,75,178.173,biomass
1,75,16.294,biomass
66,75,228.795,biomass
2,75,636.758094,conventional_hydroelectric
14,75,17.169746,conventional_hydroelectric
27,75,341.2020456,conventional_hydroelectric
35,75,1076.9720192,conventional_hydroelectric
54,75,612.6229494,conventional_hydroelectric
67,75,1544.274944855136,conventional_hydroelectric
84,75,11362.6196958,conventional_hydroelectric
109,75,126.36358642440001,conventional_hydroelectric
128,75,41.04672,conventional_hydroelectric
139,75,22.940255999999998,conventional_hydroelectric
110,75,50.0,conventional_steam_coal
41,75,7219.002,conventional_steam_coal
3,75,14050.987,conventional_steam_coal
36,75,2368.701,conventional_steam_coal
85,75,1340.0,conventional_steam_coal
28,75,74.364,geothermal
116,75,56.5,natural_gas_fired_combined_cycle
73,75,644.7,natural_gas_fired_combined_cycle
71,75,729.9322587070722,natural_gas_fired_combined_cycle
44,75,0.0,natural_gas_fired_combined_cycle
115,75,0.0,natural_gas_fired_combined_cycle
70,75,0.0,natural_gas_fired_combined_cycle
131,75,0.0,natural_gas_fired_combined_cycle
18,75,0.0,natural_gas_fired_combined_cycle
72,75,0.0,natural_gas_fired_combined_cycle
114,75,0.0,natural_gas_fired_combined_cycle
45,75,0.0,natural_gas_fired_combined_cycle
78,75,257.0,natural_gas_fired_combustion_turbine
75,75,0.0,natural_gas_fired_combustion_turbine
119,75,0.0,natural_gas_fired_combustion_turbine
117,75,0.0,natural_gas_fired_combustion_turbine
134,75,0.0,natural_gas_fired_combustion_turbine
103,75,0.0,natural_gas_fired_combustion_turbine
47,75,0.0,natural_gas_fired_combustion_turbine
8,75,0.0,natural_gas_fired_combustion_turbine
90,75,0.0,natural_gas_fired_combustion_turbine
60,75,0.0,natural_gas_fired_combustion_turbine
46,75,0.0,natural_gas_fired_combustion_turbine
37,75,0.0,natural_gas_fired_combustion_turbine
7,75,0.0,natural_gas_fired_combustion_turbine
133,75,0.0,natural_gas_fired_combustion_turbine
74,75,0.0,natural_gas_fired_combustion_turbine
20,75,0.0,natural_gas_fired_combustion_turbine
135,75,0.0,natural_gas_fired_combustion_turbine
142,75,0.0,natural_gas_fired_combustion_turbine
121,75,0.0,natural_gas_fired_combustion_turbine
91,75,0.0,natural_gas_fired_combustion_turbine
22,75,0.0,natural_gas_steam_turbine
123,75,0.0,natural_gas_steam_turbine
62,75,0.0,natural_gas_steam_turbine
49,75,0.0,natural_gas_steam_turbine
48,75,0.0,natural_gas_steam_turbine
21,75,0.0,natural_gas_steam_turbine
79,75,7405.999,nuclear
10,75,45.928050000000006,onshore_wind_turbine
23,75,647.6646000000001,onshore_wind_turbine
31,75,2143.9535699999997,onshore_wind_turbine
38,75,1492.10505,onshore_wind_turbine
50,75,292.37237999999996,onshore_wind_turbine
63,75,17.647080045600003,onshore_wind_turbine
80,75,29.07444,onshore_wind_turbine
94,75,4120.1868,onshore_wind_turbine
105,75,193.460819517,onshore_wind_turbine
124,75,1619.1904544508002,onshore_wind_turbine
136,75,1305.20142,onshore_wind_turbine
144,75,3486.1085099999996,onshore_wind_turbine
11,75,19.125,small_hydroelectric
24,75,62.577,small_hydroelectric
32,75,192.0,small_hydroelectric
39,75,52.9,small_hydroelectric
51,75,25.641,small_hydroelectric
64,75,6.128,small_hydroelectric
81,75,241.672,small_hydroelectric
95,75,418.922,small_hydroelectric
106,75,31.614,small_hydroelectric
125,75,100.697,small_hydroelectric
137,75,36.822,small_hydroelectric
145,75,33.21,small_hydroelectric
12,75,0.0,solar_photovoltaic
25,75,0.0,solar_photovoltaic
33,75,0.0,solar_photovoltaic
52,75,0.0,solar_photovoltaic
65,75,0.0,solar_photovoltaic
82,75,0.0,solar_photovoltaic
96,75,0.0,solar_photovoltaic
107,75,0.0,solar_photovoltaic
126,75,0.0,solar_photovoltaic
138,75,0.0,solar_photovoltaic
26,76,11.235,biomass
13,76,15.682,biomass
108,76,137.081,biomass
40,76,5.952,biomass
97,76,178.173,biomass
1,76,16.294,biomass
66,76,228.795,biomass
2,76,636.758094,conventional_hydroelectric
14,76,17.3579076,conventional_hydroelectric
27,76,341.6253732,conventional_hydroelectric
35,76,1077.4715424,conventional_hydroelectric
54,76,612.3111291,conventional_hydroelectric
67,76,1545.317128208061,conventional_hydroelectric
84,76,11374.240887,conventional_hydroelectric
109,76,126.4243350864,conventional_hydroelectric
128,76,41.04672,conventional_hydroelectric
139,76,22.963545599999996,conventional_hydroelectric
110,76,50.0,conventional_steam_coal
41,76,7219.002,conventional_steam_coal
3,76,14050.987,conventional_steam_coal
36,76,2368.701,conventional_steam_coal
85,76,1340.0,conventional_steam_coal
28,76,74.364,geothermal
116,76,56.5,natural_gas_fired_combined_cycle
73,76,644.7,natural_gas_fired_combined_cycle
71,76,2877.878281493738,natural_gas_fired_combined_cycle
44,76,0.0,natural_gas_fired_combined_cycle
115,76,0.0,natural_gas_fired_combined_cycle
70,76,0.0,natural_gas_fired_combined_cycle
131,76,0.0,natural_gas_fired_combined_cycle
18,76,0.0,natural_gas_fired_combined_cycle
72,76,0.0,natural_gas_fired_combined_cycle
114,76,0.0,natural_gas_fired_combined_cycle
45,76,0.0,natural_gas_fired_combined_cycle
78,76,257.0,natural_gas_fired_combustion_turbine
75,76,0.0,natural_gas_fired_combustion_turbine
119,76,0.0,natural_gas_fired_combustion_turbine
117,76,0.0,natural_gas_fired_combustion_turbine
134,76,0.0,natural_gas_fired_combustion_turbine
103,76,0.0,natural_gas_fired_combustion_turbine
47,76,0.0,natural_gas_fired_combustion_turbine
8,76,0.0,natural_gas_fired_combustion_turbine
90,76,0.0,natural_gas_fired_combustion_turbine
60,76,0.0,natural_gas_fired_combustion_turbine
46,76,0.0,natural_gas_fired_combustion_turbine
37,76,0.0,natural_gas_fired_combustion_turbine
7,76,0.0,natural_gas_fired_combustion_turbine
133,76,0.0,natural_gas_fired_combustion_turbine
74,76,0.0,natural_gas_fired_combustion_turbine
20,76,0.0,natural_gas_fired_combustion_turbine
135,76,0.0,natural_gas_fired_combustion_turbine
142,76,0.0,natural_gas_fired_combustion_turbine
121,76,0.0,natural_gas_fired_combustion_turbine
91,76,0.0,natural_gas_fired_combustion_turbine
22,76,0.0,natural_gas_steam_turbine
123,76,0.0,natural_gas_steam_turbine
62,76,0.0,natural_gas_steam_turbine
49,76,0.0,natural_gas_steam_turbine
48,76,0.0,natural_gas_steam_turbine
21,76,0.0,natural_gas_steam_turbine
79,76,7405.999,nuclear
10,76,61.36605000000001,onshore_wind_turbine
23,76,713.1498,onshore_wind_turbine
31,76,1201.9981799999998,onshore_wind_turbine
38,76,1277.86905,onshore_wind_turbine
50,76,377.7323399999999,onshore_wind_turbine
63,76,19.8999599088,onshore_wind_turbine
80,76,34.65035999999999,onshore_wind_turbine
94,76,3087.7758,onshore_wind_turbine
105,76,236.366580366,onshore_wind_turbine
124,76,1819.2005960370002,onshore_wind_turbine
136,76,1147.15872,onshore_wind_turbine
144,76,3442.5437399999996,onshore_wind_turbine
11,76,19.125,small_hydroelectric
24,76,62.577,small_hydroelectric
32,76,192.0,small_hydroelectric
39,76,52.9,small_hydroelectric
51,76,25.641,small_hydroelectric
64,76,6.128,small_hydroelectric
81,76,241.672,small_hydroelectric
95,76,418.922,small_hydroelectric
106,76,31.614,small_hydroelectric
125,76,100.697,small_hydroelectric
137,76,36.822,small_hydroelectric
145,76,33.21,small_hydroelectric
12,76,0.0,solar_photovoltaic
25,76,0.0,solar_photovoltaic
33,76,0.0,solar_photovoltaic
52,76,0.0,solar_photovoltaic
65,76,0.0,solar_photovoltaic
82,76,0.0,solar_photovoltaic
96,76,0.0,solar_photovoltaic
107,76,0.0,solar_photovoltaic
126,76,0.0,solar_photovoltaic
138,76,0.0,solar_photovoltaic
26,77,11.235,biomass
13,77,15.682,biomass
108,77,137.081,biomass
40,77,5.952,biomass
97,77,178.173,biomass
1,77,16.294,biomass
66,77,228.795,biomass
2,77,636.758094,conventional_hydroelectric
14,77,17.593109600000002,conventional_hydroelectric
27,77,341.9075916,conventional_hydroelectric
35,77,1077.721304,conventional_hydroelectric
54,77,611.8953687000001,conventional_hydroelectric
67,77,1546.41177169947,conventional_hydroelectric
84,77,11385.8620782,conventional_hydroelectric
109,77,126.48508235220001,conventional_hydroelectric
128,77,41.06190000000001,conventional_hydroelectric
139,77,22.963545599999996,conventional_hydroelectric
110,77,50.0,conventional_steam_coal
41,77,7219.002,conventional_steam_coal
3,77,14050.987,conventional_steam_coal
36,77,2368.701,conventional_steam_coal
85,77,1340.0,conventional_steam_coal
28,77,74.364,geothermal
116,77,56.5,natural_gas_fired_combined_cycle
73,77,644.7,natural_gas_fired_combined_cycle
71,77,2739.038824175733,natural_gas_fired_combined_cycle
44,77,0.0,natural_gas_fired_combined_cycle
115,77,0.0,natural_gas_fired_combined_cycle
70,77,0.0,natural_gas_fired_combined_cycle
131,77,0.0,natural_gas_fired_combined_cycle
18,77,0.0,natural_gas_fired_combined_cycle
72,77,0.0,natural_gas_fired_combined_cycle
114,77,0.0,natural_gas_fired_combined_cycle
45,77,0.0,natural_gas_fired_combined_cycle
78,77,257.0,natural_gas_fired_combustion_turbine
75,77,0.0,natural_gas_fired_combustion_turbine
119,77,0.0,natural_gas_fired_combustion_turbine
117,77,0.0,natural_gas_fired_combustion_turbine
134,77,0.0,natural_gas_fired_combustion_turbine
103,77,0.0,natural_gas_fired_combustion_turbine
47,77,0.0,natural_gas_fired_combustion_turbine
8,77,0.0,natural_gas_fired_combustion_turbine
90,77,0.0,natural_gas_fired_combustion_turbine
60,77,0.0,natural_gas_fired_combustion_turbine
46,77,0.0,natural_gas_fired_combustion_turbine
37,77,0.0,natural_gas_fired_combustion_turbine
7,77,0.0,natural_gas_fired_combustion_turbine
133,77,0.0,natural_gas_fired_combustion_turbine
74,77,0.0,natural_gas_fired_combustion_turbine
20,77,0.0,natural_gas_fired_combustion_turbine
135,77,0.0,natural_gas_fired_combustion_turbine
142,77,0.0,natural_gas_fired_combustion_turbine
121,77,0.0,natural_gas_fired_combustion_turbine
91,77,0.0,natural_gas_fired_combustion_turbine
22,77,0.0,natural_gas_steam_turbine
123,77,0.0,natural_gas_steam_turbine
62,77,0.0,natural_gas_steam_turbine
49,77,0.0,natural_gas_steam_turbine
48,77,0.0,natural_gas_steam_turbine
21,77,0.0,natural_gas_steam_turbine
79,77,7405.999,nuclear
10,77,46.159620000000004,onshore_wind_turbine
23,77,883.2516,onshore_wind_turbine
31,77,1882.38411,onshore_wind_turbine
38,77,1512.3114,onshore_wind_turbine
50,77,338.53643999999997,onshore_wind_turbine
63,77,23.589720024000002,onshore_wind_turbine
80,77,23.49852,onshore_wind_turbine
94,77,3016.8468,onshore_wind_turbine
105,77,283.255259679,onshore_wind_turbine
124,77,2172.0847503696004,onshore_wind_turbine
136,77,1056.1878000000002,onshore_wind_turbine
144,77,3180.2282099999998,onshore_wind_turbine
11,77,19.125,small_hydroelectric
24,77,62.577,small_hydroelectric
32,77,192.0,small_hydroelectric
39,77,52.9,small_hydroelectric
51,77,25.641,small_hydroelectric
64,77,6.128,small_hydroelectric
81,77,241.672,small_hydroelectric
95,77,418.922,small_hydroelectric
106,77,31.614,small_hydroelectric
125,77,100.697,small_hydroelectric
137,77,36.822,small_hydroelectric
145,77,33.21,small_hydroelectric
12,77,0.0,solar_photovoltaic
25,77,0.0,solar_photovoltaic
33,77,0.0,solar_photovoltaic
52,77,0.0,solar_photovoltaic
65,77,0.0,solar_photovoltaic
82,77,0.0,solar_photovoltaic
96,77,0.0,solar_photovoltaic
107,77,0.0,solar_photovoltaic
126,77,0.0,solar_photovoltaic
138,77,0.0,solar_photovoltaic
26,78,11.235,biomass
13,78,15.682,biomass
108,78,137.081,biomass
40,78,5.952,biomass
97,78,178.173,biomass
1,78,16.294,biomass
66,78,228.795,biomass
2,78,636.758094,conventional_hydroelectric
14,78,17.7812712,conventional_hydroelectric
27,78,342.33091920000004,conventional_hydroelectric
35,78,1078.2208272,conventional_hydroelectric
54,78,611.4796083000001,conventional_hydroelectric
67,78,1547.453947778388,conventional_hydroelectric
84,78,11394.5779716,conventional_hydroelectric
109,78,126.5458310142,conventional_hydroelectric
128,78,41.07708,conventional_hydroelectric
139,78,22.986835199999998,conventional_hydroelectric
110,78,50.0,conventional_steam_coal
41,78,7219.002,conventional_steam_coal
3,78,14050.987,conventional_steam_coal
36,78,2368.701,conventional_steam_coal
85,78,1340.0,conventional_steam_coal
28,78,74.364,geothermal
116,78,56.5,natural_gas_fired_combined_cycle
73,78,644.7,natural_gas_fired_combined_cycle
71,78,7918.1203505318135,natural_gas_fired_combined_cycle
44,78,0.0,natural_gas_fired_combined_cycle
115,78,0.0,natural_gas_fired_combined_cycle
70,78,0.0,natural_gas_fired_combined_cycle
131,78,0.0,natural_gas_fired_combined_cycle
18,78,0.0,natural_gas_fired_combined_cycle
72,78,0.0,natural_gas_fired_combined_cycle
114,78,0.0,natural_gas_fired_combined_cycle
45,78,0.0,natural_gas_fired_combined_cycle
78,78,257.0,natural_gas_fired_combustion_turbine
75,78,0.0,natural_gas_fired_combustion_turbine
119,78,0.0,natural_gas_fired_combustion_turbine
117,78,0.0,natural_gas_fired_combustion_turbine
134,78,0.0,natural_gas_fired_combustion_turbine
103,78,0.0,natural_gas_fired_combustion_turbine
47,78,0.0,natural_gas_fired_combustion_turbine
8,78,0.0,natural_gas_fired_combustion_turbine
90,78,0.0,natural_gas_fired_combustion_turbine
60,78,0.0,natural_gas_fired_combustion_turbine
46,78,0.0,natural_gas_fired_combustion_turbine
37,78,0.0,natural_gas_fired_combustion_turbine
7,78,0.0,natural_gas_fired_combustion_turbine
133,78,0.0,natural_gas_fired_combustion_turbine
74,78,0.0,natural_gas_fired_combustion_turbine
20,78,0.0,natural_gas_fired_combustion_turbine
135,78,0.0,natural_gas_fired_combustion_turbine
142,78,0.0,natural_gas_fired_combustion_turbine
121,78,0.0,natural_gas_fired_combustion_turbine
91,78,0.0,natural_gas_fired_combustion_turbine
22,78,0.0,natural_gas_steam_turbine
123,78,0.0,natural_gas_steam_turbine
62,78,0.0,natural_gas_steam_turbine
49,78,0.0,natural_gas_steam_turbine
48,78,0.0,natural_gas_steam_turbine
21,78,0.0,natural_gas_steam_turbine
79,78,7405.999,nuclear
10,78,40.910700000000006,onshore_wind_turbine
23,78,733.1148000000001,onshore_wind_turbine
31,78,1838.11068,onshore_wind_turbine
38,78,1101.61125,onshore_wind_turbine
50,78,358.56989999999996,onshore_wind_turbine
63,78,28.386600127200005,onshore_wind_turbine
80,78,21.50712,onshore_wind_turbine
94,78,1439.0706,onshore_wind_turbine
105,78,272.104439607,onshore_wind_turbine
124,78,1575.8761542414002,onshore_wind_turbine
136,78,1002.2220000000001,onshore_wind_turbine
144,78,2958.6967199999995,onshore_wind_turbine
11,78,19.125,small_hydroelectric
24,78,62.577,small_hydroelectric
32,78,192.0,small_hydroelectric
39,78,52.9,small_hydroelectric
51,78,25.641,small_hydroelectric
64,78,6.128,small_hydroelectric
81,78,241.672,small_hydroelectric
95,78,418.922,small_hydroelectric
106,78,31.614,small_hydroelectric
125,78,100.697,small_hydroelectric
137,78,36.822,small_hydroelectric
145,78,33.21,small_hydroelectric
12,78,0.0,solar_photovoltaic
25,78,0.0,solar_photovoltaic
33,78,0.0,solar_photovoltaic
52,78,0.0,solar_photovoltaic
65,78,0.0,solar_photovoltaic
82,78,0.0,solar_photovoltaic
96,78,0.0,solar_photovoltaic
107,78,0.0,solar_photovoltaic
126,78,0.0,solar_photovoltaic
138,78,0.0,solar_photovoltaic
26,79,11.235,biomass
13,79,15.682,biomass
108,79,137.081,biomass
40,79,5.952,biomass
97,79,178.173,biomass
1,79,16.294,biomass
66,79,228.795,biomass
2,79,636.4818432,conventional_hydroelectric
14,79,17.9694328,conventional_hydroelectric
27,79,342.6131376,conventional_hydroelectric
35,79,1078.4705888,conventional_hydroelectric
54,79,611.0638479,conventional_hydroelectric
67,79,1548.548591269797,conventional_hydroelectric
84,79,11406.1991628,conventional_hydroelectric
109,79,126.60657828,conventional_hydroelectric
128,79,41.07708,conventional_hydroelectric
139,79,22.986835199999998,conventional_hydroelectric
110,79,50.0,conventional_steam_coal
41,79,7219.002,conventional_steam_coal
3,79,14050.987,conventional_steam_coal
36,79,2368.701,conventional_steam_coal
85,79,1340.0,conventional_steam_coal
28,79,74.364,geothermal
116,79,56.5,natural_gas_fired_combined_cycle
73,79,644.7,natural_gas_fired_combined_cycle
71,79,9167.996722601349,natural_gas_fired_combined_cycle
44,79,0.0,natural_gas_fired_combined_cycle
115,79,0.0,natural_gas_fired_combined_cycle
70,79,0.0,natural_gas_fired_combined_cycle
131,79,0.0,natural_gas_fired_combined_cycle
18,79,0.0,natural_gas_fired_combined_cycle
72,79,0.0,natural_gas_fired_combined_cycle
114,79,0.0,natural_gas_fired_combined_cycle
45,79,0.0,natural_gas_fired_combined_cycle
78,79,257.0,natural_gas_fired_combustion_turbine
75,79,0.0,natural_gas_fired_combustion_turbine
119,79,0.0,natural_gas_fired_combustion_turbine
117,79,0.0,natural_gas_fired_combustion_turbine
134,79,0.0,natural_gas_fired_combustion_turbine
103,79,0.0,natural_gas_fired_combustion_turbine
47,79,0.0,natural_gas_fired_combustion_turbine
8,79,0.0,natural_gas_fired_combustion_turbine
90,79,0.0,natural_gas_fired_combustion_turbine
60,79,0.0,natural_gas_fired_combustion_turbine
46,79,0.0,natural_gas_fired_combustion_turbine
37,79,0.0,natural_gas_fired_combustion_turbine
7,79,0.0,natural_gas_fired_combustion_turbine
133,79,0.0,natural_gas_fired_combustion_turbine
74,79,0.0,natural_gas_fired_combustion_turbine
20,79,0.0,natural_gas_fired_combustion_turbine
135,79,0.0,natural_gas_fired_combustion_turbine
142,79,0.0,natural_gas_fired_combustion_turbine
121,79,0.0,natural_gas_fired_combustion_turbine
91,79,0.0,natural_gas_fired_combustion_turbine
22,79,0.0,natural_gas_steam_turbine
123,79,0.0,natural_gas_steam_turbine
62,79,0.0,natural_gas_steam_turbine
49,79,0.0,natural_gas_steam_turbine
48,79,0.0,natural_gas_steam_turbine
21,79,0.0,natural_gas_steam_turbine
79,79,7405.999,nuclear
10,79,70.70604000000002,onshore_wind_turbine
23,79,433.63980000000004,onshore_wind_turbine
31,79,1229.98713,onshore_wind_turbine
38,79,942.6383999999999,onshore_wind_turbine
50,79,611.7463799999999,onshore_wind_turbine
63,79,38.5268398344,onshore_wind_turbine
80,79,24.29508,onshore_wind_turbine
94,79,1264.1124,onshore_wind_turbine
105,79,218.432279835,onshore_wind_turbine
124,79,2014.1149533582002,onshore_wind_turbine
136,79,1364.5638000000001,onshore_wind_turbine
144,79,2826.14859,onshore_wind_turbine
11,79,19.125,small_hydroelectric
24,79,62.577,small_hydroelectric
32,79,192.0,small_hydroelectric
39,79,52.9,small_hydroelectric
51,79,25.641,small_hydroelectric
64,79,6.128,small_hydroelectric
81,79,241.672,small_hydroelectric
95,79,418.922,small_hydroelectric
106,79,31.614,small_hydroelectric
125,79,100.697,small_hydroelectric
137,79,36.822,small_hydroelectric
145,79,33.21,small_hydroelectric
12,79,0.0,solar_photovoltaic
25,79,36.35178,solar_photovoltaic
33,79,0.0,solar_photovoltaic
52,79,397.23101999999994,solar_photovoltaic
65,79,0.0,solar_photovoltaic
82,79,0.0,solar_photovoltaic
96,79,0.0,solar_photovoltaic
107,79,0.0,solar_photovoltaic
126,79,0.0,solar_photovoltaic
138,79,0.0,solar_photovoltaic
26,80,11.235,biomass
13,80,15.682,biomass
108,80,137.081,biomass
40,80,5.952,biomass
97,80,178.173,biomass
1,80,16.294,biomass
66,80,228.795,biomass
2,80,636.4818432,conventional_hydroelectric
14,80,18.204634799999997,conventional_hydroelectric
27,80,343.03646520000007,conventional_hydroelectric
35,80,1078.970112,conventional_hydroelectric
54,80,610.6480875000001,conventional_hydroelectric
67,80,1549.590774622722,conventional_hydroelectric
84,80,11414.915056200001,conventional_hydroelectric
109,80,126.74619828,conventional_hydroelectric
128,80,41.09226,conventional_hydroelectric
139,80,23.0101248,conventional_hydroelectric
110,80,50.0,conventional_steam_coal
41,80,7219.002,conventional_steam_coal
3,80,14050.987,conventional_steam_coal
36,80,2368.701,conventional_steam_coal
85,80,1340.0,conventional_steam_coal
28,80,74.364,geothermal
116,80,56.5,natural_gas_fired_combined_cycle
73,80,412.60800000000006,natural_gas_fired_combined_cycle
71,80,0.0,natural_gas_fired_combined_cycle
44,80,0.0,natural_gas_fired_combined_cycle
115,80,0.0,natural_gas_fired_combined_cycle
70,80,0.0,natural_gas_fired_combined_cycle
131,80,0.0,natural_gas_fired_combined_cycle
18,80,0.0,natural_gas_fired_combined_cycle
72,80,0.0,natural_gas_fired_combined_cycle
114,80,0.0,natural_gas_fired_combined_cycle
45,80,0.0,natural_gas_fired_combined_cycle
78,80,257.0,natural_gas_fired_combustion_turbine
75,80,0.0,natural_gas_fired_combustion_turbine
119,80,0.0,natural_gas_fired_combustion_turbine
117,80,0.0,natural_gas_fired_combustion_turbine
134,80,0.0,natural_gas_fired_combustion_turbine
103,80,0.0,natural_gas_fired_combustion_turbine
47,80,0.0,natural_gas_fired_combustion_turbine
8,80,0.0,natural_gas_fired_combustion_turbine
90,80,0.0,natural_gas_fired_combustion_turbine
60,80,0.0,natural_gas_fired_combustion_turbine
46,80,0.0,natural_gas_fired_combustion_turbine
37,80,0.0,natural_gas_fired_combustion_turbine
7,80,0.0,natural_gas_fired_combustion_turbine
133,80,0.0,natural_gas_fired_combustion_turbine
74,80,0.0,natural_gas_fired_combustion_turbine
20,80,0.0,natural_gas_fired_combustion_turbine
135,80,0.0,natural_gas_fired_combustion_turbine
142,80,0.0,natural_gas_fired_combustion_turbine
121,80,0.0,natural_gas_fired_combustion_turbine
91,80,0.0,natural_gas_fired_combustion_turbine
22,80,0.0,natural_gas_steam_turbine
123,80,0.0,natural_gas_steam_turbine
62,80,0.0,natural_gas_steam_turbine
49,80,0.0,natural_gas_steam_turbine
48,80,0.0,natural_gas_steam_turbine
21,80,0.0,natural_gas_steam_turbine
79,80,7405.999,nuclear
10,80,52.79796000000001,onshore_wind_turbine
23,80,551.034,onshore_wind_turbine
31,80,529.2456,onshore_wind_turbine
38,80,649.5246,onshore_wind_turbine
50,80,662.8462199999999,onshore_wind_turbine
63,80,37.130280146400004,onshore_wind_turbine
80,80,28.27788,onshore_wind_turbine
94,80,679.3421999999999,onshore_wind_turbine
105,80,221.20902027000002,onshore_wind_turbine
124,80,2514.7772978988005,onshore_wind_turbine
136,80,1391.5467,onshore_wind_turbine
144,80,3267.357749999999,onshore_wind_turbine
11,80,19.125,small_hydroelectric
24,80,62.577,small_hydroelectric
32,80,192.0,small_hydroelectric
39,80,52.9,small_hydroelectric
51,80,25.641,small_hydroelectric
64,80,6.128,small_hydroelectric
81,80,241.672,small_hydroelectric
95,80,418.922,small_hydroelectric
106,80,31.614,small_hydroelectric
125,80,100.697,small_hydroelectric
137,80,36.822,small_hydroelectric
145,80,33.21,small_hydroelectric
12,80,1684.05588,solar_photovoltaic
25,80,438.14304,solar_photovoltaic
33,80,0.1509,solar_photovoltaic
52,80,1247.38242,solar_photovoltaic
65,80,2053.6041907827,solar_photovoltaic
82,80,668.904,solar_photovoltaic
96,80,0.0,solar_photovoltaic
107,80,2233.8953092184997,solar_photovoltaic
126,80,3285.4124154705,solar_photovoltaic
138,80,399.79467,solar_photovoltaic
26,81,11.235,biomass
13,81,15.682,biomass
108,81,137.081,biomass
40,81,5.952,biomass
97,81,178.173,biomass
1,81,16.294,biomass
66,81,228.795,biomass
2,81,636.4818432,conventional_hydroelectric
14,81,18.3927964,conventional_hydroelectric
27,81,343.3186836,conventional_hydroelectric
35,81,1079.2198736,conventional_hydroelectric
54,81,610.3362672000001,conventional_hydroelectric
67,81,1550.685418114131,conventional_hydroelectric
84,81,11426.5362474,conventional_hydroelectric
109,81,126.80694694200001,conventional_hydroelectric
128,81,41.107440000000004,conventional_hydroelectric
139,81,23.0101248,conventional_hydroelectric
110,81,50.0,conventional_steam_coal
41,81,7219.002,conventional_steam_coal
3,81,8132.395136461458,conventional_steam_coal
36,81,1018.5414300000002,conventional_steam_coal
85,81,576.2,conventional_steam_coal
28,81,74.364,geothermal
116,81,20.339999999999996,natural_gas_fired_combined_cycle
73,81,0.0,natural_gas_fired_combined_cycle
71,81,0.0,natural_gas_fired_combined_cycle
44,81,0.0,natural_gas_fired_combined_cycle
115,81,0.0,natural_gas_fired_combined_cycle
70,81,0.0,natural_gas_fired_combined_cycle
131,81,0.0,natural_gas_fired_combined_cycle
18,81,0.0,natural_gas_fired_combined_cycle
72,81,0.0,natural_gas_fired_combined_cycle
114,81,0.0,natural_gas_fired_combined_cycle
45,81,0.0,natural_gas_fired_combined_cycle
78,81,0.0,natural_gas_fired_combustion_turbine
75,81,0.0,natural_gas_fired_combustion_turbine
119,81,0.0,natural_gas_fired_combustion_turbine
117,81,0.0,natural_gas_fired_combustion_turbine
134,81,0.0,natural_gas_fired_combustion_turbine
103,81,0.0,natural_gas_fired_combustion_turbine
47,81,0.0,natural_gas_fired_combustion_turbine
8,81,0.0,natural_gas_fired_combustion_turbine
90,81,0.0,natural_gas_fired_combustion_turbine
60,81,0.0,natural_gas_fired_combustion_turbine
46,81,0.0,natural_gas_fired_combustion_turbine
37,81,0.0,natural_gas_fired_combustion_turbine
7,81,0.0,natural_gas_fired_combustion_turbine
133,81,0.0,natural_gas_fired_combustion_turbine
74,81,0.0,natural_gas_fired_combustion_turbine
20,81,0.0,natural_gas_fired_combustion_turbine
135,81,0.0,natural_gas_fired_combustion_turbine
142,81,0.0,natural_gas_fired_combustion_turbine
121,81,0.0,natural_gas_fired_combustion_turbine
91,81,0.0,natural_gas_fired_combustion_turbine
22,81,0.0,natural_gas_steam_turbine
123,81,0.0,natural_gas_steam_turbine
62,81,0.0,natural_gas_steam_turbine
49,81,0.0,natural_gas_steam_turbine
48,81,0.0,natural_gas_steam_turbine
21,81,0.0,natural_gas_steam_turbine
79,81,7405.999,nuclear
10,81,28.01997,onshore_wind_turbine
23,81,630.0953999999999,onshore_wind_turbine
31,81,307.36956,onshore_wind_turbine
38,81,592.31385,onshore_wind_turbine
50,81,1046.9660399999998,onshore_wind_turbine
63,81,40.4395200888,onshore_wind_turbine
80,81,110.32355999999999,onshore_wind_turbine
94,81,406.6596,onshore_wind_turbine
105,81,277.210979325,onshore_wind_turbine
124,81,2020.4847060156,onshore_wind_turbine
136,81,1380.7535400000002,onshore_wind_turbine
144,81,3734.520389999999,onshore_wind_turbine
11,81,19.125,small_hydroelectric
24,81,62.577,small_hydroelectric
32,81,192.0,small_hydroelectric
39,81,52.9,small_hydroelectric
51,81,25.641,small_hydroelectric
64,81,6.128,small_hydroelectric
81,81,241.672,small_hydroelectric
95,81,418.922,small_hydroelectric
106,81,31.614,small_hydroelectric
125,81,100.697,small_hydroelectric
137,81,36.822,small_hydroelectric
145,81,33.21,small_hydroelectric
12,81,2848.73004,solar_photovoltaic
25,81,666.5026799999999,solar_photovoltaic
33,81,166.51815,solar_photovoltaic
52,81,1683.41826,solar_photovoltaic
65,81,4441.3350625455,solar_photovoltaic
82,81,3291.0076799999997,solar_photovoltaic
96,81,70.65234,solar_photovoltaic
107,81,4327.9217108595,solar_photovoltaic
126,81,7971.308723448001,solar_photovoltaic
138,81,818.7669599999999,solar_photovoltaic
26,82,11.235,biomass
13,82,15.682,biomass
108,82,137.081,biomass
40,82,5.952,biomass
97,82,178.173,biomass
1,82,16.294,biomass
66,82,228.795,biomass
2,82,636.2055924,conventional_hydroelectric
14,82,18.580958,conventional_hydroelectric
27,82,343.600902,conventional_hydroelectric
35,82,1079.7193968000001,conventional_hydroelectric
54,82,609.9205068,conventional_hydroelectric
67,82,1551.727594193049,conventional_hydroelectric
84,82,11438.1574386,conventional_hydroelectric
109,82,126.86769420780001,conventional_hydroelectric
128,82,41.107440000000004,conventional_hydroelectric
139,82,23.033414399999998,conventional_hydroelectric
110,82,50.0,conventional_steam_coal
41,82,7219.002,conventional_steam_coal
3,82,11968.764811004545,conventional_steam_coal
36,82,0.0,conventional_steam_coal
85,82,0.0,conventional_steam_coal
28,82,74.364,geothermal
116,82,0.0,natural_gas_fired_combined_cycle
73,82,0.0,natural_gas_fired_combined_cycle
71,82,0.0,natural_gas_fired_combined_cycle
44,82,0.0,natural_gas_fired_combined_cycle
115,82,0.0,natural_gas_fired_combined_cycle
70,82,0.0,natural_gas_fired_combined_cycle
131,82,0.0,natural_gas_fired_combined_cycle
18,82,0.0,natural_gas_fired_combined_cycle
72,82,0.0,natural_gas_fired_combined_cycle
114,82,0.0,natural_gas_fired_combined_cycle
45,82,0.0,natural_gas_fired_combined_cycle
78,82,0.0,natural_gas_fired_combustion_turbine
75,82,0.0,natural_gas_fired_combustion_turbine
119,82,0.0,natural_gas_fired_combustion_turbine
117,82,0.0,natural_gas_fired_combustion_turbine
134,82,0.0,natural_gas_fired_combustion_turbine
103,82,0.0,natural_gas_fired_combustion_turbine
47,82,0.0,natural_gas_fired_combustion_turbine
8,82,0.0,natural_gas_fired_combustion_turbine
90,82,0.0,natural_gas_fired_combustion_turbine
60,82,0.0,natural_gas_fired_combustion_turbine
46,82,0.0,natural_gas_fired_combustion_turbine
37,82,0.0,natural_gas_fired_combustion_turbine
7,82,0.0,natural_gas_fired_combustion_turbine
133,82,0.0,natural_gas_fired_combustion_turbine
74,82,0.0,natural_gas_fired_combustion_turbine
20,82,0.0,natural_gas_fired_combustion_turbine
135,82,0.0,natural_gas_fired_combustion_turbine
142,82,0.0,natural_gas_fired_combustion_turbine
121,82,0.0,natural_gas_fired_combustion_turbine
91,82,0.0,natural_gas_fired_combustion_turbine
22,82,0.0,natural_gas_steam_turbine
123,82,0.0,natural_gas_steam_turbine
62,82,0.0,natural_gas_steam_turbine
49,82,0.0,natural_gas_steam_turbine
48,82,0.0,natural_gas_steam_turbine
21,82,0.0,natural_gas_steam_turbine
79,82,7405.999,nuclear
10,82,16.209900000000005,onshore_wind_turbine
23,82,1207.4832,onshore_wind_turbine
31,82,604.05243,onshore_wind_turbine
38,82,723.77685,onshore_wind_turbine
50,82,1089.0653399999999,onshore_wind_turbine
63,82,46.329359860800004,onshore_wind_turbine
80,82,60.14028,onshore_wind_turbine
94,82,665.1564000000001,onshore_wind_turbine
105,82,271.107840591,onshore_wind_turbine
124,82,459.89595560040004,onshore_wind_turbine
136,82,1195.34247,onshore_wind_turbine
144,82,4622.500169999999,onshore_wind_turbine
11,82,19.125,small_hydroelectric
24,82,62.577,small_hydroelectric
32,82,192.0,small_hydroelectric
39,82,52.9,small_hydroelectric
51,82,25.641,small_hydroelectric
64,82,6.128,small_hydroelectric
81,82,241.672,small_hydroelectric
95,82,418.922,small_hydroelectric
106,82,31.614,small_hydroelectric
125,82,100.697,small_hydroelectric
137,82,36.822,small_hydroelectric
145,82,33.21,small_hydroelectric
12,82,3533.3695799999996,solar_photovoltaic
25,82,783.4048799999999,solar_photovoltaic
33,82,220.314,solar_photovoltaic
52,82,1951.49736,solar_photovoltaic
65,82,5768.0058609816,solar_photovoltaic
82,82,4608.74856,solar_photovoltaic
96,82,137.46351,solar_photovoltaic
107,82,5474.0236821974995,solar_photovoltaic
126,82,10551.004950627,solar_photovoltaic
138,82,1042.63632,solar_photovoltaic
26,83,11.235,biomass
13,83,15.682,biomass
108,83,137.081,biomass
40,83,5.952,biomass
97,83,178.173,biomass
1,83,16.294,biomass
66,83,228.795,biomass
2,83,636.2055924,conventional_hydroelectric
14,83,18.7691196,conventional_hydroelectric
27,83,344.0242296,conventional_hydroelectric
35,83,1079.9691584,conventional_hydroelectric
54,83,609.5047464,conventional_hydroelectric
67,83,1552.8222376844578,conventional_hydroelectric
84,83,11446.873332000001,conventional_hydroelectric
109,83,126.92844286980001,conventional_hydroelectric
128,83,41.12262,conventional_hydroelectric
139,83,23.033414399999998,conventional_hydroelectric
110,83,50.0,conventional_steam_coal
41,83,7219.002,conventional_steam_coal
3,83,14050.987,conventional_steam_coal
36,83,0.0,conventional_steam_coal
85,83,0.0,conventional_steam_coal
28,83,74.364,geothermal
116,83,0.0,natural_gas_fired_combined_cycle
73,83,0.0,natural_gas_fired_combined_cycle
71,83,0.0,natural_gas_fired_combined_cycle
44,83,0.0,natural_gas_fired_combined_cycle
115,83,0.0,natural_gas_fired_combined_cycle
70,83,0.0,natural_gas_fired_combined_cycle
131,83,0.0,natural_gas_fired_combined_cycle
18,83,0.0,natural_gas_fired_combined_cycle
72,83,0.0,natural_gas_fired_combined_cycle
114,83,0.0,natural_gas_fired_combined_cycle
45,83,0.0,natural_gas_fired_combined_cycle
78,83,0.0,natural_gas_fired_combustion_turbine
75,83,0.0,natural_gas_fired_combustion_turbine
119,83,0.0,natural_gas_fired_combustion_turbine
117,83,0.0,natural_gas_fired_combustion_turbine
134,83,0.0,natural_gas_fired_combustion_turbine
103,83,0.0,natural_gas_fired_combustion_turbine
47,83,0.0,natural_gas_fired_combustion_turbine
8,83,0.0,natural_gas_fired_combustion_turbine
90,83,0.0,natural_gas_fired_combustion_turbine
60,83,0.0,natural_gas_fired_combustion_turbine
46,83,0.0,natural_gas_fired_combustion_turbine
37,83,0.0,natural_gas_fired_combustion_turbine
7,83,0.0,natural_gas_fired_combustion_turbine
133,83,0.0,natural_gas_fired_combustion_turbine
74,83,0.0,natural_gas_fired_combustion_turbine
20,83,0.0,natural_gas_fired_combustion_turbine
135,83,0.0,natural_gas_fired_combustion_turbine
142,83,0.0,natural_gas_fired_combustion_turbine
121,83,0.0,natural_gas_fired_combustion_turbine
91,83,0.0,natural_gas_fired_combustion_turbine
22,83,0.0,natural_gas_steam_turbine
123,83,0.0,natural_gas_steam_turbine
62,83,0.0,natural_gas_steam_turbine
49,83,0.0,natural_gas_steam_turbine
48,83,0.0,natural_gas_steam_turbine
21,83,0.0,natural_gas_steam_turbine
79,83,7405.999,nuclear
10,83,20.0694,onshore_wind_turbine
23,83,2224.101,onshore_wind_turbine
31,83,307.87845,onshore_wind_turbine
38,83,551.41425,onshore_wind_turbine
50,83,1044.93366,onshore_wind_turbine
63,83,49.8511200168,onshore_wind_turbine
80,83,4.38108,onshore_wind_turbine
94,83,980.3964,onshore_wind_turbine
105,83,430.79226000299997,onshore_wind_turbine
124,83,999.0659461068,onshore_wind_turbine
136,83,1130.96898,onshore_wind_turbine
144,83,6375.286979999999,onshore_wind_turbine
11,83,19.125,small_hydroelectric
24,83,62.577,small_hydroelectric
32,83,192.0,small_hydroelectric
39,83,52.9,small_hydroelectric
51,83,25.641,small_hydroelectric
64,83,6.128,small_hydroelectric
81,83,241.672,small_hydroelectric
95,83,418.922,small_hydroelectric
106,83,31.614,small_hydroelectric
125,83,100.697,small_hydroelectric
137,83,36.822,small_hydroelectric
145,83,33.21,small_hydroelectric
12,83,3923.8138799999997,solar_photovoltaic
25,83,880.77,solar_photovoltaic
33,83,239.6292,solar_photovoltaic
52,83,2081.83416,solar_photovoltaic
65,83,6556.359475968299,solar_photovoltaic
82,83,5359.5932999999995,solar_photovoltaic
96,83,219.70233000000002,solar_photovoltaic
107,83,6124.368243686999,solar_photovoltaic
126,83,12092.573722887,solar_photovoltaic
138,83,1193.5133099999998,solar_photovoltaic
26,84,11.235,biomass
13,84,15.682,biomass
108,84,137.081,biomass
40,84,5.952,biomass
97,84,178.173,biomass
1,84,16.294,biomass
66,84,228.795,biomass
2,84,636.2055924,conventional_hydroelectric
14,84,19.0043216,conventional_hydroelectric
27,84,344.306448,conventional_hydroelectric
35,84,1080.4686815999999,conventional_hydroelectric
54,84,609.088986,conventional_hydroelectric
67,84,1553.8644210373827,conventional_hydroelectric
84,84,11458.4945232,conventional_hydroelectric
109,84,126.9891901356,conventional_hydroelectric
128,84,41.137800000000006,conventional_hydroelectric
139,84,23.056704,conventional_hydroelectric
110,84,50.0,conventional_steam_coal
41,84,7219.002,conventional_steam_coal
3,84,6041.9244100000005,conventional_steam_coal
36,84,0.0,conventional_steam_coal
85,84,0.0,conventional_steam_coal
28,84,74.364,geothermal
116,84,0.0,natural_gas_fired_combined_cycle
73,84,0.0,natural_gas_fired_combined_cycle
71,84,0.0,natural_gas_fired_combined_cycle
44,84,0.0,natural_gas_fired_combined_cycle
115,84,0.0,natural_gas_fired_combined_cycle
70,84,0.0,natural_gas_fired_combined_cycle
131,84,0.0,natural_gas_fired_combined_cycle
18,84,0.0,natural_gas_fired_combined_cycle
72,84,0.0,natural_gas_fired_combined_cycle
114,84,0.0,natural_gas_fired_combined_cycle
45,84,0.0,natural_gas_fired_combined_cycle
78,84,0.0,natural_gas_fired_combustion_turbine
75,84,0.0,natural_gas_fired_combustion_turbine
119,84,0.0,natural_gas_fired_combustion_turbine
117,84,0.0,natural_gas_fired_combustion_turbine
134,84,0.0,natural_gas_fired_combustion_turbine
103,84,0.0,natural_gas_fired_combustion_turbine
47,84,0.0,natural_gas_fired_combustion_turbine
8,84,0.0,natural_gas_fired_combustion_turbine
90,84,0.0,natural_gas_fired_combustion_turbine
60,84,0.0,natural_gas_fired_combustion_turbine
46,84,0.0,natural_gas_fired_combustion_turbine
37,84,0.0,natural_gas_fired_combustion_turbine
7,84,0.0,natural_gas_fired_combustion_turbine
133,84,0.0,natural_gas_fired_combustion_turbine
74,84,0.0,natural_gas_fired_combustion_turbine
20,84,0.0,natural_gas_fired_combustion_turbine
135,84,0.0,natural_gas_fired_combustion_turbine
142,84,0.0,natural_gas_fired_combustion_turbine
121,84,0.0,natural_gas_fired_combustion_turbine
91,84,0.0,natural_gas_fired_combustion_turbine
22,84,0.0,natural_gas_steam_turbine
123,84,0.0,natural_gas_steam_turbine
62,84,0.0,natural_gas_steam_turbine
49,84,0.0,natural_gas_steam_turbine
48,84,0.0,natural_gas_steam_turbine
21,84,0.0,natural_gas_steam_turbine
79,84,7405.999,nuclear
10,84,8.02776,onshore_wind_turbine
23,84,3802.1346000000003,onshore_wind_turbine
31,84,284.97839999999997,onshore_wind_turbine
38,84,851.5881,onshore_wind_turbine
50,84,1595.9989799999996,onshore_wind_turbine
63,84,48.3027599856,onshore_wind_turbine
80,84,3.1862399999999997,onshore_wind_turbine
94,84,934.6866,onshore_wind_turbine
105,84,431.10264015,onshore_wind_turbine
124,84,1087.1002519608003,onshore_wind_turbine
136,84,1165.66128,onshore_wind_turbine
144,84,7510.751729999999,onshore_wind_turbine
11,84,19.125,small_hydroelectric
24,84,62.577,small_hydroelectric
32,84,192.0,small_hydroelectric
39,84,52.9,small_hydroelectric
51,84,25.641,small_hydroelectric
64,84,6.128,small_hydroelectric
81,84,241.672,small_hydroelectric
95,84,418.922,small_hydroelectric
106,84,31.614,small_hydroelectric
125,84,100.697,small_hydroelectric
137,84,36.822,small_hydroelectric
145,84,33.21,small_hydroelectric
12,84,4035.1964399999997,solar_photovoltaic
25,84,884.13294,solar_photovoltaic
33,84,238.64835000000002,solar_photovoltaic
52,84,2094.2753999999995,solar_photovoltaic
65,84,6879.0135568881,solar_photovoltaic
82,84,5714.1124199999995,solar_photovoltaic
96,84,240.86025,solar_photovoltaic
107,84,6335.389383332999,solar_photovoltaic
126,84,12783.8715637875,solar_photovoltaic
138,84,1229.12889,solar_photovoltaic
26,85,11.235,biomass
13,85,15.682,biomass
108,85,137.081,biomass
40,85,5.952,biomass
97,85,178.173,biomass
1,85,16.294,biomass
66,85,228.795,biomass
2,85,636.2055924,conventional_hydroelectric
14,85,19.1924832,conventional_hydroelectric
27,85,344.7297756,conventional_hydroelectric
35,85,1080.7184432,conventional_hydroelectric
54,85,608.6732256,conventional_hydroelectric
67,85,1554.959064528792,conventional_hydroelectric
84,85,11470.115714399999,conventional_hydroelectric
109,85,127.04993879759999,conventional_hydroelectric
128,85,41.137800000000006,conventional_hydroelectric
139,85,23.056704,conventional_hydroelectric
110,85,50.0,conventional_steam_coal
41,85,7219.002,conventional_steam_coal
3,85,0.0,conventional_steam_coal
36,85,0.0,conventional_steam_coal
85,85,0.0,conventional_steam_coal
28,85,74.364,geothermal
116,85,0.0,natural_gas_fired_combined_cycle
73,85,0.0,natural_gas_fired_combined_cycle
71,85,0.0,natural_gas_fired_combined_cycle
44,85,0.0,natural_gas_fired_combined_cycle
115,85,0.0,natural_gas_fired_combined_cycle
70,85,0.0,natural_gas_fired_combined_cycle
131,85,0.0,natural_gas_fired_combined_cycle
18,85,0.0,natural_gas_fired_combined_cycle
72,85,0.0,natural_gas_fired_combined_cycle
114,85,0.0,natural_gas_fired_combined_cycle
45,85,0.0,natural_gas_fired_combined_cycle
78,85,0.0,natural_gas_fired_combustion_turbine
75,85,0.0,natural_gas_fired_combustion_turbine
119,85,0.0,natural_gas_fired_combustion_turbine
117,85,0.0,natural_gas_fired_combustion_turbine
134,85,0.0,natural_gas_fired_combustion_turbine
103,85,0.0,natural_gas_fired_combustion_turbine
47,85,0.0,natural_gas_fired_combustion_turbine
8,85,0.0,natural_gas_fired_combustion_turbine
90,85,0.0,natural_gas_fired_combustion_turbine
60,85,0.0,natural_gas_fired_combustion_turbine
46,85,0.0,natural_gas_fired_combustion_turbine
37,85,0.0,natural_gas_fired_combustion_turbine
7,85,0.0,natural_gas_fired_combustion_turbine
133,85,0.0,natural_gas_fired_combustion_turbine
74,85,0.0,natural_gas_fired_combustion_turbine
20,85,0.0,natural_gas_fired_combustion_turbine
135,85,0.0,natural_gas_fired_combustion_turbine
142,85,0.0,natural_gas_fired_combustion_turbine
121,85,0.0,natural_gas_fired_combustion_turbine
91,85,0.0,natural_gas_fired_combustion_turbine
22,85,0.0,natural_gas_steam_turbine
123,85,0.0,natural_gas_steam_turbine
62,85,0.0,natural_gas_steam_turbine
49,85,0.0,natural_gas_steam_turbine
48,85,0.0,natural_gas_steam_turbine
21,85,0.0,natural_gas_steam_turbine
79,85,7405.999,nuclear
10,85,4.631400000000001,onshore_wind_turbine
23,85,4200.636,onshore_wind_turbine
31,85,406.60310999999996,onshore_wind_turbine
38,85,697.48425,onshore_wind_turbine
50,85,1557.9644399999997,onshore_wind_turbine
63,85,35.8755598392,onshore_wind_turbine
80,85,2.38968,onshore_wind_turbine
94,85,1256.2314,onshore_wind_turbine
105,85,294.15168027,onshore_wind_turbine
124,85,716.1977974074,onshore_wind_turbine
136,85,1206.5211000000002,onshore_wind_turbine
144,85,7593.246719999999,onshore_wind_turbine
11,85,19.125,small_hydroelectric
24,85,62.577,small_hydroelectric
32,85,192.0,small_hydroelectric
39,85,52.9,small_hydroelectric
51,85,25.641,small_hydroelectric
64,85,6.128,small_hydroelectric
81,85,241.672,small_hydroelectric
95,85,418.922,small_hydroelectric
106,85,31.614,small_hydroelectric
125,85,100.697,small_hydroelectric
137,85,36.822,small_hydroelectric
145,85,33.21,small_hydroelectric
12,85,3972.84642,solar_photovoltaic
25,85,861.0727799999999,solar_photovoltaic
33,85,267.01754999999997,solar_photovoltaic
52,85,2015.18466,solar_photovoltaic
65,85,6870.526195400999,solar_photovoltaic
82,85,5743.376969999999,solar_photovoltaic
96,85,238.27848000000003,solar_photovoltaic
107,85,6287.886595707,solar_photovoltaic
126,85,12754.3094360475,solar_photovoltaic
138,85,1195.07883,solar_photovoltaic
26,86,11.235,biomass
13,86,15.682,biomass
108,86,137.081,biomass
40,86,5.952,biomass
97,86,178.173,biomass
1,86,16.294,biomass
66,86,228.795,biomass
2,86,635.9293415999999,conventional_hydroelectric
14,86,19.3806448,conventional_hydroelectric
27,86,345.011994,conventional_hydroelectric
35,86,1081.2179664,conventional_hydroelectric
54,86,608.2574652000001,conventional_hydroelectric
67,86,1556.0012406077099,conventional_hydroelectric
84,86,11478.8316078,conventional_hydroelectric
109,86,127.11068606340001,conventional_hydroelectric
128,86,41.15298000000001,conventional_hydroelectric
139,86,23.079993599999998,conventional_hydroelectric
110,86,50.0,conventional_steam_coal
41,86,7219.002,conventional_steam_coal
3,86,6041.9244100000005,conventional_steam_coal
36,86,0.0,conventional_steam_coal
85,86,0.0,conventional_steam_coal
28,86,74.364,geothermal
116,86,0.0,natural_gas_fired_combined_cycle
73,86,0.0,natural_gas_fired_combined_cycle
71,86,0.0,natural_gas_fired_combined_cycle
44,86,0.0,natural_gas_fired_combined_cycle
115,86,0.0,natural_gas_fired_combined_cycle
70,86,0.0,natural_gas_fired_combined_cycle
131,86,0.0,natural_gas_fired_combined_cycle
18,86,0.0,natural_gas_fired_combined_cycle
72,86,0.0,natural_gas_fired_combined_cycle
114,86,0.0,natural_gas_fired_combined_cycle
45,86,0.0,natural_gas_fired_combined_cycle
78,86,0.0,natural_gas_fired_combustion_turbine
75,86,0.0,natural_gas_fired_combustion_turbine
119,86,0.0,natural_gas_fired_combustion_turbine
117,86,0.0,natural_gas_fired_combustion_turbine
134,86,0.0,natural_gas_fired_combustion_turbine
103,86,0.0,natural_gas_fired_combustion_turbine
47,86,0.0,natural_gas_fired_combustion_turbine
8,86,0.0,natural_gas_fired_combustion_turbine
90,86,0.0,natural_gas_fired_combustion_turbine
60,86,0.0,natural_gas_fired_combustion_turbine
46,86,0.0,natural_gas_fired_combustion_turbine
37,86,0.0,natural_gas_fired_combustion_turbine
7,86,0.0,natural_gas_fired_combustion_turbine
133,86,0.0,natural_gas_fired_combustion_turbine
74,86,0.0,natural_gas_fired_combustion_turbine
20,86,0.0,natural_gas_fired_combustion_turbine
135,86,0.0,natural_gas_fired_combustion_turbine
142,86,0.0,natural_gas_fired_combustion_turbine
121,86,0.0,natural_gas_fired_combustion_turbine
91,86,0.0,natural_gas_fired_combustion_turbine
22,86,0.0,natural_gas_steam_turbine
123,86,0.0,natural_gas_steam_turbine
62,86,0.0,natural_gas_steam_turbine
49,86,0.0,natural_gas_steam_turbine
48,86,0.0,natural_gas_steam_turbine
21,86,0.0,natural_gas_steam_turbine
79,86,7405.999,nuclear
10,86,0.0,onshore_wind_turbine
23,86,4273.3086,onshore_wind_turbine
31,86,703.79487,onshore_wind_turbine
38,86,661.2102,onshore_wind_turbine
50,86,1726.6519799999999,onshore_wind_turbine
63,86,0.0,onshore_wind_turbine
80,86,3.1862399999999997,onshore_wind_turbine
94,86,1610.8763999999999,onshore_wind_turbine
105,86,283.48788069,onshore_wind_turbine
124,86,290.77169510400006,onshore_wind_turbine
136,86,1151.3988900000002,onshore_wind_turbine
144,86,6304.84182,onshore_wind_turbine
11,86,19.125,small_hydroelectric
24,86,62.577,small_hydroelectric
32,86,192.0,small_hydroelectric
39,86,52.9,small_hydroelectric
51,86,25.641,small_hydroelectric
64,86,6.128,small_hydroelectric
81,86,241.672,small_hydroelectric
95,86,418.922,small_hydroelectric
106,86,31.614,small_hydroelectric
125,86,100.697,small_hydroelectric
137,86,36.822,small_hydroelectric
145,86,33.21,small_hydroelectric
12,86,3821.51142,solar_photovoltaic
25,86,731.8398,solar_photovoltaic
33,86,221.97390000000001,solar_photovoltaic
52,86,1805.16468,solar_photovoltaic
65,86,6689.4658757844,solar_photovoltaic
82,86,5661.43623,solar_photovoltaic
96,86,225.49557,solar_photovoltaic
107,86,6163.261048737,solar_photovoltaic
126,86,12520.384735948499,solar_photovoltaic
138,86,1160.0503199999998,solar_photovoltaic
26,87,11.235,biomass
13,87,15.682,biomass
108,87,137.081,biomass
40,87,5.952,biomass
97,87,178.173,biomass
1,87,16.294,biomass
66,87,228.795,biomass
2,87,635.9293415999999,conventional_hydroelectric
14,87,19.6158468,conventional_hydroelectric
27,87,345.4353216,conventional_hydroelectric
35,87,1081.467728,conventional_hydroelectric
54,87,607.9456449,conventional_hydroelectric
67,87,1557.0958840991188,conventional_hydroelectric
84,87,11490.452799,conventional_hydroelectric
109,87,127.25030606339999,conventional_hydroelectric
128,87,41.16816,conventional_hydroelectric
139,87,23.103283199999996,conventional_hydroelectric
110,87,50.0,conventional_steam_coal
41,87,7219.002,conventional_steam_coal
3,87,14050.987,conventional_steam_coal
36,87,0.0,conventional_steam_coal
85,87,0.0,conventional_steam_coal
28,87,74.364,geothermal
116,87,0.0,natural_gas_fired_combined_cycle
73,87,0.0,natural_gas_fired_combined_cycle
71,87,0.0,natural_gas_fired_combined_cycle
44,87,0.0,natural_gas_fired_combined_cycle
115,87,0.0,natural_gas_fired_combined_cycle
70,87,0.0,natural_gas_fired_combined_cycle
131,87,0.0,natural_gas_fired_combined_cycle
18,87,0.0,natural_gas_fired_combined_cycle
72,87,0.0,natural_gas_fired_combined_cycle
114,87,0.0,natural_gas_fired_combined_cycle
45,87,0.0,natural_gas_fired_combined_cycle
78,87,0.0,natural_gas_fired_combustion_turbine
75,87,0.0,natural_gas_fired_combustion_turbine
119,87,0.0,natural_gas_fired_combustion_turbine
117,87,0.0,natural_gas_fired_combustion_turbine
134,87,0.0,natural_gas_fired_combustion_turbine
103,87,0.0,natural_gas_fired_combustion_turbine
47,87,0.0,natural_gas_fired_combustion_turbine
8,87,0.0,natural_gas_fired_combustion_turbine
90,87,0.0,natural_gas_fired_combustion_turbine
60,87,0.0,natural_gas_fired_combustion_turbine
46,87,0.0,natural_gas_fired_combustion_turbine
37,87,0.0,natural_gas_fired_combustion_turbine
7,87,0.0,natural_gas_fired_combustion_turbine
133,87,0.0,natural_gas_fired_combustion_turbine
74,87,0.0,natural_gas_fired_combustion_turbine
20,87,0.0,natural_gas_fired_combustion_turbine
135,87,0.0,natural_gas_fired_combustion_turbine
142,87,0.0,natural_gas_fired_combustion_turbine
121,87,0.0,natural_gas_fired_combustion_turbine
91,87,0.0,natural_gas_fired_combustion_turbine
22,87,0.0,natural_gas_steam_turbine
123,87,0.0,natural_gas_steam_turbine
62,87,0.0,natural_gas_steam_turbine
49,87,0.0,natural_gas_steam_turbine
48,87,0.0,natural_gas_steam_turbine
21,87,0.0,natural_gas_steam_turbine
79,87,7405.999,nuclear
10,87,8.02776,onshore_wind_turbine
23,87,3715.0872,onshore_wind_turbine
31,87,271.74726,onshore_wind_turbine
38,87,379.782,onshore_wind_turbine
50,87,1596.5796599999999,onshore_wind_turbine
63,87,0.0,onshore_wind_turbine
80,87,1.19484,onshore_wind_turbine
94,87,2597.5776,onshore_wind_turbine
105,87,136.86239989799998,onshore_wind_turbine
124,87,313.67169094800005,onshore_wind_turbine
136,87,1167.5886300000002,onshore_wind_turbine
144,87,5376.077999999999,onshore_wind_turbine
11,87,19.125,small_hydroelectric
24,87,62.577,small_hydroelectric
32,87,192.0,small_hydroelectric
39,87,52.9,small_hydroelectric
51,87,25.641,small_hydroelectric
64,87,6.128,small_hydroelectric
81,87,241.672,small_hydroelectric
95,87,418.922,small_hydroelectric
106,87,31.614,small_hydroelectric
125,87,100.697,small_hydroelectric
137,87,36.822,small_hydroelectric
145,87,33.21,small_hydroelectric
12,87,3147.768,solar_photovoltaic
25,87,534.8676,solar_photovoltaic
33,87,208.6947,solar_photovoltaic
52,87,1428.66906,solar_photovoltaic
65,87,5582.4547462443,solar_photovoltaic
82,87,4911.4276199999995,solar_photovoltaic
96,87,164.60358000000002,solar_photovoltaic
107,87,5174.785053282,solar_photovoltaic
126,87,10742.5491859155,solar_photovoltaic
138,87,964.16463,solar_photovoltaic
26,88,11.235,biomass
13,88,15.682,biomass
108,88,137.081,biomass
40,88,5.952,biomass
97,88,178.173,biomass
1,88,16.294,biomass
66,88,228.795,biomass
2,88,635.9293415999999,conventional_hydroelectric
14,88,19.8040084,conventional_hydroelectric
27,88,345.71754000000004,conventional_hydroelectric
35,88,1081.7174896,conventional_hydroelectric
54,88,607.5298845000001,conventional_hydroelectric
67,88,1558.138067452044,conventional_hydroelectric
84,88,11502.073990199999,conventional_hydroelectric
109,88,127.31105472540001,conventional_hydroelectric
128,88,41.16816,conventional_hydroelectric
139,88,23.103283199999996,conventional_hydroelectric
110,88,50.0,conventional_steam_coal
41,88,7219.002,conventional_steam_coal
3,88,14050.987,conventional_steam_coal
36,88,1018.5414300000002,conventional_steam_coal
85,88,576.2,conventional_steam_coal
28,88,74.364,geothermal
116,88,20.339999999999996,natural_gas_fired_combined_cycle
73,88,0.0,natural_gas_fired_combined_cycle
71,88,0.0,natural_gas_fired_combined_cycle
44,88,0.0,natural_gas_fired_combined_cycle
115,88,0.0,natural_gas_fired_combined_cycle
70,88,0.0,natural_gas_fired_combined_cycle
131,88,0.0,natural_gas_fired_combined_cycle
18,88,0.0,natural_gas_fired_combined_cycle
72,88,0.0,natural_gas_fired_combined_cycle
114,88,0.0,natural_gas_fired_combined_cycle
45,88,0.0,natural_gas_fired_combined_cycle
78,88,0.0,natural_gas_fired_combustion_turbine
75,88,0.0,natural_gas_fired_combustion_turbine
119,88,0.0,natural_gas_fired_combustion_turbine
117,88,0.0,natural_gas_fired_combustion_turbine
134,88,0.0,natural_gas_fired_combustion_turbine
103,88,0.0,natural_gas_fired_combustion_turbine
47,88,0.0,natural_gas_fired_combustion_turbine
8,88,0.0,natural_gas_fired_combustion_turbine
90,88,0.0,natural_gas_fired_combustion_turbine
60,88,0.0,natural_gas_fired_combustion_turbine
46,88,0.0,natural_gas_fired_combustion_turbine
37,88,0.0,natural_gas_fired_combustion_turbine
7,88,0.0,natural_gas_fired_combustion_turbine
133,88,0.0,natural_gas_fired_combustion_turbine
74,88,0.0,natural_gas_fired_combustion_turbine
20,88,0.0,natural_gas_fired_combustion_turbine
135,88,0.0,natural_gas_fired_combustion_turbine
142,88,0.0,natural_gas_fired_combustion_turbine
121,88,0.0,natural_gas_fired_combustion_turbine
91,88,0.0,natural_gas_fired_combustion_turbine
22,88,0.0,natural_gas_steam_turbine
123,88,0.0,natural_gas_steam_turbine
62,88,0.0,natural_gas_steam_turbine
49,88,0.0,natural_gas_steam_turbine
48,88,0.0,natural_gas_steam_turbine
21,88,0.0,natural_gas_steam_turbine
79,88,7405.999,nuclear
10,88,10.49784,onshore_wind_turbine
23,88,2424.5496,onshore_wind_turbine
31,88,174.54926999999998,onshore_wind_turbine
38,88,298.4697,onshore_wind_turbine
50,88,1546.3508399999996,onshore_wind_turbine
63,88,0.0,onshore_wind_turbine
80,88,1.19484,onshore_wind_turbine
94,88,2752.0452,onshore_wind_turbine
105,88,164.216639286,onshore_wind_turbine
124,88,173.40909520440002,onshore_wind_turbine
136,88,885.42459,onshore_wind_turbine
144,88,4817.151269999999,onshore_wind_turbine
11,88,19.125,small_hydroelectric
24,88,62.577,small_hydroelectric
32,88,192.0,small_hydroelectric
39,88,52.9,small_hydroelectric
51,88,25.641,small_hydroelectric
64,88,6.128,small_hydroelectric
81,88,241.672,small_hydroelectric
95,88,418.922,small_hydroelectric
106,88,31.614,small_hydroelectric
125,88,100.697,small_hydroelectric
137,88,36.822,small_hydroelectric
145,88,33.21,small_hydroelectric
12,88,2208.88566,solar_photovoltaic
25,88,235.88621999999995,solar_photovoltaic
33,88,102.68745,solar_photovoltaic
52,88,820.82562,solar_photovoltaic
65,88,4000.8965406134994,solar_photovoltaic
82,88,3855.3954299999996,solar_photovoltaic
96,88,86.26890000000002,solar_photovoltaic
107,88,3809.3884791660003,solar_photovoltaic
126,88,8228.6423131935,solar_photovoltaic
138,88,639.31923,solar_photovoltaic
26,89,11.235,biomass
13,89,15.682,biomass
108,89,137.081,biomass
40,89,5.952,biomass
97,89,178.173,biomass
1,89,16.294,biomass
66,89,228.795,biomass
2,89,635.9293415999999,conventional_hydroelectric
14,89,19.99217,conventional_hydroelectric
27,89,346.14086760000004,conventional_hydroelectric
35,89,1082.2170128,conventional_hydroelectric
54,89,607.1141241,conventional_hydroelectric
67,89,1559.232710943453,conventional_hydroelectric
84,89,11510.7898836,conventional_hydroelectric
109,89,127.3718019912,conventional_hydroelectric
128,89,41.18334,conventional_hydroelectric
139,89,23.126572799999998,conventional_hydroelectric
110,89,50.0,conventional_steam_coal
41,89,7219.002,conventional_steam_coal
3,89,14050.987,conventional_steam_coal
36,89,2368.701,conventional_steam_coal
85,89,1340.0,conventional_steam_coal
28,89,74.364,geothermal
116,89,56.5,natural_gas_fired_combined_cycle
73,89,412.60800000000006,natural_gas_fired_combined_cycle
71,89,12579.848512678653,natural_gas_fired_combined_cycle
44,89,0.0,natural_gas_fired_combined_cycle
115,89,0.0,natural_gas_fired_combined_cycle
70,89,0.0,natural_gas_fired_combined_cycle
131,89,0.0,natural_gas_fired_combined_cycle
18,89,0.0,natural_gas_fired_combined_cycle
72,89,0.0,natural_gas_fired_combined_cycle
114,89,0.0,natural_gas_fired_combined_cycle
45,89,0.0,natural_gas_fired_combined_cycle
78,89,257.0,natural_gas_fired_combustion_turbine
75,89,0.0,natural_gas_fired_combustion_turbine
119,89,0.0,natural_gas_fired_combustion_turbine
117,89,0.0,natural_gas_fired_combustion_turbine
134,89,0.0,natural_gas_fired_combustion_turbine
103,89,0.0,natural_gas_fired_combustion_turbine
47,89,0.0,natural_gas_fired_combustion_turbine
8,89,0.0,natural_gas_fired_combustion_turbine
90,89,0.0,natural_gas_fired_combustion_turbine
60,89,0.0,natural_gas_fired_combustion_turbine
46,89,0.0,natural_gas_fired_combustion_turbine
37,89,0.0,natural_gas_fired_combustion_turbine
7,89,0.0,natural_gas_fired_combustion_turbine
133,89,0.0,natural_gas_fired_combustion_turbine
74,89,0.0,natural_gas_fired_combustion_turbine
20,89,0.0,natural_gas_fired_combustion_turbine
135,89,0.0,natural_gas_fired_combustion_turbine
142,89,0.0,natural_gas_fired_combustion_turbine
121,89,0.0,natural_gas_fired_combustion_turbine
91,89,0.0,natural_gas_fired_combustion_turbine
22,89,0.0,natural_gas_steam_turbine
123,89,0.0,natural_gas_steam_turbine
62,89,0.0,natural_gas_steam_turbine
49,89,0.0,natural_gas_steam_turbine
48,89,0.0,natural_gas_steam_turbine
21,89,0.0,natural_gas_steam_turbine
79,89,7405.999,nuclear
10,89,6.329580000000001,onshore_wind_turbine
23,89,2804.6832,onshore_wind_turbine
31,89,101.26911,onshore_wind_turbine
38,89,295.0614,onshore_wind_turbine
50,89,873.05238,onshore_wind_turbine
63,89,0.0,onshore_wind_turbine
80,89,0.0,onshore_wind_turbine
94,89,3228.0576,onshore_wind_turbine
105,89,43.345920681,onshore_wind_turbine
124,89,17.187206097600004,onshore_wind_turbine
136,89,572.0374800000001,onshore_wind_turbine
144,89,4251.736169999999,onshore_wind_turbine
11,89,19.125,small_hydroelectric
24,89,62.577,small_hydroelectric
32,89,192.0,small_hydroelectric
39,89,52.9,small_hydroelectric
51,89,25.641,small_hydroelectric
64,89,6.128,small_hydroelectric
81,89,241.672,small_hydroelectric
95,89,418.922,small_hydroelectric
106,89,31.614,small_hydroelectric
125,89,100.697,small_hydroelectric
137,89,36.822,small_hydroelectric
145,89,33.21,small_hydroelectric
12,89,660.42594,solar_photovoltaic
25,89,0.0,solar_photovoltaic
33,89,0.0,solar_photovoltaic
52,89,0.0,solar_photovoltaic
65,89,1390.8662698161,solar_photovoltaic
82,89,2128.78698,solar_photovoltaic
96,89,0.37782,solar_photovoltaic
107,89,1621.0652385090002,solar_photovoltaic
126,89,4217.336526783,solar_photovoltaic
138,89,5.4793199999999995,solar_photovoltaic
26,90,11.235,biomass
13,90,15.682,biomass
108,90,137.081,biomass
40,90,5.952,biomass
97,90,178.173,biomass
1,90,16.294,biomass
66,90,228.795,biomass
2,90,635.6530908,conventional_hydroelectric
14,90,20.227372,conventional_hydroelectric
27,90,346.423086,conventional_hydroelectric
35,90,1082.4667744,conventional_hydroelectric
54,90,606.6983637000001,conventional_hydroelectric
67,90,1560.2748870223709,conventional_hydroelectric
84,90,11522.4110748,conventional_hydroelectric
109,90,127.4325506532,conventional_hydroelectric
128,90,41.19852,conventional_hydroelectric
139,90,23.126572799999998,conventional_hydroelectric
110,90,50.0,conventional_steam_coal
41,90,7219.002,conventional_steam_coal
3,90,14050.987,conventional_steam_coal
36,90,2368.701,conventional_steam_coal
85,90,1340.0,conventional_steam_coal
28,90,74.364,geothermal
116,90,56.5,natural_gas_fired_combined_cycle
73,90,644.7,natural_gas_fired_combined_cycle
71,90,31138.68219507103,natural_gas_fired_combined_cycle
44,90,0.0,natural_gas_fired_combined_cycle
115,90,0.0,natural_gas_fired_combined_cycle
70,90,0.0,natural_gas_fired_combined_cycle
131,90,0.0,natural_gas_fired_combined_cycle
18,90,0.0,natural_gas_fired_combined_cycle
72,90,0.0,natural_gas_fired_combined_cycle
114,90,0.0,natural_gas_fired_combined_cycle
45,90,0.0,natural_gas_fired_combined_cycle
78,90,257.0,natural_gas_fired_combustion_turbine
75,90,0.0,natural_gas_fired_combustion_turbine
119,90,0.0,natural_gas_fired_combustion_turbine
117,90,0.0,natural_gas_fired_combustion_turbine
134,90,0.0,natural_gas_fired_combustion_turbine
103,90,0.0,natural_gas_fired_combustion_turbine
47,90,0.0,natural_gas_fired_combustion_turbine
8,90,0.0,natural_gas_fired_combustion_turbine
90,90,0.0,natural_gas_fired_combustion_turbine
60,90,0.0,natural_gas_fired_combustion_turbine
46,90,0.0,natural_gas_fired_combustion_turbine
37,90,0.0,natural_gas_fired_combustion_turbine
7,90,0.0,natural_gas_fired_combustion_turbine
133,90,0.0,natural_gas_fired_combustion_turbine
74,90,0.0,natural_gas_fired_combustion_turbine
20,90,0.0,natural_gas_fired_combustion_turbine
135,90,0.0,natural_gas_fired_combustion_turbine
142,90,0.0,natural_gas_fired_combustion_turbine
121,90,0.0,natural_gas_fired_combustion_turbine
91,90,0.0,natural_gas_fired_combustion_turbine
22,90,0.0,natural_gas_steam_turbine
123,90,0.0,natural_gas_steam_turbine
62,90,0.0,natural_gas_steam_turbine
49,90,0.0,natural_gas_steam_turbine
48,90,0.0,natural_gas_steam_turbine
21,90,0.0,natural_gas_steam_turbine
79,90,7405.999,nuclear
10,90,0.0,onshore_wind_turbine
23,90,1783.2738,onshore_wind_turbine
31,90,4.07112,onshore_wind_turbine
38,90,176.2578,onshore_wind_turbine
50,90,719.4625199999999,onshore_wind_turbine
63,90,0.0,onshore_wind_turbine
80,90,0.39827999999999997,onshore_wind_turbine
94,90,1535.2188,onshore_wind_turbine
105,90,16.907520293999998,onshore_wind_turbine
124,90,6.6515724594000005,onshore_wind_turbine
136,90,448.30161000000004,onshore_wind_turbine
144,90,3393.4175099999993,onshore_wind_turbine
11,90,19.125,small_hydroelectric
24,90,62.577,small_hydroelectric
32,90,192.0,small_hydroelectric
39,90,52.9,small_hydroelectric
51,90,25.641,small_hydroelectric
64,90,6.128,small_hydroelectric
81,90,241.672,small_hydroelectric
95,90,418.922,small_hydroelectric
106,90,31.614,small_hydroelectric
125,90,100.697,small_hydroelectric
137,90,36.822,small_hydroelectric
145,90,33.21,small_hydroelectric
12,90,0.0,solar_photovoltaic
25,90,0.0,solar_photovoltaic
33,90,0.0,solar_photovoltaic
52,90,0.0,solar_photovoltaic
65,90,0.0,solar_photovoltaic
82,90,0.0,solar_photovoltaic
96,90,0.0,solar_photovoltaic
107,90,0.0,solar_photovoltaic
126,90,0.0,solar_photovoltaic
138,90,0.0,solar_photovoltaic
26,91,11.235,biomass
13,91,15.682,biomass
108,91,137.081,biomass
40,91,5.952,biomass
97,91,178.173,biomass
1,91,16.294,biomass
66,91,228.795,biomass
2,91,635.6530908,conventional_hydroelectric
14,91,20.4155336,conventional_hydroelectric
27,91,346.8464136,conventional_hydroelectric
35,91,1082.9662976,conventional_hydroelectric
54,91,606.2826033000001,conventional_hydroelectric
67,91,1561.3695305137799,conventional_hydroelectric
84,91,11531.126968199998,conventional_hydroelectric
109,91,127.493297919,conventional_hydroelectric
128,91,41.19852,conventional_hydroelectric
139,91,23.1498624,conventional_hydroelectric
110,91,50.0,conventional_steam_coal
41,91,7219.002,conventional_steam_coal
3,91,14050.987,conventional_steam_coal
36,91,2368.701,conventional_steam_coal
85,91,1340.0,conventional_steam_coal
28,91,74.364,geothermal
116,91,56.5,natural_gas_fired_combined_cycle
73,91,644.7,natural_gas_fired_combined_cycle
71,91,30929.320005330024,natural_gas_fired_combined_cycle
44,91,0.0,natural_gas_fired_combined_cycle
115,91,0.0,natural_gas_fired_combined_cycle
70,91,0.0,natural_gas_fired_combined_cycle
131,91,0.0,natural_gas_fired_combined_cycle
18,91,0.0,natural_gas_fired_combined_cycle
72,91,0.0,natural_gas_fired_combined_cycle
114,91,0.0,natural_gas_fired_combined_cycle
45,91,0.0,natural_gas_fired_combined_cycle
78,91,257.0,natural_gas_fired_combustion_turbine
75,91,0.0,natural_gas_fired_combustion_turbine
119,91,0.0,natural_gas_fired_combustion_turbine
117,91,0.0,natural_gas_fired_combustion_turbine
134,91,0.0,natural_gas_fired_combustion_turbine
103,91,0.0,natural_gas_fired_combustion_turbine
47,91,0.0,natural_gas_fired_combustion_turbine
8,91,0.0,natural_gas_fired_combustion_turbine
90,91,0.0,natural_gas_fired_combustion_turbine
60,91,0.0,natural_gas_fired_combustion_turbine
46,91,0.0,natural_gas_fired_combustion_turbine
37,91,0.0,natural_gas_fired_combustion_turbine
7,91,0.0,natural_gas_fired_combustion_turbine
133,91,0.0,natural_gas_fired_combustion_turbine
74,91,0.0,natural_gas_fired_combustion_turbine
20,91,0.0,natural_gas_fired_combustion_turbine
135,91,0.0,natural_gas_fired_combustion_turbine
142,91,0.0,natural_gas_fired_combustion_turbine
121,91,0.0,natural_gas_fired_combustion_turbine
91,91,0.0,natural_gas_fired_combustion_turbine
22,91,0.0,natural_gas_steam_turbine
123,91,0.0,natural_gas_steam_turbine
62,91,0.0,natural_gas_steam_turbine
49,91,0.0,natural_gas_steam_turbine
48,91,0.0,natural_gas_steam_turbine
21,91,0.0,natural_gas_steam_turbine
79,91,7405.999,nuclear
10,91,6.0208200000000005,onshore_wind_turbine
23,91,745.8924,onshore_wind_turbine
31,91,64.12013999999999,onshore_wind_turbine
38,91,72.79155,onshore_wind_turbine
50,91,570.5181,onshore_wind_turbine
63,91,0.0,onshore_wind_turbine
80,91,0.0,onshore_wind_turbine
94,91,1125.4068,onshore_wind_turbine
105,91,83.166719958,onshore_wind_turbine
124,91,503.3291967792,onshore_wind_turbine
136,91,573.19389,onshore_wind_turbine
144,91,3745.6433099999995,onshore_wind_turbine
11,91,19.125,small_hydroelectric
24,91,62.577,small_hydroelectric
32,91,192.0,small_hydroelectric
39,91,52.9,small_hydroelectric
51,91,25.641,small_hydroelectric
64,91,6.128,small_hydroelectric
81,91,241.672,small_hydroelectric
95,91,418.922,small_hydroelectric
106,91,31.614,small_hydroelectric
125,91,100.697,small_hydroelectric
137,91,36.822,small_hydroelectric
145,91,33.21,small_hydroelectric
12,91,0.0,solar_photovoltaic
25,91,0.0,solar_photovoltaic
33,91,0.0,solar_photovoltaic
52,91,0.0,solar_photovoltaic
65,91,0.0,solar_photovoltaic
82,91,0.0,solar_photovoltaic
96,91,0.0,solar_photovoltaic
107,91,0.0,solar_photovoltaic
126,91,0.0,solar_photovoltaic
138,91,0.0,solar_photovoltaic
26,92,11.235,biomass
13,92,15.682,biomass
108,92,137.081,biomass
40,92,5.952,biomass
97,92,178.173,biomass
1,92,16.294,biomass
66,92,228.795,biomass
2,92,635.6530908,conventional_hydroelectric
14,92,20.6036952,conventional_hydroelectric
27,92,347.12863200000004,conventional_hydroelectric
35,92,1083.2160592,conventional_hydroelectric
54,92,605.970783,conventional_hydroelectric
67,92,1562.411713866705,conventional_hydroelectric
84,92,11542.7481594,conventional_hydroelectric
109,92,127.493297919,conventional_hydroelectric
128,92,41.2137,conventional_hydroelectric
139,92,23.1498624,conventional_hydroelectric
110,92,50.0,conventional_steam_coal
41,92,7219.002,conventional_steam_coal
3,92,14050.987,conventional_steam_coal
36,92,2368.701,conventional_steam_coal
85,92,1340.0,conventional_steam_coal
28,92,74.364,geothermal
116,92,56.5,natural_gas_fired_combined_cycle
73,92,644.7,natural_gas_fired_combined_cycle
71,92,12473.615845894497,natural_gas_fired_combined_cycle
44,92,0.0,natural_gas_fired_combined_cycle
115,92,0.0,natural_gas_fired_combined_cycle
70,92,0.0,natural_gas_fired_combined_cycle
131,92,0.0,natural_gas_fired_combined_cycle
18,92,0.0,natural_gas_fired_combined_cycle
72,92,0.0,natural_gas_fired_combined_cycle
114,92,0.0,natural_gas_fired_combined_cycle
45,92,0.0,natural_gas_fired_combined_cycle
78,92,257.0,natural_gas_fired_combustion_turbine
75,92,0.0,natural_gas_fired_combustion_turbine
119,92,0.0,natural_gas_fired_combustion_turbine
117,92,0.0,natural_gas_fired_combustion_turbine
134,92,0.0,natural_gas_fired_combustion_turbine
103,92,0.0,natural_gas_fired_combustion_turbine
47,92,0.0,natural_gas_fired_combustion_turbine
8,92,0.0,natural_gas_fired_combustion_turbine
90,92,0.0,natural_gas_fired_combustion_turbine
60,92,0.0,natural_gas_fired_combustion_turbine
46,92,0.0,natural_gas_fired_combustion_turbine
37,92,0.0,natural_gas_fired_combustion_turbine
7,92,0.0,natural_gas_fired_combustion_turbine
133,92,0.0,natural_gas_fired_combustion_turbine
74,92,0.0,natural_gas_fired_combustion_turbine
20,92,0.0,natural_gas_fired_combustion_turbine
135,92,0.0,natural_gas_fired_combustion_turbine
142,92,0.0,natural_gas_fired_combustion_turbine
121,92,0.0,natural_gas_fired_combustion_turbine
91,92,0.0,natural_gas_fired_combustion_turbine
22,92,0.0,natural_gas_steam_turbine
123,92,0.0,natural_gas_steam_turbine
62,92,0.0,natural_gas_steam_turbine
49,92,0.0,natural_gas_steam_turbine
48,92,0.0,natural_gas_steam_turbine
21,92,0.0,natural_gas_steam_turbine
79,92,7405.999,nuclear
10,92,16.673040000000004,onshore_wind_turbine
23,92,388.1196,onshore_wind_turbine
31,92,94.14464999999998,onshore_wind_turbine
38,92,53.0721,onshore_wind_turbine
50,92,602.7458399999999,onshore_wind_turbine
63,92,2.7323998392,onshore_wind_turbine
80,92,25.888199999999998,onshore_wind_turbine
94,92,1346.0748,onshore_wind_turbine
105,92,153.484380252,onshore_wind_turbine
124,92,1270.2123302286,onshore_wind_turbine
136,92,592.85286,onshore_wind_turbine
144,92,3677.978879999999,onshore_wind_turbine
11,92,19.125,small_hydroelectric
24,92,62.577,small_hydroelectric
32,92,192.0,small_hydroelectric
39,92,52.9,small_hydroelectric
51,92,25.641,small_hydroelectric
64,92,6.128,small_hydroelectric
81,92,241.672,small_hydroelectric
95,92,418.922,small_hydroelectric
106,92,31.614,small_hydroelectric
125,92,100.697,small_hydroelectric
137,92,36.822,small_hydroelectric
145,92,33.21,small_hydroelectric
12,92,0.0,solar_photovoltaic
25,92,0.0,solar_photovoltaic
33,92,0.0,solar_photovoltaic
52,92,0.0,solar_photovoltaic
65,92,0.0,solar_photovoltaic
82,92,0.0,solar_photovoltaic
96,92,0.0,solar_photovoltaic
107,92,0.0,solar_photovoltaic
126,92,0.0,solar_photovoltaic
138,92,0.0,solar_photovoltaic
26,93,11.235,biomass
13,93,15.682,biomass
108,93,137.081,biomass
40,93,5.952,biomass
97,93,178.173,biomass
1,93,16.294,biomass
66,93,228.795,biomass
2,93,635.6530908,conventional_hydroelectric
14,93,20.7918568,conventional_hydroelectric
27,93,347.55195960000003,conventional_hydroelectric
35,93,1083.7155824,conventional_hydroelectric
54,93,605.5550226,conventional_hydroelectric
67,93,1563.506357358114,conventional_hydroelectric
84,93,11554.3693506,conventional_hydroelectric
109,93,127.63291791900001,conventional_hydroelectric
128,93,41.2137,conventional_hydroelectric
139,93,23.173151999999998,conventional_hydroelectric
110,93,50.0,conventional_steam_coal
41,93,7219.002,conventional_steam_coal
3,93,14050.987,conventional_steam_coal
36,93,2368.701,conventional_steam_coal
85,93,1340.0,conventional_steam_coal
28,93,74.364,geothermal
116,93,56.5,natural_gas_fired_combined_cycle
73,93,644.7,natural_gas_fired_combined_cycle
71,93,7263.278756434493,natural_gas_fired_combined_cycle
44,93,0.0,natural_gas_fired_combined_cycle
115,93,0.0,natural_gas_fired_combined_cycle
70,93,0.0,natural_gas_fired_combined_cycle
131,93,0.0,natural_gas_fired_combined_cycle
18,93,0.0,natural_gas_fired_combined_cycle
72,93,0.0,natural_gas_fired_combined_cycle
114,93,0.0,natural_gas_fired_combined_cycle
45,93,0.0,natural_gas_fired_combined_cycle
78,93,257.0,natural_gas_fired_combustion_turbine
75,93,0.0,natural_gas_fired_combustion_turbine
119,93,0.0,natural_gas_fired_combustion_turbine
117,93,0.0,natural_gas_fired_combustion_turbine
134,93,0.0,natural_gas_fired_combustion_turbine
103,93,0.0,natural_gas_fired_combustion_turbine
47,93,0.0,natural_gas_fired_combustion_turbine
8,93,0.0,natural_gas_fired_combustion_turbine
90,93,0.0,natural_gas_fired_combustion_turbine
60,93,0.0,natural_gas_fired_combustion_turbine
46,93,0.0,natural_gas_fired_combustion_turbine
37,93,0.0,natural_gas_fired_combustion_turbine
7,93,0.0,natural_gas_fired_combustion_turbine
133,93,0.0,natural_gas_fired_combustion_turbine
74,93,0.0,natural_gas_fired_combustion_turbine
20,93,0.0,natural_gas_fired_combustion_turbine
135,93,0.0,natural_gas_fired_combustion_turbine
142,93,0.0,natural_gas_fired_combustion_turbine
121,93,0.0,natural_gas_fired_combustion_turbine
91,93,0.0,natural_gas_fired_combustion_turbine
22,93,0.0,natural_gas_steam_turbine
123,93,0.0,natural_gas_steam_turbine
62,93,0.0,natural_gas_steam_turbine
49,93,0.0,natural_gas_steam_turbine
48,93,0.0,natural_gas_steam_turbine
21,93,0.0,natural_gas_steam_turbine
79,93,7405.999,nuclear
10,93,25.858650000000004,onshore_wind_turbine
23,93,532.6662,onshore_wind_turbine
31,93,47.83566,onshore_wind_turbine
38,93,35.78715,onshore_wind_turbine
50,93,709.5909599999999,onshore_wind_turbine
63,93,1.0018798632,onshore_wind_turbine
80,93,40.226279999999996,onshore_wind_turbine
94,93,498.07920000000007,onshore_wind_turbine
105,93,197.051880564,onshore_wind_turbine
124,93,1737.6934230612,onshore_wind_turbine
136,93,610.96995,onshore_wind_turbine
144,93,2708.4310199999995,onshore_wind_turbine
11,93,19.125,small_hydroelectric
24,93,62.577,small_hydroelectric
32,93,192.0,small_hydroelectric
39,93,52.9,small_hydroelectric
51,93,25.641,small_hydroelectric
64,93,6.128,small_hydroelectric
81,93,241.672,small_hydroelectric
95,93,418.922,small_hydroelectric
106,93,31.614,small_hydroelectric
125,93,100.697,small_hydroelectric
137,93,36.822,small_hydroelectric
145,93,33.21,small_hydroelectric
12,93,0.0,solar_photovoltaic
25,93,0.0,solar_photovoltaic
33,93,0.0,solar_photovoltaic
52,93,0.0,solar_photovoltaic
65,93,0.0,solar_photovoltaic
82,93,0.0,solar_photovoltaic
96,93,0.0,solar_photovoltaic
107,93,0.0,solar_photovoltaic
126,93,0.0,solar_photovoltaic
138,93,0.0,solar_photovoltaic
26,94,11.235,biomass
13,94,15.682,biomass
108,94,137.081,biomass
40,94,5.952,biomass
97,94,178.173,biomass
1,94,16.294,biomass
66,94,228.795,biomass
2,94,635.37684,conventional_hydroelectric
14,94,21.0270588,conventional_hydroelectric
27,94,347.834178,conventional_hydroelectric
35,94,1083.965344,conventional_hydroelectric
54,94,605.1392622000001,conventional_hydroelectric
67,94,1564.548533437032,conventional_hydroelectric
84,94,11563.085244,conventional_hydroelectric
109,94,127.693666581,conventional_hydroelectric
128,94,41.228880000000004,conventional_hydroelectric
139,94,23.173151999999998,conventional_hydroelectric
110,94,50.0,conventional_steam_coal
41,94,7219.002,conventional_steam_coal
3,94,14050.987,conventional_steam_coal
36,94,2368.701,conventional_steam_coal
85,94,1340.0,conventional_steam_coal
28,94,74.364,geothermal
116,94,56.5,natural_gas_fired_combined_cycle
73,94,644.7,natural_gas_fired_combined_cycle
71,94,3285.8570870821654,natural_gas_fired_combined_cycle
44,94,0.0,natural_gas_fired_combined_cycle
115,94,0.0,natural_gas_fired_combined_cycle
70,94,0.0,natural_gas_fired_combined_cycle
131,94,0.0,natural_gas_fired_combined_cycle
18,94,0.0,natural_gas_fired_combined_cycle
72,94,0.0,natural_gas_fired_combined_cycle
114,94,0.0,natural_gas_fired_combined_cycle
45,94,0.0,natural_gas_fired_combined_cycle
78,94,257.0,natural_gas_fired_combustion_turbine
75,94,0.0,natural_gas_fired_combustion_turbine
119,94,0.0,natural_gas_fired_combustion_turbine
117,94,0.0,natural_gas_fired_combustion_turbine
134,94,0.0,natural_gas_fired_combustion_turbine
103,94,0.0,natural_gas_fired_combustion_turbine
47,94,0.0,natural_gas_fired_combustion_turbine
8,94,0.0,natural_gas_fired_combustion_turbine
90,94,0.0,natural_gas_fired_combustion_turbine
60,94,0.0,natural_gas_fired_combustion_turbine
46,94,0.0,natural_gas_fired_combustion_turbine
37,94,0.0,natural_gas_fired_combustion_turbine
7,94,0.0,natural_gas_fired_combustion_turbine
133,94,0.0,natural_gas_fired_combustion_turbine
74,94,0.0,natural_gas_fired_combustion_turbine
20,94,0.0,natural_gas_fired_combustion_turbine
135,94,0.0,natural_gas_fired_combustion_turbine
142,94,0.0,natural_gas_fired_combustion_turbine
121,94,0.0,natural_gas_fired_combustion_turbine
91,94,0.0,natural_gas_fired_combustion_turbine
22,94,0.0,natural_gas_steam_turbine
123,94,0.0,natural_gas_steam_turbine
62,94,0.0,natural_gas_steam_turbine
49,94,0.0,natural_gas_steam_turbine
48,94,0.0,natural_gas_steam_turbine
21,94,0.0,natural_gas_steam_turbine
79,94,7405.999,nuclear
10,94,34.04079,onshore_wind_turbine
23,94,447.216,onshore_wind_turbine
31,94,22.39116,onshore_wind_turbine
38,94,42.603750000000005,onshore_wind_turbine
50,94,973.5100199999998,onshore_wind_turbine
63,94,0.0,onshore_wind_turbine
80,94,45.8022,onshore_wind_turbine
94,94,441.336,onshore_wind_turbine
105,94,195.12617985,onshore_wind_turbine
124,94,2894.5424940498006,onshore_wind_turbine
136,94,593.2383300000001,onshore_wind_turbine
144,94,2204.1919799999996,onshore_wind_turbine
11,94,19.125,small_hydroelectric
24,94,62.577,small_hydroelectric
32,94,192.0,small_hydroelectric
39,94,52.9,small_hydroelectric
51,94,25.641,small_hydroelectric
64,94,6.128,small_hydroelectric
81,94,241.672,small_hydroelectric
95,94,418.922,small_hydroelectric
106,94,31.614,small_hydroelectric
125,94,100.697,small_hydroelectric
137,94,36.822,small_hydroelectric
145,94,33.21,small_hydroelectric
12,94,0.0,solar_photovoltaic
25,94,0.0,solar_photovoltaic
33,94,0.0,solar_photovoltaic
52,94,0.0,solar_photovoltaic
65,94,0.0,solar_photovoltaic
82,94,0.0,solar_photovoltaic
96,94,0.0,solar_photovoltaic
107,94,0.0,solar_photovoltaic
126,94,0.0,solar_photovoltaic
138,94,0.0,solar_photovoltaic
26,95,11.235,biomass
13,95,15.682,biomass
108,95,137.081,biomass
40,95,5.952,biomass
97,95,178.173,biomass
1,95,16.294,biomass
66,95,228.795,biomass
2,95,635.37684,conventional_hydroelectric
14,95,21.2152204,conventional_hydroelectric
27,95,348.11639640000004,conventional_hydroelectric
35,95,1084.4648671999998,conventional_hydroelectric
54,95,604.7235018,conventional_hydroelectric
67,95,1565.6431769284409,conventional_hydroelectric
84,95,11574.7064352,conventional_hydroelectric
109,95,127.7544138468,conventional_hydroelectric
128,95,41.244060000000005,conventional_hydroelectric
139,95,23.196441599999996,conventional_hydroelectric
110,95,50.0,conventional_steam_coal
41,95,7219.002,conventional_steam_coal
3,95,14050.987,conventional_steam_coal
36,95,2368.701,conventional_steam_coal
85,95,1340.0,conventional_steam_coal
28,95,74.364,geothermal
116,95,56.5,natural_gas_fired_combined_cycle
73,95,644.7,natural_gas_fired_combined_cycle
71,95,331.5564482513814,natural_gas_fired_combined_cycle
44,95,0.0,natural_gas_fired_combined_cycle
115,95,0.0,natural_gas_fired_combined_cycle
70,95,0.0,natural_gas_fired_combined_cycle
131,95,0.0,natural_gas_fired_combined_cycle
18,95,0.0,natural_gas_fired_combined_cycle
72,95,0.0,natural_gas_fired_combined_cycle
114,95,0.0,natural_gas_fired_combined_cycle
45,95,0.0,natural_gas_fired_combined_cycle
78,95,257.0,natural_gas_fired_combustion_turbine
75,95,0.0,natural_gas_fired_combustion_turbine
119,95,0.0,natural_gas_fired_combustion_turbine
117,95,0.0,natural_gas_fired_combustion_turbine
134,95,0.0,natural_gas_fired_combustion_turbine
103,95,0.0,natural_gas_fired_combustion_turbine
47,95,0.0,natural_gas_fired_combustion_turbine
8,95,0.0,natural_gas_fired_combustion_turbine
90,95,0.0,natural_gas_fired_combustion_turbine
60,95,0.0,natural_gas_fired_combustion_turbine
46,95,0.0,natural_gas_fired_combustion_turbine
37,95,0.0,natural_gas_fired_combustion_turbine
7,95,0.0,natural_gas_fired_combustion_turbine
133,95,0.0,natural_gas_fired_combustion_turbine
74,95,0.0,natural_gas_fired_combustion_turbine
20,95,0.0,natural_gas_fired_combustion_turbine
135,95,0.0,natural_gas_fired_combustion_turbine
142,95,0.0,natural_gas_fired_combustion_turbine
121,95,0.0,natural_gas_fired_combustion_turbine
91,95,0.0,natural_gas_fired_combustion_turbine
22,95,0.0,natural_gas_steam_turbine
123,95,0.0,natural_gas_steam_turbine
62,95,0.0,natural_gas_steam_turbine
49,95,0.0,natural_gas_steam_turbine
48,95,0.0,natural_gas_steam_turbine
21,95,0.0,natural_gas_steam_turbine
79,95,7405.999,nuclear
10,95,32.96013000000001,onshore_wind_turbine
23,95,445.6188,onshore_wind_turbine
31,95,27.988949999999996,onshore_wind_turbine
38,95,43.577549999999995,onshore_wind_turbine
50,95,690.71886,onshore_wind_turbine
63,95,5.1004801224000005,onshore_wind_turbine
80,95,41.022839999999995,onshore_wind_turbine
94,95,630.48,onshore_wind_turbine
105,95,181.45925966700003,onshore_wind_turbine
124,95,1959.448558584,onshore_wind_turbine
136,95,684.98019,onshore_wind_turbine
144,95,1445.9795999999997,onshore_wind_turbine
11,95,19.125,small_hydroelectric
24,95,62.577,small_hydroelectric
32,95,192.0,small_hydroelectric
39,95,52.9,small_hydroelectric
51,95,25.641,small_hydroelectric
64,95,6.128,small_hydroelectric
81,95,241.672,small_hydroelectric
95,95,418.922,small_hydroelectric
106,95,31.614,small_hydroelectric
125,95,100.697,small_hydroelectric
137,95,36.822,small_hydroelectric
145,95,33.21,small_hydroelectric
12,95,0.0,solar_photovoltaic
25,95,0.0,solar_photovoltaic
33,95,0.0,solar_photovoltaic
52,95,0.0,solar_photovoltaic
65,95,0.0,solar_photovoltaic
82,95,0.0,solar_photovoltaic
96,95,0.0,solar_photovoltaic
107,95,0.0,solar_photovoltaic
126,95,0.0,solar_photovoltaic
138,95,0.0,solar_photovoltaic
26,96,11.235,biomass
13,96,15.682,biomass
108,96,137.081,biomass
40,96,5.952,biomass
97,96,178.173,biomass
1,96,16.294,biomass
66,96,228.795,biomass
2,96,635.37684,conventional_hydroelectric
14,96,21.403382,conventional_hydroelectric
27,96,348.53972400000004,conventional_hydroelectric
35,96,1084.7146288000001,conventional_hydroelectric
54,96,604.3077414,conventional_hydroelectric
67,96,1566.685360281366,conventional_hydroelectric
84,96,11586.3276264,conventional_hydroelectric
109,96,127.81516250880001,conventional_hydroelectric
128,96,41.244060000000005,conventional_hydroelectric
139,96,23.2197312,conventional_hydroelectric
110,96,50.0,conventional_steam_coal
41,96,7219.002,conventional_steam_coal
3,96,14050.987,conventional_steam_coal
36,96,2368.701,conventional_steam_coal
85,96,1340.0,conventional_steam_coal
28,96,74.364,geothermal
116,96,56.5,natural_gas_fired_combined_cycle
73,96,644.7,natural_gas_fired_combined_cycle
71,96,16105.405503514221,natural_gas_fired_combined_cycle
44,96,0.0,natural_gas_fired_combined_cycle
115,96,0.0,natural_gas_fired_combined_cycle
70,96,0.0,natural_gas_fired_combined_cycle
131,96,0.0,natural_gas_fired_combined_cycle
18,96,0.0,natural_gas_fired_combined_cycle
72,96,0.0,natural_gas_fired_combined_cycle
114,96,0.0,natural_gas_fired_combined_cycle
45,96,0.0,natural_gas_fired_combined_cycle
78,96,257.0,natural_gas_fired_combustion_turbine
75,96,0.0,natural_gas_fired_combustion_turbine
119,96,0.0,natural_gas_fired_combustion_turbine
117,96,0.0,natural_gas_fired_combustion_turbine
134,96,0.0,natural_gas_fired_combustion_turbine
103,96,0.0,natural_gas_fired_combustion_turbine
47,96,0.0,natural_gas_fired_combustion_turbine
8,96,0.0,natural_gas_fired_combustion_turbine
90,96,0.0,natural_gas_fired_combustion_turbine
60,96,0.0,natural_gas_fired_combustion_turbine
46,96,0.0,natural_gas_fired_combustion_turbine
37,96,0.0,natural_gas_fired_combustion_turbine
7,96,0.0,natural_gas_fired_combustion_turbine
133,96,0.0,natural_gas_fired_combustion_turbine
74,96,0.0,natural_gas_fired_combustion_turbine
20,96,0.0,natural_gas_fired_combustion_turbine
135,96,0.0,natural_gas_fired_combustion_turbine
142,96,0.0,natural_gas_fired_combustion_turbine
121,96,0.0,natural_gas_fired_combustion_turbine
91,96,0.0,natural_gas_fired_combustion_turbine
22,96,0.0,natural_gas_steam_turbine
123,96,0.0,natural_gas_steam_turbine
62,96,0.0,natural_gas_steam_turbine
49,96,0.0,natural_gas_steam_turbine
48,96,0.0,natural_gas_steam_turbine
21,96,0.0,natural_gas_steam_turbine
79,96,7405.999,nuclear
10,96,33.9636,onshore_wind_turbine
23,96,608.5332000000001,onshore_wind_turbine
31,96,24.935609999999997,onshore_wind_turbine
38,96,45.7686,onshore_wind_turbine
50,96,436.67135999999994,onshore_wind_turbine
63,96,5.207879973600001,onshore_wind_turbine
80,96,31.065839999999998,onshore_wind_turbine
94,96,543.7890000000001,onshore_wind_turbine
105,96,151.68473964,onshore_wind_turbine
124,96,1935.1501802820003,onshore_wind_turbine
136,96,900.4579200000001,onshore_wind_turbine
144,96,1289.33181,onshore_wind_turbine
11,96,19.125,small_hydroelectric
24,96,62.577,small_hydroelectric
32,96,192.0,small_hydroelectric
39,96,52.9,small_hydroelectric
51,96,25.641,small_hydroelectric
64,96,6.128,small_hydroelectric
81,96,241.672,small_hydroelectric
95,96,418.922,small_hydroelectric
106,96,31.614,small_hydroelectric
125,96,100.697,small_hydroelectric
137,96,36.822,small_hydroelectric
145,96,33.21,small_hydroelectric
12,96,0.0,solar_photovoltaic
25,96,0.0,solar_photovoltaic
33,96,0.0,solar_photovoltaic
52,96,0.0,solar_photovoltaic
65,96,0.0,solar_photovoltaic
82,96,0.0,solar_photovoltaic
96,96,0.0,solar_photovoltaic
107,96,0.0,solar_photovoltaic
126,96,0.0,solar_photovoltaic
138,96,0.0,solar_photovoltaic
